country,district_id,district_name,time,year,label,elev_std,rainfall_std,ntl_std,temp_std,travel_std,pop_dens_std,poverty_std
GHA,1,Asunafo North,1,2014,DHS 2014,0.6389953942996531,-0.10087098921373935,-0.6004585634415182,-0.6625680867149131,0.2639549572582641,-0.45926404136453486,-0.10297798518856105
GHA,1,Asunafo North,2,2022,DHS 2022,0.6389953942996531,0.4268231842389682,-0.4889394037720091,-0.13759036720884202,0.2639549572582641,-0.45926404136453486,-0.10297798518856105
GHA,2,Asunafo South,1,2014,DHS 2014,0.4112162952533416,-0.029308118816425765,-0.6140561175276554,-0.6937839837146008,-0.04261126545500915,-0.507020685381197,-0.11040702962502774
GHA,2,Asunafo South,2,2022,DHS 2022,0.4112162952533416,0.6540521446699288,-0.5512663290404407,-0.2560235052297073,-0.04261126545500915,-0.507020685381197,-0.11040702962502774
GHA,3,Asutifi North,1,2014,DHS 2014,0.9087385494680009,-0.1192816093497295,-0.4134185039874036,-1.3048503599641492,-0.03699584969373669,-0.653334444466144,-0.32584931828256186
GHA,3,Asutifi North,2,2022,DHS 2022,0.9087385494680009,0.4326968711437267,-0.2726991819729018,-0.6353208377247209,-0.03699584969373669,-0.653334444466144,-0.32584931828256186
GHA,4,Asutifi South,1,2014,DHS 2014,0.32018312160749207,-0.09869831593600152,-0.5775439041205405,-0.8578689758696936,-0.38066551511585095,-0.42742327146819276,-0.07326180744269427
GHA,4,Asutifi South,2,2022,DHS 2022,0.32018312160749207,0.45051089013575973,-0.3486806042751714,-0.5108231094643454,-0.38066551511585095,-0.42742327146819276,-0.07326180744269427
GHA,5,Tano North,1,2014,DHS 2014,1.0668011181517982,-0.05977752341785472,-0.5815433642268588,-1.5641146932094696,-0.6541550101126024,-0.4313355533511506,-0.44471402926602854
GHA,5,Tano North,2,2022,DHS 2022,1.0668011181517982,0.2979598299066798,-0.4036858205848866,-0.8166260416335149,-0.6541550101126024,-0.4313355533511506,-0.44471402926602854
GHA,6,Tano South,1,2014,DHS 2014,1.3460783753595085,-0.016401702796875247,-0.5685465878734226,-1.4068136087456082,-0.4796053042957213,-0.14128552074166287,-0.2887040961002284
GHA,6,Tano South,2,2022,DHS 2022,1.3460783753595085,0.27867932800368816,-0.3396372510938414,-1.1638517374017934,-0.4796053042957213,-0.14128552074166287,-0.2887040961002284
GHA,7,Adansi Akrofuom,1,2014,DHS 2014,-0.11657988211298642,-0.005940686730898089,-0.5981677548930847,-0.5897123906780973,-0.3156238476720658,-0.5917537432676933,0.6993588139498411
GHA,7,Adansi Akrofuom,2,2022,DHS 2022,-0.11657988211298642,0.4813888308037331,-0.4901604844765056,-0.33258740675039544,-0.3156238476720658,-0.5917537432676933,0.6993588139498411
GHA,8,Adansi Asokwa,1,2014,DHS 2014,0.2345688015497956,-0.06584564579292788,-0.6088522260568698,-0.57176666046016,-0.5174849709878961,-0.3856204038449359,0.35762276987237357
GHA,8,Adansi Asokwa,2,2022,DHS 2022,0.2345688015497956,0.6623783405174412,-0.42914179524138785,-0.7132737660487325,-0.5174849709878961,-0.3856204038449359,0.35762276987237357
GHA,9,Adansi North,1,2014,DHS 2014,0.9614417439411647,-0.12627122290676424,-0.46894202381483197,-0.5502305439961324,-1.0426942859061354,-0.03690052063538469,-0.585865873558896
GHA,9,Adansi North,2,2022,DHS 2022,0.9614417439411647,0.6238051498728626,0.01376353462671841,-0.38065145475289436,-1.0426942859061354,-0.03690052063538469,-0.585865873558896
GHA,10,Adansi South,1,2014,DHS 2014,-0.4633102343991124,0.031991771642083056,-0.6016587300577106,-0.629659313298675,-0.29982229680783196,-0.4313697765093094,0.5507779252205072
GHA,10,Adansi South,2,2022,DHS 2022,-0.4633102343991124,0.6714302072085782,-0.4074336133572982,-0.6397607626853439,-0.29982229680783196,-0.4313697765093094,0.5507779252205072
GHA,11,Afigya-Kwabre North,1,2014,DHS 2014,1.3224925415399467,-0.0033708333043977485,-0.5771313168881932,-1.146854762098626,-0.3072815630021635,0.35854901293883984,-0.177268429553228
GHA,11,Afigya-Kwabre North,2,2022,DHS 2022,1.3224925415399467,0.3601784418111058,-0.29063972603990823,-1.2289995748826672,-0.3072815630021635,0.35854901293883984,-0.177268429553228
GHA,12,Afigya-Kwabre South,1,2014,DHS 2014,1.0935200788059045,0.007878449639806816,0.2521346867176148,-0.9712358866659372,-0.5262891471445991,0.9797259072371836,-1.083611850802164
GHA,12,Afigya-Kwabre South,2,2022,DHS 2022,1.0935200788059045,0.6025125270581717,1.0875424041239516,-0.6542525289325172,-0.5262891471445991,0.9797259072371836,-1.083611850802164
GHA,13,Ahafo-Ano North,1,2014,DHS 2014,0.6073695543171211,-0.04684294841518645,-0.5799767026840122,-0.8951246590588322,-0.37144743068357094,-0.22281948794091738,-0.08069085187916096
GHA,13,Ahafo-Ano North,2,2022,DHS 2022,0.6073695543171211,0.4695116486982701,-0.4023868787957151,-0.5482772250539588,-0.37144743068357094,-0.22281948794091738,-0.08069085187916096
GHA,14,Ahafo-Ano South East,1,2014,DHS 2014,1.0803828646948381,-0.031115002287237268,-0.6013822881014936,-1.0247506246689775,-0.008669300652031602,-0.5515660142913867,0.3130485032535734
GHA,14,Ahafo-Ano South East,2,2022,DHS 2022,1.0803828646948381,0.4715352178522861,-0.46505937074457476,-0.8375544588710887,-0.008669300652031602,-0.5515660142913867,0.3130485032535734
GHA,15,Ahafo-Ano South West,1,2014,DHS 2014,1.6082020630696783,-0.011648466446598846,-0.6177214278444662,-0.9518143154694688,0.23176915675456114,-0.33655452668431335,0.3204775476900401
GHA,15,Ahafo-Ano South West,2,2022,DHS 2022,1.6082020630696783,0.5213450429797999,-0.573879684633221,-0.6470283493527325,0.23176915675456114,-0.33655452668431335,0.3204775476900401
GHA,16,Amansie Central,1,2014,DHS 2014,0.08495478087016946,-0.06998621653018987,-0.5855315312650331,-0.5445256124824825,-0.581638099763669,-0.4458281596425645,0.07531908128663961
GHA,16,Amansie Central,2,2022,DHS 2022,0.08495478087016946,0.6253024691784485,-0.4104965688244858,-0.2925598709671248,-0.581638099763669,-0.4458281596425645,0.07531908128663961
GHA,17,Amansie South,1,2014,DHS 2014,0.06537492677127356,-0.05980734424259909,-0.614493096949367,-0.47000184407917567,0.21802738077389283,-0.09718782323315962,0.201612836706573
GHA,17,Amansie South,2,2022,DHS 2022,0.06537492677127356,0.8105450009128198,-0.3622229384203435,-0.13355350806168337,0.21802738077389283,-0.09718782323315962,0.201612836706573
GHA,18,Amansie West,1,2014,DHS 2014,0.6377929519043403,-0.086084568691806,-0.5811903527168347,-0.6917624536347641,-0.15111956512965755,-0.146090904197178,0.2536161477618399
GHA,18,Amansie West,2,2022,DHS 2022,0.6377929519043403,0.8494298791869246,-0.15318052614307295,-0.41736764985324215,-0.15111956512965755,-0.146090904197178,0.2536161477618399
GHA,19,Asante-Akim Central,1,2014,DHS 2014,0.5403933345664409,-0.044630206289340085,-0.3243948714845071,-0.9379178464237199,-0.10623381881110147,0.19865342124352214,-0.7938791177799632
GHA,19,Asante-Akim Central,2,2022,DHS 2022,0.5403933345664409,0.588730689799531,0.1486706844390707,-1.240211005509492,-0.10623381881110147,0.19865342124352214,-0.7938791177799632
GHA,20,Asante-Akim North,1,2014,DHS 2014,0.47704957056732844,-0.02217161692450468,-0.6094166101823876,-0.8485054469722902,0.6382017117175269,-0.6770123664091185,-0.11783607406149443
GHA,20,Asante-Akim North,2,2022,DHS 2022,0.47704957056732844,0.3796856927715964,-0.49404236510535293,-0.9162949157844845,0.6382017117175269,-0.6770123664091185,-0.11783607406149443
GHA,21,Asante-Akim South,1,2014,DHS 2014,0.49098392762807164,-0.0017642940741289343,-0.6097471941465795,-0.7697711910714092,0.06184807922123299,-0.45939633231072746,-0.22184269617202795
GHA,21,Asante-Akim South,2,2022,DHS 2022,0.49098392762807164,0.6113559249497026,-0.4237350038274778,-1.0304059480825085,0.06184807922123299,-0.45939633231072746,-0.22184269617202795
GHA,22,Asokore-Mampong,1,2014,DHS 2014,1.059005750734214,-0.11673095942647013,1.8054366557995984,-0.9712296856534224,-0.6863968618010975,2.261966739705164,-1.2099056062220976
GHA,22,Asokore-Mampong,2,2022,DHS 2022,1.059005750734214,0.5668675013597001,2.4935255769013653,-0.6542525289325172,-0.6863968618010975,2.261966739705164,-1.2099056062220976
GHA,23,Asokwa,1,2014,DHS 2014,0.796710216059095,-0.08551704977631479,1.7699494791143242,-0.9712358866659372,-0.6990631025947924,1.9261842098914832,-1.581357828045432
GHA,23,Asokwa,2,2022,DHS 2022,0.796710216059095,0.7711922218962862,2.4456878520746552,-0.6542463279200024,-0.6990631025947924,1.9261842098914832,-1.581357828045432
GHA,24,Atwima-Kwanwoma,1,2014,DHS 2014,0.7143532065860855,-0.05729353180872982,0.21449412416227392,-0.9712358866659372,-0.6854974419845223,0.9041323395201541,-1.0241794953104302
GHA,24,Atwima-Kwanwoma,2,2022,DHS 2022,0.7143532065860855,0.8271674794585654,1.1557753936928172,-0.6542525289325172,-0.6854974419845223,0.9041323395201541,-1.0241794953104302
GHA,25,Atwima-Mponua,1,2014,DHS 2014,0.8018521690659896,0.013250998969604116,-0.6124388784351619,-0.7518812699661055,0.3960909544737539,-0.6234163030794139,-0.1846974739896947
GHA,25,Atwima-Mponua,2,2022,DHS 2022,0.8018521690659896,0.7742983885455113,-0.5662942570157927,-0.406212028339051,0.3960909544737539,-0.6234163030794139,-0.1846974739896947
GHA,26,Atwima-Nwabiagya North,1,2014,DHS 2014,0.8609955717303086,-0.0036769814618353314,-0.2658907068385615,-0.9712358866659372,-0.36002795720008757,0.7470689174361206,-1.0464666286198303
GHA,26,Atwima-Nwabiagya North,2,2022,DHS 2022,0.8609955717303086,0.5859879125193272,0.25819514385968706,-0.6542463279200024,-0.36002795720008757,0.7470689174361206,-1.0464666286198303
GHA,27,Atwima-Nwabiagya South,1,2014,DHS 2014,0.6542354640544572,0.054234136946388053,0.1389541454239765,-0.9712358866659372,-0.4906063047291085,0.4320272753467803,-1.1207570729844973
GHA,27,Atwima-Nwabiagya South,2,2022,DHS 2022,0.6542354640544572,0.8219978594562855,0.7991479728258608,-0.6542525289325172,-0.4906063047291085,0.4320272753467803,-1.1207570729844973
GHA,28,Bekwai,1,2014,DHS 2014,0.6203986345360919,-0.11710810515117837,-0.39168751206114566,-0.6048056551392097,-0.7810327586335497,0.09199565003220239,-0.608153006868296
GHA,28,Bekwai,2,2022,DHS 2022,0.6203986345360919,0.7269973903269868,0.10925014853155463,-0.44186164928684696,-0.7810327586335497,0.09199565003220239,-0.608153006868296
GHA,29,Bosome Freho,1,2014,DHS 2014,0.977567798284129,-0.022437696233833727,-0.6045415462107827,-0.5826494374236983,-0.24469723045528996,-0.4462524902497617,0.27590328107123996
GHA,29,Bosome Freho,2,2022,DHS 2022,0.977567798284129,0.7607405306083251,-0.4877927871210398,-0.8591091783726609,-0.24469723045528996,-0.4462524902497617,0.27590328107123996
GHA,30,Bosomtwe,1,2014,DHS 2014,0.712874998447962,0.007855553155173367,-0.11634157790206497,-0.9771516526050914,-0.5160187229493554,0.3545939648089283,-0.8533114732716965
GHA,30,Bosomtwe,2,2022,DHS 2022,0.712874998447962,0.8814832958321283,0.45692173850979884,-1.0698939957769884,-0.5160187229493554,0.3545939648089283,-0.8533114732716965
GHA,31,Ejisu,1,2014,DHS 2014,0.9170792878196329,-0.07293570844383838,-0.018009705005325494,-0.9813993461777545,-0.5006885115936012,0.42820622047060514,-1.0464666286198303
GHA,31,Ejisu,2,2022,DHS 2022,0.9170792878196329,0.6228887365403157,0.813725173603175,-1.233873570719329,-0.5006885115936012,0.42820622047060514,-1.0464666286198303
GHA,32,Ejura-Sekyedumase,1,2014,DHS 2014,0.5621347316688026,0.07105539021558431,-0.597804815454959,-0.5368735630391741,0.5721258574513073,-0.48598742588796834,-0.19212651842616138
GHA,32,Ejura-Sekyedumase,2,2022,DHS 2022,0.5621347316688026,0.12404505697110346,-0.48710009494549533,-0.7515402142777894,0.5721258574513073,-0.48598742588796834,-0.19212651842616138
GHA,33,Juaben,1,2014,DHS 2014,1.0677456279799082,-0.1004292163146625,-0.5034447472238656,-1.0281301764895636,-0.08874818462197544,0.32573470026967877,-0.4967173403212956
GHA,33,Juaben,2,2022,DHS 2022,1.0677456279799082,0.5111285946065405,0.09221062805400305,-1.3369840068160328,-0.08874818462197544,0.32573470026967877,-0.4967173403212956
GHA,34,Kumasi,1,2014,DHS 2014,1.0128632194474492,-0.15326276228181387,2.4272395217711953,-0.9712358866659372,-0.7677172582826788,2.8577796330894065,-1.3882026726972978
GHA,34,Kumasi,2,2022,DHS 2022,1.0128632194474492,0.605327871422738,2.9341850743836844,-0.6542525289325172,-0.7677172582826788,2.8577796330894065,-1.3882026726972978
GHA,35,Kwabre East,1,2014,DHS 2014,1.3069582243876108,-0.06332675550964394,0.6908810616799953,-0.9861121156890303,-0.5278678160253651,1.5042559715727502,-1.2619089172773645
GHA,35,Kwabre East,2,2022,DHS 2022,1.3069582243876108,0.5738223085671106,1.6084770519361935,-0.8327176691095161,-0.5278678160253651,1.5042559715727502,-1.2619089172773645
GHA,36,Kwadaso,1,2014,DHS 2014,0.8270209404004267,-0.05810755723216986,1.866804979382731,-0.9712296856534224,-0.7475084706990661,1.5038150179773542,-1.343628406078498
GHA,36,Kwadaso,2,2022,DHS 2022,0.8270209404004267,0.774801741909308,2.5197049570276144,-0.6542463279200024,-0.7475084706990661,1.5038150179773542,-1.343628406078498
GHA,37,Mampong,1,2014,DHS 2014,1.5031873555076134,-0.03711812818980257,-0.5455587791358968,-0.4409190953845918,0.4688925262848469,-0.155211874684338,-0.37785262933782854
GHA,37,Mampong,2,2022,DHS 2022,1.5031873555076134,0.16548935599927467,-0.25300938510690824,-0.7607611198873515,0.4688925262848469,-0.155211874684338,-0.37785262933782854
GHA,38,Obuasi,1,2014,DHS 2014,0.5208658451559212,-0.17816758252103596,0.775540559428667,-0.5445256124824825,-1.3500603592917868,0.7363443612459762,-1.2247636950950311
GHA,38,Obuasi,2,2022,DHS 2022,0.5208658451559212,0.4103794459926193,1.0814554870509447,-0.2925598709671248,-1.3500603592917868,0.7363443612459762,-1.2247636950950311
GHA,39,Obuasi East,1,2014,DHS 2014,0.09846827498656427,-0.14616642156253615,-0.039826165052213466,-0.5445256124824825,-1.2604028466858708,1.0793224787194449,-1.076182806365697
GHA,39,Obuasi East,2,2022,DHS 2022,0.09846827498656427,0.4539785996633097,0.5171651382729041,-0.2925660719796397,-1.2604028466858708,1.0793224787194449,-1.076182806365697
GHA,40,Offinso,1,2014,DHS 2014,1.391846409958506,0.01971242386297767,-0.5122343442890782,-1.1690171808266523,-0.3944536819445385,0.03219108624798075,-0.3035621849731618
GHA,40,Offinso,2,2022,DHS 2022,1.391846409958506,0.35939294466892274,-0.15547121549650875,-1.301551421306256,-0.3944536819445385,0.03219108624798075,-0.3035621849731618
GHA,41,Offinso North,1,2014,DHS 2014,1.653342694126831,0.04542822281599098,-0.6038742484488704,-1.3037713837865677,-0.24681921366137105,-0.5812135209567854,0.4987746141652403
GHA,41,Offinso North,2,2022,DHS 2022,1.653342694126831,0.2076145484716869,-0.499589404943786,-1.3905483529191918,-0.24681921366137105,-0.5812135209567854,0.4987746141652403
GHA,42,Oforikrom,1,2014,DHS 2014,0.9327666460426408,-0.06515339643090526,1.7529334875785922,-0.9712296856534224,-0.6825500307720935,1.9254428187942756,-1.3064831838961644
GHA,42,Oforikrom,2,2022,DHS 2022,0.9327666460426408,0.7154871059228679,2.442268683138283,-0.6542463279200024,-0.6825500307720935,1.9254428187942756,-1.3064831838961644
GHA,43,Old Tafo,1,2014,DHS 2014,1.1473363876765628,-0.08289632553113288,1.9644816911149938,-0.9712358866659372,-0.6964318816359688,1.812358643767856,-1.3659155393878981
GHA,43,Old Tafo,2,2022,DHS 2022,1.1473363876765628,0.6493397157640394,2.6668962967985284,-0.6542463279200024,-0.6964318816359688,1.812358643767856,-1.3659155393878981
GHA,44,Sekyere Afram Plains North,1,2014,DHS 2014,-0.38920017698601495,0.07646588492918964,-0.6294890125834262,-0.20359394441676337,2.3016108543402733,-1.9384956830249582,1.702279812872844
GHA,44,Sekyere Afram Plains North,2,2022,DHS 2022,-0.38920017698601495,0.26288333869358227,-0.6225145849275213,-0.018251881360810622,2.3016108543402733,-1.9384956830249582,1.702279812872844
GHA,45,Sekyere Central,1,2014,DHS 2014,0.35520699214223606,-0.015323444554802406,-0.6119357083904703,-0.30044135787348225,1.3529770359420559,-1.0015768304154344,0.9073720581709082
GHA,45,Sekyere Central,2,2022,DHS 2022,0.35520699214223606,0.15810440878417384,-0.5211841464410244,-0.5322724117531653,1.3529770359420559,-1.0015768304154344,0.9073720581709082
GHA,46,Sekyere East,1,2014,DHS 2014,1.0482364581043313,-0.09978275992190679,-0.3905652859358275,-1.0281301764895636,0.03604818595460099,0.21382465215660912,-0.7641629400340962
GHA,46,Sekyere East,2,2022,DHS 2022,1.0482364581043313,0.5142432551129682,0.09312329020551173,-1.3369840068160328,0.03604818595460099,0.21382465215660912,-0.7641629400340962
GHA,47,Sekyere Kumawu,1,2014,DHS 2014,1.6808417751538975,-0.09212314721573922,-0.5749760905986909,-1.0020797229147347,0.5380594760032986,-0.4336665963373668,-0.273846007227295
GHA,47,Sekyere Kumawu,2,2022,DHS 2022,1.6808417751538975,0.38272150812529443,-0.29516066212034187,-1.3114916443675393,0.5380594760032986,-0.4336665963373668,-0.273846007227295
GHA,48,Sekyere South,1,2014,DHS 2014,1.6029902364383561,-0.04242678894150976,-0.517796844703212,-1.0425661336241032,-0.08648065941901921,0.16209472168673972,-0.37042358490136185
GHA,48,Sekyere South,2,2022,DHS 2022,1.6029902364383561,0.37105528758187756,-0.06689962478353718,-1.1747717204404207,-0.08648065941901921,0.16209472168673972,-0.37042358490136185
GHA,49,Suame,1,2014,DHS 2014,0.9658468625558929,0.0464457315141575,1.757869673273046,-0.9712358866659372,-0.7146368924420347,1.9600962724172808,-1.4030607615702315
GHA,49,Suame,2,2022,DHS 2022,0.9658468625558929,0.8635309746869463,2.5238830085761297,-0.6542463279200024,-0.7146368924420347,1.9600962724172808,-1.4030607615702315
GHA,50,Banda,1,2014,DHS 2014,0.5191569405733416,-0.027530963845823823,-0.6200406180063556,0.20721073266613527,1.732074341036781,-1.7861078935531836,0.6027812362757745
GHA,50,Banda,2,2022,DHS 2022,0.5191569405733416,-0.03174105495779946,-0.6025508863693405,-0.06761194097891039,1.732074341036781,-1.7861078935531836,0.6027812362757745
GHA,51,Berekum East,1,2014,DHS 2014,1.2776028718995316,-0.028513389220761496,-0.46822852517832275,-1.3108653421035408,-0.36207170229406294,0.020909595472946508,-1.1133280285480307
GHA,51,Berekum East,2,2022,DHS 2022,1.2776028718995316,0.3646892339329651,-0.13489258856064087,-0.9291744187778003,-0.36207170229406294,0.020909595472946508,-1.1133280285480307
GHA,52,Berekum West,1,2014,DHS 2014,1.5219303473111603,-0.03400540649860591,-0.6021553343742482,-1.3284514135956176,-0.38545693599765946,-0.37156019276844615,-0.9498890509457634
GHA,52,Berekum West,2,2022,DHS 2022,1.5219303473111603,0.39588911025382895,-0.379898340971644,-0.7724562294903334,-0.38545693599765946,-0.37156019276844615,-0.9498890509457634
GHA,53,Dormaa,1,2014,DHS 2014,1.0673341679826986,-0.12247806939400092,-0.596061228165467,-1.295406217904053,0.6633773986080644,-0.5468382526735437,-0.8755986065810966
GHA,53,Dormaa,2,2022,DHS 2022,1.0673341679826986,0.43481516527046005,-0.4341403100520797,-0.6001052876529636,0.6633773986080644,-0.5468382526735437,-0.8755986065810966
GHA,54,Dormaa East,1,2014,DHS 2014,1.191328237985005,-0.11189149196067905,-0.6069724976530434,-1.3244703635610924,-0.3455657961057835,-0.3928373833799709,-0.6007239624318291
GHA,54,Dormaa East,2,2022,DHS 2022,1.191328237985005,0.34839386121405935,-0.40273151976998506,-0.6007191878919323,-0.3455657961057835,-0.3928373833799709,-0.6007239624318291
GHA,55,Dormaa West,1,2014,DHS 2014,0.5942540642563409,-0.12246043540785177,-0.6167824235503488,-0.5702722164440843,0.6685128760995537,-0.35855932014698044,-0.32584931828256186
GHA,55,Dormaa West,2,2022,DHS 2022,0.5942540642563409,0.4672398188701439,-0.5327932750637838,-0.31524937575891215,0.6685128760995537,-0.35855932014698044,-0.32584931828256186
GHA,56,Jaman North,1,2014,DHS 2014,1.4504069920200007,0.05148508159781704,-0.6130566251764393,-1.1853072407031282,0.7632468094266186,-0.42581252161804756,-0.9721761842551636
GHA,56,Jaman North,2,2022,DHS 2022,1.4504069920200007,0.27535241339172695,-0.5018285091398982,-1.0889931143226852,0.7632468094266186,-0.42581252161804756,-0.9721761842551636
GHA,57,Jaman South,1,2014,DHS 2014,1.2706213457687845,0.05314544603188143,-0.6053098493546153,-1.3421618522659213,0.094486004717417,-0.2679014510092258,-0.89045669545403
GHA,57,Jaman South,2,2022,DHS 2022,1.2706213457687845,0.4461571420476162,-0.44897517103781753,-1.083157961546224,0.094486004717417,-0.2679014510092258,-0.89045669545403
GHA,58,Sunyani,1,2014,DHS 2014,1.0602125703635397,-0.17421655405374362,-0.06528134462189131,-1.5645611661105379,-0.9721795599715445,0.3403509562048773,-1.2396217839679644
GHA,58,Sunyani,2,2022,DHS 2022,1.0602125703635397,0.23845989857887154,0.46009607816212167,-0.8168058709964452,-0.9721795599715445,0.3403509562048773,-1.2396217839679644
GHA,59,Sunyani West,1,2014,DHS 2014,1.118554290724391,-0.09885259023367288,-0.535923542228392,-1.259570566580812,-0.8960858833930603,-0.34584817543112745,-0.7418758067246961
GHA,59,Sunyani West,2,2022,DHS 2022,1.118554290724391,0.20040114024226718,-0.2860347576657463,-0.7667388959516541,-0.8960858833930603,-0.34584817543112745,-0.7418758067246961
GHA,60,Tain,1,2014,DHS 2014,0.7285124237792675,0.07161856987793967,-0.6183202370013313,-0.4577920504374623,-0.08402757082398585,-0.7894294134891241,-0.45214307370249546
GHA,60,Tain,2,2022,DHS 2022,0.7285124237792675,0.1817057912409159,-0.5664961784984096,-0.7093361231018112,-0.08402757082398585,-0.7894294134891241,-0.45214307370249546
GHA,61,Wenchi,1,2014,DHS 2014,0.8591091459905406,0.06899156756439036,-0.581944417767785,-0.3154416071468721,-0.6551818720642969,-0.4489275166763718,-0.29613314053669487
GHA,61,Wenchi,2,2022,DHS 2022,0.8591091459905406,0.11731367513793857,-0.4408642164032586,-0.6100889178018505,-0.6551818720642969,-0.4489275166763718,-0.29613314053669487
GHA,62,Atebubu-Amantin,1,2014,DHS 2014,-0.3756361014988048,0.102703040530288,-0.621206020543053,0.07662981112870501,1.4767856105442172,-0.8731379707773248,0.09017717015957301
GHA,62,Atebubu-Amantin,2,2022,DHS 2022,-0.3756361014988048,0.150624459622751,-0.5748261414063522,0.104304929982421,1.4767856105442172,-0.8731379707773248,0.09017717015957301
GHA,63,Kintampo North,1,2014,DHS 2014,-0.34836658207774657,-0.1489306181348164,-0.620634102905523,1.122877044656975,0.556518362582907,-1.2767732958826308,0.038173859104306145
GHA,63,Kintampo North,2,2022,DHS 2022,-0.34836658207774657,-0.2099991433090856,-0.5908708313166752,0.5499282923361275,0.556518362582907,-1.2767732958826308,0.038173859104306145
GHA,64,Kintampo South,1,2014,DHS 2014,1.2611493356044934,0.07984487057878496,-0.6188046487593418,-0.4563906216091092,-0.4839136021813381,-0.8383349310318396,-0.11783607406149443
GHA,64,Kintampo South,2,2022,DHS 2022,1.2611493356044934,0.030670515224384243,-0.5424213542331062,-0.678975965829171,-0.4839136021813381,-0.8383349310318396,-0.11783607406149443
GHA,65,Nkoranza North,1,2014,DHS 2014,0.7108721707074072,0.04555046050008246,-0.6213478196641342,-0.7272818533197485,0.09045658270765082,-1.0617548452551637,-0.13269416293442782
GHA,65,Nkoranza North,2,2022,DHS 2022,0.7108721707074072,0.09301819682847784,-0.5992711694143432,-0.7774976526648957,0.09045658270765082,-1.0617548452551637,-0.13269416293442782
GHA,66,Nkoranza South,1,2014,DHS 2014,0.8256177937196353,0.09354915522818337,-0.5701390612998428,-1.07856301127273,-0.09114309888127752,-0.36672688433753314,-0.7121596289788296
GHA,66,Nkoranza South,2,2022,DHS 2022,0.8256177937196353,0.1555705619262503,-0.4107943629751498,-1.3115474534801728,-0.09114309888127752,-0.36672688433753314,-0.7121596289788296
GHA,67,Pru East,1,2014,DHS 2014,-0.6702524025859433,-0.03825307369625016,-0.6214088952832609,1.5579338816854111,2.235818653039517,-0.8108409949495642,0.201612836706573
GHA,67,Pru East,2,2022,DHS 2022,-0.6702524025859433,-0.06000067181849605,-0.5467817403868376,0.7167665340478077,2.235818653039517,-0.8108409949495642,0.201612836706573
GHA,68,Pru West,1,2014,DHS 2014,-0.12420551012273824,-0.09725066723014468,-0.6297108687249097,0.45721695422680464,0.6588727092605811,-1.0070091672125259,0.7959363916239077
GHA,68,Pru West,2,2022,DHS 2022,-0.12420551012273824,-0.15888717294257915,-0.5962323509622696,0.15135201193248668,0.6588727092605811,-1.0070091672125259,0.7959363916239077
GHA,69,Sene East,1,2014,DHS 2014,-0.617489953333828,0.16109304630058277,-0.6280337690463423,0.670134919936236,4.504882715796402,-1.6142393795903698,1.627989368508177
GHA,69,Sene East,2,2022,DHS 2022,-0.617489953333828,0.12887390711539112,-0.6186302684663452,0.5864460550360004,4.504882715796402,-1.6142393795903698,1.627989368508177
GHA,70,Sene West,1,2014,DHS 2014,-0.5131109174222984,0.2425207009180557,-0.6262537387086162,0.7769163554417231,3.6919464803140105,-1.4524797197616999,-0.05840371856976088
GHA,70,Sene West,2,2022,DHS 2022,-0.5131109174222984,0.19419610058206738,-0.6123163595347705,0.42037053786364525,3.6919464803140105,-1.4524797197616999,-0.05840371856976088
GHA,71,Techiman,1,2014,DHS 2014,2.0005072842390113,0.06429391058407095,-0.39641953493658816,-0.849615428212446,-1.0896683369490012,0.3282483492740454,-1.3213412727690979
GHA,71,Techiman,2,2022,DHS 2022,2.0005072842390113,0.1282327132211197,0.08132722933847701,-1.0069971258390003,-1.0896683369490012,0.3282483492740454,-1.3213412727690979
GHA,72,Techiman North,1,2014,DHS 2014,2.4492606667591845,0.1212558404498891,-0.5487638163659543,-0.6765513699358697,-1.0087473051590643,0.10552503372084968,-0.9350309620728302
GHA,72,Techiman North,2,2022,DHS 2022,2.4492606667591845,0.15235942228094373,-0.24585507614564844,-0.9273761251484975,-1.0087473051590643,0.10552503372084968,-0.9350309620728302
GHA,73,Abura-Asebu-Kwamankese,1,2014,DHS 2014,-1.0392730895436004,-0.34049027151464967,-0.4101087767333296,-0.6908198997325089,-0.2628845660297877,0.24838232310348876,0.03074481466783945
GHA,73,Abura-Asebu-Kwamankese,2,2022,DHS 2022,-1.0392730895436004,0.2542853394155825,-0.0038353355548711478,-0.7802322991839387,-0.2628845660297877,0.24838232310348876,0.03074481466783945
GHA,74,Agona East,1,2014,DHS 2014,-0.8274417130841734,-0.11342961871065195,-0.48486176487591603,-0.32507798059492826,-1.0994050275375424,0.19035369014287135,-0.12526511849796113
GHA,74,Agona East,2,2022,DHS 2022,-0.8274417130841734,0.4197603573258275,0.022422590738631783,-0.39009559681299055,-1.0994050275375424,0.19035369014287135,-0.12526511849796113
GHA,75,Agona West,1,2014,DHS 2014,-0.6612242763745131,-0.07917158449866549,-0.3886490066794467,-0.32507798059492826,-0.9881851456410256,0.34213607438745935,-0.4892882958848289
GHA,75,Agona West,2,2022,DHS 2022,-0.6612242763745131,0.5097180603636782,0.018649272456909498,-0.3901017978255054,-0.9881851456410256,0.34213607438745935,-0.4892882958848289
GHA,76,Ajumako-Enyan-Essiam,1,2014,DHS 2014,-1.1335730577811651,-0.14411995592388674,-0.5557653190289857,-0.4864965373686412,-0.5325746293422505,0.02389993402636102,0.14960952565130656
GHA,76,Ajumako-Enyan-Essiam,2,2022,DHS 2022,-1.1335730577811651,0.36055244850163043,-0.08825353132164186,-0.5430745755540108,-0.5325746293422505,0.02389993402636102,0.14960952565130656
GHA,77,Asikuma-Odoben-Brakwa,1,2014,DHS 2014,-0.5569640742604441,-0.01884756437312267,-0.5690489697315928,-0.5190270490214742,-0.40570829275760095,-0.1911518310162267,0.10503525903250598
GHA,77,Asikuma-Odoben-Brakwa,2,2022,DHS 2022,-0.5569640742604441,0.6413929737546056,-0.4036559250352997,-0.41406871119534905,-0.40570829275760095,-0.1911518310162267,0.10503525903250598
GHA,78,Assin Central,1,2014,DHS 2014,-0.15687831963323676,0.04538566120544251,-0.501531998532761,-0.6867644375478057,-0.3005299430158332,0.22504749609846206,-0.7047305845423626
GHA,78,Assin Central,2,2022,DHS 2022,-0.15687831963323676,0.790947825855422,9.711533744164738e-4,-0.434798696032448,-0.3005299430158332,0.22504749609846206,-0.7047305845423626
GHA,79,Assin North,1,2014,DHS 2014,-0.5216614387669917,0.06167244774261054,-0.609950666222923,-0.6867582365352909,-0.22693484354125254,-0.4378162008659152,0.3204775476900401
GHA,79,Assin North,2,2022,DHS 2022,-0.5216614387669917,0.7038911443504432,-0.2992401038229367,-0.4313633350992285,-0.22693484354125254,-0.4378162008659152,0.3204775476900401
GHA,80,Assin South,1,2014,DHS 2014,-0.4301292604436749,-0.015453622148887748,-0.608641484788331,-0.6884449119393264,0.2851872097520687,-0.5266608489953242,-0.013829451950961127
GHA,80,Assin South,2,2022,DHS 2022,-0.4301292604436749,0.6807178707616258,-0.4892685706982851,-0.5778436527247,0.2851872097520687,-0.5266608489953242,-0.013829451950961127
GHA,81,Awutu Senya East,1,2014,DHS 2014,-1.3738121966247745,-0.2927154637834686,0.7263111090499472,-0.004894900403852471,-0.8235623912762157,1.4426692093426652,-1.2619089172773645
GHA,81,Awutu Senya East,2,2022,DHS 2022,-1.3738121966247745,0.11924898203667415,1.7642385950508377,-0.312446518102206,-0.8235623912762157,1.4426692093426652,-1.2619089172773645
GHA,82,Awutu Senya West,1,2014,DHS 2014,-0.7878190718595761,-0.13532835209638558,-0.3777305055354589,-0.24444621486450724,-0.9262990112804742,0.6853629157266682,-0.37785262933782854
GHA,82,Awutu Senya West,2,2022,DHS 2022,-0.7878190718595761,0.3336311680975731,0.52395650762741,-0.37291879214689305,-0.9262990112804742,0.6853629157266682,-0.37785262933782854
GHA,83,Cape Coast,1,2014,DHS 2014,-1.4266704586658385,-1.8532030314388381,1.040035940764583,-0.6908261007450237,-0.38938423444725523,1.2249769415664702,-1.0910408952386306
GHA,83,Cape Coast,2,2022,DHS 2022,-1.4266704586658385,-1.369943964157279,1.41466789372917,-0.7802322991839387,-0.38938423444725523,1.2249769415664702,-1.0910408952386306
GHA,84,Effutu,1,2014,DHS 2014,-1.6214782856898848,-1.3801231595807415,0.2088231993675251,-0.3332013069893643,-1.0111982440637717,1.1019414020344265,-0.4372849848295621
GHA,84,Effutu,2,2022,DHS 2022,-1.6214782856898848,-1.0156938816211076,1.0556261229097046,-0.39009559681299055,-1.0111982440637717,1.1019414020344265,-0.4372849848295621
GHA,85,Ekumfi,1,2014,DHS 2014,-1.53973917548672,-0.20425157171888073,-0.5577146364641117,-0.35405531207675994,-0.7154871082355962,-0.05198708720561526,0.29076136994417334
GHA,85,Ekumfi,2,2022,DHS 2022,-1.53973917548672,0.15022921828921956,-0.043490894005057956,-0.4128533127424411,-0.7154871082355962,-0.05198708720561526,0.29076136994417334
GHA,86,Gomoa Central,1,2014,DHS 2014,-1.5537531536235585,-0.21615811302641405,-0.4980074241607101,-0.3332013069893643,-0.9615391236463895,0.703708443055392,-0.652727273487096
GHA,86,Gomoa Central,2,2022,DHS 2022,-1.5537531536235585,0.171119213807594,-0.030438482311034326,-0.39009559681299055,-0.9615391236463895,0.703708443055392,-0.652727273487096
GHA,87,Gomoa East,1,2014,DHS 2014,-1.307400761651588,-0.6524059426419573,-0.0073987991059139575,-0.2131249006520673,-1.0054180717896255,0.5945797727038864,-0.9796052286916301
GHA,87,Gomoa East,2,2022,DHS 2022,-1.307400761651588,-0.25370280835318354,0.9320348817700437,-0.3549978659790151,-1.0054180717896255,0.5945797727038864,-0.9796052286916301
GHA,88,Gomoa West,1,2014,DHS 2014,-1.2130773671060655,-0.02963725578303161,-0.5599111069233041,-0.3322587530871091,-0.9137360087011929,0.34360304427492955,0.05303194797723953
GHA,88,Gomoa West,2,2022,DHS 2022,-1.2130773671060655,0.41712633834763246,-0.26778120874889727,-0.39009559681299055,-0.9137360087011929,0.34360304427492955,0.05303194797723953
GHA,89,Komenda-Edina-Eguafo-Abirem-,1,2014,DHS 2014,-1.440116835194036,-1.1592505241008375,-0.3678228461749098,-0.7476149733558979,-0.09972890896389426,0.3144450821027264,-0.1846974739896947
GHA,89,Komenda-Edina-Eguafo-Abirem-,2,2022,DHS 2022,-1.440116835194036,-0.5967215073643369,0.05570271002363736,-0.7186004357989771,-0.09972890896389426,0.3144450821027264,-0.1846974739896947
GHA,90,Mfantseman,1,2014,DHS 2014,-1.3351805530747018,-1.3604225579632203,-0.31105461911262766,-0.6908261007450237,-0.4972686462184498,0.5831724453036503,-0.2664169627908283
GHA,90,Mfantseman,2,2022,DHS 2022,-1.3351805530747018,-0.9104757061967629,0.29677237669652945,-0.7802322991839387,-0.4972686462184498,0.5831724453036503,-0.2664169627908283
GHA,91,Twifo-Atti-Morkwa,1,2014,DHS 2014,-0.6263195638767859,0.14033627508594249,-0.6050940646142493,-0.6867644375478057,0.569952812465141,-0.46899943059666177,0.4839165252923074
GHA,91,Twifo-Atti-Morkwa,2,2022,DHS 2022,-0.6263195638767859,0.7492232295395604,-0.509567744115653,-0.4216215444384201,0.569952812465141,-0.46899943059666177,0.4839165252923074
GHA,92,Twifo-Hemang-Lower Denkyira,1,2014,DHS 2014,-0.7042335997668442,0.011628579919347588,-0.6043097642228994,-0.7333588455842883,0.38789813962996456,-0.4163869887511957,0.3353356365629735
GHA,92,Twifo-Hemang-Lower Denkyira,2,2022,DHS 2022,-0.7042335997668442,0.6621935067987469,-0.46200452658635954,-0.7018204959338291,0.38789813962996456,-0.4163869887511957,0.3353356365629735
GHA,93,Upper Denkyira East,1,2014,DHS 2014,-0.23717413824551994,0.030888216477471645,-0.49775890450620186,-0.6867644375478057,-0.32823812434652633,-0.009325679244697982,-0.24412982948142822
GHA,93,Upper Denkyira East,2,2022,DHS 2022,-0.23717413824551994,0.47749772095953397,-0.2647878581388568,-0.4185458422310611,-0.32823812434652633,-0.009325679244697982,-0.24412982948142822
GHA,94,Upper Denkyira West,1,2014,DHS 2014,-0.2739767869872711,-0.011784091188238114,-0.47848496350313885,-0.4524219735996138,-0.06423173609802774,-0.21916975507775063,-0.22927174060849484
GHA,94,Upper Denkyira West,2,2022,DHS 2022,-0.2739767869872711,0.654623079593208,-0.27468805685439435,-0.07561744813556451,-0.06423173609802774,-0.21916975507775063,-0.22927174060849484
GHA,95,Abuakwa North,1,2014,DHS 2014,0.6459902142522171,0.18319470901383383,-0.25731380788263575,-0.9793654140728881,-1.1530170569127234,0.4833285220184273,-0.8830276510175633
GHA,95,Abuakwa North,2,2022,DHS 2022,0.6459902142522171,0.5450333028238002,0.5212727757694305,-1.0443830302909505,-1.1530170569127234,0.4833285220184273,-0.8830276510175633
GHA,96,Abuakwa South,1,2014,DHS 2014,1.1551901182143185,0.21536980939592001,-0.5352760327775525,-0.9027084973644773,-0.8026627303770207,0.08484779235342965,-0.48185925144836206
GHA,96,Abuakwa South,2,2022,DHS 2022,1.1551901182143185,0.6963040987286381,0.14097149776504664,-0.9677323145950545,-0.8026627303770207,0.08484779235342965,-0.48185925144836206
GHA,97,Achiase,1,2014,DHS 2014,-0.013465542591619655,0.057453770448897525,-0.5955929216889781,-0.5115796329911555,-0.9180568862561239,-0.3103171368950573,0.17189665896070622
GHA,97,Achiase,2,2022,DHS 2022,-0.013465542591619655,0.7921855285691157,-0.3849453148440794,-0.4131447603306384,-0.9180568862561239,-0.3103171368950573,0.17189665896070622
GHA,98,Akwapem North,1,2014,DHS 2014,0.8112084257086064,0.016693226925545698,-0.2628663929722857,0.005101131770064215,-1.126745452586197,0.27310769794075124,-0.556149695813029
GHA,98,Akwapem North,2,2022,DHS 2022,0.8112084257086064,0.5084236703856098,0.49615704642022407,-0.39386581242201124,-1.126745452586197,0.27310769794075124,-0.556149695813029
GHA,99,Akwapem South,1,2014,DHS 2014,0.6049466742311093,0.04268415299229983,-0.1202825731103672,0.1707239750288364,-0.9993229300736641,0.27218142381373833,-0.608153006868296
GHA,99,Akwapem South,2,2022,DHS 2022,0.6049466742311093,0.544227309634889,0.5962074358444102,-0.2844365445726888,-0.9993229300736641,0.27218142381373833,-0.608153006868296
GHA,100,Akyemansa,1,2014,DHS 2014,-0.358055508505342,0.04472711029862638,-0.6157400220761191,-0.6071620398948476,-0.5950773798142893,-0.2535883941125451,-0.29613314053669487
GHA,100,Akyemansa,2,2022,DHS 2022,-0.358055508505342,0.6896113085510249,-0.4618260025841666,-0.7904143617333004,-0.5950773798142893,-0.2535883941125451,-0.29613314053669487
GHA,101,Asene-Manso-Akroso,1,2014,DHS 2014,-0.10086204537166664,0.0774287375027471,-0.581832299321745,-0.32519579983271013,-0.9574322597061196,-0.11676137342454475,-0.1401232073708945
GHA,101,Asene-Manso-Akroso,2,2022,DHS 2022,-0.10086204537166664,0.7647634798882362,-0.2991920920405138,-0.3902196170632873,-0.9574322597061196,-0.11676137342454475,-0.1401232073708945
GHA,102,Asuogyaman,1,2014,DHS 2014,-0.4083014534995036,-0.04201308270101584,-0.3543296691086634,0.7508100927542608,-0.15728254151812307,-0.32771562671350163,-0.4298559403930954
GHA,102,Asuogyaman,2,2022,DHS 2022,-0.4083014534995036,0.2711293045203426,-0.16828134595261593,0.28985162645136336,-0.15728254151812307,-0.32771562671350163,-0.4298559403930954
GHA,103,Atiwa East,1,2014,DHS 2014,0.6961024104293191,0.08303126724876184,-0.5905033888733923,-0.8271553608837076,-0.1192706025224424,-0.43471361392198826,-0.6824434512329628
GHA,103,Atiwa East,2,2022,DHS 2022,0.6961024104293191,0.49113165431340544,-0.28598390730960316,-0.891106402949218,-0.1192706025224424,-0.43471361392198826,-0.6824434512329628
GHA,104,Atiwa West,1,2014,DHS 2014,2.273864251384428,0.1881847577959038,-0.602702010747341,-0.8208675341936632,0.2589797776626767,-0.4749984029329228,-0.6452982290506295
GHA,104,Atiwa West,2,2022,DHS 2022,2.273864251384428,0.61885821664855,-0.28975966920010154,-0.8858913514242404,0.2589797776626767,-0.4749984029329228,-0.6452982290506295
GHA,105,Ayensuano,1,2014,DHS 2014,0.007894873031844227,0.11223831848570223,-0.6168611270282142,-0.1294794428394357,-0.6066257816385494,-0.10145307890525054,0.11246430346897308
GHA,105,Ayensuano,2,2022,DHS 2022,0.007894873031844227,0.7789873670195583,-0.17866577281616997,-0.4127354935046592,-0.6066257816385494,-0.10145307890525054,0.11246430346897308
GHA,106,Birim Central,1,2014,DHS 2014,-0.4449046949140022,-0.0016923732615101536,-0.16008168486033192,-0.5614357736104422,-1.2069570865686081,0.7374365513670587,-1.1653313396032974
GHA,106,Birim Central,2,2022,DHS 2022,-0.4449046949140022,0.6336234948520114,0.4855286860971422,-0.4907442309413043,-1.2069570865686081,0.7374365513670587,-1.1653313396032974
GHA,107,Birim North,1,2014,DHS 2014,0.14897734038083302,0.02972012646302644,-0.3672333719517462,-0.6996749456036957,-0.032773539421153505,-0.2657080741080798,-0.6898724956694294
GHA,107,Birim North,2,2022,DHS 2022,0.14897734038083302,0.6310642587470144,-0.11904744234685212,-0.8524678939692708,-0.032773539421153505,-0.2657080741080798,-0.6898724956694294
GHA,108,Birim South,1,2014,DHS 2014,-0.3301075178122892,-0.006788133635940182,-0.4922564255929395,-0.6057978171415835,-0.9440650606298816,-0.41862383602352604,-0.19955556286262807
GHA,108,Birim South,2,2022,DHS 2022,-0.3301075178122892,0.678070557050418,-0.11044564951689331,-0.42479026183350166,-0.9440650606298816,-0.41862383602352604,-0.19955556286262807
GHA,109,Denkyembour,1,2014,DHS 2014,-0.08707505518935667,0.17007446937165804,-0.5108106449116043,-0.7619889203652892,-0.6338580056074703,-0.1461608996679496,-0.7047305845423626
GHA,109,Denkyembour,2,2022,DHS 2022,-0.08707505518935667,0.7955551894406949,-0.10040315349186443,-0.8270065365833515,-0.6338580056074703,-0.1461608996679496,-0.7047305845423626
GHA,110,Fanteakwa North,1,2014,DHS 2014,2.5177611366650123,0.033703376192968267,-0.5946596843190958,-0.21830894711447074,0.1171350358328814,-0.7427245148711674,0.09760621459603928
GHA,110,Fanteakwa North,2,2022,DHS 2022,2.5177611366650123,0.2714410844744039,-0.5011621265382681,-0.46793070589922026,0.1171350358328814,-0.7427245148711674,0.09760621459603928
GHA,111,Fanteakwa South,1,2014,DHS 2014,1.8003804694102166,0.12080557369360952,-0.5531349871907533,-0.9638876868358558,-0.7017668291581863,-0.041642874248123615,-0.4372849848295621
GHA,111,Fanteakwa South,2,2022,DHS 2022,1.8003804694102166,0.4273570046992529,-0.06875275168366848,-1.0289053030539181,-0.7017668291581863,-0.041642874248123615,-0.4372849848295621
GHA,112,Kwaebibirem,1,2014,DHS 2014,0.13122263074552507,0.10130238501265044,-0.5870637025833114,-0.8123845490733667,-0.09369077385064788,-0.24254268301213883,-0.5932949179953625
GHA,112,Kwaebibirem,2,2022,DHS 2022,0.13122263074552507,0.6600253574232149,-0.385716116320892,-0.8848867873968368,-0.09369077385064788,-0.24254268301213883,-0.5932949179953625
GHA,113,Kwahu Afram Plains North,1,2014,DHS 2014,-0.6603351304506768,-0.02418678454585273,-0.6281325200879679,0.22492082440850875,2.227615222441032,-1.2824059113795838,1.5536989241435102
GHA,113,Kwahu Afram Plains North,2,2022,DHS 2022,-0.6603351304506768,0.14631419639050403,-0.6056110592903938,0.0682708462587052,2.227615222441032,-1.2824059113795838,1.5536989241435102
GHA,114,Kwahu Afram Plains South,1,2014,DHS 2014,-0.5157702492048943,-0.02714218522972923,-0.628577586286479,0.10515446869695362,1.8381732890257418,-1.3877706756631183,0.8553687471156417
GHA,114,Kwahu Afram Plains South,2,2022,DHS 2022,-0.5157702492048943,0.22167631371987853,-0.610320791655854,-0.06155355175191497,1.8381732890257418,-1.3877706756631183,0.8553687471156417
GHA,115,Kwahu East,1,2014,DHS 2014,1.0683286107025112,-0.12058643200023174,-0.5860449882316472,-0.74772039056865,-0.005486166606589539,-0.3444718963905328,0.13475143677837276
GHA,115,Kwahu East,2,2022,DHS 2022,1.0683286107025112,0.24550176782261002,-0.32630521975788157,-0.6420551373158335,-0.005486166606589539,-0.3444718963905328,0.13475143677837276
GHA,116,Kwahu South,1,2014,DHS 2014,2.103300302359878,0.002869012705426288,-0.5622131690030858,-0.48810259960998387,0.13358053837694372,-0.5007171038205916,0.09017717015957301
GHA,116,Kwahu South,2,2022,DHS 2022,2.103300302359878,0.2842002428609288,-0.27034333828579493,-0.4990163816360964,0.13358053837694372,-0.5007171038205916,0.09017717015957301
GHA,117,Kwahu West,1,2014,DHS 2014,0.8277939275031437,0.08197433597423064,-0.4202114205276992,-0.7702858751101407,-0.4193451850818778,0.3073552649907851,-0.9276019176363635
GHA,117,Kwahu West,2,2022,DHS 2022,0.8277939275031437,0.5587097054636854,0.1638712794386983,-0.7172796201333169,-0.4193451850818778,0.3073552649907851,-0.9276019176363635
GHA,118,Lower Manya-Krobo,1,2014,DHS 2014,-0.15958085633673777,-0.08524773910826731,-0.26096456949325353,-0.007660551985469619,-0.47359944107674895,0.3697125276498281,-0.5784368291224291
GHA,118,Lower Manya-Krobo,2,2022,DHS 2022,-0.15958085633673777,0.23765344376728612,0.1785633553964054,-0.3166384025622356,-0.47359944107674895,0.3697125276498281,-0.5784368291224291
GHA,119,New Juaben North,1,2014,DHS 2014,0.36231027022645224,0.13202420489225639,-0.007550990601525605,-0.9793592130603732,-1.2711050401639667,0.8381161319705737,-1.2619089172773645
GHA,119,New Juaben North,2,2022,DHS 2022,0.36231027022645224,0.6109640996239593,0.8372853638793502,-1.0443830302909505,-1.2711050401639667,0.8381161319705737,-1.2619089172773645
GHA,120,New Juaben South,1,2014,DHS 2014,0.3284851133321212,0.04815022707586199,1.2707264335810844,-0.9793592130603732,-1.3999882175392855,1.4986964805366052,-1.4179188504431646
GHA,120,New Juaben South,2,2022,DHS 2022,0.3284851133321212,0.5364803579187889,1.923287394989538,-1.0443830302909505,-1.3999882175392855,1.4986964805366052,-1.4179188504431646
GHA,121,Nsawam Adoagyiri,1,2014,DHS 2014,-0.9896467663419269,0.026953529452841088,-0.011748840395415551,0.1707239750288364,-0.7365987657560601,0.873101893031316,-1.083611850802164
GHA,121,Nsawam Adoagyiri,2,2022,DHS 2022,-0.9896467663419269,0.6310784767253755,1.019839687947126,-0.2844365445726888,-0.7365987657560601,0.873101893031316,-1.083611850802164
GHA,122,Okere,1,2014,DHS 2014,0.5053863244886353,0.039244694772402444,-0.49513864259664614,-0.8449150607261998,-1.0524036409263358,-0.17539507861398884,-0.2664169627908283
GHA,122,Okere,2,2022,DHS 2022,0.5053863244886353,0.5352974959787737,0.08876672813695735,-0.9555473250034006,-1.0524036409263358,-0.17539507861398884,-0.2664169627908283
GHA,123,Suhum,1,2014,DHS 2014,0.12854522260765408,0.14095808082790331,-0.5123005960995665,-0.7888703096171061,-1.0139755112678186,0.28855160996146023,-0.7418758067246961
GHA,123,Suhum,2,2022,DHS 2022,0.12854522260765408,0.7287340148268062,0.16672673999717252,-0.9136408824281343,-1.0139755112678186,0.28855160996146023,-0.7418758067246961
GHA,124,Upper Manya,1,2014,DHS 2014,0.9403476911133727,0.008204262923159419,-0.6167422591542905,-0.8148153459791827,-0.3671656721846928,-0.6254208756968805,0.37990990318177364
GHA,124,Upper Manya,2,2022,DHS 2022,0.9403476911133727,0.28664324237659705,-0.5504427735635272,-0.9201333425311684,-0.3671656721846928,-0.6254208756968805,0.37990990318177364
GHA,125,Upper West Akim,1,2014,DHS 2014,-0.6577495631671867,0.03424301309894615,-0.5809332800939152,-0.23007226785511586,-0.7169522946986675,0.14382580911966664,0.15703857008777283
GHA,125,Upper West Akim,2,2022,DHS 2022,-0.6577495631671867,0.6932230443528821,-0.10928181762922713,-0.3698492909520489,-0.7169522946986675,0.14382580911966664,0.15703857008777283
GHA,126,West Akim,1,2014,DHS 2014,0.4706878283488478,0.16449640562736856,-0.5551484108412647,-0.37773077785840625,-0.5047172966580858,0.06694358406103505,-0.2887040961002284
GHA,126,West Akim,2,2022,DHS 2022,0.4706878283488478,0.8807417451685158,-0.13610587537752067,-0.4427483940764686,-0.5047172966580858,0.06694358406103505,-0.2887040961002284
GHA,127,Yilo-Krobo,1,2014,DHS 2014,1.3343441458094556,-0.020413757781678508,-0.4614004550784553,-0.7389211538100968,-0.8767051246756957,0.08074540817089976,-0.45214307370249546
GHA,127,Yilo-Krobo,2,2022,DHS 2022,1.3343441458094556,0.3806545464399167,-0.021593005788124973,-0.8643056268600939,-0.8767051246756957,0.08074540817089976,-0.45214307370249546
GHA,128,Ablekuma Central,1,2014,DHS 2014,-1.5825831772351766,-0.46786106125489507,2.5341450623844706,0.17071777401632157,-0.8187272865638352,2.5183643631677297,-1.3510574505149646
GHA,128,Ablekuma Central,2,2022,DHS 2022,-1.5825831772351766,-0.17793824837656222,3.0402199706135753,-0.2844365445726888,-0.8187272865638352,2.5183643631677297,-1.3510574505149646
GHA,129,Ablekuma North,1,2014,DHS 2014,-1.477208989329805,-0.3916235226864303,2.5105961796348697,0.1707239750288364,-0.8363835159309178,2.0132519364807107,-1.432776939316098
GHA,129,Ablekuma North,2,2022,DHS 2022,-1.477208989329805,-0.0598058670500421,3.0816754898898475,-0.2844365445726888,-0.8363835159309178,2.0132519364807107,-1.432776939316098
GHA,130,Ablekuma West,1,2014,DHS 2014,-1.62523079113725,-0.38638055084124207,2.2188599547957617,0.17071777401632157,-0.7588176995700368,2.5128665342454983,-1.3882026726972978
GHA,130,Ablekuma West,2,2022,DHS 2022,-1.62523079113725,-0.054468401043473474,2.796705363550473,-0.2844365445726888,-0.7588176995700368,2.5128665342454983,-1.3882026726972978
GHA,131,Accra,1,2014,DHS 2014,-1.624796918080697,-4.416938664964377,2.5915260220693077,0.17071777401632157,-0.8142676080162607,3.4278046916854756,-1.2247636950950311
GHA,131,Accra,2,2022,DHS 2022,-1.624796918080697,-4.16849371108262,3.050144489938534,-0.2844365445726888,-0.8142676080162607,3.4278046916854756,-1.2247636950950311
GHA,132,Ada East,1,2014,DHS 2014,-1.7565638715138407,-0.5449188109906322,-0.41262808472496504,1.1067668141434293,0.13226524637017256,0.10667690846139083,0.04560290354077243
GHA,132,Ada East,2,2022,DHS 2022,-1.7565638715138407,-0.4248356584057957,0.057254061218829554,0.6841244041697074,0.13226524637017256,0.10667690846139083,0.04560290354077243
GHA,133,Ada West,1,2014,DHS 2014,-1.6194273691701055,-0.5142190566748466,-0.5904750716000056,0.766597870617035,-0.035257307547256624,0.03417926901171219,0.9296591914803086
GHA,133,Ada West,2,2022,DHS 2022,-1.6194273691701055,-0.3386070356535484,-0.19368344607204876,0.3439182545682241,-0.035257307547256624,0.03417926901171219,0.9296591914803086
GHA,134,Adenta,1,2014,DHS 2014,-1.2685013367577835,-0.3673741604821081,1.8552103481155844,0.1707239750288364,-0.9019926485419503,1.723149692232024,-1.432776939316098
GHA,134,Adenta,2,2022,DHS 2022,-1.2685013367577835,-0.13440695323895882,2.813529587323948,-0.2844365445726888,-0.9019926485419503,1.723149692232024,-1.432776939316098
GHA,135,Ashaiman,1,2014,DHS 2014,-1.4761032919121655,-0.5286068198554604,1.9371768685905106,0.1707239750288364,-0.7424460295998818,2.4755701681079025,-1.4922092948078316
GHA,135,Ashaiman,2,2022,DHS 2022,-1.4761032919121655,-0.35446991408912576,2.7517703479826134,-0.2844365445726888,-0.7424460295998818,2.4755701681079025,-1.4922092948078316
GHA,136,Ayawaso Central,1,2014,DHS 2014,-1.517580948169494,-0.5240079501273902,2.7040774882061203,0.1707239750288364,-0.8496898336539771,3.545452127324953,-1.1430442062938975
GHA,136,Ayawaso Central,2,2022,DHS 2022,-1.517580948169494,-0.25420736193593274,3.3540670184502153,-0.2844365445726888,-0.8496898336539771,3.545452127324953,-1.1430442062938975
GHA,137,Ayawaso East,1,2014,DHS 2014,-1.3243329971218667,-0.644094657206817,2.724340491478652,0.17071777401632157,-0.8850310080045934,2.304441540250203,-0.9053147843269634
GHA,137,Ayawaso East,2,2022,DHS 2022,-1.3243329971218667,-0.45468233401991565,3.285966196445769,-0.284430343560174,-0.8850310080045934,2.304441540250203,-0.9053147843269634
GHA,138,Ayawaso North,1,2014,DHS 2014,-1.5433803249113969,-0.520988476216354,2.6465245042022,0.1707239750288364,-0.8780488138262772,2.5611981491110196,-1.0167504508739635
GHA,138,Ayawaso North,2,2022,DHS 2022,-1.5433803249113969,-0.2706934771437605,3.239928449391634,-0.2844365445726888,-0.8780488138262772,2.5611981491110196,-1.0167504508739635
GHA,139,Ayawaso West,1,2014,DHS 2014,-1.2046794410026544,-0.5101622704529267,2.3918989731834364,0.17071777401632157,-0.918595211176732,1.47618195079542,-1.358486494951431
GHA,139,Ayawaso West,2,2022,DHS 2022,-1.2046794410026544,-0.3082625461477205,3.0373352621237877,-0.2844365445726888,-0.918595211176732,1.47618195079542,-1.358486494951431
GHA,140,Ga Central,1,2014,DHS 2014,-1.3300918158850192,-0.31534148369218606,1.712622177706268,0.1707239750288364,-0.7553727279350305,2.15744034621831,-1.432776939316098
GHA,140,Ga Central,2,2022,DHS 2022,-1.3300918158850192,0.02990089790218892,2.602360098501441,-0.2844365445726888,-0.7553727279350305,2.15744034621831,-1.432776939316098
GHA,141,Ga East,1,2014,DHS 2014,-1.056845252308594,-0.32333083347443575,1.7909117896221802,0.1707239750288364,-0.8768862294508007,1.7034450835560313,-1.299054139459698
GHA,141,Ga East,2,2022,DHS 2022,-1.056845252308594,-0.026543552946006285,2.7567828977831597,-0.2844365445726888,-0.8768862294508007,1.7034450835560313,-1.299054139459698
GHA,142,Ga North,1,2014,DHS 2014,-0.7847627897999244,-0.11213255132107396,1.216147260071208,0.1707239750288364,-0.7859417489986107,1.348289574728559,-1.2693379617138312
GHA,142,Ga North,2,2022,DHS 2022,-0.7847627897999244,0.25590406548444655,2.2263285595036386,-0.2844365445726888,-0.7859417489986107,1.348289574728559,-1.2693379617138312
GHA,143,Ga South,1,2014,DHS 2014,-1.2304153478513706,-0.150619880148277,-0.3861417890547116,0.14195127695999432,-0.654284363083567,1.3741551575920374,-0.8755986065810966
GHA,143,Ga South,2,2022,DHS 2022,-1.2304153478513706,0.26412168767901967,0.7417832773870682,-0.2905693459498623,-0.654284363083567,1.3741551575920374,-0.8755986065810966
GHA,144,Ga West,1,2014,DHS 2014,-1.3468004071211963,-0.1333857515594,0.6751239573832784,0.17071777401632157,-0.6234107229389997,1.3178349385619814,-1.2693379617138312
GHA,144,Ga West,2,2022,DHS 2022,-1.3468004071211963,0.2996626636267578,1.8802631292632834,-0.2844365445726888,-0.6234107229389997,1.3178349385619814,-1.2693379617138312
GHA,145,Korle-Klottey,1,2014,DHS 2014,-1.5232749798162615,-14.245756570044087,2.8588819578544777,0.1707239750288364,-0.8398108654131297,2.1731289928341035,-1.2619089172773645
GHA,145,Korle-Klottey,2,2022,DHS 2022,-1.5232749798162615,-14.053018393977375,3.297273259966066,-0.2844365445726888,-0.8398108654131297,2.1731289928341035,-1.2619089172773645
GHA,146,Kpone-Katamanso,1,2014,DHS 2014,-1.2677887392724663,-0.3344019762287201,1.0847347612108935,0.2949116526634701,-0.7456617009334655,1.2904900479004078,-1.2693379617138312
GHA,146,Kpone-Katamanso,2,2022,DHS 2022,-1.2677887392724663,-0.08453277791068087,2.17884982643471,-0.15344635620927935,-0.7456617009334655,1.2904900479004078,-1.2693379617138312
GHA,147,Krowor,1,2014,DHS 2014,-1.5470641118377546,-0.4613826948093834,2.3116835236291546,0.1707239750288364,-0.7707730563505484,2.2455973167994836,-1.128186117420964
GHA,147,Krowor,2,2022,DHS 2022,-1.5470641118377546,-0.18260654615481128,2.910530069570062,-0.2844365445726888,-0.7707730563505484,2.2455973167994836,-1.128186117420964
GHA,148,La-Dade-Kotopon,1,2014,DHS 2014,-1.449063293567171,-0.6114504558633496,2.3197655952295637,0.17071777401632157,-0.8565562099485657,1.8063336992263088,-1.3882026726972978
GHA,148,La-Dade-Kotopon,2,2022,DHS 2022,-1.449063293567171,-0.4022833596381258,2.956852204270503,-0.2844365445726888,-0.8565562099485657,1.8063336992263088,-1.3882026726972978
GHA,149,La-Nkwantanang-Madina,1,2014,DHS 2014,-0.971851283582388,-0.16739487882553247,1.55768560460951,0.17071777401632157,-0.9704836931589402,1.6653081188776082,-1.2099056062220976
GHA,149,La-Nkwantanang-Madina,2,2022,DHS 2022,-0.971851283582388,0.15397740975352928,2.6170497157739874,-0.2844365445726888,-0.9704836931589402,1.6653081188776082,-1.2099056062220976
GHA,150,Ledzokuku,1,2014,DHS 2014,-1.5201419543065786,-0.45184917102013067,2.1101923600311,0.1707239750288364,-0.7991831513817071,2.2152518481067878,-1.2099056062220976
GHA,150,Ledzokuku,2,2022,DHS 2022,-1.5201419543065786,-0.1558511729398115,2.869813265002416,-0.2844365445726888,-0.7991831513817071,2.2152518481067878,-1.2099056062220976
GHA,151,Ningo-Prampram,1,2014,DHS 2014,-1.523197425767339,-0.4927512018930819,-0.02672747973269187,0.7146209837176741,-0.46059737088326225,0.2458448479418062,-0.608153006868296
GHA,151,Ningo-Prampram,2,2022,DHS 2022,-1.523197425767339,-0.28055290654090076,0.919873578436492,0.2892687312749687,-0.46059737088326225,0.2458448479418062,-0.608153006868296
GHA,152,Okaikwei North,1,2014,DHS 2014,-1.2629533952961955,-0.5206784042661868,2.2353914254165694,0.17071777401632157,-0.8791317800415374,2.1910935613570497,-1.2247636950950311
GHA,152,Okaikwei North,2,2022,DHS 2022,-1.2629533952961955,-0.2887598190894356,2.8378481342769857,-0.284430343560174,-0.8791317800415374,2.1910935613570497,-1.2247636950950311
GHA,153,Shai Osudoku,1,2014,DHS 2014,-1.3611579778630725,-0.307717277445119,-0.5416275506097703,0.7418744337203812,-0.35468865721844495,-0.4484543724488986,-0.3035621849731618
GHA,153,Shai Osudoku,2,2022,DHS 2022,-1.3611579778630725,0.021178537475796975,-0.045512111798678825,0.27529164906652687,-0.35468865721844495,-0.4484543724488986,-0.3035621849731618
GHA,154,Tema,1,2014,DHS 2014,-1.634652868409839,-0.5358746072358846,2.3811149192194483,0.3338478102441294,-0.7066888769015228,1.850340577928671,-1.1876184729126975
GHA,154,Tema,2,2022,DHS 2022,-1.634652868409839,-0.3474823316718569,2.840382106628798,-0.11237084931100136,-0.7066888769015228,1.850340577928671,-1.1876184729126975
GHA,155,Tema West,1,2014,DHS 2014,-1.5635614204729213,-0.5215754756086906,2.1373919507227708,0.1707239750288364,-0.7867340027715349,1.8757134031969485,-1.440205983752565
GHA,155,Tema West,2,2022,DHS 2022,-1.5635614204729213,-0.29708998489194494,2.8565032039312284,-0.2844365445726888,-0.7867340027715349,1.8757134031969485,-1.440205983752565
GHA,156,Weija Gbawe,1,2014,DHS 2014,-1.5637463788749373,-0.22929432481311238,1.3780761801770078,0.17379967723619538,-0.7497867708930382,1.115901186919271,-1.4030607615702315
GHA,156,Weija Gbawe,2,2022,DHS 2022,-1.5637463788749373,0.16174919676949379,2.30632750020654,-0.2795997548111162,-0.7497867708930382,1.115901186919271,-1.4030607615702315
GHA,157,Bunkpurugu Nakpanduri,1,2014,DHS 2014,1.1738371351091388,-0.018497654386184056,-0.5990639553836712,1.7824911478851795,-0.16579138737919755,-0.45961382352265023,0.7959363916239077
GHA,157,Bunkpurugu Nakpanduri,2,2022,DHS 2022,1.1738371351091388,-0.31079699311512027,-0.5254319919419188,1.0866631315703288,-0.16579138737919755,-0.45961382352265023,0.7959363916239077
GHA,158,Chereponi,1,2014,DHS 2014,-0.1658980156161984,0.13163579557430105,-0.6150047890710059,1.9138285929494314,0.49467692054962364,-0.7868811089015444,1.9474382792762441
GHA,158,Chereponi,2,2022,DHS 2022,-0.1658980156161984,-0.19296258922470685,-0.5647800776900244,0.8596006563145551,0.49467692054962364,-0.7868811089015444,1.9474382792762441
GHA,159,East Mamprusi,1,2014,DHS 2014,0.9115231187792984,-0.0771148708366519,-0.6111517995380189,1.9153850470906437,-0.03677992524323046,-0.4421039440160403,2.014299679204445
GHA,159,East Mamprusi,2,2022,DHS 2022,0.9115231187792984,-0.32273464779088534,-0.5294583701227319,1.2222358681822025,-0.03677992524323046,-0.4421039440160403,2.014299679204445
GHA,160,Mamprugu Moagduri,1,2014,DHS 2014,-0.1575734892423916,-0.2929218091187741,-0.6296533215754289,2.310098096697541,1.0803750711166207,-1.202225541984408,1.2565371466848427
GHA,160,Mamprugu Moagduri,2,2022,DHS 2022,-0.1575734892423916,-0.31293670653393013,-0.5987677589786777,2.1249606670545895,1.0803750711166207,-1.202225541984408,1.2565371466848427
GHA,161,West Mamprusi,1,2014,DHS 2014,-0.19202167244455456,-0.22825733563810063,-0.620594978318495,2.184459382134436,-0.33857160612466125,-0.7498397036162239,1.0336658135908419
GHA,161,West Mamprusi,2,2022,DHS 2022,-0.19202167244455456,-0.31073772076377076,-0.5461185697258232,2.0074018717982933,-0.33857160612466125,-0.7498397036162239,1.0336658135908419
GHA,162,Yunyoo-Nasuan,1,2014,DHS 2014,0.4374630009933928,-0.04373539689793928,-0.6297108687249097,1.8961867123447211,-0.34236238596887303,-0.40649313843044277,2.1777386568067114
GHA,162,Yunyoo-Nasuan,2,2022,DHS 2022,0.4374630009933928,-0.3451975302465895,-0.6046129659080338,0.8812731950539092,-0.34236238596887303,-0.40649313843044277,2.1777386568067114
GHA,163,Gushegu,1,2014,DHS 2014,0.16574571328524126,0.19501317271515622,-0.6221674706303997,1.574471982062469,-0.5447025982941108,-0.8470943000581708,1.7765702572375108
GHA,163,Gushegu,2,2022,DHS 2022,0.16574571328524126,-0.19160661878191862,-0.6044220937203404,0.9422043440246941,-0.5447025982941108,-0.8470943000581708,1.7765702572375108
GHA,164,Karaga,1,2014,DHS 2014,-0.21529477721186377,0.05227214825709189,-0.6247481297073956,1.9870625507496407,-0.1906932939561386,-1.1271468581429813,1.702279812872844
GHA,164,Karaga,2,2022,DHS 2022,-0.21529477721186377,-0.27479462530465765,-0.600082900687619,1.1502421128849492,-0.1906932939561386,-1.1271468581429813,1.702279812872844
GHA,165,Kpandai,1,2014,DHS 2014,-0.2680970268695409,0.28015624358708047,-0.6150388625064622,1.4387070140626355,0.682164948953045,-0.43499117136570725,1.5611279685799768
GHA,165,Kpandai,2,2022,DHS 2022,-0.2680970268695409,0.23218727735918915,-0.5882992050332314,0.451660847013511,0.682164948953045,-0.43499117136570725,1.5611279685799768
GHA,166,Kumbungu,1,2014,DHS 2014,-0.4043436233529794,-0.1546081154030987,-0.6139168815533004,2.159816558400475,0.14974631578477973,-0.7101412894222359,1.2936823688671761
GHA,166,Kumbungu,2,2022,DHS 2022,-0.4043436233529794,-0.3736479357584757,-0.5103902600487713,1.792511984109167,0.14974631578477973,-0.7101412894222359,1.2936823688671761
GHA,167,Mion,1,2014,DHS 2014,0.12458609550290298,0.30656373795490754,-0.6281449382349488,1.4134750941397765,-0.5740713490530456,-1.1553421799754893,1.917722101530378
GHA,167,Mion,2,2022,DHS 2022,0.12458609550290298,3.463371162150317e-4,-0.6082062266882823,0.6634874345203311,-0.5740713490530456,-1.1553421799754893,1.917722101530378
GHA,168,Nanton,1,2014,DHS 2014,-0.21111273541201347,0.18015363116165153,-0.6227092561499575,2.210305202296275,-0.7993920163553409,-0.4631183493081744,0.9148011026073748
GHA,168,Nanton,2,2022,DHS 2022,-0.21111273541201347,-0.18496543801926554,-0.4278737006243317,1.1734649047530124,-0.7993920163553409,-0.4631183493081744,0.9148011026073748
GHA,169,Nanumba North,1,2014,DHS 2014,-0.149520837736718,0.3312239905014118,-0.6204979593790001,1.2916313992357396,-0.10989986353764128,-0.615739217699121,1.0336658135908419
GHA,169,Nanumba North,2,2022,DHS 2022,-0.149520837736718,0.25630816997332,-0.5882062223921672,0.3990204517750626,-0.10989986353764128,-0.615739217699121,1.0336658135908419
GHA,170,Nanumba South,1,2014,DHS 2014,-0.24985303974346115,0.3697843480356514,-0.6210749898908997,1.0287146696191802,-0.09960141375000126,-0.8271214515008185,1.3902599465412429
GHA,170,Nanumba South,2,2022,DHS 2022,-0.24985303974346115,0.2660415763804414,-0.5853960751587561,0.44484593425970553,-0.09960141375000126,-0.8271214515008185,1.3902599465412429
GHA,171,Saboba,1,2014,DHS 2014,-0.37453741576157473,0.3457071249264868,-0.6227130408905628,1.550250827179517,-0.21513415830665422,-0.8794935507564787,1.3679728132318432
GHA,171,Saboba,2,2022,DHS 2022,-0.37453741576157473,0.013347293459413344,-0.5947657649433362,0.9025302659547693,-0.21513415830665422,-0.8794935507564787,1.3679728132318432
GHA,172,Sagnerigu,1,2014,DHS 2014,-0.0350127201996326,0.08159875976661421,0.2725101517867528,2.088610331692594,-1.1609170892420115,1.2845688503521886,-0.6601563179235627
GHA,172,Sagnerigu,2,2022,DHS 2022,-0.0350127201996326,-0.18367169431294078,1.358022447950301,1.0604700547076589,-1.1609170892420115,1.2845688503521886,-0.6601563179235627
GHA,173,Savelugu,1,2014,DHS 2014,-0.41941314310105987,-0.027317047898663724,-0.6047450810478469,2.2324180129241826,-0.798458732281287,-0.6463545704189947,1.0039496358449755
GHA,173,Savelugu,2,2022,DHS 2022,-0.41941314310105987,-0.3169636719311056,-0.4830819582060758,1.4092832096797354,-0.798458732281287,-0.6463545704189947,1.0039496358449755
GHA,174,Tamale,1,2014,DHS 2014,-0.3305692349407577,0.11699644803632386,-0.10578566389863273,2.031988886419632,-0.8977184803076794,0.6027191753289286,-0.4892882958848289
GHA,174,Tamale,2,2022,DHS 2022,-0.3305692349407577,-0.1310429241640031,0.563459871418447,1.007885468581844,-0.8977184803076794,0.6027191753289286,-0.4892882958848289
GHA,175,Tatale Sanguli,1,2014,DHS 2014,-0.1379062525830169,0.44739253664793954,-0.6237804850315453,1.1279308698565669,0.47672886408596216,-0.7378532962183039,1.8434316571657112
GHA,175,Tatale Sanguli,2,2022,DHS 2022,-0.1379062525830169,0.31685155319357683,-0.5776650141904521,0.3352120329973935,0.47672886408596216,-0.7378532962183039,1.8434316571657112
GHA,176,Tolon,1,2014,DHS 2014,-0.4095796058312615,-0.17698749031706515,-0.6131857931035716,2.03492196533915,0.07940876679605631,-0.5881970908691648,2.2223129234255117
GHA,176,Tolon,2,2022,DHS 2022,-0.4095796058312615,-0.334906391324667,-0.47934526368960256,1.774863902491942,0.07940876679605631,-0.5881970908691648,2.2223129234255117
GHA,177,Yendi,1,2014,DHS 2014,-0.1205621923460273,0.36550898347756366,-0.5874511647452392,1.4189443871778393,-0.8968418843636995,-0.4616055123916304,0.7959363916239077
GHA,177,Yendi,2,2022,DHS 2022,-0.1205621923460273,0.05836759869446949,-0.4663405737291531,0.6947219345575633,-0.8968418843636995,-0.4616055123916304,0.7959363916239077
GHA,178,Zabzugu,1,2014,DHS 2014,-0.2864454191328164,0.452251484590576,-0.6134302521884647,1.2806618080969936,0.1874185506302044,-0.6797625643570562,1.1228143468284426
GHA,178,Zabzugu,2,2022,DHS 2022,-0.2864454191328164,0.31534047753230393,-0.5823574932714352,0.5303082887391842,0.1874185506302044,-0.6797625643570562,1.1228143468284426
GHA,179,Biakoye,1,2014,DHS 2014,0.5870708611214452,0.227135832761469,-0.6164210476897604,0.23577879732198773,-0.30793676738196907,-0.7720579240862675,0.4913455697287741
GHA,179,Biakoye,2,2022,DHS 2022,0.5870708611214452,0.173123579458369,-0.5027520406497499,0.18930840953580186,-0.30793676738196907,-0.7720579240862675,0.4913455697287741
GHA,180,Jasikan,1,2014,DHS 2014,1.057044101417336,0.3354670414723155,-0.6017299145634826,-1.0986232867582266,-0.7128398044084089,-0.45774323825516616,0.19418379227010632
GHA,180,Jasikan,2,2022,DHS 2022,1.057044101417336,0.3080993719424407,-0.4023650736678572,-1.1541409518035592,-0.7128398044084089,-0.45774323825516616,0.19418379227010632
GHA,181,Kadjebi,1,2014,DHS 2014,0.7871443385431943,0.31825174708854,-0.6114982711543293,-1.2938683668003734,-0.5305663408689582,-0.45888746794707025,-0.028687540823894103
GHA,181,Kadjebi,2,2022,DHS 2022,0.7871443385431943,0.23438561685760462,-0.482415172999955,-1.409783893740215,-0.5305663408689582,-0.45888746794707025,-0.028687540823894103
GHA,182,Krachi East,1,2014,DHS 2014,-0.3802668908448632,0.2828624603514986,-0.6268525813893044,0.71325676096441,0.9933233348324925,-1.072274499410216,1.0113786802814422
GHA,182,Krachi East,2,2022,DHS 2022,-0.3802668908448632,0.17650136488901177,-0.5767294478367112,0.45744019067733876,0.9933233348324925,-1.072274499410216,1.0113786802814422
GHA,183,Krachi Nchumuru,1,2014,DHS 2014,-0.5019683440029851,0.17253020967313037,-0.6273785814029608,1.5444280764280856,1.2894243342518599,-0.7537988376173739,1.4571213464694435
GHA,183,Krachi Nchumuru,2,2022,DHS 2022,-0.5019683440029851,0.244084216915102,-0.5906590716474331,0.5323422208440507,1.2894243342518599,-0.7537988376173739,1.4571213464694435
GHA,184,Krachi West,1,2014,DHS 2014,-0.6220219306750402,0.26935501161032,-0.6248035125862371,1.0063848235532535,1.9887301684190302,-0.7636463024250228,0.7290749916957079
GHA,184,Krachi West,2,2022,DHS 2022,-0.6220219306750402,0.15796352154405027,-0.5483298981461979,0.6905300500975338,1.9887301684190302,-0.7636463024250228,0.7290749916957079
GHA,185,Nkwanta North,1,2014,DHS 2014,-0.40111938520305607,0.37244717226870777,-0.6253580601593242,0.9681183753241965,0.03878078737076674,-0.4163885761432548,2.0514449013867786
GHA,185,Nkwanta North,2,2022,DHS 2022,-0.40111938520305607,0.22536384796481657,-0.5648527989033342,0.46867642535422277,0.03878078737076674,-0.4163885761432548,2.0514449013867786
GHA,186,Nkwanta South,1,2014,DHS 2014,1.0460099050697855,0.32798699998635783,-0.627514383086573,-0.03496981110081024,0.47382439360127665,-0.9377266279712033,1.130243391264909
GHA,186,Nkwanta South,2,2022,DHS 2022,1.0460099050697855,0.20023070915100366,-0.5797990206309208,-0.6931576814506023,0.47382439360127665,-0.9377266279712033,1.130243391264909
GHA,187,Bole,1,2014,DHS 2014,0.44286726380150293,-0.06863587788402518,-0.6218177384674215,0.3235107223818967,1.2162448415736076,-1.533662743486418,0.714216902822775
GHA,187,Bole,2,2022,DHS 2022,0.44286726380150293,-0.07607723538989647,-0.5989167349031183,0.15126519775727898,1.2162448415736076,-1.533662743486418,0.714216902822775
GHA,188,Central Gonja,1,2014,DHS 2014,-0.40087912369168305,-0.07622883227605827,-0.6236962456631899,1.404973505981924,0.7592064531895159,-1.5298983698138626,2.5417618341935797
GHA,188,Central Gonja,2,2022,DHS 2022,-0.40087912369168305,-0.15661663565794026,-0.6089095062186475,0.9925379626076233,0.7592064531895159,-1.5298983698138626,2.5417618341935797
GHA,189,East Gonja,1,2014,DHS 2014,-0.5471348331647695,-0.2167621001331561,-0.6297108687249097,1.47996855133637,2.482550023672048,-0.9074679733199005,0.8330816138062411
GHA,189,East Gonja,2,2022,DHS 2022,-0.5471348331647695,-0.2653537030238216,-0.627165986772311,0.5670058808019875,2.482550023672048,-0.9074679733199005,0.8330816138062411
GHA,190,North East Gonja,1,2014,DHS 2014,-0.4720095006403539,0.11886509662092479,-0.6258962191982508,1.4188389699650987,0.7543459237446398,-2.1487868477635397,2.437755212083046
GHA,190,North East Gonja,2,2022,DHS 2022,-0.4720095006403539,0.11603073340218704,-0.6090518247364812,0.6932584956040618,0.7543459237446398,-2.1487868477635397,2.437755212083046
GHA,191,North Gonja,1,2014,DHS 2014,0.6047946058791066,-0.22823896305567298,-0.6288183018307824,1.6537519270646557,1.9336282444117243,-1.7666259008124654,2.289174323353712
GHA,191,North Gonja,2,2022,DHS 2022,0.6047946058791066,-0.3188839299306666,-0.6207762838152396,1.4044340178931332,1.9336282444117243,-1.7666259008124654,2.289174323353712
GHA,192,Sawla-Tuna-Kalba,1,2014,DHS 2014,1.0964891404248553,-0.0988061509926623,-0.624277977912754,0.8975694559428999,2.1294887062283827,-1.3214411516528908,1.9771544570221116
GHA,192,Sawla-Tuna-Kalba,2,2022,DHS 2022,1.0964891404248553,-0.2356277879012361,-0.604419877170157,0.7808291943385851,2.1294887062283827,-1.3214411516528908,1.9771544570221116
GHA,193,West Gonja,1,2014,DHS 2014,0.2926005488946246,-0.11365646009268576,-0.6238862889058577,1.0327143226912499,1.562435217948165,-1.7317899008894808,0.8999430137344419
GHA,193,West Gonja,2,2022,DHS 2022,0.2926005488946246,-0.2310884674981198,-0.6008369040857647,0.8372522072110838,1.562435217948165,-1.7317899008894808,0.8999430137344419
GHA,194,Bawku,1,2014,DHS 2014,0.3553759788510981,-0.31853766676285294,-0.43622294596561917,2.1477679910841356,-0.6054956369241848,0.4884049347481104,-0.29613314053669487
GHA,194,Bawku,2,2022,DHS 2022,0.3553759788510981,-0.4756791490250679,0.06292352874744103,1.7696240469168933,-0.6054956369241848,0.4884049347481104,-0.29613314053669487
GHA,195,Bawku West,1,2014,DHS 2014,0.33779840823350127,-0.2733655338302981,-0.6132713311550131,1.9168856921192459,-0.21230686435860494,-0.31635993698346027,1.4868375242153102
GHA,195,Bawku West,2,2022,DHS 2022,0.33779840823350127,-0.38417477921777404,-0.5023595612259841,1.6557300500568886,-0.21230686435860494,-0.31635993698346027,1.4868375242153102
GHA,196,Binduri,1,2014,DHS 2014,0.33346429808164835,-0.3104294953042999,-0.6272532900793699,1.8766473219104707,-0.8188841343394611,-0.08131983076582631,1.9474382792762441
GHA,196,Binduri,2,2022,DHS 2022,0.33346429808164835,-0.4381219437238314,-0.4215782376597358,1.5555774969297618,-0.8188841343394611,-0.08131983076582631,1.9474382792762441
GHA,197,Bolga East,1,2014,DHS 2014,0.28981354778665336,-0.18377445152018687,-0.1831045204574262,2.1701598472752224,-1.3052615360996467,0.559107820967218,-0.19955556286262807
GHA,197,Bolga East,2,2022,DHS 2022,0.28981354778665336,-0.1732944166000384,0.7140455334412535,1.9994769778043435,-1.3052615360996467,0.559107820967218,-0.19955556286262807
GHA,198,Bolgatanga,1,2014,DHS 2014,0.06362889675947375,-0.26488414043976627,-0.22777787574555003,2.177929715956301,-1.0854077568807405,0.42653791139005764,-0.5487206513765625
GHA,198,Bolgatanga,2,2022,DHS 2022,0.06362889675947375,-0.2729918964379127,0.4217427607429829,2.0049152657798555,-1.0854077568807405,0.42653791139005764,-0.5487206513765625
GHA,199,Bongo,1,2014,DHS 2014,0.5848109114125791,-0.28189493597893234,-0.6204040540891005,2.1708481596643576,-0.8770055505335781,0.145886055459869,1.9622963681491783
GHA,199,Bongo,2,2022,DHS 2022,0.5848109114125791,-0.3992352651212977,-0.21529950699419415,1.999284746416372,-0.8770055505335781,0.145886055459869,1.9622963681491783
GHA,200,Builsa North,1,2014,DHS 2014,0.11967159654489964,-0.3124514949412241,-0.6133989456684434,2.49526653140309,-0.18213221858196213,-0.7319163801747661,0.8999430137344419
GHA,200,Builsa North,2,2022,DHS 2022,0.11967159654489964,-0.30549834957544025,-0.5046772741930381,2.227054137098849,-0.18213221858196213,-0.7319163801747661,0.8999430137344419
GHA,201,Builsa South,1,2014,DHS 2014,0.04214510798475859,-0.34235250354408114,-0.6257128612601146,2.3915545970924357,0.3831473770886394,-1.2605458853579894,2.044015856950312
GHA,201,Builsa South,2,2022,DHS 2022,0.04214510798475859,-0.2821370109092102,-0.58220482499695,2.1571873290941843,0.3831473770886394,-1.2605458853579894,2.044015856950312
GHA,202,Garu,1,2014,DHS 2014,0.4119270283612088,-0.25322041265878925,-0.6209187725510252,1.7028081370695285,-0.5198034518133907,-0.4643622088787477,1.2713952355577762
GHA,202,Garu,2,2022,DHS 2022,0.4119270283612088,-0.3961890632574333,-0.5215534035875404,1.4183366879513855,-0.5198034518133907,-0.4643622088787477,1.2713952355577762
GHA,203,Kasena Nankana East,1,2014,DHS 2014,-0.004726313825038418,-0.28409013644316433,-0.5500697028209371,2.428363807380506,-0.5536884100136535,-0.33716060612132576,0.46162939198290687
GHA,203,Kasena Nankana East,2,2022,DHS 2022,-0.004726313825038418,-0.3279776196360736,-0.3240512197127056,2.179932642998605,-0.5536884100136535,-0.33716060612132576,0.46162939198290687
GHA,204,Kasena Nankana West,1,2014,DHS 2014,0.6739476078924087,-0.3124111491195111,-0.6156997270302491,2.4514749810233023,-0.2304061953266771,-0.4784169100602226,1.9325801904033115
GHA,204,Kasena Nankana West,2,2022,DHS 2022,0.6739476078924087,-0.35218280455048806,-0.5408750447127898,2.1926199146039607,-0.2304061953266771,-0.4784169100602226,1.9325801904033115
GHA,205,Nabdam,1,2014,DHS 2014,0.6316899528519537,-0.24909175178651807,-0.6121075741898259,2.1701598472752224,-0.7528856158461982,-0.01757790333873794,3.046936855873314
GHA,205,Nabdam,2,2022,DHS 2022,0.6316899528519537,-0.30581326856368496,-0.4514376353807308,1.9994707767918172,-0.7528856158461982,-0.01757790333873794,3.046936855873314
GHA,206,Pusiga,1,2014,DHS 2014,0.7023240811593879,-0.33663027503868226,-0.6032402391633431,2.295693144625576,-1.026906110892818,0.2184258102681521,0.9816625025355751
GHA,206,Pusiga,2,2022,DHS 2022,0.7023240811593879,-0.4597781405566131,-0.2197051190032176,1.8902709464055554,-1.026906110892818,0.2184258102681521,0.9816625025355751
GHA,207,Talensi,1,2014,DHS 2014,0.1210278906097759,-0.21879684055588436,-0.6078190090377057,2.170104038162589,-0.601255377495649,-0.4793921288744567,2.1257353457514454
GHA,207,Talensi,2,2022,DHS 2022,0.1210278906097759,-0.20674959665729709,-0.4201340980899845,1.9994149676791952,-0.601255377495649,-0.4793921288744567,2.1257353457514454
GHA,208,Tempane,1,2014,DHS 2014,0.6677406900621614,-0.29294415165619864,-0.6291693633536714,1.7451982586209518,-0.6941430718448481,0.008196819617535994,1.7171379017457773
GHA,208,Tempane,2,2022,DHS 2022,0.6677406900621614,-0.44784353259049686,-0.524752603757962,1.4285373535383032,-0.6941430718448481,0.008196819617535994,1.7171379017457773
GHA,209,Daffiama-Bussie-Issa,1,2014,DHS 2014,1.2048198459313355,-0.32320541059389324,-0.6290304469921502,1.8912259023328402,2.385167034918271,-1.3223342260016775,0.8256525693697749
GHA,209,Daffiama-Bussie-Issa,2,2022,DHS 2022,1.2048198459313355,-0.1664483676946368,-0.5924805064319276,1.665335418442382,2.385167034918271,-1.3223342260016775,0.8256525693697749
GHA,210,Jirapa,1,2014,DHS 2014,1.2634880755255913,-0.3341113385931309,-0.6163495253846137,2.0990776408176615,2.256087950424894,-0.6673047216920592,1.6725636351269773
GHA,210,Jirapa,2,2022,DHS 2022,1.2634880755255913,-0.18538080610138608,-0.5272133345510047,1.8849566786803402,2.256087950424894,-0.6673047216920592,1.6725636351269773
GHA,211,Lambussie-Karni,1,2014,DHS 2014,1.3776570384865685,-0.298129743803001,-0.6262618430629481,2.200923070361327,2.0524412571692823,-0.7910756969984415,1.2342500133754426
GHA,211,Lambussie-Karni,2,2022,DHS 2022,1.3776570384865685,-0.13778159963541797,-0.5564547048934922,1.9414665057280467,2.0524412571692823,-0.7910756969984415,1.2342500133754426
GHA,212,Lawra,1,2014,DHS 2014,1.0229143214596648,-0.13194262675574894,-0.6036035382599467,2.2176410001013385,1.9812914967888076,-0.4378834275659025,0.8850849248615085
GHA,212,Lawra,2,2022,DHS 2022,1.0229143214596648,-0.04862859724299113,-0.4198298422286116,1.9674239441151529,1.9812914967888076,-0.4378834275659025,0.8850849248615085
GHA,213,Nadowli-Kaleo,1,2014,DHS 2014,1.2181412281104989,-0.3054452629679232,-0.6196695645819511,1.8275911119055748,2.059197123457491,-0.7425230501701658,0.966804413662642
GHA,213,Nadowli-Kaleo,2,2022,DHS 2022,1.2181412281104989,-0.1519853600181509,-0.5036770011884647,1.8370476559907123,2.059197123457491,-0.7425230501701658,0.966804413662642
GHA,214,Nandom,1,2014,DHS 2014,1.0287532273932751,-0.2223890958808961,-0.6143895583824975,2.230811950682828,1.6442226014788013,-0.3530441913260946,0.3130485032535734
GHA,214,Nandom,2,2022,DHS 2022,1.0287532273932751,-0.12198367151008106,-0.3819430064749517,1.9706608726478978,1.6442226014788013,-0.3530441913260946,0.3130485032535734
GHA,215,Sissala East,1,2014,DHS 2014,1.0794318700755978,-0.338389334400461,-0.6273425173419588,1.962760782703996,1.3579248268905293,-1.6355501886357997,0.09017717015957301
GHA,215,Sissala East,2,2022,DHS 2022,1.0794318700755978,-0.2326733104627077,-0.6011531842863218,1.692762496795493,1.3579248268905293,-1.6355501886357997,0.09017717015957301
GHA,216,Sissala West,1,2014,DHS 2014,1.327195960546663,-0.3631934285722028,-0.6248194831581275,1.9934061865523185,1.787124247846079,-1.2265689960914024,0.3501937254359065
GHA,216,Sissala West,2,2022,DHS 2022,1.327195960546663,-0.15960785826132395,-0.5756541711469104,1.7404606850596165,1.787124247846079,-1.2265689960914024,0.3501937254359065
GHA,217,Wa East,1,2014,DHS 2014,1.021386180429839,-0.26401933652217946,-0.6286325424960614,1.6774894029714504,2.33977491710074,-1.4580595462645756,1.568557013016444
GHA,217,Wa East,2,2022,DHS 2022,1.021386180429839,-0.2325803396561517,-0.6180681478702583,1.4158066748453435,2.33977491710074,-1.4580595462645756,1.568557013016444
GHA,218,Wa Municipal,1,2014,DHS 2014,1.5088287995513099,-0.2699997505891809,-0.31247644038100886,1.7137405221331854,1.6659575099574369,0.27813860516703015,-0.8235952955258298
GHA,218,Wa Municipal,2,2022,DHS 2022,1.5088287995513099,-0.14280359270653298,0.23445512460758638,1.5083629876417954,1.6659575099574369,0.27813860516703015,-0.8235952955258298
GHA,219,Wa West,1,2014,DHS 2014,1.0750277241795392,-0.20672152999871415,-0.6272908002975393,1.6346652105439885,1.9177814704324874,-0.7714357837870508,2.5491908786300463
GHA,219,Wa West,2,2022,DHS 2022,1.0750277241795392,-0.17899453337934973,-0.5911439316918958,1.4118752329109372,1.9177814704324874,-0.7714357837870508,2.5491908786300463
GHA,220,Adaklu,1,2014,DHS 2014,-1.0286189830161676,-0.0794509585410075,-0.6084605211059164,0.22036928122261865,-0.5615371151689891,-0.9564218647076006,0.4170551253641071
GHA,220,Adaklu,2,2022,DHS 2022,-1.0286189830161676,0.33409445261326104,-0.4708210381177697,-0.16591659237661585,-0.5615371151689891,-0.9564218647076006,0.4170551253641071
GHA,221,Afadzato South,1,2014,DHS 2014,0.3544320596021801,0.1606953122046114,-0.5960264857287192,-0.12443801966487349,-0.8706303652087497,-0.3272433501017021,0.36505181430884026
GHA,221,Afadzato South,2,2022,DHS 2022,0.3544320596021801,0.3887595327020188,-0.2353383305202484,-0.23032030835570935,-0.8706303652087497,-0.3272433501017021,0.36505181430884026
GHA,222,Agotime Ziope,1,2014,DHS 2014,-1.0008555656906573,-0.11940043102603294,-0.5630332947453072,-0.48013429852841877,-0.29050113339745876,-0.3610076729050113,-0.1401232073708945
GHA,222,Agotime Ziope,2,2022,DHS 2022,-1.0008555656906573,0.31628791190854777,-0.3664338153428349,-0.7208700063794073,-0.29050113339745876,-0.3610076729050113,-0.1401232073708945
GHA,223,Akatsi North,1,2014,DHS 2014,-1.1609205568155638,-0.14638790812155086,-0.6058285198394779,0.43081304293863015,0.835868338038076,-0.47611340560606874,0.8702268359885746
GHA,223,Akatsi North,2,2022,DHS 2022,-1.1609205568155638,0.1515498284351747,-0.4818552751778552,-0.03247080305733107,0.835868338038076,-0.47611340560606874,0.8702268359885746
GHA,224,Akatsi South,1,2014,DHS 2014,-1.4904543170679947,-0.26458076201837305,-0.5231566632969544,0.48422236372891825,0.49650877517987707,-0.16243627508713332,0.1867547478336396
GHA,224,Akatsi South,2,2022,DHS 2022,-1.4904543170679947,-0.046924563303960526,-0.2270359837803471,0.023958410827682478,0.49650877517987707,-0.16243627508713332,0.1867547478336396
GHA,225,Anloga,1,2014,DHS 2014,-1.8071657162840193,-0.4218803500464541,-0.5459587252969014,1.1501180926346524,0.857772673961652,0.3720126118836283,0.29819041438064003
GHA,225,Anloga,2,2022,DHS 2022,-1.8071657162840193,-0.33946777729160355,-0.19007651784605453,0.7274756826609305,0.857772673961652,0.3720126118836283,0.29819041438064003
GHA,226,Central Tongu,1,2014,DHS 2014,-1.436589514118666,-0.22860512216073856,-0.5963715306291846,0.5204238747905346,0.12355374575196125,-0.3773169355165513,0.6250683695851742
GHA,226,Central Tongu,2,2022,DHS 2022,-1.436589514118666,0.10519949595161257,-0.3797037090973777,0.04256764938470728,0.12355374575196125,-0.3773169355165513,0.6250683695851742
GHA,227,Ho Municipal,1,2014,DHS 2014,0.06284375067338774,-0.013488494425407964,-0.1843926179891812,-0.8236021807127062,-0.9775709302299684,0.21677417174081534,-1.1207570729844973
GHA,227,Ho Municipal,2,2022,DHS 2022,0.06284375067338774,0.32531429702807657,0.3771411290475842,-0.8723731441418965,-0.9775709302299684,0.21677417174081534,-1.1207570729844973
GHA,228,Ho West,1,2014,DHS 2014,0.8713756147726026,-0.018588317079369733,-0.5938539601202744,0.40937614267483985,-0.6494843434404551,-0.6195578061653748,0.023315770231372344
GHA,228,Ho West,2,2022,DHS 2022,0.8713756147726026,0.32901604925137556,-0.37940984290802926,0.08474073549811136,-0.6494843434404551,-0.6195578061653748,0.023315770231372344
GHA,229,Hohoe,1,2014,DHS 2014,1.0998411289600432,0.35739845774337264,-0.5344115700023108,-1.0850802754258233,-0.9216226121007913,-0.17955307284959982,-0.652727273487096
GHA,229,Hohoe,2,2022,DHS 2022,1.0998411289600432,0.469968655145591,0.02245351908043857,-1.133646605442024,-0.9216226121007913,-0.17955307284959982,-0.652727273487096
GHA,230,Keta Municipal,1,2014,DHS 2014,-1.7815513194756656,-0.33481005067259034,-0.5230728809452124,0.9929534304461173,0.7953868560275844,-0.23716747284378561,-0.177268429553228
GHA,230,Keta Municipal,2,2022,DHS 2022,-1.7815513194756656,-0.24955263586430107,-0.13425687053660676,0.5616482059891688,0.7953868560275844,-0.23716747284378561,-0.177268429553228
GHA,231,Ketu North,1,2014,DHS 2014,-1.4834142049023809,-0.2498905436617141,-0.5323268459477541,0.3855518525928374,0.5641842113636132,0.12504490085516806,-0.028687540823894103
GHA,231,Ketu North,2,2022,DHS 2022,-1.4834142049023809,-0.1272399842505497,0.013526688277949795,-0.0707620553364474,0.5641842113636132,0.12504490085516806,-0.028687540823894103
GHA,232,Ketu South,1,2014,DHS 2014,-1.6684971453055177,-0.3786312910117718,-0.08457974176937516,0.22547891553484406,0.1843274551779726,0.8882193735309386,-0.1475522518073612
GHA,232,Ketu South,2,2022,DHS 2022,-1.6684971453055177,-0.2941629278402558,0.6007140877685653,-0.20621697271053926,0.1843274551779726,0.8882193735309386,-0.1475522518073612
GHA,233,Kpando,1,2014,DHS 2014,-0.542070616591548,0.005035869537470944,-0.4655743200243494,0.14556646725614408,-0.5917163787989244,-0.11164777519661949,-0.3109912294096285
GHA,233,Kpando,2,2022,DHS 2022,-0.542070616591548,0.11455464873960818,0.13101256216436277,0.07508575901251069,-0.5917163787989244,-0.11164777519661949,-0.3109912294096285
GHA,234,North Dayi,1,2014,DHS 2014,-0.2879289772236224,-0.003351260503017541,-0.5839137124948538,0.15040325701771667,-0.3502193183340976,-0.6053005287409934,0.1867547478336396
GHA,234,North Dayi,2,2022,DHS 2022,-0.2879289772236224,0.2540398484775166,-0.32265553556236176,0.012226095149611529,-0.3502193183340976,-0.6053005287409934,0.1867547478336396
GHA,235,North Tongu,1,2014,DHS 2014,-1.4903031201098003,-0.24153618883108396,-0.6055932301307149,0.923533095342521,0.2576550376342266,-0.5124200903295381,0.8033654360603748
GHA,235,North Tongu,2,2022,DHS 2022,-1.4903031201098003,0.11151172439672945,-0.4248159529640278,0.38397059440155407,0.2576550376342266,-0.5124200903295381,0.8033654360603748
GHA,236,South Dayi,1,2014,DHS 2014,-0.006807931777824807,0.017442163551943068,-0.5642962914625813,0.20667744558985932,-0.5468586580727643,-0.205539597955378,0.10503525903250598
GHA,236,South Dayi,2,2022,DHS 2022,-0.006807931777824807,0.2960193528339949,-0.21459916349550504,0.03919429857663614,-0.5468586580727643,-0.205539597955378,0.10503525903250598
GHA,237,South Tongu,1,2014,DHS 2014,-1.729003002586287,-0.3956910185543883,-0.5199344603776614,0.8738195780110756,0.37537982937795084,-0.1485462352728202,0.35762276987237357
GHA,237,South Tongu,2,2022,DHS 2022,-1.729003002586287,-0.27366051071902336,-0.13705011507072906,0.4355320134624209,0.37537982937795084,-0.1485462352728202,0.35762276987237357
GHA,238,Ahanta West,1,2014,DHS 2014,-1.0642919546426939,-0.2137414260031673,-0.3759778475466219,-1.084032304310816,1.2074071033001368,0.13584108700554554,-0.028687540823894103
GHA,238,Ahanta West,2,2022,DHS 2022,-1.0642919546426939,0.40655665630418125,0.02393178995687502,-0.931537004545953,1.2074071033001368,0.13584108700554554,-0.028687540823894103
GHA,239,Effia Kwesimintsim,1,2014,DHS 2014,-1.5011527025598634,-0.11323555253847649,0.7839210108021958,-1.0356023965699417,0.3074315682985411,1.2671906985165808,-1.358486494951431
GHA,239,Effia Kwesimintsim,2,2022,DHS 2022,-1.5011527025598634,0.5986557619409227,1.5108762846238923,-0.9819326332540305,0.3074315682985411,1.2671906985165808,-1.358486494951431
GHA,240,Ellembelle,1,2014,DHS 2014,-1.1797212227302245,0.2051072910797893,-0.5317252919828814,-0.8644730541979946,2.4437214146676434,-0.38108209400753595,0.4244841698005734
GHA,240,Ellembelle,2,2022,DHS 2022,-1.1797212227302245,1.117880451868089,-0.06315560225553923,-0.5850120231918511,2.4437214146676434,-0.38108209400753595,0.4244841698005734
GHA,241,Jomoro,1,2014,DHS 2014,-1.222624479257633,0.1393560654998403,-0.6072261178619303,-0.8865982668509318,2.1787576976607057,-0.6067173009962274,0.26847423663477327
GHA,241,Jomoro,2,2022,DHS 2022,-1.222624479257633,1.2397229869505764,-0.4993020054120472,-0.5724053647491881,2.1787576976607057,-0.6067173009962274,0.26847423663477327
GHA,242,Mpohor,1,2014,DHS 2014,-1.255987878493551,0.05508536915735745,-0.6014265718055943,-0.9174793091748182,0.628065789134275,-0.5079214928886855,0.28333232550770665
GHA,242,Mpohor,2,2022,DHS 2022,-1.255987878493551,1.050649356319634,-0.47927758497474804,-0.6677955402649204,0.628065789134275,-0.5079214928886855,0.28333232550770665
GHA,243,Nzema East,1,2014,DHS 2014,-1.2055386758274027,0.14046442154026195,-0.6117119342614072,-0.8862448091375861,2.6419956867869625,-0.5876976713916101,0.7885073471874414
GHA,243,Nzema East,2,2022,DHS 2022,-1.2055386758274027,1.025184772425845,-0.5555829522750128,-0.604303373125508,2.6419956867869625,-0.5876976713916101,0.7885073471874414
GHA,244,Prestea-Huni Valley,1,2014,DHS 2014,-0.8488640584629306,0.29986688549776264,-0.532964537443965,-0.7739382714813794,1.1539354570733475,-0.35424703129387775,0.14218048121483945
GHA,244,Prestea-Huni Valley,2,2022,DHS 2022,-0.8488640584629306,0.9461267193188644,-0.3728918469157845,-0.4568246924851478,1.1539354570733475,-0.35424703129387775,0.14218048121483945
GHA,245,Sekondi Takoradi,1,2014,DHS 2014,-1.5060988148746266,-0.1573989937659397,1.2730908969246688,-1.0369418152731464,0.12998880393327214,1.6041509045046842,-1.2767670061502976
GHA,245,Sekondi Takoradi,2,2022,DHS 2022,-1.5060988148746266,0.47559786668216647,1.8805523393089065,-0.9855044164625764,0.12998880393327214,1.6041509045046842,-1.2767670061502976
GHA,246,Shama,1,2014,DHS 2014,-1.5789274978253738,-0.11200283534966268,-0.1437305487001374,-0.9010590280355308,0.09614503486122784,0.6303185077020317,-0.414997851520162
GHA,246,Shama,2,2022,DHS 2022,-1.5789274978253738,0.6239626555292525,0.48182207757441553,-0.6241280101354407,0.09614503486122784,0.6303185077020317,-0.414997851520162
GHA,247,Tarkwa Nsuaem,1,2014,DHS 2014,-0.9538083249813437,0.16294729225775298,-0.22674412660571952,-0.8662465437772379,1.3322085857708972,0.052467426028856026,-0.6973015401058962
GHA,247,Tarkwa Nsuaem,2,2022,DHS 2022,-0.9538083249813437,1.0449996487363302,0.14156832680847367,-0.5883109618497442,1.3322085857708972,0.052467426028856026,-0.6973015401058962
GHA,248,Wassa Amenfi Central,1,2014,DHS 2014,-0.594344517891894,0.1344292590241168,-0.6254352302747148,-0.6010478415552187,1.272599636950075,-0.7820343995306012,0.7439330805686413
GHA,248,Wassa Amenfi Central,2,2022,DHS 2022,-0.594344517891894,0.773333966454862,-0.5937417208501548,-0.15208833446853012,1.272599636950075,-0.7820343995306012,0.7439330805686413
GHA,249,Wassa Amenfi East,1,2014,DHS 2014,-0.4494761484212195,-0.007928156991802448,-0.5919773495979556,-0.608098392784588,0.4074744405488196,-0.41330870961785354,0.5879231474028407
GHA,249,Wassa Amenfi East,2,2022,DHS 2022,-0.4494761484212195,0.4933313786798433,-0.4841390167819163,-0.21484258111867705,0.4074744405488196,-0.41330870961785354,0.5879231474028407
GHA,250,Wassa Amenfi West,1,2014,DHS 2014,-0.6336434059193171,0.17498345721216277,-0.6066369725930588,-0.693325108788503,2.0066104963677343,-0.5654399382296039,-0.19955556286262807
GHA,250,Wassa Amenfi West,2,2022,DHS 2022,-0.6336434059193171,0.8655358942849302,-0.5264517048098263,-0.24517793434125795,2.0066104963677343,-0.5654399382296039,-0.19955556286262807
GHA,251,Wassa East,1,2014,DHS 2014,-0.9056076831096392,0.15181387660473802,-0.5919225075138219,-0.8316138888818752,1.097357730848274,-0.8184271143129195,0.773649258314508
GHA,251,Wassa East,2,2022,DHS 2022,-0.9056076831096392,0.8571528265239734,-0.5543449581960168,-0.5622977143500044,1.097357730848274,-0.8184271143129195,0.773649258314508
GHA,252,Aowin,1,2014,DHS 2014,-0.4013272227587782,0.16225845890351842,-0.6198907910737068,-0.8625507403183952,2.030329489398956,-0.9214876841228398,0.7067878583863078
GHA,252,Aowin,2,2022,DHS 2022,-0.4013272227587782,0.9875680639619218,-0.5943475902583126,-0.3562752745570715,2.030329489398956,-0.9214876841228398,0.7067878583863078
GHA,253,Bia East,1,2014,DHS 2014,0.5346147371903414,-0.06131712736038462,-0.624127382791106,-0.6962643887205355,1.307674090463967,-0.7454626471654974,0.7365040361321745
GHA,253,Bia East,2,2022,DHS 2022,0.5346147371903414,0.4867349753165741,-0.6000245796632526,-0.06761814199142523,1.307674090463967,-0.7454626471654974,0.7365040361321745
GHA,254,Bia West,1,2014,DHS 2014,0.14492766937992743,0.019694512903224083,-0.6088044048986943,-0.7056031135678795,1.0002187982949466,-0.5678593604193094,0.4244841698005734
GHA,254,Bia West,2,2022,DHS 2022,0.14492766937992743,0.5443667196824555,-0.5633455859067641,-0.01840690667368154,1.0002187982949466,-0.5678593604193094,0.4244841698005734
GHA,255,Bibiani-Anhwiaso-Bekwai-,1,2014,DHS 2014,0.21000781726403384,0.04371864940487164,-0.44620301455932565,-0.36165155240743485,0.558376968914993,-0.06288267775459729,-0.6452982290506295
GHA,255,Bibiani-Anhwiaso-Bekwai-,2,2022,DHS 2022,0.21000781726403384,0.8877297892084587,-0.22741416686819552,0.07724991238018868,0.558376968914993,-0.06288267775459729,-0.6452982290506295
GHA,256,Bodi,1,2014,DHS 2014,0.11503383604837626,0.0783093289157868,-0.6208969953080934,-0.7859558337351329,0.566442394702437,-0.5069435310470306,-0.13269416293442782
GHA,256,Bodi,2,2022,DHS 2022,0.11503383604837626,0.7485202705314996,-0.5635663876863658,-0.3224611533136672,0.566442394702437,-0.5069435310470306,-0.13269416293442782
GHA,257,Juaboso,1,2014,DHS 2014,0.43232964033474575,0.11064221192786722,-0.616597229284671,-0.7032653318497861,1.0468923438617699,-0.7728497379012929,-0.22927174060849484
GHA,257,Juaboso,2,2022,DHS 2022,0.43232964033474575,0.7640267301004341,-0.5599667896262713,-0.15644144525394546,1.0468923438617699,-0.7728497379012929,-0.22927174060849484
GHA,258,Sefwi-Akontombra,1,2014,DHS 2014,0.36794571583835317,0.0890866488380309,-0.6191038569252777,-0.7880331729276031,1.229920269087429,-0.8259578482623691,0.39476799205470664
GHA,258,Sefwi-Akontombra,2,2022,DHS 2022,0.36794571583835317,0.6853460996917663,-0.584750355356828,-0.32548724742090746,1.229920269087429,-0.8259578482623691,0.39476799205470664
GHA,259,Sefwi-Wiawso,1,2014,DHS 2014,0.19309580623609188,0.06072418244555342,-0.5694180380129517,-0.6146156569376813,0.3741303550502919,-0.2503346252274221,-0.6675853623600292
GHA,259,Sefwi-Wiawso,2,2022,DHS 2022,0.19309580623609188,0.7757063377013989,-0.3977439621136092,-0.16459577671095565,0.3741303550502919,-0.2503346252274221,-0.6675853623600292
GHA,260,Suaman,1,2014,DHS 2014,-0.2922789751137442,-0.002827872715166618,-0.6001870123766608,-0.6713859265110108,0.887984474879729,-0.5300786741809194,-0.22927174060849484
GHA,260,Suaman,2,2022,DHS 2022,-0.2922789751137442,0.6840956561922685,-0.4883309442671312,-0.05995369052308712,0.887984474879729,-0.5300786741809194,-0.22927174060849484
CIV,1,Abidjan,1,2011,DHS 2011-12,-1.5443095038860444,0.822503452608826,5.2424782530120355,0.00449579796172693,-0.6468702617273114,4.0426769302885415,-2.63711052542644
CIV,1,Abidjan,2,2021,DHS 2021,-1.5443095038860444,1.4961416164039887,7.797760724497922,0.7801203607690864,-0.6468702617273114,4.0426769302885415,-2.63711052542644
CIV,2,Fresco,1,2011,DHS 2011-12,-1.2331355161014173,0.6131298164695844,-0.42233145668341737,-0.43519130882545914,0.498913995339096,-0.17999469503026816,-0.16682360860480805
CIV,2,Fresco,2,2021,DHS 2021,-1.2331355161014173,1.2991601101958292,-0.31169192236242854,0.6050291671430326,0.498913995339096,-0.17999469503026816,-0.16682360860480805
CIV,3,Sassandra,1,2011,DHS 2011-12,-1.231435417991675,1.2552737270549053,-0.4281858648433485,-0.6577639125478244,-0.5685561769864922,0.09890772250106807,-0.16682360860480805
CIV,3,Sassandra,2,2021,DHS 2021,-1.231435417991675,1.2305662903457661,-0.29778581013360356,0.3452713469297424,-0.5685561769864922,0.09890772250106807,-0.16682360860480805
CIV,4,Buyo,1,2011,DHS 2011-12,-0.28266578218623795,0.9511438223497647,-0.38517334488222305,-0.8628441676079288,1.1143982554028435,0.13670740225723893,-0.16682360860480805
CIV,4,Buyo,2,2021,DHS 2021,-0.28266578218623795,0.9059204386721527,-0.3781571683991725,0.12900554294295694,1.1143982554028435,0.13670740225723893,-0.16682360860480805
CIV,5,Guéyo,1,2011,DHS 2011-12,-0.5504694392673161,1.45921929836382,-0.3750821496898776,-0.7382836023226248,-1.0449073688095445,0.13670740225723893,-0.16682360860480805
CIV,5,Guéyo,2,2021,DHS 2021,-0.5504694392673161,1.5381393532346932,-0.1239417842951016,0.003372669241692161,-1.0449073688095445,0.13670740225723893,-0.16682360860480805
CIV,6,Méagui,1,2011,DHS 2011-12,-0.9734860207854941,2.061740973591202,-0.191544267122527,-1.0950116447394598,-1.5081128485595539,0.13670740225723893,-0.16682360860480805
CIV,6,Méagui,2,2021,DHS 2021,-0.9734860207854941,1.3573753997462152,0.07824652262489334,-0.29680762083203494,-1.5081128485595539,0.13670740225723893,-0.16682360860480805
CIV,7,Oupoyo,1,2011,DHS 2011-12,-0.8049327791928409,1.6203822408689519,-0.34820433321625716,-0.925114286189766,-1.2219203557843639,0.13670740225723893,-0.16682360860480805
CIV,7,Oupoyo,2,2021,DHS 2021,-0.8049327791928409,1.436112189746016,-0.16963643866070052,-0.14510901317123018,-1.2219203557843639,0.13670740225723893,-0.16682360860480805
CIV,8,Soubré,1,2011,DHS 2011-12,-0.5229031901508386,0.9857068365699142,-0.16716317186139784,-0.7747776626781436,-1.082957407935937,0.13670740225723893,-0.16682360860480805
CIV,8,Soubré,2,2021,DHS 2021,-0.5229031901508386,1.022788354397075,0.17338334988862106,0.0028187279272858727,-1.082957407935937,0.13670740225723893,-0.16682360860480805
CIV,9,San-Pedro,1,2011,DHS 2011-12,-1.3434389935432778,2.0345071658437175,-0.2623293798301998,-1.3059463988288857,-0.9871379015389886,0.43139460195859564,-0.16682360860480805
CIV,9,San-Pedro,2,2021,DHS 2021,-1.3434389935432778,1.4665063909393443,0.25841324912421737,-0.3418547383632032,-0.9871379015389886,0.43139460195859564,-0.16682360860480805
CIV,10,Tabou,1,2011,DHS 2011-12,-1.3434389935432778,3.8477978303766434,-0.43026557876290406,-1.6880642651610769,-0.9871379015389886,-0.6983554544950384,-0.16682360860480805
CIV,10,Tabou,2,2021,DHS 2021,-1.3434389935432778,3.1863884316148643,-0.42348154891574136,-0.49796963044803605,-0.9871379015389886,-0.6983554544950384,-0.16682360860480805
CIV,11,Abengourou,1,2011,DHS 2011-12,-0.5043573236839931,-0.16613786878503461,-0.14896894963975735,0.05832466403687747,0.5057112649198217,0.2746363048012976,-1.643666942544397
CIV,11,Abengourou,2,2021,DHS 2021,-0.5043573236839931,0.5132000176165149,0.15949621245994555,0.9658126698249706,0.5057112649198217,0.2746363048012976,-1.643666942544397
CIV,12,Agnibilékrou,1,2011,DHS 2011-12,-0.18587501912711607,-0.35773388685008556,-0.2346032649129548,-0.020868615801592213,0.6413636899096934,0.2746363048012976,-1.643666942544397
CIV,12,Agnibilékrou,2,2021,DHS 2021,-0.18587501912711607,0.0568124084911231,0.027987629993208682,0.6071737839749541,0.6413636899096934,0.2746363048012976,-1.643666942544397
CIV,13,Bettié,1,2011,DHS 2011-12,-0.7694816737696956,0.49172516960546037,-0.41091954437129447,-0.03733439432155896,1.7321459045864325,0.2746363048012976,-1.643666942544397
CIV,13,Bettié,2,2021,DHS 2021,-0.7694816737696956,1.2232879907817324,-0.30412998979031025,0.8002502832127865,1.7321459045864325,0.2746363048012976,-1.643666942544397
CIV,14,Aboisso,1,2011,DHS 2011-12,-1.4346351627830514,0.6710748366141464,-0.08006127658261794,-0.27161599610256726,0.5165041997608438,1.546765648933292,-1.643666942544397
CIV,14,Aboisso,2,2021,DHS 2021,-1.4346351627830514,1.9416881365462768,0.5659045509473585,0.4671790923423851,0.5165041997608438,1.546765648933292,-1.643666942544397
CIV,15,Adiake,1,2011,DHS 2011-12,-1.6307817190589988,0.6716834055673291,0.07419923212143505,-0.3672953825826333,0.8038995757662998,0.8167734384925132,-1.643666942544397
CIV,15,Adiake,2,2021,DHS 2021,-1.6307817190589988,1.8158263584364474,1.801458139936367,0.3530620995442822,0.8038995757662998,0.8167734384925132,-1.643666942544397
CIV,16,Ayame,1,2011,DHS 2011-12,-0.8796610546671029,0.6492778867084796,-0.37205977398748685,-0.10971267138370908,1.3531858075460506,2.251328685510846,-1.643666942544397
CIV,16,Ayame,2,2021,DHS 2021,-0.8796610546671029,1.7220081653595989,-0.3324886650256332,0.6740126478930414,1.3531858075460506,2.251328685510846,-1.643666942544397
CIV,17,Bonoua,1,2011,DHS 2011-12,-1.4070188945351547,0.4806617099896539,0.04333726210863882,-0.1353210226065833,0.43684857201797694,2.251328685510846,-1.643666942544397
CIV,17,Bonoua,2,2021,DHS 2021,-1.4070188945351547,1.7685301379973866,0.7778360861831113,0.6315319557176087,0.43684857201797694,2.251328685510846,-1.643666942544397
CIV,18,Grand-Bassam,1,2011,DHS 2011-12,-1.8336727568184266,0.37878171374592895,3.364684739828504,-0.166783872858779,-0.3786474428333365,3.5137023407767347,-1.643666942544397
CIV,18,Grand-Bassam,2,2021,DHS 2021,-1.8336727568184266,1.5859145614049663,8.087317040357618,0.6258858199349905,-0.3786474428333365,3.5137023407767347,-1.643666942544397
CIV,19,Mafere,1,2011,DHS 2011-12,-1.1999657740563208,1.0036047800645054,-0.2927559387151949,-0.2580774670972613,1.0988747973513604,2.251328685510846,-1.643666942544397
CIV,19,Mafere,2,2021,DHS 2021,-1.1999657740563208,2.2727001285392676,-0.10420138630409148,0.4521515284277117,1.0988747973513604,2.251328685510846,-1.643666942544397
CIV,20,Tiapoum,1,2011,DHS 2011-12,-1.55562874126643,0.9249702666720456,-0.3463879483103749,-0.31775575017132596,1.2890225656369014,0.10621210246732259,-1.643666942544397
CIV,20,Tiapoum,2,2021,DHS 2021,-1.55562874126643,2.4425413105957916,-0.02531288578075008,0.34264393720911807,1.2890225656369014,0.10621210246732259,-1.643666942544397
CIV,21,Kaniasso,1,2011,DHS 2011-12,1.2705926057183154,-0.48788804293768684,-0.4641671664565227,-0.8020986581483107,1.6251691415951561,-1.5630668721557355,1.2285649641329583
CIV,21,Kaniasso,2,2021,DHS 2021,1.2705926057183154,-1.2654628420852767,-0.35605969245360586,-0.015207233927751796,1.6251691415951561,-1.5630668721557355,1.2285649641329583
CIV,22,Minignan,1,2011,DHS 2011-12,1.3809071917034725,-0.5697724996561732,-0.46332299868146576,-0.8728608495409086,1.0109166730214179,-1.9176613428383118,1.2285649641329583
CIV,22,Minignan,2,2021,DHS 2021,1.3809071917034725,-0.6840476339664904,-0.39643762049028464,0.0034641457890253096,1.0109166730214179,-1.9176613428383118,1.2285649641329583
CIV,23,Gbeleban,1,2011,DHS 2011-12,1.5750670985511552,0.5200553270488306,-0.45808819000073164,-1.6238528109636141,2.078167897183961,0.09712833194147467,1.2285649641329583
CIV,23,Gbeleban,2,2021,DHS 2021,1.5750670985511552,0.41659258873675226,0.05607702935790443,-0.7604971572333576,2.078167897183961,0.09712833194147467,1.2285649641329583
CIV,24,Madinani,1,2011,DHS 2011-12,1.9054796103697396,-0.39150113353031285,-0.4656819789386092,-1.0663337471505179,1.3600014985130242,-2.0659228406162544,1.2285649641329583
CIV,24,Madinani,2,2021,DHS 2021,1.9054796103697396,-0.9306541202885513,-0.34844873708660506,-0.30511674054812926,1.3600014985130242,-2.0659228406162544,1.2285649641329583
CIV,25,Odienné,1,2011,DHS 2011-12,1.581849324532578,0.09991227989369428,-0.43827097439018126,-1.5326913495157242,0.5939184108807183,-0.3171328989156562,1.2285649641329583
CIV,25,Odienné,2,2021,DHS 2021,1.581849324532578,-0.3733387055058782,-0.01365934878115924,-0.6477421485844372,0.5939184108807183,-0.3171328989156562,1.2285649641329583
CIV,26,Samatiguila,1,2011,DHS 2011-12,1.3081792518738016,0.07002275128093303,-0.38513980384231233,-1.3957611222188155,0.38329072192119046,0.36661316764787016,1.2285649641329583
CIV,26,Samatiguila,2,2021,DHS 2021,1.3081792518738016,-0.5958171682970391,0.1050447524205585,-0.6497190584129148,0.38329072192119046,0.36661316764787016,1.2285649641329583
CIV,27,Seguelon,1,2011,DHS 2011-12,1.3960869854319002,-0.20531860240811622,-0.45844675705105153,-1.2254724473277518,1.3650968983378233,-1.0514144928340539,1.2285649641329583
CIV,27,Seguelon,2,2021,DHS 2021,1.3960869854319002,-0.44520583958093074,-0.36552602906125414,-0.45315120428520067,1.3650968983378233,-1.0514144928340539,1.2285649641329583
CIV,28,Gagnoa,1,2011,DHS 2011-12,-0.13478480319083153,0.534203745327691,0.28520155761511595,-0.47105011538005337,-1.489598134687061,0.8273336467461236,-0.6471783218604166
CIV,28,Gagnoa,2,2021,DHS 2021,-0.13478480319083153,0.7768755904026347,0.44066229562973924,0.36373436339981624,-1.489598134687061,0.8273336467461236,-0.6471783218604166
CIV,29,Oumé,1,2011,DHS 2011-12,-0.2191667710289748,-0.40222837615411383,-0.08892337884488258,-0.3137714383319266,-1.3027892426587866,0.8273336467461236,-0.6471783218604166
CIV,29,Oumé,2,2021,DHS 2021,-0.2191667710289748,0.43855660586074524,-0.00964201511854801,0.7866761799946287,-1.3027892426587866,0.8273336467461236,-0.6471783218604166
CIV,30,Divo,1,2011,DHS 2011-12,-0.7027232564389303,0.6435309595140897,-0.16550448407660182,-0.029111669122390382,-1.3730039654361745,0.7328497108209232,-0.6471783218604166
CIV,30,Divo,2,2021,DHS 2021,-0.7027232564389303,1.450449889166969,0.19733023517910747,0.9295066445945254,-1.3730039654361745,0.7328497108209232,-0.6471783218604166
CIV,31,Guitry,1,2011,DHS 2011-12,-1.2762631159279572,0.5760788427876021,-0.4133790085010858,-0.09376525996529685,-0.2778079977118777,-0.3103214518785188,-0.6471783218604166
CIV,31,Guitry,2,2021,DHS 2021,-1.2762631159279572,1.4058290581715196,-0.32728607073000343,0.9266098872623091,-0.2778079977118777,-0.3103214518785188,-0.6471783218604166
CIV,32,Lakota,1,2011,DHS 2011-12,-0.15886886153619795,1.0907416727785413,-0.20660149180506737,-0.5271760591993474,-0.6648427653997875,0.1932647049168314,-0.6471783218604166
CIV,32,Lakota,2,2021,DHS 2021,-0.15886886153619795,1.7514457794607383,-0.10047028003381495,0.4897433073512284,-0.6648427653997875,0.1932647049168314,-0.6471783218604166
CIV,33,Didievi,1,2011,DHS 2011-12,-0.23405933833403886,-1.1582422483360548,-0.29260535177941793,0.28766653226189576,-1.1009061635562634,-0.150215248387307,-0.49264265341209884
CIV,33,Didievi,2,2021,DHS 2021,-0.23405933833403886,-1.309173827786462,0.10348643339868742,1.270643017721466,-1.1009061635562634,-0.150215248387307,-0.49264265341209884
CIV,34,Djekanou,1,2011,DHS 2011-12,-0.41195547857093395,-0.45855478799924126,-0.259196612879526,-0.2546928348459348,-0.8739193958317597,-0.6726563562457385,-0.49264265341209884
CIV,34,Djekanou,2,2021,DHS 2021,-0.41195547857093395,0.19200588574313945,-0.014181674274774006,0.8306967273835028,-0.8739193958317597,-0.6726563562457385,-0.49264265341209884
CIV,35,Tiebissou,1,2011,DHS 2011-12,-0.25318775890570605,-0.6883087736139654,-0.14229095215263846,-0.07453993893411345,-1.1392344100038678,-0.44964198728790283,-0.49264265341209884
CIV,35,Tiebissou,2,2021,DHS 2021,-0.25318775890570605,-1.2218573725219815,-0.1000761128462478,1.0060928428340004,-1.1392344100038678,-0.44964198728790283,-0.49264265341209884
CIV,36,Toumodi,1,2011,DHS 2011-12,-0.7938367560222358,-0.571235379094204,-0.14021665680197123,0.1321309916435062,-1.2592569545964079,0.049622175074779756,-0.49264265341209884
CIV,36,Toumodi,2,2021,DHS 2021,-0.7938367560222358,0.14888703994735117,0.08778101895246379,1.1583453918092115,-1.2592569545964079,0.049622175074779756,-0.49264265341209884
CIV,37,Daoukro,1,2011,DHS 2011-12,-0.2589159621104525,-0.7763254302671649,-0.2755282467769997,0.3383242113628305,-0.062157928639300426,-0.4740185744149621,-0.49264265341209884
CIV,37,Daoukro,2,2021,DHS 2021,-0.2589159621104525,-0.2912811652980452,-0.13613977867556662,1.2603823983289313,-0.062157928639300426,-0.4740185744149621,-0.49264265341209884
CIV,38,M'Bahiakro,1,2011,DHS 2011-12,-0.4298707971160622,-1.1366799330001702,-0.41451514428508196,0.5121804715998868,-0.03965165547814583,-0.8042782811142163,-0.49264265341209884
CIV,38,M'Bahiakro,2,2021,DHS 2021,-0.4298707971160622,-0.6613227899534994,-0.285701685521333,1.4598063535456025,-0.03965165547814583,-0.8042782811142163,-0.49264265341209884
CIV,39,Prikro,1,2011,DHS 2011-12,-0.1481657493831937,-0.8933611073955313,-0.4325605509785532,0.5659381892493338,0.28730309263168674,-0.6911199155963835,-0.49264265341209884
CIV,39,Prikro,2,2021,DHS 2021,-0.1481657493831937,-0.2769184752128551,-0.2618891029702032,1.2026962711745663,0.28730309263168674,-0.6911199155963835,-0.49264265341209884
CIV,40,Arrah,1,2011,DHS 2011-12,-0.5628322046127552,-0.4640501887859849,-0.30992134328055676,0.20299482364425195,-0.2787874384047447,-0.22846294865086006,-0.49264265341209884
CIV,40,Arrah,2,2021,DHS 2021,-0.5628322046127552,0.11380801478971224,0.09413579304897908,1.162192488827611,-0.2787874384047447,-0.22846294865086006,-0.49264265341209884
CIV,41,Bongouanou,1,2011,DHS 2011-12,-0.39440238445971393,-0.4744849480801954,-0.07203713900363935,0.203980737543287,-0.5964372779879284,0.4282603765130925,-0.49264265341209884
CIV,41,Bongouanou,2,2021,DHS 2021,-0.39440238445971393,0.22889002360183472,0.2574125490465468,1.163828902618793,-0.5964372779879284,0.4282603765130925,-0.49264265341209884
CIV,42,M’Batto,1,2011,DHS 2011-12,-0.9481642497734668,-0.3782433547574601,-0.2593520560791418,0.28140038876957507,-0.18094346604813477,0.1465152773199131,-0.49264265341209884
CIV,42,M’Batto,2,2021,DHS 2021,-0.9481642497734668,0.6686701793664374,-0.011739228687243256,1.2570180941992344,-0.18094346604813477,0.1465152773199131,-0.49264265341209884
CIV,43,Bocanda,1,2011,DHS 2011-12,-0.7266946336489771,-0.6971619478150186,-0.2568130497210411,0.3419019607696381,-0.47206284735284676,-0.10756534345465152,-0.49264265341209884
CIV,43,Bocanda,2,2021,DHS 2021,-0.7266946336489771,-0.04218787648934802,-0.07425017978351395,1.3048959026673228,-0.47206284735284676,-0.10756534345465152,-0.49264265341209884
CIV,44,Dimbokro,1,2011,DHS 2011-12,-0.9878773534325218,-0.6458544943708542,0.006429388850329598,0.4025509116515156,-1.3358306622257117,-0.13375161287487083,-0.49264265341209884
CIV,44,Dimbokro,2,2021,DHS 2021,-0.9878773534325218,-0.172342032576948,0.3511851207841891,1.41299068943266,-1.3358306622257117,-0.13375161287487083,-0.49264265341209884
CIV,45,Kouassi-Kouassikro,1,2011,DHS 2011-12,-0.576416909720837,-1.1614989021182196,-0.3685339553701902,0.3304572282921797,-0.5940343968047592,-1.010775523477061,-0.49264265341209884
CIV,45,Kouassi-Kouassikro,2,2021,DHS 2021,-0.576416909720837,-0.829118439863205,-0.06434033426003707,1.2955602128089343,-0.5940343968047592,-1.010775523477061,-0.49264265341209884
CIV,46,Agboville,1,2011,DHS 2011-12,-1.2757712099913634,0.12100648306521053,-0.17805251851237355,0.2157100637235596,-0.4440541283141576,0.18349306085940378,-0.9760424044696447
CIV,46,Agboville,2,2021,DHS 2021,-1.2757712099913634,1.145140332551819,0.0829098787600132,1.1149702622820767,-0.4440541283141576,0.18349306085940378,-0.9760424044696447
CIV,47,Sikensi,1,2011,DHS 2011-12,-1.215623112400174,0.3100893196091527,-0.13145246499733326,0.15106155491106055,-0.7444447935670078,0.5028001882627443,-0.9760424044696447
CIV,47,Sikensi,2,2021,DHS 2021,-1.215623112400174,1.0746379664181624,0.13177099007446896,1.0723930115289035,-0.7444447935670078,0.5028001882627443,-0.9760424044696447
CIV,48,Taabo,1,2011,DHS 2011-12,-1.0066062960576778,-0.256325010906239,-0.18949521651787865,0.11413552197091291,-0.8662826215103201,-0.2968807780865993,-0.9760424044696447
CIV,48,Taabo,2,2021,DHS 2021,-1.0066062960576778,0.9947603988749432,-0.04921438750269059,1.1136845085890053,-0.8662826215103201,-0.2968807780865993,-0.9760424044696447
CIV,49,Tiassalé,1,2011,DHS 2011-12,-1.309524979097299,-0.09404743849712185,-0.31599571328672726,0.212157724468789,-0.8977882967141603,0.17560336124370163,-0.9760424044696447
CIV,49,Tiassalé,2,2021,DHS 2021,-1.309524979097299,0.7603174241852022,-0.10180477129037292,1.1676404254243409,-0.8977882967141603,0.17560336124370163,-0.9760424044696447
CIV,50,Dabou,1,2011,DHS 2011-12,-1.5495147156449158,0.29751716433754727,0.012041302997414644,-0.037964566092076206,-0.5454094832227386,0.500687289850598,-0.9760424044696447
CIV,50,Dabou,2,2021,DHS 2021,-1.5495147156449158,1.052958565192426,0.4048057689208553,0.7240655653754959,-0.5454094832227386,0.500687289850598,-0.9760424044696447
CIV,51,Grand-Lahou,1,2011,DHS 2011-12,-1.666856022967067,-0.7274161550096105,-0.36893856952458465,-0.043839393243027304,-0.31180255755877506,0.10163622060306217,-0.9760424044696447
CIV,51,Grand-Lahou,2,2021,DHS 2021,-1.666856022967067,0.17155773752116163,-0.23931704037227952,0.866209955870394,-0.31180255755877506,0.10163622060306217,-0.9760424044696447
CIV,52,Jacqueville,1,2011,DHS 2011-12,-1.8177732476277166,0.03367267317278701,-0.17844364128359086,-0.058653511880589974,-0.25414273082805067,0.39585612480086013,-0.9760424044696447
CIV,52,Jacqueville,2,2021,DHS 2021,-1.8177732476277166,0.690530531512854,0.010887867437684204,0.6868955949757932,-0.25414273082805067,0.39585612480086013,-0.9760424044696447
CIV,53,Adzope,1,2011,DHS 2011-12,-1.031064730724095,0.026035711297943114,0.02453208975116742,0.13846320153112304,0.0563745921391532,0.5258802039919627,-0.9760424044696447
CIV,53,Adzope,2,2021,DHS 2021,-1.031064730724095,1.1411834773809353,0.36523458922116203,0.9900234626858107,0.0563745921391532,0.5258802039919627,-0.9760424044696447
CIV,54,Akoupe,1,2011,DHS 2011-12,-0.7828142579061583,-0.463966886571861,-0.1778283864681391,0.14898300447443513,-0.13818787245769978,0.09191662762115511,-0.9760424044696447
CIV,54,Akoupe,2,2021,DHS 2021,-0.7828142579061583,0.8803272217528298,-0.02015295438592306,1.0845390642025827,-0.13818787245769978,0.09191662762115511,-0.9760424044696447
CIV,55,Alépé,1,2011,DHS 2011-12,-1.4429481276188159,0.46668406124974743,-0.34807115137010386,0.1472297039838831,0.8424211357972918,0.15369405891986987,-0.9760424044696447
CIV,55,Alépé,2,2021,DHS 2021,-1.4429481276188159,1.8586066732898379,-0.23171337828821048,0.9087058941370489,0.8424211357972918,0.15369405891986987,-0.9760424044696447
CIV,56,Yakasse-Attobrou,1,2011,DHS 2011-12,-0.8457051837209673,0.24403506031467148,-0.40740095940121357,0.08377039028671497,1.3402571016224414,-0.30836540888067043,-0.9760424044696447
CIV,56,Yakasse-Attobrou,2,2021,DHS 2021,-0.8457051837209673,1.2434679521532395,-0.3074298437381692,0.9378665846146937,1.3402571016224414,-0.30836540888067043,-0.9760424044696447
CIV,57,Blolequin,1,2011,DHS 2011-12,0.31359663330287824,0.8514653185093022,-0.4618818373484765,-1.8211778876220304,0.32136956246827114,-0.47937895773225353,0.6271699982503426
CIV,57,Blolequin,2,2021,DHS 2021,0.31359663330287824,1.049832881002467,-0.41933498883317843,-0.6199993445904562,0.32136956246827114,-0.47937895773225353,0.6271699982503426
CIV,58,Guiglo,1,2011,DHS 2011-12,0.07287940991565875,0.7990224096076217,-0.4087371571297813,-1.6073260480787586,0.042746761315808374,-0.18367347549860133,0.6271699982503426
CIV,58,Guiglo,2,2021,DHS 2021,0.07287940991565875,0.5603291708372496,-0.26548728159012863,-0.38659185203952023,0.042746761315808374,-0.18367347549860133,0.6271699982503426
CIV,59,Taï,1,2011,DHS 2011-12,-0.15221257329425017,1.7298126572428485,-0.4648772437815339,-1.364034006385435,3.8018738760900317,-0.1537869725909142,0.6271699982503426
CIV,59,Taï,2,2021,DHS 2021,-0.15221257329425017,1.3694329324505665,-0.45218499233977527,-0.09839498966643564,3.8018738760900317,-0.1537869725909142,0.6271699982503426
CIV,60,Toulepleu,1,2011,DHS 2011-12,0.07808782330809567,0.5804461927580851,-0.3691758936641286,-1.895009625380696,1.388663399958037,0.12260708289507603,0.6271699982503426
CIV,60,Toulepleu,2,2021,DHS 2021,0.07808782330809567,1.25277743737166,-0.2511070856961259,-0.6631000444755915,1.388663399958037,0.12260708289507603,0.6271699982503426
CIV,61,Bangolo,1,2011,DHS 2011-12,0.4897516167810504,0.6615904167460657,-0.45490551661557443,-1.6477078616959362,-0.6101007308894975,0.9705683281078454,0.6271699982503426
CIV,61,Bangolo,2,2021,DHS 2021,0.4897516167810504,0.4538245133394147,-0.31510935119890826,-0.48590997229128263,-0.6101007308894975,0.9705683281078454,0.6271699982503426
CIV,62,Duékoué,1,2011,DHS 2011-12,0.05373994217386196,0.7018277001182858,-0.4181351999678772,-1.2610314140883097,-0.8090003222254525,0.6220109914757411,0.6271699982503426
CIV,62,Duékoué,2,2021,DHS 2021,0.05373994217386196,0.37852671641269425,-0.08416904899457553,-0.09112768618385772,-0.8090003222254525,0.6220109914757411,0.6271699982503426
CIV,63,Facobly,1,2011,DHS 2011-12,0.60272046950929,-0.005541149940905328,-0.4363254734524376,-1.6299512474524906,-1.6378567248829103,0.0322370390101286,0.6271699982503426
CIV,63,Facobly,2,2021,DHS 2021,0.60272046950929,-0.1465315357157859,-0.16877142307400353,-0.7266762448721297,-1.6378567248829103,0.0322370390101286,0.6271699982503426
CIV,64,Kouibly,1,2011,DHS 2011-12,0.46282057994701153,0.382611764435313,-0.4561393411991115,-1.5737185809946412,-0.9328597308510623,0.6736816593451245,0.6271699982503426
CIV,64,Kouibly,2,2021,DHS 2021,0.46282057994701153,0.041103693462714856,0.056338038317361186,-0.32028151928380233,-0.9328597308510623,0.6736816593451245,0.6271699982503426
CIV,65,Biankouma,1,2011,DHS 2011-12,2.6636797923658726,0.17744211336885632,-0.4544375381095037,-2.4444177686635866,-0.8397260847633662,-0.5866263892132523,0.6271699982503426
CIV,65,Biankouma,2,2021,DHS 2021,2.6636797923658726,0.08357208780321926,-0.3896312913018497,-1.5049434634913357,-0.8397260847633662,-0.5866263892132523,0.6271699982503426
CIV,66,Danané,1,2011,DHS 2011-12,1.4091629069823572,1.1329675651179296,-0.4349980245085363,-2.8047438886088587,-1.0488195829706972,0.3454882747826899,0.6271699982503426
CIV,66,Danané,2,2021,DHS 2021,1.4091629069823572,1.4808366857190418,-0.1392916463000057,-2.085677242205422,-1.0488195829706972,0.3454882747826899,0.6271699982503426
CIV,67,Man,1,2011,DHS 2011-12,1.539113469633459,0.5200007178195717,-0.21029699848595987,-2.266455227857353,-1.5065551316996202,0.75335422069307445,0.6271699982503426
CIV,67,Man,2,2021,DHS 2021,1.539113469633459,0.88949509320724,0.6119662130991812,-1.5028547489938955,-1.5065551316996202,0.75335422069307445,0.6271699982503426
CIV,68,Sipilou,1,2011,DHS 2011-12,2.1785391427593654,0.4926479730219214,-0.467473282367033,-3.787633979551503,-0.4746580433695458,-0.6761376771614237,0.6271699982503426
CIV,68,Sipilou,2,2021,DHS 2021,2.1785391427593654,0.23126691344483574,-0.4151624643080277,-2.3732896710816562,-0.4746580433695458,-0.6761376771614237,0.6271699982503426
CIV,69,Zouan-Hounien,1,2011,DHS 2011-12,0.2903393942685275,0.646923210789245,-0.31984854600821216,-1.9676318399024013,-0.7736523453504329,0.9642573963166828,0.6271699982503426
CIV,69,Zouan-Hounien,2,2021,DHS 2021,0.2903393942685275,0.8967525672177427,0.3232305577400663,-0.9781503555213625,-0.7736523453504329,0.9642573963166828,0.6271699982503426
CIV,70,Daloa,1,2011,DHS 2011-12,0.08376774628783179,-0.5197275375460638,0.14102889296072438,-0.8268684743539644,-0.6521898254088514,1.0224918898547237,0.6271699982503426
CIV,70,Daloa,2,2021,DHS 2021,0.08376774628783179,-0.47376646648337667,0.5757208828847438,0.14306243904981744,-0.6521898254088514,1.0224918898547237,0.6271699982503426
CIV,71,Issia,1,2011,DHS 2011-12,-0.11229276480744137,0.45770130582672375,-0.20742985469883232,-0.6654022042501423,-0.5899158853120817,0.37377910023873956,0.6271699982503426
CIV,71,Issia,2,2021,DHS 2021,-0.11229276480744137,0.2835147563284429,-0.2558168584268643,0.13664891667568224,-0.5899158853120817,0.37377910023873956,0.6271699982503426
CIV,72,Vavoua,1,2011,DHS 2011-12,0.2903300655470849,-0.027122671065046212,-0.4406198285254664,-0.8660255186429594,-0.03231594875241736,0.011374965239874558,0.6271699982503426
CIV,72,Vavoua,2,2021,DHS 2021,0.2903300655470849,-0.6249736374255107,-0.2524242636995363,0.15749032337641794,-0.03231594875241736,0.011374965239874558,0.6271699982503426
CIV,73,Zoukougbeu,1,2011,DHS 2011-12,-0.012559403864860806,0.23884440679459762,-0.40999111332988486,-0.9679608845545313,0.27202466121172963,0.15543964410662306,0.6271699982503426
CIV,73,Zoukougbeu,2,2021,DHS 2021,-0.012559403864860806,0.13879914181695086,-0.2529271748552677,-0.0258794977832858,0.27202466121172963,0.15543964410662306,0.6271699982503426
CIV,74,Bouaflé,1,2011,DHS 2011-12,-0.056035296416312635,-0.6458834187507583,-0.23102056267365495,-0.36222859826645837,-1.0655678412631926,0.9128767127786255,0.6271699982503426
CIV,74,Bouaflé,2,2021,DHS 2021,-0.056035296416312635,-0.852163071820416,0.22719636697433418,0.7593297743724247,-1.0655678412631926,0.9128767127786255,0.6271699982503426
CIV,75,Sinfra,1,2011,DHS 2011-12,-0.08596465796979634,-0.6058044095853735,-0.17243658124043787,-0.4248646230376281,-1.4452580244488693,0.9128767127786255,0.6271699982503426
CIV,75,Sinfra,2,2021,DHS 2021,-0.08596465796979634,-0.10707335944066311,0.16481081124270772,0.735815219677398,-1.4452580244488693,0.9128767127786255,0.6271699982503426
CIV,76,Zuénoula,1,2011,DHS 2011-12,0.09974649590928208,-0.2822493541267041,-0.35947549054183936,-0.4401259603510418,-0.5307895608750082,0.9128767127786255,0.6271699982503426
CIV,76,Zuénoula,2,2021,DHS 2021,0.09974649590928208,-1.111809362788372,0.35961587172437315,0.9741014614194353,-0.5307895608750082,0.9128767127786255,0.6271699982503426
CIV,77,Boundiali,1,2011,DHS 2011-12,1.2995288266771692,-1.061144030578079,-0.4220982625576635,-0.5813047650685345,0.9437886976485662,-0.8927518536843476,0.7954083368073774
CIV,77,Boundiali,2,2021,DHS 2021,1.2995288266771692,-0.987699939310654,-0.06555080954037297,0.32632553757096583,0.9437886976485662,-0.8927518536843476,0.7954083368073774
CIV,78,Kouto,1,2011,DHS 2011-12,1.1975798943919767,-1.0567637224853992,-0.435631643756196,-0.5032041217676552,1.2041812066933015,-0.604608264463888,0.7954083368073774
CIV,78,Kouto,2,2021,DHS 2021,1.1975798943919767,-1.3962387566432966,0.021023673265650626,0.41278612089201344,1.2041812066933015,-0.604608264463888,0.7954083368073774
CIV,79,Tengréla,1,2011,DHS 2011-12,0.9420635136604537,-1.0325535537155717,-0.42474144909535405,0.012337370880340722,1.6875319704291778,-0.7396070912152485,0.7954083368073774
CIV,79,Tengréla,2,2021,DHS 2021,0.9420635136604537,-1.1985757920445959,0.054808445491941526,1.1102795482160492,1.6875319704291778,-0.7396070912152485,0.7954083368073774
CIV,80,Dikodougou,1,2011,DHS 2011-12,0.997961949022378,-1.1137438253163596,-0.4509637340925994,-0.13523971012006494,1.1891242757971334,-0.7524162674704472,0.7954083368073774
CIV,80,Dikodougou,2,2021,DHS 2021,0.997961949022378,-1.0277854275371374,-0.046532314463762194,1.1448221088951276,1.1891242757971334,-0.7524162674704472,0.7954083368073774
CIV,81,Korhogo,1,2011,DHS 2011-12,1.035965196238076,-1.2118849405161585,-0.10476044363730842,-0.11308713957422079,0.7979736599494974,0.16298935092242234,0.7954083368073774
CIV,81,Korhogo,2,2021,DHS 2021,1.035965196238076,-1.0049337790426467,1.4576917303407788,0.97807560919802,0.7979736599494974,0.16298935092242234,0.7954083368073774
CIV,82,M'bengue,1,2011,DHS 2011-12,0.9274854224650723,-1.4244888514030922,-0.41104388315419876,-0.008890270131357146,1.0924009007798132,-0.6381010866556086,0.7954083368073774
CIV,82,M'bengue,2,2021,DHS 2021,0.9274854224650723,-1.2389174345795102,-0.006478434654824858,1.1461790110139027,1.0924009007798132,-0.6381010866556086,0.7954083368073774
CIV,83,Sinematiali,1,2011,DHS 2011-12,0.8086912741812831,-1.1490065781351495,-0.006633675277338303,0.5010914812509462,0.49858707121931467,0.7084625263839346,0.7954083368073774
CIV,83,Sinematiali,2,2021,DHS 2021,0.8086912741812831,-1.0519569533354127,2.6226127129107994,1.811823353774771,0.49858707121931467,0.7084625263839346,0.7954083368073774
CIV,84,Ferkessedougou,1,2011,DHS 2011-12,0.7959686165822961,-1.1696097610334135,-0.2639932928185898,0.7435907262007158,0.6137649022011029,-0.5201295054400508,0.7954083368073774
CIV,84,Ferkessedougou,2,2021,DHS 2021,0.7959686165822961,-0.8982037427765989,0.16093464828282097,2.0728923378331885,0.6137649022011029,-0.5201295054400508,0.7954083368073774
CIV,85,Kong,1,2011,DHS 2011-12,0.7950039531373329,-1.3431757090364715,-0.46834448771669274,0.7901573708236957,0.5259446053513934,-2.0977762434351934,0.7954083368073774
CIV,85,Kong,2,2021,DHS 2021,0.7950039531373329,-0.8821770909642845,-0.35657807220450183,2.099649227928125,0.5259446053513934,-2.0977762434351934,0.7954083368073774
CIV,86,Ouangolodougou,1,2011,DHS 2011-12,0.7940392896923696,-1.444600319842986,-0.3562748041493961,0.4073585124169133,0.4381243085016841,-0.28852896091576147,0.7954083368073774
CIV,86,Ouangolodougou,2,2021,DHS 2021,0.7940392896923696,-1.076223813889852,-0.14935124235355376,1.6159314096912503,0.4381243085016841,-0.28852896091576147,0.7954083368073774
CIV,87,Béoumi,1,2011,DHS 2011-12,0.024019617628492824,-0.5271703589829921,-0.3578029826462058,-0.07520568491748247,-0.5503616179291958,0.3673851304731255,-0.42260678396754114
CIV,87,Béoumi,2,2021,DHS 2021,0.024019617628492824,-1.0546196160518664,0.41688815062683626,0.8551870319167496,-0.5503616179291958,0.3673851304731255,-0.42260678396754114
CIV,88,Botro,1,2011,DHS 2011-12,0.3053657550784917,-0.5730701103602818,-0.441497428581879,0.021027642876989838,-0.6627796811123309,0.7763725356433303,-0.42260678396754114
CIV,88,Botro,2,2021,DHS 2021,0.3053657550784917,-1.1693716555380427,0.19920922645051667,0.2921082268379609,-0.6627796811123309,0.7763725356433303,-0.42260678396754114
CIV,89,Bouaké,1,2011,DHS 2011-12,0.31213840684580185,-1.1948760167623,0.3143768989110203,0.1226784150857475,-0.8168081047168116,0.3673851304731255,-0.42260678396754114
CIV,89,Bouaké,2,2021,DHS 2021,0.31213840684580185,-1.4735443683254412,1.8946266799126505,0.9905621579089947,-0.8168081047168116,0.3673851304731255,-0.42260678396754114
CIV,90,Diabo,1,2011,DHS 2011-12,0.5993017385932555,-0.7447490318183954,-0.1975773580148394,0.01972664309269617,-0.9654371756234174,0.3673851304731255,-0.42260678396754114
CIV,90,Diabo,2,2021,DHS 2021,0.5993017385932555,-1.3182440505343158,0.9427302556239977,0.2595273298961378,-0.9654371756234174,0.3673851304731255,-0.42260678396754114
CIV,91,Sakassou,1,2011,DHS 2011-12,0.013451158204732326,-0.5989657605958825,-0.3518367629048339,-0.11744243963336014,-0.7098360025582,-0.2762569560255263,-0.42260678396754114
CIV,91,Sakassou,2,2021,DHS 2021,0.013451158204732326,-1.2866762137019978,0.06546982574411157,0.7654536210133382,-0.7098360025582,-0.2762569560255263,-0.42260678396754114
CIV,92,Dabakala,1,2011,DHS 2011-12,0.3209159972452573,-1.3567634571352705,-0.4593809393109445,0.37429482258638747,0.31571353105720784,-1.3216790507135463,-0.42260678396754114
CIV,92,Dabakala,2,2021,DHS 2021,0.3209159972452573,-0.9580524499089305,-0.12812415042651684,1.557782817769812,0.31571353105720784,-1.3216790507135463,-0.42260678396754114
CIV,93,Katiola,1,2011,DHS 2011-12,0.3247545206262078,-0.8687249403584761,-0.29212488800082653,-0.027114431172283304,-0.3227575118210052,-0.5571568050806914,-0.42260678396754114
CIV,93,Katiola,2,2021,DHS 2021,0.3247545206262078,-1.1971517869731563,0.4802161118412845,0.6297888192878714,-0.3227575118210052,-0.5571568050806914,-0.42260678396754114
CIV,94,Niakarmadougou,1,2011,DHS 2011-12,0.7641063684951775,-0.996122950133773,-0.4280867552570684,-0.06512293658920654,0.6095919033551285,-0.8765398858940958,-0.42260678396754114
CIV,94,Niakarmadougou,2,2021,DHS 2021,0.7641063684951775,-1.0364342799185478,-0.17927034237004266,1.271141056701391,0.6095919033551285,-0.8765398858940958,-0.42260678396754114
CIV,95,Koro,1,2011,DHS 2011-12,1.7135237367092,0.05015748716278305,-0.43468108565165975,-2.0465710182205012,-0.25100310516720853,-1.3637206159166009,1.7812393251845777
CIV,95,Koro,2,2021,DHS 2021,1.7135237367092,-0.38630747187472936,-0.3079470462363943,-0.9889496701370815,-0.25100310516720853,-1.3637206159166009,1.7812393251845777
CIV,96,Ouaninou,1,2011,DHS 2011-12,2.350929005164781,-0.006343627936965248,-0.46407855668823234,-3.3665115298425388,0.6806485167756657,-0.6690974859319614,1.7812393251845777
CIV,96,Ouaninou,2,2021,DHS 2021,2.350929005164781,-0.17441926584414275,-0.3338204715055665,-1.8558983193653675,0.6806485167756657,-0.6690974859319614,1.7812393251845777
CIV,97,Touba,1,2011,DHS 2011-12,1.6292922558774854,-0.10585760990453312,-0.43230695005980485,-2.436743902748417,-0.7852214198023671,-1.2425839356904216,1.7812393251845777
CIV,97,Touba,2,2021,DHS 2021,1.6292922558774854,-0.6581107954139066,-0.15889265837783997,-1.0935226098300925,-0.7852214198023671,-1.2425839356904216,1.7812393251845777
CIV,98,Dianra,1,2011,DHS 2011-12,0.9848575503222541,-1.2150842083285933,-0.4640498380588496,-0.5555185427814013,0.8292778096266841,-0.8089843305591914,1.7812393251845777
CIV,98,Dianra,2,2021,DHS 2021,0.9848575503222541,-1.1452357645758091,-0.22355920663615778,0.7391185394422062,0.8292778096266841,-0.8089843305591914,1.7812393251845777
CIV,99,Kounahiri,1,2011,DHS 2011-12,0.2872930757321873,-0.3057792214811866,-0.4634856819608905,-0.3235543468661661,-0.32338117562045104,-0.22315353320438314,1.7812393251845777
CIV,99,Kounahiri,2,2021,DHS 2021,0.2872930757321873,-1.0022847686335077,0.02585396193909732,1.1836081649643826,-0.32338117562045104,-0.22315353320438314,1.7812393251845777
CIV,100,Mankono,1,2011,DHS 2011-12,0.6440096361068012,-0.8323163193054046,-0.4597677609214524,-0.39115043331495547,0.6158167782957222,-0.7432252289224095,1.7812393251845777
CIV,100,Mankono,2,2021,DHS 2021,0.6440096361068012,-1.1705036400699704,-0.07772113164183903,0.8165686828509386,0.6158167782957222,-0.7432252289224095,1.7812393251845777
CIV,101,Kani,1,2011,DHS 2011-12,1.0574949033568644,-0.7324115111165727,-0.46290169121877334,-1.2287554389709305,0.10516463236415852,-1.5613084576298175,1.7812393251845777
CIV,101,Kani,2,2021,DHS 2021,1.0574949033568644,-0.77872222008354,-0.3320545153997596,-0.21836648149386,0.10516463236415852,-1.5613084576298175,1.7812393251845777
CIV,102,Séguéla,1,2011,DHS 2011-12,0.7000236985160796,-0.548066488000925,-0.4233555911810579,-0.8880662845198408,-0.5752630042190778,-1.5613084576298175,1.7812393251845777
CIV,102,Séguéla,2,2021,DHS 2021,0.7000236985160796,-0.7812437318260617,0.018984633650842356,-0.12598025071778735,-0.5752630042190778,-1.5613084576298175,1.7812393251845777
CIV,103,Attiégoukaro,1,2011,DHS 2011-12,-0.3029053025802501,-0.8690600003752854,-0.12743277780555992,-0.27883247928107124,-1.5402142780529542,1.5545645244450343,-2.0212516299846217
CIV,103,Attiégoukaro,2,2021,DHS 2021,-0.3029053025802501,-1.0631092686462846,0.13439449711392965,0.8417044052459249,-1.5402142780529542,1.5545645244450343,-2.0212516299846217
CIV,104,Yamoussoukro,1,2011,DHS 2011-12,-0.2909012020250111,-0.8796870489470986,2.919474628517602,-0.3512768227385175,-1.7587037374822092,1.5545645244450343,-2.0212516299846217
CIV,104,Yamoussoukro,2,2021,DHS 2021,-0.2909012020250111,-0.7416272813441035,3.6658828257027927,0.7863001097444813,-1.7587037374822092,1.5545645244450343,-2.0212516299846217
CIV,105,Bouna,1,2011,DHS 2011-12,0.6570636269787792,-1.454620419226891,-0.47093276162179254,0.2945679295551411,1.2069495933333108,-2.346511577983999,0.5586566477067534
CIV,105,Bouna,2,2021,DHS 2021,0.6570636269787792,-0.7490592272141878,-0.382156144519889,1.5830201807729463,1.2069495933333108,-2.346511577983999,0.5586566477067534
CIV,106,Doropo,1,2011,DHS 2011-12,0.7897699266763738,-1.6737629754349501,-0.46346120124212803,0.7957476042718326,0.9118586647278072,0.2283527356458311,0.5586566477067534
CIV,106,Doropo,2,2021,DHS 2021,0.7897699266763738,-0.7352528108033138,-0.24772417236983904,2.167931388481913,0.9118586647278072,0.2283527356458311,0.5586566477067534
CIV,107,Nassian,1,2011,DHS 2011-12,0.42853310977749276,-1.0672591072798887,-0.4628242446136199,0.012189991998526205,1.0306257807503942,-1.3948686939267851,0.5586566477067534
CIV,107,Nassian,2,2021,DHS 2021,0.42853310977749276,-0.561346480697544,-0.3712999564101485,1.1573188216669172,1.0306257807503942,-1.3948686939267851,0.5586566477067534
CIV,108,Tehini,1,2011,DHS 2011-12,0.7528878444824713,-1.5800034410005475,-0.473384293447336,0.8732841421974908,1.6783643345217307,-1.666953478134593,0.5586566477067534
CIV,108,Tehini,2,2021,DHS 2021,0.7528878444824713,-0.7912258824235324,-0.39040021752483545,2.2997135189761377,1.6783643345217307,-1.666953478134593,0.5586566477067534
CIV,109,Bondoukou,1,2011,DHS 2011-12,0.02121916000069845,-1.1014826649774834,-0.39294768361780263,-0.39101321849395576,0.8289520507150694,-0.31061098741455195,0.5586566477067534
CIV,109,Bondoukou,2,2021,DHS 2021,0.02121916000069845,-0.2358949114973213,-0.06697272480937347,0.7213212689555014,0.8289520507150694,-0.31061098741455195,0.5586566477067534
CIV,110,Koun-Fao,1,2011,DHS 2011-12,-0.15921770661961615,-0.6068426791264113,-0.39103495593695564,0.2237295077064323,1.0301244083222985,-0.838263154399871,0.5586566477067534
CIV,110,Koun-Fao,2,2021,DHS 2021,-0.15921770661961615,0.03779844672231119,-0.25642262327986615,0.6061370497718451,1.0301244083222985,-0.838263154399871,0.5586566477067534
CIV,111,Sandégué,1,2011,DHS 2011-12,-0.05998809663493447,-0.9634272938802337,-0.44059073258277237,0.2703469726334863,0.6057103175229166,-0.21413949549857217,0.5586566477067534
CIV,111,Sandégué,2,2021,DHS 2021,-0.05998809663493447,-0.46107005207570356,-0.3277137745853384,1.1926236869071052,0.6057103175229166,-0.21413949549857217,0.5586566477067534
CIV,112,Tanda,1,2011,DHS 2011-12,0.15022948572745623,-0.8273353096908758,-0.26334484688675525,0.2330042131999321,0.7922186413304082,-0.232775999528158,0.5586566477067534
CIV,112,Tanda,2,2021,DHS 2021,0.15022948572745623,0.28092660281462223,0.0029043104577443895,0.5706898876802501,0.7922186413304082,-0.232775999528158,0.5586566477067534
CIV,113,Transua,1,2011,DHS 2011-12,0.1538529575298884,-0.5238211471851342,-0.35839702093588255,-0.14586115367152497,0.8877548356846543,0.2625276419687045,0.5586566477067534
CIV,113,Transua,2,2021,DHS 2021,0.1538529575298884,0.2843787854049388,-0.04833865478754211,0.28593864192338075,0.8877548356846543,0.2625276419687045,0.5586566477067534
BFA,1,Bagassi,1,2010,DHS 2010,-0.29339651508125847,1.845103024296606,-0.13828302048185512,-0.8983600416417299,0.2495801231599377,-0.08954146950302648,-0.24402393303063188
BFA,1,Bagassi,2,2021,DHS 2021,-0.29339651508125847,0.4070944818801794,0.1894405274716867,0.5845303754040299,0.2495801231599377,-0.08954146950302648,-0.24402393303063188
BFA,2,Bana,1,2010,DHS 2010,1.2452863957050913,1.8663089280848322,0.7468348544424253,-0.898354779526377,0.9435210901180797,0.8834088761074371,-0.24402393303063188
BFA,2,Bana,2,2021,DHS 2021,1.2452863957050913,0.1390289064331226,1.965830430099583,0.5845303754040299,0.9435210901180797,0.8834088761074371,-0.24402393303063188
BFA,3,Boromo,1,2010,DHS 2010,-0.8315860731166886,1.5245814237829045,-0.05931070121449143,-0.763986663988113,0.2778501006150181,-0.7509216835697252,-0.24402393303063188
BFA,3,Boromo,2,2021,DHS 2021,-0.8315860731166886,0.22166788033126156,0.12115197807097447,0.5482744006220069,0.2778501006150181,-0.7509216835697252,-0.24402393303063188
BFA,4,Fara,1,2010,DHS 2010,-0.7366784884323836,0.8299835472473449,-0.13657196256052734,-0.729793438424467,0.589136424556299,0.24354946356707782,-0.24402393303063188
BFA,4,Fara,2,2021,DHS 2021,-0.7366784884323836,0.10552502917269367,-0.09666881920437237,0.4285033930728822,0.589136424556299,0.24354946356707782,-0.24402393303063188
BFA,5,Oury,1,2010,DHS 2010,-0.371757263858311,1.0714485065077608,-0.14833133318376757,-0.7136755790982878,0.32329242167206795,-0.37985355166075313,-0.24402393303063188
BFA,5,Oury,2,2021,DHS 2021,-0.371757263858311,-0.17416225609111774,-0.1334014858637688,0.7162726953811581,0.32329242167206795,-0.37985355166075313,-0.24402393303063188
BFA,6,Pa,1,2010,DHS 2010,-0.4083602234913522,2.1335259662864994,0.011263482639950292,-0.8979495966441977,0.20866436628224744,-0.07908395349877269,-0.24402393303063188
BFA,6,Pa,2,2021,DHS 2021,-0.4083602234913522,0.7351222154944345,-0.04852127515839045,0.5780790219812699,0.20866436628224744,-0.07908395349877269,-0.24402393303063188
BFA,7,Pompoï,1,2010,DHS 2010,0.37724046502341463,1.667699547694123,-0.14833133318376757,-0.8983600416417299,0.7155571731303826,-0.2167512511548842,0.04245830137908239
BFA,7,Pompoï,2,2021,DHS 2021,0.37724046502341463,0.2083323305700885,-0.04097844390926154,0.5845303754040299,0.7155571731303826,-0.2167512511548842,0.04245830137908239
BFA,8,Poura,1,2010,DHS 2010,-0.9719776046135172,0.7422215297301616,0.06650126029568443,-0.6810978229480058,-0.4890639357082382,1.246402065015306,-0.24402393303063188
BFA,8,Poura,2,2021,DHS 2021,-0.9719776046135172,-0.11617534208425712,0.3732183719472228,0.5259051482565007,-0.4890639357082382,1.246402065015306,-0.24402393303063188
BFA,9,Siby,1,2010,DHS 2010,-0.8068695831378754,1.2382996697291622,-0.14833133318376757,-0.7177537184968452,-0.13535839725663884,-0.0654705042542879,-0.24402393303063188
BFA,9,Siby,2,2021,DHS 2021,-0.8068695831378754,-0.042064851806520615,-0.09104455452361188,0.5357979251200978,-0.13535839725663884,-0.0654705042542879,-0.24402393303063188
BFA,10,Yaho,1,2010,DHS 2010,0.09178435723165732,1.6810256882721317,-0.14825026883973955,-1.0700207686865533,1.027511095989435,-0.46717861378522874,-0.24402393303063188
BFA,10,Yaho,2,2021,DHS 2021,0.09178435723165732,0.31233836190265496,-0.14833133318376757,0.4373911059040706,1.027511095989435,-0.46717861378522874,-0.24402393303063188
BFA,11,Balavé,1,2010,DHS 2010,1.454285538356663,1.2700305147292636,-0.14833133318376757,-1.6952337422351906,2.966123277991116,-0.2167512511548842,0.04245830137908239
BFA,11,Balavé,2,2021,DHS 2021,1.454285538356663,-0.5989369217644709,-0.14833133318376757,-0.32348446355968263,2.966123277991116,-0.2167512511548842,0.04245830137908239
BFA,12,Kouka,1,2010,DHS 2010,0.25586141280510516,1.6735147650419673,-0.14833133318376757,-1.5717476812468738,0.9537083853615484,0.4049812227402475,0.4841528126447803
BFA,12,Kouka,2,2021,DHS 2021,0.25586141280510516,-0.024479430623979056,-0.14833133318376757,0.005934481767408077,0.9537083853615484,0.4049812227402475,0.4841528126447803
BFA,13,Sami,1,2010,DHS 2010,2.483196181664757,1.6329919792928538,-0.14833133318376757,-1.8539180928195722,2.783745719700469,-1.7503457953783583,0.4841528126447803
BFA,13,Sami,2,2021,DHS 2021,2.483196181664757,-0.30278510564711,-0.14833133318376757,-0.4490911570352395,2.783745719700469,-1.7503457953783583,0.4841528126447803
BFA,14,Sanaba,1,2010,DHS 2010,-0.6478599418435611,1.1407360205713755,-0.14833133318376757,-0.8592309518769912,0.9369813667652632,-0.7689534557060033,0.4841528126447803
BFA,14,Sanaba,2,2021,DHS 2021,-0.6478599418435611,-0.8323409482697363,-0.14833133318376757,0.5843777740587935,0.9369813667652632,-0.7689534557060033,0.4841528126447803
BFA,15,Solenzo,1,2010,DHS 2010,0.10489730929898076,1.5716516324061263,-0.11457935581053667,-1.4712044431975377,2.4441355337193595,0.23646676928262356,0.4841528126447803
BFA,15,Solenzo,2,2021,DHS 2021,0.10489730929898076,-0.4389288008446043,-0.13738755414289067,-0.06297818089519161,2.4441355337193595,0.23646676928262356,0.4841528126447803
BFA,16,Tansila,1,2010,DHS 2010,2.1939958993246433,0.9947113144425801,-0.14833133318376757,-1.414036822002793,2.793740792050269,-0.9769996438786374,0.4841528126447803
BFA,16,Tansila,2,2021,DHS 2021,2.1939958993246433,-0.697138171388703,-0.14833133318376757,-4.8529896322415094e-4,2.793740792050269,-0.9769996438786374,0.4841528126447803
BFA,17,Barani,1,2010,DHS 2010,-0.8333670750538769,0.545526832575422,-0.14833133318376757,-0.3706330171223587,2.1123251413805644,-1.275170832093758,0.32464743025873743
BFA,17,Barani,2,2021,DHS 2021,-0.8333670750538769,-0.9888030046689477,-0.14833133318376757,1.224393078095346,2.1123251413805644,-1.275170832093758,0.32464743025873743
BFA,18,Bomborokuy,1,2010,DHS 2010,-0.6119029207175256,0.5401759156477366,-0.14833133318376757,-0.551812910840708,0.6996524125725159,-0.646168212025767,0.32464743025873743
BFA,18,Bomborokuy,2,2021,DHS 2021,-0.6119029207175256,-1.071055774367194,-0.14833133318376757,1.0206176610513025,0.6996524125725159,-0.646168212025767,0.32464743025873743
BFA,19,Bourasso,1,2010,DHS 2010,-0.9210078515343677,0.7331507350073623,-0.14638401744292504,-0.3183223283984022,0.5897848529968036,-1.2728749912614632,0.32464743025873743
BFA,19,Bourasso,2,2021,DHS 2021,-0.9210078515343677,-0.9354297553198108,-0.14833133318376757,1.2664110691888693,0.5897848529968036,-1.2728749912614632,0.32464743025873743
BFA,20,Djibasso,1,2010,DHS 2010,1.31894407155097,0.4874636186468996,-0.14833133318376757,-1.3675881297820631,1.3877114107964756,0.003139036726014836,0.32464743025873743
BFA,20,Djibasso,2,2021,DHS 2021,1.31894407155097,-0.9382438709282882,-0.14254831415307936,0.27990651762015806,1.3877114107964756,0.003139036726014836,0.32464743025873743
BFA,21,Dokuy,1,2010,DHS 2010,-0.03136368567061092,1.0453108221328187,-0.14833133318376757,-1.1966483125405976,1.648784814506958,-0.41354687934263934,0.32464743025873743
BFA,21,Dokuy,2,2021,DHS 2021,-0.03136368567061092,-0.8438706191675345,-0.14833133318376757,0.24924943357372248,1.648784814506958,-0.41354687934263934,0.32464743025873743
BFA,22,Doumbala,1,2010,DHS 2010,0.35259003693736324,0.6247240983480044,-0.14833133318376757,-1.230510024837006,1.4937811433894481,-0.1283442371323078,0.32464743025873743
BFA,22,Doumbala,2,2021,DHS 2021,0.35259003693736324,-1.1403880248198552,-0.14833133318376757,0.21759780972557421,1.4937811433894481,-0.1283442371323078,0.32464743025873743
BFA,23,Kombori,1,2010,DHS 2010,0.38027330646384944,0.40396139496242167,-0.14833133318376757,-0.4296213302292237,2.586281513922317,-0.013786825230485827,0.32464743025873743
BFA,23,Kombori,2,2021,DHS 2021,0.38027330646384944,-0.94165187707051,-0.14833133318376757,1.1825434746931278,2.586281513922317,-0.013786825230485827,0.32464743025873743
BFA,24,Madouba,1,2010,DHS 2010,1.2422415430114269,0.403971659525874,-0.14833133318376757,-1.3777071776058383,0.9178450854855209,-0.26698292024740555,0.32464743025873743
BFA,24,Madouba,2,2021,DHS 2021,1.2422415430114269,-0.9728693228219388,-0.14833133318376757,0.28450560643866996,0.9178450854855209,-0.26698292024740555,0.32464743025873743
BFA,25,Nouna,1,2010,DHS 2010,-0.864300055870774,0.6673997052051807,-0.08330911419887907,-0.41111447053280276,0.64062625400933,-0.22844838642593657,0.32464743025873743
BFA,25,Nouna,2,2021,DHS 2021,-0.864300055870774,-1.061244819081455,-0.09233979867032037,1.1595375063699114,0.64062625400933,-0.22844838642593657,0.32464743025873743
BFA,26,Sono,1,2010,DHS 2010,-1.1112827849849272,0.3963011223340258,-0.14833133318376757,-0.2537088139791947,0.9598535595673855,-1.4223405153187743,0.32464743025873743
BFA,26,Sono,2,2021,DHS 2021,-1.1112827849849272,-1.1172789854295435,-0.14833133318376757,1.2450521429711345,0.9598535595673855,-1.4223405153187743,0.32464743025873743
BFA,27,Bondokuy,1,2010,DHS 2010,0.30733096747696875,1.5877864996968,-0.13231203724501414,-1.323018012742336,0.5869162760404681,-0.2863908909648021,-0.8820454625748029
BFA,27,Bondokuy,2,2021,DHS 2021,0.30733096747696875,-0.04456581269167403,-0.14147502310364246,0.2196131999057547,0.5869162760404681,-0.2863908909648021,-0.8820454625748029
BFA,28,Dedougou,1,2010,DHS 2010,-0.5399942168002232,0.9684138450298971,0.0677578316493096,-0.61030132298905,0.15573623291324334,0.37084283802688034,-0.8820454625748029
BFA,28,Dedougou,2,2021,DHS 2021,-0.5399942168002232,-0.6983295450534002,0.34353252375985743,0.8561765562707737,0.15573623291324334,0.37084283802688034,-0.8820454625748029
BFA,29,Douroula,1,2010,DHS 2010,-0.7752019139984438,0.6609118167990955,-0.1377970545554992,-0.3307093479393106,-0.22009631080188025,-0.8616653361551191,-0.8820454625748029
BFA,29,Douroula,2,2021,DHS 2021,-0.7752019139984438,-0.7621522055350094,-0.13676886339683106,1.1042747709329346,-0.22009631080188025,-0.8616653361551191,-0.8820454625748029
BFA,30,Kona,1,2010,DHS 2010,0.11278803537887998,1.5382870110565332,0.031343624079771544,-0.6843129754286749,1.0155311020610702,-0.6643136904918289,-0.8820454625748029
BFA,30,Kona,2,2021,DHS 2021,0.11278803537887998,-0.23084916313674367,0.01566198034953835,0.8241250116557796,1.0155311020610702,-0.6643136904918289,-0.8820454625748029
BFA,31,Ouarkoye,1,2010,DHS 2010,-0.08122306511788281,1.5524319216459208,-0.14833133318376757,-0.964862655472666,1.3729441849099056,-0.7546939005505047,-0.8820454625748029
BFA,31,Ouarkoye,2,2021,DHS 2021,-0.08122306511788281,-0.377348263173093,-0.1466223140018832,0.46180732114188494,1.3729441849099056,-0.7546939005505047,-0.8820454625748029
BFA,32,Safane,1,2010,DHS 2010,0.05716191979778237,1.189432136045442,-0.14733432976098626,-0.6641169767039483,0.36124038142054493,-0.1634976065124973,-0.8820454625748029
BFA,32,Safane,2,2021,DHS 2021,0.05716191979778237,-0.19729635812385846,-0.07463294644781301,0.8568974660741218,0.36124038142054493,-0.1634976065124973,-0.8820454625748029
BFA,33,Tchériba,1,2010,DHS 2010,-0.6795082595194563,0.5000093102504183,-0.14833133318376757,-0.4494542429945949,-0.5566756184211502,-0.2167512511548842,0.04245830137908239
BFA,33,Tchériba,2,2021,DHS 2021,-0.6795082595194563,-0.46828032003646225,-0.14833133318376757,0.9575301600844585,-0.5566756184211502,-0.2167512511548842,0.04245830137908239
BFA,34,Gassan,1,2010,DHS 2010,-0.7954248606857526,0.4523439280230204,-0.12988307909721147,-0.17415615407288484,0.35763944042053925,-0.7159845320518192,0.14433699799625424
BFA,34,Gassan,2,2021,DHS 2021,-0.7954248606857526,-0.9067489398115322,-0.1345064660820156,1.2052758130179797,0.35763944042053925,-0.7159845320518192,0.14433699799625424
BFA,35,Gossina,1,2010,DHS 2010,-0.7166937649341255,0.2584372573779835,-0.14833133318376757,-0.20977541289718776,0.09218972762278371,-0.16429729742510363,0.14433699799625424
BFA,35,Gossina,2,2021,DHS 2021,-0.7166937649341255,-0.5844729543277745,-0.14317978157784358,1.1666203136350088,0.09218972762278371,-0.16429729742510363,0.14433699799625424
BFA,36,Kougny,1,2010,DHS 2010,-0.3986711458862666,0.4229641812816686,-0.14833133318376757,-0.17057265351749754,-0.1867014689343812,-0.07888526924396033,0.14433699799625424
BFA,36,Kougny,2,2021,DHS 2021,-0.3986711458862666,-0.7952413944319656,-0.1454596941988451,1.221151615037912,-0.1867014689343812,-0.07888526924396033,0.14433699799625424
BFA,37,Toma,1,2010,DHS 2010,-0.4864940930407374,0.38695010502897886,-0.06984387718436241,-0.15009250056371995,-0.750227881064728,0.3354523618645739,0.14433699799625424
BFA,37,Toma,2,2021,DHS 2021,-0.4864940930407374,-0.6888870020575699,0.05717101667572709,1.3118336489157687,-0.750227881064728,0.3354523618645739,0.14433699799625424
BFA,38,Yaba,1,2010,DHS 2010,-0.39676602766570745,0.30277503921020293,-0.1445931658114559,-0.15258674324103116,-0.6361561581063832,-0.3361705608375674,0.14433699799625424
BFA,38,Yaba,2,2021,DHS 2021,-0.39676602766570745,-0.8616720238727185,-0.14576101919905923,1.3007884687898694,-0.6361561581063832,-0.3361705608375674,0.14433699799625424
BFA,39,Ye,1,2010,DHS 2010,-0.5657770391490728,0.43910400977801095,-0.14833133318376757,-0.2787354345979544,0.3018445435187249,-0.11213679698091082,0.14433699799625424
BFA,39,Ye,2,2021,DHS 2021,-0.5657770391490728,-0.7135074128782043,-0.14833133318376757,1.1192981102656847,0.3018445435187249,-0.11213679698091082,0.14433699799625424
BFA,40,Di,1,2010,DHS 2010,-1.0776185786420234,0.5864797035331869,0.07093454803160572,-0.018965848082880203,0.6848572081515578,0.8942764208457752,0.4564127461428598
BFA,40,Di,2,2021,DHS 2021,-1.0776185786420234,-0.9264237984228184,-0.10476630092702013,1.263901040165499,0.6848572081515578,0.8942764208457752,0.4564127461428598
BFA,41,Gomboro,1,2010,DHS 2010,-0.08792667900360523,0.1474126597088476,-0.14833133318376757,0.017195408622789163,-0.3653831405504538,-1.4097218602230372,0.4564127461428598
BFA,41,Gomboro,2,2021,DHS 2021,-0.08792667900360523,-1.0141161024465546,-0.14833133318376757,1.1886948875407484,-0.3653831405504538,-1.4097218602230372,0.4564127461428598
BFA,42,Kassoum,1,2010,DHS 2010,-0.8949734601595459,0.2507829724116018,-0.12153629127947184,-0.03578356875099545,0.19995319778827692,-0.9004881235644921,0.4564127461428598
BFA,42,Kassoum,2,2021,DHS 2021,-0.8949734601595459,-1.0342455101427208,-0.14833133318376757,1.2575496669344555,0.19995319778827692,-0.9004881235644921,0.4564127461428598
BFA,43,Kiembara,1,2010,DHS 2010,0.003089259634359636,0.2118900282626564,-0.14833133318376757,-0.02241779575443327,-1.0073324778600963,-0.4118848943656567,0.4564127461428598
BFA,43,Kiembara,2,2021,DHS 2021,0.003089259634359636,-0.9263465575828399,-0.1410289912457358,1.1363052670864973,-1.0073324778600963,-0.4118848943656567,0.4564127461428598
BFA,44,Lanfièra,1,2010,DHS 2010,-1.0048243784449726,0.26158762297755256,-0.013649209081663855,-0.15023457767825033,0.7979314186408,-0.2167512511548842,0.04245830137908239
BFA,44,Lanfièra,2,2021,DHS 2021,-1.0048243784449726,-1.1290846020081513,-0.14833133318376757,1.2143161271943945,0.7979314186408,-0.2167512511548842,0.04245830137908239
BFA,45,Lankouè,1,2010,DHS 2010,0.4061869180145308,0.037786266657973716,-0.14833133318376757,-0.04574475311418136,-1.005660371839626,-0.2167512511548842,0.04245830137908239
BFA,45,Lankouè,2,2021,DHS 2021,0.4061869180145308,-0.9524417295574836,-0.14204163771881245,1.1902682600312886,-1.005660371839626,-0.2167512511548842,0.04245830137908239
BFA,46,Toeni,1,2010,DHS 2010,-0.8818051228689978,0.2830407316689216,-0.14833133318376757,0.050688772844479466,0.8102458596793085,-1.6576973468994833,0.4564127461428598
BFA,46,Toeni,2,2021,DHS 2021,-0.8818051228689978,-0.9712795985572638,-0.13396877529716827,1.3201635775195317,0.8102458596793085,-1.6576973468994833,0.4564127461428598
BFA,47,Tougan,1,2010,DHS 2010,-0.31624125143181664,0.14674991106194427,-0.10933752692760687,-0.04981763039739554,-0.4309342560177513,-0.4771199716905332,0.4564127461428598
BFA,47,Tougan,2,2021,DHS 2021,-0.31624125143181664,-1.0212314978316908,-0.04445420159908893,1.2089698179957697,-0.4309342560177513,-0.4771199716905332,0.4564127461428598
BFA,48,Banfora,1,2010,DHS 2010,-0.08511137470499257,1.5904327041548036,0.49341085218167297,-2.0228477819962003,-1.5398925460487933,1.274292430919437,-1.7073124410069367
BFA,48,Banfora,2,2021,DHS 2021,-0.08511137470499257,1.0460762164142452,1.436637078231079,-0.8582416741906315,-1.5398925460487933,1.274292430919437,-1.7073124410069367
BFA,49,Beregadougou,1,2010,DHS 2010,1.349503368934062,1.7992125561661687,0.09526272301893501,-2.1432923403104964,-1.433572366713968,-0.4150555547859807,-1.7073124410069367
BFA,49,Beregadougou,2,2021,DHS 2021,1.349503368934062,1.0662395827078326,0.05160202303273754,-1.0535450855163717,-1.433572366713968,-0.4150555547859807,-1.7073124410069367
BFA,50,Mangodara,1,2010,DHS 2010,-0.7196064938422659,1.348433645442753,-0.14833133318376757,-1.5966217005203973,2.150862981895733,-1.4022414509196017,-1.7073124410069367
BFA,50,Mangodara,2,2021,DHS 2021,-0.7196064938422659,1.9980994219222057,-0.14314316258154886,-0.08550003460591457,2.150862981895733,-1.4022414509196017,-1.7073124410069367
BFA,51,Moussodougou,1,2010,DHS 2010,4.009905874856888,1.789944681825085,-0.14833133318376757,-2.2030331359128468,-0.8333382469961177,-0.2866518336417841,-1.7073124410069367
BFA,51,Moussodougou,2,2021,DHS 2021,4.009905874856888,1.2592982293356516,-0.14138398395642118,-1.0868858483928454,-0.8333382469961177,-0.2866518336417841,-1.7073124410069367
BFA,52,Niangoloko,1,2010,DHS 2010,-0.39694486188045697,1.3811971055261563,-0.11578168277471033,-1.598274004741232,0.9056829720231276,-1.356913286839717,-1.7073124410069367
BFA,52,Niangoloko,2,2021,DHS 2021,-0.39694486188045697,1.477339796950029,-0.06143314136227925,-0.12123505996799279,0.9056829720231276,-1.356913286839717,-1.7073124410069367
BFA,53,Ouo,1,2010,DHS 2010,0.632530310329421,1.483768835192321,-0.14833133318376757,-1.6134341590731596,0.9762857673105773,-2.0452211133340623,-1.7073124410069367
BFA,53,Ouo,2,2021,DHS 2021,0.632530310329421,1.867106484665076,-0.14739560203921165,-0.10095486739761851,0.9762857673105773,-2.0452211133340623,-1.7073124410069367
BFA,54,Sidéradougou,1,2010,DHS 2010,0.32808641305744957,1.6985531146711679,-0.14752222963114048,-1.3860160577481795,0.14700123085294184,-0.30900755674239394,-0.6095983808595127
BFA,54,Sidéradougou,2,2021,DHS 2021,0.32808641305744957,1.796186220708315,-0.14375215245992362,-0.1223664147688829,0.14700123085294184,-0.30900755674239394,-0.6095983808595127
BFA,55,Soubakaniédougou,1,2010,DHS 2010,0.04459948350347516,1.287055661823367,-0.14833133318376757,-2.067754674418508,-0.8258318393741274,-0.30900755674239394,-0.6095983808595127
BFA,55,Soubakaniédougou,2,2021,DHS 2021,0.04459948350347516,1.5685226513137496,-0.13950425709041098,-0.678450978925468,-0.8258318393741274,-0.30900755674239394,-0.6095983808595127
BFA,56,Tiéfora,1,2010,DHS 2010,-0.17457986355189728,1.7422000913830469,-0.14833133318376757,-1.8459722986365765,-0.755470618006283,-0.30900755674239394,-0.6095983808595127
BFA,56,Tiéfora,2,2021,DHS 2021,-0.17457986355189728,1.2803347678269148,-0.1430781891248873,-0.6798086046865264,-0.755470618006283,-0.30900755674239394,-0.6095983808595127
BFA,57,Dakoro,1,2010,DHS 2010,0.17620144680373437,1.105317802227092,-0.14833133318376757,-2.3698316683715195,-0.6095964980960537,-0.6952371531136047,0.2136871642510555
BFA,57,Dakoro,2,2021,DHS 2021,0.17620144680373437,1.577848349362281,-0.14833133318376757,-1.0009344562173152,-0.6095964980960537,-0.6952371531136047,0.2136871642510555
BFA,58,Douna,1,2010,DHS 2010,0.5690761941019558,1.4654821732499297,-0.14833133318376757,-2.7364485071287965,-1.589790578237469,0.20447264375064356,0.2136871642510555
BFA,58,Douna,2,2021,DHS 2021,0.5690761941019558,1.198741752944565,-0.14833133318376757,-1.3846110729489445,-1.589790578237469,0.20447264375064356,0.2136871642510555
BFA,59,Kankalaba,1,2010,DHS 2010,4.310765080331716,1.6696593950092826,-0.14833133318376757,-2.7364485071287965,-1.0544540291014655,-0.8075625693885752,0.2136871642510555
BFA,59,Kankalaba,2,2021,DHS 2021,4.310765080331716,1.401412478941235,-0.14833133318376757,-1.3846058108335915,-1.0544540291014655,-0.8075625693885752,0.2136871642510555
BFA,60,Loumana,1,2010,DHS 2010,1.2414127665385952,1.2243470486284478,-0.14833133318376757,-2.726171595844432,-0.28244945388251763,0.125765830455858,0.2136871642510555
BFA,60,Loumana,2,2021,DHS 2021,1.2414127665385952,1.2537297036627777,-0.14833133318376757,-1.373850047052106,-0.28244945388251763,0.125765830455858,0.2136871642510555
BFA,61,Niankorodougou,1,2010,DHS 2010,1.2511646946944335,0.9620265493456446,-0.13988216726731595,-2.3445998252539932,-0.4784080283485036,0.15168446096385904,0.2136871642510555
BFA,61,Niankorodougou,2,2021,DHS 2021,1.2511646946944335,1.2760903708393878,0.9544128503147614,-0.9733978065751853,-0.4784080283485036,0.15168446096385904,0.2136871642510555
BFA,62,Oueleni,1,2010,DHS 2010,4.4643983512221626,2.0056999890065197,-0.14833133318376757,-2.7529978599139096,-0.2945694700130765,-0.8414079888561745,0.2136871642510555
BFA,62,Oueleni,2,2021,DHS 2021,4.4643983512221626,1.6324544583200682,-0.14584372668534373,-1.4039388226404297,-0.2945694700130765,-0.8414079888561745,0.2136871642510555
BFA,63,Sindou,1,2010,DHS 2010,2.2209277982324434,1.4621509802575425,-0.14145303036907392,-2.7364485071287965,-1.178742321140186,-0.1458034445865497,0.2136871642510555
BFA,63,Sindou,2,2021,DHS 2021,2.2209277982324434,1.156967032606386,-0.049884760498875615,-1.3846058108335915,-1.178742321140186,-0.1458034445865497,0.2136871642510555
BFA,64,Wolonkoto,1,2010,DHS 2010,2.047470621178645,1.625163881052013,-0.14833133318376757,-2.441585873324717,-1.4366534380483793,-1.6809427636206868,0.2136871642510555
BFA,64,Wolonkoto,2,2021,DHS 2021,2.047470621178645,1.2107646361162465,-0.14833133318376757,-1.220033153169238,-1.4366534380483793,-1.6809427636206868,0.2136871642510555
BFA,65,Komki-Ipala,1,2010,DHS 2010,0.5254226288232303,-0.39004467278330274,-0.14833133318376757,-0.5500501021974608,-1.2348072238518748,0.5256960499812207,-2.726759884952514
BFA,65,Komki-Ipala,2,2021,DHS 2021,0.5254226288232303,-0.5485444161038538,-0.09346886953127959,0.58108368984782,-1.2348072238518748,0.5256960499812207,-2.726759884952514
BFA,66,Komsilga,1,2010,DHS 2010,0.1480270504785331,-0.49756529064193744,0.5805879672474727,-0.5366369701627217,-1.0534131239980105,2.6146372542256833,-2.726759884952514
BFA,66,Komsilga,2,2021,DHS 2021,0.1480270504785331,-0.5941597939337695,3.073075195415028,0.5954913616842619,-1.0534131239980105,2.6146372542256833,-2.726759884952514
BFA,67,Koubri,1,2010,DHS 2010,-0.3331517613951829,-0.5621052730328053,-0.11769607372548743,-0.36382383985559635,-0.29226901274113043,0.4288012045792412,-2.726759884952514
BFA,67,Koubri,2,2021,DHS 2021,-0.3331517613951829,-0.6999330409407073,0.11922248583264808,0.7811019565298377,-0.29226901274113043,0.4288012045792412,-2.726759884952514
BFA,68,Ouagadougou,1,2010,DHS 2010,-0.024717458883651407,-0.5574620977551564,16.267127768263606,-0.4884096829526854,-1.1740903716770852,1.8986281480523035,-2.726759884952514
BFA,68,Ouagadougou,2,2021,DHS 2021,-0.024717458883651407,-0.5399305655307395,18.338683634234755,0.6472863631036265,-1.1740903716770852,1.8986281480523035,-2.726759884952514
BFA,69,Pabre,1,2010,DHS 2010,-0.025691704978928604,-0.5344992428560114,-0.05464278486255261,-0.31854333724321743,-0.953294140702925,0.4810444191492959,-2.726759884952514
BFA,69,Pabre,2,2021,DHS 2021,-0.025691704978928604,-0.4351579423843436,0.6482066371099195,0.8640697293002297,-0.953294140702925,0.4810444191492959,-2.726759884952514
BFA,70,Saaba,1,2010,DHS 2010,-0.2912711905514928,-0.590554023869033,0.664334572122651,-0.36114016102557794,-0.9026599880932771,3.1765848729972914,-2.726759884952514
BFA,70,Saaba,2,2021,DHS 2021,-0.2912711905514928,-0.6478578311781429,3.2562724507257346,0.7838856155515627,-0.9026599880932771,3.1765848729972914,-2.726759884952514
BFA,71,Tanghin-Dassouri,1,2010,DHS 2010,0.5534615649036774,-0.4961848779336607,0.34274537255241383,-0.5500501021974608,-1.2403181531797791,1.6192637772856115,-2.726759884952514
BFA,71,Tanghin-Dassouri,2,2021,DHS 2021,0.5534615649036774,-0.4640564521758399,0.8301181066703877,0.58108368984782,-1.2403181531797791,1.6192637772856115,-2.726759884952514
BFA,72,Bagre,1,2010,DHS 2010,-1.13551415379164,0.1938678499052197,-0.09206778637447662,-0.4588576431303652,-0.6219578290857133,-0.08766569315109622,-0.341114165787354
BFA,72,Bagre,2,2021,DHS 2021,-1.13551415379164,-0.15322682354985984,-0.05234928491279841,0.6618203257085497,-0.6219578290857133,-0.08766569315109622,-0.341114165787354
BFA,73,Bane,1,2010,DHS 2010,-1.2572325239136812,0.1608123629915982,-0.14833133318376757,-0.569640957656595,0.6756025307210393,0.11221685115453967,-0.341114165787354
BFA,73,Bane,2,2021,DHS 2021,-1.2572325239136812,-0.28947008501284116,-0.14833133318376757,0.5366819604993981,0.6756025307210393,0.11221685115453967,-0.341114165787354
BFA,74,Beguedo,1,2010,DHS 2010,-1.3762560359153273,-0.2014387937810925,0.10589845404299135,-0.3672757875271494,-1.6373326494413027,3.5514797576059864,-0.341114165787354
BFA,74,Beguedo,2,2021,DHS 2021,-1.3762560359153273,-0.5815930599751735,0.6192191561596665,0.7845486420860378,-1.6373326494413027,3.5514797576059864,-0.341114165787354
BFA,75,Bissiga,1,2010,DHS 2010,-0.6187786958995367,-0.06643720234372402,-0.14833133318376757,-0.5580800902261039,0.24572530286640645,0.4681688941589803,-0.341114165787354
BFA,75,Bissiga,2,2021,DHS 2021,-0.6187786958995367,-0.6170364264999153,-0.14833133318376757,0.5654604693648305,0.24572530286640645,0.4681688941589803,-0.341114165787354
BFA,76,Bittou,1,2010,DHS 2010,-1.6771412657721527,0.3076146098019055,-0.09233726299088489,-0.6072229855075584,-0.817154089685121,0.11662905818212381,-0.341114165787354
BFA,76,Bittou,2,2021,DHS 2021,-1.6771412657721527,-0.11180640172684225,-0.10333948854874508,0.4676798418758076,-0.817154089685121,0.11662905818212381,-0.341114165787354
BFA,77,Boussouma,1,2010,DHS 2010,-1.0334351836375104,-5.806186140415279e-4,-0.14833133318376757,-0.3672757875271494,-0.9593257168779344,1.2166313115655285,0.3394631475949902
BFA,77,Boussouma,2,2021,DHS 2021,-1.0334351836375104,-0.3087879934300738,-0.141001318351372,0.7845486420860378,-0.9593257168779344,1.2166313115655285,0.3394631475949902
BFA,78,Garango,1,2010,DHS 2010,-0.6524242180707501,-0.18005308905639364,-0.07726247525598046,-0.3730956871075422,-1.2099436329585984,1.532748025726623,-0.341114165787354
BFA,78,Garango,2,2021,DHS 2021,-0.6524242180707501,-0.5017987387617823,-0.04951912350047099,0.7781288613553957,-1.2099436329585984,1.532748025726623,-0.341114165787354
BFA,79,Komtoega,1,2010,DHS 2010,-0.9874968110778061,-0.30762228117400736,-0.13890251104226048,-0.3672757875271494,-1.059281880646509,0.9329384390654847,-0.341114165787354
BFA,79,Komtoega,2,2021,DHS 2021,-0.9874968110778061,-0.6054913587569385,-0.14833133318376757,0.7845486420860378,-1.059281880646509,0.9329384390654847,-0.341114165787354
BFA,80,Niaogho,1,2010,DHS 2010,-1.2359042082833407,-0.21589951077269576,-0.13390831812891071,-0.3672757875271494,-0.9148535774068574,1.2166313115655285,0.3394631475949902
BFA,80,Niaogho,2,2021,DHS 2021,-1.2359042082833407,-0.5534452319241555,-0.1330490966314617,0.7845486420860378,-0.9148535774068574,1.2166313115655285,0.3394631475949902
BFA,81,Tenkodogo,1,2010,DHS 2010,-0.5824573334255414,-0.1108885786781489,0.19448046364896213,-0.5340322230629883,-1.1872053096717101,0.9706874269721125,-0.341114165787354
BFA,81,Tenkodogo,2,2021,DHS 2021,-0.5824573334255414,-0.45670634043976144,0.5549682162325822,0.5921341320890722,-1.1872053096717101,0.9706874269721125,-0.341114165787354
BFA,82,Zabré,1,2010,DHS 2010,-1.4166498805259513,0.4373617712080402,0.10739402204445836,-0.49590293521532497,-0.046722918434772845,1.2166313115655285,0.3394631475949902
BFA,82,Zabré,2,2021,DHS 2021,-1.4166498805259513,-0.07091340738921577,0.07032459923432258,0.49803698534713325,-0.046722918434772845,1.2166313115655285,0.3394631475949902
BFA,83,Zoaga,1,2010,DHS 2010,-1.4420873793444535,0.6660649698042663,-0.14833133318376757,-0.5419832793613466,0.2894492756030939,-0.39457104643036783,-0.341114165787354
BFA,83,Zoaga,2,2021,DHS 2021,-1.4420873793444535,-0.04498358042418241,-0.14833133318376757,0.4845186110053347,0.2894492756030939,-0.39457104643036783,-0.341114165787354
BFA,84,Zonsé,1,2010,DHS 2010,-1.4599371025811778,0.3056705014840395,-0.1463917542236697,-0.4618202140740914,-0.4669519559539226,1.2166313115655285,0.3394631475949902
BFA,84,Zonsé,2,2021,DHS 2021,-1.4599371025811778,-0.004067148666673487,-0.14281060199770765,0.5073351431758538,-0.4669519559539226,1.2166313115655285,0.3394631475949902
BFA,85,Comin-Yanga,1,2010,DHS 2010,-0.9346746558339378,-0.02400383918402239,-0.14833133318376757,-0.7741846435421731,0.7640670296105309,-0.2089889336391629,2.2595170687676895
BFA,85,Comin-Yanga,2,2021,DHS 2021,-0.9346746558339378,-0.4491656499755852,-0.14704747181393443,0.3362532488198579,0.7640670296105309,-0.2089889336391629,2.2595170687676895
BFA,86,Dourtenga,1,2010,DHS 2010,-0.3867106068371238,-0.1914414511306653,-0.14833133318376757,-0.6821712944800131,0.22063270248794972,0.9284733694019955,2.2595170687676895
BFA,86,Dourtenga,2,2021,DHS 2021,-0.3867106068371238,-0.4797631160944951,-0.14833133318376757,0.4338497022715169,0.22063270248794972,0.9284733694019955,2.2595170687676895
BFA,87,Lalgaye,1,2010,DHS 2010,-1.1996008626891888,-0.01622535299986783,-0.14833133318376757,-0.574734685318277,0.2555167536603787,-1.2556266267467244,2.2595170687676895
BFA,87,Lalgaye,2,2021,DHS 2021,-1.1996008626891888,-0.3939092809230948,-0.14833133318376757,0.5285783028558229,0.2555167536603787,-1.2556266267467244,2.2595170687676895
BFA,88,Ouargaye,1,2010,DHS 2010,-0.5911901818151939,0.05335230605733205,-0.14833133318376757,-0.7911128686327009,-0.49682810853130793,0.7772321339012396,2.2595170687676895
BFA,88,Ouargaye,2,2021,DHS 2021,-0.5911901818151939,-0.3642647084446736,-0.06226616236639016,0.31162654896791464,-0.49682810853130793,0.7772321339012396,2.2595170687676895
BFA,89,Sangha,1,2010,DHS 2010,-0.3098986424348236,0.6018874975793226,-0.14833133318376757,-0.8707655087307173,-1.137255465382315,1.2166313115655285,0.3394631475949902
BFA,89,Sangha,2,2021,DHS 2021,-0.3098986424348236,-0.20939502798902943,-0.12416038768531536,0.23277901251891353,-1.137255465382315,1.2166313115655285,0.3394631475949902
BFA,90,Soudougui,1,2010,DHS 2010,-1.561678089415268,0.3759483748447436,-0.14833133318376757,-0.7276938543986192,0.5312581630845533,-0.5709338538609583,2.2595170687676895
BFA,90,Soudougui,2,2021,DHS 2021,-1.561678089415268,-0.40981730136147265,-0.14612381255968057,0.3027861951749129,0.5312581630845533,-0.5709338538609583,2.2595170687676895
BFA,91,Yargatenga,1,2010,DHS 2010,-0.953704484700455,0.48583976470874535,-0.06396681812164552,-0.7440011498774957,-1.3438477327698521,0.9232260940242932,2.2595170687676895
BFA,91,Yargatenga,2,2021,DHS 2021,-0.953704484700455,-0.18974317910748192,0.1599284648503486,0.34619864683698487,-1.3438477327698521,0.9232260940242932,2.2595170687676895
BFA,92,Yondé,1,2010,DHS 2010,-0.5538879003274606,0.04983806168337888,-0.14833133318376757,-0.8278634822578939,1.2216435246308188,1.2166313115655285,0.3394631475949902
BFA,92,Yondé,2,2021,DHS 2021,-0.5538879003274606,-0.3794778179373306,-0.14639254575775884,0.2787488522425129,1.2216435246308188,1.2166313115655285,0.3394631475949902
BFA,93,Andemtenga,1,2010,DHS 2010,-0.09877550983717831,-0.632154246628523,-0.14833133318376757,-1.1141330816905712,-0.8785891223410089,0.4853242415383213,-0.4312693819185952
BFA,93,Andemtenga,2,2021,DHS 2021,-0.09877550983717831,-0.6952838780010446,-0.14652496993640962,-0.12247691919129541,-0.8785891223410089,0.4853242415383213,-0.4312693819185952
BFA,94,Baskouré,1,2010,DHS 2010,0.22649189678357412,-0.4973923327477665,-0.11838363025370563,-1.2087301293910333,-1.3884812021695445,1.2166313115655285,0.3394631475949902
BFA,94,Baskouré,2,2021,DHS 2021,0.22649189678357412,-0.7712159861394496,-0.14833133318376757,-0.24312670000436729,-1.3884812021695445,1.2166313115655285,0.3394631475949902
BFA,95,Dialgaye,1,2010,DHS 2010,-0.2385164317840786,-0.24369235600432165,-0.13723728693304568,-0.6285082421103513,-1.597388434217229,1.0114325068013326,-0.4312693819185952
BFA,95,Dialgaye,2,2021,DHS 2021,-0.2385164317840786,-0.5647184598117039,-0.1312328095996632,0.4760992264405711,-1.597388434217229,1.0114325068013326,-0.4312693819185952
BFA,96,Gounghin,1,2010,DHS 2010,0.29881031789436974,-0.4344560173202633,-0.1383738371268338,-1.1473317674524948,-1.2255491138696841,0.6487437949022474,-0.4312693819185952
BFA,96,Gounghin,2,2021,DHS 2021,0.29881031789436974,-0.8055350408140489,-0.14833133318376757,-0.16701546353890454,-1.2255491138696841,0.6487437949022474,-0.4312693819185952
BFA,97,Kando,1,2010,DHS 2010,-0.14384773758067032,-0.5367437607309148,-0.14833133318376757,-0.8307471214713255,-1.1142677315955882,0.7241696061014892,-0.4312693819185952
BFA,97,Kando,2,2021,DHS 2021,-0.14384773758067032,-0.6267523490356919,-0.14833133318376757,0.22003416913399287,-1.1142677315955882,0.7241696061014892,-0.4312693819185952
BFA,98,Koupéla,1,2010,DHS 2010,-0.10521354156816078,-0.4465021668357703,0.28412549722093555,-1.2087301293910333,-1.590825654479593,1.2166313115655285,0.3394631475949902
BFA,98,Koupéla,2,2021,DHS 2021,-0.10521354156816078,-0.6793666194555597,0.7000186650162655,-0.24312670000436729,-1.590825654479593,1.2166313115655285,0.3394631475949902
BFA,99,Pouytenga,1,2010,DHS 2010,0.039566768400337744,-0.5866661493854163,1.3063400592597634,-1.2087301293910333,-1.5340278048381009,3.269416809378824,-0.4312693819185952
BFA,99,Pouytenga,2,2021,DHS 2021,0.039566768400337744,-0.6924599255192587,1.6959517857738644,-0.24312670000436729,-1.5340278048381009,3.269416809378824,-0.4312693819185952
BFA,100,Tensobentenga,1,2010,DHS 2010,0.0068194210539483605,-0.23673760103721433,-0.1420599010941427,-0.7403913387453435,-1.2923520096903647,0.4524207149769838,-0.4312693819185952
BFA,100,Tensobentenga,2,2021,DHS 2021,0.0068194210539483605,-0.6117375166937218,-0.13965208711752572,0.3374161763128561,-1.2923520096903647,0.4524207149769838,-0.4312693819185952
BFA,101,Yargo,1,2010,DHS 2010,0.10138001397829165,-0.2962310108067575,-0.14833133318376757,-1.2087248672756803,-1.2419407786440624,1.2886105661054552,-0.4312693819185952
BFA,101,Yargo,2,2021,DHS 2021,0.10138001397829165,-0.6865242706269075,-0.131639101430125,-0.24312670000436729,-1.2419407786440624,1.2886105661054552,-0.4312693819185952
BFA,102,Bourzanga,1,2010,DHS 2010,0.5450396745142982,-0.8627626337395256,-0.14716107471394227,0.19531275120570582,0.22461627585176894,0.44292981543941035,1.0597591925596297
BFA,102,Bourzanga,2,2021,DHS 2021,0.5450396745142982,-1.357878299838815,-0.10993815451165961,1.4030997775978158,0.22461627585176894,0.44292981543941035,1.0597591925596297
BFA,103,Guibare,1,2010,DHS 2010,-0.051970325169415826,-0.5101505008147479,-0.13313052494255878,-0.20911238636271262,-0.2777183614355677,1.0351372427301082,1.0597591925596297
BFA,103,Guibare,2,2021,DHS 2021,-0.051970325169415826,-0.9712808816276952,-0.12686652304178456,0.9842669681929358,-0.2777183614355677,1.0351372427301082,1.0597591925596297
BFA,104,Kongoussi,1,2010,DHS 2010,0.5816539781087228,-0.6926084195372018,-0.00661870783898567,-0.15575979879887644,-0.2576454469050685,1.39274310336151,1.0597591925596297
BFA,104,Kongoussi,2,2021,DHS 2021,0.5816539781087228,-1.1808446041347012,0.0376292338281528,1.0365408221094117,-0.2576454469050685,1.39274310336151,1.0597591925596297
BFA,105,Nassere,1,2010,DHS 2010,0.3872425025043118,-0.71154859201939,-0.14833133318376757,0.005171475041226377,-0.4771419713326799,0.5419756580070397,1.0597591925596297
BFA,105,Nassere,2,2021,DHS 2021,0.3872425025043118,-1.1809313396958732,-0.14112215810845247,1.1845851754500731,-0.4771419713326799,0.5419756580070397,1.0597591925596297
BFA,106,Rollo,1,2010,DHS 2010,0.7379223844993392,-0.726380372979794,-0.14833133318376757,0.13185690216416313,0.45290660907399843,0.07732456263354878,1.0597591925596297
BFA,106,Rollo,2,2021,DHS 2021,0.7379223844993392,-1.2246034645882105,-0.14337738002230682,1.3314929118744916,0.45290660907399843,0.07732456263354878,1.0597591925596297
BFA,107,Rouko,1,2010,DHS 2010,0.43044764766247123,-0.4932459623412087,-0.14833133318376757,-0.20863879598094467,-0.3736435437681646,1.2410038523801263,1.0597591925596297
BFA,107,Rouko,2,2021,DHS 2021,0.43044764766247123,-1.0700567757291988,-0.14833133318376757,0.9845669087680653,-0.3736435437681646,1.2410038523801263,1.0597591925596297
BFA,108,Sabce,1,2010,DHS 2010,0.40135705963260176,-0.6060078373746468,0.0062107842854865645,-0.08285319058336703,-0.23917145380277355,0.573405868990614,1.0597591925596297
BFA,108,Sabce,2,2021,DHS 2021,0.40135705963260176,-1.0615263247341342,1.4957236255384454,1.1022383322913325,-0.23917145380277355,0.573405868990614,1.0597591925596297
BFA,109,Tikare,1,2010,DHS 2010,0.9166825298539374,-0.5185359648510486,-0.14833133318376757,-0.19195789031200683,-0.7439380215676318,0.9188547074285109,1.0597591925596297
BFA,109,Tikare,2,2021,DHS 2021,0.9166825298539374,-1.0543198313483593,-0.14573692474942396,1.0015688034735248,-0.7439380215676318,0.9188547074285109,1.0597591925596297
BFA,110,Zimtenga,1,2010,DHS 2010,0.32195400099197186,-0.7843424809583112,-0.14833133318376757,0.07767290037454673,0.18162544434026248,0.5405732811475955,1.0597591925596297
BFA,110,Zimtenga,2,2021,DHS 2021,0.32195400099197186,-1.2323766474145814,-0.14833133318376757,1.2722362308846151,0.18162544434026248,0.5405732811475955,1.0597591925596297
BFA,111,Boala,1,2010,DHS 2010,0.12731964991097008,-0.6121499810684469,-0.14833133318376757,-0.21190656961514354,-0.025334624197257197,0.48589516222747997,-0.17467376677583066
BFA,111,Boala,2,2021,DHS 2021,0.12731964991097008,-1.0575457270273314,-0.13337646034764983,0.9312669423577491,-0.025334624197257197,0.48589516222747997,-0.17467376677583066
BFA,112,Boulsa,1,2010,DHS 2010,0.033090033742282615,-0.5275022321026918,-0.11223791203200432,-0.24675755959792156,-0.6215503269135547,0.4620829997034499,-0.17467376677583066
BFA,112,Boulsa,2,2021,DHS 2021,0.033090033742282615,-0.7698454958425098,-0.11659796735450541,0.9270204152678965,-0.6215503269135547,0.4620829997034499,-0.17467376677583066
BFA,113,Bouroum,1,2010,DHS 2010,-0.09233280706327328,-0.9805402021659018,-0.14672023592349895,0.4427742499101663,0.690373124394156,-0.2223205361365179,-0.17467376677583066
BFA,113,Bouroum,2,2021,DHS 2021,-0.09233280706327328,-1.5592003477358813,-0.14639077937033929,1.509152450421709,0.690373124394156,-0.2223205361365179,-0.17467376677583066
BFA,114,Dargo,1,2010,DHS 2010,-0.21974150840276407,-0.4642925371352429,-0.1363611482590029,-0.2569239664598638,-0.44792175995040395,0.08253184292500375,-0.17467376677583066
BFA,114,Dargo,2,2021,DHS 2021,-0.21974150840276407,-0.7590796795416203,-0.14833133318376757,0.9707749044279022,-0.44792175995040395,0.08253184292500375,-0.17467376677583066
BFA,115,Nagbingou,1,2010,DHS 2010,-0.36459455318248535,-0.9601957518654103,-0.14833133318376757,0.4890545544396011,-0.18979193121204818,-0.06572194141551671,-0.17467376677583066
BFA,115,Nagbingou,2,2021,DHS 2021,-0.36459455318248535,-1.5317136431092204,-0.14833133318376757,1.5309586564444468,-0.18979193121204818,-0.06572194141551671,-0.17467376677583066
BFA,116,Tougouri,1,2010,DHS 2010,-0.2984005366350144,-0.830310959770986,-0.14833133318376757,0.1621456381358805,-0.29363128239929803,0.08707233340213875,-0.17467376677583066
BFA,116,Tougouri,2,2021,DHS 2021,-0.2984005366350144,-1.3513202702491394,-0.13451690379998393,1.2450047839329579,-0.29363128239929803,0.08707233340213875,-0.17467376677583066
BFA,117,Yalgo,1,2010,DHS 2010,-0.5317338110375955,-0.7965851968639295,0.3507026180033287,0.4305082590223764,-1.10565034300392,0.4429414233225603,-0.17467376677583066
BFA,117,Yalgo,2,2021,DHS 2021,-0.5317338110375955,-1.4695581188083227,0.21932709351737112,1.4661609679878949,-1.10565034300392,0.4429414233225603,-0.17467376677583066
BFA,118,Zeguedeguin,1,2010,DHS 2010,-0.20007841957431666,-0.567962917242919,-0.14833133318376757,-0.23620701831519242,-0.18747774373341167,0.48566356994849497,-0.17467376677583066
BFA,118,Zeguedeguin,2,2021,DHS 2021,-0.20007841957431666,-1.0551822257544101,-0.14833133318376757,0.9727218871085037,-0.18747774373341167,0.48566356994849497,-0.17467376677583066
BFA,119,Barsalogho,1,2010,DHS 2010,0.08751102024935925,-0.7416997207041822,-0.14833133318376757,0.2111517184181673,1.0632837246892028,-0.3699903986328552,0.9557339431774279
BFA,119,Barsalogho,2,2021,DHS 2021,0.08751102024935925,-1.3420219443698138,-0.14833133318376757,1.3602872070859733,1.0632837246892028,-0.3699903986328552,0.9557339431774279
BFA,120,Boussouma,1,2010,DHS 2010,0.13884511467646854,-0.7817003823256886,-0.10091166482812573,-0.13636890372315533,0.05358116359013308,0.530561611425072,0.6439249264394955
BFA,120,Boussouma,2,2021,DHS 2021,0.13884511467646854,-1.0564138022926288,-0.06663549053742575,1.0197336256720024,0.05358116359013308,0.530561611425072,0.6439249264394955
BFA,121,Dablo,1,2010,DHS 2010,0.32554536570757586,-0.7564629001655133,-0.14833133318376757,0.2603682833145634,1.7093930555656145,-0.4085472350343969,0.9557339431774279
BFA,121,Dablo,2,2021,DHS 2021,0.32554536570757586,-1.3864257615602427,-0.14833133318376757,1.4811632588592134,1.7093930555656145,-0.4085472350343969,0.9557339431774279
BFA,122,Kaya,1,2010,DHS 2010,0.3112366266520766,-0.7393556365637916,0.17993769313691488,0.013917110757874544,-0.16357371294546041,1.695150400870695,0.9557339431774279
BFA,122,Kaya,2,2021,DHS 2021,0.3112366266520766,-1.1355635089212157,0.5817817842939403,1.1853166094841272,-0.16357371294546041,1.695150400870695,0.9557339431774279
BFA,123,Korsimoro,1,2010,DHS 2010,-0.26010665946400585,-0.7645917501155062,-0.11816852506712859,-0.16725752084513168,0.13377852368882034,0.5899233913668022,0.9557339431774279
BFA,123,Korsimoro,2,2021,DHS 2021,-0.26010665946400585,-0.8405224041074223,-0.11716213123307741,0.9845669087680653,0.13377852368882034,0.5899233913668022,0.9557339431774279
BFA,124,Mane,1,2010,DHS 2010,0.01712240715742777,-0.623785376969804,-0.14538777707168932,-0.07812254888105029,0.015226219790504425,0.5053175252587231,0.9557339431774279
BFA,124,Mane,2,2021,DHS 2021,0.01712240715742777,-0.9015824428738731,0.18801947589191118,1.094666148298408,0.015226219790504425,0.5053175252587231,0.9557339431774279
BFA,125,Namissiguima,1,2010,DHS 2010,0.5062973772227236,-0.7343843374077841,-0.14833133318376757,0.09988428927947345,0.9359259542736068,0.530561611425072,0.6439249264394955
BFA,125,Namissiguima,2,2021,DHS 2021,0.5062973772227236,-1.279156796582247,-0.14833133318376757,1.294658104403661,0.9359259542736068,0.530561611425072,0.6439249264394955
BFA,126,Pensa,1,2010,DHS 2010,-0.21834153010968765,-0.8169594999364616,-0.14833133318376757,0.44359513990523075,0.9518496262482362,-0.34411444772250854,0.9557339431774279
BFA,126,Pensa,2,2021,DHS 2021,-0.21834153010968765,-1.5196269485680771,-0.14833133318376757,1.5115730234840687,0.9518496262482362,-0.34411444772250854,0.9557339431774279
BFA,127,Pibaore,1,2010,DHS 2010,0.43450544937848534,-0.5840442377275833,-0.14833133318376757,-0.22588274799265107,-0.495124915250406,0.48873104927816624,0.9557339431774279
BFA,127,Pibaore,2,2021,DHS 2021,0.43450544937848534,-0.886254199194493,-0.14833133318376757,0.919043048392783,-0.495124915250406,0.48873104927816624,0.9557339431774279
BFA,128,Pissila,1,2010,DHS 2010,0.05874940709960734,-0.7699330867839694,-0.14833133318376757,0.07205296117756704,-0.11412424401876396,0.411565617694744,0.9557339431774279
BFA,128,Pissila,2,2021,DHS 2021,0.05874940709960734,-1.2733989752517068,-0.1386043029638475,1.1791915072132715,-0.11412424401876396,0.411565617694744,0.9557339431774279
BFA,129,Ziga,1,2010,DHS 2010,0.19699692989498,-0.6229828591838914,-0.14833133318376757,-0.2258774858773079,0.003516685027896084,0.20481543011068296,0.9557339431774279
BFA,129,Ziga,2,2021,DHS 2021,0.19699692989498,-0.8402695536943807,-0.14673618448994016,0.9190535726234889,0.003516685027896084,0.20481543011068296,0.9557339431774279
BFA,130,Bingo,1,2010,DHS 2010,0.4070717470024332,-0.4443038394964023,-0.14833133318376757,-0.5451931697266725,-0.9272918493660856,-0.0460402636816908,0.5951130786524614
BFA,130,Bingo,2,2021,DHS 2021,0.4070717470024332,-0.4912388980341689,-0.14833133318376757,0.5956597493755669,-0.9272918493660856,-0.0460402636816908,0.5951130786524614
BFA,131,Imasgho,1,2010,DHS 2010,-0.23922109197353938,-0.2591220477858222,-0.14833133318376757,-0.44253456130542984,-1.8074531809775505,0.8628108659366984,0.5951130786524614
BFA,131,Imasgho,2,2021,DHS 2021,-0.23922109197353938,-0.4738796393996931,-0.14833133318376757,0.8455891801805737,-1.8074531809775505,0.8628108659366984,0.5951130786524614
BFA,132,Kindi,1,2010,DHS 2010,0.2994008711781508,-0.49883005593531893,-0.14833133318376757,-0.43577800519220705,-0.7972749524113127,1.1610059556776247,0.5951130786524614
BFA,132,Kindi,2,2021,DHS 2021,0.2994008711781508,-0.638445910796612,-0.1357264732348349,0.8300712020046438,-0.7972749524113127,1.1610059556776247,0.5951130786524614
BFA,133,Kokologho,1,2010,DHS 2010,0.39090460015560036,-0.30499746122319615,-0.05774630675916505,-0.5444038524237161,-1.3628531237301518,0.39862693046844616,0.48276580931968366
BFA,133,Kokologho,2,2021,DHS 2021,0.39090460015560036,-0.4760700972404143,-0.05502803644389738,0.5980224391690537,-1.3628531237301518,0.39862693046844616,0.48276580931968366
BFA,134,Koudougou,1,2010,DHS 2010,-0.21608875283732065,-0.12701061526450694,1.3205126642010714,-0.48107955626597826,-1.8323378205367442,2.3947234903317303,0.5951130786524614
BFA,134,Koudougou,2,2021,DHS 2021,-0.21608875283732065,-0.405792566031825,2.404539437163295,0.7880005897575908,-1.8323378205367442,2.3947234903317303,0.5951130786524614
BFA,135,Nandiala,1,2010,DHS 2010,0.08943815910083908,-0.3838806313541381,-0.1438238477719367,-0.48107955626597826,-1.3135610988245168,1.056847493777065,0.5951130786524614
BFA,135,Nandiala,2,2021,DHS 2021,0.08943815910083908,-0.4379319406573282,-0.14833133318376757,0.7880005897575908,-1.3135610988245168,1.056847493777065,0.5951130786524614
BFA,136,Nanoro,1,2010,DHS 2010,-0.21043612360917466,-0.5035139473146619,-0.12546041071694278,-0.1944889677967889,-0.8957915169613957,0.9389403379244263,0.5951130786524614
BFA,136,Nanoro,2,2021,DHS 2021,-0.21043612360917466,-0.7384682650533401,-0.11376509332122142,1.1963565274946735,-0.8957915169613957,0.9389403379244263,0.5951130786524614
BFA,137,Pella,1,2010,DHS 2010,0.17374314364277466,-0.4982822703990811,-0.14833133318376757,-0.20161913410007304,-0.6548539794837864,0.7745979158742538,0.5951130786524614
BFA,137,Pella,2,2021,DHS 2021,0.17374314364277466,-0.7432205868556984,-0.14833133318376757,1.180254454514573,-0.6548539794837864,0.7745979158742538,0.5951130786524614
BFA,138,Poa,1,2010,DHS 2010,0.36075235079861717,-0.3022470714461518,-0.13914999987063123,-0.48107955626597826,-1.5694962965066457,0.9560587233898876,0.5951130786524614
BFA,138,Poa,2,2021,DHS 2021,0.36075235079861717,-0.41706100378976196,-0.14833133318376757,0.7880005897575908,-1.5694962965066457,0.9560587233898876,0.5951130786524614
BFA,139,Ramongo,1,2010,DHS 2010,-0.14331390410380612,-0.04835566059432152,-0.1335329547013192,-0.48107955626597826,-1.9333367028322987,1.324035036186196,0.5951130786524614
BFA,139,Ramongo,2,2021,DHS 2021,-0.14331390410380612,-0.40044900537461403,-0.14297043277305985,0.7880005897575908,-1.9333367028322987,1.324035036186196,0.5951130786524614
BFA,140,Sabou,1,2010,DHS 2010,0.09546246988725178,-0.11772460686132459,-0.14393619855215223,-0.5136467881855642,-1.5401688340758801,0.9360491329260481,0.5951130786524614
BFA,140,Sabou,2,2021,DHS 2021,0.09546246988725178,-0.4321907992423981,-0.05530508708247934,0.751202617094221,-1.5401688340758801,0.9360491329260481,0.5951130786524614
BFA,141,Sigle,1,2010,DHS 2010,0.6051626698461308,-0.45141718196884767,-0.14833133318376757,-0.3123814001648811,-0.6169026519487627,0.7515957784490488,0.5951130786524614
BFA,141,Sigle,2,2021,DHS 2021,0.6051626698461308,-0.6315695086638573,-0.14833133318376757,0.8781721984462088,-0.6169026519487627,0.7515957784490488,0.5951130786524614
BFA,142,Soaw,1,2010,DHS 2010,-0.14869427825875134,-0.39651322959488633,-0.14833133318376757,-0.26740610024298467,-1.2377246337131385,0.725248050114492,0.5951130786524614
BFA,142,Soaw,2,2021,DHS 2021,-0.14869427825875134,-0.5959981772480768,-0.14833133318376757,1.1072478661073668,-1.2377246337131385,0.725248050114492,0.5951130786524614
BFA,143,Sourgou,1,2010,DHS 2010,-0.42620027099630825,0.09356339122961091,-0.14833133318376757,-0.48107955626597826,-1.4068693167148971,-0.10266698692690837,0.5951130786524614
BFA,143,Sourgou,2,2021,DHS 2021,-0.42620027099630825,-0.47261333442179404,-0.14422020881445596,0.7880005897575908,-1.4068693167148971,-0.10266698692690837,0.5951130786524614
BFA,144,Thyou,1,2010,DHS 2010,0.47575409484393744,-0.022363219792229112,-0.14833133318376757,-0.6424844204878588,-0.7942220539066677,0.6478711350638703,0.5951130786524614
BFA,144,Thyou,2,2021,DHS 2021,0.47575409484393744,-0.4303565217534717,-0.14509748246348944,0.6056682927769395,-0.7942220539066677,0.6478711350638703,0.5951130786524614
BFA,145,Dassa,1,2010,DHS 2010,-0.7726588647730319,0.10683427424103449,-0.14833133318376757,-0.28259782726703975,-0.5185518861209824,0.23695690915731546,1.8642211211153232
BFA,145,Dassa,2,2021,DHS 2021,-0.7726588647730319,-0.5245684487919665,-0.11784516484756845,0.9892291429707933,-0.5185518861209824,0.23695690915731546,1.8642211211153232
BFA,146,Didyr,1,2010,DHS 2010,-0.49235358274116825,0.01781467662488667,-0.14833133318376757,-0.17775544097432128,-0.9802885042382912,0.25500609819690107,1.8642211211153232
BFA,146,Didyr,2,2021,DHS 2021,-0.49235358274116825,-0.5749012489085027,-0.13585576043559824,1.2459414404657878,-0.9802885042382912,0.25500609819690107,1.8642211211153232
BFA,147,Godyr,1,2010,DHS 2010,-0.3897100836852546,0.006400139913811936,-0.14833133318376757,-0.150308247293192,-0.7439169081365883,0.4442315404802674,1.8642211211153232
BFA,147,Godyr,2,2021,DHS 2021,-0.3897100836852546,-0.7245991290687045,-0.14464417985346725,1.311512659879237,-0.7439169081365883,0.4442315404802674,1.8642211211153232
BFA,148,Kordie,1,2010,DHS 2010,-0.44471828701688193,-0.2531644951581061,-0.14833133318376757,-0.2334338835241734,-1.4086748388947201,-0.29313057590444763,1.8642211211153232
BFA,148,Kordie,2,2021,DHS 2021,-0.44471828701688193,-0.5359997509566804,-0.14178123220682698,1.1587955481051317,-1.4086748388947201,-0.29313057590444763,1.8642211211153232
BFA,149,Kyon,1,2010,DHS 2010,-0.6223340268554524,0.036847059102088076,-0.08788162664037599,-0.2845079751401607,-1.260462827469775,0.8556638990620877,1.8642211211153232
BFA,149,Kyon,2,2021,DHS 2021,-0.6223340268554524,-0.5857291658182787,0.10219262181075366,0.9845669087680653,-1.260462827469775,0.8556638990620877,1.8642211211153232
BFA,150,Pouni,1,2010,DHS 2010,-0.3720141712190519,0.3743556567490617,-0.14833133318376757,-0.685475902921673,-0.9644667725718274,0.25997985445123245,1.8642211211153232
BFA,150,Pouni,2,2021,DHS 2021,-0.3720141712190519,-0.48198470977768837,-0.11605795952631823,0.5370818812662244,-0.9644667725718274,0.25997985445123245,1.8642211211153232
BFA,151,Réo,1,2010,DHS 2010,-0.23981831817578123,-0.08188793648030182,0.21894160999488702,-0.39666470177352725,-1.713467876078455,0.39862693046844616,0.48276580931968366
BFA,151,Réo,2,2021,DHS 2021,-0.23981831817578123,-0.4953941643957183,0.6684311210897732,0.8724101821346987,-1.713467876078455,0.39862693046844616,0.48276580931968366
BFA,152,Tenado,1,2010,DHS 2010,-0.709041929335123,0.16237753784201675,-0.1263569907716765,-0.2936009104701151,-1.1108231336095036,-0.07806403647446743,1.8642211211153232
BFA,152,Tenado,2,2021,DHS 2021,-0.709041929335123,-0.5566441831240655,-0.1322103314005046,0.9754739734381108,-1.1108231336095036,-0.07806403647446743,1.8642211211153232
BFA,153,Zamo,1,2010,DHS 2010,-0.7832668032501701,0.5476013008491323,-0.14833133318376757,-0.4780012187844964,-0.2723506278010269,-1.0214672475003292,1.8642211211153232
BFA,153,Zamo,2,2021,DHS 2021,-0.7832668032501701,-0.403208804334823,-0.13792423996723704,0.7607901912673456,-0.2723506278010269,-1.0214672475003292,1.8642211211153232
BFA,154,Zawara,1,2010,DHS 2010,-0.8423755149759605,0.7086718040863121,-0.14822779593355684,-0.6810978229480058,-0.5579596518072314,-0.7984678366804129,1.8642211211153232
BFA,154,Zawara,2,2021,DHS 2021,-0.8423755149759605,-0.16426550616252278,-0.14833133318376757,0.5259051482565007,-0.5579596518072314,-0.7984678366804129,1.8642211211153232
BFA,155,Bieha,1,2010,DHS 2010,0.18564896476053888,0.5443469210065799,-0.14833133318376757,-0.8966445920366594,0.7019707450192102,-1.1024367589891875,-0.6393198806829989
BFA,155,Bieha,2,2021,DHS 2021,0.18564896476053888,0.03136355822981073,-0.1444350389769098,0.1957547688953559,0.7019707450192102,-1.1024367589891875,-0.6393198806829989
BFA,156,Boura,1,2010,DHS 2010,-0.333277212262246,0.883470476636716,-0.14833133318376757,-0.9375154419832336,0.8959448876928965,-0.8327372472508674,-0.6393198806829989
BFA,156,Boura,2,2021,DHS 2021,-0.333277212262246,0.43985366506214413,-0.14833133318376757,0.18695651202516816,0.8959448876928965,-0.8327372472508674,-0.6393198806829989
BFA,157,Leo,1,2010,DHS 2010,0.5710006637860512,0.6153884778881356,-0.034854128887776184,-1.041900024240243,-0.06665529264207037,0.5829212756779562,-0.6393198806829989
BFA,157,Leo,2,2021,DHS 2021,0.5710006637860512,0.17737663118669322,0.03333640114469121,0.06514906583445111,-0.06665529264207037,0.5829212756779562,-0.6393198806829989
BFA,158,Nebielianayou,1,2010,DHS 2010,-0.21297249991612577,0.170727589134407,-0.14833133318376757,-0.8518166313446462,-0.321856960508263,-1.1252984516580127,-0.6393198806829989
BFA,158,Nebielianayou,2,2021,DHS 2021,-0.21297249991612577,-0.35269055777191527,-0.14833133318376757,0.36884152920084595,-0.321856960508263,-1.1252984516580127,-0.6393198806829989
BFA,159,Niabouri,1,2010,DHS 2010,-0.6405764513435949,1.0423272556893495,-0.14833133318376757,-0.7659125982072928,1.3677000231355807,-0.2832657797503052,-0.6393198806829989
BFA,159,Niabouri,2,2021,DHS 2021,-0.6405764513435949,0.37926896112156366,-0.14833133318376757,0.37662419780788947,1.3677000231355807,-0.2832657797503052,-0.6393198806829989
BFA,160,Silly,1,2010,DHS 2010,-0.33951238727202004,0.5478738250087909,-0.14833133318376757,-0.8135189558056878,0.10703985287050491,-0.6407205222989606,-0.6393198806829989
BFA,160,Silly,2,2021,DHS 2021,-0.33951238727202004,-0.020555288016163947,-0.14745725262630754,0.37951309913668374,0.10703985287050491,-0.6407205222989606,-0.6393198806829989
BFA,161,Tô,1,2010,DHS 2010,0.3180683605722464,0.7818136617262664,-0.14833133318376757,-1.0579968351049904,-0.28403451557377885,0.39862693046844616,0.48276580931968366
BFA,161,Tô,2,2021,DHS 2021,0.3180683605722464,0.07251812785941307,-0.14833133318376757,0.05894503183330075,-0.28403451557377885,0.39862693046844616,0.48276580931968366
BFA,162,Bakata,1,2010,DHS 2010,0.5370968996704047,-0.02382335394331973,-0.14833133318376757,-0.7983430151277014,0.32715475472020406,-0.4367202675447812,-0.7294750968142402
BFA,162,Bakata,2,2021,DHS 2021,0.5370968996704047,-0.41988752241241123,-0.14833133318376757,0.3879640563935554,0.32715475472020406,-0.4367202675447812,-0.7294750968142402
BFA,163,Bougnounou,1,2010,DHS 2010,0.7362294650858336,0.0537813648096386,-0.14833133318376757,-0.8450285025393056,-0.18595122971596276,-0.3184420185354548,-0.7294750968142402
BFA,163,Bougnounou,2,2021,DHS 2021,0.7362294650858336,-0.41335019302569753,-0.14833133318376757,0.3704569986142001,-0.18595122971596276,-0.3184420185354548,-0.7294750968142402
BFA,164,Cassou,1,2010,DHS 2010,0.49582890274141633,0.5593626087288373,-0.14833133318376757,-0.9024223946942284,0.22924180114350282,-0.6033071193979093,-0.7294750968142402
BFA,164,Cassou,2,2021,DHS 2021,0.49582890274141633,-0.11474737023198435,-0.14833133318376757,0.25514300276904717,0.22924180114350282,-0.6033071193979093,-0.7294750968142402
BFA,165,Dalo,1,2010,DHS 2010,0.4422033281148674,0.01608937458461222,-0.14833133318376757,-0.8535268188343639,-1.1086852368035651,-0.825601159866441,-0.7294750968142402
BFA,165,Dalo,2,2021,DHS 2021,0.4422033281148674,-0.3190816398121575,-0.14833133318376757,0.36726815671029595,-1.1086852368035651,-0.825601159866441,-0.7294750968142402
BFA,166,Gao,1,2010,DHS 2010,0.34975538117521426,0.16924470186766408,-0.14833133318376757,-0.8542214180609471,0.4185456010583329,-0.6211905568709152,-0.7294750968142402
BFA,166,Gao,2,2021,DHS 2021,0.34975538117521426,-0.23369296044120397,-0.14833133318376757,0.36622099575505346,0.4185456010583329,-0.6211905568709152,-0.7294750968142402
BFA,167,Sapouy,1,2010,DHS 2010,0.24051236576156673,0.05815680605723961,-0.14833133318376757,-0.8103353760171267,1.1776781075047784,-0.759671448286818,-0.7294750968142402
BFA,167,Sapouy,2,2021,DHS 2021,0.24051236576156673,-0.2295299956570653,-0.13592829684198718,0.33738986573610097,1.1776781075047784,-0.759671448286818,-0.7294750968142402
BFA,168,Doulougou,1,2010,DHS 2010,0.18245330410966046,-0.2823632434305823,-0.1482231693539508,-0.6380326708992499,-0.026929918778410784,-0.3456706794707317,0.4841528126447803
BFA,168,Doulougou,2,2021,DHS 2021,0.18245330410966046,-0.5710397201377466,-0.13412094794318294,0.5107660423859851,-0.026929918778410784,-0.3456706794707317,0.4841528126447803
BFA,169,Gaongo,1,2010,DHS 2010,-0.6626985106248481,-0.46555114369055267,-0.14833133318376757,-0.4336678969356534,0.8134657226785222,-0.3034843896930864,0.4841528126447803
BFA,169,Gaongo,2,2021,DHS 2021,-0.6626985106248481,-0.6552702145991653,-0.14683574841847108,0.7029437571920668,0.8134657226785222,-0.3034843896930864,0.4841528126447803
BFA,170,Ipelce,1,2010,DHS 2010,0.15209085782116197,-0.1703231382838989,-0.14833133318376757,-0.7983482772430446,-0.17797903130850443,0.10199765274326571,0.4841528126447803
BFA,170,Ipelce,2,2021,DHS 2021,0.15209085782116197,-0.5544963232216713,-0.12219096028369686,0.3879587942782122,-0.17797903130850443,0.10199765274326571,0.4841528126447803
BFA,171,Kayao,1,2010,DHS 2010,0.21876599178965672,-0.27178184711971903,-0.14833133318376757,-0.6311392997868399,-0.06246421181486954,-0.226663795975508,0.4841528126447803
BFA,171,Kayao,2,2021,DHS 2021,0.21876599178965672,-0.5427059324121845,-0.14833133318376757,0.5220111828952975,-0.06246421181486954,-0.226663795975508,0.4841528126447803
BFA,172,Kombissiri,1,2010,DHS 2010,0.04181687650532042,-0.4181688923383807,-0.048459685185159064,-0.523586924087348,-0.09548199111938188,0.8790123872015416,0.4841528126447803
BFA,172,Kombissiri,2,2021,DHS 2021,0.04181687650532042,-0.6686141470871582,0.024398746150165573,0.5982487101292318,-0.09548199111938188,0.8790123872015416,0.4841528126447803
BFA,173,Sapone,1,2010,DHS 2010,0.1513354834513991,-0.39112279409790984,-0.14176697607222205,-0.5801230914397256,-0.48542478328395167,-0.10209177247669246,0.4841528126447803
BFA,173,Sapone,2,2021,DHS 2021,0.1513354834513991,-0.62643209465598,-0.1352243855592716,0.5712540583684584,-0.48542478328395167,-0.10209177247669246,0.4841528126447803
BFA,174,Toece,1,2010,DHS 2010,-0.09178696233317961,-0.40646609247035353,-0.1273733937300541,-0.6500618665961461,0.03210530690240147,-0.26957323470752265,0.4841528126447803
BFA,174,Toece,2,2021,DHS 2021,-0.09178696233317961,-0.47115884578060285,-0.1004629510538513,0.453482654653475,0.03210530690240147,-0.26957323470752265,0.4841528126447803
BFA,175,Guiaro,1,2010,DHS 2010,-0.21299051679596995,0.3608372266823798,-0.14833133318376757,-0.897418122993547,0.8558967244417544,-1.870338280369108,-1.4576518424896527
BFA,175,Guiaro,2,2021,DHS 2021,-0.21299051679596995,-0.033475807261749264,-0.1457557821082692,0.2527697887448643,0.8558967244417544,-1.870338280369108,-1.4576518424896527
BFA,176,Pô,1,2010,DHS 2010,-0.6455357643436634,0.5264470620302828,0.0035838261775608797,-0.8418659712121761,0.3541537813446345,0.3669580408253635,-0.9636338934628043
BFA,176,Pô,2,2021,DHS 2021,-0.6455357643436634,-0.030662803647645863,0.0011486069042444865,0.30607501727052366,0.3541537813446345,0.3669580408253635,-0.9636338934628043
BFA,177,Tiébélé,1,2010,DHS 2010,-1.081746446001876,0.47522449533848987,-0.11259906657006902,-0.5399257922583325,0.07269205694052285,0.3669580408253635,-0.9636338934628043
BFA,177,Tiébélé,2,2021,DHS 2021,-1.081746446001876,-0.1474668637686002,-0.1459701740616203,0.46409634132042027,0.07269205694052285,0.3669580408253635,-0.9636338934628043
BFA,178,Zecco,1,2010,DHS 2010,-1.5570253970184733,0.4584696484152968,-0.14833133318376757,-0.5293647267448974,-0.3332319186304752,1.5995235444207534,-1.4576518424896527
BFA,178,Zecco,2,2021,DHS 2021,-1.5570253970184733,-0.17185546653127007,-0.0713522481084122,0.4881021115607122,-0.3332319186304752,1.5995235444207534,-1.4576518424896527
BFA,179,Ziou,1,2010,DHS 2010,-1.6310080439933932,0.4933275926711419,-0.14833133318376757,-0.46238326041685995,0.10173688436186348,0.60055553618571,-1.4576518424896527
BFA,179,Ziou,2,2021,DHS 2021,-1.6310080439933932,-0.14533097919023366,-0.1304478108141672,0.5071193964463719,0.10173688436186348,0.60055553618571,-1.4576518424896527
BFA,180,Bere,1,2010,DHS 2010,-0.4059846645193064,-0.418720612623942,-0.1339209102063381,-0.6411741537649577,-0.2919696683292232,0.7650030916311512,-2.199698621416025
BFA,180,Bere,2,2021,DHS 2021,-0.4059846645193064,-0.6093855630546844,-0.14833133318376757,0.46388585670631094,-0.2919696683292232,0.7650030916311512,-2.199698621416025
BFA,181,Binde,1,2010,DHS 2010,-0.6447857283086693,-0.35790546923385735,-0.14833133318376757,-0.45962064985654694,-0.9919156577607555,0.26238652393195333,-2.199698621416025
BFA,181,Binde,2,2021,DHS 2021,-0.6447857283086693,-0.5758531160926462,-0.14460532384549163,0.6764384821591205,-0.9919156577607555,0.26238652393195333,-2.199698621416025
BFA,182,Gogo,1,2010,DHS 2010,-0.6557733558462271,0.16139881171683973,-0.14833133318376757,-0.506485049190172,0.43200534858324613,-0.4971957345918155,-2.199698621416025
BFA,182,Gogo,2,2021,DHS 2021,-0.6557733558462271,-0.13287270745211702,-0.1461089215581456,0.559851054398547,0.43200534858324613,-0.4971957345918155,-2.199698621416025
BFA,183,Gomboussougou,1,2010,DHS 2010,-1.0826886620885414,0.3440305437137529,-0.14833133318376757,-0.43998769747457905,0.4870650317758507,0.3529099506017269,-2.199698621416025
BFA,183,Gomboussougou,2,2021,DHS 2021,-1.0826886620885414,0.052479476011771296,-0.14136858895900997,0.5608140215081516,0.4870650317758507,0.3529099506017269,-2.199698621416025
BFA,184,Guiba,1,2010,DHS 2010,-0.09383287913326173,-0.11821097609290618,-0.12782134500227263,-0.6524456048510447,-0.68717980818319,0.7031473428301087,-2.199698621416025
BFA,184,Guiba,2,2021,DHS 2021,-0.09383287913326173,-0.2779487968418622,-0.13256522840638343,0.45174089447164933,-0.68717980818319,0.7031473428301087,-2.199698621416025
BFA,185,Manga,1,2010,DHS 2010,-0.460646543382818,-0.06656277216995751,0.2257624543559602,-0.603823658989535,-0.9817771954222144,1.343869899438185,-2.199698621416025
BFA,185,Manga,2,2021,DHS 2021,-0.460646543382818,-0.2789294048036721,1.545638542045512,0.5076140352895518,-0.9817771954222144,1.343869899438185,-2.199698621416025
BFA,186,Nobere,1,2010,DHS 2010,-0.4210561181548754,-0.08900470047389797,-0.14833133318376757,-0.7120916823770417,-0.26843583500091284,-0.07572464643079962,-2.199698621416025
BFA,186,Nobere,2,2021,DHS 2021,-0.4210561181548754,-0.25556537654959954,-0.14472017436115833,0.4082179383871746,-0.26843583500091284,-0.07572464643079962,-2.199698621416025
BFA,187,Bilanga,1,2010,DHS 2010,-0.44121567211680657,-0.20575452948461295,-0.14407677833343532,-0.48344750817482784,-0.2661866717086791,-0.09725841777629847,-0.6948000136868395
BFA,187,Bilanga,2,2021,DHS 2021,-0.44121567211680657,-0.7307390487737565,-0.14371176221510734,0.6289321047524518,-0.2661866717086791,-0.09725841777629847,-0.6948000136868395
BFA,188,Bogandé,1,2010,DHS 2010,-0.28939543317216115,-0.5777371767143162,-0.10412437702701775,-0.07804361715075563,0.11558625888418742,0.2517962709033342,0.3137495469901259
BFA,188,Bogandé,2,2021,DHS 2021,-0.28939543317216115,-1.201707329351505,-0.12858312762283935,1.1026645636349235,0.11558625888418742,0.2517962709033342,0.3137495469901259
BFA,189,Koalla,1,2010,DHS 2010,-0.6823422479897592,-0.6822649900223747,-0.14833133318376757,0.23677295807182328,0.24486755353899503,0.2517962709033342,0.3137495469901259
BFA,189,Koalla,2,2021,DHS 2021,-0.6823422479897592,-1.3461897848215922,-0.14771484298253248,1.3128597614095994,0.24486755353899503,0.2517962709033342,0.3137495469901259
BFA,190,Liptougou,1,2010,DHS 2010,-0.8089001522254976,-0.5659372056456072,-0.14833133318376757,0.0789779049820851,1.316288948075644,-0.30740909932901056,-0.6948000136868395
BFA,190,Liptougou,2,2021,DHS 2021,-0.8089001522254976,-1.26228826961882,-0.14833133318376757,1.202592134187971,1.316288948075644,-0.30740909932901056,-0.6948000136868395
BFA,191,Mani,1,2010,DHS 2010,-0.590559591020648,-0.696346602470473,-0.12253440803130311,0.2638149688707635,-0.7429038520372704,1.9437046505516327,-0.6948000136868395
BFA,191,Mani,2,2021,DHS 2021,-0.590559591020648,-1.3535286055378732,-0.12869512251410556,1.3190795817568184,-0.7429038520372704,1.9437046505516327,-0.6948000136868395
BFA,192,Piéla,1,2010,DHS 2010,-0.471860382856197,-0.3129791857637063,-0.14434133325806148,-0.1875271891848,-0.3837621879781805,0.2517962709033342,0.3137495469901259
BFA,192,Piéla,2,2021,DHS 2021,-0.471860382856197,-0.8145885568550373,-0.14539435209043644,1.0287897261944763,-0.3837621879781805,0.2517962709033342,0.3137495469901259
BFA,193,Thion,1,2010,DHS 2010,-0.38250132987204943,-0.6765531026132837,-0.14833133318376757,0.14231798748588187,-0.1500406512980286,0.7973211082122519,-0.6948000136868395
BFA,193,Thion,2,2021,DHS 2021,-0.38250132987204943,-1.282935695617212,-0.14833133318376757,1.2378114722454379,-0.1500406512980286,0.7973211082122519,-0.6948000136868395
BFA,194,Diabo,1,2010,DHS 2010,-0.06761431520892174,0.17904547812798036,-0.1228078886974728,-0.7898183882558685,-0.39740664564215883,0.2611707878927271,-0.10532360052102979
BFA,194,Diabo,2,2021,DHS 2021,-0.06761431520892174,-0.5097582234148124,-0.14833133318376757,0.28980455659910825,-0.39740664564215883,0.2611707878927271,-0.10532360052102979
BFA,195,Diapangou,1,2010,DHS 2010,-0.022207774250543502,0.08760207492862859,-0.08478865622221127,-0.6594494803858575,-1.3778594624615423,0.05636342862804883,-0.10532360052102979
BFA,195,Diapangou,2,2021,DHS 2021,-0.022207774250543502,-0.5984397747412644,-0.1179665846257209,0.38348599622817175,-1.3778594624615423,0.05636342862804883,-0.10532360052102979
BFA,196,Fada N'gourma,1,2010,DHS 2010,-0.47401106447611374,0.13711336781686548,0.014349997644951177,-0.7528625521319093,-0.5375478861380266,-0.3672630644845927,-0.10532360052102979
BFA,196,Fada N'gourma,2,2021,DHS 2021,-0.47401106447611374,-0.47164179349103363,0.03927175713460957,0.3863696354416033,-0.5375478861380266,-0.3672630644845927,-0.10532360052102979
BFA,197,Matiacoali,1,2010,DHS 2010,-0.9585536945459203,-0.09237250374259862,-0.14833133318376757,-0.6860284250337455,0.8072011215805267,-2.024579159532504,-0.10532360052102979
BFA,197,Matiacoali,2,2021,DHS 2021,-0.9585536945459203,-0.6831703245188678,-0.14833133318376757,0.5276890053611599,0.8072011215805267,-2.024579159532504,-0.10532360052102979
BFA,198,Tibga,1,2010,DHS 2010,-0.0463290399026532,-0.18377963881775222,-0.1406414242689715,-0.7795309527408077,-0.8727079307883379,-0.25060804741465936,-0.10532360052102979
BFA,198,Tibga,2,2021,DHS 2021,-0.0463290399026532,-0.7291911526051493,-0.14833133318376757,0.24508183821416452,-0.8727079307883379,-0.25060804741465936,-0.10532360052102979
BFA,199,Yamba,1,2010,DHS 2010,-0.33047725567609315,0.06972719305673211,-0.14833133318376757,-0.6950634770947975,-0.5713914207977558,-1.3658297330581368,-0.10532360052102979
BFA,199,Yamba,2,2021,DHS 2021,-0.33047725567609315,-0.506122515040007,-0.14833133318376757,0.39014783426504096,-0.5713914207977558,-1.3658297330581368,-0.10532360052102979
BFA,200,Bartiébougou,1,2010,DHS 2010,-0.9522864895275345,-0.7657047709458511,-0.14833133318376757,0.19876996099260205,1.2356625837829986,0.2517962709033342,0.3137495469901259
BFA,200,Bartiébougou,2,2021,DHS 2021,-0.9522864895275345,-1.3302314680222982,-0.14833133318376757,1.0738018609238436,1.2356625837829986,0.2517962709033342,0.3137495469901259
BFA,201,Foutouri,1,2010,DHS 2010,-0.8892207371544879,-0.7082889088190539,-0.14833133318376757,-0.20019310083941622,2.098957619394932,-2.7989681213941946,-0.9860707119570047
BFA,201,Foutouri,2,2021,DHS 2021,-0.8892207371544879,-1.2649434555698442,-0.14833133318376757,0.9322509579287558,2.098957619394932,-2.7989681213941946,-0.9860707119570047
BFA,202,Gayéri,1,2010,DHS 2010,-0.6053741372954762,-0.2620664378121151,-0.14833133318376757,-0.042545386979561395,0.025038913545771653,0.2517962709033342,0.3137495469901259
BFA,202,Gayéri,2,2021,DHS 2021,-0.6053741372954762,-0.9693071771518751,-0.1442917747898229,0.9810676020583257,0.025038913545771653,0.2517962709033342,0.3137495469901259
BFA,203,Kompienga,1,2010,DHS 2010,-2.3223894593630865,0.9774524774538793,-0.14521080595712166,-0.0299005237863571,-0.20427289524214265,0.2517962709033342,0.3137495469901259
BFA,203,Kompienga,2,2021,DHS 2021,-2.3223894593630865,-0.02669298373246801,-0.14202305798314133,0.5853460032837315,-0.20427289524214265,0.2517962709033342,0.3137495469901259
BFA,204,Madjoari,1,2010,DHS 2010,-2.5508615126669723,0.6250087689077483,-0.14833133318376757,-0.6498145471745561,0.8968114450774297,-3.031077260371923,0.005636665486651788
BFA,204,Madjoari,2,2021,DHS 2021,-2.5508615126669723,-0.10796523100693325,-0.14833133318376757,0.2676089540402601,0.8968114450774297,-3.031077260371923,0.005636665486651788
BFA,205,Pama,1,2010,DHS 2010,-2.1275392393698778,0.35320808989645625,-0.13068772851038923,-0.3703909598161119,1.9449624708179267,-2.4391427813541444,0.005636665486651788
BFA,205,Pama,2,2021,DHS 2021,-2.1275392393698778,-0.3576194300656532,-0.13140357274034722,0.5421229877743765,1.9449624708179267,-2.4391427813541444,0.005636665486651788
BFA,206,Botou,1,2010,DHS 2010,-1.3644963517118547,-0.22610402652880193,-0.14833133318376757,-0.3648078554266031,1.238071846466456,-0.6513454179643665,1.3718349407062354
BFA,206,Botou,2,2021,DHS 2021,-1.3644963517118547,-0.7686106688591978,-0.14833133318376757,0.7809756657613662,1.238071846466456,-0.6513454179643665,1.3718349407062354
BFA,207,Diapaga,1,2010,DHS 2010,-0.8985728323773029,0.4208608011542344,-0.13524270631505894,-0.9338687960436203,2.409722972663478,-2.1640417904157907,1.3718349407062354
BFA,207,Diapaga,2,2021,DHS 2021,-0.8985728323773029,-0.2378189727969147,-0.12567966183603516,0.1868091727952946,2.409722972663478,-2.1640417904157907,1.3718349407062354
BFA,208,Kantchari,1,2010,DHS 2010,-0.8993829246784444,-0.13900150721342874,-0.14555642899303528,-0.6311866588250167,1.1532782349129413,-1.200766016481877,1.3718349407062354
BFA,208,Kantchari,2,2021,DHS 2021,-0.8993829246784444,-0.7981731248300006,-0.14027636075853941,0.5796155596643393,1.1532782349129413,-1.200766016481877,1.3718349407062354
BFA,209,Logobou,1,2010,DHS 2010,-2.087888424229865,0.5176881389603758,-0.14833133318376757,-0.9325848398974939,2.280284428282987,-0.8359886472999218,1.3718349407062354
BFA,209,Logobou,2,2021,DHS 2021,-2.087888424229865,0.04879261589576159,-0.14833133318376757,0.1360034490622994,2.280284428282987,-0.8359886472999218,1.3718349407062354
BFA,210,Namounou,1,2010,DHS 2010,-1.2091377977533686,0.3795688574504281,-0.14833133318376757,-0.9155987315380834,0.4259658710628769,2.894439241143504,1.3718349407062354
BFA,210,Namounou,2,2021,DHS 2021,-1.2091377977533686,-0.33109340304009893,-0.14833133318376757,0.17415378537138435,0.4259658710628769,2.894439241143504,1.3718349407062354
BFA,211,Partiaga,1,2010,DHS 2010,-1.24657820865324,-0.003132731240398597,-0.14833133318376757,-0.7510681707965343,0.7995925145898672,-0.19353290509057042,1.3718349407062354
BFA,211,Partiaga,2,2021,DHS 2021,-1.24657820865324,-0.5886660284980398,0.17488513392848004,0.4369227776376654,0.7995925145898672,-0.19353290509057042,1.3718349407062354
BFA,212,Tambaga,1,2010,DHS 2010,-1.8921577126457534,0.29985887673340356,-0.14833133318376757,-0.7451009319862679,1.670419475283395,0.21761622664900093,1.3718349407062354
BFA,212,Tambaga,2,2021,DHS 2021,-1.8921577126457534,-0.28656572678401226,-0.14833133318376757,0.4221520198418583,1.670419475283395,0.21761622664900093,1.3718349407062354
BFA,213,Tansarga,1,2010,DHS 2010,-0.9622237996993619,0.6567009507188462,-0.14833133318376757,-0.935336926227101,1.24426287438143,0.602988847568555,1.3718349407062354
BFA,213,Tansarga,2,2021,DHS 2021,-0.9622237996993619,-0.16291794005729304,-0.14833133318376757,0.15397883510807944,1.24426287438143,0.602988847568555,1.3718349407062354
BFA,214,Bama,1,2010,DHS 2010,0.507555222352585,1.8108173294532264,-0.1325240998934693,-1.5365178189586912,-0.07155645830963203,-0.10789525660842307,-1.3744316429838912
BFA,214,Bama,2,2021,DHS 2021,0.507555222352585,0.5127616617314434,-0.12693101095974968,-0.00804169661008966,-0.07155645830963203,-0.10789525660842307,-1.3744316429838912
BFA,215,Bobo-Dioulasso,1,2010,DHS 2010,1.5875257031390506,2.203641488468599,3.392707506565082,-1.4197093823533025,-0.6728814818081316,-0.37859545052176974,-0.4267349479711658
BFA,215,Bobo-Dioulasso,2,2021,DHS 2021,1.5875257031390506,1.093354795675549,4.146305421758407,0.0566454874240497,-0.6728814818081316,-0.37859545052176974,-0.4267349479711658
BFA,216,Dandé,1,2010,DHS 2010,0.7777763900064836,1.9091494522614747,-0.14833133318376757,-2.1193602396851556,-0.028509928789852118,-0.37859545052176974,-0.4267349479711658
BFA,216,Dandé,2,2021,DHS 2021,0.7777763900064836,0.44752437333004946,-0.13138696909875205,-0.6679741072576806,-0.028509928789852118,-0.37859545052176974,-0.4267349479711658
BFA,217,Faramana,1,2010,DHS 2010,1.5089614303489423,1.7855781365324759,-0.14833133318376757,-2.025652489479337,1.1900091284155172,0.23569328534433479,-1.3744316429838912
BFA,217,Faramana,2,2021,DHS 2021,1.5089614303489423,0.06183323053373915,-0.12788975935548885,-0.5374052390042564,1.1900091284155172,0.23569328534433479,-1.3744316429838912
BFA,218,Fo,1,2010,DHS 2010,1.7408253281064547,1.9513860779550087,-0.14833133318376757,-2.163077894037691,0.507862927125668,-0.3356694126989171,-1.3744316429838912
BFA,218,Fo,2,2021,DHS 2021,1.7408253281064547,0.15184541143572458,-0.14833133318376757,-0.7251522526831312,0.507862927125668,-0.3356694126989171,-1.3744316429838912
BFA,219,Karankasso-Sambla,1,2010,DHS 2010,1.623509415938928,1.9750859285100286,-0.14833133318376757,-2.1398456547542963,0.18721700624991156,-0.7612083415599119,-1.3744316429838912
BFA,219,Karankasso-Sambla,2,2021,DHS 2021,1.623509415938928,0.9969154583679044,-0.14833133318376757,-0.6500618665961461,0.18721700624991156,-0.7612083415599119,-1.3744316429838912
BFA,220,Karankasso-Vigué,1,2010,DHS 2010,0.1842549920940772,2.0596864604839027,-0.14833133318376757,-1.18523478433999,0.0844948534844263,-0.37859545052176974,-0.4267349479711658
BFA,220,Karankasso-Vigué,2,2021,DHS 2021,0.1842549920940772,1.6104735799911933,-0.14575311178429567,0.1768216778553438,0.0844948534844263,-0.37859545052176974,-0.4267349479711658
BFA,221,Koundougou,1,2010,DHS 2010,0.9488533370453135,1.9934126222498838,-0.14833133318376757,-2.0251525885208044,0.4876212346770746,-0.3875152391565162,-1.3744316429838912
BFA,221,Koundougou,2,2021,DHS 2021,0.9488533370453135,0.3325628023487834,-0.14833133318376757,-0.546103515682718,0.4876212346770746,-0.3875152391565162,-1.3744316429838912
BFA,222,Lena,1,2010,DHS 2010,0.20445458356677312,2.0811226326455756,-0.14833133318376757,-1.213671255707479,-0.24887793275156553,-0.6864387828324507,-1.3744316429838912
BFA,222,Lena,2,2021,DHS 2021,0.20445458356677312,1.0346455985537615,-0.14833133318376757,0.23513117808168457,-0.24887793275156553,-0.6864387828324507,-1.3744316429838912
BFA,223,Padéma,1,2010,DHS 2010,0.01630764381336376,1.542495139919862,-0.14833133318376757,-1.5318924195634243,1.3348423432222918,-0.37859545052176974,-0.4267349479711658
BFA,223,Padéma,2,2021,DHS 2021,0.01630764381336376,-0.022814689508073187,-0.14833133318376757,0.09542201546013895,1.3348423432222918,-0.37859545052176974,-0.4267349479711658
BFA,224,Peni,1,2010,DHS 2010,1.3833130448994126,1.9968030075581793,-0.14732514731865362,-1.4268132380798217,-0.4046837847184652,-0.8038669130381209,-1.3744316429838912
BFA,224,Peni,2,2021,DHS 2021,1.3833130448994126,1.6334384878030288,-0.05076369892735668,-0.3828306005105501,-0.4046837847184652,-0.8038669130381209,-1.3744316429838912
BFA,225,Satiri,1,2010,DHS 2010,0.46718206378919025,1.7353526011040161,-0.14833133318376757,-1.4187201046669429,0.28274401258847903,-0.8393100808269957,-1.3744316429838912
BFA,225,Satiri,2,2021,DHS 2021,0.46718206378919025,0.3394616154450757,-0.14491450941114867,0.14405974766769775,0.28274401258847903,-0.8393100808269957,-1.3744316429838912
BFA,226,Toussiana,1,2010,DHS 2010,3.6308827716996013,1.878605532948575,-0.12218876434901371,-2.1430713314656713,-0.6474160933649977,-0.6801416365808985,-1.3744316429838912
BFA,226,Toussiana,2,2021,DHS 2021,3.6308827716996013,1.218578021816139,-0.11820861926816266,-1.02717136336725,-0.6474160933649977,-0.6801416365808985,-1.3744316429838912
BFA,227,Banzon,1,2010,DHS 2010,0.7988287804584701,1.9493574580647182,-0.14833133318376757,-2.1398456547542963,0.6386348559181754,1.3194345239615046,0.4564127461428598
BFA,227,Banzon,2,2021,DHS 2021,0.7988287804584701,0.9960097817192963,-0.13896253854701043,-0.6500566044808029,0.6386348559181754,1.3194345239615046,0.4564127461428598
BFA,228,Djigouera,1,2010,DHS 2010,2.5332277224083177,2.191380125272709,-0.14833133318376757,-2.299150934950329,0.09280188759278468,-0.5374003467598975,0.4564127461428598
BFA,228,Djigouera,2,2021,DHS 2021,2.5332277224083177,1.3861271753522968,-0.14833133318376757,-0.842655288515113,0.09280188759278468,-0.5374003467598975,0.4564127461428598
BFA,229,Kangala,1,2010,DHS 2010,5.020080297710741,2.3304129529299114,-0.14833133318376757,-2.9349881193966274,-0.706186429680882,-0.10354391968394927,0.4564127461428598
BFA,229,Kangala,2,2021,DHS 2021,5.020080297710741,1.4838598476549314,-0.09091812494213254,-1.6165756419388868,-0.706186429680882,-0.10354391968394927,0.4564127461428598
BFA,230,Kayan,1,2010,DHS 2010,0.9283481259071128,1.832618577921686,-0.14833133318376757,-2.3690476131839255,1.0117104777540142,-0.5569776216271769,0.4564127461428598
BFA,230,Kayan,2,2021,DHS 2021,0.9283481259071128,0.15205925650764723,-0.14833133318376757,-0.9914731728126523,1.0117104777540142,-0.5569776216271769,0.4564127461428598
BFA,231,Koloko,1,2010,DHS 2010,3.3258583305215415,2.289137774679744,-0.14833133318376757,-3.064062546889806,-0.06756045004164014,-0.9279733864589436,0.4564127461428598
BFA,231,Koloko,2,2021,DHS 2021,3.3258583305215415,1.2192086081642255,-0.11928129933820442,-1.7673983921859204,-0.06756045004164014,-0.9279733864589436,0.4564127461428598
BFA,232,Kourinion,1,2010,DHS 2010,3.480252981408363,2.135305499437013,-0.1462273014145024,-2.1410927760929517,-0.9624075006287307,-0.37859545052176974,-0.4267349479711658
BFA,232,Kourinion,2,2021,DHS 2021,3.480252981408363,1.4450252404416066,-0.10703085389171743,-0.7963065764860894,-0.9624075006287307,-0.37859545052176974,-0.4267349479711658
BFA,233,Kourouma,1,2010,DHS 2010,1.109918904517401,1.9651279333528353,-0.005972226785062141,-2.3238144696097334,0.6110125297220887,-0.4604387503536622,0.4564127461428598
BFA,233,Kourouma,2,2021,DHS 2021,1.109918904517401,0.5853935416438755,-0.11281103957072064,-0.924681142637322,0.6110125297220887,-0.4604387503536622,0.4564127461428598
BFA,234,Morolaba,1,2010,DHS 2010,0.5631486406332247,1.901005547618419,-0.14833133318376757,-2.4044984843169335,3.0877117709915947,-1.05049626407605,0.4564127461428598
BFA,234,Morolaba,2,2021,DHS 2021,0.5631486406332247,0.17488080258326597,-0.14833133318376757,-1.1387860921192599,3.0877117709915947,-1.05049626407605,0.4564127461428598
BFA,235,N'dorola,1,2010,DHS 2010,1.1628111254051077,1.791424147570677,-0.10031268938584906,-2.373772992770899,1.673633379891026,-0.5358446385227359,0.4564127461428598
BFA,235,N'dorola,2,2021,DHS 2021,1.1628111254051077,0.24746768949256545,-0.13905466967278848,-0.9990821916130672,1.673633379891026,-0.5358446385227359,0.4564127461428598
BFA,236,Orodara,1,2010,DHS 2010,4.894993771995609,2.1221042443810068,0.15833651874959018,-2.3552345603823603,-1.1167991413064915,0.6386584293142625,0.4564127461428598
BFA,236,Orodara,2,2021,DHS 2021,4.894993771995609,1.3004303880017167,0.23650712599815155,-1.0671950127420144,-1.1167991413064915,0.6386584293142625,0.4564127461428598
BFA,237,Samogohiri,1,2010,DHS 2010,4.614025201868742,2.0523941724552723,-0.14833133318376757,-2.7971838425328595,-0.6970519563240328,-1.6242487591859622,0.4564127461428598
BFA,237,Samogohiri,2,2021,DHS 2021,4.614025201868742,1.325373619342926,-0.11892532640948443,-1.4561179584805521,-0.6970519563240328,-1.6242487591859622,0.4564127461428598
BFA,238,Samorogouan,1,2010,DHS 2010,1.0773343763814553,1.9171174907173825,-0.14833133318376757,-2.47632109676972,0.9033035012975843,-0.8484851703528218,0.4564127461428598
BFA,238,Samorogouan,2,2021,DHS 2021,1.0773343763814553,0.7583936916013788,-0.1076972595539577,-1.0893222078012739,0.9033035012975843,-0.8484851703528218,0.4564127461428598
BFA,239,Sindo,1,2010,DHS 2010,0.6964989085702142,1.902397080270436,-0.14833133318376757,-2.638067998489534,1.8951031681745396,-0.7608916409328191,0.4564127461428598
BFA,239,Sindo,2,2021,DHS 2021,0.6964989085702142,0.5427271728938066,-0.14833133318376757,-1.3637046886515658,1.8951031681745396,-0.7608916409328191,0.4564127461428598
BFA,240,Bekuy,1,2010,DHS 2010,0.6247269994813583,1.5797062353471478,-0.14833133318376757,-1.3306901769269865,0.077151006328444,-1.0844822488183523,-0.8404353628219221
BFA,240,Bekuy,2,2021,DHS 2021,0.6247269994813583,0.2357659160808838,-0.14833133318376757,0.2127514014854724,0.077151006328444,-1.0844822488183523,-0.8404353628219221
BFA,241,Bereba,1,2010,DHS 2010,-0.0035596363199842007,1.6475012818847978,-0.14833133318376757,-1.3328739547984723,0.7249066667052175,-0.408724603958856,-0.8404353628219221
BFA,241,Bereba,2,2021,DHS 2021,-0.0035596363199842007,0.3879955508165962,-0.14833133318376757,0.21208837495098745,0.7249066667052175,-0.408724603958856,-0.8404353628219221
BFA,242,Boni,1,2010,DHS 2010,0.44740686993060136,2.0463705844693463,-0.13527677682134448,-0.8904510822662052,0.425893075061366,-0.37859545052176974,-0.4267349479711658
BFA,242,Boni,2,2021,DHS 2021,0.44740686993060136,0.8032070648735545,-0.1395429245075763,0.4596288053857524,0.425893075061366,-0.37859545052176974,-0.4267349479711658
BFA,243,Founzan,1,2010,DHS 2010,-0.38221439437823496,2.0427465092664536,-0.14466970933620066,-0.8818790963562052,0.761716832721894,-0.36666798172393655,-0.8404353628219221
BFA,243,Founzan,2,2021,DHS 2021,-0.38221439437823496,0.9560662595010078,-0.1359044123461714,0.3241451213926475,0.761716832721894,-0.36666798172393655,-0.8404353628219221
BFA,244,Houndé,1,2010,DHS 2010,0.38311596972815143,1.8936393547329318,0.0013352192596417585,-1.1725688726853736,0.5459505204855836,-0.37859545052176974,-0.4267349479711658
BFA,244,Houndé,2,2021,DHS 2021,0.38311596972815143,0.8250421864014067,0.40799797318513353,0.28805227218657664,0.5459505204855836,-0.37859545052176974,-0.4267349479711658
BFA,245,Koti,1,2010,DHS 2010,-0.6520225083794098,1.6035278920551355,-0.146807743825895,-0.7861612180855493,1.2205816356265724,-0.6077898340960087,-0.8404353628219221
BFA,245,Koti,2,2021,DHS 2021,-0.6520225083794098,0.47630928861934035,-0.14679307402315717,0.41326956912601315,1.2205816356265724,-0.6077898340960087,-0.8404353628219221
BFA,246,Koumbia,1,2010,DHS 2010,0.007955819067823064,1.9905840507145445,-0.13932310698634093,-1.134365915222759,0.3756822273145964,-1.0496449028047299,-0.8404353628219221
BFA,246,Koumbia,2,2021,DHS 2021,0.007955819067823064,1.2969394099715887,-0.13251719378782603,0.2675352844253184,0.3756822273145964,-1.0496449028047299,-0.8404353628219221
BFA,247,Banh,1,2010,DHS 2010,-0.0421177610620406,-0.09904737827957316,-0.14833133318376757,0.34761941798227897,0.8733268332448034,-1.000751453503809,1.6561706223509196
BFA,247,Banh,2,2021,DHS 2021,-0.0421177610620406,-1.0714273515641672,-0.14833133318376757,2.0093428252989605,0.8733268332448034,-1.000751453503809,1.6561706223509196
BFA,248,Ouindigui,1,2010,DHS 2010,0.6091190432015408,-0.6406806773362353,-0.14833133318376757,0.13566141156435588,0.031242376364918098,-0.39354604882576827,1.6561706223509196
BFA,248,Ouindigui,2,2021,DHS 2021,0.6091190432015408,-1.2062899437047856,-0.14833133318376757,1.4049730906634659,0.031242376364918098,-0.39354604882576827,1.6561706223509196
BFA,249,Solle,1,2010,DHS 2010,0.30947964722134724,-0.5923876170537296,-0.14833133318376757,0.31899351046209257,0.7885200096056048,-0.28941561397468324,1.6561706223509196
BFA,249,Solle,2,2021,DHS 2021,0.30947964722134724,-1.1540063633041395,-0.14833133318376757,2.1743311900762086,0.7885200096056048,-0.28941561397468324,1.6561706223509196
BFA,250,Titao,1,2010,DHS 2010,0.5874260525773172,-0.5468264703340536,-0.14302919285617421,0.010028407512024367,-0.7496185707602666,-0.10818507609888266,1.6561706223509196
BFA,250,Titao,2,2021,DHS 2021,0.5874260525773172,-1.2188176723222626,-0.1462121540030487,1.8408656780426882,-0.7496185707602666,-0.10818507609888266,1.6561706223509196
BFA,251,Arbolle,1,2010,DHS 2010,0.4246735713183386,-0.6189647958204878,-0.14833133318376757,-0.210638399815076,-0.7101117144313918,0.8360246319767964,1.0680278662284717
BFA,251,Arbolle,2,2021,DHS 2021,0.4246735713183386,-0.9781861956141739,-0.13190114715244905,1.123192075626878,-0.7101117144313918,0.8360246319767964,1.0680278662284717
BFA,252,Bagare,1,2010,DHS 2010,-0.26978839685878453,-6.699203160765565e-4,-0.14833133318376757,-0.1500083067180723,-0.1602488009120377,0.022280134867155618,1.7047157387292804
BFA,252,Bagare,2,2021,DHS 2021,-0.26978839685878453,-0.9940950714328395,-0.14833133318376757,1.312175686413722,-0.1602488009120377,0.022280134867155618,1.7047157387292804
BFA,253,Bokin,1,2010,DHS 2010,-0.05475426675126272,-0.5252850863969944,-0.14380257802719645,-0.22664575471883278,-0.2958608866235099,0.5244169980459474,1.7047157387292804
BFA,253,Bokin,2,2021,DHS 2021,-0.05475426675126272,-1.0040796689169802,-0.1360912881886793,0.9731112836446241,-0.2958608866235099,0.5244169980459474,1.7047157387292804
BFA,254,Gomponsom,1,2010,DHS 2010,0.07527889341886178,-0.4679604078088655,-0.14833133318376757,-0.23820662214933355,-0.8654020359961321,0.7334904762684428,1.7047157387292804
BFA,254,Gomponsom,2,2021,DHS 2021,0.07527889341886178,-0.9444435817154497,-0.14833133318376757,1.5671567479575772,-0.8654020359961321,0.7334904762684428,1.7047157387292804
BFA,255,Kirsi,1,2010,DHS 2010,0.07383487386394406,-0.539801745259413,-0.14833133318376757,-0.224046269734462,-0.7908357445338926,0.9373219061596844,1.7047157387292804
BFA,255,Kirsi,2,2021,DHS 2021,0.07383487386394406,-1.0808821264981119,-0.14378658473056632,1.085931036812456,-0.7908357445338926,0.9373219061596844,1.7047157387292804
BFA,256,Lâ-Todin,1,2010,DHS 2010,-0.21359107945744218,-0.3854042347225748,-0.14833133318376757,-0.18094954499357846,-1.1269737425852844,0.8360246319767964,1.0680278662284717
BFA,256,Lâ-Todin,2,2021,DHS 2021,-0.21359107945744218,-0.9277837675422197,-0.13300540312216275,1.2418738252979364,-1.1269737425852844,0.8360246319767964,1.0680278662284717
BFA,257,Pilimpikou,1,2010,DHS 2010,0.36739190466711585,-0.5815444743748326,-0.14833133318376757,-0.18795342052839115,-0.9070624622914134,0.846357288622001,1.7047157387292804
BFA,257,Pilimpikou,2,2021,DHS 2021,0.36739190466711585,-0.8267932938758821,-0.14833133318376757,1.225971712701239,-0.9070624622914134,0.846357288622001,1.7047157387292804
BFA,258,Samba,1,2010,DHS 2010,-0.08821628366480408,-0.433499017854394,-0.14833133318376757,-0.1852329068908921,-1.3289063534597387,0.8817390624004231,1.7047157387292804
BFA,258,Samba,2,2021,DHS 2021,-0.08821628366480408,-0.6580710718131836,-0.145555401969642,1.2321441740102814,-1.3289063534597387,0.8817390624004231,1.7047157387292804
BFA,259,Yako,1,2010,DHS 2010,0.4794508916712221,-0.6035842028675007,0.023797585310023375,-0.19823559392809886,-1.0849571080975564,1.077822780802914,1.7047157387292804
BFA,259,Yako,2,2021,DHS 2021,0.4794508916712221,-0.9646939401842954,0.0876861975161527,1.2958420803580708,-1.0849571080975564,1.077822780802914,1.7047157387292804
BFA,260,Barga,1,2010,DHS 2010,0.8914061820162628,-0.24254392243006656,-0.14833133318376757,-0.08449497057350572,-1.2630624996233761,1.8392487826634076,0.39399759651353866
BFA,260,Barga,2,2021,DHS 2021,0.8914061820162628,-1.1238225590923572,-0.14833133318376757,1.9018904297911652,-1.2630624996233761,1.8392487826634076,0.39399759651353866
BFA,261,Kaïn,1,2010,DHS 2010,-0.6263264339705507,0.11470993162587116,-0.14833133318376757,0.3304386113548083,-0.642170765818407,0.8360246319767964,1.0680278662284717
BFA,261,Kaïn,2,2021,DHS 2021,-0.6263264339705507,-1.0950638184398696,-0.14833133318376757,1.537641542942728,-0.642170765818407,0.8360246319767964,1.0680278662284717
BFA,262,Kalsaka,1,2010,DHS 2010,0.18853833845406645,-0.4172724537968797,0.021028310320218783,-0.23254984814487323,-0.45328780969167115,0.9145940227444903,0.39399759651353866
BFA,262,Kalsaka,2,2021,DHS 2021,0.18853833845406645,-0.9852273439903383,-0.1222319855931708,1.3505417694522595,-0.45328780969167115,0.9145940227444903,0.39399759651353866
BFA,263,Kossouka,1,2010,DHS 2010,0.7476761894134947,-0.5123481438498858,-0.14833133318376757,-0.20863879598094467,-1.160951081995122,1.1832733622992206,0.39399759651353866
BFA,263,Kossouka,2,2021,DHS 2021,0.7476761894134947,-1.0008053587137244,-0.14833133318376757,0.9845669087680653,-1.160951081995122,1.1832733622992206,0.39399759651353866
BFA,264,Koumbri,1,2010,DHS 2010,0.6648706096497015,-0.108280695257034,-0.14833133318376757,-0.0367412737452275,-0.6875808338427587,0.509454796855095,0.39399759651353866
BFA,264,Koumbri,2,2021,DHS 2021,0.6648706096497015,-1.1299225325379743,-0.14833133318376757,1.8349037013477747,-0.6875808338427587,0.509454796855095,0.39399759651353866
BFA,265,Namissiguima,1,2010,DHS 2010,0.48521095488658705,-0.358225039309339,-0.12965730001857115,-0.08583680998851492,-1.6423135409788465,0.8360246319767964,1.0680278662284717
BFA,265,Namissiguima,2,2021,DHS 2021,0.48521095488658705,-1.0230537144585605,0.6492385622972588,1.9000486894176232,-1.6423135409788465,0.8360246319767964,1.0680278662284717
BFA,266,Ouahigouya,1,2010,DHS 2010,0.661259893470561,0.049122963762868496,1.3455919170778918,-0.07335507237125291,-1.9748134552305294,2.5203962728537044,0.39399759651353866
BFA,266,Ouahigouya,2,2021,DHS 2021,0.661259893470561,-0.8252027997689478,2.465056309705808,1.8044465776847327,-1.9748134552305294,2.5203962728537044,0.39399759651353866
BFA,267,Oula,1,2010,DHS 2010,0.48476453664155933,-0.38049982630506485,-0.13683044593321023,-0.2269141226018444,-1.489511625081412,0.6626857632331229,0.39399759651353866
BFA,267,Oula,2,2021,DHS 2021,0.48476453664155933,-0.9978085338757963,-0.14351926657247127,1.7071500648081837,-1.489511625081412,0.6626857632331229,0.39399759651353866
BFA,268,Rambo,1,2010,DHS 2010,0.3708885139405765,-0.3484839685931043,-0.14833133318376757,-0.20864405809629766,-0.45716154140196474,1.2357168300510009,0.39399759651353866
BFA,268,Rambo,2,2021,DHS 2021,0.3708885139405765,-1.0175368537550635,-0.14833133318376757,0.9845669087680653,-0.45716154140196474,1.2357168300510009,0.39399759651353866
BFA,269,Seguenega,1,2010,DHS 2010,0.33229635731437,-0.5875215296731082,-0.12242087606990353,-0.15901178608701635,-1.074016205849122,1.0563030394502002,0.39399759651353866
BFA,269,Seguenega,2,2021,DHS 2021,0.33229635731437,-1.0855208537982646,-0.09662178210673522,1.4207646988377505,-1.074016205849122,1.0563030394502002,0.39399759651353866
BFA,270,Tangaye,1,2010,DHS 2010,0.19123019376115427,0.09008592820802849,-0.14833133318376757,0.1664447863792727,-1.2607485064401172,0.17777981409829396,0.39399759651353866
BFA,270,Tangaye,2,2021,DHS 2021,0.19123019376115427,-0.9575918887316476,-0.14833133318376757,1.4064833177697702,-1.2607485064401172,0.17777981409829396,0.39399759651353866
BFA,271,Thiou,1,2010,DHS 2010,-0.02771760302362831,0.1390975079321955,-0.14833133318376757,0.19139247526773778,-1.0206357528408367,-0.33904366918517154,0.39399759651353866
BFA,271,Thiou,2,2021,DHS 2021,-0.02771760302362831,-1.047091867917363,-0.14833133318376757,1.419091346155494,-1.0206357528408367,-0.33904366918517154,0.39399759651353866
BFA,272,Zogore,1,2010,DHS 2010,0.5540367704749986,-0.039532926154952755,-0.14833133318376757,-0.029779495133248422,-1.4979922944923068,0.47749846079785535,0.39399759651353866
BFA,272,Zogore,2,2021,DHS 2021,0.5540367704749986,-0.9601574308285218,-0.13926500884763585,1.1542017214019924,-1.4979922944923068,0.47749846079785535,0.39399759651353866
BFA,273,Bassi,1,2010,DHS 2010,0.48310364723666555,-0.417398707927343,-0.14833133318376757,-0.2534720187883107,-0.9046539767894672,1.3104424707016724,1.2192645749456725
BFA,273,Bassi,2,2021,DHS 2021,0.48310364723666555,-0.9976168431533243,-0.14214830109929733,1.6708362067572877,-0.9046539767894672,1.3104424707016724,1.2192645749456725
BFA,274,Boussou,1,2010,DHS 2010,0.12137474685424093,-0.07345303146337286,-0.14833133318376757,-0.09400887513168857,-0.43051017397336194,-0.0966186770360925,1.2192645749456725
BFA,274,Boussou,2,2021,DHS 2021,0.12137474685424093,-1.0400824541498723,-0.14401849100236594,1.2813344283299126,-0.43051017397336194,-0.0966186770360925,1.2192645749456725
BFA,275,Gourcy,1,2010,DHS 2010,0.2874803696397728,-0.28233022575147737,-0.08052501051549397,-0.23238672256893095,-1.2726125707931213,1.1047781212786596,1.2192645749456725
BFA,275,Gourcy,2,2021,DHS 2021,0.2874803696397728,-0.9484462482336752,0.12311748151283874,1.6220458732044827,-1.2726125707931213,1.1047781212786596,1.2192645749456725
BFA,276,Léba,1,2010,DHS 2010,0.6991413842806921,-0.27332495315871513,-0.12179726779727132,-0.2534720187883107,-1.340143426628911,0.8360246319767964,1.0680278662284717
BFA,276,Léba,2,2021,DHS 2021,0.6991413842806921,-0.8706658343696255,-0.13276448078048828,1.6708362067572877,-1.340143426628911,0.8360246319767964,1.0680278662284717
BFA,277,Tougo,1,2010,DHS 2010,0.16407208291753325,-0.4814270018301133,-0.14833133318376757,-0.2534720187883107,-0.42723577873814095,0.9110281620562034,1.2192645749456725
BFA,277,Tougo,2,2021,DHS 2021,0.16407208291753325,-1.034027901397532,-0.14833133318376757,1.6708362067572877,-0.42723577873814095,0.9110281620562034,1.2192645749456725
BFA,278,Boudry,1,2010,DHS 2010,-0.5928544076793181,-0.43794733750250664,-0.14349613060889485,-0.4131245985976499,-0.15785974494786126,0.7066733725804291,-1.0762259280882462
BFA,278,Boudry,2,2021,DHS 2021,-0.5928544076793181,-0.6560207252635861,0.6270432153347673,0.7387050931308903,-0.15785974494786126,0.7066733725804291,-1.0762259280882462
BFA,279,Kogho,1,2010,DHS 2010,0.1496679211280445,-0.3521446540723103,-0.14833133318376757,-0.22588274799265107,-0.42305039724201926,1.050298162252187,-1.0762259280882462
BFA,279,Kogho,2,2021,DHS 2021,0.1496679211280445,-0.6954422944303251,-0.14833133318376757,0.919043048392783,-0.42305039724201926,1.050298162252187,-1.0762259280882462
BFA,280,Méguet,1,2010,DHS 2010,0.12981131766423382,-0.4107222937058506,-0.1403681006307096,-0.43614109115156247,-0.843403783802896,0.7586223781385484,-0.6753819671354954
BFA,280,Méguet,2,2021,DHS 2021,0.12981131766423382,-0.6980734441952653,-0.1419624334099874,0.7156780763462717,-0.843403783802896,0.7586223781385484,-0.6753819671354954
BFA,281,Mogtédo,1,2010,DHS 2010,-0.7244256755546576,-0.46169611580998304,-0.12225757901887054,-0.4134192770574068,-0.26296227515065246,0.7586223781385484,-0.6753819671354954
BFA,281,Mogtédo,2,2021,DHS 2021,-0.7244256755546576,-0.6156803065918086,-0.08808626201557226,0.7362318989150106,-0.26296227515065246,0.7586223781385484,-0.6753819671354954
BFA,282,Salogo,1,2010,DHS 2010,0.17567562082902313,-0.39074608461921034,-0.14833133318376757,-0.33287207734938423,-0.6951794670040297,0.06637264916949477,-1.0762259280882462
BFA,282,Salogo,2,2021,DHS 2021,0.17567562082902313,-0.6964995444659122,-0.14833133318376757,0.8155635499764856,-0.6951794670040297,0.06637264916949477,-1.0762259280882462
BFA,283,Zam,1,2010,DHS 2010,-0.31014554041787334,-0.3970900980609057,-0.13131925576231376,-0.40448420518805145,-0.4242543809324888,0.2181971585559688,-1.0762259280882462
BFA,283,Zam,2,2021,DHS 2021,-0.31014554041787334,-0.6799585426146425,-0.10643616761751887,0.7456300369354182,-0.4242543809324888,0.2181971585559688,-1.0762259280882462
BFA,284,Zorgho,1,2010,DHS 2010,0.0699031903068391,-0.45279605499260694,0.010838882611770146,-0.4916985050482863,-1.1961263819387205,1.4534817418164656,-1.0762259280882462
BFA,284,Zorgho,2,2021,DHS 2021,0.0699031903068391,-0.6842236398051316,0.4179465629104444,0.6467548894529856,-1.1961263819387205,1.4534817418164656,-1.0762259280882462
BFA,285,Zoungou,1,2010,DHS 2010,-0.3959599391156425,-0.46382789456296863,-0.14833133318376757,-0.7516259550239597,-0.42500060471310147,0.820771946876168,-1.0762259280882462
BFA,285,Zoungou,2,2021,DHS 2021,-0.3959599391156425,-0.7656079418972844,-0.14554549052869806,0.3241714319694124,-0.42500060471310147,0.820771946876168,-1.0762259280882462
BFA,286,Boussé,1,2010,DHS 2010,0.25181895880155086,-0.5877346904408006,-0.11336494044725688,-0.24657338556055758,-0.27307573815059616,0.7586223781385484,-0.6753819671354954
BFA,286,Boussé,2,2021,DHS 2021,0.25181895880155086,-0.6305868477893569,-0.09729140665441756,0.9604295856439489,-0.27307573815059616,0.7586223781385484,-0.6753819671354954
BFA,287,Laye,1,2010,DHS 2010,0.5761454839193302,-0.378676839835936,-0.1103920175893286,-0.27971945016896116,-0.8481905742581194,0.9188526975979738,0.9834740096793484
BFA,287,Laye,2,2021,DHS 2021,0.5761454839193302,-0.4648297159559133,-0.10137216167479375,0.9190009514699591,-0.8481905742581194,0.9188526975979738,0.9834740096793484
BFA,288,Niou,1,2010,DHS 2010,0.49246508454532567,-0.5897506507028332,-0.14023542681694925,-0.24657338556055758,-0.3636897915686883,0.4809679674956327,0.9834740096793484
BFA,288,Niou,2,2021,DHS 2021,0.49246508454532567,-0.8639385250210156,-0.089927797290192,0.9604243235286057,-0.3636897915686883,0.4809679674956327,0.9834740096793484
BFA,289,Sourgoubila,1,2010,DHS 2010,0.4557840517662931,-0.43684509446378694,-0.14833133318376757,-0.5377262280407978,-0.6518961561839619,0.5389537902138339,0.9834740096793484
BFA,289,Sourgoubila,2,2021,DHS 2021,0.4557840517662931,-0.5327277502802015,-0.14606908151136958,0.6180553123178478,-0.6518961561839619,0.5389537902138339,0.9834740096793484
BFA,290,Toéghin,1,2010,DHS 2010,0.28060192529037736,-0.6303348527566028,-0.14833133318376757,-0.24657338556055758,0.012551161030356334,0.7586223781385484,-0.6753819671354954
BFA,290,Toéghin,2,2021,DHS 2021,0.28060192529037736,-0.7507263778041368,-0.1416242202700546,0.9604295856439489,0.012551161030356334,0.7586223781385484,-0.6753819671354954
BFA,291,Absouya,1,2010,DHS 2010,-0.1900783839689577,-0.5759148745494176,-0.13088015444814424,-0.20379238774085265,0.2714533786601879,0.7055158172207869,-1.1039659945901668
BFA,291,Absouya,2,2021,DHS 2021,-0.1900783839689577,-0.7736444107762068,-0.14833133318376757,0.9446958607385469,0.2714533786601879,0.7055158172207869,-1.1039659945901668
BFA,292,Dapélogo,1,2010,DHS 2010,-0.03041946770840734,-0.6779506229273143,-0.11954035529084071,-0.22771922625083033,-0.3217832577949893,0.7586223781385484,-0.6753819671354954
BFA,292,Dapélogo,2,2021,DHS 2021,-0.03041946770840734,-0.624086641907129,-0.13567504228588478,0.9661652913786941,-0.3217832577949893,0.7586223781385484,-0.6753819671354954
BFA,293,Loumbila,1,2010,DHS 2010,-0.363419452241538,-0.6719424317865668,-0.0012720923666672455,-0.1998458012261099,-0.8455497114844462,1.540657755140522,-1.1039659945901668
BFA,293,Loumbila,2,2021,DHS 2021,-0.363419452241538,-0.5487635645335606,0.4244359230910227,0.9508314872401185,-0.8455497114844462,1.540657755140522,-1.1039659945901668
BFA,294,Nagreongo,1,2010,DHS 2010,-0.5630064434041475,-0.455638825840722,-0.001265393270100385,-0.3302515439035918,-0.22103657089968698,0.011213311469778334,-1.1039659945901668
BFA,294,Nagreongo,2,2021,DHS 2021,-0.5630064434041475,-0.6331536729566626,-0.005755478443548825,0.8158582284362523,-0.22103657089968698,0.011213311469778334,-1.1039659945901668
BFA,295,Ourgou-Manega,1,2010,DHS 2010,0.15884385130349432,-0.6827653874906742,-0.14833133318376757,-0.2056551765758066,-0.011674881963566653,-0.36928116708116476,-1.1039659945901668
BFA,295,Ourgou-Manega,2,2021,DHS 2021,0.15884385130349432,-0.7440800729687711,-0.14833133318376757,0.972879750569093,-0.011674881963566653,-0.36928116708116476,-1.1039659945901668
BFA,296,Ziniare,1,2010,DHS 2010,-0.24912236838567847,-0.6161468310007158,0.3903057674029727,-0.1675101023820746,-0.4089725313555223,1.244987995969982,-1.1039659945901668
BFA,296,Ziniare,2,2021,DHS 2021,-0.24912236838567847,-0.6909477842466771,0.5811805964975132,0.9843090651157596,-0.4089725313555223,1.244987995969982,-1.1039659945901668
BFA,297,Zitenga,1,2010,DHS 2010,-0.03412961037261365,-0.7621542584476998,-0.12254717109559564,-0.16725752084513168,-0.04168496882131168,0.6233799812996847,-1.1039659945901668
BFA,297,Zitenga,2,2021,DHS 2021,-0.03412961037261365,-0.8065721038748469,-0.0845629228439421,0.9845669087680653,-0.04168496882131168,0.6233799812996847,-1.1039659945901668
BFA,298,Deou,1,2010,DHS 2010,-0.11967842691564286,-0.6534155790593918,-0.14833133318376757,1.7924752652567095,1.8192518070842045,-2.2490201439636226,-0.5907747643046376
BFA,298,Deou,2,2021,DHS 2021,-0.11967842691564286,-1.6782458891317178,-0.14833133318376757,2.108091682012931,1.8192518070842045,-2.2490201439636226,-0.5907747643046376
BFA,299,Gorom-Gorom,1,2010,DHS 2010,-0.5247666168726715,-1.126936314415613,0.00876307332560612,1.285470450997343,-0.447405970487741,-1.658324674471679,-0.5907747643046376
BFA,299,Gorom-Gorom,2,2021,DHS 2021,-0.5247666168726715,-1.7845756465538278,0.13959318277652263,1.8984700548117397,-0.447405970487741,-1.658324674471679,-0.5907747643046376
BFA,300,Markoye,1,2010,DHS 2010,-0.7832527901214024,-1.2472324645610695,-0.14833133318376757,0.9818042982077326,-0.015663636537457816,-1.8551150465371855,-0.5907747643046376
BFA,300,Markoye,2,2021,DHS 2021,-0.7832527901214024,-1.833275269087074,-0.14833133318376757,1.8969808761668374,-0.015663636537457816,-1.8551150465371855,-0.5907747643046376
BFA,301,Oursi,1,2010,DHS 2010,-0.1635428564177296,-0.8113825915367683,-0.14833133318376757,1.190399812915113,0.2898282811198571,-1.3241317997735735,-0.5907747643046376
BFA,301,Oursi,2,2021,DHS 2021,-0.1635428564177296,-1.740315062792573,-0.14833133318376757,2.050955633510314,0.2898282811198571,-1.3241317997735735,-0.5907747643046376
BFA,302,Tin-Akoff,1,2010,DHS 2010,-0.945209192208007,-0.7900745553421917,-0.14833133318376757,1.3527308094391077,1.5980537732689646,-3.9598021990287866,-0.5907747643046376
BFA,302,Tin-Akoff,2,2021,DHS 2021,-0.945209192208007,-1.7182002319106455,-0.14833133318376757,2.0927947126818163,1.5980537732689646,-3.9598021990287866,-0.5907747643046376
BFA,303,Bani,1,2010,DHS 2010,-0.2677277996380886,-0.9069503818692835,-0.1424230943666419,0.6391563948832767,0.09389745446249863,-0.35257952838783546,-0.32724413253639373
BFA,303,Bani,2,2021,DHS 2021,-0.2677277996380886,-1.5778697923570149,-0.14546679511406813,1.6388899044493628,0.09389745446249863,-0.35257952838783546,-0.32724413253639373
BFA,304,Dori,1,2010,DHS 2010,-0.4192657741318421,-0.9947986217194661,-0.06587351561540208,0.9568723956653363,-1.0732487391072143,0.03792941260090979,-0.32724413253639373
BFA,304,Dori,2,2021,DHS 2021,-0.4192657741318421,-1.6455003064963274,-0.02458941596240057,1.737628236932618,-1.0732487391072143,0.03792941260090979,-0.32724413253639373
BFA,305,Falagountou,1,2010,DHS 2010,-0.7155386827485606,-1.2998361282653699,-0.14833133318376757,0.4845238731206877,-0.7417591932021245,-0.21922238718929157,-0.32724413253639373
BFA,305,Falagountou,2,2021,DHS 2021,-0.7155386827485606,-1.8246863100803314,-0.1370824646371412,1.677734839985031,-0.7417591932021245,-0.21922238718929157,-0.32724413253639373
BFA,306,Gorgadji,1,2010,DHS 2010,-0.2797971072581425,-1.1192968275282085,-0.14833133318376757,0.8769408634536121,-0.3226261111434441,-0.9452177466678399,-0.32724413253639373
BFA,306,Gorgadji,2,2021,DHS 2021,-0.2797971072581425,-1.649563063479763,-0.14833133318376757,1.7170060068643,-0.3226261111434441,-0.9452177466678399,-0.32724413253639373
BFA,307,Sampelga,1,2010,DHS 2010,-0.27155605295905116,-1.001954647668267,-0.14833133318376757,0.7520603418967563,-0.71669625525133,-0.8529130301563393,-0.32724413253639373
BFA,307,Sampelga,2,2021,DHS 2021,-0.27155605295905116,-1.6005540498964588,-0.14833133318376757,1.6844492991754398,-0.71669625525133,-0.8529130301563393,-0.32724413253639373
BFA,308,Seytenga,1,2010,DHS 2010,-0.45298536569797043,-1.0921234487009288,-0.14833133318376757,0.6127826727341549,0.19424531771251255,-0.4174826638459842,-0.32724413253639373
BFA,308,Seytenga,2,2021,DHS 2021,-0.45298536569797043,-1.672192961601924,-0.14833133318376757,1.680450091507187,0.19424531771251255,-0.4174826638459842,-0.32724413253639373
BFA,309,Aribinda,1,2010,DHS 2010,0.1632993589597723,-0.8668697421908779,-0.14793529070068537,0.6816900732813918,-0.11288023548048838,-1.0693189367455003,-0.06537790475826441
BFA,309,Aribinda,2,2021,DHS 2021,0.1632993589597723,-1.6573049821566186,-0.14674773812037642,1.8035520180747264,-0.11288023548048838,-1.0693189367455003,-0.06537790475826441
BFA,310,Baraboule,1,2010,DHS 2010,0.13839135622113397,-0.649499134874166,-0.14833133318376757,0.2752284970713711,0.20972159219742897,-1.240347460506309,0.962668959802908
BFA,310,Baraboule,2,2021,DHS 2021,0.13839135622113397,-1.234955704520001,-0.14833133318376757,2.230593727430241,0.20972159219742897,-1.240347460506309,0.962668959802908
BFA,311,Diguel,1,2010,DHS 2010,-0.13357811606949493,-0.403454127401333,-0.14833133318376757,0.27070833998317345,0.5335428176657799,-2.3794205746949166,0.962668959802908
BFA,311,Diguel,2,2021,DHS 2021,-0.13357811606949493,-1.1397620575253222,-0.14833133318376757,2.236403102779928,0.5335428176657799,-2.3794205746949166,0.962668959802908
BFA,312,Djibo,1,2010,DHS 2010,-0.1250521281521273,-0.7180219389605843,-0.0767395361122155,0.3239977821627543,-0.3020820950871528,0.20455110777065438,0.962668959802908
BFA,312,Djibo,2,2021,DHS 2021,-0.1250521281521273,-1.4021970066906186,-0.06818331332375788,2.1191684348309385,-0.3020820950871528,0.20455110777065438,0.962668959802908
BFA,313,Kelbo,1,2010,DHS 2010,0.057655715763881774,-0.8405406237075503,-0.14833133318376757,0.2603630211992104,1.6770656725031896,-0.08992609411054342,0.962668959802908
BFA,313,Kelbo,2,2021,DHS 2021,0.057655715763881774,-1.496907620436838,-0.14833133318376757,1.4811632588592134,1.6770656725031896,-0.08992609411054342,0.962668959802908
BFA,314,Koutougou,1,2010,DHS 2010,-0.2249830858537246,-0.604842638346753,-0.14789462859678754,1.3234523996151424,2.192950469431195,-1.8734322024730221,0.962668959802908
BFA,314,Koutougou,2,2021,DHS 2021,-0.2249830858537246,-1.623308748002594,-0.14833133318376757,2.121978404429438,2.192950469431195,-1.8734322024730221,0.962668959802908
BFA,315,Nassoumbou,1,2010,DHS 2010,-0.31479990104428324,-0.5194832129816386,-0.14833133318376757,0.8637224296869235,2.236434811202055,-2.9520766927712807,0.962668959802908
BFA,315,Nassoumbou,2,2021,DHS 2021,-0.31479990104428324,-1.4394010024615165,-0.14833133318376757,2.2345455760603272,2.236434811202055,-2.9520766927712807,0.962668959802908
BFA,316,Pobe-Mengao,1,2010,DHS 2010,0.679041219293062,-0.8590654235220351,-0.14833133318376757,0.1658659536904452,-0.7734995451633977,-1.0633577662872207,0.962668959802908
BFA,316,Pobe-Mengao,2,2021,DHS 2021,0.679041219293062,-1.4497430633678836,-0.14833133318376757,1.4262372988048468,-0.7734995451633977,-1.0633577662872207,0.962668959802908
BFA,317,Tongomayel,1,2010,DHS 2010,0.10770794255467087,-0.8120131778848547,-0.0232299940933131,0.579936548700871,0.6422746559937207,-1.985830618219119,0.962668959802908
BFA,317,Tongomayel,2,2021,DHS 2021,0.10770794255467087,-1.5369767980193882,-0.13963183056451592,1.7790989680294413,0.6422746559937207,-1.985830618219119,0.962668959802908
BFA,318,Boundore,1,2010,DHS 2010,-1.0695096481284558,-0.91870604423909,-0.14833133318376757,0.7739928386879654,1.771985700081828,-2.037743976645368,-0.7364101134397202
BFA,318,Boundore,2,2021,DHS 2021,-1.0695096481284558,-1.5841239053304736,-0.14833133318376757,1.5940093226038101,1.771985700081828,-2.037743976645368,-0.7364101134397202
BFA,319,Mansila,1,2010,DHS 2010,-0.9246979754431917,-0.6770334841828515,-0.14833133318376757,0.5953071876469272,1.6149813046950343,-1.9629214969781912,-0.7364101134397202
BFA,319,Mansila,2,2021,DHS 2021,-0.9246979754431917,-1.4357559704415752,-0.14833133318376757,1.49662335376628,1.6149813046950343,-1.9629214969781912,-0.7364101134397202
BFA,320,Sebba,1,2010,DHS 2010,-1.0687269147930039,-0.8123279578307253,-0.14833133318376757,0.5985381264736455,-0.20568114813969907,-1.1052634939844406,-0.7364101134397202
BFA,320,Sebba,2,2021,DHS 2021,-1.0687269147930039,-1.396872948703967,-0.14169722887586916,1.538362452746076,-0.20568114813969907,-1.1052634939844406,-0.7364101134397202
BFA,321,Solhan,1,2010,DHS 2010,-0.7294183531470303,-0.720927836873931,-0.14833133318376757,0.2970189167480498,0.7751198459965195,-1.3737895539821599,-0.7364101134397202
BFA,321,Solhan,2,2021,DHS 2021,-0.7294183531470303,-1.4121429409857555,-0.14833133318376757,1.3599293832419808,0.7751198459965195,-1.3737895539821599,-0.7364101134397202
BFA,322,Tankougounadie,1,2010,DHS 2010,-0.7687238447566965,-0.9004220339755905,-0.14833133318376757,0.48189281544420887,0.2740908736473148,-1.461945695525233,-0.7364101134397202
BFA,322,Tankougounadie,2,2021,DHS 2021,-0.7687238447566965,-1.4274502278480874,-0.14833133318376757,1.6199883861014783,0.2740908736473148,-1.461945695525233,-0.7364101134397202
BFA,323,Titabe,1,2010,DHS 2010,-0.6793381000987058,-1.0338086674297964,-0.14833133318376757,0.669150452395247,-0.4120539265155634,-0.6953500002058891,-0.7364101134397202
BFA,323,Titabe,2,2021,DHS 2021,-0.6793381000987058,-1.5839574483264889,-0.14833133318376757,1.6742986786595466,-0.4120539265155634,-0.6953500002058891,-0.7364101134397202
BFA,324,Bondigui,1,2010,DHS 2010,-0.130768817397497,2.000783263112867,-0.14833133318376757,-1.03638006523497,0.5356598601011789,-0.8644857272235166,-1.055420878211806
BFA,324,Bondigui,2,2021,DHS 2021,-0.130768817397497,1.5298132717745427,-0.14490051928247774,0.32769704925590715,0.5356598601011789,-0.8644857272235166,-1.055420878211806
BFA,325,Diebougou,1,2010,DHS 2010,-0.531089207114282,1.676956131015409,0.17057802861423185,-0.8570682224669175,0.3410471332861247,0.6561686647721046,-1.055420878211806
BFA,325,Diebougou,2,2021,DHS 2021,-0.531089207114282,1.4853817402627927,0.24450305347095172,0.32545538811552904,0.3410471332861247,0.6561686647721046,-1.055420878211806
BFA,326,Dolo,1,2010,DHS 2010,-0.14681451712834323,1.9472894906811944,-0.14833133318376757,-0.8500748711628108,0.5716674566777104,-0.4336449714062686,-1.055420878211806
BFA,326,Dolo,2,2021,DHS 2021,-0.14681451712834323,1.71127022448434,-0.14833133318376757,0.3293388292460262,0.5716674566777104,-0.4336449714062686,-1.055420878211806
BFA,327,Gueguere,1,2010,DHS 2010,-0.24353046271552578,1.4737335136571204,-0.14833133318376757,-0.880537256941196,0.9391636924475688,0.052757302028070524,0.03337673198857267
BFA,327,Gueguere,2,2021,DHS 2021,-0.24353046271552578,1.0570640894378196,-0.12380183800228638,0.31241586627087103,0.9391636924475688,0.052757302028070524,0.03337673198857267
BFA,328,Iolonioro,1,2010,DHS 2010,0.37335215543630484,1.9775696107133707,-0.14833133318376757,-1.0014975025600936,1.0548660717458087,-0.4419022693280925,-1.055420878211806
BFA,328,Iolonioro,2,2021,DHS 2021,0.37335215543630484,1.8213282424283839,-0.14833133318376757,0.3412943553280003,1.0548660717458087,-0.4419022693280925,-1.055420878211806
BFA,329,Tiankoura,1,2010,DHS 2010,-0.5546085755212273,1.9337484785749175,-0.14833133318376757,-0.8500748711628108,0.5793211401959958,-1.4033543751762059,-1.055420878211806
BFA,329,Tiankoura,2,2021,DHS 2021,-0.5546085755212273,1.6254454722427212,-0.14833133318376757,0.32933356713068307,0.5793211401959958,-1.4033543751762059,-1.055420878211806
BFA,330,Dano,1,2010,DHS 2010,-0.3370874487033643,1.2137502554724062,-0.08038736238084002,-0.8226224153663285,0.5338163855575788,0.4761477353141817,0.03337673198857267
BFA,330,Dano,2,2021,DHS 2021,-0.3370874487033643,0.7357483538650249,0.04975879841684334,0.35006103950605055,0.5338163855575788,0.4761477353141817,0.03337673198857267
BFA,331,Dissin,1,2010,DHS 2010,-0.5564196055914892,1.0171657312987212,-0.10001737449033282,-0.7832091713725389,0.526772530464762,0.7133698745793277,0.03337673198857267
BFA,331,Dissin,2,2021,DHS 2021,-0.5564196055914892,0.9093474410999697,-0.08005132087473672,0.38665378967066405,0.526772530464762,0.7133698745793277,0.03337673198857267
BFA,332,Koper,1,2010,DHS 2010,-0.8549012502187334,0.9193129636036947,-0.14833133318376757,-0.7435275594957376,1.0810293691856336,-0.06368811781994799,0.03337673198857267
BFA,332,Koper,2,2021,DHS 2021,-0.8549012502187334,0.7302089111219325,-0.14833133318376757,0.40211914669306414,1.0810293691856336,-0.06368811781994799,0.03337673198857267
BFA,333,Niego,1,2010,DHS 2010,-0.8823763246892425,0.8190404961508456,-0.14833133318376757,-0.7431697356517253,0.9717537628606416,0.23296454859640944,0.03337673198857267
BFA,333,Niego,2,2021,DHS 2021,-0.8823763246892425,0.5642186026220641,-0.14833133318376757,0.40176132284906174,0.9717537628606416,0.23296454859640944,0.03337673198857267
BFA,334,Oronkua,1,2010,DHS 2010,-0.13111781103299697,1.6670566438698937,-0.13794828052521202,-0.8759539544687627,0.6901596585391916,0.15564991511017306,0.03337673198857267
BFA,334,Oronkua,2,2021,DHS 2021,-0.13111781103299697,0.9003673166876657,-0.1454062150287115,0.3154468447141761,0.6901596585391916,0.15564991511017306,0.03337673198857267
BFA,335,Ouessa,1,2010,DHS 2010,-0.9641289179199211,0.715283551558055,-0.11068043981304376,-0.7431749977670783,0.4935871390144221,0.387986684431834,0.03337673198857267
BFA,335,Ouessa,2,2021,DHS 2021,-0.9641289179199211,0.7311173249874612,-0.054856144696283825,0.40175606073370873,0.4935871390144221,0.387986684431834,0.03337673198857267
BFA,336,Zambo,1,2010,DHS 2010,-0.8726058374789352,1.36779295426591,-0.13325288009107344,-0.8146397863758523,1.079019577798724,-0.5847804385546055,0.03337673198857267
BFA,336,Zambo,2,2021,DHS 2021,-0.8726058374789352,1.161854675570257,-0.13847114601842753,0.3597117590634206,1.079019577798724,-0.5847804385546055,0.03337673198857267
BFA,337,Batié,1,2010,DHS 2010,-0.6929495191750512,1.8897357412520213,-0.14055506854428287,-1.3258437686868947,2.470870059569618,-0.15495393899134066,-0.4673314683710921
BFA,337,Batié,2,2021,DHS 2021,-0.6929495191750512,1.6549369316496456,-0.13973566483073693,-0.13115940952370786,2.470870059569618,-0.15495393899134066,-0.4673314683710921
BFA,338,Boussoukoula,1,2010,DHS 2010,0.027949884651926275,2.053401810434173,-0.14833133318376757,-2.0812204276067767,2.4080313075749866,-0.06094845908400631,-0.056778484142668936
BFA,338,Boussoukoula,2,2021,DHS 2021,0.027949884651926275,1.9862780663463038,-0.14833133318376757,-0.5707407397653672,2.4080313075749866,-0.06094845908400631,-0.056778484142668936
BFA,339,Kpuéré,1,2010,DHS 2010,-0.19376653071675637,1.9231557912442567,-0.14833133318376757,-1.4564442096324366,0.8896665371985433,-0.15495393899134066,-0.4673314683710921
BFA,339,Kpuéré,2,2021,DHS 2021,-0.19376653071675637,1.8529403606445538,-0.14833133318376757,-0.2838975697592251,0.8896665371985433,-0.15495393899134066,-0.4673314683710921
BFA,340,Legmoin,1,2010,DHS 2010,-0.49729554615323873,1.5503256332255084,-0.14833133318376757,-0.8190441769262943,0.9721078985690594,0.45963312229914216,-0.056778484142668936
BFA,340,Legmoin,2,2021,DHS 2021,-0.49729554615323873,1.4334276523489655,-0.1180528222265038,0.47762523989293454,0.9721078985690594,0.45963312229914216,-0.056778484142668936
BFA,341,Midebdo,1,2010,DHS 2010,-0.008377483448683769,1.9028644600596307,-0.14833133318376757,-1.4294600821023693,0.836954220418703,-1.3999069585122905,-0.056778484142668936
BFA,341,Midebdo,2,2021,DHS 2021,-0.008377483448683769,2.2730744171811215,-0.14833133318376757,-0.16054306165474252,0.836954220418703,-1.3999069585122905,-0.056778484142668936
BFA,342,Bouroum-Bouroum,1,2010,DHS 2010,0.28530299634601286,1.9409997083497381,-0.14833133318376757,-0.9172931326817421,0.16205808638253388,-0.5382141015719807,-0.7225400801887604
BFA,342,Bouroum-Bouroum,2,2021,DHS 2021,0.28530299634601286,1.7723029766196134,-0.13929861440287963,0.25265402220708894,0.16205808638253388,-0.5382141015719807,-0.7225400801887604
BFA,343,Boussera,1,2010,DHS 2010,-0.23233530741383704,1.257622368276006,-0.14833133318376757,-0.9062900494786666,1.5923663589729844,-0.724485465978694,-0.7225400801887604
BFA,343,Boussera,2,2021,DHS 2021,-0.23233530741383704,1.3153430879373365,-0.14833133318376757,0.34238887532141954,1.5923663589729844,-0.724485465978694,-0.7225400801887604
BFA,344,Djigouè,1,2010,DHS 2010,1.1348022174577344,1.4440004948569518,-0.14833133318376757,-1.9509041408902956,1.6906075422077431,-0.15495393899134066,-0.4673314683710921
BFA,344,Djigouè,2,2021,DHS 2021,1.1348022174577344,1.9669030185258534,-0.14833133318376757,-0.4040421874984014,1.6906075422077431,-0.15495393899134066,-0.4673314683710921
BFA,345,Gaoua,1,2010,DHS 2010,-0.011968848164287798,1.7973064267330763,0.13033796913297604,-1.0911060649059232,-0.24851213932048558,0.49818291949195886,-0.7225400801887604
BFA,345,Gaoua,2,2021,DHS 2021,-0.011968848164287798,1.7955190240839154,0.5709773492038709,0.05436172936085758,-0.24851213932048558,0.49818291949195886,-0.7225400801887604
BFA,346,Gbomblora,1,2010,DHS 2010,-0.34162636784040235,1.5900176736392155,-0.14833133318376757,-0.9417672311884392,1.471816698591932,-0.9160854316953502,-0.7225400801887604
BFA,346,Gbomblora,2,2021,DHS 2021,-0.34162636784040235,1.6361551755967383,-0.1471154323237264,0.28739976988280747,1.471816698591932,-0.9160854316953502,-0.7225400801887604
BFA,347,Kampti,1,2010,DHS 2010,1.1258685142224116,1.9156783989213697,-0.14833133318376757,-1.6454909658034969,0.525804421362818,-0.5260877705767582,-0.7225400801887604
BFA,347,Kampti,2,2021,DHS 2021,1.1258685142224116,2.31776735290879,-0.1439047555368284,-0.25929191836871335,0.525804421362818,-0.5260877705767582,-0.7225400801887604
BFA,348,Loropeni,1,2010,DHS 2010,0.906121301806025,1.8925547325281384,-0.14833133318376757,-1.4157785821846285,0.2218515821573761,-1.2162299117033122,-0.7225400801887604
BFA,348,Loropeni,2,2021,DHS 2021,0.906121301806025,1.8955061366727903,-0.14833133318376757,-0.02118119864648362,0.2218515821573761,-1.2162299117033122,-0.7225400801887604
BFA,349,Malba,1,2010,DHS 2010,-0.5641221553707938,1.4427920135865007,-0.14833133318376757,-0.8994282510583941,1.034582670556136,0.005529731951863059,-0.7225400801887604
BFA,349,Malba,2,2021,DHS 2021,-0.5641221553707938,1.4161010692414795,-0.14833133318376757,0.3145733335655721,1.034582670556136,0.005529731951863059,-0.7225400801887604
BFA,350,Nako,1,2010,DHS 2010,-0.6333870489939261,1.5029878616482963,-0.14833133318376757,-0.8229644528642721,1.3004655325159071,-0.6158742510782056,-0.7225400801887604
BFA,350,Nako,2,2021,DHS 2021,-0.6333870489939261,1.302780288728064,-0.14833133318376757,0.3571964679246975,1.3004655325159071,-0.6158742510782056,-0.7225400801887604
BFA,351,Perigban,1,2010,DHS 2010,0.10241765279894646,2.105568716963578,-0.14833133318376757,-1.0949263606521946,0.1841284869260223,-1.0883063416905463,-0.7225400801887604
BFA,351,Perigban,2,2021,DHS 2021,0.10241765279894646,2.2395941484166326,-0.14833133318376757,0.050004697848592426,0.1841284869260223,-1.0883063416905463,-0.7225400801887604
