time,year,label,district_id,district_name,district_code,region,name_clean,area_km2,elev_mean_pw,elev_mean_uw,travel_time_pw,travel_time_uw,rainfall_sep_dec,nightlights,temp_sep_dec,elev_std,rainfall_std,ntl_std,temp_std,travel_std,country
1,2014,DHS 2014,1,Asunafo North,GHA1.1_2,Ahafo,asunafo north,1417.524579,230.9906769,231.1078949,123.2868652,124.1649246,324.1768188,0.030972043,8.709345818,0.63467802,-0.100870989,-0.600458563,-0.662568087,0.270102004,GHA
2,2022,DHS 2022,1,Asunafo North,GHA1.1_2,Ahafo,asunafo north,1417.524579,230.9906769,231.1078949,123.2868652,124.1649246,498.6044312,0.158105895,8.790083885,0.63467802,0.426823184,-0.488939404,-0.137590367,0.270102004,GHA
1,2014,DHS 2014,2,Asunafo South,GHA1.2_2,Ahafo,asunafo south,927.4042481,209.552002,213.5439911,101.2543793,106.1809921,347.8316956,0.016457547,8.704545021,0.407658255,-0.029308119,-0.614056118,-0.693783984,-0.036365593,GHA
2,2022,DHS 2022,2,Asunafo South,GHA1.2_2,Ahafo,asunafo south,927.4042481,209.552002,213.5439911,101.2543793,106.1809921,573.7142334,0.085234426,8.771869659,0.407658255,0.654052145,-0.551266329,-0.256023505,-0.036365593,GHA
1,2014,DHS 2014,3,Asutifi North,GHA1.3_2,Ahafo,asutifi north,940.1355479,256.3790283,256.492981,101.6579514,101.9558182,318.0912476,0.252990752,8.610567093,0.903521948,-0.119281609,-0.413418504,-1.30485036,-0.030751983,GHA
2,2022,DHS 2022,3,Asutifi North,GHA1.3_2,Ahafo,asutifi north,940.1355479,256.3790283,256.492981,101.6579514,101.9558182,500.5459595,0.451017082,8.713536263,0.903521948,0.432696871,-0.272699182,-0.635320838,-0.030751983,GHA
1,2014,DHS 2014,4,Asutifi South,GHA1.4_2,Ahafo,asutifi south,599.7596914,200.9839172,201.3944244,76.95889282,77.93331146,324.894989,0.055902403,8.679309845,0.316928554,-0.098698316,-0.577543904,-0.857868976,-0.374311086,GHA
2,2022,DHS 2022,4,Asutifi South,GHA1.4_2,Ahafo,asutifi south,599.7596914,200.9839172,201.3944244,76.95889282,77.93331146,506.4343262,0.340492487,8.732683182,0.316928554,0.45051089,-0.348680604,-0.510823109,-0.374311086,GHA
1,2014,DHS 2014,5,Tano North,GHA1.5_2,Ahafo,tano north,841.0711354,271.2559509,271.4891663,57.30358505,57.58964539,337.7601318,0.051508106,8.57069397,1.061057592,-0.059777523,-0.581543364,-1.564114693,-0.647712596,GHA
2,2022,DHS 2022,5,Tano North,GHA1.5_2,Ahafo,tano north,841.0711354,271.2559509,271.4891663,57.30358505,57.58964539,456.0090637,0.265771478,8.685652733,1.061057592,0.29795983,-0.403685821,-0.816626042,-0.647712596,GHA
1,2014,DHS 2014,6,Tano South,GHA1.6_2,Ahafo,tano south,491.2134564,297.5416565,296.8139038,69.84822845,68.97888947,352.0978699,0.065855198,8.594885826,1.339403839,-0.016401703,-0.568546588,-1.406813609,-0.473219045,GHA
2,2022,DHS 2022,6,Tano South,GHA1.6_2,Ahafo,tano south,491.2134564,297.5416565,296.8139038,69.84822845,68.97888947,449.6359558,0.353192747,8.63225174,1.339403839,0.278679328,-0.339637251,-1.163851737,-0.473219045,GHA
1,2014,DHS 2014,7,Adansi Akrofuom,GHA2.1_2,Ashanti,adansi akrofuom,570.8592388,159.8755798,158.7595215,81.63334656,81.15028381,355.5557251,0.033437651,8.720550537,-0.118378438,-0.005940687,-0.598167755,-0.589712391,-0.309290343,GHA
2,2022,DHS 2022,7,Adansi Akrofuom,GHA2.1_2,Ashanti,adansi akrofuom,570.8592388,159.8755798,158.7595215,81.63334656,81.15028381,516.6409302,0.156632274,8.760094643,-0.118378438,0.481388831,-0.490160484,-0.332587407,-0.309290343,GHA
1,2014,DHS 2014,8,Adansi Asokwa,GHA2.2_2,Ashanti,adansi asokwa,598.6514357,192.9258575,186.773468,67.12586975,65.36528015,335.7543335,0.021988064,8.723310471,0.231599641,-0.065845646,-0.608852226,-0.57176666,-0.511086526,GHA
2,2022,DHS 2022,8,Adansi Asokwa,GHA2.2_2,Ashanti,adansi asokwa,598.6514357,192.9258575,186.773468,67.12586975,65.36528015,576.4664307,0.232615381,8.701547623,0.231599641,0.662378341,-0.429141795,-0.713273766,-0.511086526,GHA
1,2014,DHS 2014,9,Adansi North,GHA2.3_2,Ashanti,adansi north,259.0451784,261.3394775,263.4306946,29.37981033,29.47850418,315.7808533,0.182507962,8.726622581,0.956049449,-0.126271223,-0.468942024,-0.550230544,-1.036126874,GHA
2,2022,DHS 2022,9,Adansi North,GHA2.3_2,Ashanti,adansi north,259.0451784,261.3394775,263.4306946,29.37981033,29.47850418,563.7161865,0.95612675,8.752702713,0.956049449,0.62380515,0.013763535,-0.380651455,-1.036126874,GHA
1,2014,DHS 2014,10,Adansi South,GHA2.4_2,Ashanti,adansi south,763.6903399,127.2411575,129.2974091,82.76898193,81.26263428,368.0941772,0.029682647,8.714406967,-0.463952915,0.031991772,-0.60165873,-0.629659313,-0.293493876,GHA
2,2022,DHS 2022,10,Adansi South,GHA2.4_2,Ashanti,adansi south,763.6903399,127.2411575,129.2974091,82.76898193,81.26263428,579.4584961,0.260834605,8.712853432,-0.463952915,0.671430207,-0.407433613,-0.639760763,-0.293493876,GHA
1,2014,DHS 2014,11,Afigya-Kwabre North,GHA2.5_2,Ashanti,afigya kwabre north,187.2590287,295.3217468,300.8684387,82.2328949,81.54840088,356.4051819,0.056356765,8.634865761,1.315896632,-0.003370833,-0.577131317,-1.146854762,-0.300950743,GHA
2,2022,DHS 2022,11,Afigya-Kwabre North,GHA2.5_2,Ashanti,afigya kwabre north,187.2590287,295.3217468,300.8684387,82.2328949,81.54840088,476.5752258,0.424125165,8.622232437,1.315896632,0.360178442,-0.290639726,-1.228999575,-0.300950743,GHA
1,2014,DHS 2014,12,Afigya-Kwabre South,GHA2.6_2,Ashanti,afigya kwabre south,224.0113175,273.770752,277.8235779,66.49312592,71.08880615,360.1235962,1.508090615,8.661874771,1.087687481,0.00787845,0.252134687,-0.971235887,-0.519887869,GHA
2,2022,DHS 2022,12,Afigya-Kwabre South,GHA2.6_2,Ashanti,afigya kwabre south,224.0113175,273.770752,277.8235779,66.49312592,71.08880615,556.6779785,4.993176937,8.710624695,1.087687481,0.602512527,1.087542404,-0.654252529,-0.519887869,GHA
1,2014,DHS 2014,13,Ahafo-Ano North,GHA2.7_2,Ashanti,ahafo ano north,596.2397379,228.0140381,228.0541229,77.62138367,78.00143433,342.035614,0.05322725,8.67358017,0.603157609,-0.046842948,-0.579976703,-0.895124659,-0.365095967,GHA
2,2022,DHS 2022,13,Ahafo-Ano North,GHA2.7_2,Ashanti,ahafo ano north,596.2397379,228.0140381,228.0541229,77.62138367,78.00143433,512.7149658,0.267487049,8.726922989,0.603157609,0.469511649,-0.402386879,-0.548277225,-0.365095967,GHA
1,2014,DHS 2014,14,Ahafo-Ano South East,GHA2.8_2,Ashanti,ahafo ano south east,689.2932249,272.5342712,273.496521,103.6937408,103.6414261,347.234436,0.029979499,8.653644562,1.074594062,-0.031115002,-0.601382288,-1.024750625,-0.002434547,GHA
2,2022,DHS 2022,14,Ahafo-Ano South East,GHA2.8_2,Ashanti,ahafo ano south east,689.2932249,272.5342712,273.496521,103.6937408,103.6414261,513.3838501,0.187305093,8.682434082,1.074594062,0.471535218,-0.465059371,-0.837554459,-0.002434547,GHA
1,2014,DHS 2014,15,Ahafo-Ano South West,GHA2.9_2,Ashanti,ahafo ano south west,506.8048794,322.2128601,326.9664917,120.9737167,122.7085495,353.6690369,0.012580154,8.664861679,1.600653699,-0.011648466,-0.617721428,-0.951814315,0.237926558,GHA
2,2022,DHS 2022,15,Ahafo-Ano South West,GHA2.9_2,Ashanti,ahafo ano south west,506.8048794,322.2128601,326.9664917,120.9737167,122.7085495,529.8483276,0.059944481,8.711735725,1.600653699,0.521345043,-0.573879685,-0.647028349,0.237926558,GHA
1,2014,DHS 2014,16,Amansie Central,GHA2.10_2,Ashanti,amansie central,853.5403877,178.8441162,172.7322235,62.51527405,69.16490936,334.3856812,0.047144428,8.727499962,0.082484381,-0.069986217,-0.585531531,-0.544525612,-0.575219016,GHA
2,2022,DHS 2022,16,Amansie Central,GHA2.10_2,Ashanti,amansie central,853.5403877,178.8441162,172.7322235,62.51527405,69.16490936,564.2111206,0.256814152,8.76625061,0.082484381,0.625302469,-0.410496569,-0.292559871,-0.575219016,GHA
1,2014,DHS 2014,17,Amansie South,GHA2.11_2,Ashanti,amansie south,595.6983216,177.0012512,176.7686768,119.9861145,120.602356,337.7502747,0.015994504,8.73896122,0.062969799,-0.059807344,-0.614493097,-0.470001844,0.224189203,GHA
2,2022,DHS 2022,17,Amansie South,GHA2.11_2,Ashanti,amansie south,595.6983216,177.0012512,176.7686768,119.9861145,120.602356,625.4424438,0.32169652,8.790704727,0.062969799,0.810545001,-0.362222938,-0.133553508,0.224189203,GHA
1,2014,DHS 2014,18,Amansie West,GHA2.12_2,Ashanti,amansie west,640.8666585,230.8775024,230.1168518,93.45603943,96.22776031,329.0644226,0.051895231,8.704855919,0.633479586,-0.086084569,-0.581190353,-0.691762454,-0.144838984,GHA
2,2022,DHS 2022,18,Amansie West,GHA2.12_2,Ashanti,amansie west,640.8666585,230.8775024,230.1168518,93.45603943,96.22776031,638.2957153,0.643601298,8.747056007,0.633479586,0.849429879,-0.153180526,-0.41736765,-0.144838984,GHA
1,2014,DHS 2014,19,Asante-Akim Central,GHA2.13_2,Ashanti,asante akim central,301.6786823,221.7102051,225.5786133,96.68191528,96.75023651,342.7670288,0.374871671,8.666998863,0.536404665,-0.044630206,-0.324394871,-0.937917846,-0.099967678,GHA
2,2022,DHS 2022,19,Asante-Akim Central,GHA2.13_2,Ashanti,asante akim central,301.6786823,221.7102051,225.5786133,96.68191528,96.75023651,552.1224365,1.251591563,8.620508194,0.536404665,0.58873069,0.148670684,-1.240211006,-0.099967678,GHA
1,2014,DHS 2014,20,Asante-Akim North,GHA2.14_2,Ashanti,asante akim north,1131.089538,215.7482605,210.9490204,150.1834564,151.7208252,350.1906433,0.021386804,8.680749893,0.473272066,-0.022171617,-0.60941661,-0.848505447,0.644228359,GHA
2,2022,DHS 2022,20,Asante-Akim North,GHA2.14_2,Ashanti,asante akim north,1131.089538,215.7482605,210.9490204,150.1834564,151.7208252,483.0232849,0.15196,8.670324326,0.473272066,0.379685693,-0.494042365,-0.916294916,0.644228359,GHA
1,2014,DHS 2014,21,Asante-Akim South,GHA2.15_2,Ashanti,asante akim south,1158.879729,217.0597687,218.8386688,108.7617264,108.8323212,356.9362183,0.021034785,8.692858696,0.487159971,-0.001764294,-0.609747194,-0.769771191,0.068060146,GHA
2,2022,DHS 2022,21,Asante-Akim South,GHA2.15_2,Ashanti,asante akim south,1158.879729,217.0597687,218.8386688,108.7617264,108.8323212,559.6011353,0.239584237,8.652774811,0.487159971,0.611355925,-0.423735004,-1.030405948,0.068060146,GHA
1,2014,DHS 2014,22,Asokore-Mampong,GHA2.16_2,Ashanti,asokore mampong,24.02750573,270.5222473,271.6413879,54.98640823,55.35892105,318.9343567,11.6693716,8.661875725,1.053288212,-0.116730959,1.805436656,-0.971229686,-0.679944075,GHA
2,2022,DHS 2022,22,Asokore-Mampong,GHA2.16_2,Ashanti,asokore mampong,24.02750573,270.5222473,271.6413879,54.98640823,55.35892105,544.8956299,24.96305084,8.710624695,1.053288212,0.566867501,2.493525577,-0.654252529,-0.679944075,GHA
1,2014,DHS 2014,23,Asokwa,GHA2.17_2,Ashanti,asokwa,26.82653277,245.8348694,245.0314789,54.07610321,54.50312042,329.2520142,11.20913029,8.661874771,0.791867077,-0.08551705,1.769949479,-0.971235887,-0.692606241,GHA
2,2022,DHS 2022,23,Asokwa,GHA2.17_2,Ashanti,asokwa,26.82653277,245.8348694,245.0314789,54.07610321,54.50312042,612.4345093,23.69974327,8.710625648,0.791867077,0.771192222,2.445687852,-0.654246328,-0.692606241,GHA
1,2014,DHS 2014,24,Atwima-Kwanwoma,GHA2.18_2,Ashanti,atwima kwanwoma,252.6821338,238.0833893,237.3687744,55.05104828,65.03966522,338.5812073,1.411558032,8.661874771,0.709784616,-0.057293532,0.214494124,-0.971235887,-0.679044945,GHA
2,2022,DHS 2022,24,Atwima-Kwanwoma,GHA2.18_2,Ashanti,atwima kwanwoma,252.6821338,238.0833893,237.3687744,55.05104828,65.03966522,630.9369507,5.435115814,8.710624695,0.709784616,0.827167479,1.155775394,-0.654252529,-0.679044945,GHA
1,2014,DHS 2014,25,Atwima-Mponua,GHA2.19_2,Ashanti,atwima mponua,1891.514638,246.3188324,249.4351959,132.7832947,137.4940186,361.8994751,0.01817308,8.695610046,0.796991889,0.013250999,-0.612438878,-0.75188127,0.402195492,GHA
2,2022,DHS 2022,25,Atwima-Mponua,GHA2.19_2,Ashanti,atwima mponua,1891.514638,246.3188324,249.4351959,132.7832947,137.4940186,613.4612427,0.068361364,8.748771667,0.796991889,0.774298389,-0.566294257,-0.406212028,0.402195492,GHA
1,2014,DHS 2014,26,Atwima-Nwabiagya North,GHA2.20_2,Ashanti,atwima nwabiagya north,213.8959291,251.885437,247.37883,78.44208527,85.87417603,356.3039856,0.461355031,8.661874771,0.855938128,-0.003676981,-0.265890707,-0.971235887,-0.353680168,GHA
2,2022,DHS 2022,26,Atwima-Nwabiagya North,GHA2.20_2,Ashanti,atwima nwabiagya north,213.8959291,251.885437,247.37883,78.44208527,85.87417603,551.2158203,1.523990393,8.710625648,0.855938128,0.585987913,0.258195144,-0.654246328,-0.353680168,GHA
1,2014,DHS 2014,27,Atwima-Nwabiagya South,GHA2.21_2,Ashanti,atwima nwabiagya south,367.9591432,232.4250793,222.1543884,69.05760193,82.35012817,375.4463196,1.228894353,8.661874771,0.649867285,0.054234137,0.138954145,-0.971235887,-0.484216507,GHA
2,2022,DHS 2022,27,Atwima-Nwabiagya South,GHA2.21_2,Ashanti,atwima nwabiagya south,367.9591432,232.4250793,222.1543884,69.05760193,82.35012817,629.2281494,3.436677456,8.710624695,0.649867285,0.821997859,0.799147973,-0.654252529,-0.484216507,GHA
1,2014,DHS 2014,28,Bekwai,GHA2.22_2,Ashanti,bekwai,537.7718105,229.2403412,229.4004517,48.18505859,49.87415695,318.8096924,0.281706929,8.718229294,0.616143255,-0.117108105,-0.391687512,-0.604805655,-0.774549527,GHA
2,2022,DHS 2022,28,Bekwai,GHA2.22_2,Ashanti,bekwai,537.7718105,229.2403412,229.4004517,48.18505859,49.87415695,597.8260498,1.160916805,8.743288994,0.616143255,0.72699739,0.109250149,-0.441861649,-0.774549527,GHA
1,2014,DHS 2014,29,Bosome Freho,GHA2.23_2,Ashanti,bosome freho,571.471566,262.8572693,252.5936584,86.73074341,86.57174683,350.1026917,0.026592087,8.721636772,0.972121744,-0.022437696,-0.604541546,-0.582649437,-0.238386544,GHA
2,2022,DHS 2022,29,Bosome Freho,GHA2.23_2,Ashanti,bosome freho,571.471566,262.8572693,252.5936584,86.73074341,86.57174683,608.9797363,0.15949136,8.67911911,0.972121744,0.760740531,-0.487792787,-0.859109178,-0.238386544,GHA
1,2014,DHS 2014,30,Bosomtwe,GHA2.24_2,Ashanti,bosomtwe,424.465104,237.9442596,219.5644989,67.23124695,71.91133881,360.1160278,0.707965016,8.660964966,0.708311336,0.007855553,-0.116341578,-0.977151653,-0.509620749,GHA
2,2022,DHS 2022,30,Bosomtwe,GHA2.24_2,Ashanti,bosomtwe,424.465104,237.9442596,219.5644989,67.23124695,71.91133881,648.8908691,2.105138063,8.646701813,0.708311336,0.881483296,0.456921739,-1.069893996,-0.509620749,GHA
1,2014,DHS 2014,31,Ejisu,GHA2.25_2,Ashanti,ejisu,413.2524113,257.1640625,242.5887146,68.33300781,76.11791992,333.4107361,0.892380655,8.660311699,0.911834881,-0.072935708,-0.018009705,-0.981399346,-0.49429547,GHA
2,2022,DHS 2022,31,Ejisu,GHA2.25_2,Ashanti,ejisu,413.2524113,257.1640625,242.5887146,68.33300781,76.11791992,563.413269,3.504630089,8.621482849,0.911834881,0.622888737,0.813725174,-1.233873571,-0.49429547,GHA
1,2014,DHS 2014,32,Ejura-Sekyedumase,GHA2.26_2,Ashanti,ejura sekyedumase,1346.444084,223.7565155,217.5951538,145.4346771,148.6256409,381.0065308,0.033828825,8.728676796,0.558073584,0.07105539,-0.597804815,-0.536873563,0.578173762,GHA
2,2022,DHS 2022,32,Ejura-Sekyedumase,GHA2.26_2,Ashanti,ejura sekyedumase,1346.444084,223.7565155,217.5951538,145.4346771,148.6256409,398.5220947,0.160329148,8.695662498,0.558073584,0.124045057,-0.487100095,-0.751540214,0.578173762,GHA
1,2014,DHS 2014,33,Juaben,GHA2.27_2,Ashanti,juaben,171.9714263,271.3448486,277.3347473,97.93858337,96.41169739,324.3228455,0.140721262,8.653124809,1.061998953,-0.100429216,-0.503444747,-1.028130176,-0.082487669,GHA
2,2022,DHS 2022,33,Juaben,GHA2.27_2,Ashanti,juaben,171.9714263,271.3448486,277.3347473,97.93858337,96.41169739,526.4713135,1.122861743,8.605625153,1.061998953,0.511128595,0.092210628,-1.336984007,-0.082487669,GHA
1,2014,DHS 2014,34,Kumasi,GHA2.28_2,Ashanti,kumasi,21.72023291,266.1792908,266.1066589,49.14202499,49.13141632,306.8588867,23.22914696,8.661874771,1.007299503,-0.153262762,2.427239522,-0.971235887,-0.76123831,GHA
2,2022,DHS 2022,34,Kumasi,GHA2.28_2,Ashanti,kumasi,21.72023291,266.1792908,266.1066589,49.14202499,49.13141632,557.6085815,40.10627365,8.710624695,1.007299503,0.605327871,2.934185074,-0.654252529,-0.76123831,GHA
1,2014,DHS 2014,35,Kwabre East,GHA2.29_2,Ashanti,kwabre east,123.5377808,293.8596497,307.6311035,66.37966919,72.67495728,336.5869446,2.963047266,8.659586906,1.3004141,-0.063326756,0.690881062,-0.986112116,-0.52146603,GHA
2,2022,DHS 2022,35,Kwabre East,GHA2.29_2,Ashanti,kwabre east,123.5377808,293.8596497,307.6311035,66.37966919,72.67495728,547.194519,9.317204475,8.683177948,1.3004141,0.573822309,1.608477052,-0.832717669,-0.52146603,GHA
1,2014,DHS 2014,36,Kwadaso,GHA2.30_2,Ashanti,kwadaso,64.36058273,248.6877289,246.9894867,50.59440231,50.92808914,338.3121338,12.50658894,8.661875725,0.822076756,-0.058107557,1.866804979,-0.971229686,-0.741036024,GHA
2,2022,DHS 2022,36,Kwadaso,GHA2.30_2,Ashanti,kwadaso,64.36058273,248.6877289,246.9894867,50.59440231,50.92808914,613.6276245,25.68154907,8.710625648,0.822076756,0.774801742,2.519704957,-0.654246328,-0.741036024,GHA
1,2014,DHS 2014,37,Mampong,GHA2.31_2,Ashanti,mampong,673.3540085,312.3288269,292.0931396,138.0154419,145.1741943,345.2501221,0.091712348,8.743433952,1.495989074,-0.037118128,-0.545558779,-0.440919095,0.474973642,GHA
2,2022,DHS 2022,37,Mampong,GHA2.31_2,Ashanti,mampong,673.3540085,312.3288269,292.0931396,138.0154419,145.1741943,412.2213745,0.481115878,8.694244385,1.495989074,0.165489356,-0.253009385,-0.76076112,0.474973642,GHA
1,2014,DHS 2014,38,Obuasi,GHA2.32_2,Ashanti,obuasi,146.3689351,219.8722687,214.1681671,7.289840221,7.926630497,298.6266785,3.32879734,8.727499962,0.516942273,-0.178167583,0.775540559,-0.544525612,-1.343394065,GHA
2,2022,DHS 2022,38,Obuasi,GHA2.32_2,Ashanti,obuasi,146.3689351,219.8722687,214.1681671,7.289840221,7.926630497,493.1690063,4.955258846,8.76625061,0.516942273,0.410379446,1.081455487,-0.292559871,-1.343394065,GHA
1,2014,DHS 2014,39,Obuasi East,GHA2.33_2,Ashanti,obuasi east,75.34026892,180.1160126,181.0862427,13.73340034,14.31301022,309.2045593,0.849817693,8.727499962,0.095952826,-0.146166422,-0.039826165,-0.544525612,-1.253765396,GHA
2,2022,DHS 2022,39,Obuasi East,GHA2.33_2,Ashanti,obuasi east,75.34026892,180.1160126,181.0862427,13.73340034,14.31301022,507.5805664,2.306451082,8.766249657,0.095952826,0.4539786,0.517165138,-0.292566072,-1.253765396,GHA
1,2014,DHS 2014,40,Offinso,GHA2.34_2,Ashanti,offinso,588.367899,301.8493652,314.8317566,75.96795654,76.42099762,364.0352783,0.130314171,8.631457329,1.385019299,0.019712424,-0.512234344,-1.169017181,-0.388094817,GHA
2,2022,DHS 2022,40,Offinso,GHA2.34_2,Ashanti,offinso,588.367899,301.8493652,314.8317566,75.96795654,76.42099762,476.3155823,0.639680147,8.611074448,1.385019299,0.359392945,-0.155471215,-1.301551421,-0.388094817,GHA
1,2014,DHS 2014,41,Offinso North,GHA2.35_2,Ashanti,offinso north,950.1957882,326.4615173,319.0514221,86.57823944,81.27498627,372.535553,0.027306646,8.610733032,1.645643848,0.045428223,-0.603874248,-1.303771384,-0.240507845,GHA
2,2022,DHS 2022,41,Offinso North,GHA2.35_2,Ashanti,offinso north,950.1957882,326.4615173,319.0514221,86.57823944,81.27498627,426.1457214,0.145316258,8.597387314,1.645643848,0.207614548,-0.499589405,-1.390548353,-0.240507845,GHA
1,2014,DHS 2014,42,Oforikrom,GHA2.36_2,Ashanti,oforikrom,45.55913452,258.640564,258.587738,55.2628746,56.08110428,335.9831543,10.99441433,8.661875725,0.927469943,-0.065153396,1.752933488,-0.971229686,-0.676098482,GHA
2,2022,DHS 2022,42,Oforikrom,GHA2.36_2,Ashanti,oforikrom,45.55913452,258.640564,258.587738,55.2628746,56.08110428,594.0213623,23.61183929,8.710625648,0.927469943,0.715487106,2.442268683,-0.654246328,-0.676098482,GHA
1,2014,DHS 2014,43,Old Tafo,GHA2.37_2,Ashanti,old tafo,29.2369868,278.835968,279.14505,54.26520538,54.88535309,330.1182861,13.95472813,8.661874771,1.141324386,-0.082896326,1.964481691,-0.971235887,-0.689975867,GHA
2,2022,DHS 2022,43,Old Tafo,GHA2.37_2,Ashanti,old tafo,29.2369868,278.835968,279.14505,54.26520538,54.88535309,572.1565552,30.10760307,8.710625648,1.141324386,0.649339716,2.666896297,-0.654246328,-0.689975867,GHA
1,2014,DHS 2014,44,Sekyere Afram Plains North,GHA2.38_2,Ashanti,sekyere afram plains north,3541.818556,134.2164307,135.6895905,269.7303467,276.414032,382.7949524,2.31E-04,8.779932976,-0.390089914,0.076465885,-0.629489013,-0.203593944,2.307102363,GHA
2,2022,DHS 2022,44,Sekyere Afram Plains North,GHA2.38_2,Ashanti,sekyere afram plains north,3541.818556,134.2164307,135.6895905,269.7303467,276.414032,444.4146423,0.007531963,8.808437347,-0.390089914,0.262883339,-0.622514585,-0.018251881,2.307102363,GHA
1,2014,DHS 2014,45,Sekyere Central,GHA2.39_2,Ashanti,sekyere central,1638.828051,204.2803802,194.6604919,201.55336,206.4219513,352.4542847,0.018707423,8.76503849,0.351835667,-0.015323445,-0.611935708,-0.300441358,1.358773732,GHA
2,2022,DHS 2022,45,Sekyere Central,GHA2.39_2,Ashanti,sekyere central,1638.828051,204.2803802,194.6604919,201.55336,206.4219513,409.780304,0.119814947,8.729384422,0.351835667,0.158104409,-0.521184146,-0.532272412,1.358773732,GHA
1,2014,DHS 2014,46,Sekyere East,GHA2.40_2,Ashanti,sekyere east,240.2629453,269.5086365,267.0190125,106.9075241,106.6632233,324.5365295,0.283207625,8.653124809,1.04255482,-0.09978276,-0.390565286,-1.028130176,0.042268553,GHA
2,2022,DHS 2022,46,Sekyere East,GHA2.40_2,Ashanti,sekyere east,240.2629453,269.5086365,267.0190125,106.9075241,106.6632233,527.5008545,1.124882936,8.605625153,1.04255482,0.514243255,0.09312329,-1.336984007,0.042268553,GHA
1,2014,DHS 2014,47,Sekyere Kumawu,GHA2.41_2,Ashanti,sekyere kumawu,579.3330579,329.0497437,317.3187256,142.9863739,147.1052856,327.0683899,0.058733393,8.657131195,1.673051257,-0.092123147,-0.574976091,-1.002079723,0.54411834,GHA
2,2022,DHS 2022,47,Sekyere Kumawu,GHA2.41_2,Ashanti,sekyere kumawu,579.3330579,329.0497437,317.3187256,142.9863739,147.1052856,484.0267639,0.41742751,8.609545708,1.673051257,0.382721508,-0.295160662,-1.311491644,0.54411834,GHA
1,2014,DHS 2014,48,Sekyere South,GHA2.42_2,Ashanti,sekyere south,418.7496807,321.7223206,326.3283997,98.10154724,98.31344604,343.4953613,0.123777151,8.650904655,1.595459247,-0.042426789,-0.517796845,-1.042566134,-0.080220873,GHA
2,2022,DHS 2022,48,Sekyere South,GHA2.42_2,Ashanti,sekyere south,418.7496807,321.7223206,326.3283997,98.10154724,98.31344604,480.1705322,0.798327267,8.630572319,1.595459247,0.371055288,-0.066899625,-1.17477172,-0.080220873,GHA
1,2014,DHS 2014,49,Suame,GHA2.43_2,Ashanti,suame,27.58015174,261.7540894,255.0341339,52.9568367,55.31053925,372.8718872,11.0563097,8.661874771,0.960439882,0.046445732,1.757869673,-0.971235887,-0.708175021,GHA
2,2022,DHS 2022,49,Suame,GHA2.43_2,Ashanti,suame,27.58015174,261.7540894,255.0341339,52.9568367,55.31053925,642.9567871,25.7980423,8.710625648,0.960439882,0.863530975,2.523883009,-0.654246328,-0.708175021,GHA
1,2014,DHS 2014,50,Banda,GHA3.1_2,Bono,banda,2307.833933,219.7114258,216.8257141,228.7985535,231.5352325,348.4191284,0.010134414,8.843111992,0.515239065,-0.027530964,-0.620040618,0.207210733,1.737749077,GHA
2,2022,DHS 2022,50,Banda,GHA3.1_2,Bono,banda,2307.833933,219.7114258,216.8257141,228.7985535,231.5352325,347.0274963,0.028725207,8.8008461,0.515239065,-0.031741055,-0.602550886,-0.067611941,1.737749077,GHA
1,2014,DHS 2014,51,Berekum East,GHA3.2_2,Bono,berekum east,463.645689,291.0967102,289.0761108,78.29520416,78.63298798,348.0943909,0.183388054,8.609642029,1.271156608,-0.028513389,-0.468228525,-1.310865342,-0.355723255,GHA
2,2022,DHS 2022,51,Berekum East,GHA3.2_2,Bono,berekum east,463.645689,291.0967102,289.0761108,78.29520416,78.63298798,478.0662537,0.675244331,8.668343544,1.271156608,0.364689234,-0.134892589,-0.929174419,-0.355723255,GHA
1,2014,DHS 2014,52,Berekum West,GHA3.3_2,Bono,berekum west,403.0287716,314.092926,313.2644348,76.6145401,77.15684509,346.2790222,0.029149594,8.606937408,1.514669583,-0.034005406,-0.602155334,-1.328451414,-0.379100966,GHA
2,2022,DHS 2022,52,Berekum West,GHA3.3_2,Bono,berekum west,403.0287716,314.092926,313.2644348,76.6145401,77.15684509,488.3792725,0.297560006,8.692445755,1.514669583,0.39588911,-0.379898341,-0.772456229,-0.379100966,GHA
1,2014,DHS 2014,53,Dormaa,GHA3.4_2,Bono,dormaa,1214.782326,271.3061218,270.5123291,151.9927979,152.3949738,317.034668,0.035710119,8.612019539,1.061588865,-0.122478069,-0.596061228,-1.295406218,0.669395947,GHA
2,2022,DHS 2022,53,Dormaa,GHA3.4_2,Bono,dormaa,1214.782326,271.3061218,270.5123291,151.9927979,152.3949738,501.2461548,0.226207614,8.718952179,1.061588865,0.434815165,-0.43414031,-0.600105288,0.669395947,GHA
1,2014,DHS 2014,54,Dormaa East,GHA3.5_2,Bono,dormaa east,572.3284887,282.9765015,281.7965698,79.48146057,78.90015411,320.5340271,0.023993164,8.607549667,1.185169583,-0.111891492,-0.606972498,-1.324470364,-0.339222659,GHA
2,2022,DHS 2022,54,Dormaa East,GHA3.5_2,Bono,dormaa east,572.3284887,282.9765015,281.7965698,79.48146057,78.90015411,472.6798706,0.26703164,8.718857765,1.185169583,0.348393861,-0.40273152,-0.600719188,-0.339222659,GHA
1,2014,DHS 2014,55,Dormaa West,GHA3.6_2,Bono,dormaa west,382.3830547,226.7796021,226.5282288,152.3618774,152.7579193,317.0404968,0.013572079,8.723540306,0.590085842,-0.122460435,-0.616782424,-0.570272216,0.674529772,GHA
2,2022,DHS 2022,55,Dormaa West,GHA3.6_2,Bono,dormaa west,382.3830547,226.7796021,226.5282288,152.3618774,152.7579193,511.9640198,0.106341168,8.762761116,0.590085842,0.467239819,-0.532793275,-0.315249376,0.674529772,GHA
1,2014,DHS 2014,56,Jaman North,GHA3.7_2,Bono,jaman north,1035.286875,307.3611145,307.3234253,159.1702728,156.8437042,374.5376282,0.017517446,8.628952026,1.443384661,0.051485082,-0.613056625,-1.185307241,0.769233228,GHA
2,2022,DHS 2022,56,Jaman North,GHA3.7_2,Bono,jaman north,1035.286875,307.3611145,307.3234253,159.1702728,156.8437042,448.5362549,0.142645329,8.643764496,1.443384661,0.275352413,-0.501828509,-1.088993114,0.769233228,GHA
1,2014,DHS 2014,57,Jaman South,GHA3.8_2,Bono,jaman south,758.2121653,290.4396057,290.8240662,111.1073685,111.9430618,375.0864563,0.025769984,8.604828835,1.264198356,0.053145446,-0.605309849,-1.342161852,0.100687572,GHA
2,2022,DHS 2022,57,Jaman South,GHA3.8_2,Bono,jaman south,758.2121653,290.4396057,290.8240662,111.1073685,111.9430618,504.9952087,0.207385764,8.644661903,1.264198356,0.446157142,-0.448975171,-1.083157962,0.100687572,GHA
1,2014,DHS 2014,58,Sunyani,GHA3.9_2,Bono,sunyani,508.8464827,270.6358337,270.5265503,34.44760513,36.49428177,299.9326782,0.801364362,8.570625305,1.054491008,-0.174216554,-0.065281345,-1.564561166,-0.965634834,GHA
2,2022,DHS 2022,58,Sunyani,GHA3.9_2,Bono,sunyani,508.8464827,270.6358337,270.5265503,34.44760513,36.49428177,436.3415527,2.115432978,8.685625076,1.054491008,0.238459899,0.460096078,-0.816805871,-0.965634834,GHA
1,2014,DHS 2014,59,Sunyani West,GHA3.10_2,Bono,sunyani west,1063.787583,276.1269836,272.8746033,39.91635132,41.36055756,324.8439941,0.102735952,8.617530823,1.112638238,-0.09885259,-0.535923542,-1.259570567,-0.889565638,GHA
2,2022,DHS 2022,59,Sunyani West,GHA3.10_2,Bono,sunyani west,1063.787583,276.1269836,272.8746033,39.91635132,41.36055756,423.7613525,0.430979848,8.693325043,1.112638238,0.20040114,-0.286034758,-0.766738896,-0.889565638,GHA
1,2014,DHS 2014,60,Tain,GHA3.11_2,Bono,tain,1837.471886,239.4160614,242.5476532,98.27784729,100.2813644,381.192688,0.011948103,8.740839005,0.723896632,0.07161857,-0.618320237,-0.45779205,-0.077768574,GHA
2,2022,DHS 2022,60,Tain,GHA3.11_2,Bono,tain,1837.471886,239.4160614,242.5476532,98.27784729,100.2813644,417.581665,0.068136446,8.702153206,0.723896632,0.181705791,-0.566496178,-0.709336123,-0.077768574,GHA
1,2014,DHS 2014,61,Wenchi,GHA3.12_2,Bono,wenchi,1150.045728,251.7078857,241.6435242,57.22978592,59.5442543,380.3243408,0.05106847,8.762731552,0.854057991,0.068991568,-0.581944418,-0.315441607,-0.648739128,GHA
2,2022,DHS 2022,61,Wenchi,GHA3.12_2,Bono,wenchi,1150.045728,251.7078857,241.6435242,57.22978592,59.5442543,396.2970581,0.217640519,8.717416763,0.854057991,0.117313675,-0.440864216,-0.610088918,-0.648739128,GHA
1,2014,DHS 2014,62,Atebubu-Amantin,GHA4.1_2,Bono East,atebubu amantin,2636.727986,135.4930878,134.7631989,210.4513092,211.4823303,391.4675598,0.008907651,8.823029518,-0.376571056,0.102703041,-0.621206021,0.076629811,1.482542476,GHA
2,2022,DHS 2022,62,Atebubu-Amantin,GHA4.1_2,Bono East,atebubu amantin,2636.727986,135.4930878,134.7631989,210.4513092,211.4823303,407.3078308,0.058898944,8.827285767,-0.376571056,0.15062446,-0.574826141,0.10430493,1.482542476,GHA
1,2014,DHS 2014,63,Kintampo North,GHA4.2_2,Bono East,kintampo north,4910.300733,138.0597076,135.6638336,144.3129883,149.1177826,308.290863,0.009509495,8.983935356,-0.349392443,-0.148930618,-0.620634103,1.122877045,0.562571288,GHA
2,2022,DHS 2022,63,Kintampo North,GHA4.2_2,Bono East,kintampo north,4910.300733,138.0597076,135.6638336,144.3129883,149.1177826,288.1048584,0.041330736,8.895819664,-0.349392443,-0.209999143,-0.590870831,0.549928292,0.562571288,GHA
1,2014,DHS 2014,64,Kintampo South,GHA4.3_2,Bono East,kintampo south,1520.206917,289.5480957,283.9947205,69.53859711,69.75650024,383.9118652,0.011437089,8.741054535,1.254757922,0.079844871,-0.618804649,-0.456390622,-0.477525957,GHA
2,2022,DHS 2022,64,Kintampo South,GHA4.3_2,Bono East,kintampo south,1520.206917,289.5480957,283.9947205,69.53859711,69.75650024,367.6574402,0.0952897,8.706822395,1.254757922,0.030670515,-0.542421354,-0.678975966,-0.477525957,GHA
1,2014,DHS 2014,65,Nkoranza North,GHA4.4_2,Bono East,nkoranza north,1393.037848,237.7557526,236.3994904,110.8177795,109.6524582,372.5759583,0.008758487,8.699393272,0.706315185,0.045550461,-0.62134782,-0.727281853,0.096659446,GHA
2,2022,DHS 2022,65,Nkoranza North,GHA4.4_2,Bono East,nkoranza north,1393.037848,237.7557526,236.3994904,110.8177795,109.6524582,388.2662659,0.032249305,8.691670418,0.706315185,0.093018197,-0.599271169,-0.777497653,0.096659446,GHA
1,2014,DHS 2014,66,Nkoranza South,GHA4.5_2,Bono East,nkoranza south,926.923539,248.5556641,247.0677948,97.76646423,99.29217529,388.4417725,0.064086802,8.645368576,0.820678287,0.093549155,-0.570139061,-1.078563011,-0.084881813,GHA
2,2022,DHS 2022,66,Nkoranza South,GHA4.5_2,Bono East,nkoranza south,926.923539,248.5556641,247.0677948,97.76646423,99.29217529,408.942749,0.25642395,8.609537125,0.820678287,0.155570562,-0.410794363,-1.311547453,-0.084881813,GHA
1,2014,DHS 2014,67,Pru East,GHA4.6_2,Bono East,pru east,1659.434794,107.7636642,106.007843,265.0019531,268.5031433,344.8749695,0.008694246,9.050844193,-0.670205211,-0.038253074,-0.621408895,1.557933882,2.241331328,GHA
2,2022,DHS 2022,67,Pru East,GHA4.6_2,Bono East,pru east,1659.434794,107.7636642,106.007843,265.0019531,268.5031433,337.6863708,0.090321071,8.921478271,-0.670205211,-0.060000672,-0.54678174,0.716766534,2.241331328,GHA
1,2014,DHS 2014,68,Pru West,GHA4.7_2,Bono East,pru west,1576.344311,159.1578522,158.5417633,151.6690521,156.3331604,325.3735046,0,8.881561279,-0.125978645,-0.097250667,-0.629710869,0.457216954,0.664892706,GHA
2,2022,DHS 2022,68,Pru West,GHA4.7_2,Bono East,pru west,1576.344311,159.1578522,158.5417633,151.6690521,156.3331604,304.9997559,0.035525329,8.834521294,-0.125978645,-0.158887173,-0.596232351,0.151352012,0.664892706,GHA
1,2014,DHS 2014,69,Sene East,GHA4.8_2,Bono East,sene east,4412.345428,112.7296906,110.5318222,428.076416,419.256073,410.7681885,0.001750282,8.914306641,-0.617618653,0.161093046,-0.628033769,0.67013492,4.509665406,GHA
2,2022,DHS 2022,69,Sene East,GHA4.8_2,Bono East,sene east,4412.345428,112.7296906,110.5318222,428.076416,419.256073,400.1182556,0.011621016,8.901435852,-0.617618653,0.128873907,-0.618630268,0.586446055,4.509665406,GHA
1,2014,DHS 2014,70,Sene West,GHA4.9_2,Bono East,sene west,3277.393608,122.553894,121.6274567,369.651825,372.954834,437.6838379,0.003611339,8.930728912,-0.51358758,0.242520701,-0.626253739,0.776916355,3.696990702,GHA
2,2022,DHS 2022,70,Sene West,GHA4.9_2,Bono East,sene west,3277.393608,122.553894,121.6274567,369.651825,372.954834,421.7102966,0.018303163,8.875894547,-0.51358758,0.194196101,-0.61231636,0.420370538,3.696990702,GHA
1,2014,DHS 2014,71,Techiman,GHA4.10_2,Bono East,techiman,651.9763608,359.1368103,357.9873962,26.00385094,26.85031319,378.7715454,0.275398314,8.680579185,1.991651115,0.064293911,-0.396419535,-0.849615428,-1.083085813,GHA
2,2022,DHS 2022,71,Techiman,GHA4.10_2,Bono East,techiman,651.9763608,359.1368103,357.9873962,26.00385094,26.85031319,399.906311,1.098906875,8.656374931,1.991651115,0.128232713,0.081327229,-1.006997126,-1.083085813,GHA
1,2014,DHS 2014,72,Techiman North,GHA4.11_2,Bono East,techiman north,391.1480422,401.3736877,398.1676331,31.81953239,32.73751831,397.6001282,0.088069968,8.707195282,2.438908514,0.12125584,-0.548763816,-0.67655137,-1.002190815,GHA
2,2022,DHS 2022,72,Techiman North,GHA4.11_2,Bono East,techiman north,391.1480422,401.3736877,398.1676331,31.81953239,32.73751831,407.8813171,0.492206275,8.66862011,2.438908514,0.152359422,-0.245855076,-0.927376125,-1.002190815,GHA
1,2014,DHS 2014,73,Abura-Asebu-Kwamankese,GHA5.1_2,Central,abura asebu kwamankese,378.5179519,73.03126526,78.63397217,85.42364502,87.54003906,244.9714355,0.25732246,8.705000877,-1.037995715,-0.340490272,-0.410108777,-0.6908199,-0.256568029,GHA
2,2022,DHS 2022,73,Abura-Asebu-Kwamankese,GHA5.1_2,Central,abura asebu kwamankese,378.5179519,73.03126526,78.63397217,85.42364502,87.54003906,441.5726013,0.920557678,8.691249847,-1.037995715,0.254285339,-0.003835336,-0.780232299,-0.256568029,GHA
1,2014,DHS 2014,74,Agona East,GHA5.2_2,Central,agona east,328.8989709,92.96893311,94.75321198,25.30408859,25.12709999,320.0256042,0.163040474,8.761249542,-0.826870509,-0.113429619,-0.484861765,-0.325077981,-1.092819372,GHA
2,2022,DHS 2022,74,Agona East,GHA5.2_2,Central,agona east,328.8989709,92.96893311,94.75321198,25.30408859,25.12709999,496.2698364,0.973868608,8.751250267,-0.826870509,0.419760357,0.022422591,-0.390095597,-1.092819372,GHA
1,2014,DHS 2014,75,Agona West,GHA5.3_2,Central,agona west,357.9443065,108.6133957,110.022995,33.29730606,34.08864975,331.3494873,0.285774231,8.761249542,-0.661207182,-0.079171584,-0.388649007,-0.325077981,-0.98163527,GHA
2,2022,DHS 2022,75,Agona West,GHA5.3_2,Central,agona west,357.9443065,108.6133957,110.022995,33.29730606,34.08864975,526.0050659,0.96611762,8.751249313,-0.661207182,0.50971806,0.018649272,-0.390101798,-0.98163527,GHA
1,2014,DHS 2014,76,Ajumako-Enyan-Essiam,GHA5.4_2,Central,ajumako enyan essiam,523.7007222,64.15570831,64.98775482,66.04139709,66.61385345,309.881012,0.080155291,8.736424446,-1.131981321,-0.144119956,-0.555765319,-0.486496537,-0.526171329,GHA
2,2022,DHS 2022,76,Ajumako-Enyan-Essiam,GHA5.4_2,Central,ajumako enyan essiam,523.7007222,64.15570831,64.98775482,66.04139709,66.61385345,476.6988525,0.758727789,8.727723122,-1.131981321,0.360552449,-0.088253531,-0.543074576,-0.526171329,GHA
1,2014,DHS 2014,77,Asikuma-Odoben-Brakwa,GHA5.5_2,Central,asikuma odoben brakwa,776.3136469,118.4264145,119.1175461,75.15910339,76.08921051,351.2893982,0.065297,8.731421471,-0.557294546,-0.018847564,-0.56904897,-0.519027049,-0.399345807,GHA
2,2022,DHS 2022,77,Asikuma-Odoben-Brakwa,GHA5.5_2,Central,asikuma odoben brakwa,776.3136469,118.4264145,119.1175461,75.15910339,76.08921051,569.5297852,0.265810937,8.747563362,-0.557294546,0.641392974,-0.403655925,-0.414068711,-0.399345807,GHA
1,2014,DHS 2014,78,Assin Central,GHA5.6_2,Central,assin central,280.0910658,156.0826721,156.2163849,82.71812439,83.41552734,372.5214844,0.142998666,8.70562458,-0.158542535,0.045385661,-0.501531999,-0.686764438,-0.294201295,GHA
2,2022,DHS 2022,78,Assin Central,GHA5.6_2,Central,assin central,280.0910658,156.0826721,156.2163849,82.71812439,83.41552734,618.9646606,0.930207372,8.744375229,-0.158542535,0.790947826,9.71E-04,-0.434798696,-0.294201295,GHA
1,2014,DHS 2014,79,Assin North,GHA5.7_2,Central,assin north,729.3760483,121.749115,120.5119019,88.00730133,88.41519165,377.9050293,0.020818179,8.705625534,-0.522109597,0.061672448,-0.609950666,-0.686758237,-0.220629872,GHA
2,2022,DHS 2022,79,Assin North,GHA5.7_2,Central,assin north,729.3760483,121.749115,120.5119019,88.00730133,88.41519165,590.1883545,0.411410958,8.744903564,-0.522109597,0.703891144,-0.299240104,-0.431363335,-0.220629872,GHA
1,2014,DHS 2014,80,Assin South,GHA5.8_2,Central,assin south,1106.232855,130.3641663,132.3318787,124.8127975,128.7773438,352.4112549,0.022212666,8.705366135,-0.430882554,-0.015453622,-0.608641485,-0.688444912,0.291327426,GHA
2,2022,DHS 2022,80,Assin South,GHA5.8_2,Central,assin south,1106.232855,130.3641663,132.3318787,124.8127975,128.7773438,582.5285034,0.157708466,8.72237587,-0.430882554,0.680717871,-0.489268571,-0.577843653,0.291327426,GHA
1,2014,DHS 2014,81,Awutu Senya East,GHA5.10_2,Central,awutu senya east,108.5212922,41.54428864,43.07350922,45.12851334,45.26133728,260.7632446,3.112195253,8.810491562,-1.371419588,-0.292715464,0.726311109,-0.0048949,-0.817065477,GHA
2,2022,DHS 2022,81,Awutu Senya East,GHA5.10_2,Central,awutu senya east,108.5212922,41.54428864,43.07350922,45.12851334,45.26133728,396.9367676,11.13664246,8.763192177,-1.371419588,0.119248982,1.764238595,-0.312446518,-0.817065477,GHA
1,2014,DHS 2014,82,Awutu Senya West,GHA5.9_2,Central,awutu senya west,245.6458223,96.69823456,98.73080444,37.74497604,37.32503128,312.7870483,0.300496399,8.773650169,-0.787379955,-0.135328352,-0.377730506,-0.244446215,-0.919769046,GHA
2,2022,DHS 2022,82,Awutu Senya West,GHA5.9_2,Central,awutu senya west,245.6458223,96.69823456,98.73080444,37.74497604,37.32503128,467.8001099,2.329948902,8.753891945,-0.787379955,0.333631168,0.523956508,-0.372918792,-0.919769046,GHA
1,2014,DHS 2014,83,Cape Coast,GHA5.11_2,Central,cape coast,122.9754131,36.56924438,41.1170845,76.33229065,78.68743896,-255.0509033,4.703531265,8.704999924,-1.424101639,-1.853203031,1.040035941,-0.690826101,-0.383027001,GHA
2,2022,DHS 2022,83,Cape Coast,GHA5.11_2,Central,cape coast,122.9754131,36.56924438,41.1170845,76.33229065,78.68743896,-95.31117249,7.429380894,8.691249847,-1.424101639,-1.369943964,1.414667894,-0.780232299,-0.383027001,GHA
1,2014,DHS 2014,84,Effutu,GHA5.12_2,Central,effutu,85.60422508,18.23384094,18.53906631,31.64338684,31.02169228,-98.6758728,1.397340059,8.760000229,-1.618260047,-1.38012316,0.208823199,-0.333201307,-1.004640965,GHA
2,2022,DHS 2022,84,Effutu,GHA5.12_2,Central,effutu,85.60422508,18.23384094,18.53906631,31.64338684,31.02169228,21.78505325,4.797007084,8.751250267,-1.618260047,-1.015693882,1.055626123,-0.390095597,-1.004640965,GHA
1,2014,DHS 2014,85,Ekumfi,GHA5.13_2,Central,ekumfi,278.0008856,25.92716408,26.27300644,52.89573288,52.8074913,290.0046997,0.077961996,8.756793022,-1.536793425,-0.204251572,-0.557714636,-0.354055312,-0.709024963,GHA
2,2022,DHS 2022,85,Ekumfi,GHA5.13_2,Central,ekumfi,278.0008856,25.92716408,26.27300644,52.89573288,52.8074913,407.1771851,0.84276247,8.747750282,-1.536793425,0.150229218,-0.043490894,-0.412853313,-0.709024963,GHA
1,2014,DHS 2014,86,Gomoa Central,GHA5.14_2,Central,gomoa central,122.0571031,24.60816193,25.72741318,35.21231842,34.81766891,286.0690308,0.147207096,8.760000229,-1.550760686,-0.216158113,-0.498007424,-0.333201307,-0.954997821,GHA
2,2022,DHS 2022,86,Gomoa Central,GHA5.14_2,Central,gomoa central,122.0571031,24.60816193,25.72741318,35.21231842,34.81766891,414.0823059,0.868014038,8.751250267,-1.550760686,0.171119214,-0.030438482,-0.390095597,-0.954997821,GHA
1,2014,DHS 2014,87,Gomoa East,GHA5.15_2,Central,gomoa east,542.2910954,47.79496384,50.64325333,32.05879974,31.28726578,141.8687134,0.913434684,8.778467178,-1.305229545,-0.652405943,-0.007398799,-0.213124901,-0.998862653,GHA
2,2022,DHS 2022,87,Gomoa East,GHA5.15_2,Central,gomoa east,542.2910954,47.79496384,50.64325333,32.05879974,31.28726578,273.6587524,4.096072674,8.756648064,-1.305229545,-0.253702808,0.932034882,-0.354997866,-0.998862653,GHA
1,2014,DHS 2014,88,Gomoa West,GHA5.16_2,Central,gomoa west,338.6593936,56.67272568,56.8138237,38.64786148,38.58502197,347.7229004,0.075495951,8.760145187,-1.211220591,-0.029637256,-0.559911107,-0.332258753,-0.907210085,GHA
2,2022,DHS 2022,88,Gomoa West,GHA5.16_2,Central,gomoa west,338.6593936,56.67272568,56.8138237,38.64786148,38.58502197,495.3991699,0.458477139,8.751250267,-1.211220591,0.417126338,-0.267781209,-0.390095597,-0.907210085,GHA
1,2014,DHS 2014,89,Komenda-Edina-Eguafo-Abirem-,GHA5.17_2,Central,komenda edina eguafo abirem ,454.6593911,35.30366516,38.52720642,97.14941406,100.0184174,-25.66713333,0.314001411,8.696266174,-1.43750319,-1.159250524,-0.367822846,-0.747614973,-0.093464861,GHA
2,2022,DHS 2022,89,Komenda-Edina-Eguafo-Abirem-,GHA5.17_2,Central,komenda edina eguafo abirem ,454.6593911,35.30366516,38.52720642,97.14941406,100.0184174,160.2750244,1.043568134,8.700728416,-1.43750319,-0.596721507,0.05570271,-0.718600436,-0.093464861,GHA
1,2014,DHS 2014,90,Mfantseman,GHA5.18_2,Central,mfantseman,302.1283521,45.18031693,45.73978424,68.57878876,68.90583038,-92.16390228,0.394130051,8.704999924,-1.332916729,-1.360422558,-0.311054619,-0.690826101,-0.490876705,GHA
2,2022,DHS 2022,90,Mfantseman,GHA5.18_2,Central,mfantseman,302.1283521,45.18031693,45.73978424,68.57878876,68.90583038,56.56458282,1.62758863,8.691249847,-1.332916729,-0.910475706,0.296772377,-0.780232299,-0.490876705,GHA
1,2014,DHS 2014,91,Twifo-Atti-Morkwa,GHA5.19_2,Central,twifo atti morkwa,959.9359882,111.8986435,110.3578033,145.2785034,146.1038513,403.9071045,0.026000813,8.70562458,-0.626418829,0.140336275,-0.605094065,-0.686764438,0.576001416,GHA
2,2022,DHS 2022,91,Twifo-Atti-Morkwa,GHA5.19_2,Central,twifo atti morkwa,959.9359882,111.8986435,110.3578033,145.2785034,146.1038513,605.1727295,0.133461416,8.746401787,-0.626418829,0.74922323,-0.509567744,-0.421621544,0.576001416,GHA
1,2014,DHS 2014,92,Twifo-Hemang-Lower Denkyira,GHA5.20_2,Central,twifo hemang lower denkyira,578.2730199,104.5653381,114.0860062,132.1944885,139.8015747,361.3631897,0.026840229,8.698458672,-0.704073127,0.01162858,-0.604309764,-0.733358846,0.394005313,GHA
2,2022,DHS 2022,92,Twifo-Hemang-Lower Denkyira,GHA5.20_2,Central,twifo hemang lower denkyira,578.2730199,104.5653381,114.0860062,132.1944885,139.8015747,576.4053345,0.191093117,8.703309059,-0.704073127,0.662193507,-0.462004527,-0.701820496,0.394005313,GHA
1,2014,DHS 2014,93,Upper Denkyira East,GHA5.21_2,Central,upper denkyira east,504.2637988,148.5251923,149.6408844,80.72677612,83.22935486,367.7294006,0.147504419,8.70562458,-0.238570676,0.030888216,-0.497758905,-0.686764438,-0.321900562,GHA
2,2022,DHS 2022,93,Upper Denkyira East,GHA5.21_2,Central,upper denkyira east,504.2637988,148.5251923,149.6408844,80.72677612,83.22935486,515.3547363,0.463036507,8.746874809,-0.238570676,0.477497721,-0.264787858,-0.418545842,-0.321900562,GHA
1,2014,DHS 2014,94,Upper Denkyira West,GHA5.22_2,Central,upper denkyira west,581.8114866,145.0613098,144.9062958,99.70054626,99.6614151,353.6242065,0.170799583,8.741664886,-0.275250637,-0.011784091,-0.478484964,-0.452421974,-0.057979108,GHA
2,2022,DHS 2022,94,Upper Denkyira West,GHA5.22_2,Central,upper denkyira west,581.8114866,145.0613098,144.9062958,99.70054626,99.6614151,573.9029541,0.448011011,8.799614906,-0.275250637,0.65462308,-0.274688057,-0.075617448,-0.057979108,GHA
1,2014,DHS 2014,95,Abuakwa North,GHA6.1_2,Eastern,abuakwa north,159.6560109,231.6490326,233.7484283,21.45106697,22.8534565,418.073822,0.474483043,8.660624504,0.641649522,0.183194709,-0.257313808,-0.979365414,-1.146414153,GHA
2,2022,DHS 2022,95,Abuakwa North,GHA6.1_2,Eastern,abuakwa north,159.6560109,231.6490326,233.7484283,21.45106697,22.8534565,537.6784058,2.320643425,8.650625229,0.641649522,0.545033303,0.521272776,-1.04438303,-1.146414153,GHA
1,2014,DHS 2014,96,Abuakwa South,GHA6.2_2,Eastern,abuakwa south,351.0672371,279.5751648,279.8989868,46.63054276,47.01540756,428.709198,0.103480741,8.672413826,1.149151935,0.215369809,-0.535276033,-0.902708497,-0.79617254,GHA
2,2022,DHS 2022,96,Abuakwa South,GHA6.2_2,Eastern,abuakwa south,351.0672371,279.5751648,279.8989868,46.63054276,47.01540756,587.680481,1.233587861,8.662413597,1.149151935,0.696304099,0.140971498,-0.967732315,-0.79617254,GHA
1,2014,DHS 2014,97,Achiase,GHA6.3_2,Eastern,achiase,416.4228283,169.5807495,169.7184601,38.33732605,39.12888718,376.5105591,0.036215995,8.732566833,-0.015607845,0.05745377,-0.595592922,-0.511579633,-0.911529572,GHA
2,2022,DHS 2022,97,Achiase,GHA6.3_2,Eastern,achiase,416.4228283,169.5807495,169.7184601,38.33732605,39.12888718,619.3737793,0.290749401,8.74770546,-0.015607845,0.792185529,-0.384945315,-0.41314476,-0.911529572,GHA
1,2014,DHS 2014,98,Akwapem North,GHA6.4_2,Eastern,akwapem north,307.9614934,247.1994476,248.7883301,23.33917046,24.6067791,363.0372925,0.465970725,8.812028885,0.806316955,0.016693227,-0.262866393,0.005101132,-1.120151001,GHA
2,2022,DHS 2022,98,Akwapem North,GHA6.4_2,Eastern,akwapem north,307.9614934,247.1994476,248.7883301,23.33917046,24.6067791,525.5772095,2.234808683,8.750670433,0.806316955,0.50842367,0.496157046,-0.393865812,-1.120151001,GHA
1,2014,DHS 2014,99,Akwapem South,GHA6.5_2,Eastern,akwapem south,225.2655695,227.7859955,209.0041046,32.49684906,31.89541626,371.6285095,0.700960755,8.837500572,0.600742806,0.042684153,-0.120282573,0.170723975,-0.992769472,GHA
2,2022,DHS 2022,99,Akwapem South,GHA6.5_2,Eastern,akwapem south,225.2655695,227.7859955,209.0041046,32.49684906,31.89541626,537.4119873,2.590511799,8.767499924,0.600742806,0.54422731,0.596207436,-0.284436545,-0.992769472,GHA
1,2014,DHS 2014,100,Akyemansa,GHA6.6_2,Eastern,akyemansa,614.66682,137.1477814,137.0585175,61.54941177,62.3273201,372.3038025,0.014674367,8.717866898,-0.35904907,0.04472711,-0.615740022,-0.60716204,-0.588653972,GHA
2,2022,DHS 2022,100,Akyemansa,GHA6.6_2,Eastern,akyemansa,614.66682,137.1477814,137.0585175,61.54941177,62.3273201,585.4682007,0.191314861,8.689683914,-0.35904907,0.689611309,-0.461826003,-0.790414362,-0.588653972,GHA
1,2014,DHS 2014,101,Asene-Manso-Akroso,GHA6.7_2,Eastern,asene manso akroso,420.8806224,161.35495,161.2131653,35.50747299,35.38952637,383.1132202,0.051191356,8.761231422,-0.102712999,0.077428738,-0.581832299,-0.3251958,-0.950892278,GHA
2,2022,DHS 2022,101,Asene-Manso-Akroso,GHA6.7_2,Eastern,asene manso akroso,420.8806224,161.35495,161.2131653,35.50747299,35.38952637,610.3095093,0.411481619,8.751231194,-0.102712999,0.76476348,-0.299192092,-0.390219617,-0.950892278,GHA
1,2014,DHS 2014,102,Asuogyaman,GHA6.8_2,Eastern,asuogyaman,769.3365029,132.4186096,120.5764923,93.01311493,104.6767578,343.6321106,0.332619637,8.926713943,-0.409127513,-0.042013083,-0.354329669,0.750810093,-0.150999978,GHA
2,2022,DHS 2022,102,Asuogyaman,GHA6.8_2,Eastern,asuogyaman,769.3365029,132.4186096,120.5764923,93.01311493,104.6767578,447.1403198,0.617923856,8.855821609,-0.409127513,0.271129305,-0.168281346,0.289851626,-0.150999978,GHA
1,2014,DHS 2014,103,Atiwa East,GHA6.9_2,Eastern,atiwa east,582.56368,236.3656158,238.6018372,95.74497986,96.54628754,384.9651184,0.041729789,8.684033394,0.691594662,0.083031267,-0.590503389,-0.827155361,-0.113000267,GHA
2,2022,DHS 2022,103,Atiwa East,GHA6.9_2,Eastern,atiwa east,582.56368,236.3656158,238.6018372,95.74497986,96.54628754,519.8613892,0.431055725,8.674198151,0.691594662,0.491131654,-0.285983907,-0.891106403,-0.113000267,GHA
1,2014,DHS 2014,104,Atiwa West,GHA6.10_2,Eastern,atiwa west,588.3124578,384.8652954,339.3703613,122.929306,110.6480637,419.7232666,0.028563112,8.68500042,2.264096807,0.188184758,-0.602702011,-0.820867534,0.265128425,GHA
2,2022,DHS 2022,104,Atiwa West,GHA6.10_2,Eastern,atiwa west,588.3124578,384.8652954,339.3703613,122.929306,110.6480637,562.0809937,0.425432622,8.675000191,2.264096807,0.618858217,-0.289759669,-0.885891351,0.265128425,GHA
1,2014,DHS 2014,105,Ayensuano,GHA6.11_2,Eastern,ayensuano,501.3733506,171.5912018,168.4061432,60.71944427,59.42711258,394.6194153,0.013488903,8.791331291,0.005681363,0.112238318,-0.616861127,-0.129479443,-0.600198659,GHA
2,2022,DHS 2022,105,Ayensuano,GHA6.11_2,Eastern,ayensuano,501.3733506,171.5912018,168.4061432,60.71944427,59.42711258,615.0111694,0.600499332,8.747768402,0.005681363,0.778987367,-0.178665773,-0.412735494,-0.600198659,GHA
1,2014,DHS 2014,106,Birim Central,GHA6.12_2,Eastern,birim central,106.8960863,128.9734955,129.709549,17.57447243,18.47621536,356.9599915,0.631816387,8.724899292,-0.445608733,-0.001692373,-0.160081685,-0.561435774,-1.20033683,GHA
2,2022,DHS 2022,106,Birim Central,GHA6.12_2,Eastern,birim central,106.8960863,128.9734955,129.709549,17.57447243,18.47621536,566.9616089,2.199157,8.735771179,-0.445608733,0.633623495,0.485528686,-0.490744231,-1.20033683,GHA
1,2014,DHS 2014,107,Birim North,GHA6.13_2,Eastern,birim north,569.0373742,184.8699493,183.9419556,101.9614029,102.4168549,367.3432922,0.314809322,8.70363903,0.146293512,0.029720126,-0.367233372,-0.699674946,-0.026531031,GHA
2,2022,DHS 2022,107,Birim North,GHA6.13_2,Eastern,birim north,569.0373742,184.8699493,183.9419556,101.9614029,102.4168549,566.1156616,0.703152835,8.680140495,0.146293512,0.631064259,-0.119047442,-0.852467894,-0.026531031,GHA
1,2014,DHS 2014,108,Birim South,GHA6.14_2,Eastern,birim south,313.151032,139.7782593,139.1655273,36.46815491,37.96487427,355.2756042,0.154107228,8.718076706,-0.331194248,-0.006788134,-0.492256426,-0.605797817,-0.937529379,GHA
2,2022,DHS 2022,108,Birim South,GHA6.14_2,Eastern,birim south,313.151032,139.7782593,139.1655273,36.46815491,37.96487427,581.6534424,0.718497634,8.745914459,-0.331194248,0.678070557,-0.11044565,-0.424790262,-0.937529379,GHA
1,2014,DHS 2014,109,Denkyembour,GHA6.15_2,Eastern,denkyembour,438.3568231,162.6525879,160.2314148,58.7623024,59.50153732,413.736969,0.131993398,8.694055557,-0.088971969,0.170074469,-0.510810645,-0.76198892,-0.627422122,GHA
2,2022,DHS 2022,109,Denkyembour,GHA6.15_2,Eastern,denkyembour,438.3568231,162.6525879,160.2314148,58.7623024,59.50153732,620.4876099,0.736587524,8.684056282,-0.088971969,0.795555189,-0.100403153,-0.827006537,-0.627422122,GHA
1,2014,DHS 2014,110,Fanteakwa North,GHA6.16_2,Eastern,fanteakwa north,840.5986204,407.8209839,381.5255737,112.7351227,115.2582855,368.6599426,0.037224837,8.777669907,2.507180627,0.033703376,-0.594659684,-0.218308947,0.123329316,GHA
2,2022,DHS 2022,110,Fanteakwa North,GHA6.16_2,Eastern,fanteakwa north,840.5986204,407.8209839,381.5255737,112.7351227,115.2582855,447.2433777,0.143439576,8.739279747,2.507180627,0.271441084,-0.501162127,-0.467930706,0.123329316,GHA
1,2014,DHS 2014,111,Fanteakwa South,GHA6.17_2,Eastern,fanteakwa south,263.3133236,340.3007813,346.3269348,53.88179016,55.17580032,397.4512939,0.083121911,8.663004875,1.792191452,0.120805574,-0.553134987,-0.963887687,-0.695309098,GHA
2,2022,DHS 2022,111,Fanteakwa South,GHA6.17_2,Eastern,fanteakwa south,263.3133236,340.3007813,346.3269348,53.88179016,55.17580032,498.7808838,0.794855714,8.6530056,1.792191452,0.427357005,-0.068752752,-1.028905303,-0.695309098,GHA
1,2014,DHS 2014,112,Kwaebibirem,GHA6.18_2,Eastern,kwaebibirem,807.3522835,183.1988678,181.8525696,97.58336639,97.22483063,391.0045776,0.045472812,8.686305046,0.12859799,0.101302385,-0.587063703,-0.812384549,-0.087428668,GHA
2,2022,DHS 2022,112,Kwaebibirem,GHA6.18_2,Eastern,kwaebibirem,807.3522835,183.1988678,181.8525696,97.58336639,97.22483063,575.6886597,0.289712399,8.675154686,0.12859799,0.660025357,-0.385716116,-0.884886787,-0.087428668,GHA
1,2014,DHS 2014,113,Kwahu Afram Plains North,GHA6.19_2,Eastern,kwahu afram plains north,2351.747527,108.6970825,98.84698486,264.412384,237.9638672,349.5245361,0.001647137,8.845835686,-0.660321,-0.024186785,-0.62813252,0.224920824,2.233130537,GHA
2,2022,DHS 2022,113,Kwahu Afram Plains North,GHA6.19_2,Eastern,kwahu afram plains north,2351.747527,108.6970825,98.84698486,264.412384,237.9638672,405.8830872,0.025447862,8.821743965,-0.660321,0.146314196,-0.605611059,0.068270846,2.233130537,GHA
1,2014,DHS 2014,114,Kwahu Afram Plains South,GHA6.20_2,Eastern,kwahu afram plains south,3108.950927,122.3035965,119.4582596,236.4237366,231.6636505,348.5476379,0.0011824,8.82741642,-0.516238046,-0.027142185,-0.628577586,0.105154469,1.843813891,GHA
2,2022,DHS 2022,114,Kwahu Afram Plains South,GHA6.20_2,Eastern,kwahu afram plains south,3108.950927,122.3035965,119.4582596,236.4237366,231.6636505,430.7937927,0.020424282,8.80177784,-0.516238046,0.221676314,-0.610320792,-0.061553552,1.843813891,GHA
1,2014,DHS 2014,115,Kwahu East,GHA6.21_2,Eastern,kwahu east,626.1034859,271.3997192,270.3403015,103.9225082,104.8483582,317.6599426,0.046583943,8.696249962,1.062579993,-0.120586432,-0.586044988,-0.747720391,7.48E-04,GHA
2,2022,DHS 2022,115,Kwahu East,GHA6.21_2,Eastern,kwahu east,626.1034859,271.3997192,270.3403015,103.9225082,104.8483582,438.66922,0.372135699,8.712500572,1.062579993,0.245501768,-0.32630522,-0.642055137,7.48E-04,GHA
1,2014,DHS 2014,116,Kwahu South,GHA6.22_2,Eastern,kwahu south,799.5398751,368.8117371,340.0099792,113.917038,116.1262283,358.4677429,0.072917409,8.736177444,2.094101458,0.002869013,-0.562213169,-0.4881026,0.139769528,GHA
2,2022,DHS 2022,116,Kwahu South,GHA6.22_2,Eastern,kwahu south,799.5398751,368.8117371,340.0099792,113.917038,116.1262283,451.4608765,0.45458588,8.734498978,2.094101458,0.284200243,-0.270343338,-0.499016382,0.139769528,GHA
1,2014,DHS 2014,117,Kwahu West,GHA6.23_2,Eastern,kwahu west,402.7797351,248.7604828,249.8636322,74.179039,74.19287872,384.6157532,0.244147003,8.692779541,0.822847166,0.081974336,-0.420211421,-0.770285875,-0.412978312,GHA
2,2022,DHS 2022,117,Kwahu West,GHA6.23_2,Eastern,kwahu west,402.7797351,248.7604828,249.8636322,74.179039,74.19287872,542.1990967,1.287563682,8.700931549,0.822847166,0.558709705,0.163871279,-0.71727962,-0.412978312,GHA
1,2014,DHS 2014,118,Lower Manya-Krobo,GHA6.24_2,Eastern,lower manya krobo,305.7004518,155.8283081,149.8935394,70.27986145,70.84877014,329.3410339,0.468880743,8.810066223,-0.161236062,-0.085247739,-0.260964569,-0.007660552,-0.467215114,GHA
2,2022,DHS 2022,118,Lower Manya-Krobo,GHA6.24_2,Eastern,lower manya krobo,305.7004518,155.8283081,149.8935394,70.27986145,70.84877014,436.0749817,1.32287848,8.762547493,-0.161236062,0.237653444,0.178563355,-0.316638403,-0.467215114,GHA
1,2014,DHS 2014,119,New Juaben North,GHA6.25_2,Eastern,new juaben north,105.9710897,204.9489441,208.8930817,12.96424866,14.52691555,401.1595764,0.913131058,8.660625458,0.358915266,0.132024205,-0.007550991,-0.979359213,-1.264464146,GHA
2,2022,DHS 2022,119,New Juaben North,GHA6.25_2,Eastern,new juaben north,105.9710897,204.9489441,208.8930817,12.96424866,14.52691555,559.4716187,3.616664886,8.650625229,0.358915266,0.6109641,0.837285364,-1.04438303,-1.264464146,GHA
1,2014,DHS 2014,120,New Juaben South,GHA6.26_2,Eastern,new juaben south,54.47694421,201.7653046,210.5786896,3.70159483,4.757609367,373.4353027,6.254573345,8.660625458,0.32520287,0.048150227,1.270726434,-0.979359213,-1.39330586,GHA
2,2022,DHS 2022,120,New Juaben South,GHA6.26_2,Eastern,new juaben south,54.47694421,201.7653046,210.5786896,3.70159483,4.757609367,534.8512573,13.32595921,8.650625229,0.32520287,0.536480358,1.923287395,-1.04438303,-1.39330586,GHA
1,2014,DHS 2014,121,Nsawam Adoagyiri,GHA6.27_2,Eastern,nsawam adoagyiri,175.8446184,77.70211792,78.41448975,51.37846756,50.05256271,366.4288025,0.904775202,8.837500572,-0.988534828,0.026953529,-0.01174884,0.170723975,-0.730129829,GHA
2,2022,DHS 2022,121,Nsawam Adoagyiri,GHA6.27_2,Eastern,nsawam adoagyiri,175.8446184,77.70211792,78.41448975,51.37846756,50.05256271,566.1203613,4.584675789,8.767499924,-0.988534828,0.631078477,1.019839688,-0.284436545,-0.730129829,GHA
1,2014,DHS 2014,122,Okere,GHA6.28_2,Eastern,okere,308.070562,218.415329,213.2913513,28.68201256,30.94053841,370.4916077,0.15064393,8.681302071,0.501514355,0.039244695,-0.495138643,-0.844915061,-1.045833106,GHA
2,2022,DHS 2022,122,Okere,GHA6.28_2,Eastern,okere,308.070562,218.415329,213.2913513,28.68201256,30.94053841,534.4602661,1.115252137,8.664287567,0.501514355,0.535297496,0.088766728,-0.955547325,-1.045833106,GHA
1,2014,DHS 2014,123,Suhum,GHA6.29_2,Eastern,suhum,360.6827808,182.9468689,186.858902,31.44378853,34.14976501,404.1126404,0.130236089,8.689921379,0.125929507,0.140958081,-0.512300596,-0.78887031,-1.007417339,GHA
2,2022,DHS 2022,123,Suhum,GHA6.29_2,Eastern,suhum,360.6827808,182.9468689,186.858902,31.44378853,34.14976501,598.4000854,1.294384956,8.670732498,0.125929507,0.728734015,0.16672674,-0.913640882,-1.007417339,GHA
1,2014,DHS 2014,124,Upper Manya,GHA6.30_2,Eastern,upper manya,863.0561373,259.3540955,237.9266968,77.92910767,83.97687531,360.2312927,0.013614529,8.685931206,0.935025716,0.008204263,-0.616742259,-0.814815346,-0.360815586,GHA
2,2022,DHS 2022,124,Upper Manya,GHA6.30_2,Eastern,upper manya,863.0561373,259.3540955,237.9266968,77.92910767,83.97687531,452.2684021,0.086166762,8.669734001,0.935025716,0.286643242,-0.550442774,-0.920133343,-0.360815586,GHA
1,2014,DHS 2014,125,Upper West Akim,GHA6.31_2,Eastern,upper west akim,344.1163359,108.9404373,118.8815765,52.79043198,54.45337677,368.8383179,0.052177235,8.775860786,-0.657744052,0.034243013,-0.58093328,-0.230072268,-0.710489678,GHA
2,2022,DHS 2022,125,Upper West Akim,GHA6.31_2,Eastern,upper west akim,344.1163359,108.9404373,118.8815765,52.79043198,54.45337677,586.6620483,0.720584393,8.754364014,-0.657744052,0.693223044,-0.109281818,-0.369849291,-0.710489678,GHA
1,2014,DHS 2014,126,West Akim,GHA6.32_2,Eastern,west akim,477.3142221,215.1494904,215.9337463,68.04346466,68.3955307,411.893158,0.08085034,8.753151894,0.466931532,0.164496406,-0.555148411,-0.377730778,-0.498322959,GHA
2,2022,DHS 2022,126,West Akim,GHA6.32_2,Eastern,west akim,477.3142221,215.1494904,215.9337463,68.04346466,68.3955307,648.645752,0.67312628,8.743152618,0.466931532,0.880741745,-0.136105875,-0.442748394,-0.498322959,GHA
1,2014,DHS 2014,127,Yilo-Krobo,GHA6.33_2,Eastern,yilo krobo,485.6849579,296.4372253,272.3747864,41.30921936,41.12122726,350.771698,0.191843599,8.697603226,1.327708727,-0.020413758,-0.461400455,-0.738921154,-0.870191114,GHA
2,2022,DHS 2022,127,Yilo-Krobo,GHA6.33_2,Eastern,yilo krobo,485.6849579,296.4372253,272.3747864,41.30921936,41.12122726,483.3435364,0.885323167,8.678319931,1.327708727,0.380654546,-0.021593006,-0.864305627,-0.870191114,GHA
1,2014,DHS 2014,128,Ablekuma Central,GHA7.1_2,Greater Accra,ablekuma central,14.15463751,21.89466667,22.30959129,45.47600555,45.53448105,202.8694305,26.08633423,8.837499619,-1.579494601,-0.467861061,2.534145062,0.170717774,-0.812231928,GHA
2,2022,DHS 2022,128,Ablekuma Central,GHA7.1_2,Greater Accra,ablekuma central,14.15463751,21.89466667,22.30959129,45.47600555,45.53448105,298.7024841,44.91197205,8.767499924,-1.579494601,-0.177938248,3.040219971,-0.284436545,-0.812231928,GHA
1,2014,DHS 2014,129,Ablekuma North,GHA7.2_2,Greater Accra,ablekuma north,29.61972071,31.81253433,32.48994446,44.20707703,44.34729004,228.0695038,25.42932892,8.837500572,-1.474471693,-0.391623523,2.51059618,0.170723975,-0.829882477,GHA
2,2022,DHS 2022,129,Ablekuma North,GHA7.2_2,Greater Accra,ablekuma north,29.61972071,31.81253433,32.48994446,44.20707703,44.34729004,337.7507629,46.94011307,8.767499924,-1.474471693,-0.059805867,3.08167549,-0.284436545,-0.829882477,GHA
1,2014,DHS 2014,130,Ablekuma West,GHA7.3_2,Greater Accra,ablekuma west,12.95675141,17.88065338,17.94046593,49.78162384,49.9006691,229.8025513,18.49725914,8.837499619,-1.622000043,-0.386380551,2.218859955,0.170717774,-0.752341615,GHA
2,2022,DHS 2022,130,Ablekuma West,GHA7.3_2,Greater Accra,ablekuma west,12.95675141,17.88065338,17.94046593,49.78162384,49.9006691,339.5150452,34.61643982,8.767499924,-1.622000043,-0.054468401,2.796705364,-0.284436545,-0.752341615,GHA
1,2014,DHS 2014,131,Accra,GHA7.4_2,Greater Accra,accra,5.642592462,17.92148972,17.92148972,45.79651642,45.79652023,-1102.485474,27.75644302,8.837499619,-1.621567616,-4.416938665,2.591526022,0.170717774,-0.807773684,GHA
2,2022,DHS 2022,131,Accra,GHA7.4_2,Greater Accra,accra,5.642592462,17.92148972,17.92148972,45.79651642,45.79652023,-1020.362793,45.3895607,8.767499924,-1.621567616,-4.168493711,3.05014449,-0.284436545,-0.807773684,GHA
1,2014,DHS 2014,132,Ada East,GHA7.5_2,Greater Accra,ada east,290.9753184,5.519522667,5.575595379,113.8225098,114.0492249,177.3982391,0.25402388,8.98145771,-1.752895305,-0.544918811,-0.412628085,1.106766814,0.138454659,GHA
2,2022,DHS 2022,132,Ada East,GHA7.5_2,Greater Accra,ada east,290.9753184,5.519522667,5.575595379,113.8225098,114.0492249,217.0913391,1.04687655,8.91645813,-1.752895305,-0.424835658,0.057254061,0.684124404,0.138454659,GHA
1,2014,DHS 2014,133,Ada West,GHA7.6_2,Greater Accra,ada west,325.0918334,18.42687416,18.32721329,101.7828979,101.8934326,187.5459442,0.041760549,8.929141998,-1.616215967,-0.514219057,-0.590475072,0.766597871,-0.029014,GHA
2,2022,DHS 2022,133,Ada West,GHA7.6_2,Greater Accra,ada west,325.0918334,18.42687416,18.32721329,101.7828979,101.8934326,245.5939331,0.575631857,8.864136696,-1.616215967,-0.338607036,-0.193683446,0.343918255,-0.029014,GHA
1,2014,DHS 2014,134,Adenta,GHA7.7_2,Greater Accra,adenta,78.29816417,51.45619583,50.90283966,39.49184036,39.13934326,236.0850525,12.34427738,8.837500572,-1.266459797,-0.36737416,1.855210348,0.170723975,-0.895470502,GHA
2,2022,DHS 2022,134,Adenta,GHA7.7_2,Greater Accra,adenta,78.29816417,51.45619583,50.90283966,39.49184036,39.13934326,313.0916138,35.24677277,8.767499924,-1.266459797,-0.134406953,2.813529587,-0.284436545,-0.895470502,GHA
1,2014,DHS 2014,135,Ashaiman,GHA7.8_2,Greater Accra,ashaiman,18.63045852,31.91660309,31.90244102,50.95823288,50.95834732,182.7901154,13.53495026,8.837500572,-1.473369681,-0.52860682,1.937176869,0.170723975,-0.735975212,GHA
2,2022,DHS 2022,135,Ashaiman,GHA7.8_2,Greater Accra,ashaiman,18.63045852,31.91660309,31.90244102,50.95823288,50.95834732,240.3505096,32.98612976,8.767499924,-1.473369681,-0.354469914,2.751770348,-0.284436545,-0.735975212,GHA
1,2014,DHS 2014,136,Ayawaso Central,GHA7.9_2,Greater Accra,ayawaso central,1.563559893,28.01270676,28.03064919,43.25077057,43.25001144,184.310257,31.33732033,8.837500572,-1.514709066,-0.52400795,2.704077488,0.170723975,-0.843184514,GHA
2,2022,DHS 2022,136,Ayawaso Central,GHA7.9_2,Greater Accra,ayawaso central,1.563559893,28.01270676,28.03064919,43.25077057,43.25001144,273.4919739,62.68708801,8.767499924,-1.514709066,-0.254207362,3.354067018,-0.284436545,-0.843184514,GHA
1,2014,DHS 2014,137,Ayawaso East,GHA7.10_2,Greater Accra,ayawaso east,6.221482409,46.20129395,46.26161957,40.71084976,40.70092392,144.6159821,32.02783585,8.837499619,-1.322105334,-0.644094657,2.724340491,0.170717774,-0.878514319,GHA
2,2022,DHS 2022,137,Ayawaso East,GHA7.10_2,Greater Accra,ayawaso east,6.221482409,46.20129395,46.26161957,40.71084976,40.70092392,207.2256165,58.3214798,8.767500877,-1.322105334,-0.454682334,3.285966196,-0.284430344,-0.878514319,GHA
1,2014,DHS 2014,138,Ayawaso North,GHA7.11_2,Greater Accra,ayawaso north,4.956904404,25.5844574,25.61109352,41.2126503,41.18787003,185.3083344,29.45377922,8.837500572,-1.540422437,-0.520988476,2.646524504,0.170723975,-0.871534371,GHA
2,2022,DHS 2022,138,Ayawaso North,GHA7.11_2,Greater Accra,ayawaso north,4.956904404,25.5844574,25.61109352,41.2126503,41.18787003,268.0425415,55.54104233,8.767499924,-1.540422437,-0.270693477,3.239928449,-0.284436545,-0.871534371,GHA
1,2014,DHS 2014,139,Ayawaso West,GHA7.12_2,Greater Accra,ayawaso west,32.76561269,57.4631424,59.05356979,38.29863739,38.26220703,188.8869019,22.35254288,8.837499619,-1.202850661,-0.51016227,2.391898973,0.170717774,-0.912067724,GHA
2,2022,DHS 2022,139,Ayawaso West,GHA7.12_2,Greater Accra,ayawaso west,32.76561269,57.4631424,59.05356979,38.29863739,38.26220703,255.6242065,44.77407837,8.767499924,-1.202850661,-0.308262546,3.037335262,-0.284436545,-0.912067724,GHA
1,2014,DHS 2014,140,Ga Central,GHA7.13_2,Greater Accra,ga central,49.20469167,45.65927124,45.8787117,50.02920914,52.5094986,253.2842865,10.50069523,8.837500572,-1.327844955,-0.315341484,1.712622178,0.170723975,-0.748897751,GHA
2,2022,DHS 2022,140,Ga Central,GHA7.13_2,Greater Accra,ga central,49.20469167,45.65927124,45.8787117,50.02920914,52.5094986,367.4030457,28.08314514,8.767499924,-1.327844955,0.029900898,2.602360099,-0.284436545,-0.748897751,GHA
1,2014,DHS 2014,141,Ga East,GHA7.14_2,Greater Accra,ga east,86.06428025,71.37736511,85.53900909,41.29620361,40.97510147,250.6434326,11.47893429,8.837500572,-1.055509298,-0.323330833,1.79091179,0.170723975,-0.87037216,GHA
2,2022,DHS 2022,141,Ga East,GHA7.14_2,Greater Accra,ga east,86.06428025,71.37736511,85.53900909,41.29620361,40.97510147,348.7455139,33.16423035,8.767499924,-1.055509298,-0.026543553,2.756782898,-0.284436545,-0.87037216,GHA
1,2014,DHS 2014,142,Ga North,GHA7.15_2,Greater Accra,ga north,125.3421948,96.98589325,109.5006027,47.83225632,48.53804016,320.4543457,5.853236675,8.837500572,-0.784333862,-0.112132551,1.21614726,0.170723975,-0.779456938,GHA
2,2022,DHS 2022,142,Ga North,GHA7.15_2,Greater Accra,ga north,125.3421948,96.98589325,109.5006027,47.83225632,48.53804016,442.107666,18.64969063,8.767499924,-0.784333862,0.255904065,2.22632856,-0.284436545,-0.779456938,GHA
1,2014,DHS 2014,143,Ga South,GHA7.16_2,Greater Accra,ga south,179.0331582,55.04086685,56.79452515,57.29428864,56.7096405,307.7324829,0.289140075,8.833075523,-1.228500773,-0.15061988,-0.386141789,0.141951277,-0.647841908,GHA
2,2022,DHS 2022,143,Ga South,GHA7.16_2,Greater Accra,ga south,179.0331582,55.04086685,56.79452515,57.29428864,56.7096405,444.8239746,3.179076195,8.76655674,-1.228500773,0.264121688,0.741783277,-0.290569346,-0.647841908,GHA
1,2014,DHS 2014,144,Ga West,GHA7.17_2,Greater Accra,ga west,175.6960705,44.08665085,43.83241653,59.513134,60.4678154,313.4291687,2.898465157,8.837499619,-1.344497846,-0.133385752,0.675123957,0.170717774,-0.6169782,GHA
2,2022,DHS 2022,144,Ga West,GHA7.17_2,Greater Accra,ga west,175.6960705,44.08665085,43.83241653,59.513134,60.4678154,456.5719299,12.69746494,8.767499924,-1.344497846,0.299662664,1.880263129,-0.284436545,-0.6169782,GHA
1,2014,DHS 2014,145,Korle-Klottey,GHA7.18_2,Greater Accra,korle klottey,9.915642296,27.47678185,27.46343613,43.96075821,43.9580307,-4351.369629,37.00205994,8.837500572,-1.520384116,-14.24575657,2.858881958,0.170723975,-0.833308724,GHA
2,2022,DHS 2022,145,Korle-Klottey,GHA7.18_2,Greater Accra,korle klottey,9.915642296,27.47678185,27.46343613,43.96075821,43.9580307,-4287.660645,59.02502823,8.767499924,-1.520384116,-14.05301839,3.29727326,-0.284436545,-0.833308724,GHA
1,2014,DHS 2014,146,Kpone-Katamanso,GHA7.19_2,Greater Accra,kpone katamanso,240.979735,51.52326584,54.45162582,50.72712708,50.07268524,246.983902,4.975656986,8.856599808,-1.265749575,-0.334401976,1.084734761,0.294911653,-0.739189848,GHA
2,2022,DHS 2022,146,Kpone-Katamanso,GHA7.19_2,Greater Accra,kpone katamanso,240.979735,51.52326584,54.45162582,50.72712708,50.07268524,329.5773621,17.70057678,8.78764534,-1.265749575,-0.084532778,2.178849826,-0.153446356,-0.739189848,GHA
1,2014,DHS 2014,147,Krowor,GHA7.20_2,Greater Accra,krowor,18.42380475,25.23773766,27.00244904,48.92240906,48.3521843,205.0108337,20.47873306,8.837500572,-1.544093943,-0.461382695,2.311683524,0.170723975,-0.764293125,GHA
2,2022,DHS 2022,147,Krowor,GHA7.20_2,Greater Accra,krowor,18.42380475,25.23773766,27.00244904,48.92240906,48.3521843,297.1593933,39.10476303,8.767499924,-1.544093943,-0.182606546,2.91053007,-0.284436545,-0.764293125,GHA
1,2014,DHS 2014,148,La-Dade-Kotopon,GHA7.21_2,Greater Accra,la dade kotopon,36.20041491,34.46162033,34.67494202,42.7572937,42.76075745,155.4064178,20.6605072,8.837499619,-1.446419825,-0.611450456,2.319765595,0.170717774,-0.850048681,GHA
2,2022,DHS 2022,148,La-Dade-Kotopon,GHA7.21_2,Greater Accra,la dade kotopon,36.20041491,34.46162033,34.67494202,42.7572937,42.76075745,224.545929,41.0894165,8.767499924,-1.446419825,-0.40228336,2.956852204,-0.284436545,-0.850048681,GHA
1,2014,DHS 2014,149,La-Nkwantanang-Madina,GHA7.22_2,Greater Accra,la nkwantanang madina,71.21508564,79.37703705,82.16322327,34.56948471,34.58818436,302.187561,8.785007477,8.837499619,-0.970798669,-0.167394879,1.557685605,0.170717774,-0.963939513,GHA
2,2022,DHS 2022,149,La-Nkwantanang-Madina,GHA7.22_2,Greater Accra,la nkwantanang madina,71.21508564,79.37703705,82.16322327,34.56948471,34.58818436,408.4161377,28.53204727,8.767499924,-0.970798669,0.15397741,2.617049716,-0.284436545,-0.963939513,GHA
1,2014,DHS 2014,150,Ledzokuku,GHA7.23_2,Greater Accra,ledzokuku,29.37107432,27.77166367,29.95822334,46.88061523,46.44894028,208.1621094,16.4085865,8.837500572,-1.517261534,-0.451849171,2.11019236,0.170723975,-0.79269408,GHA
2,2022,DHS 2022,150,Ledzokuku,GHA7.23_2,Greater Accra,ledzokuku,29.37107432,27.77166367,29.95822334,46.88061523,46.44894028,306.0032959,37.43769836,8.767499924,-1.517261534,-0.155851173,2.869813265,-0.284436545,-0.79269408,GHA
1,2014,DHS 2014,151,Ningo-Prampram,GHA7.24_2,Greater Accra,ningo prampram,624.9538486,27.48408127,23.92408371,71.21430206,80.86754608,194.6420746,0.875256419,8.9211483,-1.52030682,-0.492751202,-0.02672748,0.714620984,-0.454217227,GHA
2,2022,DHS 2022,151,Ningo-Prampram,GHA7.24_2,Greater Accra,ningo prampram,624.9538486,27.48408127,23.92408371,71.21430206,80.86754608,264.7835388,4.031857967,8.855731964,-1.52030682,-0.280552907,0.919873578,0.289268731,-0.454217227,GHA
1,2014,DHS 2014,152,Okaikwei North,GHA7.25_2,Greater Accra,okaikwei north,22.53077857,51.97837067,53.52511597,41.13481903,41.21805954,185.4108276,18.83626175,8.837499619,-1.26093035,-0.520678404,2.235391425,0.170717774,-0.872616989,GHA
2,2022,DHS 2022,152,Okaikwei North,GHA7.25_2,Greater Accra,okaikwei north,22.53077857,51.97837067,53.52511597,41.13481903,41.21805954,262.0707703,36.17765427,8.767500877,-1.26093035,-0.288759819,2.837848134,-0.284430344,-0.872616989,GHA
1,2014,DHS 2014,153,Shai Osudoku,GHA7.26_2,Greater Accra,shai osudoku,972.8004841,42.7353096,39.60144806,78.82581329,85.38015747,255.8044434,0.096196666,8.925339699,-1.358807554,-0.307717277,-0.541627551,0.741874434,-0.348342585,GHA
2,2022,DHS 2022,153,Shai Osudoku,GHA7.26_2,Greater Accra,shai osudoku,972.8004841,42.7353096,39.60144806,78.82581329,85.38015747,364.5198975,0.838882804,8.853582382,-1.358807554,0.021178537,-0.045512112,0.275291649,-0.348342585,GHA
1,2014,DHS 2014,154,Tema,GHA7.27_2,Greater Accra,tema,42.83202311,16.99384308,17.41116714,53.52804947,53.3795929,180.3877716,22.09141922,8.862587929,-1.63139071,-0.535874607,2.381114919,0.33384781,-0.700229562,GHA
2,2022,DHS 2022,154,Tema,GHA7.27_2,Greater Accra,tema,42.83202311,16.99384308,17.41116714,53.52804947,53.3795929,242.6602325,36.27601624,8.793962479,-1.63139071,-0.347482332,2.840382107,-0.112370849,-0.700229562,GHA
1,2014,DHS 2014,155,Tema West,GHA7.28_2,Greater Accra,tema west,45.37900452,23.68500328,23.44050217,47.77531815,47.51419067,185.1143036,16.9093914,8.837500572,-1.560536256,-0.521575476,2.137391951,0.170723975,-0.780248937,GHA
2,2022,DHS 2022,155,Tema West,GHA7.28_2,Greater Accra,tema west,45.37900452,23.68500328,23.44050217,47.77531815,47.51419067,259.3172607,36.90791702,8.767499924,-1.560536256,-0.297089985,2.856503204,-0.284436545,-0.780248937,GHA
1,2014,DHS 2014,156,Weija Gbawe,GHA7.29_2,Greater Accra,weija gbawe,164.4214625,23.66759491,32.29573441,50.43066406,49.65352249,281.7268982,7.113815784,8.837973595,-1.560720597,-0.229294325,1.37807618,0.173799677,-0.743313591,GHA
2,2022,DHS 2022,156,Weija Gbawe,GHA7.29_2,Greater Accra,weija gbawe,164.4214625,23.66759491,32.29573441,50.43066406,49.65352249,410.9850769,20.35911179,8.76824379,-1.560720597,0.161749197,2.3063275,-0.279599755,-0.743313591,GHA
1,2014,DHS 2014,157,Bunkpurugu Nakpanduri,GHA8.1_2,North East,bunkpurugu nakpanduri,772.4984481,281.3302307,280.6486511,92.40159607,92.39740753,351.4050598,0.032472365,9.085379601,1.167736789,-0.018497654,-0.599063955,1.782491148,-0.159506086,GHA
2,2022,DHS 2022,157,Bunkpurugu Nakpanduri,GHA8.1_2,North East,bunkpurugu nakpanduri,772.4984481,281.3302307,280.6486511,92.40159607,92.39740753,254.7864532,0.114865884,8.978365898,1.167736789,-0.310796993,-0.525431992,1.086663132,-0.159506086,GHA
1,2014,DHS 2014,158,Chereponi,GHA8.2_2,North East,chereponi,1380.390593,155.2337341,156.7777405,139.8685303,139.6160583,401.031189,0.015452561,9.105578423,-0.167532162,0.131635796,-0.615004789,1.913828593,0.500749741,GHA
2,2022,DHS 2022,158,Chereponi,GHA8.2_2,North East,chereponi,1380.390593,155.2337341,156.7777405,139.8685303,139.6160583,293.7362366,0.070049502,8.943445206,-0.167532162,-0.192962589,-0.564780078,0.859600656,0.500749741,GHA
1,2014,DHS 2014,159,East Mamprusi,GHA8.3_2,North East,east mamprusi,1714.307538,256.6411133,256.491272,101.6734695,103.0672684,332.0293274,0.019540455,9.105817795,0.906297234,-0.077114871,-0.6111518,1.915385047,-0.030536128,GHA
2,2022,DHS 2022,159,East Mamprusi,GHA8.3_2,North East,east mamprusi,1714.307538,256.6411133,256.491272,101.6734695,103.0672684,250.8404999,0.110195041,8.99921608,0.906297234,-0.322734648,-0.52945837,1.222235868,-0.030536128,GHA
1,2014,DHS 2014,160,Mamprugu Moagduri,GHA8.4_2,North East,mamprugu moagduri,2130.896998,156.0172424,156.6135406,181.9618378,183.8512726,260.6950378,6.00E-05,9.166522026,-0.159235387,-0.292921809,-0.629653322,2.310098097,1.086259466,GHA
2,2022,DHS 2022,160,Mamprugu Moagduri,GHA8.4_2,North East,mamprugu moagduri,2130.896998,156.0172424,156.6135406,181.9618378,183.8512726,254.0791779,0.032791294,9.138049126,-0.159235387,-0.312936707,-0.598767759,2.124960667,1.086259466,GHA
1,2014,DHS 2014,161,West Mamprusi,GHA8.5_2,North East,west mamprusi,2622.286095,152.7749634,150.9047089,79.98412323,81.57659912,282.0696716,0.009550679,9.147199631,-0.193568732,-0.228257336,-0.620594978,2.184459382,-0.332230719,GHA
2,2022,DHS 2022,161,West Mamprusi,GHA8.5_2,North East,west mamprusi,2622.286095,152.7749634,150.9047089,79.98412323,81.57659912,254.8060455,0.091075294,9.119969368,-0.193568732,-0.310737721,-0.54611857,2.007401872,-0.332230719,GHA
1,2014,DHS 2014,162,Yunyoo-Nasuan,GHA8.6_2,North East,yunyoo nasuan,489.9967514,212.0223541,215.1469574,79.71168518,79.8953476,343.0628052,0,9.102865219,0.433817464,-0.043735397,-0.629710869,1.896186712,-0.33602028,GHA
2,2022,DHS 2022,162,Yunyoo-Nasuan,GHA8.6_2,North East,yunyoo nasuan,489.9967514,212.0223541,215.1469574,79.71168518,79.8953476,243.4154663,0.026515638,8.946778297,0.433817464,-0.34519753,-0.604612966,0.881273195,-0.33602028,GHA
1,2014,DHS 2014,163,Gushegu,GHA9.1_2,Northern,gushegu,2685.786996,186.4481964,186.0630035,65.16977692,68.0072403,421.9803772,0.0078967,9.053387642,0.163005985,0.195013173,-0.622167471,1.574471982,-0.538295397,GHA
2,2022,DHS 2022,163,Gushegu,GHA9.1_2,Northern,gushegu,2685.786996,186.4481964,186.0630035,65.16977692,68.0072403,294.1844482,0.026719963,8.956149101,0.163005985,-0.191606619,-0.604422094,0.942204344,-0.538295397,GHA
1,2014,DHS 2014,164,Karaga,GHA9.2_2,Northern,karaga,3133.318221,150.5844879,151.7246704,90.61193085,91.18805695,374.7977905,0.005188181,9.116841316,-0.216764253,0.052272148,-0.62474813,1.987062551,-0.184399981,GHA
2,2022,DHS 2022,164,Karaga,GHA9.2_2,Northern,karaga,3133.318221,150.5844879,151.7246704,90.61193085,91.18805695,266.6869202,0.031375967,8.988143921,-0.216764253,-0.274794625,-0.600082901,1.150242113,-0.184399981,GHA
1,2014,DHS 2014,165,Kpandai,GHA9.3_2,Northern,kpandai,1137.866928,145.6147156,144.3945618,153.3430328,155.0555573,450.1241455,0.015416483,9.032507896,-0.269390478,0.280156244,-0.615038863,1.438707014,0.688177453,GHA
2,2022,DHS 2022,165,Kpandai,GHA9.3_2,Northern,kpandai,1137.866928,145.6147156,144.3945618,153.3430328,155.0555573,434.268158,0.044126809,8.880706787,-0.269390478,0.232187277,-0.588299205,0.451660847,0.688177453,GHA
1,2014,DHS 2014,166,Kumbungu,GHA9.4_2,Northern,kumbungu,1548.145918,132.7911224,128.8699951,115.0788498,132.9857635,306.4141846,0.016605131,9.143409729,-0.405182877,-0.154608115,-0.613916882,2.159816558,0.155930105,GHA
2,2022,DHS 2022,166,Kumbungu,GHA9.4_2,Northern,kumbungu,1548.145918,132.7911224,128.8699951,115.0788498,132.9857635,234.0112762,0.132489711,9.086920738,-0.405182877,-0.373647936,-0.51039026,1.792511984,0.155930105,GHA
1,2014,DHS 2014,167,Mion,GHA9.5_2,Northern,mion,2726.18995,182.574234,182.8635254,63.05908585,63.94546509,458.8530579,0.001634168,9.028627396,0.121983579,0.306563738,-0.628144938,1.413475094,-0.567654699,GHA
2,2022,DHS 2022,167,Mion,GHA9.5_2,Northern,mion,2726.18995,182.574234,182.8635254,63.05908585,63.94546509,357.6338806,0.022676706,8.913284302,0.121983579,3.46E-04,-0.608206227,0.663487435,-0.567654699,GHA
1,2014,DHS 2014,168,Nanton,GHA9.6_2,Northern,nanton,478.702756,150.9781036,153.924469,46.8656044,47.51801682,417.0686035,0.007327467,9.151174545,-0.212596152,0.180153631,-0.622709256,2.210305202,-0.792902878,GHA
2,2022,DHS 2022,168,Nanton,GHA9.6_2,Northern,nanton,478.702756,150.9781036,153.924469,46.8656044,47.51801682,296.3796692,0.234246314,8.991715431,-0.212596152,-0.184965438,-0.427873701,1.173464905,-0.792902878,GHA
1,2014,DHS 2014,169,Nanumba North,GHA9.7_2,Northern,nanumba north,2270.68028,156.7751617,156.4815979,96.41844177,96.98287964,467.004425,0.009652815,9.009888649,-0.15120958,0.331223991,-0.620497959,1.291631399,-0.103632543,GHA
2,2022,DHS 2022,169,Nanumba North,GHA9.7_2,Northern,nanumba north,2270.68028,156.7751617,156.4815979,96.41844177,96.98287964,442.2412415,0.044228047,8.872611046,-0.15120958,0.25630817,-0.588206222,0.399020452,-0.103632543,GHA
1,2014,DHS 2014,170,Nanumba South,GHA9.8_2,Northern,nanumba south,1796.930901,147.3318481,148.7931824,97.15857697,97.19632721,479.7504272,0.009045506,8.969453812,-0.25120731,0.369784348,-0.62107499,1.02871467,-0.093337406,GHA
2,2022,DHS 2022,170,Nanumba South,GHA9.8_2,Northern,nanumba south,1796.930901,147.3318481,148.7931824,97.15857697,97.19632721,445.4585876,0.047292341,8.879658699,-0.25120731,0.266041576,-0.585396075,0.444845934,-0.093337406,GHA
1,2014,DHS 2014,171,Saboba,GHA9.9_2,Northern,saboba,1758.474083,135.5964966,136.5116119,88.85540009,88.59951019,471.7917786,0.007323491,9.04966259,-0.375476033,0.345707125,-0.622713041,1.550250827,-0.208832983,GHA
2,2022,DHS 2022,171,Saboba,GHA9.9_2,Northern,saboba,1758.474083,135.5964966,136.5116119,88.85540009,88.59951019,361.9313049,0.037110113,8.950047493,-0.375476033,0.013347293,-0.594765765,0.902530266,-0.208832983,GHA
1,2014,DHS 2014,172,Sagnerigu,GHA9.10_2,Northern,sagnerigu,201.3444412,167.5527191,167.7723389,20.88330269,21.50415802,384.4916077,1.561947584,9.132458687,-0.037083192,0.08159876,0.272510152,2.088610332,-1.154311644,GHA
2,2022,DHS 2022,172,Sagnerigu,GHA9.10_2,Northern,sagnerigu,201.3444412,167.5527191,167.7723389,20.88330269,21.50415802,296.807312,6.945913315,8.974337578,-0.037083192,-0.183671694,1.358022448,1.060470055,-1.154311644,GHA
1,2014,DHS 2014,173,Savelugu,GHA9.11_2,Northern,savelugu,1553.198092,131.3727722,130.9646606,46.93267822,54.15247345,348.4898376,0.026374236,9.154575348,-0.420202161,-0.027317048,-0.604745081,2.232418013,-0.791969894,GHA
2,2022,DHS 2022,173,Savelugu,GHA9.11_2,Northern,savelugu,1553.198092,131.3727722,130.9646606,46.93267822,54.15247345,252.7480774,0.165200904,9.027982712,-0.420202161,-0.316963672,-0.483081958,1.40928321,-0.791969894,GHA
1,2014,DHS 2014,174,Tamale,GHA9.12_2,Northern,tamale,649.8820135,139.7348022,138.3261108,39.79901886,41.95641708,396.1921997,0.726868272,9.123750687,-0.331654426,0.116996448,-0.105785664,2.031988886,-0.891197709,GHA
2,2022,DHS 2022,174,Tamale,GHA9.12_2,Northern,tamale,649.8820135,139.7348022,138.3261108,39.79901886,41.95641708,314.2035828,2.469977379,8.96625042,-0.331654426,-0.131042924,0.563459871,1.007885469,-0.891197709,GHA
1,2014,DHS 2014,175,Tatale Sanguli,GHA9.13_2,Northern,tatale sanguli,1094.834796,157.8683319,158.8068695,138.5786285,139.8634796,505.4035645,0.006202914,8.984712601,-0.139633714,0.447392537,-0.623780485,1.12793087,0.482807459,GHA
2,2022,DHS 2022,175,Tatale Sanguli,GHA9.13_2,Northern,tatale sanguli,1094.834796,157.8683319,158.8068695,138.5786285,139.8634796,462.2536621,0.055769067,8.862797737,-0.139633714,0.316851553,-0.577665014,0.335212033,0.482807459,GHA
1,2014,DHS 2014,176,Tolon,GHA9.14_2,Northern,tolon,1359.889,132.2983093,130.212677,110.0237885,116.6166382,299.0167542,0.017380409,9.124201775,-0.410401405,-0.17698749,-0.613185793,2.034921965,0.085615184,GHA
2,2022,DHS 2022,176,Tolon,GHA9.14_2,Northern,tolon,1359.889,132.2983093,130.212677,110.0237885,116.6166382,246.8171692,0.169749781,9.084206581,-0.410401405,-0.334906391,-0.479345264,1.774863902,0.085615184,GHA
1,2014,DHS 2014,177,Yendi,GHA9.15_2,Northern,yendi,1452.586231,159.5007629,159.2651825,39.86201859,39.9446106,478.3372192,0.045050509,9.029468536,-0.122347472,0.365508983,-0.587451165,1.418944387,-0.890321395,GHA
2,2022,DHS 2022,177,Yendi,GHA9.15_2,Northern,yendi,1452.586231,159.5007629,159.2651825,39.86201859,39.9446106,376.8126221,0.185719982,8.918087959,-0.122347472,0.058367599,-0.466340574,0.694721935,-0.890321395,GHA
1,2014,DHS 2014,178,Zabzugu,GHA9.16_2,Northern,zabzugu,1104.670667,143.8877563,143.3247833,117.7863007,117.5629654,507.0096741,0.017121108,9.008201599,-0.287677704,0.452251485,-0.613430252,1.280661808,0.19359022,GHA
2,2022,DHS 2022,178,Zabzugu,GHA9.16_2,Northern,zabzugu,1104.670667,143.8877563,143.3247833,117.7863007,117.5629654,461.7541809,0.050615847,8.892802238,-0.287677704,0.315340478,-0.582357493,0.530308289,0.19359022,GHA
1,2014,DHS 2014,179,Biakoye,GHA10.1_2,Oti,biakoye,1110.586261,226.1035156,179.1686554,82.18580627,96.62301636,432.5984192,0.013954081,8.847505569,0.582926585,0.227135833,-0.616421048,0.235778797,-0.301605736,GHA
2,2022,DHS 2022,179,Biakoye,GHA10.1_2,Oti,biakoye,1110.586261,226.1035156,179.1686554,82.18580627,96.62301636,414.7448425,0.141545504,8.840358734,0.582926585,0.173123579,-0.502752041,0.18930841,-0.301605736,GHA
1,2014,DHS 2014,180,Jasikan,GHA10.2_2,Oti,jasikan,558.0792474,270.337616,266.4753723,53.08599091,54.55869675,468.4069519,0.029606221,8.64228344,1.051333102,0.335467041,-0.601729915,-1.098623287,-0.706378511,GHA
2,2022,DHS 2022,180,Jasikan,GHA10.2_2,Oti,jasikan,558.0792474,270.337616,266.4753723,53.08599091,54.55869675,459.3606567,0.267515868,8.633745193,1.051333102,0.308099372,-0.402365074,-1.154140952,-0.706378511,GHA
1,2014,DHS 2014,181,Kadjebi,GHA10.3_2,Oti,kadjebi,692.6952432,244.9345245,247.0170135,66.18572998,66.93171692,462.7164917,0.019172188,8.61225605,0.782333089,0.318251747,-0.611498271,-1.293868367,-0.524163687,GHA
2,2022,DHS 2022,181,Kadjebi,GHA10.3_2,Oti,kadjebi,692.6952432,244.9345245,247.0170135,66.18572998,66.93171692,434.994812,0.166011319,8.594429016,0.782333089,0.234385617,-0.482415173,-1.409783894,-0.524163687,GHA
1,2014,DHS 2014,182,Krachi East,GHA10.4_2,Oti,krachi east,2771.228593,135.0572357,122.7926788,175.7055511,192.7661896,451.0186768,0.002984851,8.920938492,-0.381186408,0.28286246,-0.626852581,0.713256761,0.999235735,GHA
2,2022,DHS 2022,182,Krachi East,GHA10.4_2,Oti,krachi east,2771.228593,135.0572357,122.7926788,175.7055511,192.7661896,415.8613586,0.056799512,8.881595612,-0.381186408,0.176501365,-0.576729448,0.457440191,0.999235735,GHA
1,2014,DHS 2014,183,Krachi Nchumuru,GHA10.5_2,Oti,krachi nchumuru,1200.228478,123.6026382,120.2853851,196.9859161,201.7558594,414.5487061,0.002434892,9.04876709,-0.502482152,0.17253021,-0.627378581,1.544428076,1.295241476,GHA
2,2022,DHS 2022,183,Krachi Nchumuru,GHA10.5_2,Oti,krachi nchumuru,1200.228478,123.6026382,120.2853851,196.9859161,201.7558594,438.2006531,0.041560695,8.893115044,-0.502482152,0.244084217,-0.590659072,0.532342221,1.295241476,GHA
1,2014,DHS 2014,184,Krachi West,GHA10.6_2,Oti,krachi west,932.4779631,112.3031387,103.9860001,247.2440491,258.8374634,446.553833,0.005130134,8.96601963,-0.622135523,0.269355012,-0.624803513,1.006384824,1.994322335,GHA
2,2022,DHS 2022,184,Krachi West,GHA10.6_2,Oti,krachi west,932.4779631,112.3031387,103.9860001,247.2440491,258.8374634,409.7337341,0.088562384,8.917443275,-0.622135523,0.157963522,-0.548329898,0.69053005,1.994322335,GHA
1,2014,DHS 2014,185,Nkwanta North,GHA10.7_2,Oti,nkwanta north,1103.565636,133.0945892,133.2969818,107.1039124,108.7186584,480.6306152,0.004549095,8.960134506,-0.401969388,0.372447172,-0.62535806,0.968118375,0.045000275,GHA
2,2022,DHS 2022,185,Nkwanta North,GHA10.7_2,Oti,nkwanta north,1103.565636,133.0945892,133.2969818,107.1039124,108.7186584,432.0126953,0.069968365,8.883323669,-0.401969388,0.225363848,-0.564852799,0.468676425,0.045000275,GHA
1,2014,DHS 2014,186,Nkwanta South,GHA10.8_2,Oti,nkwanta south,2744.120737,269.2990723,274.2920837,138.3698883,138.9358368,465.9344482,0.002292954,8.805866241,1.04033569,0.327987,-0.627514383,-0.034969811,0.479903923,GHA
2,2022,DHS 2022,186,Nkwanta South,GHA10.8_2,Oti,nkwanta south,2744.120737,269.2990723,274.2920837,138.3698883,138.9358368,423.7050171,0.053422403,8.704641342,1.04033569,0.200230709,-0.579799021,-0.693157681,0.479903923,GHA
1,2014,DHS 2014,187,Bole,GHA11.1_2,Savannah,bole,6195.048312,212.5310059,207.9436646,191.7266083,192.7774811,334.8320313,0.008264321,8.860998154,0.439203711,-0.068635878,-0.621817738,0.323510722,1.222085526,GHA
2,2022,DHS 2022,187,Bole,GHA11.1_2,Savannah,bole,6195.048312,212.5310059,207.9436646,191.7266083,192.7774811,332.3723145,0.032630872,8.834507942,0.439203711,-0.076077235,-0.598916735,0.151265198,1.222085526,GHA
1,2014,DHS 2014,188,Central Gonja,GHA11.2_2,Savannah,central gonja,7589.712891,133.1172028,132.7281952,158.8798981,165.1318359,332.3222046,0.006291301,9.027319908,-0.401729927,-0.076228832,-0.623696246,1.404973506,0.765194172,GHA
2,2022,DHS 2022,188,Central Gonja,GHA11.2_2,Savannah,central gonja,7589.712891,133.1172028,132.7281952,158.8798981,165.1318359,305.7502747,0.021927025,8.963890076,-0.401729927,-0.156616636,-0.608909506,0.992537963,0.765194172,GHA
1,2014,DHS 2014,189,East Gonja,GHA11.3_2,Savannah,east gonja,2263.892114,119.3515472,118.7409439,282.7341919,285.5627136,285.8693848,0,9.038853645,-0.547498072,-0.2167621,-0.629710869,1.479968551,2.487983322,GHA
2,2022,DHS 2022,189,East Gonja,GHA11.3_2,Savannah,east gonja,2263.892114,119.3515472,118.7409439,282.7341919,285.5627136,269.8075867,0.002657134,8.898446083,-0.547498072,-0.265353703,-0.627165987,0.567005881,2.487983322,GHA
1,2014,DHS 2014,190,North East Gonja,GHA11.4_2,Savannah,north east gonja,6114.859091,126.4223785,126.8919907,158.5305786,165.4542389,396.8098755,0.003985549,9.029452324,-0.472623181,0.118865097,-0.625896219,1.41883897,0.760335206,GHA
2,2022,DHS 2022,190,North East Gonja,GHA11.4_2,Savannah,north east gonja,6114.859091,126.4223785,126.8919907,158.5305786,165.4542389,395.8729858,0.021775384,8.917862892,-0.472623181,0.116030733,-0.609051825,0.693258496,0.760335206,GHA
1,2014,DHS 2014,191,North Gonja,GHA11.5_2,Savannah,north gonja,4867.349245,227.7716827,233.1509247,243.2839508,243.0029602,282.0757446,9.31E-04,9.065580368,0.600591245,-0.228238963,-0.628818302,1.653751927,1.939238138,GHA
2,2022,DHS 2022,191,North Gonja,GHA11.5_2,Savannah,north gonja,4867.349245,227.7716827,233.1509247,243.2839508,243.0029602,252.1133423,0.00935984,9.027236938,0.600591245,-0.31888393,-0.620776284,1.404434018,1.939238138,GHA
1,2014,DHS 2014,192,Sawla-Tuna-Kalba,GHA11.6_2,Savannah,sawla tuna kalba,4244.089362,274.0502014,274.148407,257.3601685,253.7823944,324.8593445,0.005681084,8.949284554,1.090646645,-0.098806151,-0.624277978,0.897569456,2.135035589,GHA
2,2022,DHS 2022,192,Sawla-Tuna-Kalba,GHA11.6_2,Savannah,sawla tuna kalba,4244.089362,274.0502014,274.148407,257.3601685,253.7823944,279.6333923,0.026722336,8.931330681,1.090646645,-0.235627788,-0.604419877,0.780829194,2.135035589,GHA
1,2014,DHS 2014,193,West Gonja,GHA11.7_2,Savannah,west gonja,4736.721297,198.3878326,196.8387299,216.6068268,209.6350708,319.9506226,0.006091911,8.970068932,0.289437932,-0.11365646,-0.623886289,1.032714323,1.568164528,GHA
2,2022,DHS 2022,193,West Gonja,GHA11.7_2,Savannah,west gonja,4736.721297,198.3878326,196.8387299,216.6068268,209.6350708,281.1338501,0.0305654,8.940008163,0.289437932,-0.231088467,-0.600836904,0.837252207,1.568164528,GHA
1,2014,DHS 2014,194,Bawku,GHA12.1_2,Upper East,bawku,248.3019178,NA,217.2172241,NA,26.28795433,252.2277985,0.223547652,9.14155674,NA,-0.318537667,-0.436222946,2.147767991,NA,GHA
2,2022,DHS 2022,194,Bawku,GHA12.1_2,Upper East,bawku,248.3019178,NA,217.2172241,NA,26.28795433,200.2851868,1.05901289,9.083400726,NA,-0.475679149,0.062923529,1.769624047,NA,GHA
1,2014,DHS 2014,195,Bawku West,GHA12.2_2,Upper East,bawku west,1075.893834,202.6418762,204.102066,89.05859375,89.35801697,267.1593018,0.01728967,9.106048584,0.334485117,-0.273365534,-0.613271331,1.916885692,-0.206006598,GHA
2,2022,DHS 2022,195,Bawku West,GHA12.2_2,Upper East,bawku west,1075.893834,202.6418762,204.102066,89.05859375,89.35801697,230.531662,0.142012775,9.06588459,0.334485117,-0.384174779,-0.502359561,1.65573005,-0.206006598,GHA
1,2014,DHS 2014,196,Binduri,GHA12.3_2,Upper East,binduri,393.6167926,202.2339478,201.1535797,45.46473312,46.0970726,254.9079285,0.002565863,9.099860191,0.330165456,-0.310429495,-0.62725329,1.876647322,-0.812388725,GHA
2,2022,DHS 2022,196,Binduri,GHA12.3_2,Upper East,binduri,393.6167926,202.2339478,201.1535797,45.46473312,46.0970726,212.6996002,0.242375091,9.050481796,0.330165456,-0.438121944,-0.421578238,1.555577497,-0.812388725,GHA
1,2014,DHS 2014,197,Bolga East,GHA12.4_2,Upper East,bolga east,72.14528719,198.1255188,202.4759674,10.50946903,11.72321415,296.7733459,0.593108714,9.145000458,0.286660221,-0.183774452,-0.18310452,2.170159847,-1.298609654,GHA
2,2022,DHS 2022,197,Bolga East,GHA12.4_2,Upper East,bolga east,72.14528719,198.1255188,202.4759674,10.50946903,11.72321415,300.2374878,3.059936762,9.118750572,0.286660221,-0.173294417,0.714045533,1.999476978,-1.298609654,GHA
1,2014,DHS 2014,198,Bolgatanga,GHA12.5_2,Upper East,bolgatanga,326.7328107,176.8369141,176.812973,26.31005287,26.91565132,269.9627991,0.520600438,9.146195412,0.061229589,-0.26488414,-0.227777876,2.177929716,-1.078826604,GHA
2,2022,DHS 2022,198,Bolgatanga,GHA12.5_2,Upper East,bolgatanga,326.7328107,176.8369141,176.812973,26.31005287,26.91565132,267.2828064,1.993299246,9.119586945,0.061229589,-0.272991896,0.421742761,2.004915266,-1.078826604,GHA
1,2014,DHS 2014,199,Bongo,GHA12.6_2,Upper East,bongo,416.6189424,225.8908081,226.0506287,41.28762817,42.54123688,264.3399353,0.009751682,9.145106316,0.580674169,-0.281894936,-0.620404054,2.17084816,-0.870491443,GHA
2,2022,DHS 2022,199,Bongo,GHA12.6_2,Upper East,bongo,416.6189424,225.8908081,226.0506287,41.28762817,42.54123688,225.5534668,0.540515006,9.118721008,0.580674169,-0.399235265,-0.215299507,1.999284746,-0.870491443,GHA
1,2014,DHS 2014,200,Builsa North,GHA12.7_2,Upper East,builsa north,820.1149034,182.1116791,182.7994385,91.22720337,92.50062561,254.239563,0.017154312,9.194999695,0.117085463,-0.312451495,-0.613398946,2.495266531,-0.17584166,GHA
2,2022,DHS 2022,200,Builsa North,GHA12.7_2,Upper East,builsa north,820.1149034,182.1116791,182.7994385,91.22720337,92.50062561,256.5379028,0.139256164,9.15375042,0.117085463,-0.30549835,-0.504677274,2.227054137,-0.17584166,GHA
1,2014,DHS 2014,201,Builsa South,GHA12.8_2,Upper East,builsa south,1246.978071,174.8148499,175.1425629,131.8530579,131.420105,244.3558807,0.004177521,9.179049492,0.03981742,-0.342352504,-0.625712861,2.391554597,0.389256078,GHA
2,2022,DHS 2022,201,Builsa South,GHA12.8_2,Upper East,builsa south,1246.978071,174.8148499,175.1425629,131.8530579,131.420105,264.2599182,0.050783109,9.143005371,0.03981742,-0.282137011,-0.582204825,2.157187329,0.389256078,GHA
1,2014,DHS 2014,202,Garu,GHA12.9_2,Upper East,garu,678.1315898,209.6188965,210.2903595,66.95924377,68.20442963,273.8182068,0.009209884,9.073124886,0.408366619,-0.253220413,-0.620918773,1.702808137,-0.513404261,GHA
2,2022,DHS 2022,202,Garu,GHA12.9_2,Upper East,garu,678.1315898,209.6188965,210.2903595,66.95924377,68.20442963,226.560379,0.119383864,9.029375076,0.408366619,-0.396189063,-0.521553404,1.418336688,-0.513404261,GHA
1,2014,DHS 2014,203,Kasena Nankana East,GHA12.10_2,Upper East,kasena nankana east,770.5062866,170.4032898,170.4357452,64.52397919,64.80308533,263.6143188,0.086589374,9.184710503,-0.006897749,-0.284090136,-0.550069703,2.428363807,-0.547278318,GHA
2,2022,DHS 2022,203,Kasena Nankana East,GHA12.10_2,Upper East,kasena nankana east,770.5062866,170.4032898,170.4357452,64.52397919,64.80308533,249.1074524,0.375364423,9.146503448,-0.006897749,-0.32797762,-0.32405122,2.179932643,-0.547278318,GHA
1,2014,DHS 2014,204,Kasena Nankana West,GHA12.11_2,Upper East,kasena nankana west,876.7327999,234.2803955,237.8621826,87.75782013,93.7660141,254.2528992,0.014717001,9.188264847,0.669513716,-0.312411149,-0.615699727,2.451474981,-0.224100107,GHA
2,2022,DHS 2022,204,Kasena Nankana West,GHA12.11_2,Upper East,kasena nankana west,876.7327999,234.2803955,237.8621826,87.75782013,93.7660141,241.1065063,0.097057141,9.148454666,0.669513716,-0.352182805,-0.540875045,2.192619915,-0.224100107,GHA
1,2014,DHS 2014,205,Nabdam,GHA12.12_2,Upper East,nabdam,246.035736,230.3030853,228.4092865,50.20795441,50.23887634,275.1829224,0.018524878,9.145000458,0.627396932,-0.249091752,-0.612107574,2.170159847,-0.746411439,GHA
2,2022,DHS 2022,205,Nabdam,GHA12.12_2,Upper East,nabdam,246.035736,230.3030853,228.4092865,50.20795441,50.23887634,256.4338074,0.20428957,9.118749619,0.627396932,-0.305813269,-0.451437635,1.999470777,-0.746411439,GHA
1,2014,DHS 2014,206,Pusiga,GHA12.13_2,Upper East,pusiga,256.8340305,236.9512024,237.8017883,30.51448441,30.80311966,246.247345,0.02798602,9.164306641,0.697795592,-0.336630275,-0.603240239,2.295693145,-1.020343779,GHA
2,2022,DHS 2022,206,Pusiga,GHA12.13_2,Upper East,pusiga,256.8340305,236.9512024,237.8017883,30.51448441,30.80311966,205.541214,0.533454359,9.101955414,0.697795592,-0.459778141,-0.219705119,1.890270946,-1.020343779,GHA
1,2014,DHS 2014,207,Talensi,GHA12.14_2,Upper East,talensi,842.1564482,182.2393341,185.1925964,61.10540771,66.89123535,285.1968079,0.023089707,9.144991875,0.118437235,-0.218796841,-0.607819009,2.170104038,-0.594829982,GHA
2,2022,DHS 2022,207,Talensi,GHA12.14_2,Upper East,talensi,842.1564482,182.2393341,185.1925964,61.10540771,66.89123535,289.1789856,0.244247317,9.118741035,0.118437235,-0.206749597,-0.420134098,1.999414968,-0.594829982,GHA
1,2014,DHS 2014,208,Tempane,GHA12.15_2,Upper East,tempane,387.350007,233.6961975,233.9855499,54.42969894,53.06461716,260.6876526,5.65E-04,9.079644203,0.663327489,-0.292944152,-0.629169363,1.745198259,-0.687687793,GHA
2,2022,DHS 2022,208,Tempane,GHA12.15_2,Upper East,tempane,387.350007,233.6961975,233.9855499,54.42969894,53.06461716,209.4861603,0.115655951,9.030943871,0.663327489,-0.447843533,-0.524752604,1.428537354,-0.687687793,GHA
1,2014,DHS 2014,209,Daffiama-Bussie-Issa,GHA13.1_2,Upper West,daffiama bussie issa,1462.016966,284.2463379,282.9140015,275.7354126,275.6184082,250.6848907,7.10E-04,9.10210228,1.198616215,-0.323205411,-0.629030447,1.891225902,2.390631663,GHA
2,2022,DHS 2022,209,Daffiama-Bussie-Issa,GHA13.1_2,Upper West,daffiama bussie issa,1462.016966,284.2463379,282.9140015,275.7354126,275.6184082,302.5004272,0.039584383,9.067361832,1.198616215,-0.166448368,-0.592480506,1.665335418,2.390631663,GHA
1,2014,DHS 2014,210,Jirapa,GHA13.2_2,Upper West,jirapa,1193.060944,289.768219,289.0742493,266.4586792,266.619812,247.0799713,0.014029702,9.134068489,1.257088865,-0.334111339,-0.616349525,2.099077641,2.261594105,GHA
2,2022,DHS 2022,210,Jirapa,GHA13.2_2,Upper West,jirapa,1193.060944,289.768219,289.0742493,266.4586792,266.619812,296.2423706,0.112797,9.101138115,1.257088865,-0.185380806,-0.527213335,1.884956679,2.261594105,GHA
1,2014,DHS 2014,211,Lambussie-Karni,GHA13.3_2,Upper West,lambussie karni,814.9025868,300.513855,300.9434204,251.822876,249.7600708,258.9735718,0.003602857,9.149731636,1.37087723,-0.298129744,-0.626261843,2.20092307,2.058012927,GHA
2,2022,DHS 2022,211,Lambussie-Karni,GHA13.3_2,Upper West,lambussie karni,814.9025868,300.513855,300.9434204,251.822876,249.7600708,311.9761353,0.079379112,9.109828949,1.37087723,-0.1377816,-0.556454705,1.941466506,2.058012927,GHA
1,2014,DHS 2014,212,Lawra,GHA13.4_2,Upper West,lawra,529.2368073,267.1253052,266.4943542,246.7094421,247.0679169,313.906189,0.027596671,9.152302742,1.017317099,-0.131942627,-0.603603538,2.217641,1.986886056,GHA
2,2022,DHS 2022,212,Lawra,GHA13.4_2,Upper West,lawra,529.2368073,267.1253052,266.4943542,246.7094421,247.0679169,341.4453735,0.244642124,9.11382103,1.017317099,-0.048628597,-0.419829842,1.967423944,1.986886056,GHA
1,2014,DHS 2014,213,Nadowli-Kaleo,GHA13.5_2,Upper West,nadowli kaleo,1136.2779,285.5001526,285.965332,252.3084106,252.3290405,256.5554504,0.010525317,9.092315674,1.211893188,-0.305445263,-0.619669565,1.827591112,2.06476662,GHA
2,2022,DHS 2022,213,Nadowli-Kaleo,GHA13.5_2,Upper West,nadowli kaleo,1136.2779,285.5001526,285.965332,252.3084106,252.3290405,307.2811279,0.140445039,9.093770027,1.211893188,-0.15198536,-0.503677001,1.837047656,2.06476662,GHA
1,2014,DHS 2014,214,Nandom,GHA13.6_2,Upper West,nandom,406.0518556,267.6748657,267.3421936,222.4847717,222.5150146,284.0093994,0.016104199,9.154328346,1.02313654,-0.222389096,-0.614389558,2.230811951,1.6499256,GHA
2,2022,DHS 2022,214,Nandom,GHA13.6_2,Upper West,nandom,406.0518556,267.6748657,267.3421936,222.4847717,222.5150146,317.1980896,0.294796526,9.114318848,1.02313654,-0.121983672,-0.381943006,1.970660873,1.6499256,GHA
1,2014,DHS 2014,215,Sissala East,GHA13.7_2,Upper West,sissala east,5114.880264,272.4447632,275.0801392,201.9089508,200.690918,245.6658936,0.002472589,9.113103867,1.073646238,-0.338389334,-0.627342517,1.962760783,1.363719931,GHA
2,2022,DHS 2022,215,Sissala East,GHA13.7_2,Upper West,sissala east,5114.880264,272.4447632,275.0801392,201.9089508,200.690918,280.6099854,0.030225582,9.071579933,1.073646238,-0.23267331,-0.601153184,1.692762497,1.363719931,GHA
1,2014,DHS 2014,216,Sissala West,GHA13.8_2,Upper West,sissala west,2058.614571,295.7644348,294.3809814,232.7549133,236.9936676,237.46698,0.005113395,9.117816925,1.320584371,-0.363193429,-0.624819483,1.993406187,1.792781273,GHA
2,2022,DHS 2022,216,Sissala West,GHA13.8_2,Upper West,sissala west,2058.614571,295.7644348,294.3809814,232.7549133,236.9936676,304.7615356,0.057985079,9.078915596,1.320584371,-0.159607858,-0.575654171,1.740460685,1.792781273,GHA
1,2014,DHS 2014,217,Wa East,GHA13.10_2,Upper West,wa east,4315.34189,266.9814758,251.6837006,272.4731445,278.5890198,270.2486572,0.001125029,9.069231033,1.015794052,-0.264019337,-0.628632542,1.677489403,2.345254148,GHA
2,2022,DHS 2022,217,Wa East,GHA13.10_2,Upper West,wa east,4315.34189,266.9814758,251.6837006,272.4731445,278.5890198,280.6407166,0.012214138,9.028985977,1.015794052,-0.23258034,-0.618068148,1.415806675,2.345254148,GHA
1,2014,DHS 2014,218,Wa Municipal,GHA13.9_2,Upper West,wa,582.140032,312.8598022,311.6645813,224.0468292,224.4287109,268.2718506,0.392064691,9.074806213,1.501611711,-0.269999751,-0.31247644,1.713740522,1.671653516,GHA
2,2022,DHS 2022,218,Wa Municipal,GHA13.9_2,Upper West,wa,582.140032,312.8598022,311.6645813,224.0468292,224.4287109,310.3161316,1.46227777,9.04322052,1.501611711,-0.142803593,0.234455125,1.508362988,1.671653516,GHA
1,2014,DHS 2014,219,Wa West,GHA13.11_2,Upper West,wa west,1497.648248,272.0302429,271.5278015,242.1450653,242.9304352,289.1882629,0.002526651,9.062644958,1.069256774,-0.20672153,-0.6272908,1.634665211,1.923396462,GHA
2,2022,DHS 2022,219,Wa West,GHA13.11_2,Upper West,wa west,1497.648248,272.0302429,271.5278015,242.1450653,242.9304352,298.3533325,0.04103424,9.028381348,1.069256774,-0.178994533,-0.591143932,1.411875233,1.923396462,GHA
1,2014,DHS 2014,220,Adaklu,GHA14.1_2,Volta,adaklu,804.1013891,74.03403473,68.67796326,63.95990372,74.64029694,331.2571411,0.02240557,8.845135689,-1.027377125,-0.079450959,-0.608460521,0.220369281,-0.555124498,GHA
2,2022,DHS 2022,220,Adaklu,GHA14.1_2,Volta,adaklu,804.1013891,74.03403473,68.67796326,63.95990372,74.64029694,467.9532471,0.18019335,8.785727501,-1.027377125,0.334094453,-0.470821038,-0.165916592,-0.555124498,GHA
1,2014,DHS 2014,221,Afadzato South,GHA14.2_2,Volta,afadzato south,555.3404538,204.2074432,200.7663879,41.74580383,42.24943161,410.6367188,0.03574764,8.792106628,0.351063318,0.160695312,-0.596026486,-0.12443802,-0.864118309,GHA
2,2022,DHS 2022,221,Afadzato South,GHA14.2_2,Volta,afadzato south,555.3404538,204.2074432,200.7663879,41.74580383,42.24943161,486.0226135,0.508659959,8.775822639,0.351063318,0.388759533,-0.235338331,-0.230320308,-0.864118309,GHA
1,2014,DHS 2014,222,Agotime Ziope,GHA14.3_2,Volta,agotime ziope,316.8982053,76.6471405,74.98138428,83.43888092,79.08750916,318.0519714,0.07200028,8.737402916,-0.999706261,-0.119400431,-0.563033295,-0.480134299,-0.284175711,GHA
2,2022,DHS 2022,222,Agotime Ziope,GHA14.3_2,Volta,agotime ziope,316.8982053,76.6471405,74.98138428,83.43888092,79.08750916,462.0673523,0.315905958,8.700379372,-0.999706261,0.316287912,-0.366433815,-0.720870006,-0.284175711,GHA
1,2014,DHS 2014,223,Akatsi North,GHA14.4_2,Volta,akatsi north,315.3353168,61.58174896,62.46680832,164.3894806,162.4223785,309.1313477,0.025215367,8.877500534,-1.159237653,-0.146387908,-0.60582852,0.430813043,0.841831394,GHA
2,2022,DHS 2022,223,Akatsi North,GHA14.4_2,Volta,akatsi north,315.3353168,61.58174896,62.46680832,164.3894806,162.4223785,407.6137085,0.166692257,8.806250572,-1.159237653,0.151549828,-0.481855275,-0.032470803,0.841831394,GHA
1,2014,DHS 2014,224,Akatsi South,GHA14.5_2,Volta,akatsi south,538.0613144,30.56587791,31.11401176,140.0001831,138.8935394,270.0630798,0.117514089,8.885714531,-1.487672865,-0.264580762,-0.523156663,0.484222364,0.502581007,GHA
2,2022,DHS 2022,224,Akatsi South,GHA14.5_2,Volta,akatsi south,538.0613144,30.56587791,31.11401176,140.0001831,138.8935394,342.0086365,0.521777213,8.814929008,-1.487672865,-0.046924563,-0.227035984,0.023958411,0.502581007,GHA
1,2014,DHS 2014,225,Anloga,GHA14.6_2,Volta,anloga,237.2103818,0.756853461,0.764800966,165.9637146,165.759964,218.0682068,0.091257162,8.988124847,-1.803328461,-0.42188035,-0.545958725,1.150118093,0.863728683,GHA
2,2022,DHS 2022,225,Anloga,GHA14.6_2,Volta,anloga,237.2103818,0.756853461,0.764800966,165.9637146,165.759964,245.3094177,0.581569016,8.923125267,-1.803328461,-0.339467777,-0.190076518,0.727475683,0.863728683,GHA
1,2014,DHS 2014,226,Central Tongu,GHA14.7_2,Volta,central tongu,684.8488425,35.63565826,36.81505203,113.1964264,112.4074249,281.9547119,0.035375059,8.891282082,-1.433987628,-0.228605122,-0.596371531,0.520423875,0.129745961,GHA
2,2022,DHS 2022,226,Central Tongu,GHA14.7_2,Volta,central tongu,684.8488425,35.63565826,36.81505203,113.1964264,112.4074249,392.2927551,0.29782337,8.817790985,-1.433987628,0.105199496,-0.379703709,0.042567649,0.129745961,GHA
1,2014,DHS 2014,227,Ho Municipal,GHA14.8_2,Volta,ho,576.0122316,176.7630157,173.9316101,34.06013489,35.30113602,353.0608215,0.590970397,8.684579849,0.060447061,-0.013488494,-0.184392618,-0.823602181,-0.97102447,GHA
2,2022,DHS 2022,227,Ho Municipal,GHA14.8_2,Volta,ho,576.0122316,176.7630157,173.9316101,34.06013489,35.30113602,465.0509949,1.857276797,8.677079201,0.060447061,0.325314297,0.377141129,-0.872373144,-0.97102447,GHA
1,2014,DHS 2014,228,Ho West,GHA14.9_2,Volta,ho west,1007.07471,252.8624115,172.9593048,57.63925934,83.16596985,351.3750916,0.038096625,8.874203682,0.866283568,-0.018588317,-0.59385396,0.409376143,-0.643043432,GHA
2,2022,DHS 2022,228,Ho West,GHA14.9_2,Volta,ho west,1007.07471,252.8624115,172.9593048,57.63925934,83.16596985,466.2745972,0.298221111,8.824276924,0.866283568,0.329016049,-0.379409843,0.084740735,-0.643043432,GHA
1,2014,DHS 2014,229,Hohoe,GHA14.10_2,Volta,hohoe,686.9766098,274.3656921,280.0298462,38.08106232,39.69130707,475.656311,0.104475863,8.644366264,1.093987459,0.357398458,-0.53441157,-1.085080275,-0.915094151,GHA
2,2022,DHS 2022,229,Hohoe,GHA14.10_2,Volta,hohoe,686.9766098,274.3656921,280.0298462,38.08106232,39.69130707,512.8660278,0.973932266,8.636897087,1.093987459,0.469968655,0.022453519,-1.133646605,-0.915094151,GHA
1,2014,DHS 2014,230,Keta Municipal,GHA14.11_2,Volta,keta,518.7177627,3.167692423,3.380154848,161.4801331,161.9152985,246.8490143,0.117611721,8.963953972,-1.777799454,-0.334810051,-0.523072881,0.99295343,0.801362935,GHA
2,2022,DHS 2022,230,Keta Municipal,GHA14.11_2,Volta,keta,518.7177627,3.167692423,3.380154848,161.4801331,161.9152985,275.0305786,0.676355183,8.897622108,-1.777799454,-0.249552636,-0.134256871,0.561648206,0.801362935,GHA
1,2014,DHS 2014,231,Ketu North,GHA14.12_2,Volta,ketu north,425.3127779,31.22849655,32.9127388,144.8639221,145.7537537,274.9188843,0.106879376,8.870539665,-1.480656222,-0.249890544,-0.532326846,0.385551853,0.570234671,GHA
2,2022,DHS 2022,231,Ketu North,GHA14.12_2,Volta,ketu north,425.3127779,31.22849655,32.9127388,144.8639221,145.7537537,315.4606323,0.955643713,8.800361633,-1.480656222,-0.127239984,0.013526688,-0.070762055,0.570234671,GHA
1,2014,DHS 2014,232,Ketu South,GHA14.13_2,Volta,ketu south,279.2948011,13.80840397,12.49299812,117.5641479,121.6312943,232.3640442,0.765477955,8.845921516,-1.665122162,-0.378631291,-0.084579742,0.225478916,0.190500119,GHA
2,2022,DHS 2022,232,Ketu South,GHA14.13_2,Volta,ketu south,279.2948011,13.80840397,12.49299812,117.5641479,121.6312943,260.28479,2.607424021,8.779529572,-1.665122162,-0.294162928,0.600714088,-0.206216973,0.190500119,GHA
1,2014,DHS 2014,233,Kpando,GHA14.14_2,Volta,kpando,315.4125309,119.8281937,111.3348465,61.79096222,72.38053894,359.1839905,0.18666774,8.833631516,-0.542450738,0.00503587,-0.46557432,0.145566467,-0.585294052,GHA
2,2022,DHS 2022,233,Kpando,GHA14.14_2,Volta,kpando,315.4125309,119.8281937,111.3348465,61.79096222,72.38053894,395.3850708,1.210513353,8.822792053,-0.542450738,0.114554649,0.131012562,0.075085759,-0.585294052,GHA
1,2014,DHS 2014,234,North Dayi,GHA14.15_2,Volta,north dayi,464.7438093,143.7481232,118.3119888,79.14701843,90.31967926,356.4116516,0.048912387,8.834375381,-0.289156316,-0.003351261,-0.583913712,0.150403257,-0.343874684,GHA
2,2022,DHS 2022,234,North Dayi,GHA14.15_2,Volta,north dayi,464.7438093,143.7481232,118.3119888,79.14701843,90.31967926,441.4914551,0.377367467,8.813124657,-0.289156316,0.254039848,-0.322655536,0.012226095,-0.343874684,GHA
1,2014,DHS 2014,235,North Tongu,GHA14.16_2,Volta,north tongu,1136.588554,30.58010864,30.59104347,122.8340988,125.0458298,277.6803894,0.025466926,8.953277588,-1.487522172,-0.241536189,-0.60559323,0.923533095,0.263804111,GHA
2,2022,DHS 2022,235,North Tongu,GHA14.16_2,Volta,north tongu,1136.588554,30.58010864,30.59104347,122.8340988,125.0458298,394.3792419,0.23818785,8.870296478,-1.487522172,0.111511724,-0.424815953,0.383970594,0.263804111,GHA
1,2014,DHS 2014,236,South Dayi,GHA14.17_2,Volta,south dayi,359.7530068,170.2073669,149.0534821,65.01482391,86.66553497,363.2848511,0.070589431,8.843029976,-0.008972428,0.017442164,-0.564296291,0.206677446,-0.540450763,GHA
2,2022,DHS 2022,236,South Dayi,GHA14.17_2,Volta,south dayi,359.7530068,170.2073669,149.0534821,65.01482391,86.66553497,455.3676453,0.541640401,8.817272186,-0.008972428,0.296019353,-0.214599163,0.039194299,-0.540450763,GHA
1,2014,DHS 2014,237,South Tongu,GHA14.18_2,Volta,south tongu,646.1562648,8.113564491,8.720300674,131.2948151,130.5877075,226.7250061,0.121275105,8.945631981,-1.725426314,-0.395691019,-0.51993446,0.873819578,0.38149103,GHA
2,2022,DHS 2022,237,South Tongu,GHA14.18_2,Volta,south tongu,646.1562648,8.113564491,8.720300674,131.2948151,130.5877075,267.0617981,0.671479762,8.87822628,-1.725426314,-0.273660511,-0.137050115,0.435532013,0.38149103,GHA
1,2014,DHS 2014,238,Ahanta West,GHA15.1_2,Western,ahanta west,556.7794672,NA,37.057827,NA,151.8085175,286.8678589,0.30287528,8.644527435,NA,-0.213741426,-0.375977848,-1.084032304,NA,GHA
2,2022,DHS 2022,238,Ahanta West,GHA15.1_2,Western,ahanta west,556.7794672,NA,37.057827,NA,151.8085175,491.9053955,0.976977289,8.667980194,NA,0.406556656,0.02393179,-0.931537005,NA,GHA
1,2014,DHS 2014,239,Effia Kwesimintsim,GHA15.2_2,Western,effia kwesimintsim,105.3684742,29.55894089,29.34805679,126.4114685,128.9035492,320.0897522,3.366790295,8.651975632,-1.498335586,-0.113235553,0.783921011,-1.035602397,0.313564628,GHA
2,2022,DHS 2022,239,Effia Kwesimintsim,GHA15.2_2,Western,effia kwesimintsim,105.3684742,29.55894089,29.34805679,126.4114685,128.9035492,555.4031372,8.31887722,8.660229683,-1.498335586,0.598655762,1.510876285,-0.981932633,0.313564628,GHA
1,2014,DHS 2014,240,Ellembelle,GHA15.3_2,Western,ellembelle,1000.096024,59.81222153,59.00979614,279.943634,278.3716431,425.3169556,0.107573889,8.678294182,-1.177975644,0.205107291,-0.531725292,-0.864473054,2.449167205,GHA
2,2022,DHS 2022,240,Ellembelle,GHA15.3_2,Western,ellembelle,1000.096024,59.81222153,59.00979614,279.943634,278.3716431,727.031189,0.805361629,8.721273422,-1.177975644,1.117880452,-0.063155602,-0.585012023,2.449167205,GHA
1,2014,DHS 2014,241,Jomoro,GHA15.4_2,Western,jomoro,1501.449832,55.77414703,55.92424774,260.901062,261.5924988,403.5830994,0.023722399,8.674891472,-1.220735877,0.139356065,-0.607226118,-0.886598267,2.18428873,GHA
2,2022,DHS 2022,241,Jomoro,GHA15.4_2,Western,jomoro,1501.449832,55.77414703,55.92424774,260.901062,261.5924988,767.3058472,0.145659536,8.723212242,-1.220735877,1.239722987,-0.499302005,-0.572405365,2.18428873,GHA
1,2014,DHS 2014,242,Mpohor,GHA15.5_2,Western,mpohor,526.9810572,52.63396835,63.31778336,149.4550018,163.7786255,375.7276917,0.02993194,8.670142174,-1.253988054,0.055085369,-0.601426572,-0.917479309,0.634095697,GHA
2,2022,DHS 2022,242,Mpohor,GHA15.5_2,Western,mpohor,526.9810572,52.63396835,63.31778336,149.4550018,163.7786255,704.8081665,0.169832334,8.70854187,-1.253988054,1.050649356,-0.479277585,-0.66779554,0.634095697,GHA
1,2014,DHS 2014,243,Nzema East,GHA15.6_2,Western,nzema east,1088.756852,57.38227081,56.7170372,294.1933289,290.7871094,403.9494629,0.01894515,8.674945831,-1.203707031,0.140464422,-0.611711934,-0.886244809,2.64737769,GHA
2,2022,DHS 2022,243,Nzema East,GHA15.6_2,Western,nzema east,1088.756852,57.38227081,56.7170372,294.1933289,290.7871094,696.3909302,0.080360711,8.718306541,-1.203707031,1.025184772,-0.555582952,-0.604303373,2.64737769,GHA
1,2014,DHS 2014,244,Prestea-Huni Valley,GHA15.7_2,Western,prestea huni valley,1817.463961,90.95265198,90.1967392,187.2485199,189.3573608,456.6394348,0.106143616,8.692217827,-0.84822144,0.299866885,-0.532964537,-0.773938271,1.159796187,GHA
2,2022,DHS 2022,244,Prestea-Huni Valley,GHA15.7_2,Western,prestea huni valley,1817.463961,90.95265198,90.1967392,187.2485199,189.3573608,670.2585449,0.307074487,8.740987778,-0.84822144,0.946126719,-0.372891847,-0.456824692,1.159796187,GHA
1,2014,DHS 2014,245,Sekondi Takoradi,GHA15.8_2,Western,sekondi takoradi,87.20065417,29.09341049,30.01412392,113.658905,114.7740097,305.4916687,6.272481441,8.651769638,-1.50326521,-0.157398994,1.273090897,-1.036941815,0.136178949,GHA
2,2022,DHS 2022,245,Sekondi Takoradi,GHA15.8_2,Western,sekondi takoradi,87.20065417,29.09341049,30.01412392,113.658905,114.7740097,514.7267456,12.70159626,8.659680367,-1.50326521,0.475597867,1.880552339,-0.985504416,0.136178949,GHA
1,2014,DHS 2014,246,Shama,GHA15.9_2,Western,shama,194.5932811,22.23874092,21.18026924,111.2266006,111.6526947,320.4972229,0.659876943,8.672667503,-1.575851108,-0.112002835,-0.143730549,-0.901059028,0.102346068,GHA
2,2022,DHS 2022,246,Shama,GHA15.9_2,Western,shama,194.5932811,22.23874092,21.18026924,111.2266006,111.6526947,563.7682495,2.186816216,8.715257645,-1.575851108,0.623962656,0.481822078,-0.62412801,0.102346068,GHA
1,2014,DHS 2014,247,Tarkwa Nsuaem,GHA15.10_2,Western,tarkwa nsuaem,909.372588,81.07524872,81.13217163,200.0607605,201.358139,411.3811035,0.5222404,8.678021431,-0.952815859,0.162947292,-0.226744127,-0.866246544,1.338011963,GHA
2,2022,DHS 2022,247,Tarkwa Nsuaem,GHA15.10_2,Western,tarkwa nsuaem,909.372588,81.07524872,81.13217163,200.0607605,201.358139,702.9406738,1.234978318,8.720766068,-0.952815859,1.044999649,0.141568327,-0.588310962,1.338011963,GHA
1,2014,DHS 2014,248,Wassa Amenfi Central,GHA15.11_2,Western,wassa amenfi central,1853.966801,114.9081497,116.0816269,195.7767487,198.0938263,401.9545593,0.004468265,8.71880722,-0.594550377,0.134429259,-0.62543523,-0.601047842,1.278422191,GHA
2,2022,DHS 2022,248,Wassa Amenfi Central,GHA15.11_2,Western,wassa amenfi central,1853.966801,114.9081497,116.0816269,195.7767487,198.0938263,613.1424561,0.038218126,8.787854195,-0.594550377,0.773333966,-0.593741721,-0.152088334,1.278422191,GHA
1,2014,DHS 2014,249,Wassa Amenfi East,GHA15.12_2,Western,wassa amenfi east,1564.953439,128.5432281,126.2804184,133.6014099,136.4747162,354.8987732,0.040129948,8.717722893,-0.450164947,-0.007928157,-0.59197735,-0.608098393,0.413575316,GHA
2,2022,DHS 2022,249,Wassa Amenfi East,GHA15.12_2,Western,wassa amenfi east,1564.953439,128.5432281,126.2804184,133.6014099,136.4747162,520.588501,0.163917303,8.778203011,-0.450164947,0.493331379,-0.484139017,-0.214842581,0.413575316,GHA
1,2014,DHS 2014,250,Wassa Amenfi West,GHA15.13_2,Western,wassa amenfi west,1454.635972,111.2093201,110.3253632,248.5290833,247.1363373,415.3596191,0.024351481,8.704615593,-0.633718256,0.174983457,-0.606636973,-0.693325109,2.01219691,GHA
2,2022,DHS 2022,250,Wassa Amenfi West,GHA15.13_2,Western,wassa amenfi west,1454.635972,111.2093201,110.3253632,248.5290833,247.1363373,643.6195068,0.1136811,8.773537636,-0.633718256,0.865535894,-0.526451705,-0.245177934,2.01219691,GHA
1,2014,DHS 2014,251,Wassa East,GHA15.14_2,Western,wassa east,1659.824462,85.61191559,92.08287811,183.1823578,192.6657715,407.7009888,0.04018943,8.683347702,-0.904775901,0.151813877,-0.591922508,-0.831613889,1.103236662,GHA
2,2022,DHS 2022,251,Wassa East,GHA15.14_2,Western,wassa east,1659.824462,85.61191559,92.08287811,183.1823578,192.6657715,640.8485107,0.081756234,8.724766731,-0.904775901,0.857152827,-0.554344958,-0.562297714,1.103236662,GHA
1,2014,DHS 2014,252,Aowin,GHA16.1_2,Western North,aowin,2620.492692,133.0750275,133.1461639,250.2337341,250.740448,411.1534119,0.010292238,8.678589821,-0.402176532,0.162258459,-0.619890791,-0.86255074,2.035908273,GHA
2,2022,DHS 2022,252,Aowin,GHA16.1_2,Western North,aowin,2620.492692,133.0750275,133.1461639,250.2337341,250.740448,683.9568481,0.037562434,8.756451607,-0.402176532,0.987568064,-0.59434759,-0.356275275,2.035908273,GHA
1,2014,DHS 2014,253,Bia East,GHA16.2_2,Western North,bia east,786.3121378,221.1663208,221.6447144,198.2975006,199.5381165,337.2512207,0.005839017,8.704163551,0.530645331,-0.061317127,-0.624127383,-0.696264389,1.313485361,GHA
2,2022,DHS 2022,253,Bia East,GHA16.2_2,Western North,bia east,786.3121378,221.1663208,221.6447144,198.2975006,199.5381165,518.4080811,0.03143869,8.800845146,0.530645331,0.486734975,-0.60002458,-0.067618142,1.313485361,GHA
1,2014,DHS 2014,254,Bia West,GHA16.3_2,Western North,bia west,1291.741192,NA,196.1895294,NA,214.8039246,364.0293579,0.022039026,8.702727318,NA,0.019694513,-0.608804405,-0.705603114,NA,GHA
2,2022,DHS 2022,254,Bia West,GHA16.3_2,Western North,bia west,1291.741192,NA,196.1895294,NA,214.8039246,537.4580688,0.071651258,8.808413506,NA,0.54436672,-0.563345586,-0.018406907,NA,GHA
1,2014,DHS 2014,255,Bibiani-Anhwiaso-Bekwai-,GHA16.4_2,Western North,bibiani anhwiaso bekwai ,837.3442203,190.6141663,190.6777039,144.4465637,144.0143738,371.970459,0.210880876,8.755624771,0.207120535,0.043718649,-0.446203015,-0.361651552,0.564429297,GHA
2,2022,DHS 2022,255,Bibiani-Anhwiaso-Bekwai-,GHA16.4_2,Western North,bibiani anhwiaso bekwai ,837.3442203,190.6141663,190.6777039,144.4465637,144.0143738,650.9556274,0.521177232,8.823124886,0.207120535,0.887729789,-0.227414167,0.077249912,0.564429297,GHA
1,2014,DHS 2014,256,Bodi,GHA16.5_2,Western North,bodi,664.9085484,181.6751709,175.2084045,145.0262146,145.5869598,383.4042969,0.009232801,8.690369606,0.112463163,0.078309329,-0.620896995,-0.785955834,0.572492128,GHA
2,2022,DHS 2022,256,Bodi,GHA16.5_2,Western North,bodi,664.9085484,181.6751709,175.2084045,145.0262146,145.5869598,604.9403687,0.071404554,8.761651993,0.112463163,0.748520271,-0.563566388,-0.322461153,0.572492128,GHA
1,2014,DHS 2014,257,Juaboso,GHA16.6_2,Western North,juaboso,1374.985961,211.5391998,211.1265717,179.555481,179.8445282,394.0918274,0.013767825,8.703086853,0.428701216,0.110642212,-0.616597229,-0.703265332,1.052787511,GHA
2,2022,DHS 2022,257,Juaboso,GHA16.6_2,Western North,juaboso,1374.985961,211.5391998,211.1265717,179.555481,179.8445282,610.065979,0.075433508,8.787184715,0.428701216,0.76402673,-0.55996679,-0.156441445,1.052787511,GHA
1,2014,DHS 2014,258,Sefwi-Akontombra,GHA16.8_2,Western North,sefwi akontombra,1124.442866,205.4793549,205.7345581,192.7094421,194.6695862,386.9667053,0.011121579,8.690050125,0.364531925,0.089086649,-0.619103857,-0.788033173,1.235756554,GHA
2,2022,DHS 2022,258,Sefwi-Akontombra,GHA16.8_2,Western North,sefwi akontombra,1124.442866,205.4793549,205.7345581,192.7094421,194.6695862,584.0583496,0.047997728,8.7611866,0.364531925,0.6853461,-0.584750355,-0.325487247,1.235756554,GHA
1,2014,DHS 2014,259,Sefwi-Wiawso,GHA16.7_2,Western North,sefwi wiawso,1015.725658,189.0223999,189.3379364,131.2050171,134.3008118,377.5915833,0.064887114,8.716720581,0.190264902,0.060724182,-0.569418038,-0.614615657,0.380241957,GHA
2,2022,DHS 2022,259,Sefwi-Wiawso,GHA16.7_2,Western North,sefwi wiawso,1015.725658,189.0223999,189.3379364,131.2050171,134.3008118,613.9266357,0.273638189,8.785930634,0.190264902,0.775706338,-0.397743962,-0.164595777,0.380241957,GHA
1,2014,DHS 2014,260,Suaman,GHA16.9_2,Western North,suaman,401.5771648,143.3386993,143.4161224,168.1349945,167.7450562,356.5846558,0.031264007,8.707989693,-0.293491813,-0.002827873,-0.600187012,-0.671385927,0.893930764,GHA
2,2022,DHS 2022,260,Suaman,GHA16.9_2,Western North,suaman,401.5771648,143.3386993,143.4161224,168.1349945,167.7450562,583.6450195,0.158840895,8.802023888,-0.293491813,0.684095656,-0.488330944,-0.059953691,0.893930764,GHA
1,2011,DHS 2011-12,1,Abidjan,CIV.1.1.1_1,Abidjan,abidjan,2116.690886,43.13526154,43.23578262,108.6563568,114.4118958,575.2764893,NA,8.751517296,-1.527365794,0.822503453,NA,0.004495798,-0.620600749,CIV
2,2021,DHS 2021,1,Abidjan,CIV.1.1.1_1,Abidjan,abidjan,2116.690886,43.13526154,43.23578262,108.6563568,114.4118958,664.1193848,7.135715485,8.897068024,-1.527365794,1.496141616,6.366442828,0.780120361,-0.620600749,CIV
1,2011,DHS 2011-12,2,Fresco,CIV.2.1.1_1,Gbôkle,fresco,1874.026643,81.81778717,87.83042145,187.4295959,196.5191803,547.663208,NA,8.669007301,-1.219221745,0.613129816,NA,-0.435191309,0.52734606,CIV
2,2021,DHS 2021,2,Fresco,CIV.2.1.1_1,Gbôkle,fresco,1874.026643,81.81778717,87.83042145,187.4295959,196.5191803,638.1404419,0.041831058,8.864211082,-1.219221745,1.29916011,-0.42793454,0.605029167,0.52734606,CIV
1,2011,DHS 2011-12,3,Sassandra,CIV.2.1.2_1,Gbôkle,sassandra,4323.717897,82.02912903,87.9415741,114.0404892,121.0109558,632.352478,NA,8.627240181,-1.217538201,1.255273727,NA,-0.657763913,-0.542138854,CIV
2,2021,DHS 2021,3,Sassandra,CIV.2.1.2_1,Gbôkle,sassandra,4323.717897,82.02912903,87.9415741,114.0404892,121.0109558,629.0939331,0.045509372,8.815465927,-1.217538201,1.23056629,-0.416283523,0.345271347,-0.542138854,CIV
1,2011,DHS 2011-12,4,Buyo,CIV.2.2.1_1,Nawa,buyo,2567.010617,199.972168,200.567337,229.7444458,228.8729095,592.2422485,NA,8.588755608,-0.278006849,0.951143822,NA,-0.862844168,1.143991984,CIV
2,2021,DHS 2021,4,Buyo,CIV.2.2.1_1,Nawa,buyo,2567.010617,199.972168,200.567337,229.7444458,228.8729095,586.2779541,0.024428245,8.774882317,-0.278006849,0.905920439,-0.483621401,0.129005543,1.143991984,CIV
1,2011,DHS 2011-12,5,Guéyo,CIV.2.2.2_1,Nawa,guéyo,663.9732365,166.681076,163.6051483,81.29110718,84.46310425,659.2498779,NA,8.612130165,-0.54320287,1.459219298,NA,-0.738283602,-1.01938911,CIV
2,2021,DHS 2021,5,Guéyo,CIV.2.2.2_1,Nawa,guéyo,663.9732365,166.681076,163.6051483,81.29110718,84.46310425,669.6582642,0.092603907,8.751306534,-0.54320287,1.538139353,-0.27063104,0.003372669,-1.01938911,CIV
1,2011,DHS 2011-12,6,Méagui,CIV.2.2.3_1,Nawa,méagui,556.537354,114.0952225,112.18293,49.44549942,51.12647247,738.713562,NA,8.54518795,-0.962100488,2.061740974,NA,-1.095011645,-1.483468843,CIV
2,2021,DHS 2021,6,Méagui,CIV.2.2.3_1,Nawa,méagui,556.537354,114.0952225,112.18293,49.44549942,51.12647247,645.8181763,0.150051773,8.694975853,-0.962100488,1.3573754,-0.101230746,-0.296807621,-1.483468843,CIV
1,2011,DHS 2011-12,7,Oupoyo,CIV.2.2.4_1,Nawa,oupoyo,808.1365814,135.0483398,139.6058655,69.12137604,75.82608795,680.5048828,NA,8.577070236,-0.79518847,1.620382241,NA,-0.925114286,-1.196736191,CIV
2,2021,DHS 2021,7,Oupoyo,CIV.2.2.4_1,Nawa,oupoyo,808.1365814,135.0483398,139.6058655,69.12137604,75.82608795,656.2023926,0.08002346,8.723443031,-0.79518847,1.43611219,-0.308915587,-0.145109013,-1.196736191,CIV
1,2011,DHS 2011-12,8,Soubré,CIV.2.2.5_1,Nawa,soubré,4572.198792,170.1078796,173.8032379,78.67514801,106.9236603,596.8005981,NA,8.60528183,-0.515905037,0.985706837,NA,-0.774777663,-1.057510965,CIV
2,2021,DHS 2021,8,Soubré,CIV.2.2.5_1,Nawa,soubré,4572.198792,170.1078796,173.8032379,78.67514801,106.9236603,601.6911011,0.178118557,8.751202583,-0.515905037,1.022788354,-0.021521852,0.002818728,-1.057510965,CIV
1,2011,DHS 2011-12,9,San-Pedro,CIV.2.3.1_1,San-Pédro,san pedro,6786.507706,68.10578918,88.93027496,85.26278687,121.6492157,735.1218262,NA,8.505604744,-1.328451184,2.034507166,NA,-1.305946399,-0.961510609,CIV
2,2021,DHS 2021,9,San-Pedro,CIV.2.3.1_1,San-Pédro,san pedro,6786.507706,68.10578918,88.93027496,85.26278687,121.6492157,660.2109375,0.203782827,8.686522484,-1.328451184,1.466506391,0.049719112,-0.341854738,-0.961510609,CIV
1,2011,DHS 2011-12,10,Tabou,CIV.2.3.2_1,San-Pédro,tabou,5750.641139,NA,118.8513489,NA,265.1634216,974.2680054,NA,8.433897972,NA,3.84779783,NA,-1.688064265,NA,CIV
2,2021,DHS 2021,10,Tabou,CIV.2.3.2_1,San-Pédro,tabou,5750.641139,NA,118.8513489,NA,265.1634216,887.0379028,0.012727818,8.657226563,NA,3.186388432,-0.521595721,-0.49796963,NA,CIV
1,2011,DHS 2011-12,11,Abengourou,CIV.3.1.1_1,Indénié-Djuablin,abengourou,4152.602241,172.4133453,173.3659973,187.8969116,195.3246765,444.8893433,NA,8.761618614,-0.497539753,-0.166137869,NA,0.058324664,0.534156158,CIV
2,2021,DHS 2021,11,Abengourou,CIV.3.1.1_1,Indénié-Djuablin,abengourou,4152.602241,172.4133453,173.3659973,187.8969116,195.3246765,534.4839478,0.173979342,8.93191433,-0.497539753,0.513200018,-0.033156971,0.96581267,0.534156158,CIV
1,2011,DHS 2011-12,12,Agnibilékrou,CIV.3.1.2_1,Indénié-Djuablin,agnibilékrou,1898.37844,212.0043793,208.9351807,197.2230835,196.1842194,419.6206665,NA,8.746757507,-0.182158549,-0.357733887,NA,-0.020868616,0.670064614,CIV
2,2021,DHS 2021,12,Agnibilékrou,CIV.3.1.2_1,Indénié-Djuablin,agnibilékrou,1898.37844,212.0043793,208.9351807,197.2230835,196.1842194,474.2931824,0.135495588,8.864613533,-0.182158549,0.056812408,-0.143339369,0.607173784,0.670064614,CIV
1,2011,DHS 2011-12,13,Bettié,CIV.3.1.3_1,Indénié-Djuablin,bettié,974.2510576,139.4553223,138.2866364,272.2149048,299.1929932,531.6517334,NA,8.743667603,-0.760082556,0.49172517,NA,-0.037334394,1.762905569,CIV
2,2021,DHS 2021,13,Bettié,CIV.3.1.3_1,Indénié-Djuablin,bettié,974.2510576,139.4553223,138.2866364,272.2149048,299.1929932,628.1340332,0.043829661,8.900845528,-0.760082556,1.223287991,-0.421598894,0.800250283,1.762905569,CIV
1,2011,DHS 2011-12,14,Aboisso,CIV.3.2.1_1,Sud Comoé,aboisso,1237.956453,56.7690506,57.82103348,188.6389313,192.2145844,555.3052979,NA,8.699703217,-1.418759365,0.671074837,NA,-0.271615996,0.544969464,CIV
2,2021,DHS 2021,14,Aboisso,CIV.3.2.1_1,Sud Comoé,aboisso,1237.956453,56.7690506,57.82103348,188.6389313,192.2145844,722.8803711,0.301347762,8.838342667,-1.418759365,1.941688137,0.307345864,0.467179092,0.544969464,CIV
1,2011,DHS 2011-12,15,Adiake,CIV.3.2.2_1,Sud Comoé,adiake,639.0793255,32.38576508,26.4065361,208.3975067,214.5537415,555.3855591,NA,8.68174839,-1.612996019,0.671683406,NA,-0.367295383,0.832907269,CIV
2,2021,DHS 2021,15,Adiake,CIV.3.2.2_1,Sud Comoé,adiake,639.0793255,32.38576508,26.4065361,208.3975067,214.5537415,706.2810669,0.779874504,8.81692791,-1.612996019,1.815826358,1.342535007,0.3530621,0.832907269,CIV
1,2011,DHS 2011-12,16,Ayame,CIV.3.2.3_1,Sud Comoé,ayame,1943.060607,125.7587509,125.8756714,246.1612091,262.3141479,552.430603,NA,8.730085373,-0.869189107,0.649277887,NA,-0.109712671,1.383230223,CIV
2,2021,DHS 2021,16,Ayame,CIV.3.2.3_1,Sud Comoé,ayame,1943.060607,125.7587509,125.8756714,246.1612091,262.3141479,693.9078369,0.036354233,8.877156258,-0.869189107,1.722008165,-0.445358764,0.674012648,1.383230223,CIV
1,2011,DHS 2011-12,17,Bonoua,CIV.3.2.4_1,Sud Comoé,bonoua,1265.174997,60.20207214,61.17492294,183.1625671,181.2647247,530.192627,NA,8.725279808,-1.391412,0.48066171,NA,-0.135321023,0.465163494,CIV
2,2021,DHS 2021,17,Bonoua,CIV.3.2.4_1,Sud Comoé,bonoua,1265.174997,60.20207214,61.17492294,183.1625671,181.2647247,700.043396,0.373157769,8.869184494,-1.391412,1.768530138,0.484909368,0.631531956,0.465163494,CIV
1,2011,DHS 2011-12,18,Grand-Bassam,CIV.3.2.5_1,Sud Comoé,grand bassam,128.0402581,7.1640625,7.059007645,127.0968094,130.0384979,516.7561646,NA,8.71937561,-1.813911482,0.378781714,NA,-0.166783873,-0.351871686,CIV
2,2021,DHS 2021,18,Grand-Bassam,CIV.3.2.5_1,Sud Comoé,grand bassam,128.0402581,7.1640625,7.059007645,127.0968094,130.0384979,675.9591064,7.755216599,8.868124962,-1.813911482,1.585914561,6.609043034,0.62588582,-0.351871686,CIV
1,2011,DHS 2011-12,19,Mafere,CIV.3.2.6_1,Sud Comoé,mafere,1371.410965,85.94116974,89.14298248,228.6772003,232.3251953,599.1610718,NA,8.702243805,-1.186374981,1.00360478,NA,-0.258077467,1.128439227,CIV
2,2021,DHS 2021,19,Mafere,CIV.3.2.6_1,Sud Comoé,mafere,1371.410965,85.94116974,89.14298248,228.6772003,232.3251953,766.5359497,0.098083973,8.835522652,-1.186374981,2.272700129,-0.254091858,0.452151528,1.128439227,CIV
1,2011,DHS 2011-12,20,Tiapoum,CIV.3.2.7_1,Sud Comoé,tiapoum,1034.999699,41.72814941,39.42263794,241.7499542,247.831131,588.7903442,NA,8.691044807,-1.538574815,0.924970267,NA,-0.31775575,1.31894588,CIV
2,2021,DHS 2021,20,Tiapoum,CIV.3.2.7_1,Sud Comoé,tiapoum,1034.999699,41.72814941,39.42263794,241.7499542,247.831131,788.9354858,0.120259725,8.814972878,-1.538574815,2.442541311,-0.187996368,0.342643937,1.31894588,CIV
1,2011,DHS 2011-12,21,Kaniasso,CIV.4.1.1_1,Folon,kaniasso,3763.996642,393.0601501,403.0308533,264.860199,266.1838379,402.4552612,NA,8.600154877,1.260127275,-0.487888043,NA,-0.802098658,1.655726898,CIV
2,2021,DHS 2021,21,Kaniasso,CIV.4.1.1_1,Folon,kaniasso,3763.996642,393.0601501,403.0308533,264.860199,266.1838379,299.9046631,0.0301816,8.747819901,1.260127275,-1.265462842,-0.465107379,-0.015207234,1.655726898,CIV
1,2011,DHS 2011-12,22,Minignan,CIV.4.1.2_1,Folon,minignan,3440.898771,406.7735291,405.8086243,222.6300354,224.3326569,391.6559143,NA,8.586875916,1.369367714,-0.5697725,NA,-0.87286085,1.04031509,CIV
2,2021,DHS 2021,22,Minignan,CIV.4.1.2_1,Folon,minignan,3440.898771,406.7735291,405.8086243,222.6300354,224.3326569,376.5847168,0.019692993,8.7513237,1.369367714,-0.684047634,-0.498937391,0.003464146,1.04031509,CIV
1,2011,DHS 2011-12,23,Gbeleban,CIV.4.2.1_1,Kabadougou,gbeleban,262.8335538,430.9098511,430.1788635,296.0040894,296.2860413,535.3880615,NA,8.445947647,1.561637063,0.520055327,NA,-1.623852811,2.109580643,CIV
2,2021,DHS 2021,23,Gbeleban,CIV.4.2.1_1,Kabadougou,gbeleban,262.8335538,430.9098511,430.1788635,296.0040894,296.2860413,521.7428589,0.143608093,8.607961655,1.561637063,0.416592589,-0.119805108,-0.760497157,2.109580643,CIV
1,2011,DHS 2011-12,24,Madinani,CIV.4.2.2_1,Kabadougou,madinani,4118.314457,471.9839478,469.787262,246.6297913,250.0299377,415.1672668,NA,8.550569534,1.888832308,-0.391501134,NA,-1.066333747,1.390058778,CIV
2,2021,DHS 2021,24,Madinani,CIV.4.2.2_1,Kabadougou,madinani,4118.314457,471.9839478,469.787262,246.6297913,250.0299377,344.0609741,0.032170679,8.693416595,1.888832308,-0.93065412,-0.458730659,-0.305116741,1.390058778,CIV
1,2011,DHS 2011-12,25,Odienné,CIV.4.2.3_1,Kabadougou,odienné,8434.669055,431.7529602,425.2189941,193.9611969,196.7772369,479.977417,NA,8.463054657,1.568353249,0.09991228,NA,-1.53269135,0.622529786,CIV
2,2021,DHS 2021,25,Odienné,CIV.4.2.3_1,Kabadougou,odienné,8434.669055,431.7529602,425.2189941,193.9611969,196.7772369,417.5626221,0.123573311,8.629120827,1.568353249,-0.373338706,-0.178232635,-0.647742149,0.622529786,CIV
1,2011,DHS 2011-12,26,Samatiguila,CIV.4.2.4_1,Kabadougou,samatiguila,199.1031202,397.732605,396.8757935,179.4804382,178.7323761,476.0354309,NA,8.488750458,1.297347935,0.070022751,NA,-1.395761122,0.411504559,CIV
2,2021,DHS 2021,26,Samatiguila,CIV.4.2.4_1,Kabadougou,samatiguila,199.1031202,397.732605,396.8757935,179.4804382,178.7323761,388.2210083,0.157889307,8.628749847,1.297347935,-0.595817168,-0.078778271,-0.649719058,0.411504559,CIV
1,2011,DHS 2011-12,27,Seguelon,CIV.4.2.5_1,Kabadougou,seguelon,1064.37361,408.660553,407.5064392,246.9801025,249.028595,439.7219849,NA,8.520706177,1.3843997,-0.205318602,NA,-1.225472447,1.395163795,CIV
2,2021,DHS 2021,27,Seguelon,CIV.4.2.5_1,Kabadougou,seguelon,1064.37361,408.660553,407.5064392,246.9801025,249.028595,408.0844116,0.027712975,8.665637016,1.3843997,-0.44520584,-0.4730386,-0.453151204,1.395163795,CIV
1,2011,DHS 2011-12,28,Gagnoa,CIV.5.1.1_1,Gôh,gagnoa,4563.061465,218.355484,218.3808746,50.71839523,58.007061,537.2540283,NA,8.662278175,-0.131565805,0.534203745,NA,-0.471050115,-1.464919185,CIV
2,2021,DHS 2021,28,Gagnoa,CIV.5.1.1_1,Gôh,gagnoa,4563.061465,218.355484,218.3808746,50.71839523,58.007061,569.2588501,0.260689378,8.818930626,-0.131565805,0.77687559,0.20241361,0.363734363,-1.464919185,CIV
1,2011,DHS 2011-12,29,Oumé,CIV.5.1.2_1,Gôh,oumé,2366.266246,207.8658295,204.392868,63.56159973,64.44552612,413.7525024,NA,8.691792488,-0.215126136,-0.402228376,NA,-0.313771438,-1.27775771,CIV
2,2021,DHS 2021,29,Oumé,CIV.5.1.2_1,Gôh,oumé,2366.266246,207.8658295,204.392868,63.56159973,64.44552612,524.6395874,0.124717876,8.898298264,-0.215126136,0.438556606,-0.174866776,0.78667618,-1.27775771,CIV
1,2011,DHS 2011-12,30,Divo,CIV.5.2.1_1,Lôh-Djiboua,divo,3132.034434,147.7541656,146.7838593,58.73430252,68.5016861,551.6726685,NA,8.745210648,-0.693974173,0.64353096,NA,-0.029111669,-1.348104956,CIV
2,2021,DHS 2021,30,Divo,CIV.5.2.1_1,Lôh-Djiboua,divo,3132.034434,147.7541656,146.7838593,58.73430252,68.5016861,658.0933228,0.185290501,8.92510128,-0.693974173,1.450449889,-0.001458331,0.929506645,-1.348104956,CIV
1,2011,DHS 2011-12,31,Guitry,CIV.5.2.2_1,Lôh-Djiboua,guitry,3049.369237,76.45652771,66.41863251,134.0295715,142.8287811,542.7767334,NA,8.733078003,-1.261929406,0.576078843,NA,-0.09376526,-0.250841917,CIV
2,2021,DHS 2021,31,Guitry,CIV.5.2.2_1,Lôh-Djiboua,guitry,3049.369237,76.45652771,66.41863251,134.0295715,142.8287811,652.2084961,0.03772163,8.924557686,-1.261929406,1.405829058,-0.440999852,0.926609887,-0.250841917,CIV
1,2011,DHS 2011-12,32,Lakota,CIV.5.2.3_1,Lôh-Djiboua,lakota,2684.651995,215.361557,214.2868652,107.4207382,112.7838669,610.6531372,NA,8.651745796,-0.155415354,1.090741673,NA,-0.527176059,-0.638607174,CIV
2,2021,DHS 2021,32,Lakota,CIV.5.2.3_1,Lôh-Djiboua,lakota,2684.651995,215.361557,214.2868652,107.4207382,112.7838669,697.7902222,0.099122837,8.842576981,-0.155415354,1.751445779,-0.250965809,0.489743307,-0.638607174,CIV
1,2011,DHS 2011-12,33,Didievi,CIV.6.1.1_1,Bélier,didievi,1688.085082,206.0145111,202.1389923,77.44116211,78.6543808,314.0454712,NA,8.804656029,-0.229873692,-1.158242248,NA,0.287666532,-1.075493597,CIV
2,2021,DHS 2021,33,Didievi,CIV.6.1.1_1,Bélier,didievi,1688.085082,206.0145111,202.1389923,77.44116211,78.6543808,294.1398315,0.157432094,8.989117622,-0.229873692,-1.309173828,-0.080083884,1.270643018,-1.075493597,CIV
1,2011,DHS 2011-12,34,Djekanou,CIV.6.1.2_1,Bélier,djekanou,761.971951,183.8999634,184.6368713,93.0466156,90.07019043,406.3238831,NA,8.702878952,-0.406037636,-0.458554788,NA,-0.254692835,-0.848078415,CIV
2,2021,DHS 2021,34,Djekanou,CIV.6.1.2_1,Bélier,djekanou,761.971951,183.8999634,184.6368713,93.0466156,90.07019043,492.1231995,0.123424582,8.90655899,-0.406037636,0.192005886,-0.178670258,0.830696727,-0.848078415,CIV
1,2011,DHS 2011-12,35,Tiebissou,CIV.6.1.3_1,Bélier,tiebissou,2323.436591,203.6366272,201.5742035,74.80607605,80.07264709,376.0227356,NA,8.736685753,-0.248815857,-0.688308774,NA,-0.074539939,-1.113894184,CIV
2,2021,DHS 2021,35,Tiebissou,CIV.6.1.3_1,Bélier,tiebissou,2323.436591,203.6366272,201.5742035,74.80607605,80.07264709,305.6555786,0.099232644,8.939473152,-0.248815857,-1.221857373,-0.250635562,1.006092843,-1.113894184,CIV
1,2011,DHS 2011-12,36,Toumodi,CIV.6.1.4_1,Bélier,toumodi,1927.859976,136.4277039,133.6954498,66.55446625,68.23766327,391.4629822,NA,8.775468826,-0.78420049,-0.571235379,NA,0.132130992,-1.234143259,CIV
2,2021,DHS 2021,36,Toumodi,CIV.6.1.4_1,Bélier,toumodi,1927.859976,136.4277039,133.6954498,66.55446625,68.23766327,486.4364624,0.152834177,8.968044281,-0.78420049,0.14888704,-0.093242419,1.158345392,-1.234143259,CIV
1,2011,DHS 2011-12,37,Daoukro,CIV.6.2.1_1,Iffou,daoukro,3826.409283,202.9245453,196.8004608,148.8556213,159.7620544,364.4146423,NA,8.814162254,-0.254488284,-0.77632543,NA,0.338324211,-0.03478483,CIV
2,2021,DHS 2021,37,Daoukro,CIV.6.2.1_1,Iffou,daoukro,3826.409283,202.9245453,196.8004608,148.8556213,159.7620544,428.3847961,0.089231342,8.987192154,-0.254488284,-0.291281165,-0.280850937,1.260382398,-0.03478483,CIV
1,2011,DHS 2011-12,38,M'Bahiakro,CIV.6.2.2_1,Iffou,m'bahiakro,2581.183675,181.6728821,181.1584473,150.4029388,149.8939667,316.8892212,NA,8.846787453,-0.423778511,-1.136679933,NA,0.512180472,-0.012236079,CIV
2,2021,DHS 2021,38,M'Bahiakro,CIV.6.2.2_1,Iffou,m'bahiakro,2581.183675,181.6728821,181.1584473,150.4029388,149.8939667,379.5817871,0.048716296,9.024615288,-0.423778511,-0.66132279,-0.406159029,1.459806354,-0.012236079,CIV
1,2011,DHS 2011-12,39,Prikro,CIV.6.2.3_1,Iffou,prikro,2644.599848,216.6920776,214.7512512,172.8812408,175.5324249,348.9793701,NA,8.85687542,-0.144816459,-0.893361107,NA,0.565938189,0.315335763,CIV
2,2021,DHS 2021,39,Prikro,CIV.6.2.3_1,Iffou,prikro,2644.599848,216.6920776,214.7512512,172.8812408,175.5324249,430.2790222,0.055064574,8.976366997,-0.144816459,-0.276918475,-0.386208031,1.202696271,0.315335763,CIV
1,2011,DHS 2011-12,40,Arrah,CIV.6.3.1_1,Moronou,arrah,1551.957847,165.1442413,166.1634521,133.9622345,142.8570099,405.5991211,NA,8.788766861,-0.555445257,-0.464050189,NA,0.202994824,-0.251823206,CIV
2,2021,DHS 2021,40,Arrah,CIV.6.3.1_1,Moronou,arrah,1551.957847,165.1442413,166.1634521,133.9622345,142.8570099,481.8100586,0.154692397,8.968766212,-0.555445257,0.113808015,-0.087918171,1.162192489,-0.251823206,CIV
1,2011,DHS 2011-12,41,Bongouanou,CIV.6.3.2_1,Moronou,bongouanou,1555.273616,186.082016,175.8160095,112.1236496,110.211937,404.2229309,NA,8.788951874,-0.388655459,-0.474484948,NA,0.203980738,-0.570072578,CIV
2,2021,DHS 2021,41,Bongouanou,CIV.6.3.2_1,Moronou,bongouanou,1555.273616,186.082016,175.8160095,112.1236496,110.211937,496.9876709,0.203477561,8.969073296,-0.388655459,0.228890024,0.048880691,1.163828903,-0.570072578,CIV
1,2011,DHS 2011-12,42,M’Batto,CIV.6.3.3_1,Moronou,m’batto,2446.451557,117.2430115,115.2071075,140.6890564,137.4199066,416.9157715,NA,8.803480148,-0.937025278,-0.378243355,NA,0.281400389,-0.153794564,CIV
2,2021,DHS 2021,42,M’Batto,CIV.6.3.3_1,Moronou,m’batto,2446.451557,117.2430115,115.2071075,140.6890564,137.4199066,554.9881592,0.124120221,8.986560822,-0.937025278,0.668670179,-0.176623893,1.257018094,-0.153794564,CIV
1,2011,DHS 2011-12,43,Bocanda,CIV.6.4.1_1,N'zi,bocanda,2201.176134,144.7742462,142.7767944,120.6744537,119.628273,374.8551331,NA,8.814833641,-0.717712138,-0.697161948,NA,0.341901961,-0.445463403,CIV
2,2021,DHS 2021,43,Bocanda,CIV.6.4.1_1,N'zi,bocanda,2201.176134,144.7742462,142.7767944,120.6744537,119.628273,461.2365112,0.106451161,8.995545387,-0.717712138,-0.042187876,-0.22899771,1.304895903,-0.445463403,CIV
1,2011,DHS 2011-12,44,Dimbokro,CIV.6.4.2_1,N'zi,dimbokro,1616.626579,112.3062134,123.8709259,61.28998566,67.82559204,381.6218262,NA,8.82621479,-0.97635169,-0.645854494,NA,0.402550912,-1.310861492,CIV
2,2021,DHS 2021,44,Dimbokro,CIV.6.4.2_1,N'zi,dimbokro,1616.626579,112.3062134,123.8709259,61.28998566,67.82559204,444.071106,0.232421994,9.01583004,-0.97635169,-0.172342033,0.127446566,1.412990689,-1.310861492,CIV
1,2011,DHS 2011-12,45,Kouassi-Kouassikro,CIV.6.4.3_1,N'zi,kouassi kouassikro,1154.730082,163.4555054,161.5789948,112.2888489,115.6601639,313.6159668,NA,8.812685966,-0.568897687,-1.161498902,NA,0.330457228,-0.567665161,CIV
2,2021,DHS 2021,45,Kouassi-Kouassikro,CIV.6.4.3_1,N'zi,kouassi kouassikro,1154.730082,163.4555054,161.5789948,112.2888489,115.6601639,357.4520264,0.109233595,8.993793488,-0.568897687,-0.82911844,-0.220694902,1.295560213,-0.567665161,CIV
1,2011,DHS 2011-12,46,Agboville,CIV.7.1.1_1,Agnéby-Tiassa,agboville,3912.269017,76.51767731,78.04094696,122.6000671,123.7451324,482.7594299,NA,8.791152954,-1.26144229,0.121006483,NA,0.215710064,-0.41740182,CIV
2,2021,DHS 2021,46,Agboville,CIV.7.1.1_1,Agnéby-Tiassa,agboville,3912.269017,76.51767731,78.04094696,122.6000671,123.7451324,617.8275146,0.151411816,8.959904671,-1.26144229,1.145140333,-0.097323627,1.114970262,-0.41740182,CIV
1,2011,DHS 2011-12,47,Sikensi,CIV.7.1.2_1,Agnéby-Tiassa,sikensi,791.7832226,83.99478149,83.95771027,101.9480591,100.8683853,507.6966553,NA,8.779021263,-1.201879862,0.31008932,NA,0.151061555,-0.718359442,CIV
2,2021,DHS 2021,47,Sikensi,CIV.7.1.2_1,Agnéby-Tiassa,sikensi,791.7832226,83.99478149,83.95771027,101.9480591,100.8683853,608.5292969,0.165758982,8.951914787,-1.201879862,1.074637966,-0.056386113,1.072393012,-0.718359442,CIV
1,2011,DHS 2011-12,48,Taabo,CIV.7.1.3_1,Agnéby-Tiassa,taabo,1158.35956,109.9779892,105.2566681,93.57164764,91.32279205,432.9949951,NA,8.772091866,-0.994898267,-0.256325011,NA,0.114135522,-0.840427227,CIV
2,2021,DHS 2021,48,Taabo,CIV.7.1.3_1,Agnéby-Tiassa,taabo,1158.35956,109.9779892,105.2566681,93.57164764,91.32279205,597.9946289,0.113494076,8.959663391,-0.994898267,0.994760399,-0.208021865,1.113684509,-0.840427227,CIV
1,2011,DHS 2011-12,49,Tiassalé,CIV.7.1.4_1,Agnéby-Tiassa,tiassalé,2435.22812,72.32169342,76.30180359,91.40561676,104.0208893,454.3970032,NA,8.790486336,-1.294867394,-0.094047438,NA,0.212157724,-0.871992366,CIV
2,2021,DHS 2021,49,Tiassalé,CIV.7.1.4_1,Agnéby-Tiassa,tiassalé,2435.22812,72.32169342,76.30180359,91.40561676,104.0208893,567.0750732,0.098751158,8.969788551,-1.294867394,0.760317424,-0.252083891,1.167640425,-0.871992366,CIV
1,2011,DHS 2011-12,50,Dabou,CIV.7.2.1_1,Grands Ponts,dabou,1505.595177,42.48819351,46.74580765,115.6318359,124.6645889,506.0385742,NA,8.743549347,-1.532520322,0.297517164,NA,-0.037964566,-0.518948473,CIV
2,2021,DHS 2021,50,Dabou,CIV.7.2.1_1,Grands Ponts,dabou,1505.595177,42.48819351,46.74580765,115.6318359,124.6645889,605.670105,0.249284655,8.886548996,-1.532520322,1.052958565,0.172371783,0.724065565,-0.518948473,CIV
1,2011,DHS 2011-12,51,Grand-Lahou,CIV.7.2.2_1,Grands Ponts,grand lahou,2179.177795,27.90131187,27.9066143,131.6924286,132.0605927,370.8650513,NA,8.742446899,-1.648719063,-0.727416155,NA,-0.043839393,-0.284900638,CIV
2,2021,DHS 2021,51,Grand-Lahou,CIV.7.2.2_1,Grands Ponts,grand lahou,2179.177795,27.90131187,27.9066143,131.6924286,132.0605927,489.4263916,0.061117612,8.913223267,-1.648719063,0.171557738,-0.367296383,0.866209956,-0.284900638,CIV
1,2011,DHS 2011-12,52,Jacqueville,CIV.7.2.3_1,Grands Ponts,jacqueville,624.7439304,9.140555382,9.465750694,135.6565704,144.8129272,471.241394,NA,8.739666939,-1.798166788,0.033672673,NA,-0.058653512,-0.227131984,CIV
2,2021,DHS 2021,52,Jacqueville,CIV.7.2.3_1,Grands Ponts,jacqueville,624.7439304,9.140555382,9.465750694,135.6565704,144.8129272,557.8712158,0.130585209,8.879573822,-1.798166788,0.690530532,-0.157666136,0.686895595,-0.227131984,CIV
1,2011,DHS 2011-12,53,Adzope,CIV.7.3.1_1,La Mé,adzope,1914.033962,106.9375229,107.1801758,157.0047913,158.1757507,470.2341919,NA,8.776657104,-1.019118547,0.026035711,NA,0.138463202,0.083971408,CIV
2,2021,DHS 2021,53,Adzope,CIV.7.3.1_1,La Mé,adzope,1914.033962,106.9375229,107.1801758,157.0047913,158.1757507,617.3056641,0.23681815,8.936457634,-1.019118547,1.141183477,0.139217692,0.990023463,0.083971408,CIV
1,2011,DHS 2011-12,54,Akoupe,CIV.7.3.2_1,La Mé,akoupe,1729.07365,137.7979279,132.9525146,143.6285248,146.669281,405.6101074,NA,8.77863121,-0.773285319,-0.463966887,NA,0.148983004,-0.110958273,CIV
2,2021,DHS 2021,54,Akoupe,CIV.7.3.2_1,La Mé,akoupe,1729.07365,137.7979279,132.9525146,143.6285248,146.669281,582.9025879,0.121725701,8.954194069,-0.773285319,0.880327222,-0.183673201,1.084539064,-0.110958273,CIV
1,2011,DHS 2011-12,55,Alépé,CIV.7.3.3_1,La Mé,alépé,2217.963391,55.73565292,67.18891907,211.0458832,228.2797852,528.3491821,NA,8.778302193,-1.426991386,0.466684061,NA,0.147229704,0.871501535,CIV
2,2021,DHS 2021,55,Alépé,CIV.7.3.3_1,La Mé,alépé,2217.963391,55.73565292,67.18891907,211.0458832,228.2797852,711.9231567,0.063164458,8.921197891,-1.426991386,1.858606673,-0.360925775,0.908705894,0.871501535,CIV
1,2011,DHS 2011-12,56,Yakasse-Attobrou,CIV.7.3.4_1,La Mé,yakasse attobrou,1582.107334,129.9798584,126.809639,245.2723541,262.6358337,498.9850769,NA,8.766393661,-0.835563868,0.24403506,NA,0.08377039,1.370277115,CIV
2,2021,DHS 2021,56,Yakasse-Attobrou,CIV.7.3.4_1,La Mé,yakasse attobrou,1582.107334,129.9798584,126.809639,245.2723541,262.6358337,630.7954712,0.042957045,8.926670074,-0.835563868,1.243467952,-0.424363625,0.937866585,1.370277115,CIV
1,2011,DHS 2011-12,57,Blolequin,CIV.8.1.1_1,Cavally,blolequin,2980.833524,274.0944824,272.5974731,175.2233276,176.5891724,579.0961304,NA,8.408918381,0.312449687,0.851465319,NA,-1.821177888,0.34946653,CIV
2,2021,DHS 2021,57,Blolequin,CIV.8.1.1_1,Cavally,blolequin,2980.833524,274.0944824,272.5974731,175.2233276,176.5891724,605.2578735,0.01379267,8.634326935,0.312449687,1.049832881,-0.518121591,-0.619999345,0.34946653,CIV
1,2011,DHS 2011-12,58,Guiglo,CIV.8.1.2_1,Cavally,guiglo,3279.505463,244.1705475,245.7475433,156.0678711,158.274353,572.1796875,NA,8.449048996,0.074076357,0.79902241,NA,-1.607326048,0.070317856,CIV
2,2021,DHS 2021,58,Guiglo,CIV.8.1.2_1,Cavally,guiglo,3279.505463,244.1705475,245.7475433,156.0678711,158.274353,540.699585,0.054102864,8.678127289,0.074076357,0.560329171,-0.389222709,-0.386591852,0.070317856,CIV
1,2011,DHS 2011-12,59,Taï,CIV.8.1.3_1,Cavally,taï,4253.084509,216.1890106,211.5228119,414.5097351,459.6856079,694.9371338,NA,8.494704247,-0.148823879,1.729812657,NA,-1.364034006,3.836539941,CIV
2,2021,DHS 2021,59,Taï,CIV.8.1.3_1,Cavally,taï,4253.084509,216.1890106,211.5228119,414.5097351,459.6856079,647.4083862,0.005387274,8.732209206,-0.148823879,1.369432932,-0.545644449,-0.09839499,3.836539941,CIV
1,2011,DHS 2011-12,60,Toulepleu,CIV.8.1.4_1,Cavally,toulepleu,805.6729926,NA,268.0770874,NA,131.0706329,543.3527222,NA,8.3950634,NA,0.580446193,NA,-1.895009625,NA,CIV
2,2021,DHS 2021,60,Toulepleu,CIV.8.1.4_1,Cavally,toulepleu,805.6729926,NA,268.0770874,NA,131.0706329,632.0232544,0.057951614,8.626238823,NA,1.252777437,-0.377174488,-0.663100044,NA,CIV
1,2011,DHS 2011-12,61,Bangolo,CIV.8.2.1_1,Guémon,bangolo,2124.832309,295.9925842,295.9922485,111.1842804,115.6993561,554.0544434,NA,8.4414711,0.486889428,0.661590417,NA,-1.647707862,-0.583761819,CIV
2,2021,DHS 2021,61,Bangolo,CIV.8.2.1_1,Guémon,bangolo,2124.832309,295.9925842,295.9922485,111.1842804,115.6993561,526.6531982,0.040929094,8.659489632,0.486889428,0.453824513,-0.430797779,-0.485909972,-0.583761819,CIV
1,2011,DHS 2011-12,62,Duékoué,CIV.8.2.2_1,Guémon,duékoué,3044.332903,241.7912903,239.4032745,97.50983429,108.4756088,559.361145,NA,8.514033318,0.055123252,0.7018277,NA,-1.261031414,-0.783036813,CIV
2,2021,DHS 2021,62,Duékoué,CIV.8.2.2_1,Guémon,duékoué,3044.332903,241.7912903,239.4032745,97.50983429,108.4756088,516.7225342,0.103673182,8.73357296,0.055123252,0.378526716,-0.237308079,-0.091127686,-0.783036813,CIV
1,2011,DHS 2011-12,63,Facobly,CIV.8.2.3_1,Guémon,facobly,1038.944174,310.0359192,302.2371826,40.52554321,46.0045433,466.0696716,NA,8.444803238,0.59875829,-0.00554115,NA,-1.629951247,-1.613457598,CIV
2,2021,DHS 2021,63,Facobly,CIV.8.2.3_1,Guémon,facobly,1038.944174,310.0359192,302.2371826,40.52554321,46.0045433,447.4751282,0.080260262,8.614308357,0.59875829,-0.146531536,-0.308190847,-0.726676245,-1.613457598,CIV
1,2011,DHS 2011-12,64,Kouibly,CIV.8.2.4_1,Guémon,kouibly,1012.129072,292.6447449,290.080719,88.99443817,87.92736053,517.2612915,NA,8.455355644,0.460220622,0.382611764,NA,-1.573718581,-0.907129994,CIV
2,2021,DHS 2021,64,Kouibly,CIV.8.2.4_1,Guémon,kouibly,1012.129072,292.6447449,290.080719,88.99443817,87.92736053,472.2214355,0.143683746,8.690570831,0.460220622,0.041103693,-0.119586425,-0.320281519,-0.907129994,CIV
1,2011,DHS 2011-12,65,Biankouma,CIV.8.3.1_1,Tonkpi,biankouma,3543.134387,566.2369995,540.9692993,95.39742279,115.9118805,490.2024536,NA,8.291963577,2.639649804,0.177442113,NA,-2.444417769,-0.813820567,CIV
2,2021,DHS 2021,65,Biankouma,CIV.8.3.1_1,Tonkpi,biankouma,3543.134387,566.2369995,540.9692993,95.39742279,115.9118805,477.8223877,0.021453498,8.468261719,2.639649804,0.083572088,-0.493234815,-1.504943463,-0.813820567,CIV
1,2011,DHS 2011-12,66,Danané,CIV.8.3.2_1,Tonkpi,danané,3226.658324,410.2860413,442.6899109,81.0221405,92.70132446,616.2221069,NA,8.224346161,1.3973483,1.132967565,NA,-2.804743889,-1.023308708,CIV
2,2021,DHS 2021,66,Danané,CIV.8.3.2_1,Tonkpi,danané,3226.658324,410.2860413,442.6899109,81.0221405,92.70132446,662.1008911,0.088361591,8.359283447,1.3973483,1.480836686,-0.28349168,-2.085677242,-1.023308708,CIV
1,2011,DHS 2011-12,67,Man,CIV.8.3.3_1,Tonkpi,man,2703.198085,426.4403992,418.3512268,49.55259323,61.6363678,535.3808594,NA,8.325359344,1.526033519,0.520000718,NA,-2.266455228,-1.481908186,CIV
2,2021,DHS 2021,67,Man,CIV.8.3.3_1,Tonkpi,man,2703.198085,426.4403992,418.3512268,49.55259323,61.6363678,584.1116943,0.316628724,8.468653679,1.526033519,0.889495093,0.345937903,-1.502854749,-1.481908186,CIV
1,2011,DHS 2011-12,68,Sipilou,CIV.8.3.4_1,Tonkpi,sipilou,1207.16662,505.9284058,505.6937866,120.4960327,124.9147491,531.7734375,NA,8.03990078,2.159233027,0.492647973,NA,-3.78763398,-0.448063497,CIV
2,2021,DHS 2021,68,Sipilou,CIV.8.3.4_1,Tonkpi,sipilou,1207.16662,505.9284058,505.6937866,120.4960327,124.9147491,497.3011475,0.01486532,8.305311203,2.159233027,0.231266913,-0.514625707,-2.373289671,-0.448063497,CIV
1,2011,DHS 2011-12,69,Zouan-Hounien,CIV.8.3.5_1,Tonkpi,zouan hounien,1310.185693,271.2033386,270.6661987,99.94002533,102.0430832,552.1200562,NA,8.381435394,0.289418907,0.646923211,NA,-1.96763184,-0.747622121,CIV
2,2021,DHS 2021,69,Zouan-Hounien,CIV.8.3.5_1,Tonkpi,zouan hounien,1310.185693,271.2033386,270.6661987,99.94002533,102.0430832,585.0688477,0.223721281,8.567117691,0.289418907,0.896752567,0.104025275,-0.978150356,-0.747622121,CIV
1,2011,DHS 2011-12,70,Daloa,CIV.9.1.1_1,Haut-Sassandra,daloa,3774.827048,245.5240936,244.5431061,108.2906342,120.3992538,398.2561035,NA,8.595506668,0.084858672,-0.519727538,NA,-0.826868474,-0.625930352,CIV
2,2021,DHS 2021,70,Daloa,CIV.9.1.1_1,Haut-Sassandra,daloa,3774.827048,245.5240936,244.5431061,108.2906342,120.3992538,404.317688,0.304589391,8.77752018,0.084858672,-0.473766466,0.315570323,0.143062439,-0.625930352,CIV
1,2011,DHS 2011-12,71,Issia,CIV.9.1.2_1,Haut-Sassandra,issia,3710.233024,221.1515045,221.4177399,112.5719986,126.2182999,527.1644897,NA,8.625806808,-0.109292774,0.457701306,NA,-0.665402204,-0.563538877,CIV
2,2021,DHS 2021,71,Issia,CIV.9.1.2_1,Haut-Sassandra,issia,3710.233024,221.1515045,221.4177399,112.5719986,126.2182999,504.191864,0.056689534,8.776316643,-0.109292774,0.283514756,-0.381120497,0.136648917,-0.563538877,CIV
1,2011,DHS 2011-12,72,Vavoua,CIV.9.1.3_1,Haut-Sassandra,vavoua,6255.592943,271.202179,276.5925598,150.9072723,160.2420502,463.2233887,NA,8.588158607,0.289409669,-0.027122671,NA,-0.866025519,-0.004886527,CIV
2,2021,DHS 2021,72,Vavoua,CIV.9.1.3_1,Haut-Sassandra,vavoua,6255.592943,271.202179,276.5925598,150.9072723,160.2420502,384.3757019,0.057598498,8.780227661,0.289409669,-0.624973637,-0.378278064,0.157490323,-0.004886527,CIV
1,2011,DHS 2011-12,73,Zoukougbeu,CIV.9.1.4_1,Haut-Sassandra,zoukougbeu,1517.398325,233.5495148,238.5606842,171.8308411,201.3757324,498.3005066,NA,8.569029808,-0.010530529,0.238844407,NA,-0.967960885,0.300028495,CIV
2,2021,DHS 2021,73,Zoukougbeu,CIV.9.1.4_1,Haut-Sassandra,zoukougbeu,1517.398325,233.5495148,238.5606842,171.8308411,201.3757324,485.1060181,0.057463706,8.745817184,-0.010530529,0.138799142,-0.378699421,-0.025879498,0.300028495,CIV
1,2011,DHS 2011-12,74,Bouaflé,CIV.9.2.1_1,Marahoué,bouaflé,4151.1264,228.1449585,226.6602478,79.87068939,87.94044495,381.6180115,NA,8.682699203,-0.053583092,-0.645883419,NA,-0.362228598,-1.040088577,CIV
2,2021,DHS 2021,74,Bouaflé,CIV.9.2.1_1,Marahoué,bouaflé,4151.1264,228.1449585,226.6602478,79.87068939,87.94044495,354.4127808,0.194296435,8.893166542,-0.053583092,-0.852163072,0.023564538,0.759329774,-1.040088577,CIV
1,2011,DHS 2011-12,75,Sinfra,CIV.9.2.2_1,Marahoué,sinfra,1672.674532,224.4243927,225.3171387,53.76679993,54.0342598,386.9038391,NA,8.670945168,-0.083221028,-0.60580441,NA,-0.424864623,-1.420495387,CIV
2,2021,DHS 2021,75,Sinfra,CIV.9.2.2_1,Marahoué,sinfra,1672.674532,224.4243927,225.3171387,53.76679993,54.0342598,452.6790771,0.175561696,8.888753891,-0.083221028,-0.107073359,-0.028704218,0.73581522,-1.420495387,CIV
1,2011,DHS 2011-12,76,Zuénoula,CIV.9.2.3_1,Marahoué,zuénoula,3314.791584,247.510437,249.8239136,116.6369629,117.8908386,429.5759583,NA,8.668081284,0.100681834,-0.282249354,NA,-0.44012596,-0.504300957,CIV
2,2021,DHS 2021,76,Zuénoula,CIV.9.2.3_1,Marahoué,zuénoula,3314.791584,247.510437,249.8239136,116.6369629,117.8908386,320.169281,0.235058144,8.933469772,0.100681834,-1.111809363,0.134510138,0.974101461,-0.504300957,CIV
1,2011,DHS 2011-12,77,Boundiali,CIV.10.1.1_1,Bagoué,boundiali,4474.818602,396.6572571,397.5149231,218.0149536,219.2647705,326.8512878,NA,8.641588211,1.28878174,-1.061144031,NA,-0.581304765,0.973060418,CIV
2,2021,DHS 2021,77,Boundiali,CIV.10.1.1_1,Bagoué,boundiali,4474.818602,396.6572571,397.5149231,218.0149536,219.2647705,336.5374756,0.10889335,8.811910629,1.28878174,-0.987699939,-0.22170908,0.326325538,0.973060418,CIV
1,2011,DHS 2011-12,78,Kouto,CIV.10.1.2_1,Bagoué,kouto,3504.197007,383.9838257,389.1211548,235.9170685,238.8899994,327.4289856,NA,8.656244278,1.187825497,-1.056763722,NA,-0.503204122,1.233944391,CIV
2,2021,DHS 2021,78,Kouto,CIV.10.1.2_1,Bagoué,kouto,3504.197007,383.9838257,389.1211548,235.9170685,238.8899994,282.6572571,0.133493245,8.82813549,1.187825497,-1.396238757,-0.149174011,0.412786121,1.233944391,CIV
1,2011,DHS 2011-12,79,Tengréla,CIV.10.1.3_1,Bagoué,tengréla,2327.892403,352.2201843,350.3336792,269.1476746,278.3706055,330.6219482,NA,8.752988815,0.93479711,-1.032553554,NA,0.012337371,1.71820743,CIV
2,2021,DHS 2021,79,Tengréla,CIV.10.1.3_1,Bagoué,tengréla,2327.892403,352.2201843,350.3336792,269.1476746,278.3706055,308.7260742,0.143240467,8.959024429,0.93479711,-1.198575792,-0.120867971,1.110279548,1.71820743,CIV
1,2011,DHS 2011-12,80,Dikodougou,CIV.10.2.1_1,Poro,dikodougou,2488.205534,359.1690063,359.6789551,234.881897,235.1318054,319.9141541,NA,8.725295067,0.990151256,-1.113743825,NA,-0.13523971,1.218859042,CIV
2,2021,DHS 2021,80,Dikodougou,CIV.10.2.1_1,Poro,dikodougou,2488.205534,359.1690063,359.6789551,234.881897,235.1318054,331.2507935,0.114251234,8.965506554,0.990151256,-1.027785428,-0.205774733,1.144822109,1.218859042,CIV
1,2011,DHS 2011-12,81,Korhogo,CIV.10.2.2_1,Poro,korhogo,7321.70488,363.8932495,357.6607666,207.990097,228.4132538,306.9707947,NA,8.729452133,1.027784461,-1.211884941,NA,-0.11308714,0.826970169,CIV
2,2021,DHS 2021,81,Korhogo,CIV.10.2.2_1,Poro,korhogo,7321.70488,363.8932495,357.6607666,207.990097,228.4132538,334.2645874,0.631365955,8.934215546,1.027784461,-1.004933779,1.054515727,0.978075609,0.826970169,CIV
1,2011,DHS 2011-12,82,M'bengue,CIV.10.2.3_1,Poro,m'bengue,2446.580971,350.407959,350.7127075,228.2321167,225.0202789,278.931488,NA,8.749005318,0.920360967,-1.424488851,NA,-0.00889027,1.121953111,CIV
2,2021,DHS 2021,82,M'bengue,CIV.10.2.3_1,Poro,m'bengue,2446.580971,350.407959,350.7127075,228.2321167,225.0202789,303.4056091,0.125620022,8.965761185,0.920360967,-1.238917435,-0.172216219,1.146179011,1.121953111,CIV
1,2011,DHS 2011-12,83,Sinematiali,CIV.10.2.4_1,Poro,sinematiali,493.3343249,335.6404724,333.6672668,187.4071198,190.0477448,315.2635193,NA,8.844706535,0.802723532,-1.149006578,NA,0.501091481,0.527018519,CIV
2,2021,DHS 2021,83,Sinematiali,CIV.10.2.4_1,Poro,sinematiali,493.3343249,335.6404724,333.6672668,187.4071198,190.0477448,328.0629272,1.191658854,9.090673447,0.802723532,-1.051956953,2.030526453,1.811823354,0.527018519,CIV
1,2011,DHS 2011-12,84,Ferkessedougou,CIV.10.3.1_1,Tchologo,ferkessedougou,3591.200617,334.0588989,334.9532166,195.3256531,215.3982391,312.5462646,NA,8.890213013,0.790124756,-1.169609761,NA,0.743590726,0.642413736,CIV
2,2021,DHS 2021,84,Ferkessedougou,CIV.10.3.1_1,Tchologo,ferkessedougou,3591.200617,334.0588989,334.9532166,195.3256531,215.3982391,348.3406982,0.174407408,9.13966465,0.790124756,-0.898203743,-0.031951801,2.072892338,0.642413736,CIV
1,2011,DHS 2011-12,85,Kong,CIV.10.3.2_1,Tchologo,kong,8993.133662,NA,279.237793,NA,280.9403992,289.6554871,NA,8.89895153,NA,-1.343175709,NA,0.790157371,NA,CIV
2,2021,DHS 2021,85,Kong,CIV.10.3.2_1,Tchologo,kong,8993.133662,NA,279.237793,NA,280.9403992,350.4543762,0.030046264,9.144685745,NA,-0.882177091,-0.465541695,2.099649228,NA,CIV
1,2011,DHS 2011-12,86,Ouangolodougou,CIV.10.3.3_1,Tchologo,ouangolodougou,4824.955347,333.8190613,336.6125183,183.2502747,188.2256622,276.2790833,NA,8.827116966,0.788214216,-1.44460032,NA,0.407358512,0.466441638,CIV
2,2021,DHS 2021,86,Ouangolodougou,CIV.10.3.3_1,Tchologo,ouangolodougou,4824.955347,333.8190613,336.6125183,183.2502747,188.2256622,324.8624878,0.08559031,9.053913116,0.788214216,-1.076223814,-0.291919954,1.61593141,0.466441638,CIV
1,2011,DHS 2011-12,87,Béoumi,CIV.11.1.1_1,Gbeke,béoumi,1925.694088,238.0967102,237.5843353,115.2913742,115.1467056,397.2745056,NA,8.736560822,0.025692318,-0.527170359,NA,-0.075205685,-0.523909955,CIV
2,2021,DHS 2021,87,Béoumi,CIV.11.1.1_1,Gbeke,béoumi,1925.694088,238.0967102,237.5843353,115.2913742,115.1467056,327.7117615,0.253116071,8.911154747,0.025692318,-1.054619616,0.182494816,0.855187032,-0.523909955,CIV
1,2011,DHS 2011-12,88,Botro,CIV.11.1.2_1,Gbeke,botro,645.4967261,273.0712891,273.1628723,107.5625763,111.1676331,391.2210083,NA,8.754619598,0.304298954,-0.57307011,NA,0.021027643,-0.636540195,CIV
2,2021,DHS 2021,88,Botro,CIV.11.1.2_1,Gbeke,botro,645.4967261,273.0712891,273.1628723,107.5625763,111.1676331,312.5776672,0.185855091,8.80548954,0.304298954,-1.169371656,1.16E-04,0.292108227,-0.636540195,CIV
1,2011,DHS 2011-12,89,Bouaké,CIV.11.1.3_1,Gbeke,bouaké,3500.642244,273.913208,254.0852814,96.97304535,99.00865173,309.2140198,NA,8.773694992,0.31100566,-1.194876017,NA,0.122678415,-0.790859332,CIV
2,2021,DHS 2021,89,Bouaké,CIV.11.1.3_1,Gbeke,bouaké,3500.642244,273.913208,254.0852814,96.97304535,99.00865173,272.461792,0.822402656,8.936558723,0.31100566,-1.473544368,1.420594804,0.990562158,-0.790859332,CIV
1,2011,DHS 2011-12,90,Diabo,CIV.11.1.4_1,Gbeke,diabo,533.2037115,309.6109314,309.6646118,86.7547226,87.70580292,368.5791016,NA,8.754375458,0.595372848,-0.744749032,NA,0.019726643,-0.939768925,CIV
2,2021,DHS 2021,90,Diabo,CIV.11.1.4_1,Gbeke,diabo,533.2037115,309.6109314,309.6646118,86.7547226,87.70580292,292.9436035,0.431759775,8.799375534,0.595372848,-1.318244051,0.623063354,0.25952733,-0.939768925,CIV
1,2011,DHS 2011-12,91,Sakassou,CIV.11.1.5_1,Gbeke,sakassou,1905.379469,236.7829285,233.1164551,104.3274307,106.8618088,387.8057556,NA,8.728634834,0.015226765,-0.598965761,NA,-0.11744244,-0.683685331,CIV
2,2021,DHS 2021,91,Sakassou,CIV.11.1.5_1,Gbeke,sakassou,1905.379469,236.7829285,233.1164551,104.3274307,106.8618088,297.1069336,0.146333739,8.89431572,0.015226765,-1.286676214,-0.111935501,0.765453621,-0.683685331,CIV
1,2011,DHS 2011-12,92,Dabakala,CIV.11.2.1_1,Hambol,dabakala,9797.279811,275.004364,276.6925964,174.8344727,199.046875,287.8634644,NA,8.820912361,0.319697782,-1.356763457,NA,0.374294823,0.343799823,CIV
2,2021,DHS 2021,92,Dabakala,CIV.11.2.1_1,Hambol,dabakala,9797.279811,275.004364,276.6925964,174.8344727,199.046875,340.4475403,0.09144637,9.043001175,0.319697782,-0.95805245,-0.274135169,1.557782818,0.343799823,CIV
1,2011,DHS 2011-12,93,Katiola,CIV.11.2.2_1,Hambol,katiola,2770.192875,275.4815369,272.6034851,130.93927,139.9092407,352.2285156,NA,8.745585442,0.323498929,-0.86872494,NA,-0.027114431,-0.295876269,CIV
2,2021,DHS 2021,93,Katiola,CIV.11.2.2_1,Hambol,katiola,2770.192875,275.4815369,272.6034851,130.93927,139.9092407,308.9138794,0.273390889,8.868857384,0.323498929,-1.197151787,0.235553153,0.629788819,-0.295876269,CIV
1,2011,DHS 2011-12,94,Niakarmadougou,CIV.11.2.3_1,Hambol,niakarmadougou,6625.663613,330.098053,329.1364136,195.0387573,191.6674042,335.4266052,NA,8.738452911,0.758572755,-0.99612295,NA,-0.065122937,0.638232861,CIV
2,2021,DHS 2021,94,Niakarmadougou,CIV.11.2.3_1,Hambol,niakarmadougou,6625.663613,330.098053,329.1364136,195.0387573,191.6674042,330.1101379,0.077389643,8.989211082,0.758572755,-1.03643428,-0.316987202,1.271141057,0.638232861,CIV
1,2011,DHS 2011-12,95,Koro,CIV.12.1.1_1,Bafing,koro,3185.795161,448.1216125,447.5463867,135.8724213,131.2230225,473.4154968,NA,8.366621971,1.698745532,0.050157487,NA,-2.046571018,-0.223986433,CIV
2,2021,DHS 2021,95,Koro,CIV.12.1.1_1,Bafing,koro,3185.795161,448.1216125,447.5463867,135.8724213,131.2230225,415.8522339,0.042820342,8.565091133,1.698745532,-0.386307472,-0.424796955,-0.98894967,-0.223986433,CIV
1,2011,DHS 2011-12,96,Ouaninou,CIV.12.1.2_1,Bafing,ouaninou,2178.234067,527.3584595,530.8796997,199.9239349,210.6376953,465.9638367,NA,8.118927002,2.329944308,-0.006343628,NA,-3.36651153,0.709423587,CIV
2,2021,DHS 2021,96,Ouaninou,CIV.12.1.2_1,Bafing,ouaninou,2178.234067,527.3584595,530.8796997,199.9239349,210.6376953,443.7971497,0.036004484,8.402402878,2.329944308,-0.174419266,-0.446474597,-1.855898319,0.709423587,CIV
1,2011,DHS 2011-12,97,Touba,CIV.12.1.3_1,Bafing,touba,3613.304698,437.6506653,418.0950317,99.14464569,110.3656845,452.8394165,NA,8.293403625,1.615334223,-0.10585761,NA,-2.436743903,-0.75921303,CIV
2,2021,DHS 2021,97,Touba,CIV.12.1.3_1,Bafing,touba,3613.304698,437.6506653,418.0950317,99.14464569,110.3656845,380.0054016,0.082968302,8.545467377,1.615334223,-0.658110795,-0.29991408,-1.09352261,-0.75921303,CIV
1,2011,DHS 2011-12,98,Dianra,CIV.12.2.1_1,Béré,dianra,3138.352172,357.539978,356.7077637,210.1422729,209.0019226,306.5488586,NA,8.646427155,0.977174456,-1.215084208,NA,-0.555518543,0.858333402,CIV
2,2021,DHS 2021,98,Dianra,CIV.12.2.1_1,Béré,dianra,3138.352172,357.539978,356.7077637,210.1422729,209.0019226,315.7608337,0.065363884,8.889373779,0.977174456,-1.145235765,-0.35409393,0.739118539,0.858333402,CIV
1,2011,DHS 2011-12,99,Kounahiri,CIV.12.2.2_1,Béré,kounahiri,1493.291101,270.824646,268.9067383,130.8963928,132.8924866,426.4727173,NA,8.689956665,0.286402251,-0.305779221,NA,-0.323554347,-0.29650111,CIV
2,2021,DHS 2021,99,Kounahiri,CIV.12.2.2_1,Béré,kounahiri,1493.291101,270.824646,268.9067383,130.8963928,132.8924866,334.6139526,0.13488172,8.972784996,0.286402251,-1.002284769,-0.145127029,1.183608165,-0.29650111,CIV
1,2011,DHS 2011-12,100,Mankono,CIV.12.2.3_1,Béré,mankono,6599.694937,315.1686401,315.524353,195.4667206,196.7895203,357.0302734,NA,8.677271843,0.639645419,-0.832316319,NA,-0.391150433,0.644469485,CIV
2,2021,DHS 2021,100,Mankono,CIV.12.2.3_1,Béré,mankono,6599.694937,315.1686401,315.524353,195.4667206,196.7895203,312.4283752,0.105478257,8.903907776,0.639645419,-1.17050364,-0.231905793,0.816568683,0.644469485,CIV
1,2011,DHS 2011-12,101,Kani,CIV.12.3.1_1,Worodougou,kani,4769.37801,366.5696411,369.2105408,160.3591309,169.7883301,370.2062378,NA,8.520090103,1.04910453,-0.732411511,NA,-1.228755439,0.132853535,CIV
2,2021,DHS 2021,101,Kani,CIV.12.3.1_1,Worodougou,kani,4769.37801,366.5696411,369.2105408,160.3591309,169.7883301,364.0985413,0.036468271,8.709695816,1.04910453,-0.77872222,-0.444995019,-0.218366481,0.132853535,CIV
1,2011,DHS 2011-12,102,Séguéla,CIV.12.3.2_1,Worodougou,séguéla,6669.522839,322.1318359,327.247406,113.5793915,122.1941681,394.5186157,NA,8.584022522,0.695114066,-0.548066488,NA,-0.888066285,-0.54885834,CIV
2,2021,DHS 2021,102,Séguéla,CIV.12.3.2_1,Worodougou,séguéla,6669.522839,322.1318359,327.247406,113.5793915,122.1941681,363.7659912,0.132907629,8.727032661,0.695114066,-0.781243732,-0.150882388,-0.125980251,-0.54885834,CIV
1,2011,DHS 2011-12,103,Attiégoukaro,CIV.13.1.1_1,Yamoussoukro,attiégoukaro,824.1214659,197.4561615,194.1189117,47.23851013,52.84056091,352.1843262,NA,8.698348999,-0.298049295,-0.86906,NA,-0.278832479,-1.515630861,CIV
2,2021,DHS 2021,103,Attiégoukaro,CIV.13.1.1_1,Yamoussoukro,attiégoukaro,824.1214659,197.4561615,194.1189117,47.23851013,52.84056091,326.5921021,0.166534364,8.908624649,-0.298049295,-1.063109269,-0.054188049,0.841704405,-1.515630861,CIV
1,2011,DHS 2011-12,104,Yamoussoukro,CIV.13.1.2_1,Yamoussoukro,yamoussoukro,1238.303947,198.94841,200.7603302,32.21725082,37.53897095,350.7827759,NA,8.684754372,-0.28616208,-0.879687049,NA,-0.351276823,-1.734532697,CIV
2,2021,DHS 2021,104,Yamoussoukro,CIV.13.1.2_1,Yamoussoukro,yamoussoukro,1238.303947,198.94841,200.7603302,32.21725082,37.53897095,368.9908142,1.854989648,8.898227692,-0.28616208,-0.741627281,2.90461391,0.78630011,-1.734532697,CIV
1,2011,DHS 2011-12,105,Bouna,CIV.14.1.1_1,Bounkani,bouna,15599.33961,NA,298.8844604,NA,345.9003601,274.9575806,NA,8.805951118,NA,-1.454620419,NA,0.29456793,NA,CIV
2,2021,DHS 2021,105,Bouna,CIV.14.1.1_1,Bounkani,bouna,15599.33961,NA,298.8844604,NA,345.9003601,368.0106506,0.0233905,9.047737122,NA,-0.749059227,-0.486971881,1.583020181,NA,CIV
1,2011,DHS 2011-12,106,Doropo,CIV.14.1.2_1,Bounkani,doropo,858.0620418,333.2883301,331.8111877,215.8197479,219.458374,246.0559235,NA,8.900000572,0.783986424,-1.673762975,NA,0.795747604,0.94107012,CIV
2,2021,DHS 2021,106,Doropo,CIV.14.1.2_1,Bounkani,doropo,858.0620418,333.2883301,331.8111877,215.8197479,219.458374,369.8315125,0.058859065,9.157499313,0.783986424,-0.735252811,-0.374340167,2.167931388,0.94107012,CIV
1,2011,DHS 2011-12,107,Nassian,CIV.14.1.3_1,Bounkani,nassian,2465.527705,288.3824158,283.3084412,223.9850464,221.6591797,326.0447998,NA,8.752961159,0.426267013,-1.067259107,NA,0.012189992,1.060061397,CIV
2,2021,DHS 2021,107,Nassian,CIV.14.1.3_1,Bounkani,nassian,2465.527705,288.3824158,283.3084412,223.9850464,221.6591797,392.7671814,0.026210159,8.967851639,0.426267013,-0.561346481,-0.477876194,1.157318822,1.060061397,CIV
1,2011,DHS 2011-12,108,Tehini,CIV.14.1.4_1,Bounkani,tehini,2944.237025,328.7034607,324.897644,268.517395,274.1018372,258.4214172,NA,8.914550781,0.747463467,-1.580003441,NA,0.873284142,1.709022491,CIV
2,2021,DHS 2021,108,Tehini,CIV.14.1.4_1,Bounkani,tehini,2944.237025,328.7034607,324.897644,268.517395,274.1018372,362.4494934,0.021254458,9.182229042,0.747463467,-0.791225882,-0.493879047,2.299713519,1.709022491,CIV
1,2011,DHS 2011-12,109,Bondoukou,CIV.14.2.1_1,Gontougo,bondoukou,6935.940274,NA,329.8026123,NA,279.4869385,321.5312195,NA,8.677297592,NA,-1.101482665,NA,-0.391013218,NA,CIV
2,2021,DHS 2021,109,Bondoukou,CIV.14.2.1_1,Gontougo,bondoukou,6935.940274,NA,329.8026123,NA,279.4869385,435.6894226,0.108493805,8.886034012,NA,-0.235894911,-0.222900409,0.721321269,NA,CIV
1,2011,DHS 2011-12,110,Koun-Fao,CIV.14.2.2_1,Gontougo,koun fao,3877.959297,215.3181915,208.6385498,223.9505768,229.7473145,386.7669067,NA,8.792657852,-0.155760802,-0.606842679,NA,0.223729508,1.059559078,CIV
2,2021,DHS 2021,110,Koun-Fao,CIV.14.2.2_1,Gontougo,koun fao,3877.959297,215.3181915,208.6385498,223.9505768,229.7473145,471.7855225,0.056527317,8.864418983,-0.155760802,0.037798447,-0.381628027,0.60613705,1.059559078,CIV
1,2011,DHS 2011-12,111,Sandégué,CIV.14.2.3_1,Gontougo,sandégué,2801.093961,227.6535797,225.863327,194.7718964,194.3664398,339.738678,NA,8.801405907,-0.057497403,-0.963427294,NA,0.270346973,0.634343949,CIV
2,2021,DHS 2021,111,Sandégué,CIV.14.2.3_1,Gontougo,sandégué,2801.093961,227.6535797,225.863327,194.7718964,194.3664398,405.992157,0.037609149,8.974476814,-0.057497403,-0.461070052,-0.441358197,1.192623687,0.634343949,CIV
1,2011,DHS 2011-12,112,Tanda,CIV.14.2.4_1,Gontougo,tanda,1503.843927,253.7860565,248.3599701,207.5944366,209.3525391,357.6871948,NA,8.794398308,0.150673265,-0.82733531,NA,0.233004213,0.821204288,CIV
2,2021,DHS 2021,112,Tanda,CIV.14.2.4_1,Gontougo,tanda,1503.843927,253.7860565,248.3599701,207.5944366,209.3525391,503.8505249,0.128299922,8.857767105,0.150673265,0.280926603,-0.164355034,0.570689888,0.821204288,CIV
1,2011,DHS 2011-12,113,Transua,CIV.14.2.5_1,Gontougo,transua,1042.424033,254.236496,254.3131104,214.1625977,215.0566101,397.716217,NA,8.723301888,0.154261455,-0.523821147,NA,-0.145861154,0.916920798,CIV
2,2021,DHS 2021,113,Transua,CIV.14.2.5_1,Gontougo,transua,1042.424033,254.236496,254.3131104,214.1625977,215.0566101,504.3058167,0.113741241,8.804331779,0.154261455,0.284378785,-0.207288147,0.285938642,0.916920798,CIV
1,2010,DHS 2010,1,Bagassi,BFA.1.1.1_1,Boucle du Mouhoun,bagassi,640.855892,294.7096558,294.4252319,148.7822876,147.8351898,367.2662048,NA,9.098124504,-0.290202789,1.845103024,NA,-0.898360042,0.250406993,BFA
2,2021,DHS 2021,1,Bagassi,BFA.1.1.1_1,Boucle du Mouhoun,bagassi,640.855892,294.7096558,294.4252319,148.7822876,147.8351898,239.0058899,0.041056521,9.366874695,-0.290202789,0.407094482,0.138579651,0.584530375,0.250406993,BFA
1,2010,DHS 2010,2,Bana,BFA.1.1.2_1,Boucle du Mouhoun,bana,151.9533795,365.0789795,364.5014954,189.6557465,190.2465668,369.1576233,NA,9.098125458,1.24761143,1.866308928,NA,-0.89835478,0.943375172,BFA
2,2021,DHS 2021,2,Bana,BFA.1.1.2_1,Boucle du Mouhoun,bana,151.9533795,365.0789795,364.5014954,189.6557465,190.2465668,215.0963135,0.286394477,9.366874695,1.24761143,0.139028906,1.778702944,0.584530375,0.943375172,BFA
1,2010,DHS 2010,3,Boromo,BFA.1.1.3_1,Boucle du Mouhoun,boromo,966.1485781,270.0963745,271.4484253,150.447403,152.8773041,338.6779175,NA,9.122477531,-0.828088502,1.524581424,NA,-0.763986664,0.278637341,BFA
2,2021,DHS 2021,3,Boromo,BFA.1.1.3_1,Boucle du Mouhoun,boromo,966.1485781,270.0963745,271.4484253,150.447403,152.8773041,222.4671326,0.032622218,9.360303879,-0.828088502,0.22166788,0.075529507,0.548274401,0.278637341,BFA
1,2010,DHS 2010,4,Fara,BFA.1.1.4_1,Boucle du Mouhoun,fara,730.5453009,274.4368286,274.4913635,168.7823181,169.2926788,276.7246399,NA,9.128674507,-0.733234499,0.829983547,NA,-0.729793438,0.589487294,BFA
2,2021,DHS 2021,4,Fara,BFA.1.1.4_1,Boucle du Mouhoun,fara,730.5453009,274.4368286,274.4913635,168.7823181,169.2926788,212.1080017,0.006173121,9.338597298,-0.733234499,0.105525029,-0.125582289,0.428503393,0.589487294,BFA
1,2010,DHS 2010,5,Oury,BFA.1.1.5_1,Boucle du Mouhoun,oury,665.5612629,291.125946,290.397644,153.1239777,152.9870758,298.2616272,NA,9.131595612,-0.368519298,1.071448507,NA,-0.713675579,0.32401596,BFA
2,2021,DHS 2021,5,Oury,BFA.1.1.5_1,Boucle du Mouhoun,oury,665.5612629,291.125946,290.397644,153.1239777,152.9870758,187.16185,0.001780057,9.390750885,-0.368519298,-0.174162256,-0.159497198,0.716272695,0.32401596,BFA
1,2010,DHS 2010,6,Pa,BFA.1.1.6_1,Boucle du Mouhoun,pa,405.0593457,289.4519653,289.0935059,146.3723297,146.3067474,392.9915161,NA,9.098198891,-0.405101593,2.133525966,NA,-0.897949597,0.209548593,BFA
2,2021,DHS 2021,6,Pa,BFA.1.1.6_1,Boucle du Mouhoun,pa,405.0593457,289.4519653,289.0935059,146.3723297,146.3067474,268.2636719,0.011960543,9.36570549,-0.405101593,0.735122215,-0.081128136,0.578079022,0.209548593,BFA
1,2010,DHS 2010,7,Pompoï,BFA.1.1.7_1,Boucle du Mouhoun,pompoï,230.0348546,325.3802185,323.9174805,176.2285614,175.71875,351.4430542,NA,9.098124504,0.380055571,1.667699548,NA,-0.898360042,0.715730822,BFA
2,2021,DHS 2021,7,Pompoï,BFA.1.1.7_1,Boucle du Mouhoun,pompoï,230.0348546,325.3802185,323.9174805,176.2285614,175.71875,221.2776947,0.012870216,9.366874695,0.380055571,0.208332331,-0.074163914,0.584530375,0.715730822,BFA
1,2010,DHS 2010,8,Poura,BFA.1.1.8_1,Boucle du Mouhoun,poura,113.8141987,263.6757813,262.3825378,105.275795,105.0622864,268.8968811,NA,9.137499809,-0.968400773,0.74222153,NA,-0.681097823,-0.487201611,BFA
2,2021,DHS 2021,8,Poura,BFA.1.1.8_1,Boucle du Mouhoun,poura,113.8141987,263.6757813,262.3825378,105.275795,105.0622864,192.3338776,0.064098626,9.356249809,-0.968400773,-0.116175342,0.308259924,0.525905148,-0.487201611,BFA
1,2010,DHS 2010,9,Siby,BFA.1.1.9_1,Boucle du Mouhoun,siby,275.6800943,271.2267456,270.631012,126.1092224,126.1521072,313.1435852,NA,9.130856514,-0.803385966,1.23829967,NA,-0.717753718,-0.133991908,BFA
2,2021,DHS 2021,9,Siby,BFA.1.1.9_1,Boucle du Mouhoun,siby,275.6800943,271.2267456,270.631012,126.1092224,126.1521072,198.9440155,0.006847457,9.358042717,-0.803385966,-0.042064852,-0.120389461,0.535797925,-0.133991908,BFA
1,2010,DHS 2010,10,Yaho,BFA.1.1.10_1,Boucle du Mouhoun,yaho,381.0941598,312.3253174,311.6799011,194.6027985,194.4922485,352.6316528,NA,9.067013741,0.094760622,1.681025688,NA,-1.070020769,1.027247438,BFA
2,2021,DHS 2021,10,Yaho,BFA.1.1.10_1,Boucle du Mouhoun,yaho,381.0941598,312.3253174,311.6799011,194.6027985,194.4922485,230.554306,0,9.340208054,0.094760622,0.312338362,-0.173281779,0.437391106,1.027247438,BFA
1,2010,DHS 2010,11,Balavé,BFA.1.2.1_1,Boucle du Mouhoun,balavé,545.6989022,374.6372375,376.148468,308.7879944,309.667511,315.9737549,NA,8.95370388,1.456492578,1.270030515,NA,-1.695233742,2.963142014,BFA
2,2021,DHS 2021,11,Balavé,BFA.1.2.1_1,Boucle du Mouhoun,balavé,545.6989022,374.6372375,376.148468,308.7879944,309.667511,149.2749176,0,9.202311516,1.456492578,-0.598936922,-0.173281779,-0.323484464,2.963142014,BFA
1,2010,DHS 2010,12,Kouka,BFA.1.2.2_1,Boucle du Mouhoun,kouka,789.3818423,319.8291321,320.3120117,190.2557831,190.7809296,351.961731,NA,8.976083755,0.258745045,1.673514765,NA,-1.571747681,0.953548187,BFA
2,2021,DHS 2021,12,Kouka,BFA.1.2.2_1,Boucle du Mouhoun,kouka,789.3818423,319.8291321,320.3120117,190.2557831,190.7809296,200.5125122,0,9.262013435,0.258745045,-0.024479431,-0.173281779,0.005934482,0.953548187,BFA
1,2010,DHS 2010,13,Sami,BFA.1.2.3_1,Boucle du Mouhoun,sami,665.1020278,421.6929016,430.6795044,298.0458679,305.0508728,348.3473816,NA,8.924944878,2.484822331,1.632991979,NA,-1.853918093,2.781020118,BFA
2,2021,DHS 2021,13,Sami,BFA.1.2.3_1,Boucle du Mouhoun,sami,665.1020278,421.6929016,430.6795044,298.0458679,305.0508728,175.6895905,0,9.17954731,2.484822331,-0.302785106,-0.173281779,-0.449091157,2.781020118,BFA
1,2010,DHS 2010,14,Sanaba,BFA.1.2.4_1,Boucle du Mouhoun,sanaba,925.1824378,278.4988098,278.3009033,189.2705536,189.3730011,304.4415894,NA,9.105216026,-0.644466097,1.140736021,NA,-0.859230952,0.936844616,BFA
2,2021,DHS 2021,14,Sanaba,BFA.1.2.4_1,Boucle du Mouhoun,sanaba,925.1824378,278.4988098,278.3009033,189.2705536,189.3730011,128.4569092,0,9.366847038,-0.644466097,-0.832340948,-0.173281779,0.584377774,0.936844616,BFA
1,2010,DHS 2010,15,Solenzo,BFA.1.2.5_1,Boucle du Mouhoun,solenzo,1910.735447,312.9250183,313.0984802,278.0426636,278.0319824,342.8762512,NA,8.994305611,0.107866171,1.571651632,NA,-1.471204443,2.441886008,BFA
2,2021,DHS 2021,15,Solenzo,BFA.1.2.5_1,Boucle du Mouhoun,solenzo,1910.735447,312.9250183,313.0984802,278.0426636,278.0319824,163.546524,0.001304496,9.249524117,0.107866171,-0.438928801,-0.163177496,-0.062978181,2.441886008,BFA
1,2010,DHS 2010,16,Tansila,BFA.1.2.6_1,Boucle du Mouhoun,tansila,1091.409766,408.4667664,409.8449707,298.6345825,299.0832214,291.4172058,NA,9.004666328,2.195785322,0.994711314,NA,-1.414036822,2.791001179,BFA
2,2021,DHS 2021,16,Tansila,BFA.1.2.6_1,Boucle du Mouhoun,tansila,1091.409766,408.4667664,409.8449707,298.6345825,299.0832214,140.5160522,0,9.260849953,2.195785322,-0.697138171,-0.173281779,-4.85E-04,2.791001179,BFA
1,2010,DHS 2010,17,Barani,BFA.1.3.1_1,Boucle du Mouhoun,barani,1905.562506,270.0149231,269.5951233,258.4988708,259.8938293,251.3530884,NA,9.193766594,-0.829868499,0.545526833,NA,-0.370633017,2.110540758,BFA
2,2021,DHS 2021,17,Barani,BFA.1.3.1_1,Boucle du Mouhoun,barani,1905.562506,270.0149231,269.5951233,258.4988708,259.8938293,114.5015869,0,9.482839584,-0.829868499,-0.988803005,-0.173281779,1.224393078,2.110540758,BFA
1,2010,DHS 2010,18,Bomborokuy,BFA.1.3.2_1,Boucle du Mouhoun,bomborokuy,444.0478305,280.1432495,279.7554932,175.2917633,174.6572723,250.875824,NA,9.160930634,-0.608529376,0.540175916,NA,-0.551812911,0.699848357,BFA
2,2021,DHS 2021,18,Bomborokuy,BFA.1.3.2_1,Boucle du Mouhoun,bomborokuy,444.0478305,280.1432495,279.7554932,175.2917633,174.6572723,107.1652145,0,9.445908546,-0.608529376,-1.071055774,-0.173281779,1.020617661,0.699848357,BFA
1,2010,DHS 2010,19,Bourasso,BFA.1.3.3_1,Boucle du Mouhoun,bourasso,698.9809474,266.0068054,266.5083313,168.8205109,168.4670868,268.0878296,NA,9.20324707,-0.917459796,0.733150735,NA,-0.318322328,0.590134814,BFA
2,2021,DHS 2021,19,Bourasso,BFA.1.3.3_1,Boucle du Mouhoun,bourasso,698.9809474,266.0068054,266.5083313,168.8205109,168.4670868,119.2621078,0,9.490454674,-0.917459796,-0.935429755,-0.173281779,1.266411069,0.590134814,BFA
1,2010,DHS 2010,20,Djibasso,BFA.1.3.4_1,Boucle du Mouhoun,djibasso,896.0790612,368.4476013,368.3643188,215.8187714,216.5803375,246.1742554,NA,9.013084412,1.321227521,0.487463619,NA,-1.36758813,1.386942813,BFA
2,2021,DHS 2021,20,Djibasso,BFA.1.3.4_1,Boucle du Mouhoun,djibasso,896.0790612,368.4476013,368.3643188,215.8187714,216.5803375,119.0111084,6.89E-04,9.311666489,1.321227521,-0.938243871,-0.167942375,0.279906518,1.386942813,BFA
1,2010,DHS 2010,21,Dokuy,BFA.1.3.5_1,Boucle du Mouhoun,dokuy,769.078526,306.6933289,306.9949951,231.1961212,231.7985535,295.9303284,NA,9.044064522,-0.028317895,1.045310822,NA,-1.196648313,1.647650236,BFA
2,2021,DHS 2021,21,Dokuy,BFA.1.3.5_1,Boucle du Mouhoun,dokuy,769.078526,306.6933289,306.9949951,231.1961212,231.7985535,127.4285431,0,9.306110382,-0.028317895,-0.843870619,-0.173281779,0.249249434,1.647650236,BFA
1,2010,DHS 2010,22,Doumbala,BFA.1.3.6_1,Boucle du Mouhoun,doumbala,517.2496323,324.2528687,324.1981812,222.06633,222.057785,258.4169312,NA,9.037927628,0.355419059,0.624724098,NA,-1.230510025,1.492863854,BFA
2,2021,DHS 2021,22,Doumbala,BFA.1.3.6_1,Boucle du Mouhoun,doumbala,517.2496323,324.2528687,324.1981812,222.06633,222.057785,100.9812622,0,9.300374031,0.355419059,-1.140388025,-0.173281779,0.21759781,1.492863854,BFA
1,2010,DHS 2010,23,Kombori,BFA.1.3.7_1,Boucle du Mouhoun,kombori,216.611515,325.5189209,325.8689575,286.4151306,287.3871155,238.7264404,NA,9.183075905,0.3830867,0.403961395,NA,-0.42962133,2.583832724,BFA
2,2021,DHS 2021,23,Kombori,BFA.1.3.7_1,Boucle du Mouhoun,kombori,216.611515,325.5189209,325.8689575,286.4151306,287.3871155,118.7071381,0,9.475255013,0.3830867,-0.941651877,-0.173281779,1.182543475,2.583832724,BFA
1,2010,DHS 2010,24,Madouba,BFA.1.3.8_1,Boucle du Mouhoun,madouba,173.5683941,364.9397278,364.097229,188.1434174,187.4317932,238.727356,NA,9.011250496,1.244568296,0.40397166,NA,-1.377707178,0.917735161,BFA
2,2021,DHS 2021,24,Madouba,BFA.1.3.8_1,Boucle du Mouhoun,madouba,173.5683941,364.9397278,364.097229,188.1434174,187.4317932,115.92276,0,9.3125,1.244568296,-0.972869323,-0.173281779,0.284505606,0.917735161,BFA
1,2010,DHS 2010,25,Nouna,BFA.1.3.9_1,Boucle du Mouhoun,nouna,1493.810523,268.6002502,268.3747253,171.815094,173.3465271,262.2232971,NA,9.186429977,-0.860784016,0.667399705,NA,-0.411114471,0.640904944,BFA
2,2021,DHS 2021,25,Nouna,BFA.1.3.9_1,Boucle du Mouhoun,nouna,1493.810523,268.6002502,268.3747253,171.815094,173.3465271,108.0402832,0.00669212,9.471085548,-0.860784016,-1.061244819,-0.121585347,1.159537506,0.640904944,BFA
1,2010,DHS 2010,26,Sono,BFA.1.3.10_1,Boucle du Mouhoun,sono,391.0164358,257.3048706,257.4415283,190.6177368,191.2627716,238.0431976,NA,9.214957237,-1.107627306,0.396301122,NA,-0.253708814,0.959684746,BFA
2,2021,DHS 2021,26,Sono,BFA.1.3.10_1,Boucle du Mouhoun,sono,391.0164358,257.3048706,257.4415283,190.6177368,191.2627716,103.0424271,0,9.48658371,-1.107627306,-1.117278985,-0.173281779,1.245052143,0.959684746,BFA
1,2010,DHS 2010,27,Bondokuy,BFA.1.4.1_1,Boucle du Mouhoun,bondokuy,1078.424841,322.1830139,322.1394958,168.6515503,168.4894714,344.3153687,NA,9.021162033,0.310185542,1.5877865,NA,-1.323018013,0.587270258,BFA
2,2021,DHS 2021,27,Bondokuy,BFA.1.4.1_1,Boucle du Mouhoun,bondokuy,1078.424841,322.1830139,322.1394958,168.6515503,168.4894714,198.7209473,8.17E-04,9.300739288,0.310185542,-0.044565813,-0.166951416,0.2196132,0.587270258,BFA
1,2010,DHS 2010,28,Dedougou,BFA.1.4.2_1,Boucle du Mouhoun,dedougou,1358.869649,283.4318848,282.6844177,143.254837,144.3798828,289.0716553,NA,9.150330544,-0.536661269,0.968413845,NA,-0.610301323,0.156694656,BFA
2,2021,DHS 2021,28,Dedougou,BFA.1.4.2_1,Boucle du Mouhoun,dedougou,1358.869649,283.4318848,282.6844177,143.254837,144.3798828,140.40979,0.060342364,9.416106224,-0.536661269,-0.698329545,0.280851273,0.856176556,0.156694656,BFA
1,2010,DHS 2010,29,Douroula,BFA.1.4.3_1,Boucle du Mouhoun,douroula,478.2484847,272.6750183,272.1190796,121.1181183,120.4130554,261.6446228,NA,9.201002121,-0.771736176,0.660911817,NA,-0.330709348,-0.218611034,BFA
2,2021,DHS 2021,29,Douroula,BFA.1.4.3_1,Boucle du Mouhoun,douroula,478.2484847,272.6750183,272.1190796,121.1181183,120.4130554,134.7172546,0.001378294,9.461070061,-0.771736176,-0.762152206,-0.162606265,1.104274771,-0.218611034,BFA
1,2010,DHS 2010,30,Kona,BFA.1.4.4_1,Boucle du Mouhoun,kona,613.7973836,313.2858887,313.5744324,193.897171,192.8567505,339.9003601,NA,9.136917114,0.115752442,1.538287011,NA,-0.684312975,1.015284238,BFA
2,2021,DHS 2021,30,Kona,BFA.1.4.4_1,Boucle du Mouhoun,kona,613.7973836,313.2858887,313.5744324,193.897171,192.8567505,182.1057739,0.019727284,9.410297394,0.115752442,-0.230849163,-0.021868369,0.824125012,1.015284238,BFA
1,2010,DHS 2010,31,Ouarkoye,BFA.1.4.5_1,Boucle du Mouhoun,ouarkoye,1074.358458,304.4130859,305.03302,214.9489746,213.407135,341.1619873,NA,9.086071968,-0.078149125,1.552431922,NA,-0.964862655,1.372196288,BFA
2,2021,DHS 2021,31,Ouarkoye,BFA.1.4.5_1,Boucle du Mouhoun,ouarkoye,1074.358458,304.4130859,305.03302,214.9489746,213.407135,169.0390778,2.04E-04,9.344633102,-0.078149125,-0.377348263,-0.171703859,0.461807321,1.372196288,BFA
1,2010,DHS 2010,32,Safane,BFA.1.4.6_1,Boucle du Mouhoun,safane,986.984712,310.7419128,310.452301,155.3591309,155.2229156,308.7849426,NA,9.140577316,0.060157732,1.189432136,NA,-0.664116977,0.361910723,BFA
2,2021,DHS 2021,32,Safane,BFA.1.4.6_1,Boucle du Mouhoun,safane,986.984712,310.7419128,310.452301,155.3591309,155.2229156,185.0984497,0.008817754,9.416236877,0.060157732,-0.197296358,-0.105236785,0.856897466,0.361910723,BFA
1,2010,DHS 2010,33,Tchériba,BFA.1.4.7_1,Boucle du Mouhoun,tchériba,1313.756184,277.0514221,277.0854187,101.2934341,100.731163,247.2932434,NA,9.179481506,-0.676096547,0.50000931,NA,-0.449454243,-0.554718514,BFA
2,2021,DHS 2021,33,Tchériba,BFA.1.4.7_1,Boucle du Mouhoun,tchériba,1313.756184,277.0514221,277.0854187,101.2934341,100.731163,160.9285736,0,9.434474945,-0.676096547,-0.46828032,-0.173281779,0.95753016,-0.554718514,BFA
1,2010,DHS 2010,34,Gassan,BFA.1.5.1_1,Boucle du Mouhoun,gassan,1034.292894,271.7501526,271.5857544,155.1470337,155.1118469,243.0418243,NA,9.229374886,-0.791947705,0.452343928,NA,-0.174156154,0.35831483,BFA
2,2021,DHS 2021,34,Gassan,BFA.1.5.1_1,Boucle du Mouhoun,gassan,1034.292894,271.7501526,271.5857544,155.1470337,155.1118469,121.8202362,0.001648204,9.479374886,-0.791947705,-0.90674894,-0.160517416,1.205275813,0.35831483,BFA
1,2010,DHS 2010,35,Gossina,BFA.1.5.2_1,Boucle du Mouhoun,gossina,417.64347,275.3507996,275.2706909,139.5119171,139.9764252,225.7467041,NA,9.222919464,-0.713261059,0.258437257,NA,-0.209775413,0.093237232,BFA
2,2021,DHS 2021,35,Gossina,BFA.1.5.2_1,Boucle du Mouhoun,gossina,417.64347,275.3507996,275.2706909,139.5119171,139.9764252,150.5650024,6.14E-04,9.472369194,-0.713261059,-0.584472954,-0.168525402,1.166620314,0.093237232,BFA
1,2010,DHS 2010,36,Kougny,BFA.1.5.3_1,Boucle du Mouhoun,kougny,334.7112536,289.8950806,289.347229,123.0850906,123.3145905,240.4213562,NA,9.230024338,-0.395417985,0.422964181,NA,-0.170572654,-0.185263006,BFA
2,2021,DHS 2021,36,Kougny,BFA.1.5.3_1,Boucle du Mouhoun,kougny,334.7112536,289.8950806,289.347229,123.0850906,123.3145905,131.7659302,3.42E-04,9.482252121,-0.395417985,-0.795241394,-0.170630423,1.221151615,-0.185263006,BFA
1,2010,DHS 2010,37,Toma,BFA.1.5.4_1,Boucle du Mouhoun,toma,439.3556112,285.8786316,285.9714355,89.89311218,90.48524475,237.2091522,NA,9.233736038,-0.48319135,0.386950105,NA,-0.150092501,-0.747999449,BFA
2,2021,DHS 2021,37,Toma,BFA.1.5.4_1,Boucle du Mouhoun,toma,439.3556112,285.8786316,285.9714355,89.89311218,90.48524475,141.2519989,0.024781957,9.49868679,-0.48319135,-0.688887002,0.016456515,1.311833649,-0.747999449,BFA
1,2010,DHS 2010,38,Yaba,BFA.1.5.5_1,Boucle du Mouhoun,yaba,742.7363652,289.9822083,290.0895386,96.61199188,97.10688019,229.7013245,NA,9.233283997,-0.393513942,0.302775039,NA,-0.152586743,-0.634087635,BFA
2,2021,DHS 2021,38,Yaba,BFA.1.5.5_1,Boucle du Mouhoun,yaba,742.7363652,289.9822083,290.0895386,96.61199188,97.10688019,125.8407822,3.06E-04,9.496685028,-0.393513942,-0.861672024,-0.170908634,1.300788469,-0.634087635,BFA
1,2010,DHS 2010,39,Ye,BFA.1.5.6_1,Boucle du Mouhoun,ye,766.6656622,282.2527466,281.4877625,151.8606873,151.2945251,241.8609161,NA,9.210421562,-0.562429536,0.43910401,NA,-0.278735435,0.302598148,BFA
2,2021,DHS 2021,39,Ye,BFA.1.5.6_1,Boucle du Mouhoun,ye,766.6656622,282.2527466,281.4877625,151.8606873,151.2945251,139.0560303,0,9.463792801,-0.562429536,-0.713507413,-0.173281779,1.11929811,0.302598148,BFA
1,2010,DHS 2010,40,Di,BFA.1.6.1_1,Boucle du Mouhoun,di,290.2926919,258.8444519,259.014679,174.4203186,175.2354889,255.0057983,NA,9.257500648,-1.073982105,0.586479704,NA,-0.018965848,0.685073893,BFA
2,2021,DHS 2021,40,Di,BFA.1.6.1_1,Boucle du Mouhoun,di,290.2926919,258.8444519,259.014679,174.4203186,175.2354889,120.0653763,0.005203046,9.489999771,-1.073982105,-0.926423798,-0.133058614,1.26390104,0.685073893,BFA
1,2010,DHS 2010,41,Gomboro,BFA.1.6.2_1,Boucle du Mouhoun,gomboro,484.8542709,304.1065063,303.8168335,112.5606537,112.6576614,215.8440857,NA,9.264054298,-0.084848955,0.14741266,NA,0.017195409,-0.363694196,BFA
2,2021,DHS 2021,41,Gomboro,BFA.1.6.2_1,Boucle du Mouhoun,gomboro,484.8542709,304.1065063,303.8168335,112.5606537,112.6576614,112.2438354,0,9.476369858,-0.084848955,-1.014116102,-0.173281779,1.188694888,-0.363694196,BFA
1,2010,DHS 2010,42,Kassoum,BFA.1.6.3_1,Boucle du Mouhoun,kassoum,685.7169306,267.1974487,267.1982117,145.8592377,144.4230804,225.0639954,NA,9.254452705,-0.891440103,0.250782972,NA,-0.035783569,0.200849636,BFA
2,2021,DHS 2021,42,Kassoum,BFA.1.6.3_1,Boucle du Mouhoun,kassoum,685.7169306,267.1974487,267.1982117,145.8592377,144.4230804,110.4484329,0,9.488848686,-0.891440103,-1.03424551,-0.173281779,1.257549667,0.200849636,BFA
1,2010,DHS 2010,43,Kiembara,BFA.1.6.4_1,Boucle du Mouhoun,kiembara,743.5979036,308.2689819,307.396637,74.74952698,75.63780975,221.5950165,NA,9.256875038,0.006115599,0.211890028,NA,-0.022417796,-1.004743629,BFA
2,2021,DHS 2021,43,Kiembara,BFA.1.6.4_1,Boucle du Mouhoun,kiembara,743.5979036,308.2689819,307.396637,74.74952698,75.63780975,120.0722656,8.70E-04,9.466875076,0.006115599,-0.926346558,-0.166539599,1.136305267,-1.004743629,BFA
1,2010,DHS 2010,44,Lanfièra,BFA.1.6.5_1,Boucle du Mouhoun,lanfièra,283.3193969,262.173584,262.3094788,181.0804443,181.8527527,226.0276947,NA,9.233710289,-1.001229003,0.261587623,NA,-0.150234578,0.797989593,BFA
2,2021,DHS 2021,44,Lanfièra,BFA.1.6.5_1,Boucle du Mouhoun,lanfièra,283.3193969,262.173584,262.3094788,181.0804443,181.8527527,101.9894485,0,9.481013298,-1.001229003,-1.129084602,-0.173281779,1.214316127,0.797989593,BFA
1,2010,DHS 2010,45,Lankouè,BFA.1.6.6_1,Boucle du Mouhoun,lankouè,293.580039,326.7040405,326.8518066,74.84801483,75.38834381,206.0661774,NA,9.2526474,0.408985681,0.037786267,NA,-0.045744753,-1.003073867,BFA
2,2021,DHS 2021,45,Lankouè,BFA.1.6.6_1,Boucle du Mouhoun,lankouè,293.580039,326.7040405,326.8518066,74.84801483,75.38834381,117.7447586,7.50E-04,9.476655006,0.408985681,-0.95244173,-0.167474565,1.19026826,-1.003073867,BFA
1,2010,DHS 2010,46,Toeni,BFA.1.6.7_1,Boucle du Mouhoun,toeni,1496.740556,267.7996826,267.8182068,181.8057709,180.4593201,227.9411621,NA,9.270124435,-0.8782792,0.283040732,NA,0.050688773,0.810286771,BFA
2,2021,DHS 2021,46,Toeni,BFA.1.6.7_1,Boucle du Mouhoun,toeni,1496.740556,267.7996826,267.8182068,181.8057709,180.4593201,116.0645523,0.001712362,9.500196457,-0.8782792,-0.971279599,-0.160020971,1.320163578,0.810286771,BFA
1,2010,DHS 2010,47,Tougan,BFA.1.6.8_1,Boucle du Mouhoun,tougan,1766.864383,293.6648865,293.3740234,108.6996613,109.0898056,215.7849731,NA,9.251909256,-0.313034628,0.146749911,NA,-0.04981763,-0.42915342,BFA
2,2021,DHS 2021,47,Tougan,BFA.1.6.8_1,Boucle du Mouhoun,tougan,1766.864383,293.6648865,293.3740234,108.6996613,109.0898056,111.6091919,0.012450934,9.480044365,-0.313034628,-1.021231498,-0.077373047,1.208969818,-0.42915342,BFA
1,2010,DHS 2010,48,Banfora,BFA.2.1.1_1,Cascades,banfora,939.1246647,304.23526,306.1965332,43.38148117,44.51513672,344.5513916,NA,8.894329071,-0.08203524,1.590432704,NA,-2.022847782,-1.536557138,BFA
2,2021,DHS 2021,48,Banfora,BFA.2.1.1_1,Cascades,banfora,939.1246647,304.23526,306.1965332,43.38148117,44.51513672,295.9985962,0.207805067,9.105395317,-0.08203524,1.046076216,1.290103937,-0.858241674,-1.536557138,BFA
1,2010,DHS 2010,49,Beregadougou,BFA.2.1.2_1,Cascades,beregadougou,287.6378332,369.8451843,370.9455872,49.6437912,47.28150558,363.1730957,NA,8.87250042,1.351769565,1.799212556,NA,-2.14329234,-1.430386001,BFA
2,2021,DHS 2021,49,Beregadougou,BFA.2.1.2_1,Cascades,beregadougou,287.6378332,369.8451843,370.9455872,49.6437912,47.28150558,297.7970276,0.024102353,9.069999695,1.351769565,1.066239583,0.011314718,-1.053545086,-1.430386001,BFA
1,2010,DHS 2010,50,Mangodara,BFA.2.1.3_1,Cascades,mangodara,2575.8986,275.2175903,274.4786682,260.7687683,261.7158813,322.9667664,NA,8.971575737,-0.716172143,1.348433645,NA,-1.596621701,2.149024575,BFA
2,2021,DHS 2021,50,Mangodara,BFA.2.1.3_1,Cascades,mangodara,2575.8986,275.2175903,274.4786682,260.7687683,261.7158813,380.9124146,6.18E-04,9.24544239,-0.716172143,1.998099422,-0.168491592,-0.085500035,2.149024575,BFA
1,2010,DHS 2010,51,Moussodougou,BFA.2.1.4_1,Cascades,moussodougou,299.7269603,491.5146484,492.1473389,84.9978714,84.83505249,362.3464661,NA,8.861673355,4.010670092,1.789944682,NA,-2.203033136,-0.830993308,BFA
2,2021,DHS 2021,51,Moussodougou,BFA.2.1.4_1,Cascades,moussodougou,299.7269603,491.5146484,492.1473389,84.9978714,84.83505249,315.01651,8.28E-04,9.063957214,4.010670092,1.259298229,-0.16686736,-1.086885848,-0.830993308,BFA
1,2010,DHS 2010,52,Niangoloko,BFA.2.1.5_1,Cascades,niangoloko,2835.433055,289.9740295,289.791687,187.427063,190.8948975,325.8890381,NA,8.971276283,-0.393692676,1.381197106,NA,-1.598274005,0.905590097,BFA
2,2021,DHS 2021,52,Niangoloko,BFA.2.1.5_1,Cascades,niangoloko,2835.433055,289.9740295,289.791687,187.427063,190.8948975,334.4642944,0.010405255,9.238965988,-0.393692676,1.477339797,-0.093049535,-0.12123506,0.905590097,BFA
1,2010,DHS 2010,53,Ouo,BFA.2.1.6_1,Cascades,ouo,2736.608221,337.0555115,336.3457642,191.5856018,192.3044281,335.0377197,NA,8.968528748,0.635201287,1.483768835,NA,-1.613434159,0.976093919,BFA
2,2021,DHS 2021,53,Ouo,BFA.2.1.6_1,Cascades,ouo,2736.608221,337.0555115,336.3457642,191.5856018,192.3044281,369.2287598,1.11E-04,9.242641449,0.635201287,1.867106485,-0.172417828,-0.100954867,0.976093919,BFA
1,2010,DHS 2010,54,Sidéradougou,BFA.2.1.7_1,Cascades,sidéradougou,3888.511897,323.1322327,323.2565308,142.7403412,143.5307617,354.1949768,NA,9.009744644,0.330929269,1.698553115,NA,-1.386016058,0.147971899,BFA
2,2021,DHS 2021,54,Sidéradougou,BFA.2.1.7_1,Cascades,sidéradougou,3888.511897,323.1322327,323.2565308,142.7403412,143.5307617,362.9031677,5.46E-04,9.238760948,0.330929269,1.796186221,-0.169053867,-0.122366415,0.147971899,BFA
1,2010,DHS 2010,55,Soubakaniédougou,BFA.2.1.8_1,Cascades,soubakaniédougou,871.6736254,310.1673889,310.9836121,85.44000244,85.20612335,317.4922791,NA,8.886190414,0.047602388,1.287055662,NA,-2.067754674,-0.823497423,BFA
2,2021,DHS 2021,55,Soubakaniédougou,BFA.2.1.8_1,Cascades,soubakaniédougou,871.6736254,310.1673889,310.9836121,85.44000244,85.20612335,342.597168,0.001052053,9.137979507,0.047602388,1.568522651,-0.165131827,-0.678450979,-0.823497423,BFA
1,2010,DHS 2010,56,Tiéfora,BFA.2.1.9_1,Cascades,tiéfora,1090.255911,300.1435547,300.3434753,89.58431244,90.39422607,358.0879822,NA,8.926384926,-0.171453218,1.742200091,NA,-1.845972299,-0.753234837,BFA
2,2021,DHS 2021,56,Tiéfora,BFA.2.1.9_1,Cascades,tiéfora,1090.255911,300.1435547,300.3434753,89.58431244,90.39422607,316.8928223,6.26E-04,9.137733459,-0.171453218,1.280334768,-0.168431603,-0.679808605,-0.753234837,BFA
1,2010,DHS 2010,57,Dakoro,BFA.2.2.1_1,Cascades,dakoro,415.7424099,316.1860046,316.2963867,98.17636871,97.65867615,301.2825317,NA,8.831443787,0.179130053,1.105317802,NA,-2.369831668,-0.607565208,BFA
2,2021,DHS 2021,57,Dakoro,BFA.2.2.1_1,Cascades,dakoro,415.7424099,316.1860046,316.2963867,98.17636871,97.65867615,343.4289551,0,9.079534531,0.179130053,1.577848349,-0.173281779,-1.000934456,-0.607565208,BFA
1,2010,DHS 2010,58,Douna,BFA.2.2.2_1,Cascades,douna,174.68673,334.1535339,335.8782043,40.44246292,41.1436615,333.4066772,NA,8.765000343,0.571782995,1.465482173,NA,-2.736448507,-1.586385221,BFA
2,2021,DHS 2021,58,Douna,BFA.2.2.2_1,Cascades,douna,174.68673,334.1535339,335.8782043,40.44246292,41.1436615,309.6152954,0,9.009999275,0.571782995,1.198741753,-0.173281779,-1.384611073,-1.586385221,BFA
1,2010,DHS 2010,59,Kankalaba,BFA.2.2.3_1,Cascades,kankalaba,314.7263541,505.2739868,507.5757141,71.9740448,71.48491669,351.6178589,NA,8.765000343,4.311359442,1.669659395,NA,-2.736448507,-1.051799124,BFA
2,2021,DHS 2021,59,Kankalaba,BFA.2.2.3_1,Cascades,kankalaba,314.7263541,505.2739868,507.5757141,71.9740448,71.48491669,327.6921082,0,9.010000229,4.311359442,1.401412479,-0.173281779,-1.384605811,-1.051799124,BFA
1,2010,DHS 2010,60,Loumana,BFA.2.2.4_1,Cascades,loumana,439.2199046,364.901825,369.2967834,117.445488,117.2381058,311.8991089,NA,8.766862869,1.243739988,1.224347049,NA,-2.726171596,-0.280876768,BFA
2,2021,DHS 2021,60,Loumana,BFA.2.2.4_1,Cascades,loumana,439.2199046,364.901825,369.2967834,117.445488,117.2381058,314.5198364,0,9.011949539,1.243739988,1.253729704,-0.173281779,-1.373850047,-0.280876768,BFA
1,2010,DHS 2010,61,Niankorodougou,BFA.2.2.5_1,Cascades,niankorodougou,658.7924601,NA,328.7150574,NA,120.6704865,288.5019531,NA,8.836016655,NA,0.962026549,NA,-2.344599825,NA,BFA
2,2021,DHS 2021,61,Niankorodougou,BFA.2.2.5_1,Cascades,niankorodougou,658.7924601,NA,328.7150574,NA,120.6704865,316.5142517,0.140379578,9.084525108,NA,1.276090371,0.844871059,-0.973397807,NA,BFA
1,2010,DHS 2010,62,Oueleni,BFA.2.2.6_1,Cascades,oueleni,460.5827285,512.3001709,511.5897827,116.7316132,114.0894775,381.590332,NA,8.762001038,4.464905976,2.005699989,NA,-2.75299786,-0.292979794,BFA
2,2021,DHS 2021,62,Oueleni,BFA.2.2.6_1,Cascades,oueleni,460.5827285,512.3001709,511.5897827,116.7316132,114.0894775,348.2994385,2.96E-04,9.006496429,4.464905976,1.632454458,-0.170984997,-1.403938823,-0.292979794,BFA
1,2010,DHS 2010,63,Sindou,BFA.2.2.7_1,Cascades,sindou,404.535995,409.6984558,414.4743347,64.65340424,66.04869843,333.1095581,NA,8.765000343,2.222702016,1.46215098,NA,-2.736448507,-1.175913184,BFA
2,2021,DHS 2021,63,Sindou,BFA.2.2.7_1,Cascades,sindou,404.535995,409.6984558,414.4743347,64.65340424,66.04869843,305.8892822,0.011796192,9.010000229,2.222702016,1.156967033,-0.082387029,-1.384605811,-1.175913184,BFA
1,2010,DHS 2010,64,Wolonkoto,BFA.2.2.8_1,Cascades,wolonkoto,256.1149932,401.7656555,412.5090942,49.46231461,50.32010651,347.6491699,NA,8.818439484,2.049342767,1.625163881,NA,-2.441585873,-1.433462754,BFA
2,2021,DHS 2021,64,Wolonkoto,BFA.2.2.8_1,Cascades,wolonkoto,256.1149932,401.7656555,412.5090942,49.46231461,50.32010651,310.6876526,0,9.039826393,2.049342767,1.210764636,-0.173281779,-1.220033153,-1.433462754,BFA
1,2010,DHS 2010,65,Komki-Ipala,BFA.7.1.1_1,Centre,komki ipala,221.9822366,332.1571045,333.341095,61.35115433,61.21591949,167.9066467,NA,9.161250114,0.528154075,-0.390044673,NA,-0.550050102,-1.231899494,BFA
2,2021,DHS 2021,65,Komki-Ipala,BFA.7.1.1_1,Centre,komki ipala,221.9822366,332.1571045,333.341095,61.35115433,61.21591949,153.769577,0.006556732,9.366250038,0.528154075,-0.548544416,-0.122627807,0.58108369,-1.231899494,BFA
1,2010,DHS 2010,66,Komsilga,BFA.7.1.2_1,Centre,komsilga,318.7734408,314.8974915,317.3761597,72.03535461,74.68981171,158.3165588,NA,9.16368103,0.150971563,-0.497565291,NA,-0.53663697,-1.050759678,BFA
2,2021,DHS 2021,66,Komsilga,BFA.7.1.2_1,Centre,komsilga,318.7734408,314.8974915,317.3761597,72.03535461,74.68981171,149.701004,0.467764676,9.368861198,0.150971563,-0.594159794,2.801011125,0.595491362,-1.050759678,BFA
1,2010,DHS 2010,67,Koubri,BFA.7.1.3_1,Centre,koubri,640.2903876,292.89151,284.5863037,116.8671112,140.6065826,152.5600433,NA,9.195000648,-0.329935591,-0.562105273,NA,-0.36382384,-0.290682562,BFA
2,2021,DHS 2021,67,Koubri,BFA.7.1.3_1,Centre,koubri,640.2903876,292.89151,284.5863037,116.8671112,140.6065826,140.2667694,0.032384902,9.402500153,-0.329935591,-0.699933041,0.073748025,0.781101957,-0.290682562,BFA
1,2010,DHS 2010,68,Ouagadougou,BFA.7.1.4_1,Centre,ouagadougou,521.797157,306.9972839,307.3838806,64.92740631,65.46589661,152.9741821,NA,9.172421455,-0.021675421,-0.557462098,NA,-0.488409683,-1.171267756,BFA
2,2021,DHS 2021,68,Ouagadougou,BFA.7.1.4_1,Centre,ouagadougou,521.797157,306.9972839,307.3838806,64.92740631,65.46589661,154.5378723,8.044994354,9.378248215,-0.021675421,-0.539930566,16.89559697,0.647286363,-1.171267756,BFA
1,2010,DHS 2010,69,Pabre,BFA.7.1.5_1,Centre,pabre,410.040444,306.9527283,307.8952332,77.93241119,87.31861115,155.0223083,NA,9.203207016,-0.022649117,-0.534499243,NA,-0.318543337,-0.950781044,BFA
2,2021,DHS 2021,69,Pabre,BFA.7.1.5_1,Centre,pabre,410.040444,306.9527283,307.8952332,77.93241119,87.31861115,163.8828583,0.099532679,9.417536736,-0.022649117,-0.435157942,0.56215388,0.864069729,-0.950781044,BFA
1,2010,DHS 2010,70,Saaba,BFA.7.1.6_1,Centre,saaba,449.6781795,294.8068542,292.2125244,80.91478729,90.21795654,150.0226135,NA,9.195487022,-0.288078664,-0.590554024,NA,-0.361140161,-0.900217872,BFA
2,2021,DHS 2021,70,Saaba,BFA.7.1.6_1,Centre,saaba,449.6781795,294.8068542,292.2125244,80.91478729,90.21795654,144.9115143,0.500147521,9.403004646,-0.288078664,-0.647857831,2.970155345,0.783885616,-0.900217872,BFA
1,2010,DHS 2010,71,Tanghin-Dassouri,BFA.7.1.7_1,Centre,tanghin dassouri,317.7549897,333.4394226,340.4234619,61.02655792,59.72814941,158.439682,NA,9.161250114,0.556177182,-0.496184878,NA,-0.550050102,-1.237402698,BFA
2,2021,DHS 2021,71,Tanghin-Dassouri,BFA.7.1.7_1,Centre,tanghin dassouri,317.7549897,333.4394226,340.4234619,61.02655792,59.72814941,161.3053131,0.123619221,9.366250038,0.556177182,-0.464056452,0.730110947,0.58108369,-1.237402698,BFA
1,2010,DHS 2010,72,Bagre,BFA.3.1.1_1,Centre-Est,bagre,571.0882799,256.1966858,255.2075806,97.44828033,98.38936615,219.9875641,NA,9.17777729,-1.131844995,0.19386785,NA,-0.458857643,-0.61990921,BFA
2,2021,DHS 2021,72,Bagre,BFA.3.1.1_1,Centre-Est,bagre,571.0882799,256.1966858,255.2075806,97.44828033,98.38936615,189.0291443,0.011499193,9.380882263,-1.131844995,-0.153226824,-0.0846625,0.661820326,-0.61990921,BFA
1,2010,DHS 2010,73,Bane,BFA.3.1.2_1,Centre-Est,bane,452.8346531,250.6300812,249.5757599,173.8752136,176.7221527,217.0392456,NA,9.157699585,-1.253494646,0.160812363,NA,-0.569640958,0.675832189,BFA
2,2021,DHS 2021,73,Bane,BFA.3.1.2_1,Centre-Est,bane,452.8346531,250.6300812,249.5757599,173.8752136,176.7221527,176.8771973,0,9.358202934,-1.253494646,-0.289470085,-0.173281779,0.53668196,0.675832189,BFA
1,2010,DHS 2010,74,Beguedo,BFA.3.1.3_1,Centre-Est,beguedo,34.21152017,245.1867218,245.4613953,37.64221191,38.36531067,184.7289734,NA,9.194375038,-1.372450961,-0.201438794,NA,-0.367275788,-1.633860647,BFA
2,2021,DHS 2021,74,Beguedo,BFA.3.1.3_1,Centre-Est,beguedo,34.21152017,245.1867218,245.4613953,37.64221191,38.36531067,150.8218689,0.095742486,9.403124809,-1.372450961,-0.58159306,0.535390024,0.784548642,-1.633860647,BFA
1,2010,DHS 2010,75,Bissiga,BFA.3.1.4_1,Centre-Est,bissiga,268.2191424,279.8287964,281.2044678,148.5552368,148.0627899,196.7701721,NA,9.159794807,-0.615401269,-0.066437202,NA,-0.55808009,0.246557577,BFA
2,2021,DHS 2021,75,Bissiga,BFA.3.1.4_1,Centre-Est,bissiga,268.2191424,279.8287964,281.2044678,148.5552368,148.0627899,147.6605682,0,9.363418579,-0.615401269,-0.617036426,-0.173281779,0.565460469,0.246557577,BFA
1,2010,DHS 2010,76,Bittou,BFA.3.1.5_1,Centre-Est,bittou,1339.589461,231.4261932,232.0620575,85.9511261,87.69134521,230.1329803,NA,9.150888443,-1.673166321,0.30761461,NA,-0.607222986,-0.814831839,BFA
2,2021,DHS 2021,76,Bittou,BFA.3.1.5_1,Centre-Est,bittou,1339.589461,231.4261932,232.0620575,85.9511261,87.69134521,192.7235565,0.00537391,9.345697403,-1.673166321,-0.111806402,-0.131741252,0.467679842,-0.814831839,BFA
1,2010,DHS 2010,77,Boussouma,BFA.3.1.6_1,Centre-Est,boussouma,386.9241013,260.8651123,259.2473755,77.57714844,86.54197693,202.6441193,NA,9.194375038,-1.029823655,-5.81E-04,NA,-0.367275788,-0.956804165,BFA
2,2021,DHS 2021,77,Boussouma,BFA.3.1.6_1,Centre-Est,boussouma,386.9241013,260.8651123,259.2473755,77.57714844,86.54197693,175.1541748,8.74E-04,9.403124809,-1.029823655,-0.308787993,-0.166514049,0.784548642,-0.956804165,BFA
1,2010,DHS 2010,78,Garango,BFA.3.1.7_1,Centre-Est,garango,446.7913096,278.2900696,278.0335999,62.81563187,63.65540695,186.6364288,NA,9.193320274,-0.649027796,-0.180053089,NA,-0.373095687,-1.207070757,BFA
2,2021,DHS 2021,78,Garango,BFA.3.1.7_1,Centre-Est,garango,446.7913096,278.2900696,278.0335999,62.81563187,63.65540695,157.9389648,0.011840262,9.401961327,-0.649027796,-0.501798739,-0.08204944,0.778128861,-1.207070757,BFA
1,2010,DHS 2010,79,Komtoega,BFA.3.1.8_1,Centre-Est,komtoega,201.4176956,262.9660339,263.2637024,71.68968201,72.57138824,175.2581482,NA,9.194375038,-0.983911218,-0.307622281,NA,-0.367275788,-1.056620207,BFA
2,2021,DHS 2021,79,Komtoega,BFA.3.1.8_1,Centre-Est,komtoega,201.4176956,262.9660339,263.2637024,71.68968201,72.57138824,148.6903076,0,9.403124809,-0.983911218,-0.605491359,-0.173281779,0.784548642,-1.056620207,BFA
1,2010,DHS 2010,80,Niaogho,BFA.3.1.9_1,Centre-Est,niaogho,287.5136903,251.6054993,253.6967316,80.19657898,93.8235321,183.4391785,NA,9.194375038,-1.232178372,-0.215899511,NA,-0.367275788,-0.912394368,BFA
2,2021,DHS 2021,80,Niaogho,BFA.3.1.9_1,Centre-Est,niaogho,287.5136903,251.6054993,253.6967316,80.19657898,93.8235321,153.3324585,0.00182211,9.403124809,-1.232178372,-0.553445232,-0.159171841,0.784548642,-0.912394368,BFA
1,2010,DHS 2010,81,Tenkodogo,BFA.3.1.10_1,Centre-Est,tenkodogo,1150.135587,281.4898987,280.8748474,64.15493011,64.93198395,192.8054199,NA,9.164153099,-0.579100413,-0.110888579,NA,-0.534032223,-1.184364309,BFA
2,2021,DHS 2021,81,Tenkodogo,BFA.3.1.10_1,Centre-Est,tenkodogo,1150.135587,281.4898987,280.8748474,64.15493011,64.93198395,161.9608917,0.087388009,9.368252754,-0.579100413,-0.45670634,0.476067764,0.592134132,-1.184364309,BFA
1,2010,DHS 2010,82,Zabré,BFA.3.1.11_1,Centre-Est,zabré,892.0208933,243.3393707,243.3527679,131.329895,131.2528687,241.7055206,NA,9.171063423,-1.412822001,0.437361771,NA,-0.495902935,-0.045480682,BFA
2,2021,DHS 2021,82,Zabré,BFA.3.1.11_1,Centre-Est,zabré,892.0208933,243.3393707,243.3527679,131.329895,131.2528687,196.3709259,0.026388928,9.35119915,-1.412822001,-0.070913407,0.028601089,0.498036985,-0.045480682,BFA
1,2010,DHS 2010,83,Zoaga,BFA.3.1.12_1,Centre-Est,zoaga,247.4323008,242.1760254,243.1544342,151.1306,153.4191589,262.104248,NA,9.162712097,-1.438245139,0.66606497,NA,-0.541983279,0.290220256,BFA
2,2021,DHS 2021,83,Zoaga,BFA.3.1.12_1,Centre-Est,zoaga,247.4323008,242.1760254,243.1544342,151.1306,153.4191589,198.6836853,0,9.348749161,-1.438245139,-0.04498358,-0.173281779,0.484518611,0.290220256,BFA
1,2010,DHS 2010,84,Zonsé,BFA.3.1.13_1,Centre-Est,zonsé,245.1509943,241.3596954,241.4221802,106.5782013,105.9801483,229.9595795,NA,9.177240372,-1.456084784,0.305670501,NA,-0.461820214,-0.465120629,BFA
2,2021,DHS 2021,84,Zonsé,BFA.3.1.13_1,Centre-Est,zonsé,245.1509943,241.3596954,241.4221802,106.5782013,105.9801483,202.3331451,6.58E-04,9.352884293,-1.456084784,-0.004067149,-0.168184542,0.507335143,-0.465120629,BFA
1,2010,DHS 2010,85,Comin-Yanga,BFA.3.2.1_1,Centre-Est,comin yanga,792.4616717,265.3817749,264.4247131,179.0858154,179.9572906,200.5549316,NA,9.120629311,-0.931118884,-0.024003839,NA,-0.774184644,0.764172676,BFA
2,2021,DHS 2021,85,Comin-Yanga,BFA.3.2.1_1,Centre-Est,comin yanga,792.4616717,265.3817749,264.4247131,179.0858154,179.9572906,162.6334686,1.53E-04,9.321878433,-0.931118884,-0.44916565,-0.172096403,0.336253249,0.764172676,BFA
1,2010,DHS 2010,86,Dourtenga,BFA.3.2.2_1,Centre-Est,dourtenga,102.4946949,290.4420776,289.2845154,147.0772705,147.8980103,185.6206665,NA,9.13730526,-0.383464199,-0.191441451,NA,-0.682171294,0.221500152,BFA
2,2021,DHS 2021,86,Dourtenga,BFA.3.2.2_1,Centre-Est,dourtenga,102.4946949,290.4420776,289.2845154,147.0772705,147.8980103,159.9043884,0,9.339566231,-0.383464199,-0.479763116,-0.173281779,0.433849702,0.221500152,BFA
1,2010,DHS 2010,87,Lalgaye,BFA.3.2.3_1,Centre-Est,lalgaye,667.1477123,253.2657776,252.0049744,149.131958,142.6665039,201.2487183,NA,9.156776428,-1.195895522,-0.016225353,NA,-0.574734685,0.256335302,BFA
2,2021,DHS 2021,87,Lalgaye,BFA.3.2.3_1,Centre-Est,lalgaye,667.1477123,253.2657776,252.0049744,149.131958,142.6665039,167.5619507,0,9.356734276,-1.195895522,-0.393909281,-0.173281779,0.528578303,0.256335302,BFA
1,2010,DHS 2010,88,Ouargaye,BFA.3.2.4_1,Centre-Est,ouargaye,352.3495542,281.0905151,280.8959045,104.8184814,105.7774353,207.4545593,NA,9.11756134,-0.587828331,0.053352306,NA,-0.791112869,-0.4949549,BFA
2,2021,DHS 2021,88,Ouargaye,BFA.3.2.4_1,Centre-Est,ouargaye,352.3495542,281.0905151,280.8959045,104.8184814,105.7774353,170.2060394,0.010304996,9.317415237,-0.587828331,-0.364264708,-0.093818655,0.311626549,-0.4949549,BFA
1,2010,DHS 2010,89,Sangha,BFA.3.2.5_1,Centre-Est,sangha,440.5782509,293.9549561,294.3811951,67.09700012,69.81645203,256.3800659,NA,9.103125572,-0.3066956,0.601887498,NA,-0.870765509,-1.134484486,BFA
2,2021,DHS 2021,89,Sangha,BFA.3.2.5_1,Centre-Est,sangha,440.5782509,293.9549561,294.3811951,67.09700012,69.81645203,184.0193329,0.002883442,9.303125381,-0.3066956,-0.209395028,-0.150964983,0.232779013,-1.134484486,BFA
1,2010,DHS 2010,90,Soudougui,BFA.3.2.6_1,Centre-Est,soudougui,1950.56234,236.7067261,235.9299927,165.3732605,165.9932709,236.2278748,NA,9.129055023,-1.557768332,0.375948375,NA,-0.727693854,0.531690168,BFA
2,2021,DHS 2021,90,Soudougui,BFA.3.2.6_1,Centre-Est,soudougui,1950.56234,236.7067261,235.9299927,165.3732605,165.9932709,166.1430664,2.63E-04,9.315813065,-1.557768332,-0.409817301,-0.171243597,0.302786195,0.531690168,BFA
1,2010,DHS 2010,91,Yargatenga,BFA.3.2.7_1,Centre-Est,yargatenga,431.4481523,264.5114746,264.4268494,54.92861557,56.39087296,246.0294189,NA,9.126099586,-0.95013797,0.485839765,NA,-0.74400115,-1.340787146,BFA
2,2021,DHS 2021,91,Yargatenga,BFA.3.2.7_1,Centre-Est,yargatenga,431.4481523,264.5114746,264.4268494,54.92861557,56.39087296,185.7721405,0.037403073,9.323680878,-0.95013797,-0.189743179,0.111331455,0.346198647,-1.340787146,BFA
1,2010,DHS 2010,92,Yondé,BFA.3.2.8_1,Centre-Est,yondé,635.9225187,282.7964783,281.9107056,206.0372925,211.6307526,207.1411133,NA,9.110900879,-0.550547109,0.049838062,NA,-0.827863482,1.221107726,BFA
2,2021,DHS 2021,92,Yondé,BFA.3.2.8_1,Centre-Est,yondé,635.9225187,282.7964783,281.9107056,206.0372925,211.6307526,168.8491364,2.31E-04,9.31145668,-0.550547109,-0.379477818,-0.171491716,0.278748852,1.221107726,BFA
1,2010,DHS 2010,93,Andemtenga,BFA.3.3.1_1,Centre-Est,andemtenga,702.7945294,303.6103516,302.42099,82.33257294,87.13148499,146.3121643,NA,9.059019089,-0.095691661,-0.632154247,NA,-1.114133082,-0.87618075,BFA
2,2021,DHS 2021,93,Andemtenga,BFA.3.3.1_1,Centre-Est,andemtenga,702.7945294,303.6103516,302.42099,82.33257294,87.13148499,140.6814423,2.15E-04,9.238740921,-0.095691661,-0.695283878,-0.171613982,-0.122476919,-0.87618075,BFA
1,2010,DHS 2010,94,Baskouré,BFA.3.3.2_1,Centre-Est,baskouré,71.05681725,318.4859619,319.2842407,52.29968262,53.68962479,158.3319855,NA,9.041874886,0.22939211,-0.497392333,NA,-1.208730129,-1.385358047,BFA
2,2021,DHS 2021,94,Baskouré,BFA.3.3.2_1,Centre-Est,baskouré,71.05681725,318.4859619,319.2842407,52.29968262,53.68962479,133.9088287,0,9.216875076,0.22939211,-0.771215986,-0.173281779,-0.2431267,-1.385358047,BFA
1,2010,DHS 2010,95,Dialgaye,BFA.3.3.3_1,Centre-Est,dialgaye,380.0038447,297.2195129,297.5003357,39.99494553,39.61811066,180.9602509,NA,9.14703083,-0.235353689,-0.243692356,NA,-0.628508242,-1.593972426,BFA
2,2021,DHS 2021,95,Dialgaye,BFA.3.3.3_1,Centre-Est,dialgaye,380.0038447,297.2195129,297.5003357,39.99494553,39.61811066,152.3269653,0.002038887,9.347223282,-0.235353689,-0.56471846,-0.157494881,0.476099226,-1.593972426,BFA
1,2010,DHS 2010,96,Gounghin,BFA.3.3.4_1,Centre-Est,gounghin,419.1148232,321.793335,321.3133545,61.89646149,61.90354538,163.9454651,NA,9.053002357,0.301669703,-0.434456017,NA,-1.147331767,-1.222654362,BFA
2,2021,DHS 2021,96,Gounghin,BFA.3.3.4_1,Centre-Est,gounghin,419.1148232,321.793335,321.3133545,61.89646149,61.90354538,130.8478088,0,9.230669022,0.301669703,-0.805535041,-0.173281779,-0.167015464,-1.222654362,BFA
1,2010,DHS 2010,97,Kando,BFA.3.3.5_1,Centre-Est,kando,333.450579,301.5490417,299.5954285,68.45098877,72.25260162,154.822113,NA,9.110378265,-0.140738442,-0.536743761,NA,-0.830747121,-1.111528977,BFA
2,2021,DHS 2021,97,Kando,BFA.3.3.5_1,Centre-Est,kando,333.450579,301.5490417,299.5954285,68.45098877,72.25260162,146.7939758,0,9.300815582,-0.140738442,-0.626752349,-0.173281779,0.220034169,-1.111528977,BFA
1,2010,DHS 2010,98,Koupéla,BFA.3.3.6_1,Centre-Est,koupéla,340.2648326,303.315918,303.3382874,40.38149643,41.19284821,162.8710327,NA,9.041874886,-0.102126058,-0.446502167,NA,-1.208730129,-1.587418847,BFA
2,2021,DHS 2021,98,Koupéla,BFA.3.3.6_1,Centre-Est,koupéla,340.2648326,303.315918,303.3382874,40.38149643,41.19284821,142.1011505,0.106339931,9.216875076,-0.102126058,-0.679366619,0.609991414,-0.2431267,-1.587418847,BFA
1,2010,DHS 2010,99,Pouytenga,BFA.3.3.7_1,Centre-Est,pouytenga,175.2374431,309.9372253,309.6061401,43.72691727,44.7759819,150.3693848,NA,9.041874886,0.042572514,-0.586666149,NA,-1.208730129,-1.530700618,BFA
2,2021,DHS 2021,99,Pouytenga,BFA.3.3.7_1,Centre-Est,pouytenga,175.2374431,309.9372253,309.6061401,43.72691727,44.7759819,140.9333191,0.245696515,9.216875076,0.042572514,-0.692459926,1.529526651,-0.2431267,-1.530700618,BFA
1,2010,DHS 2010,100,Tensobentenga,BFA.3.3.8_1,Centre-Est,tensobentenga,268.1048497,308.4395752,308.7295532,57.96173859,58.41749954,181.5805664,NA,9.126753807,0.009843655,-0.236737601,NA,-0.740391339,-1.289363611,BFA
2,2021,DHS 2021,100,Tensobentenga,BFA.3.3.8_1,Centre-Est,tensobentenga,268.1048497,308.4395752,308.7295532,57.96173859,58.41749954,148.133194,0.001034424,9.322089195,0.009843655,-0.611737517,-0.165268317,0.337416176,-1.289363611,BFA
1,2010,DHS 2010,101,Yargo,BFA.3.3.9_1,Centre-Est,yargo,115.8115107,312.7641602,313.2475281,60.9309845,61.38732529,176.2741699,NA,9.041875839,0.104350862,-0.296231011,NA,-1.208724867,-1.239023048,BFA
2,2021,DHS 2021,101,Yargo,BFA.3.3.9_1,Centre-Est,yargo,115.8115107,312.7641602,313.2475281,60.9309845,61.38732529,141.462738,0.001990391,9.216875076,0.104350862,-0.686524271,-0.157870006,-0.2431267,-1.239023048,BFA
1,2010,DHS 2010,102,Bourzanga,BFA.4.1.1_1,Centre-Nord,bourzanga,1076.576214,333.0542603,333.1401978,147.3119049,148.0006561,125.7435074,NA,9.29633522,0.547760046,-0.862762634,NA,0.195312751,0.225478141,BFA
2,2021,DHS 2021,102,Bourzanga,BFA.4.1.1_1,Centre-Nord,bourzanga,1076.576214,333.0542603,333.1401978,147.3119049,148.0006561,81.58264923,0.004583949,9.515227318,0.547760046,-1.3578783,-0.137833736,1.403099778,0.225478141,BFA
1,2010,DHS 2010,103,Guibare,BFA.4.1.2_1,Centre-Nord,guibare,258.7669302,305.7509155,305.3690186,117.7241516,117.3456726,157.194046,NA,9.223039627,-0.048912901,-0.510150501,NA,-0.209112386,-0.276152308,BFA
2,2021,DHS 2021,103,Guibare,BFA.4.1.2_1,Centre-Nord,guibare,258.7669302,305.7509155,305.3690186,117.7241516,117.3456726,116.0644379,0.002560204,9.439320564,-0.048912901,-0.971280882,-0.153463532,0.984266968,-0.276152308,BFA
1,2010,DHS 2010,104,Kongoussi,BFA.4.1.3_1,Centre-Nord,kongoussi,656.324591,334.7287598,334.3487244,118.906456,118.8964462,140.9200745,NA,9.232708931,0.584353678,-0.69260842,NA,-0.155759799,-0.256107532,BFA
2,2021,DHS 2021,104,Kongoussi,BFA.4.1.3_1,Centre-Nord,kongoussi,656.324591,334.7287598,334.3487244,118.906456,118.8964462,97.37281799,0.022399185,9.448794365,0.584353678,-1.180844604,-0.00158622,1.036540822,-0.256107532,BFA
1,2010,DHS 2010,105,Nassere,BFA.4.1.4_1,Centre-Nord,nassere,128.0151222,325.8376465,325.5567017,105.9780045,107.0995789,139.2307434,NA,9.261875153,0.390051961,-0.711548592,NA,0.005171475,-0.47529636,BFA
2,2021,DHS 2021,105,Nassere,BFA.4.1.4_1,Centre-Nord,nassere,128.0151222,325.8376465,325.5567017,105.9780045,107.0995789,97.36508179,8.59E-04,9.475625038,0.390051961,-1.18093134,-0.166625619,1.184585175,-0.47529636,BFA
1,2010,DHS 2010,106,Rollo,BFA.4.1.5_1,Centre-Nord,rollo,567.3007726,341.8754578,342.2368469,160.758316,160.9267731,137.9078522,NA,9.284834862,0.74053386,-0.726380373,NA,0.131856902,0.45344845,BFA
2,2021,DHS 2021,106,Rollo,BFA.4.1.5_1,Centre-Nord,rollo,567.3007726,341.8754578,342.2368469,160.758316,160.9267731,93.46983337,5.90E-04,9.502249718,0.74053386,-1.224603465,-0.168707843,1.331492912,0.45344845,BFA
1,2010,DHS 2010,107,Rouko,BFA.4.1.6_1,Centre-Nord,rouko,126.0441956,327.8135681,327.8014832,112.0741119,111.9812012,158.7018127,NA,9.223125458,0.433232714,-0.493245962,NA,-0.208638796,-0.371943019,BFA
2,2021,DHS 2021,107,Rouko,BFA.4.1.6_1,Centre-Nord,rouko,126.0441956,327.8135681,327.8014832,112.0741119,111.9812012,107.2543182,0,9.439374924,0.433232714,-1.070056776,-0.173281779,0.984566909,-0.371943019,BFA
1,2010,DHS 2010,108,Sabce,BFA.4.1.7_1,Centre-Nord,sabce,340.3324894,326.4831543,326.0571899,119.9945831,119.7821045,148.6442413,NA,9.245922089,0.40415855,-0.606007837,NA,-0.082853191,-0.237659437,BFA
2,2021,DHS 2021,108,Sabce,BFA.4.1.7_1,Centre-Nord,sabce,340.3324894,326.4831543,326.0571899,119.9945831,119.7821045,108.0151749,0.216336206,9.460700989,0.40415855,-1.061526325,1.344657964,1.102238332,-0.237659437,BFA
1,2010,DHS 2010,109,Tikare,BFA.4.1.8_1,Centre-Nord,tikare,391.6123903,350.0507813,349.9937134,90.26358795,90.59098053,156.4461212,NA,9.226148605,0.919193083,-0.518535965,NA,-0.19195789,-0.741718407,BFA
2,2021,DHS 2021,109,Tikare,BFA.4.1.8_1,Centre-Nord,tikare,391.6123903,350.0507813,349.9937134,90.26358795,90.59098053,108.6579437,3.09E-04,9.442456245,0.919193083,-1.054319831,-0.170886387,1.001568803,-0.741718407,BFA
1,2010,DHS 2010,110,Zimtenga,BFA.4.1.9_1,Centre-Nord,zimtenga,481.1041079,322.8517761,323.704895,144.7797241,150.4042206,132.7380371,NA,9.275014877,0.32480032,-0.784342481,NA,0.0776729,0.182547575,BFA
2,2021,DHS 2021,110,Zimtenga,BFA.4.1.9_1,Centre-Nord,zimtenga,481.1041079,322.8517761,323.704895,144.7797241,150.4042206,92.77651978,0,9.491510391,0.32480032,-1.232376647,-0.173281779,1.272236231,0.182547575,BFA
1,2010,DHS 2010,111,Boala,BFA.4.2.1_1,Centre-Nord,boala,386.7742784,313.95047,314.1107483,132.5896759,133.0427246,148.096405,NA,9.222533226,0.130275853,-0.612149981,NA,-0.21190657,-0.02412237,BFA
2,2021,DHS 2021,111,Boala,BFA.4.2.1_1,Centre-Nord,boala,386.7742784,313.95047,314.1107483,132.5896759,133.0427246,108.3702164,0.001783043,9.429715157,0.130275853,-1.057545727,-0.159474092,0.931266942,-0.02412237,BFA
1,2010,DHS 2010,112,Boulsa,BFA.4.2.2_1,Centre-Nord,boulsa,1166.759286,309.6410217,309.6455383,97.47228241,97.76520538,155.6463928,NA,9.216217041,0.036099436,-0.527502232,NA,-0.24675756,-0.619502279,BFA
2,2021,DHS 2021,112,Boulsa,BFA.4.2.2_1,Centre-Nord,boulsa,1166.759286,309.6410217,309.6455383,97.47228241,97.76520538,134.0310669,0.003787298,9.428945541,0.036099436,-0.769845496,-0.143982675,0.927020415,-0.619502279,BFA
1,2010,DHS 2010,113,Bouroum,BFA.4.2.3_1,Centre-Nord,bouroum,1295.276081,303.9049988,303.9648132,174.7452087,174.9229889,115.2385712,NA,9.341183662,-0.089252595,-0.980540202,NA,0.44277425,0.690582077,BFA
2,2021,DHS 2021,113,Bouroum,BFA.4.2.3_1,Centre-Nord,bouroum,1295.276081,303.9049988,303.9648132,174.7452087,174.9229889,63.62612915,2.31E-04,9.53444767,-0.089252595,-1.559200348,-0.171490085,1.50915245,0.690582077,BFA
1,2010,DHS 2010,114,Dargo,BFA.4.2.4_1,Centre-Nord,dargo,574.8110682,298.0781555,298.0541382,107.6990891,107.2430725,161.284256,NA,9.214374542,-0.216589366,-0.464292537,NA,-0.256923966,-0.44611711,BFA
2,2021,DHS 2021,114,Dargo,BFA.4.2.4_1,Centre-Nord,dargo,574.8110682,298.0781555,298.0541382,107.6990891,107.2430725,134.9913025,0,9.436875343,-0.216589366,-0.75907968,-0.173281779,0.970774904,-0.44611711,BFA
1,2010,DHS 2010,115,Nagbingou,BFA.4.2.5_1,Centre-Nord,nagbingou,478.5394919,291.4535217,291.6854248,122.9030609,123.4523392,117.053154,NA,9.349571228,-0.361360631,-0.960195752,NA,0.489054554,-0.188349136,BFA
2,2021,DHS 2021,115,Nagbingou,BFA.4.2.5_1,Centre-Nord,nagbingou,478.5394919,291.4535217,291.6854248,122.9030609,123.4523392,66.07775116,0,9.538399696,-0.361360631,-1.531713643,-0.173281779,1.530958656,-0.188349136,BFA
1,2010,DHS 2010,116,Tougouri,BFA.4.2.6_1,Centre-Nord,tougouri,1551.045752,294.4808044,294.6899719,116.7868729,116.5453873,128.63797,NA,9.290324211,-0.295203985,-0.83031096,NA,0.162145638,-0.292042922,BFA
2,2021,DHS 2021,116,Tougouri,BFA.4.2.6_1,Centre-Nord,tougouri,1551.045752,294.4808044,294.6899719,116.7868729,116.5453873,82.16757965,0.001646958,9.486575127,-0.295203985,-1.35132027,-0.160527053,1.245004784,-0.292042922,BFA
1,2010,DHS 2010,117,Yalgo,BFA.4.2.7_1,Centre-Nord,yalgo,577.2948205,283.8096619,283.5792542,68.95855713,69.11568451,131.6460724,NA,9.338960648,-0.528405527,-0.796585197,NA,0.430508259,-1.102923669,BFA
2,2021,DHS 2021,117,Yalgo,BFA.4.2.7_1,Centre-Nord,yalgo,577.2948205,283.8096619,283.5792542,68.95855713,69.11568451,71.62158966,0.044769444,9.526656151,-0.528405527,-1.469558119,0.166173623,1.466160968,-1.102923669,BFA
1,2010,DHS 2010,118,Zeguedeguin,BFA.4.2.8_1,Centre-Nord,zeguedeguin,378.2646626,298.977417,299.0799255,123.0393677,122.9140854,152.0375824,NA,9.218129158,-0.196937378,-0.567962917,NA,-0.236207018,-0.186038192,BFA
2,2021,DHS 2021,118,Zeguedeguin,BFA.4.2.8_1,Centre-Nord,zeguedeguin,378.2646626,298.977417,299.0799255,123.0393677,122.9140854,108.5810242,0,9.437228203,-0.196937378,-1.055182226,-0.173281779,0.972721887,-0.186038192,BFA
1,2010,DHS 2010,119,Barsalogho,BFA.4.3.1_1,Centre-Nord,barsalogho,1811.295655,312.1298828,311.9671631,196.7098236,198.7257538,136.5414734,NA,9.29920578,0.090489698,-0.741699721,NA,0.211151718,1.06296992,BFA
2,2021,DHS 2021,119,Barsalogho,BFA.4.3.1_1,Centre-Nord,barsalogho,1811.295655,312.1298828,311.9671631,196.7098236,198.7257538,82.99692535,0,9.507468224,0.090489698,-1.342021944,-0.173281779,1.360287207,1.06296992,BFA
1,2010,DHS 2010,120,Boussouma,BFA.4.3.2_1,Centre-Nord,boussouma,773.0582629,314.4775696,313.9649658,137.237854,137.3138123,132.9736938,NA,9.236223221,0.141794811,-0.781700382,NA,-0.136368904,0.054682791,BFA
2,2021,DHS 2021,120,Boussouma,BFA.4.3.2_1,Centre-Nord,boussouma,773.0582629,314.4775696,313.9649658,137.237854,137.3138123,108.4711761,0.009779286,9.445748329,0.141794811,-1.056413802,-0.097852813,1.019733626,0.054682791,BFA
1,2010,DHS 2010,121,Dablo,BFA.4.3.3_1,Centre-Nord,dablo,536.5550519,323.0160217,323.1741943,234.765976,234.6683655,135.2247009,NA,9.308125496,0.328389657,-0.7564629,NA,0.260368283,1.708173515,BFA
2,2021,DHS 2021,121,Dablo,BFA.4.3.3_1,Centre-Nord,dablo,536.5550519,323.0160217,323.1741943,234.765976,234.6683655,79.0364151,0,9.529375076,0.328389657,-1.386425762,-0.173281779,1.481163259,1.708173515,BFA
1,2010,DHS 2010,122,Kaya,BFA.4.3.4_1,Centre-Nord,kaya,909.8110514,322.3616333,322.1556702,124.4473267,125.1815262,136.7505493,NA,9.263460159,0.314088996,-0.739355637,NA,0.013917111,-0.162167671,BFA
2,2021,DHS 2021,122,Kaya,BFA.4.3.4_1,Centre-Nord,kaya,909.8110514,322.3616333,322.1556702,124.4473267,125.1815262,101.4115753,0.090866774,9.475757599,0.314088996,-1.135563509,0.500824468,1.185316609,-0.162167671,BFA
1,2010,DHS 2010,123,Korsimoro,BFA.4.3.5_1,Centre-Nord,korsimoro,605.7392443,296.2321167,296.6452332,141.9615173,141.9744873,134.4996643,NA,9.230625153,-0.256931728,-0.76459175,NA,-0.167257521,0.134767728,BFA
2,2021,DHS 2021,123,Korsimoro,BFA.4.3.5_1,Centre-Nord,korsimoro,605.7392443,296.2321167,296.6452332,141.9615173,141.9744873,127.7271805,0.003719841,9.439374924,-0.256931728,-0.840522404,-0.144503562,0.984566909,0.134767728,BFA
1,2010,DHS 2010,124,Mane,BFA.4.3.6_1,Centre-Nord,mane,727.7714019,308.9107666,309.1410522,134.9787292,134.8563538,147.058609,NA,9.246779442,0.020140824,-0.623785377,NA,-0.078122549,0.016381614,BFA
2,2021,DHS 2021,124,Mane,BFA.4.3.6_1,Centre-Nord,mane,727.7714019,308.9107666,309.1410522,134.9787292,134.8563538,122.2810516,0.040880308,9.459328651,0.020140824,-0.901582443,0.137267608,1.094666148,0.016381614,BFA
1,2010,DHS 2010,125,Namissiguima,BFA.4.3.7_1,Centre-Nord,namissiguima,410.2652805,331.2824402,331.603302,189.2083893,192.01297,137.1939545,NA,9.279040337,0.509039621,-0.734384337,NA,0.099884289,0.935790684,BFA
2,2021,DHS 2021,125,Namissiguima,BFA.4.3.7_1,Centre-Nord,namissiguima,410.2652805,331.2824402,331.603302,189.2083893,192.01297,88.60405731,0,9.495573997,0.509039621,-1.279156797,-0.173281779,1.294658104,0.935790684,BFA
1,2010,DHS 2010,126,Pensa,BFA.4.3.8_1,Centre-Nord,pensa,947.2031981,298.1421814,297.9960632,190.1463013,190.3390961,129.8288269,NA,9.341332436,-0.215190178,-0.8169595,NA,0.44359514,0.951692033,BFA
2,2021,DHS 2021,126,Pensa,BFA.4.3.8_1,Centre-Nord,pensa,947.2031981,298.1421814,297.9960632,190.1463013,190.3390961,67.15579987,0,9.53488636,-0.215190178,-1.519626949,-0.173281779,1.511573023,0.951692033,BFA
1,2010,DHS 2010,127,Pibaore,BFA.4.3.9_1,Centre-Nord,pibaore,429.5081184,327.9991455,328.0062561,104.9188004,104.8980026,150.603241,NA,9.220000267,0.437288225,-0.584044238,NA,-0.225882748,-0.493254095,BFA
2,2021,DHS 2021,127,Pibaore,BFA.4.3.9_1,Centre-Nord,pibaore,429.5081184,327.9991455,328.0062561,104.9188004,104.8980026,123.6482239,0,9.427499771,0.437288225,-0.886254199,-0.173281779,0.919043048,-0.493254095,BFA
1,2010,DHS 2010,128,Pissila,BFA.4.3.10_1,Centre-Nord,pissila,1562.784886,310.8145142,310.4959412,127.3599243,127.5894318,134.0232544,NA,9.273996353,0.061744323,-0.769933087,NA,0.072052961,-0.112787522,BFA
2,2021,DHS 2021,128,Pissila,BFA.4.3.10_1,Centre-Nord,pissila,1562.784886,310.8145142,310.4959412,127.3599243,127.5894318,89.11761475,0.001159376,9.474647522,0.061744323,-1.273398975,-0.164300908,1.179191507,-0.112787522,BFA
1,2010,DHS 2010,129,Ziga,BFA.4.3.11_1,Centre-Nord,ziga,595.0603816,317.1370544,317.3078308,134.289032,134.4039612,147.130188,NA,9.220001221,0.199913795,-0.622982859,NA,-0.225877486,0.004688494,BFA
2,2021,DHS 2021,129,Ziga,BFA.4.3.11_1,Centre-Nord,ziga,595.0603816,317.1370544,317.3078308,134.289032,134.4039612,127.749733,1.90E-04,9.427501678,0.199913795,-0.840269554,-0.171808994,0.919053573,0.004688494,BFA
1,2010,DHS 2010,130,Bingo,BFA.5.1.1_1,Centre-Ouest,bingo,251.3776234,326.7445068,326.395813,79.46395874,79.60015869,163.0671082,NA,9.162130356,0.409870011,-0.444303839,NA,-0.54519317,-0.924815204,BFA
2,2021,DHS 2021,130,Bingo,BFA.5.1.1_1,Centre-Ouest,bingo,251.3776234,326.7445068,326.395813,79.46395874,79.60015869,158.8808289,0,9.368891716,0.409870011,-0.491238898,-0.173281779,0.595659749,-0.924815204,BFA
1,2010,DHS 2010,131,Imasgho,BFA.5.1.2_1,Centre-Ouest,imasgho,216.2626734,297.1872864,297.581604,27.62203026,28.39009666,179.5840302,NA,9.180735588,-0.236057952,-0.259122048,NA,-0.442534561,-1.803742698,BFA
2,2021,DHS 2021,131,Imasgho,BFA.5.1.2_1,Centre-Ouest,imasgho,216.2626734,297.1872864,297.581604,27.62203026,28.39009666,160.4291534,0,9.414187431,-0.236057952,-0.473879639,-0.173281779,0.84558918,-1.803742698,BFA
1,2010,DHS 2010,132,Kindi,BFA.5.1.3_1,Centre-Ouest,kindi,265.367239,321.820343,322.2111511,87.12201691,87.62124634,158.2037506,NA,9.181960106,0.302259923,-0.498830056,NA,-0.435778005,-0.794980568,BFA
2,2021,DHS 2021,132,Kindi,BFA.5.1.3_1,Centre-Ouest,kindi,265.367239,321.820343,322.2111511,87.12201691,87.62124634,145.7509918,0.001502645,9.411375046,0.302259923,-0.638445911,-0.161643836,0.830071202,-0.794980568,BFA
1,2010,DHS 2010,133,Kokologho,BFA.5.1.4_1,Centre-Ouest,kokologho,299.7961946,326.005127,326.1670227,53.80918884,55.00300217,175.4922638,NA,9.162273407,0.393711991,-0.304997461,NA,-0.544403852,-1.359765895,BFA
2,2021,DHS 2021,133,Kokologho,BFA.5.1.4_1,Centre-Ouest,kokologho,299.7961946,326.005127,326.1670227,53.80918884,55.00300217,160.2337799,0.011176477,9.369319916,0.393711991,-0.476070097,-0.087135765,0.598022439,-1.359765895,BFA
1,2010,DHS 2010,134,Koudougou,BFA.5.1.5_1,Centre-Ouest,koudougou,585.9432673,298.2452087,298.1516724,26.15631294,26.68108559,191.3674469,NA,9.173749924,-0.212938672,-0.127010615,NA,-0.481079556,-1.828592453,BFA
2,2021,DHS 2021,134,Koudougou,BFA.5.1.5_1,Centre-Ouest,koudougou,585.9432673,298.2452087,298.1516724,26.15631294,26.68108559,166.5020447,0.355408996,9.40375042,-0.212938672,-0.405792566,2.183758647,0.78800059,-1.828592453,BFA
1,2010,DHS 2010,135,Nandiala,BFA.5.1.6_1,Centre-Ouest,nandiala,213.2486738,312.2180176,312.6802673,56.71251297,57.20549011,168.4564362,NA,9.173749924,0.092415749,-0.383880631,NA,-0.481079556,-1.310542969,BFA
2,2021,DHS 2021,135,Nandiala,BFA.5.1.6_1,Centre-Ouest,nandiala,213.2486738,312.2180176,312.6802673,56.71251297,57.20549011,163.635437,0,9.40375042,0.092415749,-0.437931941,-0.173281779,0.78800059,-1.310542969,BFA
1,2010,DHS 2010,136,Nanoro,BFA.5.1.7_1,Centre-Ouest,nanoro,354.062642,298.5037231,298.4633484,81.31934357,80.35306549,157.7859802,NA,9.225689888,-0.207289234,-0.503513947,NA,-0.194488968,-0.893359029,BFA
2,2021,DHS 2021,136,Nanoro,BFA.5.1.7_1,Centre-Ouest,nanoro,354.062642,298.5037231,298.4633484,81.31934357,80.35306549,136.8296967,0.004126091,9.477758408,-0.207289234,-0.738468265,-0.141367111,1.196356527,-0.893359029,BFA
1,2010,DHS 2010,137,Pella,BFA.5.1.8_1,Centre-Ouest,pella,203.7668544,316.0735779,315.8175964,95.51068115,95.53944397,158.2526093,NA,9.224397659,0.176673137,-0.49828227,NA,-0.201619134,-0.652759246,BFA
2,2021,DHS 2021,137,Pella,BFA.5.1.8_1,Centre-Ouest,pella,203.7668544,316.0735779,315.8175964,95.51068115,95.53944397,136.4058228,0,9.474840164,0.176673137,-0.743220587,-0.173281779,1.180254455,-0.652759246,BFA
1,2010,DHS 2010,138,Poa,BFA.5.1.9_1,Centre-Ouest,poa,234.3857125,324.6261597,324.282196,41.63780594,42.13348389,175.7375793,NA,9.173749924,0.363576765,-0.302247071,NA,-0.481079556,-1.566119389,BFA
2,2021,DHS 2021,138,Poa,BFA.5.1.9_1,Centre-Ouest,poa,234.3857125,324.6261597,324.282196,41.63780594,42.13348389,165.4969788,0,9.40375042,0.363576765,-0.417061004,-0.173281779,0.78800059,-1.566119389,BFA
1,2010,DHS 2010,139,Ramongo,BFA.5.1.10_1,Centre-Ouest,ramongo,167.114969,301.5734558,300.9624329,20.20742989,20.67819595,198.3829193,NA,9.173749924,-0.14020491,-0.048355661,NA,-0.481079556,-1.929449752,BFA
2,2021,DHS 2021,139,Ramongo,BFA.5.1.10_1,Centre-Ouest,ramongo,167.114969,301.5734558,300.9624329,20.20742989,20.67819595,166.978653,6.39E-04,9.40375042,-0.14020491,-0.400449005,-0.168332113,0.78800059,-1.929449752,BFA
1,2010,DHS 2010,140,Sabou,BFA.5.1.11_1,Centre-Ouest,sabou,457.8561836,312.4935303,311.3762817,43.36520767,42.9377861,192.195694,NA,9.167847633,0.098436658,-0.117724607,NA,-0.513646788,-1.536833038,BFA
2,2021,DHS 2021,140,Sabou,BFA.5.1.11_1,Centre-Ouest,sabou,457.8561836,312.4935303,311.3762817,43.36520767,42.9377861,164.1475067,0.011143106,9.397081375,0.098436658,-0.432190799,-0.087391563,0.751202617,-1.536833038,BFA
1,2010,DHS 2010,141,Sigle,BFA.5.1.12_1,Centre-Ouest,sigle,296.9173452,335.803894,335.8322449,97.74603271,97.90689087,162.4326477,NA,9.204323769,0.607849098,-0.451417182,NA,-0.3123814,-0.614861119,BFA
2,2021,DHS 2021,141,Sigle,BFA.5.1.12_1,Centre-Ouest,sigle,296.9173452,335.803894,335.8322449,97.74603271,97.90689087,146.3643188,0,9.420092583,0.607849098,-0.631569509,-0.173281779,0.878172198,-0.614861119,BFA
1,2010,DHS 2010,142,Soaw,BFA.5.1.13_1,Centre-Ouest,soaw,188.864295,301.3273926,300.9866028,61.17931747,61.70618057,167.3296967,NA,9.212474823,-0.145582247,-0.39651323,NA,-0.2674061,-1.234812814,BFA
2,2021,DHS 2021,142,Soaw,BFA.5.1.13_1,Centre-Ouest,soaw,188.864295,301.3273926,300.9866028,61.17931747,61.70618057,149.5370331,0,9.461608887,-0.145582247,-0.595998177,-0.173281779,1.107247866,-1.234812814,BFA
1,2010,DHS 2010,143,Sourgou,BFA.5.1.14_1,Centre-Ouest,sourgou,267.2762952,288.6360779,287.9369202,51.21661377,52.94732666,211.0411072,NA,9.173749924,-0.422931568,0.093563391,NA,-0.481079556,-1.403720384,BFA
2,2021,DHS 2021,143,Sourgou,BFA.5.1.14_1,Centre-Ouest,sourgou,267.2762952,288.6360779,287.9369202,51.21661377,52.94732666,160.542099,4.90E-04,9.40375042,-0.422931568,-0.472613334,-0.169486019,0.78800059,-1.403720384,BFA
1,2010,DHS 2010,144,Thyou,BFA.5.1.15_1,Centre-Ouest,thyou,291.7288748,329.8855896,329.4805298,87.30183411,89.07940674,200.7012634,NA,9.144497871,0.478513583,-0.02236322,NA,-0.64248442,-0.79193195,BFA
2,2021,DHS 2021,144,Thyou,BFA.5.1.15_1,Centre-Ouest,thyou,291.7288748,329.8855896,329.4805298,87.30183411,89.07940674,164.3111115,3.85E-04,9.370705605,0.478513583,-0.430356522,-0.170295997,0.605668293,-0.79193195,BFA
1,2010,DHS 2010,145,Dassa,BFA.5.2.1_1,Centre-Ouest,dassa,245.5655133,272.7913208,272.3355408,103.5389404,107.9745178,212.2247772,NA,9.209721565,-0.769194562,0.106834274,NA,-0.282597827,-0.516648225,BFA
2,2021,DHS 2021,145,Dassa,BFA.5.2.1_1,Centre-Ouest,dassa,245.5655133,272.7913208,272.3355408,103.5389404,107.9745178,155.9080658,0.003638178,9.440219879,-0.769194562,-0.524568449,-0.1451342,0.989229143,-0.516648225,BFA
1,2010,DHS 2010,146,Didyr,BFA.5.2.2_1,Centre-Ouest,didyr,633.9735391,285.6106567,285.7615967,76.34243011,76.73323822,204.2848511,NA,9.228722572,-0.489047532,0.017814677,NA,-0.177755441,-0.977737566,BFA
2,2021,DHS 2021,146,Didyr,BFA.5.2.2_1,Centre-Ouest,didyr,633.9735391,285.6106567,285.7615967,76.34243011,76.73323822,151.4187317,0.001487221,9.486744881,-0.489047532,-0.574901249,-0.161763206,1.24594144,-0.977737566,BFA
1,2010,DHS 2010,147,Godyr,BFA.5.2.3_1,Centre-Ouest,godyr,248.147107,290.3049011,290.3808899,90.26483154,90.55455017,203.2667542,NA,9.233696938,-0.386461982,0.00640014,NA,-0.150308247,-0.741697323,BFA
2,2021,DHS 2021,147,Godyr,BFA.5.2.3_1,Centre-Ouest,godyr,248.147107,290.3049011,290.3808899,90.26483154,90.55455017,138.0667267,4.39E-04,9.498628616,-0.386461982,-0.724599129,-0.169877467,1.31151266,-0.741697323,BFA
1,2010,DHS 2010,148,Kordie,BFA.5.2.4_1,Centre-Ouest,kordie,456.7710399,287.7891846,287.0119324,51.11026764,50.79845047,180.1154022,NA,9.218631744,-0.441439129,-0.253164495,NA,-0.233433884,-1.405523376,BFA
2,2021,DHS 2021,148,Kordie,BFA.5.2.4_1,Centre-Ouest,kordie,456.7710399,287.7891846,287.0119324,51.11026764,50.79845047,154.8884735,7.81E-04,9.47095108,-0.441439129,-0.535999751,-0.167234136,1.158795548,-1.405523376,BFA
1,2010,DHS 2010,149,Kyon,BFA.5.2.5_1,Centre-Ouest,kyon,191.6746707,279.6661987,279.1853027,59.84002686,61.36532211,205.9824066,NA,9.209375381,-0.618954593,0.036847059,NA,-0.284507975,-1.257519132,BFA
2,2021,DHS 2021,149,Kyon,BFA.5.2.5_1,Centre-Ouest,kyon,191.6746707,279.6661987,279.1853027,59.84002686,61.36532211,150.4529572,0.030292695,9.439374924,-0.618954593,-0.585729166,0.05802452,0.984566909,-1.257519132,BFA
1,2010,DHS 2010,150,Pouni,BFA.5.2.6_1,Centre-Ouest,pouni,675.661053,291.1141968,290.4482727,77.27433777,77.99271393,236.0858154,NA,9.136706352,-0.36877606,0.374355657,NA,-0.685475903,-0.961938014,BFA
2,2021,DHS 2021,150,Pouni,BFA.5.2.6_1,Centre-Ouest,pouni,675.661053,291.1141968,290.4482727,77.27433777,77.99271393,159.7062378,0.003851871,9.358275414,-0.36877606,-0.48198471,-0.143484091,0.537081881,-0.961938014,BFA
1,2010,DHS 2010,151,Réo,BFA.5.2.7_1,Centre-Ouest,réo,434.1281048,297.1599731,296.5214539,33.15781021,34.7012291,195.3920746,NA,9.189048767,-0.236654841,-0.081887936,NA,-0.396664702,-1.709889144,BFA
2,2021,DHS 2021,151,Réo,BFA.5.2.7_1,Centre-Ouest,réo,434.1281048,297.1599731,296.5214539,33.15781021,34.7012291,158.5102081,0.102184847,9.419048309,-0.236654841,-0.495394164,0.580826946,0.872410182,-1.709889144,BFA
1,2010,DHS 2010,152,Tenado,BFA.5.2.8_1,Centre-Ouest,tenado,901.9721153,275.7007446,274.9706421,68.65387726,69.63899994,217.1788483,NA,9.207727432,-0.705613543,0.162377538,NA,-0.29360091,-1.108089208,BFA
2,2021,DHS 2021,152,Tenado,BFA.5.2.8_1,Centre-Ouest,tenado,901.9721153,275.7007446,274.9706421,68.65387726,69.63899994,153.0471344,0.001922212,9.437726974,-0.705613543,-0.556644183,-0.158397417,0.975473973,-1.108089208,BFA
1,2010,DHS 2010,153,Zamo,BFA.5.2.9_1,Centre-Ouest,zamo,664.7048034,272.3061829,272.4853821,118.0403137,117.5958405,251.5381165,NA,9.174307823,-0.779796512,0.547601301,NA,-0.478001219,-0.270792099,BFA
2,2021,DHS 2021,153,Zamo,BFA.5.2.9_1,Centre-Ouest,zamo,664.7048034,272.3061829,272.4853821,118.0403137,117.5958405,166.7324982,0.001240483,9.39881897,-0.779796512,-0.403208804,-0.163673013,0.760790191,-0.270792099,BFA
1,2010,DHS 2010,154,Zawara,BFA.5.2.10_1,Centre-Ouest,zawara,678.5260362,269.6029358,269.6561279,101.217804,100.9416504,265.90448,NA,9.137499809,-0.838871853,0.708671804,NA,-0.681097823,-0.556000747,BFA
2,2021,DHS 2021,154,Zawara,BFA.5.2.10_1,Centre-Ouest,zawara,678.5260362,269.6029358,269.6561279,101.217804,100.9416504,188.0445709,0,9.356249809,-0.838871853,-0.164265506,-0.173281779,0.525905148,-0.556000747,BFA
1,2010,DHS 2010,155,Bieha,BFA.5.3.1_1,Centre-Ouest,bieha,1623.491837,316.6180725,316.2471008,175.4283142,176.8108215,251.2478485,NA,9.098435402,0.188572237,0.544346921,NA,-0.896644592,0.70216344,BFA
2,2021,DHS 2021,155,Bieha,BFA.5.3.1_1,Centre-Ouest,bieha,1623.491837,316.6180725,316.2471008,175.4283142,176.8108215,205.4933167,4.64E-04,9.296415329,0.188572237,0.031363558,-0.169684369,0.195754769,0.70216344,BFA
1,2010,DHS 2010,156,Boura,BFA.5.3.2_1,Centre-Ouest,boura,1029.070176,292.8857727,292.4181824,186.8534851,185.2910919,281.4953003,NA,9.091028214,-0.330060971,0.883470477,NA,-0.937515442,0.895865664,BFA
2,2021,DHS 2021,156,Boura,BFA.5.3.2_1,Centre-Ouest,boura,1029.070176,292.8857727,292.4181824,186.8534851,185.2910919,241.9277802,0,9.294820786,-0.330060971,0.439853665,-0.173281779,0.186956512,0.895865664,BFA
1,2010,DHS 2010,157,Leo,BFA.5.3.3_1,Centre-Ouest,leo,809.463138,334.2415466,334.3782043,130.1558685,130.6880646,257.584259,NA,9.072110176,0.573706378,0.615388478,NA,-1.041900024,-0.065385114,BFA
2,2021,DHS 2021,157,Leo,BFA.5.3.3_1,Centre-Ouest,leo,809.463138,334.2415466,334.3782043,130.1558685,130.6880646,218.5166626,0.021876493,9.272745132,0.573706378,0.177376631,-0.00554975,0.065149066,-0.065385114,BFA
1,2010,DHS 2010,158,Nebielianayou,BFA.5.3.4_1,Centre-Ouest,nebielianayou,411.0595946,298.3877258,297.9353333,115.1243668,116.279808,217.9236145,NA,9.106559753,-0.209824179,0.170727589,NA,-0.851816631,-0.320229032,BFA
2,2021,DHS 2021,158,Nebielianayou,BFA.5.3.4_1,Centre-Ouest,nebielianayou,411.0595946,298.3877258,297.9353333,115.1243668,116.279808,171.2383728,0,9.327784538,-0.209824179,-0.352690558,-0.173281779,0.368841529,-0.320229032,BFA
1,2010,DHS 2010,159,Niabouri,BFA.5.3.5_1,Centre-Ouest,niabouri,525.3045787,278.8319092,278.9282227,214.6400909,213.4089661,295.6642151,NA,9.122128487,-0.637186718,1.042327256,NA,-0.765912598,1.366959478,BFA
2,2021,DHS 2021,159,Niabouri,BFA.5.3.5_1,Centre-Ouest,niabouri,525.3045787,278.8319092,278.9282227,214.6400909,213.4089661,236.5240479,0,9.329195023,-0.637186718,0.379268961,-0.173281779,0.376624198,1.366959478,BFA
1,2010,DHS 2010,160,Silly,BFA.5.3.6_1,Centre-Ouest,silly,1128.87757,292.6006165,292.6934509,140.3865967,138.6851349,251.5624237,NA,9.113500595,-0.336292626,0.547873825,NA,-0.813518956,0.10806654,BFA
2,2021,DHS 2021,160,Silly,BFA.5.3.6_1,Centre-Ouest,silly,1128.87757,292.6006165,292.6934509,140.3865967,138.6851349,200.8625183,1.04E-04,9.32971859,-0.336292626,-0.020555288,-0.172474749,0.379513099,0.10806654,BFA
1,2010,DHS 2010,161,Tô,BFA.5.3.7_1,Centre-Ouest,tô,1203.984758,322.6740723,322.4711914,117.3521271,117.8398666,272.4282227,NA,9.069192886,0.320916873,0.781813662,NA,-1.057996835,-0.282459608,BFA
2,2021,DHS 2021,161,Tô,BFA.5.3.7_1,Centre-Ouest,tô,1203.984758,322.6740723,322.4711914,117.3521271,117.8398666,209.1640167,0,9.27162075,0.320916873,0.072518128,-0.173281779,0.058945032,-0.282459608,BFA
1,2010,DHS 2010,162,Bakata,BFA.5.4.1_1,Centre-Ouest,bakata,625.523163,332.6910095,332.7520752,153.3514709,153.3279877,200.5710297,NA,9.116250992,0.539821755,-0.023823354,NA,-0.798343015,0.327872878,BFA
2,2021,DHS 2021,162,Bakata,BFA.5.4.1_1,Centre-Ouest,bakata,625.523163,332.6910095,332.7520752,153.3514709,153.3279877,165.244873,0,9.331250191,0.539821755,-0.419887522,-0.173281779,0.387964056,0.327872878,BFA
1,2010,DHS 2010,163,Bougnounou,BFA.5.4.2_1,Centre-Ouest,bougnounou,512.99375,341.7980347,342.4197083,123.1292801,121.8661423,207.4928284,NA,9.107789993,0.738841897,0.053781365,NA,-0.845028503,-0.184513818,BFA
2,2021,DHS 2021,163,Bougnounou,BFA.5.4.2_1,Centre-Ouest,bougnounou,512.99375,341.7980347,342.4197083,123.1292801,121.8661423,165.8279572,0,9.328077316,0.738841897,-0.413350193,-0.173281779,0.370456999,-0.184513818,BFA
1,2010,DHS 2010,164,Cassou,BFA.5.4.3_1,Centre-Ouest,cassou,1175.105485,330.8036804,330.6359253,147.5843506,147.2887726,252.5871429,NA,9.097388268,0.498577057,0.559362609,NA,-0.902422395,0.230097182,BFA
2,2021,DHS 2021,164,Cassou,BFA.5.4.3_1,Centre-Ouest,cassou,1175.105485,330.8036804,330.6359253,147.5843506,147.2887726,192.4612427,0,9.307178497,0.498577057,-0.11474737,-0.173281779,0.255143003,0.230097182,BFA
1,2010,DHS 2010,165,Dalo,BFA.5.4.4_1,Centre-Ouest,dalo,324.8050198,328.3511963,327.9174194,68.77980042,70.06583405,204.1309662,NA,9.106249809,0.444981758,0.016089375,NA,-0.853526819,-1.105954308,BFA
2,2021,DHS 2021,165,Dalo,BFA.5.4.4_1,Centre-Ouest,dalo,324.8050198,328.3511963,327.9174194,68.77980042,70.06583405,174.2360535,0,9.32749939,0.444981758,-0.31908164,-0.173281779,0.367268157,-1.105954308,BFA
1,2010,DHS 2010,166,Gao,BFA.5.4.5_1,Centre-Ouest,gao,579.8801769,324.12323,323.6184692,158.734436,160.4440155,217.7913513,NA,9.106123924,0.352586004,0.169244702,NA,-0.854221418,0.41913561,BFA
2,2021,DHS 2021,166,Gao,BFA.5.4.5_1,Centre-Ouest,gao,579.8801769,324.12323,323.6184692,158.734436,160.4440155,181.8521271,0,9.327309608,0.352586004,-0.23369296,-0.173281779,0.366220996,0.41913561,BFA
1,2010,DHS 2010,167,Sapouy,BFA.5.4.6_1,Centre-Ouest,sapouy,2096.166294,319.1271667,318.9438171,203.4477081,203.1894836,207.8830872,NA,9.114077568,0.243404664,0.058156806,NA,-0.810335376,1.177203941,BFA
2,2021,DHS 2021,167,Sapouy,BFA.5.4.6_1,Centre-Ouest,sapouy,2096.166294,319.1271667,318.9438171,203.4477081,203.1894836,182.2234344,0.001478567,9.322084427,0.243404664,-0.229529996,-0.161830178,0.337389866,1.177203941,BFA
1,2010,DHS 2010,168,Doulougou,BFA.6.1.1_1,Centre-Sud,doulougou,544.8562261,316.4719238,316.3771057,132.4957123,132.9402771,177.5110779,NA,9.14530468,0.18537838,-0.282363243,NA,-0.638032671,-0.025715428,BFA
2,2021,DHS 2021,168,Doulougou,BFA.6.1.1_1,Centre-Sud,doulougou,544.8562261,316.4719238,316.3771057,132.4957123,132.9402771,151.7631531,0.001694204,9.353506088,0.18537838,-0.57103972,-0.160161471,0.510766042,-0.025715428,BFA
1,2010,DHS 2010,169,Gaongo,BFA.6.1.2_1,Centre-Sud,gaongo,627.4151698,277.8201904,278.9311523,181.9954224,183.5302124,161.1719971,NA,9.182342529,-0.659296288,-0.465551144,NA,-0.433667897,0.81350212,BFA
2,2021,DHS 2021,169,Gaongo,BFA.6.1.2_1,Centre-Sud,gaongo,627.4151698,277.8201904,278.9311523,181.9954224,183.5302124,144.2503815,1.78E-04,9.388335228,-0.659296288,-0.655270215,-0.171900921,0.702943757,0.81350212,BFA
1,2010,DHS 2010,170,Ipelce,BFA.6.1.3_1,Centre-Sud,ipelce,183.1447353,315.0833435,315.3852844,123.5988464,122.8022537,187.5042725,NA,9.116250038,0.155033076,-0.170323138,NA,-0.798348277,-0.176552796,BFA
2,2021,DHS 2021,170,Ipelce,BFA.6.1.3_1,Centre-Sud,ipelce,183.1447353,315.0833435,315.3852844,123.5988464,122.8022537,153.2387085,0.003118749,9.331249237,0.155033076,-0.554496323,-0.14914663,0.387958794,-0.176552796,BFA
1,2010,DHS 2010,171,Kayao,BFA.6.1.4_1,Centre-Sud,kayao,676.4819166,318.1326294,317.8227234,130.4027252,133.2921143,178.4548645,NA,9.146553993,0.221670567,-0.271781847,NA,-0.6311393,-0.061199908,BFA
2,2021,DHS 2021,171,Kayao,BFA.6.1.4_1,Centre-Sud,kayao,676.4819166,318.1326294,317.8227234,130.4027252,133.2921143,154.290329,0,9.35554409,0.221670567,-0.542705932,-0.173281779,0.522011183,-0.061199908,BFA
1,2010,DHS 2010,172,Kombissiri,BFA.6.1.5_1,Centre-Sud,kombissiri,598.9460344,310.0401306,309.880188,128.457962,130.1705933,165.3981628,NA,9.166046143,0.044821352,-0.418168892,NA,-0.523586924,-0.094171402,BFA
2,2021,DHS 2021,172,Kombissiri,BFA.6.1.5_1,Centre-Sud,kombissiri,598.9460344,310.0401306,309.880188,128.457962,130.1705933,143.0601959,0.020789109,9.369360924,0.044821352,-0.668614147,-0.013801799,0.59824871,-0.094171402,BFA
1,2010,DHS 2010,173,Sapone,BFA.6.1.6_1,Centre-Sud,sapone,672.6464722,315.0487976,315.9838257,105.4901428,109.2991028,167.8104858,NA,9.155799866,0.154278128,-0.391122794,NA,-0.580123091,-0.483567561,BFA
2,2021,DHS 2021,173,Sapone,BFA.6.1.6_1,Centre-Sud,sapone,672.6464722,315.0487976,315.9838257,105.4901428,109.2991028,146.8225403,0.001562546,9.364468575,0.154278128,-0.626432095,-0.161180264,0.571254058,-0.483567561,BFA
1,2010,DHS 2010,174,Toece,BFA.6.1.7_1,Centre-Sud,toece,659.6597777,303.9299622,303.2941589,135.9729156,137.4791565,166.4419708,NA,9.14312458,-0.088707059,-0.406466092,NA,-0.650061867,0.03323704,BFA
2,2021,DHS 2021,174,Toece,BFA.6.1.7_1,Centre-Sud,toece,659.6597777,303.9299622,303.2941589,135.9729156,137.4791565,160.6718292,0.005718469,9.34312439,-0.088707059,-0.471158846,-0.129085374,0.453482655,0.03323704,BFA
1,2010,DHS 2010,175,Guiaro,BFA.6.2.1_1,Centre-Sud,guiaro,1559.535654,298.3869019,298.4403992,184.4946289,184.4744568,234.8800659,NA,9.098295212,-0.209842185,0.360837227,NA,-0.897418123,0.855873641,BFA
2,2021,DHS 2021,175,Guiaro,BFA.6.2.1_1,Centre-Sud,guiaro,1559.535654,298.3869019,298.4403992,184.4946289,184.4744568,199.7100983,3.07E-04,9.30674839,-0.209842185,-0.033475807,-0.170903798,0.252769789,0.855873641,BFA
1,2010,DHS 2010,176,Pô,BFA.6.2.2_1,Centre-Sud,pô,1617.936885,278.6051025,280.9284668,154.9417267,154.7258911,249.6513062,NA,9.108363152,-0.642143232,0.526447062,NA,-0.841865971,0.354834057,BFA
2,2021,DHS 2021,176,Pô,BFA.6.2.2_1,Centre-Sud,pô,1617.936885,278.6051025,280.9284668,154.9417267,154.7258911,199.9609985,0.017965838,9.316409111,-0.642143232,-0.030662804,-0.035268423,0.306075017,0.354834057,BFA
1,2010,DHS 2010,177,Tiébélé,BFA.6.2.3_1,Centre-Sud,tiébélé,379.4094408,258.6556702,257.630188,138.3634949,139.3631287,245.0826111,NA,9.163084984,-1.078107642,0.475224495,NA,-0.539925792,0.073766894,BFA
2,2021,DHS 2021,177,Tiébélé,BFA.6.2.3_1,Centre-Sud,tiébélé,379.4094408,258.6556702,257.630188,138.3634949,139.3631287,189.5428925,2.81E-04,9.345047951,-1.078107642,-0.147466864,-0.171101744,0.464096341,0.073766894,BFA
1,2010,DHS 2010,178,Zecco,BFA.6.2.4_1,Centre-Sud,zecco,62.88170552,236.9195099,237.4561615,114.4543762,114.7949753,243.5881958,NA,9.164999008,-1.553118266,0.458469648,NA,-0.529364727,-0.331588045,BFA
2,2021,DHS 2021,178,Zecco,BFA.6.2.4_1,Centre-Sud,zecco,62.88170552,236.9195099,237.4561615,114.4543762,114.7949753,187.3675995,0.00921208,9.349398613,-1.553118266,-0.171855467,-0.102207748,0.488102112,-0.331588045,BFA
1,2010,DHS 2010,179,Ziou,BFA.6.2.5_1,Centre-Sud,ziou,257.234158,233.536026,233.1338806,140.0742493,141.3863068,246.6972809,NA,9.177138329,-1.627059145,0.493327593,NA,-0.46238326,0.102771006,BFA
2,2021,DHS 2021,179,Ziou,BFA.6.2.5_1,Centre-Sud,ziou,257.234158,233.536026,233.1338806,140.0742493,141.3863068,189.7333984,0.002132593,9.352845192,-1.627059145,-0.145330979,-0.156770099,0.507119396,0.102771006,BFA
1,2010,DHS 2010,180,Bere,BFA.6.3.1_1,Centre-Sud,bere,279.1801771,289.5606079,289.6318359,116.8847427,118.0234375,165.3489532,NA,9.144735336,-0.402727375,-0.418720613,NA,-0.641174154,-0.290383637,BFA
2,2021,DHS 2021,180,Bere,BFA.6.3.1_1,Centre-Sud,bere,279.1801771,289.5606079,289.6318359,116.8847427,118.0234375,148.3429718,0,9.345009804,-0.402727375,-0.609385563,-0.173281779,0.463885857,-0.290383637,BFA
1,2010,DHS 2010,181,Binde,BFA.6.3.2_1,Centre-Sud,binde,505.7647777,278.6394043,277.771637,75.65758514,75.67616272,170.7732391,NA,9.177639008,-0.641393619,-0.357905469,NA,-0.45962065,-0.98934842,BFA
2,2021,DHS 2021,181,Binde,BFA.6.3.2_1,Centre-Sud,binde,505.7647777,278.6394043,277.771637,75.65758514,75.67616272,151.3338318,4.44E-04,9.38353157,-0.641393619,-0.575853116,-0.169841591,0.676438482,-0.98934842,BFA
1,2010,DHS 2010,182,Gogo,BFA.6.3.3_1,Centre-Sud,gogo,997.0004499,278.1369019,277.6919861,159.5272217,162.2541809,217.0915527,NA,9.169145584,-0.652375043,0.161398812,NA,-0.506485049,0.432576489,BFA
2,2021,DHS 2021,182,Gogo,BFA.6.3.3_1,Centre-Sud,gogo,997.0004499,278.1369019,277.6919861,159.5272217,162.2541809,190.8445892,2.65E-04,9.362401962,-0.652375043,-0.132872707,-0.171229848,0.559851054,0.432576489,BFA
1,2010,DHS 2010,183,Gomboussougou,BFA.6.3.4_1,Centre-Sud,gomboussougou,784.7789203,258.6125793,258.3995056,162.7702637,162.768631,233.3810272,NA,9.181197166,-1.079049327,0.344030544,NA,-0.439987697,0.487558988,BFA
2,2021,DHS 2021,183,Gomboussougou,BFA.6.3.4_1,Centre-Sud,gomboussougou,784.7789203,258.6125793,258.3995056,162.7702637,162.768631,207.376709,8.30E-04,9.362576485,-1.079049327,0.052479476,-0.166853146,0.560814022,0.487558988,BFA
1,2010,DHS 2010,184,Guiba,BFA.6.3.5_1,Centre-Sud,guiba,277.3486085,303.8363953,303.7374878,93.60667419,94.82406616,192.1523132,NA,9.142692566,-0.09075182,-0.118210976,NA,-0.652445605,-0.685039759,BFA
2,2021,DHS 2021,184,Guiba,BFA.6.3.5_1,Centre-Sud,guiba,277.3486085,303.8363953,303.7374878,93.60667419,94.82406616,177.9048157,0.001879856,9.342808723,-0.09075182,-0.277948797,-0.15872509,0.451740894,-0.685039759,BFA
1,2010,DHS 2010,185,Manga,BFA.6.3.6_1,Centre-Sud,manga,246.0732791,287.06073,287.0713806,76.25474548,76.74095917,196.7589722,NA,9.151504517,-0.457358393,-0.066562772,NA,-0.603823659,-0.97922417,BFA
2,2021,DHS 2021,185,Manga,BFA.6.3.6_1,Centre-Sud,manga,246.0732791,287.06073,287.0713806,76.25474548,76.74095917,177.8173523,0.223590046,9.352934837,-0.457358393,-0.278929405,1.390743914,0.507614035,-0.97922417,BFA
1,2010,DHS 2010,186,Nobere,BFA.6.3.7_1,Centre-Sud,nobere,590.838294,288.8713379,287.8136902,118.2708969,119.3147125,194.757309,NA,9.131882668,-0.417790319,-0.0890047,NA,-0.712091682,-0.266882794,BFA
2,2021,DHS 2021,186,Nobere,BFA.6.3.7_1,Centre-Sud,nobere,590.838294,288.8713379,287.8136902,118.2708969,119.3147125,179.9012604,4.30E-04,9.334920883,-0.417790319,-0.255565377,-0.169947632,0.408217938,-0.266882794,BFA
1,2010,DHS 2010,187,Bilanga,BFA.8.1.1_1,Est,bilanga,2124.819499,287.9493713,288.0050964,118.4033737,119.4837341,184.3440399,NA,9.17332077,-0.437938492,-0.205754529,NA,-0.483447508,-0.264636784,BFA
2,2021,DHS 2021,187,Bilanga,BFA.8.1.1_1,Est,bilanga,2124.819499,287.9493713,288.0050964,118.4033737,119.4837341,137.5190887,5.50E-04,9.374921799,-0.437938492,-0.730739049,-0.169016575,0.628932105,-0.264636784,BFA
1,2010,DHS 2010,188,Bogandé,BFA.8.1.2_1,Est,bogandé,1518.280555,294.8926392,294.540802,140.8899841,141.6906128,151.1657867,NA,9.246793747,-0.286203966,-0.577737177,NA,-0.078043617,0.116600966,BFA
2,2021,DHS 2021,188,Bogandé,BFA.8.1.2_1,Est,bogandé,1518.280555,294.8926392,294.540802,140.8899841,141.6906128,95.51200867,0.002355216,9.460778236,-0.286203966,-1.201707329,-0.155048456,1.102664564,0.116600966,BFA
1,2010,DHS 2010,189,Koalla,BFA.8.1.3_1,Est,koalla,1964.861578,276.921814,275.432251,148.504715,156.4069977,141.8426361,NA,9.30384922,-0.678928935,-0.68226499,NA,0.236772958,0.24570103,BFA
2,2021,DHS 2021,189,Koalla,BFA.8.1.3_1,Est,koalla,1964.861578,276.921814,275.432251,148.504715,156.4069977,82.62518311,7.34E-05,9.498872757,-0.678928935,-1.346189785,-0.17271258,1.312859761,0.24570103,BFA
1,2010,DHS 2010,190,Liptougou,BFA.8.1.4_1,Est,liptougou,1329.349418,271.1338806,271.037384,211.6119537,211.3319855,152.2182617,NA,9.275251389,-0.805415389,-0.565937206,NA,0.078977905,1.315620473,BFA
2,2021,DHS 2021,190,Liptougou,BFA.8.1.4_1,Est,liptougou,1329.349418,271.1338806,271.037384,211.6119537,211.3319855,90.10861206,0,9.478888512,-0.805415389,-1.26228827,-0.173281779,1.202592134,1.315620473,BFA
1,2010,DHS 2010,191,Mani,BFA.8.1.5_1,Est,mani,459.0102531,281.1193542,281.4633789,90.32450104,90.98973846,140.5866547,NA,9.308750153,-0.587198096,-0.696346602,NA,0.263814969,-0.740685687,BFA
2,2021,DHS 2021,191,Mani,BFA.8.1.5_1,Est,mani,459.0102531,281.1193542,281.4633789,90.32450104,90.98973846,81.97061157,0.002341844,9.5,-0.587198096,-1.353528606,-0.155151859,1.319079582,-0.740685687,BFA
1,2010,DHS 2010,192,Piéla,BFA.8.1.6_1,Est,piéla,828.6265707,286.5478821,286.4452515,111.4781189,111.6454773,174.7803497,NA,9.226951599,-0.468565902,-0.312979186,NA,-0.187527189,-0.382047479,BFA
2,2021,DHS 2021,192,Piéla,BFA.8.1.6_1,Est,piéla,828.6265707,286.5478821,286.4452515,111.4781189,111.6454773,130.0402985,3.50E-04,9.447389603,-0.468565902,-0.814588557,-0.170570093,1.028789726,-0.382047479,BFA
1,2010,DHS 2010,193,Thion,BFA.8.1.7_1,Est,thion,335.9811897,290.6345825,291.2372437,125.2444305,125.7074661,142.3520966,NA,9.286730766,-0.379257298,-0.676553103,NA,0.142317987,-0.14865358,BFA
2,2021,DHS 2021,193,Thion,BFA.8.1.7_1,Est,thion,335.9811897,290.6345825,291.2372437,125.2444305,125.7074661,88.26700592,0,9.485271454,-0.379257298,-1.282935696,-0.173281779,1.237811472,-0.14865358,BFA
1,2010,DHS 2010,194,Diabo,BFA.8.2.1_1,Est,diabo,679.7859525,305.0354614,305.0377197,110.6744537,111.2698059,218.6655121,NA,9.117795944,-0.064548059,0.179045478,NA,-0.789818388,-0.395672809,BFA
2,2021,DHS 2021,194,Diabo,BFA.8.2.1_1,Est,diabo,679.7859525,305.0354614,305.0377197,110.6744537,111.2698059,157.2290344,0,9.31346035,-0.064548059,-0.509758223,-0.173281779,0.289804557,-0.395672809,BFA
1,2010,DHS 2010,195,Diapangou,BFA.8.2.2_1,Est,diapangou,465.0808216,307.1120605,307.2575684,52.92530823,53.04198074,210.5093994,NA,9.141423225,-0.019167153,0.087602075,NA,-0.65944948,-1.374751197,BFA
2,2021,DHS 2021,195,Diapangou,BFA.8.2.2_1,Est,diapangou,465.0808216,307.1120605,307.2575684,52.92530823,53.04198074,149.3192596,0.003623661,9.330438614,-0.019167153,-0.598439775,-0.145246306,0.383485996,-1.374751197,BFA
1,2010,DHS 2010,196,Fada N'gourma,BFA.8.2.3_1,Est,fada n'gourma,3442.988876,286.4495239,286.1408691,102.4200668,103.5167847,214.9254608,NA,9.124493599,-0.470715369,0.137113368,NA,-0.752862552,-0.535617596,BFA
2,2021,DHS 2021,196,Fada N'gourma,BFA.8.2.3_1,Est,fada n'gourma,3442.988876,286.4495239,286.1408691,102.4200668,103.5167847,160.6287537,0.022599248,9.330961227,-0.470715369,-0.471641793,-6.97E-05,0.386369635,-0.535617596,BFA
1,2010,DHS 2010,197,Matiacoali,BFA.8.2.4_1,Est,matiacoali,4455.797518,264.2897034,264.8781128,181.6264343,180.4118347,194.4569244,NA,9.136606216,-0.954984442,-0.092372504,NA,-0.686028425,0.807246301,BFA
2,2021,DHS 2021,197,Matiacoali,BFA.8.2.4_1,Est,matiacoali,4455.797518,264.2897034,264.8781128,181.6264343,180.4118347,141.7618866,0,9.356573105,-0.954984442,-0.683170325,-0.173281779,0.527689005,0.807246301,BFA
1,2010,DHS 2010,198,Tibga,BFA.8.2.5_1,Est,tibga,768.5784435,306.0089111,305.6811218,82.67897797,83.1340332,186.3040466,NA,9.119660378,-0.0432748,-0.183779639,NA,-0.779530953,-0.870307803,BFA
2,2021,DHS 2021,198,Tibga,BFA.8.2.5_1,Est,tibga,768.5784435,306.0089111,305.6811218,82.67897797,83.1340332,137.6571503,0,9.305355072,-0.0432748,-0.729191153,-0.173281779,0.245081838,-0.870307803,BFA
1,2010,DHS 2010,199,Yamba,BFA.8.2.6_1,Est,yamba,1408.772737,293.0138245,292.283844,100.4266663,99.90880585,208.9150848,NA,9.134968758,-0.327262595,0.069727193,NA,-0.695063477,-0.569413687,BFA
2,2021,DHS 2021,199,Yamba,BFA.8.2.6_1,Est,yamba,1408.772737,293.0138245,292.283844,100.4266663,99.90880585,157.5533142,0,9.331645966,-0.327262595,-0.506122515,-0.173281779,0.390147834,-0.569413687,BFA
1,2010,DHS 2010,200,Bartiébougou,BFA.8.3.1_1,Est,bartiébougou,902.8593442,264.5763245,265.0939026,206.8630219,207.1207123,134.4003906,NA,9.296961784,-0.948720775,-0.765704771,NA,0.198769961,1.235107133,BFA
2,2021,DHS 2021,200,Bartiébougou,BFA.8.3.1_1,Est,bartiébougou,902.8593442,264.5763245,265.0939026,206.8630219,207.1207123,84.04855347,0,9.455547333,-0.948720775,-1.330231468,-0.173281779,1.073801861,1.235107133,BFA
1,2010,DHS 2010,201,Foutouri,BFA.8.3.2_1,Est,foutouri,1321.317041,267.4605408,267.4873962,257.7115173,257.484436,139.5214844,NA,9.224656105,-0.885690627,-0.708288909,NA,-0.200193101,2.097191975,BFA
2,2021,DHS 2021,201,Foutouri,BFA.8.3.2_1,Est,foutouri,1321.317041,267.4605408,267.4873962,257.7115173,257.484436,89.87178802,0,9.429893494,-0.885690627,-1.264943456,-0.173281779,0.932250958,2.097191975,BFA
1,2010,DHS 2010,202,Gayéri,BFA.8.3.3_1,Est,gayéri,2904.82453,280.4418335,280.3728638,135.5567017,134.995697,179.3214111,NA,9.253227234,-0.602004278,-0.262066438,NA,-0.042545387,0.026180552,BFA
2,2021,DHS 2021,202,Gayéri,BFA.8.3.3_1,Est,gayéri,2904.82453,280.4418335,280.3728638,135.5567017,134.995697,116.2404785,4.81E-04,9.43874073,-0.602004278,-0.969307177,-0.169552095,0.981067602,0.026180552,BFA
1,2010,DHS 2010,203,Kompienga,BFA.8.4.1_1,Est,kompienga,686.269418,201.916748,200.0142517,122.0501251,121.2154617,289.8778381,NA,9.255518913,-2.318050228,0.977452477,NA,-0.029900524,-0.2028098,BFA
2,2021,DHS 2021,203,Kompienga,BFA.8.4.1_1,Est,kompienga,686.269418,201.916748,200.0142517,122.0501251,121.2154617,200.3150787,7.52E-04,9.367022514,-2.318050228,-0.026692984,-0.167457411,0.585346003,-0.2028098,BFA
1,2010,DHS 2010,204,Madjoari,BFA.8.4.2_1,Est,madjoari,1264.799181,191.467926,191.9719391,186.9045258,185.0870819,258.4423218,NA,9.143169403,-2.546393293,0.625008769,NA,-0.649814547,0.896731006,BFA
2,2021,DHS 2021,204,Madjoari,BFA.8.4.2_1,Est,madjoari,1264.799181,191.467926,191.9719391,186.9045258,185.0870819,193.0661621,0,9.309437752,-2.546393293,-0.107965231,-0.173281779,0.267608954,0.896731006,BFA
1,2010,DHS 2010,205,Pama,BFA.8.4.3_1,Est,pama,4997.316827,210.8279266,210.7899628,248.6411285,252.7629089,234.1996002,NA,9.193810463,-2.123310014,0.35320809,NA,-0.37039096,1.943412701,BFA
2,2021,DHS 2021,205,Pama,BFA.8.4.3_1,Est,pama,4997.316827,210.8279266,210.7899628,248.6411285,252.7629089,170.7987518,0.002018504,9.359189034,-2.123310014,-0.35761943,-0.157652545,0.542122988,1.943412701,BFA
1,2010,DHS 2010,206,Botou,BFA.8.5.1_1,Est,botou,1816.815345,245.7245331,245.808197,207.0049286,207.3132172,182.529007,NA,9.194822311,-1.360697916,-0.226104027,NA,-0.364807855,1.237513018,BFA
2,2021,DHS 2021,206,Botou,BFA.8.5.1_1,Est,botou,1816.815345,245.7245331,245.808197,207.0049286,207.3132172,134.1412048,0,9.402477264,-1.360697916,-0.768610669,-0.173281779,0.780975666,1.237513018,BFA
1,2010,DHS 2010,207,Diapaga,BFA.8.5.2_1,Est,diapaga,3895.767181,267.0328369,267.3297424,276.0157471,277.859375,240.2337494,NA,9.09168911,-0.895037443,0.420860801,NA,-0.933868796,2.407521688,BFA
2,2021,DHS 2021,207,Diapaga,BFA.8.5.2_1,Est,diapaga,3895.767181,267.0328369,267.3297424,276.0157471,277.859375,181.4841156,0.002701958,9.294794083,-0.895037443,-0.237818973,-0.152367714,0.186809173,2.407521688,BFA
1,2010,DHS 2010,208,Kantchari,BFA.8.5.3_1,Est,kantchari,3614.420003,266.9957886,267.1725769,202.0105438,201.2407532,190.2979431,NA,9.14654541,-0.895847078,-0.139001507,NA,-0.631186659,1.152838273,BFA
2,2021,DHS 2021,208,Kantchari,BFA.8.5.3_1,Est,kantchari,3614.420003,266.9957886,267.1725769,202.0105438,201.2407532,131.5044403,9.60E-04,9.365983963,-0.895847078,-0.798173125,-0.165844703,0.57961556,1.152838273,BFA
1,2010,DHS 2010,209,Logobou,BFA.8.5.4_1,Est,logobou,2475.255207,212.6412964,210.5775452,268.3917542,270.2215271,248.8700714,NA,9.091921806,-2.083681585,0.517688139,NA,-0.93258484,2.278264594,BFA
2,2021,DHS 2021,209,Logobou,BFA.8.5.4_1,Est,logobou,2475.255207,212.6412964,210.5775452,268.3917542,270.2215271,207.0478668,0,9.285586357,-2.083681585,0.048792616,-0.173281779,0.136003449,2.278264594,BFA
1,2010,DHS 2010,210,Namounou,BFA.8.5.5_1,Est,namounou,56.10004078,252.8296204,252.2039795,159.1714935,163.7640533,236.5507965,NA,9.095000267,-1.205427073,0.379568857,NA,-0.915598732,0.426545478,BFA
2,2021,DHS 2021,210,Namounou,BFA.8.5.5_1,Est,namounou,56.10004078,252.8296204,252.2039795,159.1714935,163.7640533,173.1646881,0,9.292500496,-1.205427073,-0.331093403,-0.173281779,0.174153785,0.426545478,BFA
1,2010,DHS 2010,211,Partiaga,BFA.8.5.6_1,Est,partiaga,1647.796756,251.1173401,251.7442932,181.1782837,180.3487701,202.4164886,NA,9.124818802,-1.242846346,-0.003132731,NA,-0.751068171,0.79964836,BFA
2,2021,DHS 2021,211,Partiaga,BFA.8.5.6_1,Est,partiaga,1647.796756,251.1173401,251.7442932,181.1782837,180.3487701,150.1910095,0.03925303,9.340123177,-1.242846346,-0.588666028,0.1251408,0.436922778,0.79964836,BFA
1,2010,DHS 2010,212,Tambaga,BFA.8.5.7_1,Est,tambaga,790.4835511,221.5927429,220.7352448,232.4704132,238.9563751,229.4412231,NA,9.125900269,-1.888061376,0.299858877,NA,-0.745100932,1.669254569,BFA
2,2021,DHS 2021,212,Tambaga,BFA.8.5.7_1,Est,tambaga,790.4835511,221.5927429,220.7352448,232.4704132,238.9563751,177.1362457,0,9.337446213,-1.888061376,-0.286565727,-0.173281779,0.42215202,1.669254569,BFA
1,2010,DHS 2010,213,Tansarga,BFA.8.5.8_1,Est,tansarga,592.5737377,264.1218567,263.2977295,207.3695831,210.0363312,261.269043,NA,9.091423035,-0.958652475,0.656700951,NA,-0.935336926,1.243695367,BFA
2,2021,DHS 2021,213,Tansarga,BFA.8.5.8_1,Est,tansarga,592.5737377,264.1218567,263.2977295,207.3695831,210.0363312,188.1647644,0,9.288844109,-0.958652475,-0.16291794,-0.173281779,0.153978835,1.243695367,BFA
1,2010,DHS 2010,214,Bama,BFA.9.1.1_1,Haut-Bassins,bama,1313.330161,331.3399658,324.0031433,129.8671875,134.5748901,364.2081604,NA,8.982468605,0.510296756,1.810817329,NA,-1.536517819,-0.070279409,BFA
2,2021,DHS 2021,214,Bama,BFA.9.1.1_1,Haut-Bassins,bama,1313.330161,331.3399658,324.0031433,129.8671875,134.5748901,248.4306641,0.002552503,9.259480476,0.510296756,0.512761662,-0.153523073,-0.008041697,-0.070279409,BFA
1,2010,DHS 2010,215,Bobo-Dioulasso,BFA.9.1.2_1,Haut-Bassins,bobo dioulasso,1813.337875,380.7307739,379.3514099,94.44885254,96.92783356,399.2453308,NA,9.003638268,1.58965752,2.203641488,NA,-1.419709382,-0.670761476,BFA
2,2021,DHS 2021,215,Bobo-Dioulasso,BFA.9.1.2_1,Haut-Bassins,bobo dioulasso,1813.337875,380.7307739,379.3514099,94.44885254,96.92783356,300.2155151,0.667934477,9.271203995,1.58965752,1.093354796,3.791914017,0.056645487,-0.670761476,BFA
1,2010,DHS 2010,216,Dandé,BFA.9.1.3_1,Haut-Bassins,dandé,239.5016984,343.6981201,346.9340515,132.4026489,132.8651276,372.9786987,NA,8.87683773,0.780365366,1.909149452,NA,-2.11936024,-0.027293223,BFA
2,2021,DHS 2021,216,Dandé,BFA.9.1.3_1,Haut-Bassins,dandé,239.5016984,343.6981201,346.9340515,132.4026489,132.8651276,242.6119537,0.002020486,9.139878273,0.780365366,0.447524373,-0.157637215,-0.667974107,-0.027293223,BFA
1,2010,DHS 2010,217,Faramana,BFA.9.1.4_1,Haut-Bassins,faramana,216.7131221,377.1377563,378.361084,204.1740112,207.7413025,361.9570007,NA,8.893820763,1.511137602,1.785578137,NA,-2.025652489,1.189517676,BFA
2,2021,DHS 2021,217,Faramana,BFA.9.1.4_1,Haut-Bassins,faramana,216.7131221,377.1377563,378.361084,204.1740112,207.7413025,208.2109985,0.00243801,9.163541794,1.511137602,0.061833231,-0.154408276,-0.537405239,1.189517676,BFA
1,2010,DHS 2010,218,Fo,BFA.9.1.5_1,Haut-Bassins,fo,403.184402,387.7416992,387.2894897,163.9952698,164.2342072,376.7459106,NA,8.868914604,1.742870597,1.951386078,NA,-2.163077894,0.508327728,BFA
2,2021,DHS 2021,218,Fo,BFA.9.1.5_1,Haut-Bassins,fo,403.184402,387.7416992,387.2894897,163.9952698,164.2342072,216.2394562,0,9.129515648,1.742870597,0.151845411,-0.173281779,-0.725152253,0.508327728,BFA
1,2010,DHS 2010,219,Karankasso-Sambla,BFA.9.1.6_1,Haut-Bassins,karankasso sambla,723.2585955,382.3764343,371.4322815,145.1090698,155.0752869,378.8597717,NA,8.873125076,1.625620917,1.975085929,NA,-2.139845655,0.188131299,BFA
2,2021,DHS 2021,219,Karankasso-Sambla,BFA.9.1.6_1,Haut-Bassins,karankasso sambla,723.2585955,382.3764343,371.4322815,145.1090698,155.0752869,291.6138,0,9.14312458,1.625620917,0.996915458,-0.173281779,-0.650061867,0.188131299,BFA
1,2010,DHS 2010,220,Karankasso-Vigué,BFA.9.1.7_1,Haut-Bassins,karankasso vigué,1973.999538,316.5543213,315.5717163,139.0586853,137.7718048,386.4055481,NA,9.046133041,0.187179051,2.05968646,NA,-1.185234784,0.085553145,BFA
2,2021,DHS 2021,220,Karankasso-Vigué,BFA.9.1.7_1,Haut-Bassins,karankasso vigué,1973.999538,316.5543213,315.5717163,139.0586853,137.7718048,346.3388977,3.07E-04,9.292984009,0.187179051,1.61047358,-0.170901333,0.176821678,0.085553145,BFA
1,2010,DHS 2010,221,Koundougou,BFA.9.1.8_1,Haut-Bassins,koundougou,394.9292438,351.5220642,353.5028381,162.8030243,162.3827057,380.4943848,NA,8.893911362,0.951345728,1.993412622,NA,-2.025152589,0.488114411,BFA
2,2021,DHS 2021,221,Koundougou,BFA.9.1.8_1,Haut-Bassins,koundougou,394.9292438,351.5220642,353.5028381,162.8030243,162.3827057,232.3581848,0,9.16196537,0.951345728,0.332562802,-0.173281779,-0.546103516,0.488114411,BFA
1,2010,DHS 2010,222,Lena,BFA.9.1.9_1,Haut-Bassins,lena,582.7802163,317.4781189,311.6196594,119.4228668,122.994873,388.3175049,NA,9.040979385,0.207367239,2.081122633,NA,-1.213671256,-0.247352309,BFA
2,2021,DHS 2021,222,Lena,BFA.9.1.9_1,Haut-Bassins,lena,582.7802163,317.4781189,311.6196594,119.4228668,122.994873,294.9790649,0,9.303551674,0.207367239,1.034645599,-0.173281779,0.235131178,-0.247352309,BFA
1,2010,DHS 2010,223,Padéma,BFA.9.1.10_1,Haut-Bassins,padéma,931.7184924,308.8735046,308.5601501,212.7047577,212.2798462,340.2756958,NA,8.983306885,0.019326521,1.54249514,NA,-1.53189242,1.334147859,BFA
2,2021,DHS 2021,223,Padéma,BFA.9.1.10_1,Haut-Bassins,padéma,931.7184924,308.8735046,308.5601501,212.7047577,212.2798462,200.6609955,0,9.278231621,0.019326521,-0.02281469,-0.173281779,0.095422015,1.334147859,BFA
1,2010,DHS 2010,224,Peni,BFA.9.1.11_1,Haut-Bassins,peni,1276.669989,371.3914185,368.2456055,110.2458267,105.0037003,380.7967834,NA,9.002350807,1.385560154,1.996803008,NA,-1.426813238,-0.402939747,BFA
2,2021,DHS 2021,224,Peni,BFA.9.1.11_1,Haut-Bassins,peni,1276.669989,371.3914185,368.2456055,110.2458267,105.0037003,348.387207,0.011690262,9.191555977,1.385560154,1.633438488,-0.083198544,-0.382830601,-0.402939747,BFA
1,2010,DHS 2010,225,Satiri,BFA.9.1.12_1,Haut-Bassins,satiri,1229.718645,329.4935608,321.7554321,150.7356567,154.8235016,357.4772339,NA,9.003817558,0.469946391,1.735352601,NA,-1.418720105,0.283524393,BFA
2,2021,DHS 2021,225,Satiri,BFA.9.1.12_1,Haut-Bassins,satiri,1229.718645,329.4935608,321.7554321,150.7356567,154.8235016,232.9735107,4.07E-04,9.287046432,0.469946391,0.339461615,-0.170127059,0.144059748,0.283524393,BFA
1,2010,DHS 2010,226,Toussiana,BFA.9.1.13_1,Haut-Bassins,toussiana,493.035153,474.180603,473.4458008,95.94877625,96.63509369,370.2543945,NA,8.872540474,3.631860973,1.878605533,NA,-2.143071331,-0.645331786,BFA
2,2021,DHS 2021,226,Toussiana,BFA.9.1.13_1,Haut-Bassins,toussiana,493.035153,474.180603,473.4458008,95.94877625,96.63509369,311.384552,0.003594726,9.07477951,3.631860973,1.218578022,-0.145469774,-1.027171363,-0.645331786,BFA
1,2010,DHS 2010,227,Banzon,BFA.9.2.1_1,Haut-Bassins,banzon,113.8736323,344.6609192,344.4744263,171.6977997,169.3420258,376.5649719,NA,8.873125076,0.801405871,1.949357458,NA,-2.139845655,0.638916337,BFA
2,2021,DHS 2021,227,Banzon,BFA.9.2.1_1,Haut-Bassins,banzon,113.8736323,344.6609192,344.4744263,171.6977997,169.3420258,291.53302,0.001116653,9.143125534,0.801405871,0.996009782,-0.164631663,-0.650056604,0.638916337,BFA
1,2010,DHS 2010,228,Djigouera,BFA.9.2.2_1,Haut-Bassins,djigouera,470.531082,423.9810181,428.8629761,139.5479736,139.0697174,398.1517029,NA,8.84425354,2.534825625,2.191380125,NA,-2.299150935,0.093848534,BFA
2,2021,DHS 2021,228,Djigouera,BFA.9.2.2_1,Haut-Bassins,djigouera,470.531082,423.9810181,428.8629761,139.5479736,139.0697174,326.3287659,0,9.1082201,2.534825625,1.386127175,-0.173281779,-0.842655289,0.093848534,BFA
1,2010,DHS 2010,229,Kangala,BFA.9.2.3_1,Haut-Bassins,kangala,504.3712415,537.7134399,535.9597168,92.48717499,93.8007431,410.5524597,NA,8.729018211,5.020274202,2.330412953,NA,-2.934988119,-0.704019736,BFA
2,2021,DHS 2021,229,Kangala,BFA.9.2.3_1,Haut-Bassins,kangala,504.3712415,537.7134399,535.9597168,92.48717499,93.8007431,335.0458374,0.006862621,8.967959404,5.020274202,1.483859848,-0.12027273,-1.616575642,-0.704019736,BFA
1,2010,DHS 2010,230,Kayan,BFA.9.2.4_1,Haut-Bassins,kayan,616.5774998,350.5842896,351.1939697,193.6721344,194.2698517,366.1526794,NA,8.831585884,0.930852093,1.832618578,NA,-2.369047613,1.01146897,BFA
2,2021,DHS 2021,230,Kayan,BFA.9.2.4_1,Haut-Bassins,kayan,616.5774998,350.5842896,351.1939697,193.6721344,194.2698517,216.2585297,0,9.081249237,0.930852093,0.152059257,-0.173281779,-0.991473173,1.01146897,BFA
1,2010,DHS 2010,231,Koloko,BFA.9.2.5_1,Haut-Bassins,koloko,778.9420969,460.2307739,459.9016113,130.1025543,131.044281,406.8710022,NA,8.705625534,3.327008739,2.289137775,NA,-3.064062547,-0.066289002,BFA
2,2021,DHS 2021,231,Koloko,BFA.9.2.5_1,Haut-Bassins,koloko,778.9420969,460.2307739,459.9016113,130.1025543,131.044281,311.4407959,0.003466495,8.940625191,3.327008739,1.219208608,-0.146460169,-1.767398392,-0.066289002,BFA
1,2010,DHS 2010,232,Kourinion,BFA.9.2.6_1,Haut-Bassins,kourinion,602.5262199,467.2917786,464.1080627,77.39562988,77.87679291,393.150238,NA,8.872899055,3.481316224,2.135305499,NA,-2.141092776,-0.959881629,BFA
2,2021,DHS 2021,232,Kourinion,BFA.9.2.6_1,Haut-Bassins,kourinion,602.5262199,467.2917786,464.1080627,77.39562988,77.87679291,331.5820618,0.004931921,9.116620064,3.481316224,1.44502524,-0.135149454,-0.796306576,-0.959881629,BFA
1,2010,DHS 2010,233,Kourouma,BFA.9.2.7_1,Haut-Bassins,kourouma,1003.443487,358.8881531,357.9324036,170.0708313,171.0618591,377.9715881,NA,8.839783669,1.112320363,1.965127933,NA,-2.32381447,0.611332733,BFA
2,2021,DHS 2021,233,Kourouma,BFA.9.2.7_1,Haut-Bassins,kourouma,1003.443487,358.8881531,357.9324036,170.0708313,171.0618591,254.9089203,0.004240215,9.093354225,1.112320363,0.585393542,-0.140486242,-0.924681143,0.611332733,BFA
1,2010,DHS 2010,234,Morolaba,BFA.9.2.8_1,Haut-Bassins,morolaba,891.7486638,333.8824463,333.6456909,315.9496155,316.979187,372.2523193,NA,8.82516098,0.565858788,1.901005548,NA,-2.404498484,3.08456006,BFA
2,2021,DHS 2021,234,Morolaba,BFA.9.2.8_1,Haut-Bassins,morolaba,891.7486638,333.8824463,333.6456909,315.9496155,316.979187,218.2940521,0,9.054551125,0.565858788,0.174880803,-0.173281779,-1.138786092,3.08456006,BFA
1,2010,DHS 2010,235,N'dorola,BFA.9.2.9_1,Haut-Bassins,n'dorola,828.5900767,361.3070984,362.3521118,232.6597137,232.680191,362.4784241,NA,8.830729485,1.165182723,1.791424148,NA,-2.373772993,1.672463968,BFA
2,2021,DHS 2021,235,N'dorola,BFA.9.2.9_1,Haut-Bassins,n'dorola,828.5900767,361.3070984,362.3521118,232.6597137,232.680191,224.7682953,0.001105666,9.079870224,1.165182723,0.247467689,-0.164716727,-0.999082192,1.672463968,BFA
1,2010,DHS 2010,236,Orodara,BFA.9.2.10_1,Haut-Bassins,orodara,406.5884127,531.9927979,530.7123413,68.30188751,69.65910339,391.9727783,NA,8.834089279,4.895258296,2.122104244,NA,-2.35523456,-1.114056838,BFA
2,2021,DHS 2021,236,Orodara,BFA.9.2.10_1,Haut-Bassins,orodara,406.5884127,531.9927979,530.7123413,68.30188751,69.65910339,318.6852112,0.046909776,9.067525864,4.895258296,1.300430388,0.182035778,-1.067195013,-1.114056838,BFA
1,2010,DHS 2010,237,Samogohiri,BFA.9.2.11_1,Haut-Bassins,samogohiri,455.1776551,519.1431274,518.5632324,93.02519989,89.66673279,385.755127,NA,8.753993034,4.614448352,2.052394172,NA,-2.797183843,-0.694898068,BFA
2,2021,DHS 2021,237,Samogohiri,BFA.9.2.11_1,Haut-Bassins,samogohiri,455.1776551,519.1431274,518.5632324,93.02519989,89.66673279,320.9099731,0.003509047,8.997039795,4.614448352,1.325373619,-0.146131503,-1.456117958,-0.694898068,BFA
1,2010,DHS 2010,238,Samorogouan,BFA.9.2.12_1,Haut-Bassins,samorogouan,1168.680925,357.3979492,358.9367676,187.286911,189.3820496,373.6893921,NA,8.812144279,1.079754231,1.917117491,NA,-2.476321097,0.903213962,BFA
2,2021,DHS 2021,238,Samorogouan,BFA.9.2.12_1,Haut-Bassins,samorogouan,1168.680925,357.3979492,358.9367676,187.286911,189.3820496,270.339325,0.004852149,9.063515663,1.079754231,0.758393692,-0.135764739,-1.089322208,0.903213962,BFA
1,2010,DHS 2010,239,Sindo,BFA.9.2.13_1,Haut-Bassins,sindo,638.5932159,339.9810181,339.7610779,245.7043915,246.721756,372.3764343,NA,8.782830238,0.699133771,1.90239708,NA,-2.638067998,1.893623293,BFA
2,2021,DHS 2021,239,Sindo,BFA.9.2.13_1,Haut-Bassins,sindo,638.5932159,339.9810181,339.7610779,245.7043915,246.721756,251.1033783,0,9.013788223,0.699133771,0.542727173,-0.173281779,-1.363704689,1.893623293,BFA
1,2010,DHS 2010,240,Bekuy,BFA.9.3.1_1,Haut-Bassins,bekuy,584.1217395,336.6986389,337.7566528,138.6261292,136.7742157,343.5946655,NA,9.019771576,0.627402382,1.579706235,NA,-1.330690177,0.078219593,BFA
2,2021,DHS 2021,240,Bekuy,BFA.9.3.1_1,Haut-Bassins,bekuy,584.1217395,336.6986389,337.7566528,138.6261292,136.7742157,223.7245789,0,9.299495697,0.627402382,0.235765916,-0.173281779,0.212751401,0.078219593,BFA
1,2010,DHS 2010,241,Bereba,BFA.9.3.2_1,Haut-Bassins,bereba,590.4047847,307.9649048,308.1138306,176.7792511,175.4337311,349.64151,NA,9.019375801,-5.30E-04,1.647501282,NA,-1.332873955,0.725067209,BFA
2,2021,DHS 2021,241,Bereba,BFA.9.3.2_1,Haut-Bassins,bereba,590.4047847,307.9649048,308.1138306,176.7792511,175.4337311,237.3023987,0,9.299375534,-5.30E-04,0.387995551,-0.173281779,0.212088375,0.725067209,BFA
1,2010,DHS 2010,242,Boni,BFA.9.3.3_1,Haut-Bassins,boni,379.8737488,328.5891724,328.8180542,159.1672058,158.6791992,385.217865,NA,9.099557877,0.450182362,2.046370584,NA,-0.890451082,0.426472784,BFA
2,2021,DHS 2021,242,Boni,BFA.9.3.3_1,Haut-Bassins,boni,379.8737488,328.5891724,328.8180542,159.1672058,158.6791992,274.3363647,0.001047442,9.344238281,0.450182362,0.803207065,-0.165167528,0.459628805,0.426472784,BFA
1,2010,DHS 2010,243,Founzan,BFA.9.3.4_1,Haut-Bassins,founzan,801.749428,290.6477051,290.9509277,178.9473877,179.178772,384.8946228,NA,9.101111412,-0.378970525,2.042746509,NA,-0.881879096,0.761825774,BFA
2,2021,DHS 2021,243,Founzan,BFA.9.3.4_1,Haut-Bassins,founzan,801.749428,290.6477051,290.9509277,178.9473877,179.178772,287.9703369,0.001481417,9.319684029,-0.378970525,0.95606626,-0.161808126,0.324145121,0.761825774,BFA
1,2010,DHS 2010,244,Houndé,BFA.9.3.5_1,Haut-Bassins,houndé,1250.211419,325.6489258,324.9979858,166.2386475,166.4631348,371.5953064,NA,9.048428535,0.385927758,1.893639355,NA,-1.172568873,0.546361929,BFA
2,2021,DHS 2021,244,Houndé,BFA.9.3.5_1,Haut-Bassins,houndé,1250.211419,325.6489258,324.9979858,166.2386475,166.4631348,276.283905,0.068516351,9.313142776,0.385927758,0.825042186,0.340371587,0.288052272,0.546361929,BFA
1,2010,DHS 2010,245,Koti,BFA.9.3.6_1,Haut-Bassins,koti,677.0726246,278.3084412,277.8551331,205.9747467,206.4020844,345.7193909,NA,9.118458748,-0.648626313,1.603527892,NA,-0.786161218,1.220047326,BFA
2,2021,DHS 2021,245,Koti,BFA.9.3.6_1,Haut-Bassins,koti,677.0726246,278.3084412,277.8551331,205.9747467,206.4020844,245.1793671,1.83E-04,9.335836411,-0.648626313,0.476309289,-0.17186152,0.413269569,1.220047326,BFA
1,2010,DHS 2010,246,Koumbia,BFA.9.3.7_1,Haut-Bassins,koumbia,1364.768098,308.4915466,308.1972656,156.2097626,155.9017639,380.2420959,NA,9.055352211,0.010979411,1.990584051,NA,-1.134365915,0.376332324,BFA
2,2021,DHS 2021,246,Koumbia,BFA.9.3.7_1,Haut-Bassins,koumbia,1364.768098,308.4915466,308.1972656,156.2097626,155.9017639,318.3738403,0.001885589,9.3094244,0.010979411,1.29693941,-0.15868074,0.267535284,0.376332324,BFA
1,2010,DHS 2010,247,Banh,BFA.10.1.1_1,Nord,banh,1103.541283,306.2015076,305.9077454,185.5212708,202.0249786,193.8615723,NA,9.32393837,-0.039065899,-0.099047378,NA,0.347619418,0.873279316,BFA
2,2021,DHS 2021,247,Banh,BFA.10.1.1_1,Nord,banh,1103.541283,306.2015076,305.9077454,185.5212708,202.0249786,107.1320724,0,9.625099182,-0.039065899,-1.071427352,-0.173281779,2.009342825,0.873279316,BFA
1,2010,DHS 2010,248,Ouindigui,BFA.10.1.2_1,Nord,ouindigui,613.8858927,335.9848328,335.8123169,135.9220886,135.6628876,145.5516663,NA,9.285524368,0.611803237,-0.640680677,NA,0.135661412,0.032375319,BFA
2,2021,DHS 2021,248,Ouindigui,BFA.10.1.2_1,Nord,ouindigui,613.8858927,335.9848328,335.8123169,135.9220886,135.6628876,95.10327148,0,9.515566826,0.611803237,-1.206289944,-0.173281779,1.404973091,0.032375319,BFA
1,2010,DHS 2010,249,Solle,BFA.10.1.3_1,Nord,solle,379.3618878,322.2812805,322.4471741,180.5261078,179.9731293,149.8590698,NA,9.318750381,0.312333008,-0.592387617,NA,0.31899351,0.788591377,BFA
2,2021,DHS 2021,249,Solle,BFA.10.1.3_1,Nord,solle,379.3618878,322.2812805,322.4471741,180.5261078,179.9731293,99.76660156,0,9.655000687,0.312333008,-1.154006363,-0.173281779,2.17433119,0.788591377,BFA
1,2010,DHS 2010,250,Titao,BFA.10.1.4_1,Nord,titao,1606.558781,334.9927368,335.0432434,89.92900085,90.41607666,153.9228058,NA,9.262755394,0.590122494,-0.54682647,NA,0.010028408,-0.747390993,BFA
2,2021,DHS 2021,250,Titao,BFA.10.1.4_1,Nord,titao,1606.558781,334.9927368,335.0432434,89.92900085,90.41607666,93.98588562,2.52E-04,9.594565392,0.590122494,-1.218817672,-0.171325162,1.840865678,-0.747390993,BFA
1,2010,DHS 2010,251,Arbolle,BFA.10.2.1_1,Nord,arbolle,644.9293561,327.5494995,327.7075806,92.25597382,92.22861481,147.4885712,NA,9.222763062,0.427461898,-0.618964796,NA,-0.2106384,-0.707939519,BFA
2,2021,DHS 2021,251,Arbolle,BFA.10.2.1_1,Nord,arbolle,644.9293561,327.5494995,327.7075806,92.25597382,92.22861481,115.4485321,0.001959114,9.46449852,0.427461898,-0.978186196,-0.15811195,1.123192076,-0.707939519,BFA
1,2010,DHS 2010,252,Bagare,BFA.10.2.2_1,Nord,bagare,465.7454846,295.7893372,295.9161682,124.6431656,125.6541138,202.6361542,NA,9.233751297,-0.266607999,-6.70E-04,NA,-0.150008307,-0.15884742,BFA
2,2021,DHS 2021,252,Bagare,BFA.10.2.2_1,Nord,bagare,465.7454846,295.7893372,295.9161682,124.6431656,125.6541138,114.0295715,0,9.498748779,-0.266607999,-0.994095071,-0.173281779,1.312175686,-0.15884742,BFA
1,2010,DHS 2010,253,Bokin,BFA.10.2.3_1,Nord,bokin,799.8778439,305.6235962,305.7402039,116.6555481,115.996315,155.8441467,NA,9.219861984,-0.051695271,-0.525285086,NA,-0.226645755,-0.2942694,BFA
2,2021,DHS 2021,253,Bokin,BFA.10.2.3_1,Nord,bokin,799.8778439,305.6235962,305.7402039,116.6555481,115.996315,113.1390152,0.001459123,9.437298775,-0.051695271,-1.004079669,-0.161980666,0.973111284,-0.2942694,BFA
1,2010,DHS 2010,254,Gomponsom,BFA.10.2.4_1,Nord,gomponsom,230.6892052,311.5704651,311.5680847,83.10929871,82.88464355,160.9571075,NA,9.217766762,0.078264477,-0.467960408,NA,-0.238206622,-0.863012149,BFA
2,2021,DHS 2021,254,Gomponsom,BFA.10.2.4_1,Nord,gomponsom,230.6892052,311.5704651,311.5680847,83.10929871,82.88464355,118.4581375,0,9.544960022,0.078264477,-0.944443582,-0.173281779,1.567156748,-0.863012149,BFA
1,2010,DHS 2010,255,Kirsi,BFA.10.2.5_1,Nord,kirsi,220.5738746,311.504425,311.3567505,87.50128937,87.96141815,154.5493622,NA,9.220333099,0.076821273,-0.539801745,NA,-0.22404627,-0.788550387,BFA
2,2021,DHS 2021,255,Kirsi,BFA.10.2.5_1,Nord,kirsi,220.5738746,311.504425,311.3567505,87.50128937,87.96141815,106.2887726,5.42E-04,9.457745552,0.076821273,-1.080882126,-0.169085658,1.085931037,-0.788550387,BFA
1,2010,DHS 2010,256,Lâ-Todin,BFA.10.2.6_1,Nord,lâ todin,305.8659706,298.359436,298.1533203,67.70259857,68.37413025,168.3205414,NA,9.228143692,-0.210442409,-0.385404235,NA,-0.180949545,-1.124217177,BFA
2,2021,DHS 2021,256,Lâ-Todin,BFA.10.2.6_1,Nord,lâ todin,305.8659706,298.359436,298.1533203,67.70259857,68.37413025,119.9440765,0.001827324,9.48600769,-0.210442409,-0.927783768,-0.159131499,1.241873825,-1.124217177,BFA
1,2010,DHS 2010,257,Pilimpikou,BFA.10.2.7_1,Nord,pilimpikou,184.7287099,324.9298096,324.54422,80.65547943,80.85208893,150.8262024,NA,9.226874352,0.37021257,-0.581544474,NA,-0.187953421,-0.904614175,BFA
2,2021,DHS 2021,257,Pilimpikou,BFA.10.2.7_1,Nord,pilimpikou,184.7287099,324.9298096,324.54422,80.65547943,80.85208893,128.9517212,0,9.483125687,0.37021257,-0.826793294,-0.173281779,1.225971713,-0.904614175,BFA
1,2010,DHS 2010,258,Samba,BFA.10.2.8_1,Nord,samba,355.5630289,304.0932617,303.4302673,55.80867004,55.97239304,164.0308228,NA,9.227367401,-0.085138396,-0.433499018,NA,-0.185232907,-1.325866712,BFA
2,2021,DHS 2021,258,Samba,BFA.10.2.8_1,Nord,samba,355.5630289,304.0932617,303.4302673,55.80867004,55.97239304,144.0005646,3.31E-04,9.484244347,-0.085138396,-0.658071072,-0.170718789,1.232144174,-1.325866712,BFA
1,2010,DHS 2010,259,Yako,BFA.10.2.9_1,Nord,yako,788.1146318,330.054657,330.0262451,70.17739868,70.56498718,148.8604126,NA,9.225010872,0.482208292,-0.603584203,NA,-0.198235594,-1.082259442,BFA
2,2021,DHS 2021,259,Yako,BFA.10.2.9_1,Nord,yako,788.1146318,330.054657,330.0262451,70.17739868,70.56498718,116.651947,0.028513851,9.495788574,0.482208292,-0.96469394,0.044630881,1.29584208,-1.082259442,BFA
1,2010,DHS 2010,260,Barga,BFA.10.3.1_1,Nord,barga,203.1819069,348.8948059,348.6590576,59.68690491,61.10927582,181.0626831,NA,9.245624542,0.893931006,-0.242543922,NA,-0.084494971,-1.26011516,BFA
2,2021,DHS 2021,260,Barga,BFA.10.3.1_1,Nord,barga,203.1819069,348.8948059,348.6590576,59.68690491,61.10927582,102.458786,0,9.605625153,0.893931006,-1.123822559,-0.173281779,1.90189043,-1.26011516,BFA
1,2010,DHS 2010,261,Kaïn,BFA.10.3.2_1,Nord,kaïn,775.763022,279.4836121,279.1576538,96.25772858,95.92658997,212.9272308,NA,9.320824623,-0.622944746,0.114709932,NA,0.330438611,-0.640093812,BFA
2,2021,DHS 2021,261,Kaïn,BFA.10.3.2_1,Nord,kaïn,775.763022,279.4836121,279.1576538,96.25772858,95.92658997,105.0238647,0,9.539610863,-0.622944746,-1.095063818,-0.173281779,1.537641543,-0.640093812,BFA
1,2010,DHS 2010,262,Kalsaka,BFA.10.3.3_1,Nord,kalsaka,587.5735417,316.7502136,316.8222351,107.3830261,107.6990509,165.4781189,NA,9.218791962,0.191459979,-0.417272454,NA,-0.232549848,-0.451475638,BFA
2,2021,DHS 2021,262,Kalsaka,BFA.10.3.3_1,Nord,kalsaka,587.5735417,316.7502136,316.8222351,107.3830261,107.6990509,114.8205109,0.003113846,9.505702019,0.191459979,-0.985227344,-0.149184509,1.350541769,-0.451475638,BFA
1,2010,DHS 2010,263,Kossouka,BFA.10.3.4_1,Nord,kossouka,167.9998135,342.3215332,342.4016113,65.70131683,65.64237976,156.9980316,NA,9.223125458,0.750282159,-0.512348144,NA,-0.208638796,-1.158146886,BFA
2,2021,DHS 2021,263,Kossouka,BFA.10.3.4_1,Nord,kossouka,167.9998135,342.3215332,342.4016113,65.70131683,65.64237976,113.4310608,0,9.439374924,0.750282159,-1.000805359,-0.173281779,0.984566909,-1.158146886,BFA
1,2010,DHS 2010,264,Koumbri,BFA.10.3.5_1,Nord,koumbri,615.3586203,338.5345459,336.6352234,93.58305359,95.76777649,193.0380249,NA,9.254279137,0.667523328,-0.108280695,NA,-0.036741274,-0.685440222,BFA
2,2021,DHS 2021,264,Koumbri,BFA.10.3.5_1,Nord,koumbri,615.3586203,338.5345459,336.6352234,93.58305359,95.76777649,101.914711,0,9.593484879,0.667523328,-1.129922533,-0.173281779,1.834903701,-0.685440222,BFA
1,2010,DHS 2010,265,Namissiguima,BFA.10.3.6_1,Nord,namissiguima,499.6803063,330.3180847,329.77771,37.34883499,39.9332695,170.7447357,NA,9.245381355,0.487965104,-0.358225039,NA,-0.08583681,-1.638834556,BFA
2,2021,DHS 2021,265,Namissiguima,BFA.10.3.6_1,Nord,namissiguima,499.6803063,330.3180847,329.77771,37.34883499,39.9332695,111.4466629,0.099667847,9.605291367,0.487965104,-1.023053714,0.563106646,1.900048689,-1.638834556,BFA
1,2010,DHS 2010,266,Ouahigouya,BFA.10.3.7_1,Nord,ouahigouya,494.2002316,338.3694153,338.6679688,17.76442909,18.93299103,207.0773315,NA,9.247643471,0.663914651,0.049122964,NA,-0.073355072,-1.970868361,BFA
2,2021,DHS 2021,266,Ouahigouya,BFA.10.3.7_1,Nord,ouahigouya,494.2002316,338.3694153,338.6679688,17.76442909,18.93299103,129.0935822,0.365215302,9.587965012,0.663914651,-0.8252028,2.239633279,1.804446578,-1.970868361,BFA
1,2010,DHS 2010,267,Oula,BFA.10.3.8_1,Nord,oula,562.3289924,330.2976685,330.0695496,46.3489418,47.71264648,168.7579803,NA,9.219813347,0.487518937,-0.380499826,NA,-0.226914123,-1.486246842,BFA
2,2021,DHS 2021,267,Oula,BFA.10.3.8_1,Nord,oula,562.3289924,330.2976685,330.0695496,46.3489418,47.71264648,113.6983566,5.73E-04,9.570331573,0.487518937,-0.997808534,-0.168838846,1.707150065,-1.486246842,BFA
1,2010,DHS 2010,268,Rambo,BFA.10.3.9_1,Nord,rambo,282.5374085,325.0897217,324.6597595,107.1548615,107.5605316,171.6135712,NA,9.223124504,0.373707206,-0.348483969,NA,-0.208644058,-0.455343939,BFA
2,2021,DHS 2021,268,Rambo,BFA.10.3.9_1,Nord,rambo,282.5374085,325.0897217,324.6597595,107.1548615,107.5605316,111.9387283,0,9.439374924,0.373707206,-1.017536854,-0.173281779,0.984566909,-0.455343939,BFA
1,2010,DHS 2010,269,Seguenega,BFA.10.3.10_1,Nord,seguenega,671.9723264,323.3247681,323.2379761,70.82182312,71.45862579,150.2930908,NA,9.23211956,0.335136837,-0.58752153,NA,-0.159011786,-1.071333877,BFA
2,2021,DHS 2021,269,Seguenega,BFA.10.3.10_1,Nord,seguenega,671.9723264,323.3247681,323.2379761,70.82182312,71.45862579,105.8750305,0.006178759,9.518428802,0.335136837,-1.085520854,-0.12553886,1.420764699,-1.071333877,BFA
1,2010,DHS 2010,270,Tangaye,BFA.10.3.11_1,Nord,tangaye,492.2314688,316.8733215,311.7357178,59.82320023,68.29444122,210.7309418,NA,9.291103363,0.194150315,0.090085928,NA,0.166444786,-1.257804411,BFA
2,2021,DHS 2021,270,Tangaye,BFA.10.3.11_1,Nord,tangaye,492.2314688,316.8733215,311.7357178,59.82320023,68.29444122,117.2854004,0,9.51584053,0.194150315,-0.957591889,-0.173281779,1.406483318,-1.257804411,BFA
1,2010,DHS 2010,271,Thiou,BFA.10.3.12_1,Nord,thiou,1197.594639,306.8600769,302.9979248,73.96595764,74.45819092,215.1024323,NA,9.295624733,-0.024673871,0.139097508,NA,0.191392475,-1.018028255,BFA
2,2021,DHS 2021,271,Thiou,BFA.10.3.12_1,Nord,thiou,1197.594639,306.8600769,302.9979248,73.96595764,74.45819092,109.3026276,0,9.518125534,-0.024673871,-1.047091868,-0.173281779,1.419091346,-1.018028255,BFA
1,2010,DHS 2010,272,Zogore,BFA.10.3.13_1,Nord,zogore,238.9550302,333.4657288,332.1500549,45.84942627,46.04114532,199.1698456,NA,9.255540848,0.556752062,-0.039532926,NA,-0.029779495,-1.494715623,BFA
2,2021,DHS 2021,272,Zogore,BFA.10.3.13_1,Nord,zogore,238.9550302,333.4657288,332.1500549,45.84942627,46.04114532,117.056572,0.001080583,9.470118523,0.556752062,-0.960157431,-0.164910931,1.154201721,-1.494715623,BFA
1,2010,DHS 2010,273,Bassi,BFA.10.4.1_1,Nord,bassi,196.691144,330.2217102,330.1558533,80.79734039,80.89749146,165.4668579,NA,9.215000153,0.485858986,-0.417398708,NA,-0.253472019,-0.902209066,BFA
2,2021,DHS 2021,273,Bassi,BFA.10.4.1_1,Nord,bassi,196.691144,330.2217102,330.1558533,80.79734039,80.89749146,113.7154541,7.37E-04,9.563750267,0.485858986,-0.997616843,-0.167573047,1.670836207,-0.902209066,BFA
1,2010,DHS 2010,274,Boussou,BFA.10.4.2_1,Nord,boussou,500.8603078,313.6785889,313.5688171,108.7246399,110.320137,196.1444092,NA,9.243900299,0.124334306,-0.073453031,NA,-0.094008875,-0.428729932,BFA
2,2021,DHS 2021,274,Boussou,BFA.10.4.2_1,Nord,boussou,500.8603078,313.6785889,313.5688171,108.7246399,110.320137,109.9278183,5.14E-04,9.493159294,0.124334306,-1.040082454,-0.169299775,1.281334428,-0.428729932,BFA
1,2010,DHS 2010,275,Gourcy,BFA.10.4.3_1,Nord,gourcy,775.7754797,321.275177,321.3718262,59.12440109,59.75447845,177.5140228,NA,9.218821526,0.290346151,-0.282330226,NA,-0.232386723,-1.269651844,BFA
2,2021,DHS 2021,275,Gourcy,BFA.10.4.3_1,Nord,gourcy,775.7754797,321.275177,321.3718262,59.12440109,59.75447845,118.1011276,0.032864019,9.554907799,0.290346151,-0.948446248,0.077344237,1.622045873,-1.269651844,BFA
1,2010,DHS 2010,276,Léba,BFA.10.4.4_1,Nord,léba,205.0576579,340.1018677,339.8305969,55.14680099,52.38254166,178.3172302,NA,9.215000153,0.701774755,-0.273324953,NA,-0.253472019,-1.337088033,BFA
2,2021,DHS 2021,276,Léba,BFA.10.4.4_1,Nord,léba,205.0576579,340.1018677,339.8305969,55.14680099,52.38254166,125.0385971,0.001856076,9.563750267,0.701774755,-0.870665834,-0.158909058,1.670836207,-1.337088033,BFA
1,2010,DHS 2010,277,Tougo,BFA.10.4.5_1,Nord,tougo,310.9826522,315.6312866,315.3397827,108.9175034,109.1222992,159.7559814,NA,9.215000153,0.167007537,-0.481427002,NA,-0.253472019,-0.425460127,BFA
2,2021,DHS 2021,277,Tougo,BFA.10.4.5_1,Nord,tougo,310.9826522,315.6312866,315.3397827,108.9175034,109.1222992,110.4678421,0,9.563750267,0.167007537,-1.034027901,-0.173281779,1.670836207,-0.425460127,BFA
1,2010,DHS 2010,278,Boudry,BFA.11.1.1_1,Plateau-Central,boudry,1068.862077,281.0144043,281.0271301,124.7838821,125.2690048,163.6340637,NA,9.186065674,-0.589491617,-0.437947338,NA,-0.413124599,-0.156461713,BFA
2,2021,DHS 2021,278,Boudry,BFA.11.1.1_1,Plateau-Central,boudry,1068.862077,281.0144043,281.0271301,124.7838821,125.2690048,144.1834412,0.096764214,9.394816399,-0.589491617,-0.656020725,0.542613901,0.738705093,-0.156461713,BFA
1,2010,DHS 2010,279,Kogho,BFA.11.1.2_1,Plateau-Central,kogho,160.3180601,314.9725342,314.7757263,109.1640244,109.969696,171.2870636,NA,9.220000267,0.152611507,-0.352144654,NA,-0.225882748,-0.421280613,BFA
2,2021,DHS 2021,279,Kogho,BFA.11.1.2_1,Plateau-Central,kogho,160.3180601,314.9725342,314.7757263,109.1640244,109.969696,140.6673126,0,9.427499771,0.152611507,-0.695442294,-0.173281779,0.919043048,-0.421280613,BFA
1,2010,DHS 2010,280,Méguet,BFA.11.1.3_1,Plateau-Central,méguet,363.3997881,314.0644226,314.3947449,84.40500641,85.14091492,166.0623474,NA,9.181894302,0.132766114,-0.410722294,NA,-0.436141091,-0.841044735,BFA
2,2021,DHS 2021,280,Méguet,BFA.11.1.3_1,Plateau-Central,méguet,363.3997881,314.0644226,314.3947449,84.40500641,85.14091492,140.4326324,7.59E-04,9.39064312,0.132766114,-0.698073444,-0.167401437,0.715678076,-0.841044735,BFA
1,2010,DHS 2010,281,Mogtédo,BFA.11.1.4_1,Plateau-Central,mogtédo,670.9245181,274.9971924,274.7775269,118.5932922,118.8022919,161.5158386,NA,9.186012268,-0.720988604,-0.461696116,NA,-0.413419277,-0.261416907,BFA
2,2021,DHS 2021,281,Mogtédo,BFA.11.1.4_1,Plateau-Central,mogtédo,670.9245181,274.9971924,274.7775269,118.5932922,118.8022919,147.7815247,0.007202331,9.394368172,-0.720988604,-0.615680307,-0.117658099,0.736231899,-0.261416907,BFA
1,2010,DHS 2010,282,Salogo,BFA.11.1.5_1,Plateau-Central,salogo,415.8477354,316.1619568,316.4237976,93.13549042,93.21317291,167.8440857,NA,9.200610161,0.178604524,-0.390746085,NA,-0.332872077,-0.693028204,BFA
2,2021,DHS 2021,282,Salogo,BFA.11.1.5_1,Plateau-Central,salogo,415.8477354,316.1619568,316.4237976,93.13549042,93.21317291,140.5730133,0,9.408745766,0.178604524,-0.696499544,-0.173281779,0.81556355,-0.693028204,BFA
1,2010,DHS 2010,283,Zam,BFA.11.1.6_1,Plateau-Central,zam,762.1287884,293.9436646,293.8739014,109.0931091,108.9772415,167.278244,NA,9.187631607,-0.306942358,-0.397090098,NA,-0.404484205,-0.422482909,BFA
2,2021,DHS 2021,283,Zam,BFA.11.1.6_1,Plateau-Central,zam,762.1287884,293.9436646,293.8739014,109.0931091,108.9772415,142.0483551,0.005003113,9.396071434,-0.306942358,-0.679958543,-0.134600386,0.745630037,-0.422482909,BFA
1,2010,DHS 2010,284,Zorgho,BFA.11.1.7_1,Plateau-Central,zorgho,395.5791556,311.3246155,310.6300354,63.62947464,66.46213531,162.3096619,NA,9.171825409,0.072891809,-0.452796055,NA,-0.491698505,-1.193272876,BFA
2,2021,DHS 2021,284,Zorgho,BFA.11.1.7_1,Plateau-Central,zorgho,395.5791556,311.3246155,310.6300354,63.62947464,66.46213531,141.6679382,0.069783397,9.378151894,0.072891809,-0.68422364,0.349557022,0.646754889,-1.193272876,BFA
1,2010,DHS 2010,285,Zoungou,BFA.11.1.8_1,Plateau-Central,zoungou,345.2473761,290.0190735,289.9629211,109.0491562,111.8024521,161.3256989,NA,9.124717712,-0.392708309,-0.463827895,NA,-0.751625955,-0.423228086,BFA
2,2021,DHS 2021,285,Zoungou,BFA.11.1.8_1,Plateau-Central,zoungou,345.2473761,290.0190735,289.9629211,109.0491562,111.8024521,134.4090271,3.32E-04,9.319688797,-0.392708309,-0.765607942,-0.170709638,0.324171432,-0.423228086,BFA
1,2010,DHS 2010,286,Boussé,BFA.11.2.1_1,Plateau-Central,boussé,456.0221032,319.6442566,319.6456604,117.9976044,118.0320969,150.2740784,NA,9.21625042,0.254704873,-0.58773469,NA,-0.246573386,-0.271516193,BFA
2,2021,DHS 2021,286,Boussé,BFA.11.2.1_1,Plateau-Central,boussé,456.0221032,319.6442566,319.6456604,117.9976044,118.0320969,146.4519653,0.006098502,9.43500042,0.254704873,-0.630586848,-0.126157118,0.960429586,-0.271516193,BFA
1,2010,DHS 2010,287,Laye,BFA.11.2.2_1,Plateau-Central,laye,124.6105872,334.4768372,334.2191772,84.12306213,83.82763672,168.920578,NA,9.210243225,0.578848294,-0.37867684,NA,-0.27971945,-0.845824815,BFA
2,2021,DHS 2021,287,Laye,BFA.11.2.2_1,Plateau-Central,laye,124.6105872,334.4768372,334.2191772,84.12306213,83.82763672,161.2363434,0.005609549,9.427492142,0.578848294,-0.464829716,-0.129924839,0.919000951,-0.845824815,BFA
1,2010,DHS 2010,288,Niou,BFA.11.2.3_1,Plateau-Central,niou,357.1024962,330.6498413,330.6486511,112.6603928,112.7418823,150.0942688,NA,9.21625042,0.495215138,-0.589750651,NA,-0.246573386,-0.362003221,BFA
2,2021,DHS 2021,288,Niou,BFA.11.2.3_1,Plateau-Central,niou,357.1024962,330.6498413,330.6486511,112.6603928,112.7418823,125.6386261,0.006981407,9.434999466,0.495215138,-0.863938525,-0.11935837,0.960424324,-0.362003221,BFA
1,2010,DHS 2010,289,Sourgoubila,BFA.11.2.4_1,Plateau-Central,sourgoubila,474.4969688,328.97229,328.7410889,95.68489838,95.88996124,163.7323761,NA,9.16348362,0.458554814,-0.436845094,NA,-0.537726228,-0.649805569,BFA
2,2021,DHS 2021,289,Sourgoubila,BFA.11.2.4_1,Plateau-Central,sourgoubila,474.4969688,328.97229,328.7410889,95.68489838,95.88996124,155.1803131,2.70E-04,9.372950554,0.458554814,-0.53272775,-0.171193065,0.618055312,-0.649805569,BFA
1,2010,DHS 2010,290,Toéghin,BFA.11.2.5_1,Plateau-Central,toéghin,190.0402024,320.9606018,321.446167,134.821167,134.6161957,146.4744415,NA,9.21625042,0.28347159,-0.630334853,NA,-0.246573386,0.013710306,BFA
2,2021,DHS 2021,290,Toéghin,BFA.11.2.5_1,Plateau-Central,toéghin,190.0402024,320.9606018,321.446167,134.821167,134.6161957,135.7363586,7.99E-04,9.43500042,0.28347159,-0.750726378,-0.167089168,0.960429586,0.013710306,BFA
1,2010,DHS 2010,291,Absouya,BFA.11.3.1_1,Plateau-Central,absouya,306.1272316,299.4347534,300.3788757,150.0706329,149.5105591,151.3283234,NA,9.224003792,-0.186942988,-0.575914875,NA,-0.203792388,0.272249586,BFA
2,2021,DHS 2021,291,Absouya,BFA.11.3.1_1,Plateau-Central,absouya,306.1272316,299.4347534,300.3788757,150.0706329,149.5105591,133.6922302,0,9.432148933,-0.186942988,-0.773644411,-0.173281779,0.944695861,0.272249586,BFA
1,2010,DHS 2010,292,Dapélogo,BFA.11.3.2_1,Plateau-Central,dapélogo,438.33269,306.7365112,307.1087952,115.1287079,115.3434143,142.2274475,NA,9.219667435,-0.02737421,-0.677950623,NA,-0.227719226,-0.320155433,BFA
2,2021,DHS 2021,292,Dapélogo,BFA.11.3.2_1,Plateau-Central,dapélogo,438.33269,306.7365112,307.1087952,115.1287079,115.3434143,147.0317383,0.001508781,9.436039925,-0.02737421,-0.624086642,-0.161596351,0.966165291,-0.320155433,BFA
1,2010,DHS 2010,293,Loumbila,BFA.11.3.3_1,Plateau-Central,loumbila,177.6924557,291.5072632,292.092926,84.27861023,91.60731506,142.7633362,NA,9.224719048,-0.360186193,-0.671942432,NA,-0.199845801,-0.843187654,BFA
2,2021,DHS 2021,293,Loumbila,BFA.11.3.3_1,Plateau-Central,loumbila,177.6924557,291.5072632,292.092926,84.27861023,91.60731506,153.7500305,0.070610687,9.433260918,-0.360186193,-0.548763565,0.355548584,0.950831487,-0.843187654,BFA
1,2010,DHS 2010,294,Nagreongo,BFA.11.3.4_1,Plateau-Central,nagreongo,499.1623759,282.3794556,281.9148865,121.0627365,120.5425415,162.0561066,NA,9.201085091,-0.559660504,-0.455638826,NA,-0.330251544,-0.219549976,BFA
2,2021,DHS 2021,294,Nagreongo,BFA.11.3.4_1,Plateau-Central,nagreongo,499.1623759,282.3794556,281.9148865,121.0627365,120.5425415,146.2230225,0.017128978,9.408799171,-0.559660504,-0.633153673,-0.041642897,0.815858228,-0.219549976,BFA
1,2010,DHS 2010,295,Ourgou-Manega,BFA.11.3.5_1,Plateau-Central,ourgou manega,441.4256044,315.3921814,315.4552002,133.3942413,131.4920197,141.7980042,NA,9.223666191,0.161782257,-0.682765387,NA,-0.205655177,-0.010481777,BFA
2,2021,DHS 2021,295,Ourgou-Manega,BFA.11.3.5_1,Plateau-Central,ourgou manega,441.4256044,315.3921814,315.4552002,133.3942413,131.4920197,136.3291626,0,9.437256813,0.161782257,-0.744080073,-0.173281779,0.972879751,-0.010481777,BFA
1,2010,DHS 2010,296,Ziniare,BFA.11.3.6_1,Plateau-Central,ziniare,527.9940293,296.7344666,296.2093506,109.9932175,110.9947281,147.7399139,NA,9.230579376,-0.245953638,-0.616146831,NA,-0.167510102,-0.407222482,BFA
2,2021,DHS 2021,296,Ziniare,BFA.11.3.6_1,Plateau-Central,ziniare,527.9940293,296.7344666,296.2093506,109.9932175,110.9947281,141.0681915,0.090788655,9.439328194,-0.245953638,-0.690947784,0.500269397,0.984309065,-0.407222482,BFA
1,2010,DHS 2010,297,Zitenga,BFA.11.3.7_1,Plateau-Central,zitenga,461.3515302,306.5668335,307.0038452,131.6266327,132.7614746,134.7170715,NA,9.230625153,-0.031082258,-0.762154258,NA,-0.167257521,-0.040449794,BFA
2,2021,DHS 2021,297,Zitenga,BFA.11.3.7_1,Plateau-Central,zitenga,461.3515302,306.5668335,307.0038452,131.6266327,132.7614746,130.7553101,0.00762515,9.439374924,-0.031082258,-0.806572104,-0.114405034,0.984566909,-0.040449794,BFA
1,2010,DHS 2010,298,Deou,BFA.12.1.1_1,Sahel,deou,2210.928867,302.6543884,301.8027039,241.2367096,246.0261536,144.415802,NA,9.585795403,-0.116582777,-0.653415579,NA,1.792475265,1.817878263,BFA
2,2021,DHS 2021,298,Deou,BFA.12.1.1_1,Sahel,deou,2210.928867,302.6543884,301.8027039,241.2367096,246.0261536,53.0080986,0,9.642995834,-0.116582777,-1.678245889,-0.173281779,2.108091682,1.817878263,BFA
1,2010,DHS 2010,299,Gorom-Gorom,BFA.12.1.2_1,Sahel,gorom gorom,3317.041231,284.1282959,284.1203613,107.7294693,108.3976593,102.1810608,NA,9.493908882,-0.521442267,-1.126936314,NA,1.285470451,-0.445602044,BFA
2,2021,DHS 2021,299,Gorom-Gorom,BFA.12.1.2_1,Sahel,gorom gorom,3317.041231,284.1282959,284.1203613,107.7294693,108.3976593,43.52422714,0.034893129,9.605005264,-0.521442267,-1.784575647,0.092556089,1.898470055,-0.445602044,BFA
1,2010,DHS 2010,300,Markoye,BFA.12.1.3_1,Sahel,markoye,1503.122951,272.3068237,272.0461426,133.1593018,133.763855,91.45148468,NA,9.438874245,-0.779782507,-1.247232465,NA,0.981804298,-0.01446494,BFA
2,2021,DHS 2021,300,Markoye,BFA.12.1.3_1,Sahel,markoye,1503.122951,272.3068237,272.0461426,133.1593018,133.763855,39.18056107,0,9.604735374,-0.779782507,-1.833275269,-0.173281779,1.896980876,-0.01446494,BFA
1,2010,DHS 2010,301,Oursi,BFA.12.1.4_1,Sahel,oursi,612.8428948,300.6483154,300.5713196,151.1529236,151.9703827,130.3262482,NA,9.476678848,-0.160422442,-0.811382592,NA,1.190399813,0.29059873,BFA
2,2021,DHS 2021,301,Oursi,BFA.12.1.4_1,Sahel,oursi,612.8428948,300.6483154,300.5713196,151.1529236,151.9703827,47.47196198,0,9.632640839,-0.160422442,-1.740315063,-0.173281779,2.050955634,0.29059873,BFA
1,2010,DHS 2010,302,Tin-Akoff,BFA.12.1.5_1,Sahel,tin akoff,2392.478041,264.8999939,264.3571472,228.2080383,229.5449371,132.2267761,NA,9.506098747,-0.941647473,-0.790074555,NA,1.352730809,1.596990311,BFA
2,2021,DHS 2021,302,Tin-Akoff,BFA.12.1.5_1,Sahel,tin akoff,2392.478041,264.8999939,264.3571472,228.2080383,229.5449371,49.44445038,0,9.640223503,-0.941647473,-1.718200232,-0.173281779,2.092794713,1.596990311,BFA
1,2010,DHS 2010,303,Bani,BFA.12.2.1_1,Sahel,bani,1614.317542,295.8835754,295.9829712,139.6125031,140.6243134,121.802269,NA,9.376774788,-0.264548565,-0.906950382,NA,0.639156395,0.094942565,BFA
2,2021,DHS 2021,303,Bani,BFA.12.2.1_1,Sahel,bani,1614.317542,295.8835754,295.9829712,139.6125031,140.6243134,61.96094513,3.41E-04,9.55796051,-0.264548565,-1.577869792,-0.170636979,1.638889904,0.094942565,BFA
1,2010,DHS 2010,304,Dori,BFA.12.2.2_1,Sahel,dori,2495.403722,288.9532166,289.012085,70.86702728,71.31781006,113.9668198,NA,9.434355736,-0.416000986,-0.994798622,NA,0.956872396,-1.070567487,BFA
2,2021,DHS 2021,304,Dori,BFA.12.2.2_1,Sahel,dori,2495.403722,288.9532166,289.012085,70.86702728,71.31781006,55.92877579,0.014849569,9.575855255,-0.416000986,-1.645500306,-0.059032086,1.737628237,-1.070567487,BFA
1,2010,DHS 2010,305,Falagountou,BFA.12.2.3_1,Sahel,falagountou,560.4923909,275.4036255,275.3240051,90.391922,90.289711,86.75960541,NA,9.348750114,-0.712106629,-1.299836128,NA,0.484523873,-0.739542633,BFA
2,2021,DHS 2021,305,Falagountou,BFA.12.2.3_1,Sahel,falagountou,560.4923909,275.4036255,275.3240051,90.391922,90.289711,39.9466362,0.001340887,9.565000534,-0.712106629,-1.82468631,-0.16289581,1.67773484,-0.739542633,BFA
1,2010,DHS 2010,306,Gorgadji,BFA.12.2.4_1,Sahel,gorgadji,936.6543667,295.331604,295.332428,115.0790634,114.841568,102.8624496,NA,9.419869423,-0.276611059,-1.119296828,NA,0.876940863,-0.320997105,BFA
2,2021,DHS 2021,306,Gorgadji,BFA.12.2.4_1,Sahel,gorgadji,936.6543667,295.331604,295.332428,115.0790634,114.841568,55.56640625,0,9.572117805,-0.276611059,-1.649563063,-0.173281779,1.717006007,-0.320997105,BFA
1,2010,DHS 2010,307,Sampelga,BFA.12.2.5_1,Sahel,sampelga,540.3880523,295.7084961,295.2416687,91.86814117,92.67256165,113.3285522,NA,9.397236824,-0.268374657,-1.001954648,NA,0.752060342,-0.714514829,BFA
2,2021,DHS 2021,307,Sampelga,BFA.12.2.5_1,Sahel,sampelga,540.3880523,295.7084961,295.2416687,91.86814117,92.67256165,59.93766785,0,9.566217422,-0.268374657,-1.60055405,-0.173281779,1.684449299,-0.714514829,BFA
1,2010,DHS 2010,308,Seytenga,BFA.12.2.6_1,Sahel,seytenga,881.8063204,287.4111023,287.4425964,145.5230408,144.7818146,105.2861252,NA,9.371994972,-0.449701541,-1.092123449,NA,0.612782673,0.195149758,BFA
2,2021,DHS 2021,308,Seytenga,BFA.12.2.6_1,Sahel,seytenga,881.8063204,287.4111023,287.4425964,145.5230408,144.7818146,53.54797745,0,9.56549263,-0.449701541,-1.672192962,-0.173281779,1.680450092,0.195149758,BFA
1,2010,DHS 2010,309,Aribinda,BFA.12.3.1_1,Sahel,aribinda,2543.037969,315.5959473,315.6848755,127.433197,127.5615234,125.377182,NA,9.384483337,0.166235249,-0.866869742,NA,0.681690073,-0.111545257,BFA
2,2021,DHS 2021,309,Aribinda,BFA.12.3.1_1,Sahel,aribinda,2543.037969,315.5959473,315.6848755,127.433197,127.5615234,54.8758812,1.89E-04,9.587802887,0.166235249,-1.657304982,-0.171819661,1.803552018,-0.111545257,BFA
1,2010,DHS 2010,310,Baraboule,BFA.12.3.2_1,Sahel,baraboule,898.6015541,314.4568176,314.7033386,146.4346008,146.3270111,144.7651215,NA,9.310818672,0.141341308,-0.649499135,NA,0.275228497,0.210604337,BFA
2,2021,DHS 2021,310,Baraboule,BFA.12.3.2_1,Sahel,baraboule,898.6015541,314.4568176,314.7033386,146.4346008,146.3270111,92.5464859,0,9.665197372,0.141341308,-1.234955705,-0.173281779,2.230593727,0.210604337,BFA
1,2010,DHS 2010,311,Diguel,BFA.12.3.3_1,Sahel,diguel,570.9917351,302.0187073,300.3954163,165.5078278,166.4176941,166.7106171,NA,9.309999466,-0.130474618,-0.403454127,NA,0.27070834,0.53397162,BFA
2,2021,DHS 2021,311,Diguel,BFA.12.3.3_1,Sahel,diguel,570.9917351,302.0187073,300.3954163,165.5078278,166.4176941,101.0370941,0,9.666250229,-0.130474618,-1.139762058,-0.173281779,2.236403103,0.53397162,BFA
1,2010,DHS 2010,312,Djibo,BFA.12.3.4_1,Sahel,djibo,1023.956561,302.4086304,302.5299683,116.2891159,118.7124634,138.6533661,NA,9.319657326,-0.121953444,-0.718021939,NA,0.323997782,-0.300481888,BFA
2,2021,DHS 2021,312,Djibo,BFA.12.3.4_1,Sahel,djibo,1023.956561,302.4086304,302.5299683,116.2891159,118.7124634,77.62973022,0.00959312,9.645003319,-0.121953444,-1.402197007,-0.099281902,2.119168435,-0.300481888,BFA
1,2010,DHS 2010,313,Kelbo,BFA.12.3.5_1,Sahel,kelbo,504.0706792,310.7644958,310.9922485,232.8618774,233.7976379,127.7255554,NA,9.308124542,0.060651249,-0.840540624,NA,0.260363021,1.675891449,BFA
2,2021,DHS 2021,313,Kelbo,BFA.12.3.5_1,Sahel,kelbo,504.0706792,310.7644958,310.9922485,232.8618774,233.7976379,69.1822052,0,9.529375076,0.060651249,-1.49690762,-0.173281779,1.481163259,1.675891449,BFA
1,2010,DHS 2010,314,Koutougou,BFA.12.3.6_1,Sahel,koutougou,1428.393434,297.8384399,296.6174316,263.2477417,270.9014587,148.7481689,NA,9.500792503,-0.221827984,-0.604842638,NA,1.3234524,2.191053063,BFA
2,2021,DHS 2021,314,Koutougou,BFA.12.3.6_1,Sahel,koutougou,1428.393434,297.8384399,296.6174316,263.2477417,270.9014587,57.90810776,0,9.645512581,-0.221827984,-1.623308748,-0.173281779,2.121978404,2.191053063,BFA
1,2010,DHS 2010,315,Nassoumbou,BFA.12.3.7_1,Sahel,nassoumbou,2149.003602,293.7308044,291.8774109,265.8089905,277.9265442,156.3616333,NA,9.417473793,-0.311594091,-0.519483213,NA,0.86372243,2.234476447,BFA
2,2021,DHS 2021,315,Nassoumbou,BFA.12.3.7_1,Sahel,nassoumbou,2149.003602,293.7308044,291.8774109,265.8089905,277.9265442,74.31139374,0,9.665913582,-0.311594091,-1.439401002,-0.173281779,2.234545576,2.234476447,BFA
1,2010,DHS 2010,316,Pobe-Mengao,BFA.12.3.8_1,Sahel,pobe mengao,548.3725353,339.1826172,339.5422974,88.5223999,89.06190491,126.0732727,NA,9.290998459,0.681685938,-0.859065424,NA,0.165865954,-0.77123849,BFA
2,2021,DHS 2021,316,Pobe-Mengao,BFA.12.3.8_1,Sahel,pobe mengao,548.3725353,339.1826172,339.5422974,88.5223999,89.06190491,73.38895416,0,9.519420624,0.681685938,-1.449743063,-0.173281779,1.426237299,-0.77123849,BFA
1,2010,DHS 2010,317,Tongomayel,BFA.12.3.9_1,Sahel,tongomayel,3003.527109,313.0535583,312.9039001,171.9121857,171.3604889,130.2700043,NA,9.366042137,0.110675218,-0.812013178,NA,0.579936549,0.642551035,BFA
2,2021,DHS 2021,317,Tongomayel,BFA.12.3.9_1,Sahel,tongomayel,3003.527109,313.0535583,312.9039001,171.9121857,171.3604889,65.60831451,0.00103684,9.583371162,0.110675218,-1.536976798,-0.165249614,1.779098968,0.642551035,BFA
1,2010,DHS 2010,318,Boundore,BFA.12.4.1_1,Sahel,boundore,959.1413167,259.2153015,258.5187683,238.452713,233.8752441,120.753746,NA,9.401211739,-1.065877753,-0.918706044,NA,0.773992839,1.770678415,BFA
2,2021,DHS 2021,318,Boundore,BFA.12.4.1_1,Sahel,boundore,959.1413167,259.2153015,258.5187683,238.452713,233.8752441,61.40312195,0,9.549826622,-1.065877753,-1.584123905,-0.173281779,1.594009323,1.770678415,BFA
1,2010,DHS 2010,319,Mansila,BFA.12.4.2_1,Sahel,mansila,1430.213805,265.8380432,265.6543274,229.2050781,228.9303436,142.3092499,NA,9.36882782,-0.921147836,-0.677033484,NA,0.595307188,1.613894113,BFA
2,2021,DHS 2021,319,Mansila,BFA.12.4.2_1,Sahel,mansila,1430.213805,265.8380432,265.6543274,229.2050781,228.9303436,74.63650513,0,9.532176971,-0.921147836,-1.43575597,-0.173281779,1.496623354,1.613894113,BFA
1,2010,DHS 2010,320,Sebba,BFA.12.4.3_1,Sahel,sebba,1076.036371,259.2510986,259.3826599,121.9671783,122.0295639,130.2419281,NA,9.369413376,-1.065095462,-0.812327958,NA,0.598538126,-0.204216079,BFA
2,2021,DHS 2021,320,Sebba,BFA.12.4.3_1,Sahel,sebba,1076.036371,259.2510986,259.3826599,121.9671783,122.0295639,78.104599,7.91E-04,9.539741516,-1.065095462,-1.396872949,-0.167156576,1.538362453,-0.204216079,BFA
1,2010,DHS 2010,321,Solhan,BFA.12.4.4_1,Sahel,solhan,1343.310097,274.7688599,274.9451904,179.7368317,180.9150848,138.3941803,NA,9.314767838,-0.725978463,-0.720927837,NA,0.297018917,0.775209998,BFA
2,2021,DHS 2021,321,Solhan,BFA.12.4.4_1,Sahel,solhan,1343.310097,274.7688599,274.9451904,179.7368317,180.9150848,76.74262238,0,9.507403374,-0.725978463,-1.412142941,-0.173281779,1.359929383,0.775209998,BFA
1,2010,DHS 2010,322,Tankougounadie,BFA.12.4.5_1,Sahel,tankougounadie,870.6598974,272.971283,272.6664734,150.2259827,148.7771606,122.384552,NA,9.348273277,-0.765261764,-0.900422034,NA,0.481892815,0.274883384,BFA
2,2021,DHS 2021,322,Tankougounadie,BFA.12.4.5_1,Sahel,tankougounadie,870.6598974,272.971283,272.6664734,150.2259827,148.7771606,75.37731934,0,9.554534912,-0.765261764,-1.427450228,-0.173281779,1.619988386,0.274883384,BFA
1,2010,DHS 2010,323,Titabe,BFA.12.4.6_1,Sahel,titabe,874.3916771,277.0592041,277.061615,109.8117218,109.1923981,110.4873962,NA,9.382210732,-0.675926484,-1.033808667,NA,0.669150452,-0.410299557,BFA
2,2021,DHS 2021,323,Titabe,BFA.12.4.6_1,Sahel,titabe,874.3916771,277.0592041,277.061615,109.8117218,109.1923981,61.41796875,0,9.564377785,-0.675926484,-1.583957448,-0.173281779,1.674298679,-0.410299557,BFA
1,2010,DHS 2010,324,Bondigui,BFA.13.1.1_1,Sud-Ouest,bondigui,768.1322434,302.1471863,302.9013672,165.6325226,165.2732391,381.1517944,NA,9.07311058,-0.127666906,2.000783263,NA,-1.036380065,0.536085695,BFA
2,2021,DHS 2021,324,Bondigui,BFA.13.1.1_1,Sud-Ouest,bondigui,768.1322434,302.1471863,302.9013672,165.6325226,165.2732391,339.1445618,4.09E-04,9.320327759,-0.127666906,1.529813272,-0.170114143,0.327697049,0.536085695,BFA
1,2010,DHS 2010,325,Diebougou,BFA.13.1.2_1,Sud-Ouest,diebougou,569.1214109,283.8391418,283.274292,154.1697388,154.4946136,352.2686768,NA,9.105607986,-0.527761287,1.676956131,NA,-0.857068222,0.341745782,BFA
2,2021,DHS 2021,325,Diebougou,BFA.13.1.2_1,Sud-Ouest,diebougou,569.1214109,283.8391418,283.274292,154.1697388,154.4946136,335.1815796,0.047907423,9.319921494,-0.527761287,1.48538174,0.189418339,0.325455388,0.341745782,BFA
1,2010,DHS 2010,326,Dolo,BFA.13.1.3_1,Sud-Ouest,dolo,207.4309217,301.4133606,301.8706665,167.7533875,166.2642517,376.3805237,NA,9.10687542,-0.143703547,1.947289491,NA,-0.850074871,0.572042815,BFA
2,2021,DHS 2021,326,Dolo,BFA.13.1.3_1,Sud-Ouest,dolo,207.4309217,301.4133606,301.8706665,167.7533875,166.2642517,355.3292542,0,9.320625305,-0.143703547,1.711270224,-0.173281779,0.329338829,0.572042815,BFA
1,2010,DHS 2010,327,Gueguere,BFA.13.1.4_1,Sud-Ouest,gueguere,642.7151095,296.9902039,297.0993347,189.3990936,190.1200562,334.1426392,NA,9.101354599,-0.240364889,1.473733514,NA,-0.880537257,0.939023883,BFA
2,2021,DHS 2021,327,Gueguere,BFA.13.1.4_1,Sud-Ouest,gueguere,642.7151095,296.9902039,297.0993347,189.3990936,190.1200562,296.9786377,0.002926277,9.317558289,-0.240364889,1.057064089,-0.150633938,0.312415866,0.939023883,BFA
1,2010,DHS 2010,328,Iolonioro,BFA.13.1.5_1,Sud-Ouest,iolonioro,683.292819,325.2023926,324.7211304,196.2140198,196.2294159,379.0812988,NA,9.079432487,0.376169456,1.977569611,NA,-1.001497503,1.054564067,BFA
2,2021,DHS 2021,328,Iolonioro,BFA.13.1.5_1,Sud-Ouest,iolonioro,683.292819,325.2023926,324.7211304,196.2140198,196.2294159,365.1456604,0,9.322792053,0.376169456,1.821328242,-0.173281779,0.341294355,1.054564067,BFA
1,2010,DHS 2010,329,Tiankoura,BFA.13.1.6_1,Sud-Ouest,tiankoura,559.8809217,282.7635193,283.5433044,168.2041931,166.4705811,375.17276,NA,9.10687542,-0.551267377,1.933748479,NA,-0.850074871,0.579685769,BFA
2,2021,DHS 2021,329,Tiankoura,BFA.13.1.6_1,Sud-Ouest,tiankoura,559.8809217,282.7635193,283.5433044,168.2041931,166.4705811,347.6742859,0,9.320624352,-0.551267377,1.625445472,-0.173281779,0.329333567,0.579685769,BFA
1,2010,DHS 2010,330,Dano,BFA.13.2.1_1,Sud-Ouest,dano,654.4069635,292.7115173,292.335144,165.523941,166.4614716,310.953949,NA,9.111850739,-0.333869056,1.213750255,NA,-0.822622415,0.534244804,BFA
2,2021,DHS 2021,330,Dano,BFA.13.2.1_1,Sud-Ouest,dano,654.4069635,292.7115173,292.335144,165.523941,166.4614716,268.319519,0.023877516,9.324380875,-0.333869056,0.735748354,0.009612887,0.35006104,0.534244804,BFA
1,2010,DHS 2010,331,Dissin,BFA.13.2.2_1,Sud-Ouest,dissin,393.8146742,282.6806946,282.5339661,165.1090546,165.1730194,293.4199829,NA,9.118993759,-0.553077385,1.017165731,NA,-0.783209171,0.527210824,BFA
2,2021,DHS 2021,331,Dissin,BFA.13.2.2_1,Sud-Ouest,dissin,393.8146742,282.6806946,282.5339661,165.1090546,165.1730194,283.8033447,0.008166824,9.331012726,-0.553077385,0.909347441,-0.110239517,0.38665379,0.527210824,BFA
1,2010,DHS 2010,332,Koper,BFA.13.2.3_1,Sud-Ouest,koper,425.0600631,269.0300903,269.3460083,197.7550507,200.6490784,284.6921997,NA,9.126185417,-0.851390516,0.919312964,NA,-0.743527559,1.080690688,BFA
2,2021,DHS 2021,332,Koper,BFA.13.2.3_1,Sud-Ouest,koper,425.0600631,269.0300903,269.3460083,197.7550507,200.6490784,267.8254395,0,9.333815575,-0.851390516,0.730208911,-0.173281779,0.402119147,1.080690688,BFA
1,2010,DHS 2010,333,Niego,BFA.13.2.4_1,Sud-Ouest,niego,148.9244239,267.7735596,268.2523499,191.3186646,193.9181213,275.7485962,NA,9.126250267,-0.878850079,0.819040496,NA,-0.743169736,0.971568268,BFA
2,2021,DHS 2021,333,Niego,BFA.13.2.4_1,Sud-Ouest,niego,148.9244239,267.7735596,268.2523499,191.3186646,193.9181213,253.0202637,0,9.333750725,-0.878850079,0.564218603,-0.173281779,0.401761323,0.971568268,BFA
1,2010,DHS 2010,334,Oronkua,BFA.13.2.5_1,Sud-Ouest,oronkua,390.7653718,302.1312256,302.1938477,174.7326355,174.8033447,351.3857117,NA,9.102185249,-0.128015702,1.667056644,NA,-0.875953954,0.690368911,BFA
2,2021,DHS 2021,334,Oronkua,BFA.13.2.5_1,Sud-Ouest,oronkua,390.7653718,302.1312256,302.1938477,174.7326355,174.8033447,283.0023804,3.49E-04,9.318107605,-0.128015702,0.900367317,-0.170581046,0.315446845,0.690368911,BFA
1,2010,DHS 2010,335,Ouessa,BFA.13.2.6_1,Sud-Ouest,ouessa,186.6529035,264.034729,263.5560913,163.1544189,163.9794922,266.4942017,NA,9.126249313,-0.960556517,0.715283552,NA,-0.743174998,0.494071953,BFA
2,2021,DHS 2021,335,Ouessa,BFA.13.2.6_1,Sud-Ouest,ouessa,186.6529035,264.034729,263.5560913,163.1544189,163.9794922,267.9064636,0.011197182,9.333749771,-0.960556517,0.731117325,-0.086977059,0.401756061,0.494071953,BFA
1,2010,DHS 2010,336,Zambo,BFA.13.2.7_1,Sud-Ouest,zambo,432.3268196,268.2203979,267.8022766,197.636673,198.3479767,324.6934814,NA,9.113297462,-0.869085108,1.367792954,NA,-0.814639786,1.078683714,BFA
2,2021,DHS 2021,336,Zambo,BFA.13.2.7_1,Sud-Ouest,zambo,432.3268196,268.2203979,267.8022766,197.636673,198.3479767,306.3252258,0.001175256,9.326129913,-0.869085108,1.161854676,-0.164177966,0.359711759,1.078683714,BFA
1,2010,DHS 2010,337,Batié,BFA.13.3.1_1,Sud-Ouest,batié,1300.355292,276.4367065,276.809967,279.6173401,281.9180298,371.2471313,NA,9.02064991,-0.689530218,1.889735741,NA,-1.325843769,2.468583057,BFA
2,2021,DHS 2021,337,Batié,BFA.13.3.1_1,Sud-Ouest,batié,1300.355292,276.4367065,276.809967,279.6173401,281.9180298,350.304718,0.001024458,9.237167358,-0.689530218,1.654936932,-0.165345483,-0.13115941,2.468583057,BFA
1,2010,DHS 2010,338,Boussoukoula,BFA.13.3.2_1,Sud-Ouest,boussoukoula,186.8699122,309.4059448,308.4716797,275.9161072,276.2108154,385.8450012,NA,8.883749962,0.030962189,2.05340181,NA,-2.081220428,2.405832394,BFA
2,2021,DHS 2021,338,Boussoukoula,BFA.13.3.2_1,Sud-Ouest,boussoukoula,186.8699122,309.4059448,308.4716797,275.9161072,276.2108154,379.8580322,0,9.157500267,0.030962189,1.986278066,-0.173281779,-0.57074074,2.405832394,BFA
1,2010,DHS 2010,339,Kpuéré,BFA.13.3.3_1,Sud-Ouest,kpuéré,600.4024277,NA,271.484375,NA,397.5502014,374.2279663,NA,8.996980667,NA,1.923155791,NA,-1.45644421,NA,BFA
2,2021,DHS 2021,339,Kpuéré,BFA.13.3.3_1,Sud-Ouest,kpuéré,600.4024277,NA,271.484375,NA,397.5502014,367.9652405,0,9.209486008,NA,1.852940361,-0.173281779,-0.28389757,NA,BFA
1,2010,DHS 2010,340,Legmoin,BFA.13.3.4_1,Sud-Ouest,legmoin,196.1136781,285.3846436,284.2810364,191.3395233,192.638031,340.9741211,NA,9.112499237,-0.493986705,1.550325633,NA,-0.819044177,0.971921907,BFA
2,2021,DHS 2021,340,Legmoin,BFA.13.3.4_1,Sud-Ouest,legmoin,196.1136781,285.3846436,284.2810364,191.3395233,192.638031,330.5476379,0.003613351,9.347499847,-0.493986705,1.433427652,-0.145325928,0.47762524,0.971921907,BFA
1,2010,DHS 2010,341,Midebdo,BFA.13.3.5_1,Sud-Ouest,midebdo,583.8409115,307.7445679,307.1230469,183.3789063,183.462677,372.4181213,NA,9.001871109,-0.00534467,1.90286446,NA,-1.429460082,0.836957691,BFA
2,2021,DHS 2021,341,Midebdo,BFA.13.3.5_1,Sud-Ouest,midebdo,583.8409115,307.7445679,307.1230469,183.3789063,183.462677,405.4382629,0,9.231842041,-0.00534467,2.273074417,-0.173281779,-0.160543062,0.836957691,BFA
1,2010,DHS 2010,342,Bouroum-Bouroum,BFA.13.4.1_1,Sud-Ouest,bouroum bouroum,288.2579575,321.1755981,321.6043701,143.6271973,142.370224,375.819519,NA,9.094693184,0.288170007,1.940999708,NA,-0.917293133,0.163007648,BFA
2,2021,DHS 2021,342,Bouroum-Bouroum,BFA.13.4.1_1,Sud-Ouest,bouroum bouroum,288.2579575,321.1755981,321.6043701,143.6271973,142.370224,360.7729492,0.001076575,9.306727409,0.288170007,1.772302977,-0.164941959,0.252654022,0.163007648,BFA
1,2010,DHS 2010,343,Boussera,BFA.13.4.2_1,Sud-Ouest,boussera,427.4543118,297.5021973,297.5138855,227.8730469,229.6923676,314.8670349,NA,9.096687317,-0.229176055,1.257622368,NA,-0.906290049,1.59131087,BFA
2,2021,DHS 2021,343,Boussera,BFA.13.4.2_1,Sud-Ouest,boussera,427.4543118,297.5021973,297.5138855,227.8730469,229.6923676,320.0153198,0,9.322990417,-0.229176055,1.315343088,-0.173281779,0.342388875,1.59131087,BFA
1,2010,DHS 2010,344,Djigouè,BFA.13.4.3_1,Sud-Ouest,djigouè,780.2594001,360.0261536,359.788269,233.6595001,235.9149628,331.4906616,NA,8.907367706,1.137189628,1.444000495,NA,-1.950904141,1.689414335,BFA
2,2021,DHS 2021,344,Djigouè,BFA.13.4.3_1,Sud-Ouest,djigouè,780.2594001,360.0261536,359.788269,233.6595001,235.9149628,378.1299133,0,9.187711716,1.137189628,1.966903019,-0.173281779,-0.404042187,1.689414335,BFA
1,2010,DHS 2010,345,Gaoua,BFA.13.4.4_1,Sud-Ouest,gaoua,783.356351,307.5803223,307.7538452,119.4444122,120.9452209,363.0030823,NA,9.063192368,-0.008934007,1.797306427,NA,-1.091106065,-0.246987028,BFA
2,2021,DHS 2021,345,Gaoua,BFA.13.4.4_1,Sud-Ouest,gaoua,783.356351,307.5803223,307.7538452,119.4444122,120.9452209,362.8436584,0.089463681,9.2707901,-0.008934007,1.795519024,0.490848839,0.054361729,-0.246987028,BFA
1,2010,DHS 2010,346,Gbomblora,BFA.13.4.5_1,Sud-Ouest,gbomblora,679.1460873,292.5039368,292.1849365,220.7726135,222.8791351,344.5143738,NA,9.090257645,-0.338405413,1.590017674,NA,-0.941767231,1.4709302,BFA
2,2021,DHS 2021,346,Gbomblora,BFA.13.4.5_1,Sud-Ouest,gbomblora,679.1460873,292.5039368,292.1849365,220.7726135,222.8791351,348.6295166,1.45E-04,9.313024521,-0.338405413,1.636155176,-0.17215915,0.28739977,1.4709302,BFA
1,2010,DHS 2010,347,Kampti,BFA.13.4.6_1,Sud-Ouest,kampti,1347.669635,359.6175842,359.0657043,165.0520325,165.4519958,373.5610352,NA,8.962718964,1.128260968,1.915678399,NA,-1.645490966,0.526244072,BFA
2,2021,DHS 2021,347,Kampti,BFA.13.4.6_1,Sud-Ouest,kampti,1347.669635,359.6175842,359.0657043,165.0520325,165.4519958,409.4245605,5.27E-04,9.213945389,1.128260968,2.317767353,-0.169194764,-0.259291918,0.526244072,BFA
1,2010,DHS 2010,348,Loropeni,BFA.13.4.7_1,Sud-Ouest,loropeni,2067.778114,349.5677795,349.891449,147.1490631,145.2860413,371.4985657,NA,9.004350662,0.908637818,1.892554733,NA,-1.415778582,0.222717323,BFA
2,2021,DHS 2021,348,Loropeni,BFA.13.4.7_1,Sud-Ouest,loropeni,2067.778114,349.5677795,349.891449,147.1490631,145.2860413,371.7618103,0,9.257099152,0.908637818,1.895506137,-0.173281779,-0.021181199,0.222717323,BFA
1,2010,DHS 2010,349,Malba,BFA.13.4.8_1,Sud-Ouest,malba,179.2621274,282.3284302,282.2340698,195.0193176,196.37323,331.3828735,NA,9.097930908,-0.560775586,1.442792014,NA,-0.899428251,1.0343091,BFA
2,2021,DHS 2021,349,Malba,BFA.13.4.8_1,Sud-Ouest,malba,179.2621274,282.3284302,282.2340698,195.0193176,196.37323,329.0022278,0,9.317949295,-0.560775586,1.416101069,-0.173281779,0.314573334,1.0343091,BFA
1,2010,DHS 2010,350,Nako,BFA.13.4.9_1,Sud-Ouest,nako,700.5640333,279.1607056,281.2928772,210.6799469,207.4542084,336.7519226,NA,9.11178875,-0.630001375,1.502987862,NA,-0.822964453,1.299819239,BFA
2,2021,DHS 2021,350,Nako,BFA.13.4.9_1,Sud-Ouest,nako,700.5640333,279.1607056,281.2928772,210.6799469,207.4542084,318.8948059,0,9.325674057,-0.630001375,1.302780289,-0.173281779,0.357196468,1.299819239,BFA
1,2010,DHS 2010,351,Perigban,BFA.13.4.10_1,Sud-Ouest,perigban,302.4242867,312.811615,312.8849792,144.9271545,146.365387,390.4979248,NA,9.0625,0.105387915,2.105568717,NA,-1.094926361,0.185047109,BFA
2,2021,DHS 2021,351,Perigban,BFA.13.4.10_1,Sud-Ouest,perigban,302.4242867,312.811615,312.8849792,144.9271545,146.365387,402.4520569,0,9.270000458,0.105387915,2.239594148,-0.173281779,0.050004698,0.185047109,BFA
