time,year,label,district_id,district_name,district_code,region,name_clean,area_km2,elev_mean_pw,elev_mean_uw,travel_time_pw,travel_time_uw,rainfall_sep_dec,nightlights,temp_sep_dec,elev_std,rainfall_std,ntl_std,temp_std,travel_std,country
1,2010,DHS 2010,1,Bagassi,BFA.1.1.1_1,Boucle du Mouhoun,bagassi,640.855891981585,294.70965576171875,294.42523193359375,148.78228759765625,147.83518981933594,367.2662048339844,0.001197692472487688,9.098124504089355,-0.29020278900945173,1.8451030242966064,-0.13828302048185503,-0.8983600416417299,0.2504069932474441,BFA
2,2021,DHS 2021,1,Bagassi,BFA.1.1.1_1,Boucle du Mouhoun,bagassi,640.855891981585,294.70965576171875,294.42523193359375,148.78228759765625,147.83518981933594,239.00588989257813,0.041056521236896515,9.366874694824219,-0.29020278900945173,0.4070944818801797,0.18944052747168674,0.5845303754040201,0.2504069932474441,BFA
1,2010,DHS 2010,2,Bana,BFA.1.1.2_1,Boucle du Mouhoun,bana,151.95337954691786,365.0789794921875,364.5014953613281,189.65574645996094,190.24656677246094,369.1576232910156,0.11252705007791519,9.098125457763672,1.247611429865478,1.8663089280848324,0.7468348544424251,-0.898354779526377,0.9433751722557113,BFA
2,2021,DHS 2021,2,Bana,BFA.1.1.2_1,Boucle du Mouhoun,bana,151.95337954691786,365.0789794921875,364.5014953613281,189.65574645996094,190.24656677246094,215.0963134765625,0.28639447689056396,9.366874694824219,1.247611429865478,0.13902890643312293,1.965830430099583,0.5845303754040201,0.9433751722557113,BFA
1,2010,DHS 2010,3,Boromo,BFA.1.1.3_1,Boucle du Mouhoun,boromo,966.1485781204175,270.09637451171875,271.44842529296875,150.44740295410156,152.87730407714844,338.67791748046875,0.010660747066140175,9.122477531433105,-0.8280885021704124,1.5245814237829047,-0.05931070121449139,-0.7639866639881032,0.278637340972157,BFA
2,2021,DHS 2021,3,Boromo,BFA.1.1.3_1,Boucle du Mouhoun,boromo,966.1485781204175,270.09637451171875,271.44842529296875,150.44740295410156,152.87730407714844,222.46713256835938,0.03262221813201904,9.36030387878418,-0.8280885021704124,0.2216678803312622,0.12115197807097447,0.5482744006220069,0.278637340972157,BFA
1,2010,DHS 2010,4,Fara,BFA.1.1.4_1,Boucle du Mouhoun,fara,730.5453008648192,274.43682861328125,274.4913635253906,168.78231811523438,169.2926788330078,276.7246398925781,0.0014017821522429585,9.128674507141113,-0.7332344993193557,0.8299835472473452,-0.13657196256052725,-0.7297934384244571,0.5894872940990469,BFA
2,2021,DHS 2021,4,Fara,BFA.1.1.4_1,Boucle du Mouhoun,fara,730.5453008648192,274.43682861328125,274.4913635253906,168.78231811523438,169.2926788330078,212.10800170898438,0.006173121277242899,9.338597297668457,-0.7332344993193557,0.10552502917269367,-0.09666881920437229,0.42850339307289204,0.5894872940990469,BFA
1,2010,DHS 2010,5,Oury,BFA.1.1.5_1,Boucle du Mouhoun,oury,665.5612629304007,291.1259460449219,290.39764404296875,153.1239776611328,152.98707580566406,298.2616271972656,0,9.131595611572266,-0.3685192977756753,1.071448506507761,-0.14833133318376757,-0.7136755790982878,0.3240159595754774,BFA
2,2021,DHS 2021,5,Oury,BFA.1.1.5_1,Boucle du Mouhoun,oury,665.5612629304007,291.1259460449219,290.39764404296875,153.1239776611328,152.98707580566406,187.16184997558594,0.0017800567438825965,9.390750885009766,-0.3685192977756753,-0.1741622560911171,-0.13340148586376874,0.7162726953811581,0.3240159595754774,BFA
1,2010,DHS 2010,6,Pa,BFA.1.1.6_1,Boucle du Mouhoun,pa,405.05934568924005,289.45196533203125,289.093505859375,146.37232971191406,146.30674743652344,392.99151611328125,0.019193129613995552,9.098198890686035,-0.40510159253049866,2.133525966286499,0.011263482639950322,-0.8979495966441977,0.20954859334555695,BFA
2,2021,DHS 2021,6,Pa,BFA.1.1.6_1,Boucle du Mouhoun,pa,405.05934568924005,289.45196533203125,289.093505859375,146.37232971191406,146.30674743652344,268.263671875,0.011960542760789394,9.365705490112305,-0.40510159253049866,0.7351222154944348,-0.04852127515839041,0.5780790219812699,0.20954859334555695,BFA
1,2010,DHS 2010,7,Pompoï,BFA.1.1.7_1,Boucle du Mouhoun,pompoï,230.03485459198106,325.3802185058594,323.91748046875,176.2285614013672,175.71875,351.44305419921875,0,9.098124504089355,0.3800555705776136,1.6676995476941232,-0.14833133318376757,-0.8983600416417299,0.7157308221505175,BFA
2,2021,DHS 2021,7,Pompoï,BFA.1.1.7_1,Boucle du Mouhoun,pompoï,230.03485459198106,325.3802185058594,323.91748046875,176.2285614013672,175.71875,221.27769470214844,0.012870215810835361,9.366874694824219,0.3800555705776136,0.2083323305700888,-0.040978443909261524,0.5845303754040201,0.7157308221505175,BFA
1,2010,DHS 2010,8,Poura,BFA.1.1.8_1,Boucle du Mouhoun,poura,113.81419867998109,263.67578125,262.3825378417969,105.27579498291016,105.06228637695313,268.8968811035156,0.025921571999788284,9.137499809265137,-0.9684007730301154,0.742221529730162,0.06650126029568446,-0.6810978229480058,-0.487201611491452,BFA
2,2021,DHS 2021,8,Poura,BFA.1.1.8_1,Boucle du Mouhoun,poura,113.81419867998109,263.67578125,262.3825378417969,105.27579498291016,105.06228637695313,192.33387756347656,0.06409862637519836,9.356249809265137,-0.9684007730301154,-0.1161753420842568,0.3732183719472228,0.5259051482565007,-0.487201611491452,BFA
1,2010,DHS 2010,9,Siby,BFA.1.1.9_1,Boucle du Mouhoun,siby,275.68009433865643,271.22674560546875,270.6310119628906,126.10922241210938,126.15210723876953,313.1435852050781,0,9.13085651397705,-0.8033859663434083,1.2382996697291624,-0.14833133318376757,-0.7177537184968452,-0.1339919084235421,BFA
2,2021,DHS 2021,9,Siby,BFA.1.1.9_1,Boucle du Mouhoun,siby,275.68009433865643,271.22674560546875,270.6310119628906,126.10922241210938,126.15210723876953,198.9440155029297,0.006847457028925419,9.35804271697998,-0.8033859663434083,-0.042064851806520295,-0.0910445545236118,0.5357979251200978,-0.1339919084235421,BFA
1,2010,DHS 2010,10,Yaho,BFA.1.1.10_1,Boucle du Mouhoun,yaho,381.0941598428096,312.3253173828125,311.6799011230469,194.60279846191406,194.49224853515625,352.63165283203125,9.656599104346242e-6,9.06701374053955,0.0947606223140254,1.6810256882721322,-0.14825026883973955,-1.0700207686865533,1.027247438334329,BFA
2,2021,DHS 2021,10,Yaho,BFA.1.1.10_1,Boucle du Mouhoun,yaho,381.0941598428096,312.3253173828125,311.6799011230469,194.60279846191406,194.49224853515625,230.55430603027344,0,9.340208053588867,0.0947606223140254,0.3123383619026553,-0.14833133318376757,0.4373911059040706,1.027247438334329,BFA
1,2010,DHS 2010,11,Balavé,BFA.1.2.1_1,Boucle du Mouhoun,balavé,545.69890222207,374.6372375488281,376.1484680175781,308.7879943847656,309.6675109863281,315.9737548828125,0,8.953703880310059,1.4564925781834268,1.270030514729264,-0.14833133318376757,-1.6952337422351906,2.963142013709618,BFA
2,2021,DHS 2021,11,Balavé,BFA.1.2.1_1,Boucle du Mouhoun,balavé,545.69890222207,374.6372375488281,376.1484680175781,308.7879943847656,309.6675109863281,149.27491760253906,0,9.202311515808105,1.4564925781834268,-0.5989369217644706,-0.14833133318376757,-0.32348446355967286,2.963142013709618,BFA
1,2010,DHS 2010,12,Kouka,BFA.1.2.2_1,Boucle du Mouhoun,kouka,789.3818423446646,319.8291320800781,320.31201171875,190.2557830810547,190.7809295654297,351.96173095703125,0,8.976083755493164,0.25874504514941715,1.6735147650419675,-0.14833133318376757,-1.5717476812468738,0.9535481866330456,BFA
2,2021,DHS 2021,12,Kouka,BFA.1.2.2_1,Boucle du Mouhoun,kouka,789.3818423446646,319.8291320800781,320.31201171875,190.2557830810547,190.7809295654297,200.51251220703125,0,9.26201343536377,0.25874504514941715,-0.024479430623978737,-0.14833133318376757,0.005934481767408077,0.9535481866330456,BFA
1,2010,DHS 2010,13,Sami,BFA.1.2.3_1,Boucle du Mouhoun,sami,665.1020277988424,421.6929016113281,430.67950439453125,298.0458679199219,305.0508728027344,348.3473815917969,0,8.924944877624512,2.4848223309473094,1.632991979292854,-0.14833133318376757,-1.8539180928195722,2.781020117931318,BFA
2,2021,DHS 2021,13,Sami,BFA.1.2.3_1,Boucle du Mouhoun,sami,665.1020277988424,421.6929016113281,430.67950439453125,298.0458679199219,305.0508728027344,175.68959045410156,0,9.179547309875488,2.4848223309473094,-0.30278510564710964,-0.14833133318376757,-0.4490911570352395,2.781020117931318,BFA
1,2010,DHS 2010,14,Sanaba,BFA.1.2.4_1,Boucle du Mouhoun,sanaba,925.1824378363926,278.4988098144531,278.3009033203125,189.2705535888672,189.3730010986328,304.44158935546875,0,9.105216026306152,-0.6444660968846437,1.140736020571376,-0.14833133318376757,-0.8592309518769912,0.9368446164897305,BFA
2,2021,DHS 2021,14,Sanaba,BFA.1.2.4_1,Boucle du Mouhoun,sanaba,925.1824378363926,278.4988098144531,278.3009033203125,189.2705535888672,189.3730010986328,128.4569091796875,0,9.366847038269043,-0.6444660968846437,-0.8323409482697359,-0.14833133318376757,0.5843777740587837,0.9368446164897305,BFA
1,2010,DHS 2010,15,Solenzo,BFA.1.2.5_1,Boucle du Mouhoun,solenzo,1910.7354474501167,312.9250183105469,313.0984802246094,278.04266357421875,278.031982421875,342.8762512207031,0.004028698895126581,8.994305610656738,0.10786617122159717,1.5716516324061267,-0.11457935581053667,-1.4712044431975377,2.4418860080320473,BFA
2,2021,DHS 2021,15,Solenzo,BFA.1.2.5_1,Boucle du Mouhoun,solenzo,1910.7354474501167,312.9250183105469,313.0984802246094,278.04266357421875,278.031982421875,163.54652404785156,0.0013044957304373384,9.249524116516113,0.10786617122159717,-0.43892880084460395,-0.1373875541428906,-0.0629781808951818,2.4418860080320473,BFA
1,2010,DHS 2010,16,Tansila,BFA.1.2.6_1,Boucle du Mouhoun,tansila,1091.4097657596485,408.4667663574219,409.844970703125,298.63458251953125,299.0832214355469,291.4172058105469,0,9.004666328430176,2.1957853219783936,0.9947113144425804,-0.14833133318376757,-1.414036822002793,2.7910011788789912,BFA
2,2021,DHS 2021,16,Tansila,BFA.1.2.6_1,Boucle du Mouhoun,tansila,1091.4097657596485,408.4667663574219,409.844970703125,298.63458251953125,299.0832214355469,140.51605224609375,0,9.260849952697754,2.1957853219783936,-0.6971381713887027,-0.14833133318376757,-4.8529896322415094e-4,2.7910011788789912,BFA
1,2010,DHS 2010,17,Barani,BFA.1.3.1_1,Boucle du Mouhoun,barani,1905.5625060973366,270.0149230957031,269.5951232910156,258.4988708496094,259.8938293457031,251.35308837890625,0,9.193766593933105,-0.8298684986099987,0.5455268325754223,-0.14833133318376757,-0.37063301712234886,2.1105407577826796,BFA
2,2021,DHS 2021,17,Barani,BFA.1.3.1_1,Boucle du Mouhoun,barani,1905.5625060973366,270.0149230957031,269.5951232910156,258.4988708496094,259.8938293457031,114.5015869140625,0,9.482839584350586,-0.8298684986099987,-0.9888030046689473,-0.14833133318376757,1.224393078095346,2.1105407577826796,BFA
1,2010,DHS 2010,18,Bomborokuy,BFA.1.3.2_1,Boucle du Mouhoun,bomborokuy,444.04783054459705,280.14324951171875,279.7554931640625,175.29176330566406,174.6572723388672,250.87582397460938,0,9.160930633544922,-0.6085293759602886,0.5401759156477371,-0.14833133318376757,-0.551812910840708,0.6998483573788242,BFA
2,2021,DHS 2021,18,Bomborokuy,BFA.1.3.2_1,Boucle du Mouhoun,bomborokuy,444.04783054459705,280.14324951171875,279.7554931640625,175.29176330566406,174.6572723388672,107.16521453857422,0,9.445908546447754,-0.6085293759602886,-1.0710557743671938,-0.14833133318376757,1.0206176610513025,0.6998483573788242,BFA
1,2010,DHS 2010,19,Bourasso,BFA.1.3.3_1,Boucle du Mouhoun,bourasso,698.9809474417182,266.0068054199219,266.5083312988281,168.8205108642578,168.4670867919922,268.08782958984375,2.3199518909677863e-4,9.2032470703125,-0.9174597958682889,0.7331507350073626,-0.14638401744292504,-0.3183223283984022,0.5901348135524714,BFA
2,2021,DHS 2021,19,Bourasso,BFA.1.3.3_1,Boucle du Mouhoun,bourasso,698.9809474417182,266.0068054199219,266.5083312988281,168.8205108642578,168.4670867919922,119.2621078491211,0,9.49045467376709,-0.9174597958682889,-0.9354297553198105,-0.14833133318376757,1.2664110691888693,0.5901348135524714,BFA
1,2010,DHS 2010,20,Djibasso,BFA.1.3.4_1,Boucle du Mouhoun,djibasso,896.079061163278,368.4476013183594,368.36431884765625,215.8187713623047,216.58033752441406,246.17425537109375,0,9.013084411621094,1.3212275209073838,0.4874636186468999,-0.14833133318376757,-1.3675881297820631,1.3869428131789392,BFA
2,2021,DHS 2021,20,Djibasso,BFA.1.3.4_1,Boucle du Mouhoun,djibasso,896.079061163278,368.4476013183594,368.36431884765625,215.8187713623047,216.58033752441406,119.0111083984375,6.891225348226726e-4,9.311666488647461,1.3212275209073838,-0.9382438709282879,-0.14254831415307936,0.2799065176201679,1.3869428131789392,BFA
1,2010,DHS 2010,21,Dokuy,BFA.1.3.5_1,Boucle du Mouhoun,dokuy,769.0785259546611,306.6933288574219,306.9949951171875,231.1961212158203,231.79855346679688,295.9303283691406,0,9.04406452178955,-0.02831789508170313,1.045310822132819,-0.14833133318376757,-1.1966483125405976,1.6476502361025034,BFA
2,2021,DHS 2021,21,Dokuy,BFA.1.3.5_1,Boucle du Mouhoun,dokuy,769.0785259546611,306.6933288574219,306.9949951171875,231.1961212158203,231.79855346679688,127.42854309082031,0,9.306110382080078,-0.02831789508170313,-0.8438706191675344,-0.14833133318376757,0.24924943357372248,1.6476502361025034,BFA
1,2010,DHS 2010,22,Doumbala,BFA.1.3.6_1,Boucle du Mouhoun,doumbala,517.2496323211077,324.25286865234375,324.19818115234375,222.0663299560547,222.0577850341797,258.41693115234375,0,9.037927627563477,0.3554190593469074,0.6247240983480047,-0.14833133318376757,-1.230510024837006,1.492863853934096,BFA
2,2021,DHS 2021,22,Doumbala,BFA.1.3.6_1,Boucle du Mouhoun,doumbala,517.2496323211077,324.25286865234375,324.19818115234375,222.0663299560547,222.0577850341797,100.98126220703125,0,9.300374031066895,0.3554190593469074,-1.1403880248198548,-0.14833133318376757,0.21759780972556442,1.492863853934096,BFA
1,2010,DHS 2010,23,Kombori,BFA.1.3.7_1,Boucle du Mouhoun,kombori,216.61151499768118,325.5189208984375,325.86895751953125,286.4151306152344,287.3871154785156,238.7264404296875,0,9.183075904846191,0.3830866997712889,0.403961394962422,-0.14833133318376757,-0.4296213302292237,2.5838327235954335,BFA
2,2021,DHS 2021,23,Kombori,BFA.1.3.7_1,Boucle du Mouhoun,kombori,216.61151499768118,325.5189208984375,325.86895751953125,286.4151306152344,287.3871154785156,118.70713806152344,0,9.475255012512207,0.3830866997712889,-0.9416518770705097,-0.14833133318376757,1.182543474693118,2.5838327235954335,BFA
1,2010,DHS 2010,24,Madouba,BFA.1.3.8_1,Boucle du Mouhoun,madouba,173.56839409976183,364.9397277832031,364.09722900390625,188.14341735839844,187.43179321289063,238.72735595703125,0,9.011250495910645,1.2445682961997484,0.4039716595258743,-0.14833133318376757,-1.3777071776058383,0.9177351610420412,BFA
2,2021,DHS 2021,24,Madouba,BFA.1.3.8_1,Boucle du Mouhoun,madouba,173.56839409976183,364.9397277832031,364.09722900390625,188.14341735839844,187.43179321289063,115.92276000976563,0,9.3125,1.2445682961997484,-0.9728693228219387,-0.14833133318376757,0.28450560643866996,0.9177351610420412,BFA
1,2010,DHS 2010,25,Nouna,BFA.1.3.9_1,Boucle du Mouhoun,nouna,1493.8105231229117,268.6002502441406,268.3747253417969,171.81509399414063,173.34652709960938,262.2232971191406,0.007775655947625637,9.186429977416992,-0.8607840156401446,0.667399705205181,-0.08330911419887901,-0.41111447053280276,0.640904943513691,BFA
2,2021,DHS 2021,25,Nouna,BFA.1.3.9_1,Boucle du Mouhoun,nouna,1493.8105231229117,268.6002502441406,268.3747253417969,171.81509399414063,173.34652709960938,108.040283203125,0.006692120339721441,9.471085548400879,-0.8607840156401446,-1.0612448190814545,-0.09233979867032036,1.1595375063699016,0.640904943513691,BFA
1,2010,DHS 2010,26,Sono,BFA.1.3.10_1,Boucle du Mouhoun,sono,391.0164357987336,257.30487060546875,257.4415283203125,190.61773681640625,191.2627716064453,238.04319763183594,0,9.214957237243652,-1.1076273060840311,0.3963011223340265,-0.14833133318376757,-0.2537088139791947,0.9596847463432671,BFA
2,2021,DHS 2021,26,Sono,BFA.1.3.10_1,Boucle du Mouhoun,sono,391.0164357987336,257.30487060546875,257.4415283203125,190.61773681640625,191.2627716064453,103.04242706298828,0,9.486583709716797,-1.1076273060840311,-1.117278985429543,-0.14833133318376757,1.2450521429711345,0.9596847463432671,BFA
1,2010,DHS 2010,27,Bondokuy,BFA.1.4.1_1,Boucle du Mouhoun,bondokuy,1078.4248409529207,322.1830139160156,322.1394958496094,168.65155029296875,168.48947143554688,344.31536865234375,0.001910073566250503,9.021162033081055,0.3101855417317196,1.5877864996968003,-0.1323120372450141,-1.3230180127423459,0.5872702578561989,BFA
2,2021,DHS 2021,27,Bondokuy,BFA.1.4.1_1,Boucle du Mouhoun,bondokuy,1078.4248409529207,322.1830139160156,322.1394958496094,168.65155029296875,168.48947143554688,198.720947265625,8.170714718289673e-4,9.300739288330078,0.3101855417317196,-0.044565812691673715,-0.14147502310364246,0.2196131999057547,0.5872702578561989,BFA
1,2010,DHS 2010,28,Dedougou,BFA.1.4.2_1,Boucle du Mouhoun,dedougou,1358.8696488278229,283.431884765625,282.6844177246094,143.2548370361328,144.3798828125,289.0716552734375,0.026075148954987526,9.150330543518066,-0.536661269432491,0.9684138450298975,0.06775783164930967,-0.61030132298905,0.1566946562739359,BFA
2,2021,DHS 2021,28,Dedougou,BFA.1.4.2_1,Boucle du Mouhoun,dedougou,1358.8696488278229,283.431884765625,282.6844177246094,143.2548370361328,144.3798828125,140.4097900390625,0.06034236401319504,9.416106224060059,-0.536661269432491,-0.6983295450533998,0.34353252375985743,0.8561765562707639,0.1566946562739359,BFA
1,2010,DHS 2010,29,Douroula,BFA.1.4.3_1,Boucle du Mouhoun,douroula,478.2484846707506,272.6750183105469,272.11907958984375,121.11811828613281,120.41305541992188,261.6446228027344,0.0012556527508422732,9.20100212097168,-0.7717361757726163,0.6609118167990958,-0.13779705455549918,-0.3307093479393106,-0.2186110337358942,BFA
2,2021,DHS 2021,29,Douroula,BFA.1.4.3_1,Boucle du Mouhoun,douroula,478.2484846707506,272.6750183105469,272.11907958984375,121.11811828613281,120.41305541992188,134.71725463867188,0.001378294313326478,9.46107006072998,-0.7717361757726163,-0.7621522055350091,-0.136768863396831,1.1042747709329346,-0.2186110337358942,BFA
1,2010,DHS 2010,30,Kona,BFA.1.4.4_1,Boucle du Mouhoun,kona,613.7973835845833,313.285888671875,313.5744323730469,193.8971710205078,192.85675048828125,339.9003601074219,0.021633945405483246,9.1369171142578125,0.11575244244606596,1.5382870110565336,0.031343624079771606,-0.6843129754286749,1.0152842383326648,BFA
2,2021,DHS 2021,30,Kona,BFA.1.4.4_1,Boucle du Mouhoun,kona,613.7973835845833,313.285888671875,313.5744323730469,193.8971710205078,192.85675048828125,182.10577392578125,0.019727284088730812,9.410297393798828,0.11575244244606596,-0.23084916313674336,0.01566198034953838,0.8241250116557796,1.0152842383326648,BFA
1,2010,DHS 2010,31,Ouarkoye,BFA.1.4.5_1,Boucle du Mouhoun,ouarkoye,1074.3584582354592,304.4130859375,305.03302001953125,214.948974609375,213.40713500976563,341.1619873046875,0,9.086071968078613,-0.07814912549363405,1.552431921645921,-0.14833133318376757,-0.9648626554726563,1.372196288447193,BFA
2,2021,DHS 2021,31,Ouarkoye,BFA.1.4.5_1,Boucle du Mouhoun,ouarkoye,1074.3584582354592,304.4130859375,305.03302001953125,214.948974609375,213.40713500976563,169.03907775878906,2.0360262715257704e-4,9.344633102416992,-0.07814912549363405,-0.37734826317309267,-0.1466223140018832,0.46180732114188494,1.372196288447193,BFA
1,2010,DHS 2010,32,Safane,BFA.1.4.6_1,Boucle du Mouhoun,safane,986.9847119678722,310.7419128417969,310.4523010253906,155.359130859375,155.22291564941406,308.7849426269531,1.1877216456923634e-4,9.14057731628418,0.060157731617910146,1.1894321360454425,-0.14733432976098626,-0.6641169767039483,0.36191072269812685,BFA
2,2021,DHS 2021,32,Safane,BFA.1.4.6_1,Boucle du Mouhoun,safane,986.9847119678722,310.7419128417969,310.4523010253906,155.359130859375,155.22291564941406,185.09844970703125,0.008817753754556179,9.416236877441406,0.060157731617910146,-0.19729635812385812,-0.07463294644781293,0.8568974660741218,0.36191072269812685,BFA
1,2010,DHS 2010,33,Tchériba,BFA.1.4.7_1,Boucle du Mouhoun,tchériba,1313.7561837244532,277.0514221191406,277.0854187011719,101.2934341430664,100.73116302490234,247.29324340820313,0,9.179481506347656,-0.6760965469171263,0.5000093102504186,-0.14833133318376757,-0.4494542429945949,-0.5547185140525276,BFA
2,2021,DHS 2021,33,Tchériba,BFA.1.4.7_1,Boucle du Mouhoun,tchériba,1313.7561837244532,277.0514221191406,277.0854187011719,101.2934341430664,100.73116302490234,160.92857360839844,0,9.43447494506836,-0.6760965469171263,-0.4682803200364619,-0.14833133318376757,0.9575301600844585,-0.5547185140525276,BFA
1,2010,DHS 2010,34,Gassan,BFA.1.5.1_1,Boucle du Mouhoun,gassan,1034.2928935139437,271.7501525878906,271.58575439453125,155.14703369140625,155.11184692382813,243.0418243408203,0.002200010698288679,9.229374885559082,-0.7919477052211366,0.45234392802302076,-0.1298830790972114,-0.17415615407288484,0.35831482960879346,BFA
2,2021,DHS 2021,34,Gassan,BFA.1.5.1_1,Boucle du Mouhoun,gassan,1034.2928935139437,271.7501525878906,271.58575439453125,155.14703369140625,155.11184692382813,121.82023620605469,0.0016482035862281919,9.479374885559082,-0.7919477052211366,-0.9067489398115317,-0.1345064660820156,1.2052758130179797,0.35831482960879346,BFA
1,2010,DHS 2010,35,Gossina,BFA.1.5.2_1,Boucle du Mouhoun,gossina,417.64347001670757,275.3507995605469,275.27069091796875,139.5119171142578,139.97642517089844,225.7467041015625,0,9.222919464111328,-0.7132610585665763,0.25843725737798384,-0.14833133318376757,-0.20977541289718776,0.09323723244363873,BFA
2,2021,DHS 2021,35,Gossina,BFA.1.5.2_1,Boucle du Mouhoun,gossina,417.64347001670757,275.3507995605469,275.27069091796875,139.5119171142578,139.97642517089844,150.56500244140625,6.138518219813704e-4,9.472369194030762,-0.7132610585665763,-0.5844729543277741,-0.14317978157784358,1.1666203136350088,0.09323723244363873,BFA
1,2010,DHS 2010,36,Kougny,BFA.1.5.3_1,Boucle du Mouhoun,kougny,334.7112536162395,289.89508056640625,289.34722900390625,123.08509063720703,123.31459045410156,240.42135620117188,0,9.230024337768555,-0.39541798507347653,0.42296418128166896,-0.14833133318376757,-0.17057265351750736,-0.18526300579249508,BFA
2,2021,DHS 2021,36,Kougny,BFA.1.5.3_1,Boucle du Mouhoun,kougny,334.7112536162395,289.89508056640625,289.34722900390625,123.08509063720703,123.31459045410156,131.76593017578125,3.421340952627361e-4,9.48225212097168,-0.39541798507347653,-0.7952413944319653,-0.1454596941988451,1.221151615037912,-0.18526300579249508,BFA
1,2010,DHS 2010,37,Toma,BFA.1.5.4_1,Boucle du Mouhoun,toma,439.35561121708906,285.8786315917969,285.971435546875,89.89311218261719,90.48524475097656,237.2091522216797,0.009393432177603245,9.233736038208008,-0.4831913501579215,0.3869501050289792,-0.06984387718436237,-0.15009250056371995,-0.7479994491369386,BFA
2,2021,DHS 2021,37,Toma,BFA.1.5.4_1,Boucle du Mouhoun,toma,439.35561121708906,285.8786315917969,285.971435546875,89.89311218261719,90.48524475097656,141.2519989013672,0.024781957268714905,9.498686790466309,-0.4831913501579215,-0.6888870020575696,0.05717101667572712,1.3118336489157687,-0.7479994491369386,BFA
1,2010,DHS 2010,38,Yaba,BFA.1.5.5_1,Boucle du Mouhoun,yaba,742.7363652301855,289.9822082519531,290.08953857421875,96.61199188232422,97.10688018798828,229.70132446289063,4.4539739610627294e-4,9.233283996582031,-0.393513942422664,0.30277503921020293,-0.1445931658114559,-0.15258674324103116,-0.6340876354544529,BFA
2,2021,DHS 2021,38,Yaba,BFA.1.5.5_1,Boucle du Mouhoun,yaba,742.7363652301855,289.9822082519531,290.08953857421875,96.61199188232422,97.10688018798828,125.84078216552734,3.0622800113633275e-4,9.496685028076172,-0.393513942422664,-0.8616720238727181,-0.14576101919905923,1.3007884687898694,-0.6340876354544529,BFA
1,2010,DHS 2010,39,Ye,BFA.1.5.6_1,Boucle du Mouhoun,ye,766.6656622410279,282.25274658203125,281.4877624511719,151.86068725585938,151.29452514648438,241.8609161376953,0,9.210421562194824,-0.5624295356118589,0.4391040097780113,-0.14833133318376757,-0.2787354345979544,0.3025981477223117,BFA
2,2021,DHS 2021,39,Ye,BFA.1.5.6_1,Boucle du Mouhoun,ye,766.6656622410279,282.25274658203125,281.4877624511719,151.86068725585938,151.29452514648438,139.0560302734375,0,9.46379280090332,-0.5624295356118589,-0.713507412878204,-0.14833133318376757,1.1192981102656847,0.3025981477223117,BFA
1,2010,DHS 2010,40,Di,BFA.1.6.1_1,Boucle du Mouhoun,di,290.2926918974123,258.8444519042969,259.0146789550781,174.42031860351563,175.23548889160156,255.00579833984375,0.026463506743311882,9.257500648498535,-1.0739821054917922,0.5864797035331872,0.07093454803160575,-0.018965848082880203,0.6850738933338659,BFA
2,2021,DHS 2021,40,Di,BFA.1.6.1_1,Boucle du Mouhoun,di,290.2926918974123,258.8444519042969,259.0146789550781,174.42031860351563,175.23548889160156,120.06537628173828,0.005203045904636383,9.489999771118164,-1.0739821054917922,-0.9264237984228181,-0.1047663009270201,1.263901040165499,0.6850738933338659,BFA
1,2010,DHS 2010,41,Gomboro,BFA.1.6.2_1,Boucle du Mouhoun,gomboro,484.8542708941714,304.10650634765625,303.81683349609375,112.56065368652344,112.65766143798828,215.84408569335938,0,9.264054298400879,-0.08484895473008339,0.14741265970884823,-0.14833133318376757,0.01719540862277936,-0.36369419590468177,BFA
2,2021,DHS 2021,41,Gomboro,BFA.1.6.2_1,Boucle du Mouhoun,gomboro,484.8542708941714,304.10650634765625,303.81683349609375,112.56065368652344,112.65766143798828,112.24383544921875,0,9.476369857788086,-0.08484895473008339,-1.0141161024465546,-0.14833133318376757,1.1886948875407484,-0.36369419590468177,BFA
1,2010,DHS 2010,42,Kassoum,BFA.1.6.3_1,Boucle du Mouhoun,kassoum,685.7169305840324,267.19744873046875,267.1982116699219,145.85923767089844,144.42308044433594,225.06399536132813,0.0031969803385436535,9.2544527053833,-0.8914401026908978,0.25078297241160213,-0.12153629127947181,-0.03578356875099545,0.20084963643750472,BFA
2,2021,DHS 2021,42,Kassoum,BFA.1.6.3_1,Boucle du Mouhoun,kassoum,685.7169305840324,267.19744873046875,267.1982116699219,145.85923767089844,144.42308044433594,110.44843292236328,0,9.488848686218262,-0.8914401026908978,-1.0342455101427204,-0.14833133318376757,1.2575496669344555,0.20084963643750472,BFA
1,2010,DHS 2010,43,Kiembara,BFA.1.6.4_1,Boucle du Mouhoun,kiembara,743.5979035882809,308.26898193359375,307.3966369628906,74.74952697753906,75.63780975341797,221.5950164794922,0,9.256875038146973,0.006115599175425655,0.2118900282626567,-0.14833133318376757,-0.02241779575443327,-1.0047436287418992,BFA
2,2021,DHS 2021,43,Kiembara,BFA.1.6.4_1,Boucle du Mouhoun,kiembara,743.5979035882809,308.26898193359375,307.3966369628906,74.74952697753906,75.63780975341797,120.072265625,8.702485356479883e-4,9.466875076293945,0.006115599175425655,-0.9263465575828396,-0.1410289912457358,1.136305267086507,-1.0047436287418992,BFA
1,2010,DHS 2010,44,Lanfièra,BFA.1.6.5_1,Boucle du Mouhoun,lanfièra,283.319396928862,262.173583984375,262.3094787597656,181.0804443359375,181.85275268554688,226.02769470214844,0.016173003241419792,9.233710289001465,-1.0012290026075574,0.2615876229775529,-0.013649209081663827,-0.15023457767825033,0.7979895928911374,BFA
2,2021,DHS 2021,44,Lanfièra,BFA.1.6.5_1,Boucle du Mouhoun,lanfièra,283.319396928862,262.173583984375,262.3094787597656,181.0804443359375,181.85275268554688,101.98944854736328,0,9.481013298034668,-1.0012290026075574,-1.1290846020081509,-0.14833133318376757,1.2143161271943945,0.7979895928911374,BFA
1,2010,DHS 2010,45,Lankouè,BFA.1.6.6_1,Boucle du Mouhoun,lankouè,293.580038971288,326.70404052734375,326.851806640625,74.84801483154297,75.38834381103516,206.06617736816406,0,9.252647399902344,0.4089856813130243,0.037786266657973716,-0.14833133318376757,-0.04574475311418136,-1.0030738667314603,BFA
2,2021,DHS 2021,45,Lankouè,BFA.1.6.6_1,Boucle du Mouhoun,lankouè,293.580038971288,326.70404052734375,326.851806640625,74.84801483154297,75.38834381103516,117.74475860595703,7.495222962461412e-4,9.476655006408691,0.4089856813130243,-0.9524417295574834,-0.14204163771881245,1.1902682600312886,-1.0030738667314603,BFA
1,2010,DHS 2010,46,Toeni,BFA.1.6.7_1,Boucle du Mouhoun,toeni,1496.7405562424633,267.7996826171875,267.8182067871094,181.80577087402344,180.45932006835938,227.941162109375,0,9.270124435424805,-0.878279199828854,0.2830407316689219,-0.14833133318376757,0.050688772844479466,0.810286771164624,BFA
2,2021,DHS 2021,46,Toeni,BFA.1.6.7_1,Boucle du Mouhoun,toeni,1496.7405562424633,267.7996826171875,267.8182067871094,181.80577087402344,180.45932006835938,116.0645523071289,0.0017123620491474867,9.50019645690918,-0.878279199828854,-0.9712795985572634,-0.13396877529716822,1.3201635775195317,0.810286771164624,BFA
1,2010,DHS 2010,47,Tougan,BFA.1.6.8_1,Boucle du Mouhoun,tougan,1766.8643828819495,293.6648864746094,293.3740234375,108.69966125488281,109.08980560302734,215.78497314453125,0.004655827768146992,9.251909255981445,-0.3130346279413493,0.1467499110619446,-0.10933752692760687,-0.04981763039738574,-0.4291534197871561,BFA
2,2021,DHS 2021,47,Tougan,BFA.1.6.8_1,Boucle du Mouhoun,tougan,1766.8643828819495,293.6648864746094,293.3740234375,108.69966125488281,109.08980560302734,111.60919189453125,0.012450934387743473,9.4800443649292,-0.3130346279413493,-1.0212314978316903,-0.0444542015990889,1.2089698179957697,-0.4291534197871561,BFA
1,2010,DHS 2010,48,Banfora,BFA.2.1.1_1,Cascades,banfora,939.1246647006909,304.2352600097656,306.196533203125,43.3814811706543,44.51513671875,344.5513916015625,0.07944352924823761,8.894329071044922,-0.08203523986361119,1.5904327041548039,0.49341085218167297,-2.0228477819962003,-1.536557137725151,BFA
2,2021,DHS 2021,48,Banfora,BFA.2.1.1_1,Cascades,banfora,939.1246647006909,304.2352600097656,306.196533203125,43.3814811706543,44.51513671875,295.99859619140625,0.2078050673007965,9.105395317077637,-0.08203523986361119,1.0460762164142456,1.436637078231079,-0.8582416741906315,-1.536557137725151,BFA
1,2010,DHS 2010,49,Beregadougou,BFA.2.1.2_1,Cascades,beregadougou,287.63783319227514,369.8451843261719,370.9455871582031,49.64379119873047,47.2815055847168,363.173095703125,0.02944253571331501,8.8725004196167,1.3517695654736226,1.799212556166169,0.09526272301893501,-2.1432923403104964,-1.4303860013121448,BFA
2,2021,DHS 2021,49,Beregadougou,BFA.2.1.2_1,Cascades,beregadougou,287.63783319227514,369.8451843261719,370.9455871582031,49.64379119873047,47.2815055847168,297.7970275878906,0.024102352559566498,9.069999694824219,1.3517695654736226,1.0662395827078328,0.0516020230327376,-1.0535450855163815,-1.4303860013121448,BFA
1,2010,DHS 2010,50,Mangodara,BFA.2.1.3_1,Cascades,mangodara,2575.8986001273306,275.21759033203125,274.4786682128906,260.7687683105469,261.71588134765625,322.9667663574219,0,8.971575736999512,-0.7161721430397101,1.3484336454427532,-0.14833133318376757,-1.5966217005203973,2.149024574758884,BFA
2,2021,DHS 2021,50,Mangodara,BFA.2.1.3_1,Cascades,mangodara,2575.8986001273306,275.21759033203125,274.4786682128906,260.7687683105469,261.71588134765625,380.91241455078125,6.182166398502886e-4,9.245442390441895,-0.7161721430397101,1.9980994219222055,-0.14314316258154886,-0.08550003460592437,2.149024574758884,BFA
1,2010,DHS 2010,51,Moussodougou,BFA.2.1.4_1,Cascades,moussodougou,299.72696033340094,491.5146484375,492.1473388671875,84.99787139892578,84.835052490234375,362.3464660644531,0,8.861673355102539,4.010670091929584,1.7899446818250855,-0.14833133318376757,-2.2030331359128468,-0.8309933083821153,BFA
2,2021,DHS 2021,51,Moussodougou,BFA.2.1.4_1,Cascades,moussodougou,299.72696033340094,491.5146484375,492.1473388671875,84.99787139892578,84.835052490234375,315.0165100097656,8.27925163321197e-4,9.063957214355469,4.010670091929584,1.259298229335652,-0.14138398395642118,-1.0868858483928454,-0.8309933083821153,BFA
1,2010,DHS 2010,52,Niangoloko,BFA.2.1.5_1,Cascades,niangoloko,2835.4330549798983,289.9740295410156,289.79168701171875,187.42706298828125,190.8948974609375,325.8890380859375,0.0038849085103720427,8.97127628326416,-0.39369267567324817,1.3811971055261565,-0.1157816827747103,-1.598274004741232,0.9055900968071537,BFA
2,2021,DHS 2021,52,Niangoloko,BFA.2.1.5_1,Cascades,niangoloko,2835.4330549798983,289.9740295410156,289.79168701171875,187.42706298828125,190.8948974609375,334.46429443359375,0.010405254550278187,9.23896598815918,-0.39369267567324817,1.4773397969500295,-0.061433141362279196,-0.12123505996799279,0.9055900968071537,BFA
1,2010,DHS 2010,53,Ouo,BFA.2.1.6_1,Cascades,ouo,2736.608220822045,337.0555114746094,336.34576416015625,191.58560180664063,192.30442810058594,335.0377197265625,0,8.968528747558594,0.6352012872771798,1.4837688351923213,-0.14833133318376757,-1.6134341590731596,0.9760939189084771,BFA
2,2021,DHS 2021,53,Ouo,BFA.2.1.6_1,Cascades,ouo,2736.608220822045,337.0555114746094,336.34576416015625,191.58560180664063,192.30442810058594,369.228759765625,1.1147244367748499e-4,9.24264144897461,0.6352012872771798,1.8671064846650762,-0.14739560203921165,-0.10095486739761851,0.9760939189084771,BFA
1,2010,DHS 2010,54,Sidéradougou,BFA.2.1.7_1,Cascades,sidéradougou,3888.511896752027,323.1322326660156,323.25653076171875,142.74034118652344,143.53076171875,354.1949768066406,9.638673509471118e-5,9.009744644165039,0.3309292694413075,1.698553114671168,-0.14752222963114048,-1.3860160577481893,0.1479718992101845,BFA
2,2021,DHS 2021,54,Sidéradougou,BFA.2.1.7_1,Cascades,sidéradougou,3888.511896752027,323.1322326660156,323.25653076171875,142.74034118652344,143.53076171875,362.9031677246094,5.456302897073328e-4,9.238760948181152,0.3309292694413075,1.7961862207083152,-0.14375215245992362,-0.1223664147688829,0.1479718992101845,BFA
1,2010,DHS 2010,55,Soubakaniédougou,BFA.2.1.8_1,Cascades,soubakaniédougou,871.6736253545795,310.1673889160156,310.9836120605469,85.44000244140625,85.20612335205078,317.4922790527344,0,8.886190414428711,0.047602387679487365,1.2870556618233675,-0.14833133318376757,-2.067754674418508,-0.8234974234749225,BFA
2,2021,DHS 2021,55,Soubakaniédougou,BFA.2.1.8_1,Cascades,soubakaniédougou,871.6736253545795,310.1673889160156,310.9836120605469,85.44000244140625,85.20612335205078,342.59716796875,0.001052052597515285,9.137979507446289,0.047602387679487365,1.5685226513137498,-0.13950425709041095,-0.6784509789254582,-0.8234974234749225,BFA
1,2010,DHS 2010,56,Tiéfora,BFA.2.1.9_1,Cascades,tiéfora,1090.255910943205,300.1435546875,300.3434753417969,89.58431243896484,90.39422607421875,358.0879821777344,0,8.926384925842285,-0.171453217619476,1.7422000913830473,-0.14833133318376757,-1.8459722986365765,-0.7532348366473979,BFA
2,2021,DHS 2021,56,Tiéfora,BFA.2.1.9_1,Cascades,tiéfora,1090.255910943205,300.1435546875,300.3434753417969,89.58431243896484,90.39422607421875,316.892822265625,6.259612273424864e-4,9.137733459472656,-0.171453217619476,1.280334767826915,-0.1430781891248873,-0.6798086046865264,-0.7532348366473979,BFA
1,2010,DHS 2010,57,Dakoro,BFA.2.2.1_1,Cascades,dakoro,415.7424098605688,316.1860046386719,316.29638671875,98.1763687133789,97.65867614746094,301.28253173828125,0,8.831443786621094,0.17913005265600196,1.1053178022270922,-0.14833133318376757,-2.3698316683715195,-0.6075652075985011,BFA
2,2021,DHS 2021,57,Dakoro,BFA.2.2.1_1,Cascades,dakoro,415.7424098605688,316.1860046386719,316.29638671875,98.1763687133789,97.65867614746094,343.428955078125,0,9.079534530639648,0.17913005265600196,1.5778483493622815,-0.14833133318376757,-1.0009344562173152,-0.6075652075985011,BFA
1,2010,DHS 2010,58,Douna,BFA.2.2.2_1,Cascades,douna,174.6867299679845,334.1535339355469,335.8782043457031,40.44246292114258,41.14366149902344,333.40667724609375,0,8.765000343322754,0.5717829952452824,1.46548217324993,-0.14833133318376757,-2.7364485071287965,-1.5863852213061687,BFA
2,2021,DHS 2021,58,Douna,BFA.2.2.2_1,Cascades,douna,174.6867299679845,334.1535339355469,335.8782043457031,40.44246292114258,41.14366149902344,309.61529541015625,0,9.00999927520752,0.5717829952452824,1.1987417529445654,-0.14833133318376757,-1.3846110729489445,-1.5863852213061687,BFA
1,2010,DHS 2010,59,Kankalaba,BFA.2.2.3_1,Cascades,kankalaba,314.72635407822054,505.27398681640625,507.5757141113281,71.97404479980469,71.48491668701172,351.61785888671875,0,8.765000343322754,4.311359441772404,1.6696593950092828,-0.14833133318376757,-2.7364485071287965,-1.051799123532634,BFA
2,2021,DHS 2021,59,Kankalaba,BFA.2.2.3_1,Cascades,kankalaba,314.72635407822054,505.27398681640625,507.5757141113281,71.97404479980469,71.48491668701172,327.6921081542969,0,9.010000228881836,4.311359441772404,1.4014124789412354,-0.14833133318376757,-1.3846058108335915,-1.051799123532634,BFA
1,2010,DHS 2010,60,Loumana,BFA.2.2.4_1,Cascades,loumana,439.2199046192257,364.9018249511719,369.2967834472656,117.44548797607422,117.23810577392578,311.89910888671875,0,8.766862869262695,1.2437399876280113,1.2243470486284482,-0.14833133318376757,-2.726171595844432,-0.2808767682484925,BFA
2,2021,DHS 2021,60,Loumana,BFA.2.2.4_1,Cascades,loumana,439.2199046192257,364.9018249511719,369.2967834472656,117.44548797607422,117.23810577392578,314.51983642578125,0,9.01194953918457,1.2437399876280113,1.2537297036627781,-0.14833133318376757,-1.373850047052106,-0.2808767682484925,BFA
1,2010,DHS 2010,61,Niankorodougou,BFA.2.2.5_1,Cascades,niankorodougou,658.7924600693324,NA,328.7150573730469,NA,120.67048645019531,288.501953125,0.0010069888085126877,8.836016654968262,NA,0.9620265493456449,-0.1398821672673159,-2.3445998252539932,NA,BFA
2,2021,DHS 2021,61,Niankorodougou,BFA.2.2.5_1,Cascades,niankorodougou,658.7924600693324,NA,328.7150573730469,NA,120.67048645019531,316.5142517089844,0.14037957787513733,9.084525108337402,NA,1.2760903708393883,0.9544128503147614,-0.9733978065751853,NA,BFA
1,2010,DHS 2010,62,Oueleni,BFA.2.2.6_1,Cascades,oueleni,460.5827285009262,512.3001708984375,511.58978271484375,116.73161315917969,114.0894775390625,381.59033203125,0,8.762001037597656,4.464905976156704,2.00569998900652,-0.14833133318376757,-2.7529978599139096,-0.29297979416488956,BFA
2,2021,DHS 2021,62,Oueleni,BFA.2.2.6_1,Cascades,oueleni,460.5827285009262,512.3001708984375,511.58978271484375,116.73161315917969,114.0894775390625,348.2994384765625,2.9637274565175176e-4,9.00649642944336,4.464905976156704,1.6324544583200684,-0.14584372668534373,-1.4039388226404297,-0.29297979416488956,BFA
1,2010,DHS 2010,63,Sindou,BFA.2.2.7_1,Cascades,sindou,404.53599496563606,409.6984558105469,414.4743347167969,64.65340423583984,66.04869842529297,333.10955810546875,8.196934359148145e-4,8.765000343322754,2.222702015984276,1.4621509802575428,-0.14145303036907392,-2.7364485071287965,-1.175913184392389,BFA
2,2021,DHS 2021,63,Sindou,BFA.2.2.7_1,Cascades,sindou,404.53599496563606,409.6984558105469,414.4743347167969,64.65340423583984,66.04869842529297,305.8892822265625,0.011796192266047001,9.010000228881836,2.222702015984276,1.1569670326063861,-0.0498847604988756,-1.3846058108335915,-1.175913184392389,BFA
1,2010,DHS 2010,64,Wolonkoto,BFA.2.2.8_1,Cascades,wolonkoto,256.114993221034,401.7656555175781,412.50909423828125,49.46231460571289,50.320106506347656,347.649169921875,0,8.818439483642578,2.0493427673897,1.6251638810520135,-0.14833133318376757,-2.441585873324717,-1.4334627535052897,BFA
2,2021,DHS 2021,64,Wolonkoto,BFA.2.2.8_1,Cascades,wolonkoto,256.114993221034,401.7656555175781,412.50909423828125,49.46231460571289,50.320106506347656,310.6876525878906,0,9.039826393127441,2.0493427673897,1.210764636116247,-0.14833133318376757,-1.2200331531692283,-1.4334627535052897,BFA
1,2010,DHS 2010,65,Komki-Ipala,BFA.7.1.1_1,Centre,komki ipala,221.98223659608246,332.1571044921875,333.3410949707031,61.35115432739258,61.215919494628906,167.90664672851563,0,9.161250114440918,0.5281540753946674,-0.39004467278330274,-0.14833133318376757,-0.5500501021974608,-1.2318994935862344,BFA
2,2021,DHS 2021,65,Komki-Ipala,BFA.7.1.1_1,Centre,komki ipala,221.98223659608246,332.1571044921875,333.3410949707031,61.35115432739258,61.215919494628906,153.7695770263672,0.00655673211440444,9.366250038146973,0.5281540753946674,-0.5485444161038535,-0.09346886953127959,0.58108368984782,-1.2318994935862344,BFA
1,2010,DHS 2010,66,Komsilga,BFA.7.1.2_1,Centre,komsilga,318.77344082541146,314.8974914550781,317.37615966796875,72.03535461425781,74.68981170654297,158.31655883789063,0.09071165323257446,9.1636810302734375,0.15097156270762807,-0.49756529064193744,0.5805879672474727,-0.5366369701627217,-1.0507596776022066,BFA
2,2021,DHS 2021,66,Komsilga,BFA.7.1.2_1,Centre,komsilga,318.77344082541146,314.8974914550781,317.37615966796875,72.03535461425781,74.68981170654297,149.7010040283203,0.467764675617218,9.368861198425293,0.15097156270762807,-0.5941597939337692,3.073075195415028,0.5954913616842716,-1.0507596776022066,BFA
1,2010,DHS 2010,67,Koubri,BFA.7.1.3_1,Centre,koubri,640.2903876325829,292.8915100097656,284.5863037109375,116.86711120605469,140.60658264160156,152.56004333496094,0.0036560024600476027,9.195000648498535,-0.32993559076337786,-0.562105273032805,-0.11769607372548742,-0.36382383985559635,-0.2906825617452291,BFA
2,2021,DHS 2021,67,Koubri,BFA.7.1.3_1,Centre,koubri,640.2903876325829,292.8915100097656,284.5863037109375,116.86711120605469,140.60658264160156,140.2667694091797,0.032384902238845825,9.40250015258789,-0.32993559076337786,-0.699933040940707,0.11922248583264815,0.7811019565298377,-0.2906825617452291,BFA
1,2010,DHS 2010,68,Ouagadougou,BFA.7.1.4_1,Centre,ouagadougou,521.7971569686707,306.9972839355469,307.3838806152344,64.92740631103516,65.46589660644531,152.97418212890625,6.067052364349365,9.1724214553833,-0.02167542054506811,-0.5574620977551561,16.267127768263606,-0.4884096829526854,-1.1712677561761904,BFA
2,2021,DHS 2021,68,Ouagadougou,BFA.7.1.4_1,Centre,ouagadougou,521.7971569686707,306.9972839355469,307.3838806152344,64.92740631103516,65.46589660644531,154.53787231445313,8.044994354248047,9.37824821472168,-0.02167542054506811,-0.5399305655307391,18.338683634234755,0.6472863631036265,-1.1712677561761904,BFA
1,2010,DHS 2010,69,Pabre,BFA.7.1.5_1,Centre,pabre,410.04044403821206,306.9527282714844,307.8952331542969,77.93241119384766,87.31861114501953,155.02230834960938,0.011222883127629757,9.203207015991211,-0.022649116611683284,-0.534499242856011,-0.05464278486255255,-0.3185433372432272,-0.950781044200182,BFA
2,2021,DHS 2021,69,Pabre,BFA.7.1.5_1,Centre,pabre,410.04044403821206,306.9527282714844,307.8952331542969,77.93241119384766,87.31861114501953,163.8828582763672,0.09953267872333527,9.417536735534668,-0.022649116611683284,-0.43515794238434324,0.6482066371099194,0.8640697293002297,-0.950781044200182,BFA
1,2010,DHS 2010,70,Saaba,BFA.7.1.6_1,Centre,saaba,449.67817945864186,294.8068542480469,292.2125244140625,80.91478729248047,90.21795654296875,150.02261352539063,0.10164712369441986,9.195487022399902,-0.28807866437097956,-0.590554023869033,0.664334572122651,-0.36114016102557794,-0.9002178721146075,BFA
2,2021,DHS 2021,70,Saaba,BFA.7.1.6_1,Centre,saaba,449.67817945864186,294.8068542480469,292.2125244140625,80.91478729248047,90.21795654296875,144.91151428222656,0.5001475214958191,9.40300464630127,-0.28807866437097956,-0.6478578311781426,3.2562724507257346,0.7838856155515627,-0.9002178721146075,BFA
1,2010,DHS 2010,71,Tanghin-Dassouri,BFA.7.1.7_1,Centre,tanghin dassouri,317.7549896793796,333.4394226074219,340.4234619140625,61.02655792236328,59.7281494140625,158.43968200683594,0.060242943465709686,9.161250114440918,0.556177181574875,-0.49618487793366034,0.34274537255241394,-0.5500501021974608,-1.2374026975226458,BFA
2,2021,DHS 2021,71,Tanghin-Dassouri,BFA.7.1.7_1,Centre,tanghin dassouri,317.7549896793796,333.4394226074219,340.4234619140625,61.02655792236328,59.7281494140625,161.30531311035156,0.12361922115087509,9.366250038146973,0.556177181574875,-0.4640564521758396,0.8301181066703878,0.58108368984782,-1.2374026975226458,BFA
1,2010,DHS 2010,72,Bagre,BFA.3.1.1_1,Centre-Est,bagre,571.0882798756634,256.1966857910156,255.20758056640625,97.44828033447266,98.38936614990234,219.98756408691406,0.006724740378558636,9.177777290344238,-1.13184499462307,0.1938678499052197,-0.09206778637447655,-0.4588576431303652,-0.6199092100913524,BFA
2,2021,DHS 2021,72,Bagre,BFA.3.1.1_1,Centre-Est,bagre,571.0882798756634,256.1966857910156,255.20758056640625,97.44828033447266,98.38936614990234,189.02914428710938,0.011499193497002125,9.380882263183594,-1.13184499462307,-0.1532268235498592,-0.05234928491279837,0.6618203257085497,-0.6199092100913524,BFA
1,2010,DHS 2010,73,Bane,BFA.3.1.2_1,Centre-Est,bane,452.83465314004303,250.6300811767578,249.5757598876953,173.87521362304688,176.72215270996094,217.03924560546875,0,9.1576995849609375,-1.2534946463867964,0.1608123629915985,-0.14833133318376757,-0.569640957656595,0.6758321893969345,BFA
2,2021,DHS 2021,73,Bane,BFA.3.1.2_1,Centre-Est,bane,452.83465314004303,250.6300811767578,249.5757598876953,173.87521362304688,176.72215270996094,176.877197265625,0,9.358202934265137,-1.2534946463867964,-0.2894700850128409,-0.14833133318376757,0.5366819604993981,0.6758321893969345,BFA
1,2010,DHS 2010,74,Beguedo,BFA.3.1.3_1,Centre-Est,beguedo,34.211520170737764,245.1867218017578,245.46139526367188,37.6422119140625,38.36531066894531,184.72897338867188,0.030747614800930023,9.194375038146973,-1.3724509614621494,-0.2014387937810922,0.10589845404299139,-0.3672757875271494,-1.6338606465614545,BFA
2,2021,DHS 2021,74,Beguedo,BFA.3.1.3_1,Centre-Est,beguedo,34.211520170737764,245.1867218017578,245.46139526367188,37.6422119140625,38.36531066894531,150.82186889648438,0.09574248641729355,9.403124809265137,-1.3724509614621494,-0.5815930599751732,0.6192191561596664,0.7845486420860378,-1.6338606465614545,BFA
1,2010,DHS 2010,75,Bissiga,BFA.3.1.4_1,Centre-Est,bissiga,268.21914237943224,279.82879638671875,281.2044677734375,148.55523681640625,148.0627899169922,196.77017211914063,0,9.159794807434082,-0.6154012692961808,-0.06643720234372402,-0.14833133318376757,-0.5580800902261039,0.2465575767604454,BFA
2,2021,DHS 2021,75,Bissiga,BFA.3.1.4_1,Centre-Est,bissiga,268.21914237943224,279.82879638671875,281.2044677734375,148.55523681640625,148.0627899169922,147.6605682373047,0,9.3634185791015625,-0.6154012692961808,-0.617036426499915,-0.14833133318376757,0.5654604693648305,0.2465575767604454,BFA
1,2010,DHS 2010,76,Bittou,BFA.3.1.5_1,Centre-Est,bittou,1339.589461346099,231.4261932373047,232.0620574951172,85.95112609863281,87.69134521484375,230.1329803466797,0.006692424416542053,9.150888442993164,-1.6731663209944199,0.30761460980190586,-0.09233726299088486,-0.6072229855075584,-0.8148318385243181,BFA
2,2021,DHS 2021,76,Bittou,BFA.3.1.5_1,Centre-Est,bittou,1339.589461346099,231.4261932373047,232.0620574951172,85.95112609863281,87.69134521484375,192.7235565185547,0.00537390960380435,9.345697402954102,-1.6731663209944199,-0.11180640172684193,-0.10333948854874508,0.4676798418758076,-0.8148318385243181,BFA
1,2010,DHS 2010,77,Boussouma,BFA.3.1.6_1,Centre-Est,boussouma,386.9241013448907,260.8651123046875,259.24737548828125,77.5771484375,86.54197692871094,202.6441192626953,0,9.194375038146973,-1.0298236550405657,-5.806186140412092e-4,-0.14833133318376757,-0.3672757875271494,-0.9568041651248154,BFA
2,2021,DHS 2021,77,Boussouma,BFA.3.1.6_1,Centre-Est,boussouma,386.9241013448907,260.8651123046875,259.24737548828125,77.5771484375,86.54197692871094,175.1541748046875,8.735478622838855e-4,9.403124809265137,-1.0298236550405657,-0.30878799343007346,-0.141001318351372,0.7845486420860378,-0.9568041651248154,BFA
1,2010,DHS 2010,78,Garango,BFA.3.1.7_1,Centre-Est,garango,446.79130959003993,278.2900695800781,278.0335998535156,62.81563186645508,63.6554069519043,186.6364288330078,0.008501806296408176,9.193320274353027,-0.6490277962652244,-0.1800530890563933,-0.0772624752559804,-0.3730956871075422,-1.2070707572450932,BFA
2,2021,DHS 2021,78,Garango,BFA.3.1.7_1,Centre-Est,garango,446.79130959003993,278.2900695800781,278.0335998535156,62.81563186645508,63.6554069519043,157.93896484375,0.011840262450277805,9.401961326599121,-0.6490277962652244,-0.5017987387617819,-0.04951912350047094,0.7781288613554056,-1.2070707572450932,BFA
1,2010,DHS 2010,79,Komtoega,BFA.3.1.8_1,Centre-Est,komtoega,201.41769560357122,262.9660339355469,263.2637023925781,71.68968200683594,72.5713882446289,175.25814819335938,0.0011238118167966604,9.194375038146973,-0.9839112178392039,-0.30762228117400703,-0.13890251104226045,-0.3672757875271494,-1.0566202072457864,BFA
2,2021,DHS 2021,79,Komtoega,BFA.3.1.8_1,Centre-Est,komtoega,201.41769560357122,262.9660339355469,263.2637023925781,71.68968200683594,72.5713882446289,148.6903076171875,0,9.403124809265137,-0.9839112178392039,-0.6054913587569382,-0.14833133318376757,0.7845486420860378,-1.0566202072457864,BFA
1,2010,DHS 2010,80,Niaogho,BFA.3.1.9_1,Centre-Est,niaogho,287.5136903304554,251.60549926757813,253.6967315673828,80.19657897949219,93.82353210449219,183.43917846679688,0.00171957619022578,9.194375038146973,-1.2321783720517365,-0.21589951077269545,-0.13390831812891071,-0.3672757875271494,-0.9123943680768585,BFA
2,2021,DHS 2021,80,Niaogho,BFA.3.1.9_1,Centre-Est,niaogho,287.5136903304554,251.60549926757813,253.6967315673828,80.19657897949219,93.82353210449219,153.33245849609375,0.0018221096834167838,9.403124809265137,-1.2321783720517365,-0.5534452319241552,-0.13304909663146164,0.7845486420860378,-0.9123943680768585,BFA
1,2010,DHS 2010,81,Tenkodogo,BFA.3.1.10_1,Centre-Est,tenkodogo,1150.135586602851,281.4898986816406,280.8748474121094,64.1549301147461,64.9319839477539,192.805419921875,0.04168172553181648,9.164153099060059,-0.5791004127195161,-0.11088857867814858,0.19448046364896213,-0.534032223062998,-1.184364309244356,BFA
2,2021,DHS 2021,81,Tenkodogo,BFA.3.1.10_1,Centre-Est,tenkodogo,1150.135586602851,281.4898986816406,280.8748474121094,64.1549301147461,64.9319839477539,161.9608917236328,0.08738800883293152,9.368252754211426,-0.5791004127195161,-0.4567063404397611,0.5549682162325822,0.5921341320890722,-1.184364309244356,BFA
1,2010,DHS 2010,82,Zabré,BFA.3.1.11_1,Centre-Est,zabré,892.0208932912495,243.33937072753906,243.35276794433594,131.32989501953125,131.25286865234375,241.7055206298828,0.0309312641620636,9.171063423156738,-1.4128220009802883,0.43736177120804054,0.10739402204445836,-0.49590293521532497,-0.0454806815623396,BFA
2,2021,DHS 2021,82,Zabré,BFA.3.1.11_1,Centre-Est,zabré,892.0208932912495,243.33937072753906,243.35276794433594,131.32989501953125,131.25286865234375,196.3709259033203,0.026388928294181824,9.35119915008545,-1.4128220009802883,-0.07091340738921545,0.0703245992343226,0.49803698534713325,-0.0454806815623396,BFA
1,2010,DHS 2010,83,Zoaga,BFA.3.1.12_1,Centre-Est,zoaga,247.43230078288065,242.176025390625,243.15443420410156,151.13059997558594,153.41915893554688,262.104248046875,0,9.162712097167969,-1.4382451385880992,0.6660649698042667,-0.14833133318376757,-0.5419832793613466,0.2902202558773235,BFA
2,2021,DHS 2021,83,Zoaga,BFA.3.1.12_1,Centre-Est,zoaga,247.43230078288065,242.176025390625,243.15443420410156,151.13059997558594,153.41915893554688,198.68368530273438,0,9.348749160766602,-1.4382451385880992,-0.04498358042418241,-0.14833133318376757,0.4845186110053347,0.2902202558773235,BFA
1,2010,DHS 2010,84,Zonsé,BFA.3.1.13_1,Centre-Est,zonsé,245.15099431405775,241.3596954345703,241.42218017578125,106.57820129394531,105.98014831542969,229.95957946777344,2.3107335437089205e-4,9.177240371704102,-1.4560847844332516,0.3056705014840398,-0.1463917542236697,-0.4618202140740914,-0.4651206289955161,BFA
2,2021,DHS 2021,84,Zonsé,BFA.3.1.13_1,Centre-Est,zonsé,245.15099431405775,241.3596954345703,241.42218017578125,106.57820129394531,105.98014831542969,202.33314514160156,6.578572210855782e-4,9.352884292602539,-1.4560847844332516,-0.0040671486666731685,-0.14281060199770765,0.507335143175844,-0.4651206289955161,BFA
1,2010,DHS 2010,85,Comin-Yanga,BFA.3.2.1_1,Centre-Est,comin yanga,792.4616716943468,265.38177490234375,264.4247131347656,179.0858154296875,179.95729064941406,200.554931640625,0,9.12062931060791,-0.9311188843205802,-0.02400383918402207,-0.14833133318376757,-0.7741846435421731,0.7641726760107298,BFA
2,2021,DHS 2021,85,Comin-Yanga,BFA.3.2.1_1,Centre-Est,comin yanga,792.4616716943468,265.38177490234375,264.4247131347656,179.0858154296875,179.95729064941406,162.6334686279297,1.5294791955966502e-4,9.321878433227539,-0.9311188843205802,-0.4491656499755849,-0.14704747181393443,0.3362532488198481,0.7641726760107298,BFA
1,2010,DHS 2010,86,Dourtenga,BFA.3.2.2_1,Centre-Est,dourtenga,102.49469488723462,290.44207763671875,289.2845153808594,147.0772705078125,147.89801025390625,185.62066650390625,0,9.13730525970459,-0.38346419856798997,-0.191441451130665,-0.14833133318376757,-0.6821712944800131,0.22150015196671627,BFA
2,2021,DHS 2021,86,Dourtenga,BFA.3.2.2_1,Centre-Est,dourtenga,102.49469488723462,290.44207763671875,289.2845153808594,147.0772705078125,147.89801025390625,159.90438842773438,0,9.339566230773926,-0.38346419856798997,-0.4797631160944948,-0.14833133318376757,0.4338497022715169,0.22150015196671627,BFA
1,2010,DHS 2010,87,Lalgaye,BFA.3.2.3_1,Centre-Est,lalgaye,667.1477123369797,253.26577758789063,252.00497436523438,149.1319580078125,142.66650390625,201.24871826171875,0,9.156776428222656,-1.195895522183153,-0.01622535299986751,-0.14833133318376757,-0.574734685318277,0.25633530159529766,BFA
2,2021,DHS 2021,87,Lalgaye,BFA.3.2.3_1,Centre-Est,lalgaye,667.1477123369797,253.26577758789063,252.00497436523438,149.1319580078125,142.66650390625,167.56195068359375,0,9.356734275817871,-1.195895522183153,-0.39390928092309446,-0.14833133318376757,0.5285783028558131,0.25633530159529766,BFA
1,2010,DHS 2010,88,Ouargaye,BFA.3.2.4_1,Centre-Est,ouargaye,352.3495542333097,281.09051513671875,280.8959045410156,104.8184814453125,105.77743530273438,207.45455932617188,0,9.117561340332031,-0.5878283308180042,0.05335230605733237,-0.14833133318376757,-0.7911128686327009,-0.4949549002564784,BFA
2,2021,DHS 2021,88,Ouargaye,BFA.3.2.4_1,Centre-Est,ouargaye,352.3495542333097,281.09051513671875,280.8959045410156,104.8184814453125,105.77743530273438,170.20603942871094,0.010304995812475681,9.317415237426758,-0.5878283308180042,-0.3642647084446733,-0.06226616236639015,0.31162654896791464,-0.4949549002564784,BFA
1,2010,DHS 2010,89,Sangha,BFA.3.2.5_1,Centre-Est,sangha,440.57825092541844,293.9549560546875,294.3811950683594,67.09700012207031,69.81645202636719,256.38006591796875,0,9.10312557220459,-0.30669559978163885,0.6018874975793229,-0.14833133318376757,-0.8707655087307173,-1.1344844861944272,BFA
2,2021,DHS 2021,89,Sangha,BFA.3.2.5_1,Centre-Est,sangha,440.57825092541844,293.9549560546875,294.3811950683594,67.09700012207031,69.81645202636719,184.0193328857422,0.002883442211896181,9.303125381469727,-0.30669559978163885,-0.20939502798902912,-0.12416038768531534,0.23277901251890373,-1.1344844861944272,BFA
1,2010,DHS 2010,90,Soudougui,BFA.3.2.6_1,Centre-Est,soudougui,1950.5623404090652,236.70672607421875,235.92999267578125,165.37326049804688,165.99327087402344,236.22787475585938,0,9.12905502319336,-1.557768331510454,0.37594837484474425,-0.14833133318376757,-0.7276938543986192,0.5316901681676429,BFA
2,2021,DHS 2021,90,Soudougui,BFA.3.2.6_1,Centre-Est,soudougui,1950.5623404090652,236.70672607421875,235.92999267578125,165.37326049804688,165.99327087402344,166.14306640625,2.629990049172193e-4,9.315813064575195,-1.557768331510454,-0.4098173013614723,-0.14612381255968057,0.3027861951749129,0.5316901681676429,BFA
1,2010,DHS 2010,91,Yargatenga,BFA.3.2.7_1,Centre-Est,yargatenga,431.4481523497207,264.511474609375,264.4268493652344,54.92861557006836,56.390872955322266,246.0294189453125,0.010100343264639378,9.126099586486816,-0.9501379695450538,0.4858397647087457,-0.06396681812164547,-0.7440011498774957,-1.340787146140091,BFA
2,2021,DHS 2021,91,Yargatenga,BFA.3.2.7_1,Centre-Est,yargatenga,431.4481523497207,264.511474609375,264.4268493652344,54.92861557006836,56.390872955322266,185.7721405029297,0.03740307316184044,9.323680877685547,-0.9501379695450538,-0.1897431791074816,0.1599284648503486,0.3461986468369751,-1.340787146140091,BFA
1,2010,DHS 2010,92,Yondé,BFA.3.2.8_1,Centre-Est,yondé,635.9225186541127,282.7964782714844,281.91070556640625,206.03729248046875,211.63075256347656,207.14111328125,0,9.11090087890625,-0.5505471090235832,0.049838061683379196,-0.14833133318376757,-0.8278634822578939,1.2211077261218741,BFA
2,2021,DHS 2021,92,Yondé,BFA.3.2.8_1,Centre-Est,yondé,635.9225186541127,282.7964782714844,281.91070556640625,206.03729248046875,211.63075256347656,168.84913635253906,2.30979043408297e-4,9.311456680297852,-0.5505471090235832,-0.3794778179373303,-0.14639254575775884,0.2787488522425129,1.2211077261218741,BFA
1,2010,DHS 2010,93,Andemtenga,BFA.3.3.1_1,Centre-Est,andemtenga,702.7945293932632,303.6103515625,302.4209899902344,82.33257293701172,87.13148498535156,146.31216430664063,0,9.059019088745117,-0.09569166065544606,-0.632154246628523,-0.14833133318376757,-1.1141330816905615,-0.8761807496478086,BFA
2,2021,DHS 2021,93,Andemtenga,BFA.3.3.1_1,Centre-Est,andemtenga,702.7945293932632,303.6103515625,302.4209899902344,82.33257293701172,87.13148498535156,140.6814422607422,2.1520088193938136e-4,9.238740921020508,-0.09569166065544606,-0.6952838780010443,-0.14652496993640962,-0.12247691919129541,-0.8761807496478086,BFA
1,2010,DHS 2010,94,Baskouré,BFA.3.3.2_1,Centre-Est,baskouré,71.05681724637712,318.4859619140625,319.28424072265625,52.2996826171875,53.68962478637695,158.3319854736328,0.0035738032311201096,9.041874885559082,0.22939211023165437,-0.4973923327477662,-0.11838363025370553,-1.2087301293910333,-1.3853580469593705,BFA
2,2021,DHS 2021,94,Baskouré,BFA.3.3.2_1,Centre-Est,baskouré,71.05681724637712,318.4859619140625,319.28424072265625,52.2996826171875,53.68962478637695,133.90882873535156,0,9.216875076293945,0.22939211023165437,-0.7712159861394494,-0.14833133318376757,-0.2431267000043575,-1.3853580469593705,BFA
1,2010,DHS 2010,95,Dialgaye,BFA.3.3.3_1,Centre-Est,dialgaye,380.00384471858973,297.2195129394531,297.5003356933594,39.99494552612305,39.61811065673828,180.9602508544922,0.0013224193826317787,9.1470308303833,-0.23535368927888206,-0.24369235600432132,-0.1372372869330456,-0.6285082421103513,-1.5939724263759898,BFA
2,2021,DHS 2021,95,Dialgaye,BFA.3.3.3_1,Centre-Est,dialgaye,380.00384471858973,297.2195129394531,297.5003356933594,39.99494552612305,39.61811065673828,152.32696533203125,0.0020388872362673283,9.347223281860352,-0.23535368927888206,-0.5647184598117035,-0.13123280959966316,0.4760992264405711,-1.5939724263759898,BFA
1,2010,DHS 2010,96,Gounghin,BFA.3.3.4_1,Centre-Est,gounghin,419.1148231503272,321.7933349609375,321.3133544921875,61.896461486816406,61.90354537963867,163.94546508789063,0.0011868613073602319,9.05300235748291,0.30166970263952153,-0.4344560173202633,-0.13837383712683377,-1.1473317674524948,-1.2226543619094876,BFA
2,2021,DHS 2021,96,Gounghin,BFA.3.3.4_1,Centre-Est,gounghin,419.1148231503272,321.7933349609375,321.3133544921875,61.896461486816406,61.90354537963867,130.84780883789063,0,9.230669021606445,0.30166970263952153,-0.8055350408140489,-0.14833133318376757,-0.16701546353889474,-1.2226543619094876,BFA
1,2010,DHS 2010,97,Kando,BFA.3.3.5_1,Centre-Est,kando,333.45057896586115,301.5490417480469,299.5954284667969,68.45098876953125,72.25260162353516,154.82211303710938,0,9.11037826538086,-0.14073844203868024,-0.5367437607309145,-0.14833133318376757,-0.8307471214713255,-1.1115289773252186,BFA
2,2021,DHS 2021,97,Kando,BFA.3.3.5_1,Centre-Est,kando,333.45057896586115,301.5490417480469,299.5954284667969,68.45098876953125,72.25260162353516,146.79397583007813,0,9.30081558227539,-0.14073844203868024,-0.6267523490356915,-0.14833133318376757,0.22003416913399287,-1.1115289773252186,BFA
1,2010,DHS 2010,98,Koupéla,BFA.3.3.6_1,Centre-Est,koupéla,340.2648326174134,303.31591796875,303.3382873535156,40.38149642944336,41.192848205566406,162.87103271484375,0.05286514014005661,9.041874885559082,-0.10212605767647565,-0.44650216683577004,0.28412549722093555,-1.2087301293910333,-1.5874188465463435,BFA
2,2021,DHS 2021,98,Koupéla,BFA.3.3.6_1,Centre-Est,koupéla,340.2648326174134,303.31591796875,303.3382873535156,40.38149642944336,41.192848205566406,142.1011505126953,0.10633993148803711,9.216875076293945,-0.10212605767647565,-0.6793666194555594,0.7000186650162654,-0.2431267000043575,-1.5874188465463435,BFA
1,2010,DHS 2010,99,Pouytenga,BFA.3.3.7_1,Centre-Est,pouytenga,175.23744314627422,309.9372253417969,309.60614013671875,43.7269172668457,44.77598190307617,150.369384765625,0.1892031580209732,9.041874885559082,0.04257251388879446,-0.5866661493854161,1.3063400592597634,-1.2087301293910333,-1.530700617890412,BFA
2,2021,DHS 2021,99,Pouytenga,BFA.3.3.7_1,Centre-Est,pouytenga,175.23744314627422,309.9372253417969,309.60614013671875,43.7269172668457,44.77598190307617,140.93331909179688,0.2456965148448944,9.216875076293945,0.04257251388879446,-0.6924599255192585,1.6959517857738644,-0.2431267000043575,-1.530700617890412,BFA
1,2010,DHS 2010,100,Tensobentenga,BFA.3.3.8_1,Centre-Est,tensobentenga,268.1048496810986,308.4395751953125,308.72955322265625,57.96173858642578,58.41749954223633,181.58056640625,7.473450968973339e-4,9.126753807067871,0.009843654663356353,-0.236737601037214,-0.1420599010941427,-0.7403913387453533,-1.2893636113608582,BFA
2,2021,DHS 2021,100,Tensobentenga,BFA.3.3.8_1,Centre-Est,tensobentenga,268.1048496810986,308.4395751953125,308.72955322265625,57.96173858642578,58.41749954223633,148.13319396972656,0.0010344244074076414,9.322089195251465,0.009843654663356353,-0.6117375166937216,-0.13965208711752572,0.3374161763128561,-1.2893636113608582,BFA
1,2010,DHS 2010,101,Yargo,BFA.3.3.9_1,Centre-Est,yargo,115.81151066988161,312.76416015625,313.2475280761719,60.93098449707031,61.387325286865234,176.274169921875,0,9.041875839233398,0.10435086165507074,-0.2962310108067572,-0.14833133318376757,-1.2087248672756803,-1.2390230483402747,BFA
2,2021,DHS 2021,101,Yargo,BFA.3.3.9_1,Centre-Est,yargo,115.81151066988161,312.76416015625,313.2475280761719,60.93098449707031,61.387325286865234,141.46273803710938,0.001990391407161951,9.216875076293945,0.10435086165507074,-0.6865242706269072,-0.131639101430125,-0.2431267000043575,-1.2390230483402747,BFA
1,2010,DHS 2010,102,Bourzanga,BFA.4.1.1_1,Centre-Nord,bourzanga,1076.576214242829,333.05426025390625,333.14019775390625,147.31190490722656,148.0006561279297,125.7435073852539,1.394133287249133e-4,9.296335220336914,0.5477600459195666,-0.8627626337395252,-0.14716107471394227,0.19531275120570582,0.22547814103395944,BFA
2,2021,DHS 2021,102,Bourzanga,BFA.4.1.1_1,Centre-Nord,bourzanga,1076.576214242829,333.05426025390625,333.14019775390625,147.31190490722656,148.0006561279297,81.58264923095703,0.004583949223160744,9.515227317810059,0.5477600459195666,-1.3578782998388148,-0.10993815451165959,1.4030997775978058,0.22547814103395944,BFA
1,2010,DHS 2010,103,Guibare,BFA.4.1.2_1,Centre-Nord,guibare,258.76693020249604,305.75091552734375,305.3690185546875,117.72415161132813,117.34567260742188,157.1940460205078,0.001812392147257924,9.223039627075195,-0.04891290072084229,-0.5101505008147476,-0.13313052494255875,-0.20911238636271262,-0.27615230799353196,BFA
2,2021,DHS 2021,103,Guibare,BFA.4.1.2_1,Centre-Nord,guibare,258.76693020249604,305.75091552734375,305.3690185546875,117.72415161132813,117.34567260742188,116.06443786621094,0.0025602043606340885,9.43932056427002,-0.04891290072084229,-0.9712808816276949,-0.12686652304178447,0.9842669681929358,-0.27615230799353196,BFA
1,2010,DHS 2010,104,Kongoussi,BFA.4.1.3_1,Centre-Nord,kongoussi,656.3245909978484,334.728759765625,334.3487243652344,118.90645599365234,118.89644622802734,140.92007446289063,0.017024392262101173,9.232708930969238,0.58435367823133,-0.6926084195372018,-0.00661870783898564,-0.15575979879887644,-0.2561075322965991,BFA
2,2021,DHS 2021,104,Kongoussi,BFA.4.1.3_1,Centre-Nord,kongoussi,656.3245909978484,334.728759765625,334.3487243652344,118.90645599365234,118.89644622802734,97.37281799316406,0.022399185225367546,9.4487943649292,0.58435367823133,-1.180844604134701,0.03762923382815286,1.0365408221094117,-0.2561075322965991,BFA
1,2010,DHS 2010,105,Nassere,BFA.4.1.4_1,Centre-Nord,nassere,128.01512215208965,325.837646484375,325.55670166015625,105.9780044555664,107.09957885742188,139.23074340820313,0,9.26187515258789,0.390051961223158,-0.7115485920193897,-0.14833133318376757,0.005171475041226377,-0.47529635969496825,BFA
2,2021,DHS 2021,105,Nassere,BFA.4.1.4_1,Centre-Nord,nassere,128.01512215208965,325.837646484375,325.55670166015625,105.9780044555664,107.09957885742188,97.365081787109375,8.591407095082104e-4,9.475625038146973,0.390051961223158,-1.180931339695873,-0.14112215810845247,1.1845851754500731,-0.47529635969496825,BFA
1,2010,DHS 2010,106,Rollo,BFA.4.1.5_1,Centre-Nord,rollo,567.3007726259751,341.8754577636719,342.2368469238281,160.75831604003906,160.92677307128906,137.90785217285156,0,9.284834861755371,0.7405338604012898,-0.7263803729797936,-0.14833133318376757,0.13185690216415333,0.45344844979329424,BFA
2,2021,DHS 2021,106,Rollo,BFA.4.1.5_1,Centre-Nord,rollo,567.3007726259751,341.8754577636719,342.2368469238281,160.75831604003906,160.92677307128906,93.46983337402344,5.90299314353615e-4,9.502249717712402,0.7405338604012898,-1.2246034645882102,-0.14337738002230682,1.3314929118744916,0.45344844979329424,BFA
1,2010,DHS 2010,107,Rouko,BFA.4.1.6_1,Centre-Nord,rouko,126.04419556422943,327.8135681152344,327.8014831542969,112.07411193847656,111.981201171875,158.70181274414063,0,9.223125457763672,0.43323271411708447,-0.4932459623412087,-0.14833133318376757,-0.20863879598094467,-0.3719430194332059,BFA
2,2021,DHS 2021,107,Rouko,BFA.4.1.6_1,Centre-Nord,rouko,126.04419556422943,327.8135681152344,327.8014831542969,112.07411193847656,111.981201171875,107.25431823730469,0,9.439374923706055,0.43323271411708447,-1.0700567757291983,-0.14833133318376757,0.9845669087680555,-0.3719430194332059,BFA
1,2010,DHS 2010,108,Sabce,BFA.4.1.7_1,Centre-Nord,sabce,340.3324893751029,326.483154296875,326.05718994140625,119.99458312988281,119.7821044921875,148.6442413330078,0.0185798741877079,9.245922088623047,0.40415854971702386,-0.6060078373746465,0.0062107842854865645,-0.08285319058337683,-0.23765943661026817,BFA
2,2021,DHS 2021,108,Sabce,BFA.4.1.7_1,Centre-Nord,sabce,340.3324893751029,326.483154296875,326.05718994140625,119.99458312988281,119.7821044921875,108.01517486572266,0.2163362056016922,9.460700988769531,0.40415854971702386,-1.061526324734134,1.4957236255384454,1.1022383322913325,-0.23765943661026817,BFA
1,2010,DHS 2010,109,Tikare,BFA.4.1.8_1,Centre-Nord,tikare,391.61239027274866,350.05078125,349.99371337890625,90.26358795166016,90.59098052978516,156.4461212158203,0,9.22614860534668,0.9191930834077775,-0.5185359648510482,-0.14833133318376757,-0.19195789031200683,-0.7417184069597824,BFA
2,2021,DHS 2021,109,Tikare,BFA.4.1.8_1,Centre-Nord,tikare,391.61239027274866,350.05078125,349.99371337890625,90.26358795166016,90.59098052978516,108.65794372558594,3.090990649070591e-4,9.442456245422363,0.9191930834077775,-1.0543198313483588,-0.14573692474942396,1.0015688034735248,-0.7417184069597824,BFA
1,2010,DHS 2010,110,Zimtenga,BFA.4.1.9_1,Centre-Nord,zimtenga,481.1041079214683,322.8517761230469,323.70489501953125,144.77972412109375,150.4042205810547,132.738037109375,0,9.275014877319336,0.32480031954254485,-0.7843424809583108,-0.14833133318376757,0.07767290037454673,0.18254757540217584,BFA
2,2021,DHS 2021,110,Zimtenga,BFA.4.1.9_1,Centre-Nord,zimtenga,481.1041079214683,322.8517761230469,323.70489501953125,144.77972412109375,150.4042205810547,92.776519775390625,0,9.491510391235352,0.32480031954254485,-1.232376647414581,-0.14833133318376757,1.2722362308846151,0.18254757540217584,BFA
1,2010,DHS 2010,111,Boala,BFA.4.2.1_1,Centre-Nord,boala,386.7742784044488,313.9504699707031,314.1107482910156,132.5896759033203,133.042724609375,148.09640502929688,0,9.222533226013184,0.1302758528862568,-0.6121499810684465,-0.14833133318376757,-0.21190656961514354,-0.02412237009842186,BFA
2,2021,DHS 2021,111,Boala,BFA.4.2.1_1,Centre-Nord,boala,386.7742784044488,313.9504699707031,314.1107482910156,132.5896759033203,133.042724609375,108.3702163696289,0.0017830431461334229,9.429715156555176,0.1302758528862568,-1.0575457270273312,-0.1333764603476498,0.9312669423577491,-0.02412237009842186,BFA
1,2010,DHS 2010,112,Boulsa,BFA.4.2.2_1,Centre-Nord,boulsa,1166.7592858805406,309.6410217285156,309.6455383300781,97.47228240966797,97.76520538330078,155.64639282226563,0.0043087792582809925,9.216217041015625,0.03609943579114592,-0.5275022321026918,-0.11223791203200431,-0.24675755959791176,-0.6195022791683652,BFA
2,2021,DHS 2021,112,Boulsa,BFA.4.2.2_1,Centre-Nord,boulsa,1166.7592858805406,309.6410217285156,309.6455383300781,97.47228240966797,97.76520538330078,134.03106689453125,0.0037872979883104563,9.428945541381836,0.03609943579114592,-0.7698454958425095,-0.11659796735450535,0.9270204152678965,-0.6195022791683652,BFA
1,2010,DHS 2010,113,Bouroum,BFA.4.2.3_1,Centre-Nord,bouroum,1295.276080524834,303.9049987792969,303.9648132324219,174.74520874023438,174.92298889160156,115.23857116699219,1.9193565822206438e-4,9.34118366241455,-0.08925259522861763,-0.9805402021659017,-0.14672023592349895,0.4427742499101663,0.69058207719416,BFA
2,2021,DHS 2021,113,Bouroum,BFA.4.2.3_1,Centre-Nord,bouroum,1295.276080524834,303.9049987792969,303.9648132324219,174.74520874023438,174.92298889160156,63.626129150390625,2.3118950775824487e-4,9.53444766998291,-0.08925259522861763,-1.5592003477358811,-0.14639077937033929,1.509152450421709,0.69058207719416,BFA
1,2010,DHS 2010,114,Dargo,BFA.4.2.4_1,Centre-Nord,dargo,574.8110682310993,298.0781555175781,298.05413818359375,107.69908905029297,107.24307250976563,161.2842559814453,0.0014269303064793348,9.214374542236328,-0.21658936562800224,-0.46429253713524254,-0.13636114825900286,-0.2569239664598638,-0.44611711011042265,BFA
2,2021,DHS 2021,114,Dargo,BFA.4.2.4_1,Centre-Nord,dargo,574.8110682310993,298.0781555175781,298.05413818359375,107.69908905029297,107.24307250976563,134.99130249023438,0,9.436875343322754,-0.21658936562800224,-0.7590796795416199,-0.14833133318376757,0.9707749044279022,-0.44611711011042265,BFA
1,2010,DHS 2010,115,Nagbingou,BFA.4.2.5_1,Centre-Nord,nagbingou,478.5394919305802,291.4535217285156,291.6854248046875,122.90306091308594,123.45233917236328,117.05315399169922,0,9.349571228027344,-0.3613606309407114,-0.96019575186541,-0.14833133318376757,0.4890545544396011,-0.18834913576438017,BFA
2,2021,DHS 2021,115,Nagbingou,BFA.4.2.5_1,Centre-Nord,nagbingou,478.5394919305802,291.4535217285156,291.6854248046875,122.90306091308594,123.45233917236328,66.07775115966797,0,9.538399696350098,-0.3613606309407114,-1.53171364310922,-0.14833133318376757,1.5309586564444468,-0.18834913576438017,BFA
1,2010,DHS 2010,116,Tougouri,BFA.4.2.6_1,Centre-Nord,tougouri,1551.0457518912856,294.4808044433594,294.6899719238281,116.78687286376953,116.5453872680664,128.63796997070313,0,9.290324211120605,-0.29520398545023746,-0.8303109597709857,-0.14833133318376757,0.1621456381358903,-0.2920429217315787,BFA
2,2021,DHS 2021,116,Tougouri,BFA.4.2.6_1,Centre-Nord,tougouri,1551.0457518912856,294.4808044433594,294.6899719238281,116.78687286376953,116.5453872680664,82.1675796508789,0.0016469581751152873,9.48657512664795,-0.29520398545023746,-1.351320270249139,-0.13451690379998388,1.2450047839329579,-0.2920429217315787,BFA
1,2010,DHS 2010,117,Yalgo,BFA.4.2.7_1,Centre-Nord,yalgo,577.2948205355633,283.8096618652344,283.5792541503906,68.95855712890625,69.11568450927734,131.6460723876953,0.061248406767845154,9.338960647583008,-0.5284055272347997,-0.7965851968639291,0.3507026180033288,0.4305082590223764,-1.1029236688558957,BFA
2,2021,DHS 2021,117,Yalgo,BFA.4.2.7_1,Centre-Nord,yalgo,577.2948205355633,283.8096618652344,283.5792541503906,68.95855712890625,69.11568450927734,71.62158966064453,0.044769443571567535,9.526656150817871,-0.5284055272347997,-1.4695581188083224,0.21932709351737117,1.466160967987885,-1.1029236688558957,BFA
1,2010,DHS 2010,118,Zeguedeguin,BFA.4.2.8_1,Centre-Nord,zeguedeguin,378.26466262403494,298.9774169921875,299.0799255371094,123.03936767578125,122.9140853881836,152.03758239746094,0,9.21812915802002,-0.19693737796022875,-0.5679629172429187,-0.14833133318376757,-0.23620701831519242,-0.1860381923854582,BFA
2,2021,DHS 2021,118,Zeguedeguin,BFA.4.2.8_1,Centre-Nord,zeguedeguin,378.26466262403494,298.9774169921875,299.0799255371094,123.03936767578125,122.9140853881836,108.58102416992188,0,9.437228202819824,-0.19693737796022875,-1.05518222575441,-0.14833133318376757,0.9727218871085037,-0.1860381923854582,BFA
1,2010,DHS 2010,119,Barsalogho,BFA.4.3.1_1,Centre-Nord,barsalogho,1811.2956547856643,312.1298828125,311.9671630859375,196.70982360839844,198.7257537841797,136.54147338867188,0,9.299205780029297,0.09048969792320104,-0.741699720704182,-0.14833133318376757,0.2111517184181673,1.0629699198547389,BFA
2,2021,DHS 2021,119,Barsalogho,BFA.4.3.1_1,Centre-Nord,barsalogho,1811.2956547856643,312.1298828125,311.9671630859375,196.70982360839844,198.7257537841797,82.9969253540039,0,9.507468223571777,0.09048969792320104,-1.3420219443698136,-0.14833133318376757,1.360287207085983,1.0629699198547389,BFA
1,2010,DHS 2010,120,Boussouma,BFA.4.3.2_1,Centre-Nord,boussouma,773.0582628711381,314.4775695800781,313.9649658203125,137.23785400390625,137.31381225585938,132.97369384765625,0.005664713215082884,9.236223220825195,0.14179481073733713,-0.7817003823256883,-0.1009116648281257,-0.13636890372315533,0.05468279109237055,BFA
2,2021,DHS 2021,120,Boussouma,BFA.4.3.2_1,Centre-Nord,boussouma,773.0582628711381,314.4775695800781,313.9649658203125,137.23785400390625,137.31381225585938,108.47117614746094,0.00977928563952446,9.445748329162598,0.14179481073733713,-1.0564138022926286,-0.06663549053742575,1.0197336256720024,0.05468279109237055,BFA
1,2010,DHS 2010,121,Dablo,BFA.4.3.3_1,Centre-Nord,dablo,536.5550518503969,323.0160217285156,323.1741943359375,234.76597595214844,234.66836547851563,135.22470092773438,0,9.308125495910645,0.3283896566867386,-0.756462900165513,-0.14833133318376757,0.2603682833145634,1.7081735146508423,BFA
2,2021,DHS 2021,121,Dablo,BFA.4.3.3_1,Centre-Nord,dablo,536.5550518503969,323.0160217285156,323.1741943359375,234.76597595214844,234.66836547851563,79.03641510009766,0,9.529375076293945,0.3283896566867386,-1.3864257615602424,-0.14833133318376757,1.4811632588592232,1.7081735146508423,BFA
1,2010,DHS 2010,122,Kaya,BFA.4.3.4_1,Centre-Nord,kaya,909.8110513710485,322.36163330078125,322.1556701660156,124.44732666015625,125.18152618408203,136.75054931640625,0.039878714829683304,9.263460159301758,0.3140889958946638,-0.7393556365637912,0.17993769313691493,0.013917110757874544,-0.16216767100855364,BFA
2,2021,DHS 2021,122,Kaya,BFA.4.3.4_1,Centre-Nord,kaya,909.8110513710485,322.36163330078125,322.1556701660156,124.44732666015625,125.18152618408203,101.41157531738281,0.09086677432060242,9.475757598876953,0.3140889958946638,-1.1355635089212153,0.5817817842939403,1.185316609484137,-0.16216767100855364,BFA
1,2010,DHS 2010,123,Korsimoro,BFA.4.3.5_1,Centre-Nord,korsimoro,605.739244270225,296.23211669921875,296.6452331542969,141.96151733398438,141.9744873046875,134.49966430664063,0.003599518910050392,9.23062515258789,-0.2569317277962341,-0.7645917501155062,-0.11816852506712858,-0.16725752084513168,0.13476772804668327,BFA
2,2021,DHS 2021,123,Korsimoro,BFA.4.3.5_1,Centre-Nord,korsimoro,605.739244270225,296.23211669921875,296.6452331542969,141.96151733398438,141.9744873046875,127.72718048095703,0.0037198413629084826,9.439374923706055,-0.2569317277962341,-0.8405224041074222,-0.11716213123307737,0.9845669087680555,0.13476772804668327,BFA
1,2010,DHS 2010,124,Mane,BFA.4.3.6_1,Centre-Nord,mane,727.7714018989041,308.9107666015625,309.14105224609375,134.97872924804688,134.85635375976563,147.05860900878906,3.5070398007519543e-4,9.246779441833496,0.020140824025368872,-0.6237853769698036,-0.14538777707168932,-0.07812254888105029,0.01638161444142305,BFA
2,2021,DHS 2021,124,Mane,BFA.4.3.6_1,Centre-Nord,mane,727.7714018989041,308.9107666015625,309.14105224609375,134.97872924804688,134.85635375976563,122.28105163574219,0.04088030755519867,9.459328651428223,0.020140824025368872,-0.901582442873873,0.18801947589191118,1.0946661482983981,0.01638161444142305,BFA
1,2010,DHS 2010,125,Namissiguima,BFA.4.3.7_1,Centre-Nord,namissiguima,410.2652804586151,331.2824401855469,331.6033020019531,189.20838928222656,192.01296997070313,137.19395446777344,0,9.279040336608887,0.5090396213088746,-0.7343843374077837,-0.14833133318376757,0.09988428927946365,0.9357906835080079,BFA
2,2021,DHS 2021,125,Namissiguima,BFA.4.3.7_1,Centre-Nord,namissiguima,410.2652804586151,331.2824401855469,331.6033020019531,189.20838928222656,192.01296997070313,88.60405731201172,0,9.495573997497559,0.5090396213088746,-1.2791567965822466,-0.14833133318376757,1.294658104403651,0.9357906835080079,BFA
1,2010,DHS 2010,126,Pensa,BFA.4.3.8_1,Centre-Nord,pensa,947.20319810899,298.1421813964844,297.9960632324219,190.14630126953125,190.33909606933594,129.82882690429688,0,9.34133243560791,-0.2151901777185785,-0.8169594999364612,-0.14833133318376757,0.44359513990523075,0.9516920331858537,BFA
2,2021,DHS 2021,126,Pensa,BFA.4.3.8_1,Centre-Nord,pensa,947.20319810899,298.1421813964844,297.9960632324219,190.14630126953125,190.33909606933594,67.15579986572266,0,9.534886360168457,-0.2151901777185785,-1.5196269485680767,-0.14833133318376757,1.5115730234840787,0.9516920331858537,BFA
1,2010,DHS 2010,127,Pibaore,BFA.4.3.9_1,Centre-Nord,pibaore,429.50811838325274,327.9991455078125,328.0062561035156,104.9188003540039,104.89800262451172,150.60324096679688,0,9.220000267028809,0.4372882249260481,-0.584044237727583,-0.14833133318376757,-0.22588274799265107,-0.49325409456469266,BFA
2,2021,DHS 2021,127,Pibaore,BFA.4.3.9_1,Centre-Nord,pibaore,429.50811838325274,327.9991455078125,328.0062561035156,104.9188003540039,104.89800262451172,123.64822387695313,0,9.427499771118164,0.4372882249260481,-0.8862541991944927,-0.14833133318376757,0.919043048392783,-0.49325409456469266,BFA
1,2010,DHS 2010,128,Pissila,BFA.4.3.10_1,Centre-Nord,pissila,1562.78488556018,310.81451416015625,310.4959411621094,127.35992431640625,127.58943176269531,134.02325439453125,0,9.273996353149414,0.06174432267440158,-0.7699330867839691,-0.14833133318376757,0.07205296117756704,-0.11278752187963542,BFA
2,2021,DHS 2021,128,Pissila,BFA.4.3.10_1,Centre-Nord,pissila,1562.78488556018,310.81451416015625,310.4959411621094,127.35992431640625,127.58943176269531,89.11761474609375,0.0011593755334615707,9.474647521972656,0.06174432267440158,-1.2733989752517065,-0.1386043029638475,1.1791915072132715,-0.11278752187963542,BFA
1,2010,DHS 2010,129,Ziga,BFA.4.3.11_1,Centre-Nord,ziga,595.0603815940045,317.1370544433594,317.3078308105469,134.28903198242188,134.40396118164063,147.13018798828125,0,9.220001220703125,0.19991379527243705,-0.6229828591838912,-0.14833133318376757,-0.2258774858772981,0.004688494467475526,BFA
2,2021,DHS 2021,129,Ziga,BFA.4.3.11_1,Centre-Nord,ziga,595.0603815940045,317.1370544433594,317.3078308105469,134.28903198242188,134.40396118164063,127.7497329711914,1.9003546913154423e-4,9.427501678466797,0.19991379527243705,-0.8402695536943805,-0.14673618448994016,0.9190535726234889,0.004688494467475526,BFA
1,2010,DHS 2010,130,Bingo,BFA.5.1.1_1,Centre-Ouest,bingo,251.37762335257852,326.7445068359375,326.39581298828125,79.463958740234375,79.60015869140625,163.06710815429688,0,9.162130355834961,0.40987001075434737,-0.444303839496402,-0.14833133318376757,-0.5451931697266628,-0.9248152036810431,BFA
2,2021,DHS 2021,130,Bingo,BFA.5.1.1_1,Centre-Ouest,bingo,251.37762335257852,326.7445068359375,326.39581298828125,79.463958740234375,79.60015869140625,158.88082885742188,0,9.368891716003418,0.40987001075434737,-0.4912388980341686,-0.14833133318376757,0.5956597493755669,-0.9248152036810431,BFA
1,2010,DHS 2010,131,Imasgho,BFA.5.1.2_1,Centre-Ouest,imasgho,216.26267338436017,297.1872863769531,297.58160400390625,27.62203025817871,28.39009666442871,179.5840301513672,0,9.18073558807373,-0.23605795163939275,-0.2591220477858219,-0.14833133318376757,-0.44253456130542984,-1.8037426978652553,BFA
2,2021,DHS 2021,131,Imasgho,BFA.5.1.2_1,Centre-Ouest,imasgho,216.26267338436017,297.1872863769531,297.58160400390625,27.62203025817871,28.39009666442871,160.4291534423828,0,9.41418743133545,-0.23605795163939275,-0.47387963939969274,-0.14833133318376757,0.8455891801805737,-1.8037426978652553,BFA
1,2010,DHS 2010,132,Kindi,BFA.5.1.3_1,Centre-Ouest,kindi,265.3672390305042,321.8203430175781,322.2111511230469,87.12201690673828,87.621246337890625,158.20375061035156,0,9.181960105895996,0.3022599225155177,-0.49883005593531865,-0.14833133318376757,-0.43577800519220705,-0.7949805684411134,BFA
2,2021,DHS 2021,132,Kindi,BFA.5.1.3_1,Centre-Ouest,kindi,265.3672390305042,321.8203430175781,322.2111511230469,87.12201690673828,87.621246337890625,145.75099182128906,0.0015026448527351022,9.411375045776367,0.3022599225155177,-0.6384459107966117,-0.13572647323483486,0.8300712020046438,-0.7949805684411134,BFA
1,2010,DHS 2010,133,Kokologho,BFA.5.1.4_1,Centre-Ouest,kokologho,299.7961945813826,326.005126953125,326.1670227050781,53.80918884277344,55.00300216674805,175.4922637939453,0.010849105194211006,9.162273406982422,0.39371199136944846,-0.3049974612231958,-0.057746306759164985,-0.5444038524237161,-1.3597658947544433,BFA
2,2021,DHS 2021,133,Kokologho,BFA.5.1.4_1,Centre-Ouest,kokologho,299.7961945813826,326.005126953125,326.1670227050781,53.80918884277344,55.00300216674805,160.23377990722656,0.011176477186381817,9.369319915771484,0.39371199136944846,-0.47607009724041405,-0.05502803644389732,0.5980224391690537,-1.3597658947544433,BFA
1,2010,DHS 2010,134,Koudougou,BFA.5.1.5_1,Centre-Ouest,koudougou,585.9432673183493,298.2452087402344,298.15167236328125,26.156312942504883,26.68108558654785,191.36744689941406,0.19121254980564117,9.173749923706055,-0.21293867229330946,-0.12701061526450694,1.3205126642010716,-0.4810795562659881,-1.8285924533656417,BFA
2,2021,DHS 2021,134,Koudougou,BFA.5.1.5_1,Centre-Ouest,koudougou,585.9432673183493,298.2452087402344,298.15167236328125,26.156312942504883,26.68108558654785,166.50204467773438,0.35540899634361267,9.4037504196167,-0.21293867229330946,-0.4057925660318247,2.404539437163295,0.7880005897575908,-1.8285924533656417,BFA
1,2010,DHS 2010,135,Nandiala,BFA.5.1.6_1,Centre-Ouest,nandiala,213.24867380581622,312.218017578125,312.6802673339844,56.7125129699707,57.20549011230469,168.45643615722656,5.370851722545922e-4,9.173749923706055,0.09241574877277955,-0.38388063135413775,-0.1438238477719367,-0.4810795562659881,-1.3105429689366792,BFA
2,2021,DHS 2021,135,Nandiala,BFA.5.1.6_1,Centre-Ouest,nandiala,213.24867380581622,312.218017578125,312.6802673339844,56.7125129699707,57.20549011230469,163.63543701171875,0,9.4037504196167,0.09241574877277955,-0.4379319406573279,-0.14833133318376757,0.7880005897575908,-1.3105429689366792,BFA
1,2010,DHS 2010,136,Nanoro,BFA.5.1.7_1,Centre-Ouest,nanoro,354.0626420077433,298.50372314453125,298.4633483886719,81.31934356689453,80.35306549072266,157.78598022460938,0.002728146268054843,9.225689888000488,-0.2072892343615991,-0.5035139473146616,-0.12546041071694275,-0.1944889677967889,-0.8933590294183846,BFA
2,2021,DHS 2021,136,Nanoro,BFA.5.1.7_1,Centre-Ouest,nanoro,354.0626420077433,298.50372314453125,298.4633483886719,81.31934356689453,80.35306549072266,136.82969665527344,0.00412609102204442,9.477758407592773,-0.2072892343615991,-0.7384682650533397,-0.11376509332122142,1.1963565274946832,-0.8933590294183846,BFA
1,2010,DHS 2010,137,Pella,BFA.5.1.8_1,Centre-Ouest,pella,203.76685444088952,316.0735778808594,315.8175964355469,95.51068115234375,95.53944396972656,158.2526092529297,0,9.224397659301758,0.17667313737558393,-0.4982822703990808,-0.14833133318376757,-0.20161913410007304,-0.6527592456464806,BFA
2,2021,DHS 2021,137,Pella,BFA.5.1.8_1,Centre-Ouest,pella,203.76685444088952,316.0735778808594,315.8175964355469,95.51068115234375,95.53944396972656,136.40582275390625,0,9.47484016418457,0.17667313737558393,-0.743220586855698,-0.14833133318376757,1.180254454514573,-0.6527592456464806,BFA
1,2010,DHS 2010,138,Poa,BFA.5.1.9_1,Centre-Ouest,poa,234.38571249413687,324.62615966796875,324.2821960449219,41.6378059387207,42.13348388671875,175.73757934570313,0.0010942977387458086,9.173749923706055,0.363576765022823,-0.3022470714461515,-0.13914999987063117,-0.4810795562659881,-1.5661193887283125,BFA
2,2021,DHS 2021,138,Poa,BFA.5.1.9_1,Centre-Ouest,poa,234.38571249413687,324.62615966796875,324.2821960449219,41.6378059387207,42.13348388671875,165.49697875976563,0,9.4037504196167,0.363576765022823,-0.41706100378976196,-0.14833133318376757,0.7880005897575908,-1.5661193887283125,BFA
1,2010,DHS 2010,139,Ramongo,BFA.5.1.10_1,Centre-Ouest,ramongo,167.11496903163524,301.5734558105469,300.9624328613281,20.207429885864258,20.67819595336914,198.38291931152344,0.0017643681494519114,9.173749923706055,-0.14020490994738424,-0.0483556605943212,-0.1335329547013192,-0.4810795562659881,-1.929449752298452,BFA
2,2021,DHS 2021,139,Ramongo,BFA.5.1.10_1,Centre-Ouest,ramongo,167.11496903163524,301.5734558105469,300.9624328613281,20.207429885864258,20.67819595336914,166.97865295410156,6.388055044226348e-4,9.4037504196167,-0.14020490994738424,-0.4004490053746137,-0.14297043277305985,0.7880005897575908,-1.929449752298452,BFA
1,2010,DHS 2010,140,Sabou,BFA.5.1.11_1,Centre-Ouest,sabou,457.85618358403497,312.4935302734375,311.37628173828125,43.36520767211914,42.93778610229492,192.19569396972656,5.236946162767708e-4,9.167847633361816,0.09843665842305474,-0.11772460686132427,-0.14393619855215223,-0.5136467881855642,-1.5368330384431204,BFA
2,2021,DHS 2021,140,Sabou,BFA.5.1.11_1,Centre-Ouest,sabou,457.85618358403497,312.4935302734375,311.37628173828125,43.36520767211914,42.93778610229492,164.1475067138672,0.011143106035888195,9.39708137512207,0.09843665842305474,-0.4321907992423978,-0.0553050870824793,0.751202617094221,-1.5368330384431204,BFA
1,2010,DHS 2010,141,Sigle,BFA.5.1.12_1,Centre-Ouest,sigle,296.9173452058719,335.80389404296875,335.8322448730469,97.74603271484375,97.906890869140625,162.43264770507813,0,9.204323768615723,0.607849097701777,-0.4514171819688474,-0.14833133318376757,-0.31238140016489085,-0.6148611194583519,BFA
2,2021,DHS 2021,141,Sigle,BFA.5.1.12_1,Centre-Ouest,sigle,296.9173452058719,335.80389404296875,335.8322448730469,97.74603271484375,97.906890869140625,146.36431884765625,0,9.420092582702637,0.607849097701777,-0.631569508663857,-0.14833133318376757,0.8781721984462088,-0.6148611194583519,BFA
1,2010,DHS 2010,142,Soaw,BFA.5.1.13_1,Centre-Ouest,soaw,188.86429499331953,301.327392578125,300.9866027832031,61.179317474365234,61.706180572509766,167.32969665527344,0,9.212474822998047,-0.14558224651253365,-0.396513229594886,-0.14833133318376757,-0.26740610024299444,-1.2348128137319558,BFA
2,2021,DHS 2021,142,Soaw,BFA.5.1.13_1,Centre-Ouest,soaw,188.86429499331953,301.327392578125,300.9866027832031,61.179317474365234,61.706180572509766,149.5370330810547,0,9.46160888671875,-0.14558224651253365,-0.5959981772480765,-0.14833133318376757,1.1072478661073668,-1.2348128137319558,BFA
1,2010,DHS 2010,143,Sourgou,BFA.5.1.14_1,Centre-Ouest,sourgou,267.2762952135526,288.6360778808594,287.9369201660156,51.21661376953125,52.94732666015625,211.04110717773438,0,9.173749923706055,-0.4229315681064964,0.09356339122961091,-0.14833133318376757,-0.4810795562659881,-1.403720384475981,BFA
2,2021,DHS 2021,143,Sourgou,BFA.5.1.14_1,Centre-Ouest,sourgou,267.2762952135526,288.6360778808594,287.9369201660156,51.21661376953125,52.94732666015625,160.54209899902344,4.898455808870494e-4,9.4037504196167,-0.4229315681064964,-0.47261333442179376,-0.14422020881445596,0.7880005897575908,-1.403720384475981,BFA
1,2010,DHS 2010,144,Thyou,BFA.5.1.15_1,Centre-Ouest,thyou,291.7288747711206,329.8855895996094,329.48052978515625,87.30183410644531,89.07940673828125,200.70126342773438,0,9.144497871398926,0.47851358270537475,-0.022363219792229112,-0.14833133318376757,-0.6424844204878588,-0.7919319495841889,BFA
2,2021,DHS 2021,144,Thyou,BFA.5.1.15_1,Centre-Ouest,thyou,291.7288747711206,329.8855895996094,329.48052978515625,87.30183410644531,89.07940673828125,164.3111114501953,3.852972004096955e-4,9.370705604553223,0.47851358270537475,-0.4303565217534714,-0.14509748246348944,0.6056682927769296,-0.7919319495841889,BFA
1,2010,DHS 2010,145,Dassa,BFA.5.2.1_1,Centre-Ouest,dassa,245.5655133233572,272.79132080078125,272.3355407714844,103.5389404296875,107.97451782226563,212.2247772216797,0,9.209721565246582,-0.7691945622727051,0.10683427424103481,-0.14833133318376757,-0.28259782726703975,-0.5166482247815967,BFA
2,2021,DHS 2021,145,Dassa,BFA.5.2.1_1,Centre-Ouest,dassa,245.5655133233572,272.79132080078125,272.3355407714844,103.5389404296875,107.97451782226563,155.90806579589844,0.0036381776444613934,9.44021987915039,-0.7691945622727051,-0.5245684487919662,-0.1178451648475684,0.9892291429707933,-0.5166482247815967,BFA
1,2010,DHS 2010,146,Didyr,BFA.5.2.2_1,Centre-Ouest,didyr,633.9735390785287,285.61065673828125,285.7615966796875,76.3424301147461,76.73323822021484,204.28485107421875,0,9.22872257232666,-0.48904753177500904,0.017814676624886987,-0.14833133318376757,-0.17775544097432128,-0.9777375662002993,BFA
2,2021,DHS 2021,146,Didyr,BFA.5.2.2_1,Centre-Ouest,didyr,633.9735390785287,285.61065673828125,285.7615966796875,76.3424301147461,76.73323822021484,151.41873168945313,0.0014872208703309298,9.48674488067627,-0.48904753177500904,-0.5749012489085024,-0.13585576043559816,1.2459414404657878,-0.9777375662002993,BFA
1,2010,DHS 2010,147,Godyr,BFA.5.2.3_1,Centre-Ouest,godyr,248.14710700653956,290.3049011230469,290.3808898925781,90.26483154296875,90.55455017089844,203.26675415039063,0,9.233696937561035,-0.3864619820059593,0.006400139913811936,-0.14833133318376757,-0.150308247293192,-0.7416973231262011,BFA
2,2021,DHS 2021,147,Godyr,BFA.5.2.3_1,Centre-Ouest,godyr,248.14710700653956,290.3049011230469,290.3808898925781,90.26483154296875,90.55455017089844,138.0667266845703,4.3931780965067446e-4,9.498628616333008,-0.3864619820059593,-0.7245991290687042,-0.14464417985346725,1.311512659879237,-0.7416973231262011,BFA
1,2010,DHS 2010,148,Kordie,BFA.5.2.4_1,Centre-Ouest,kordie,456.77103985406285,287.7891845703125,287.0119323730469,51.110267639160156,50.7984504699707,180.1154022216797,0,9.218631744384766,-0.44143912943844,-0.25316449515810574,-0.14833133318376757,-0.2334338835241734,-1.4055233756188665,BFA
2,2021,DHS 2021,148,Kordie,BFA.5.2.4_1,Centre-Ouest,kordie,456.77103985406285,287.7891845703125,287.0119323730469,51.110267639160156,50.7984504699707,154.8884735107422,7.805660716257989e-4,9.470951080322266,-0.44143912943844,-0.5359997509566801,-0.14178123220682698,1.1587955481051317,-1.4055233756188665,BFA
1,2010,DHS 2010,149,Kyon,BFA.5.2.5_1,Centre-Ouest,kyon,191.6746706993615,279.66619873046875,279.185302734375,59.84002685546875,61.36532211303711,205.98240661621094,0.007226882968097925,9.209375381469727,-0.6189545930242121,0.036847059102088076,-0.08788162664037596,-0.28450797514017045,-1.2575191323840207,BFA
2,2021,DHS 2021,149,Kyon,BFA.5.2.5_1,Centre-Ouest,kyon,191.6746706993615,279.66619873046875,279.185302734375,59.84002685546875,61.36532211303711,150.4529571533203,0.0302926953881979,9.439374923706055,-0.6189545930242121,-0.5857291658182784,0.10219262181075366,0.9845669087680555,-1.2575191323840207,BFA
1,2010,DHS 2010,150,Pouni,BFA.5.2.6_1,Centre-Ouest,pouni,675.6610529821137,291.11419677734375,290.4482727050781,77.27433776855469,77.99271392822266,236.0858154296875,0,9.136706352233887,-0.3687760600946115,0.374355656749062,-0.14833133318376757,-0.6854759029216828,-0.9619380139275364,BFA
2,2021,DHS 2021,150,Pouni,BFA.5.2.6_1,Centre-Ouest,pouni,675.6610529821137,291.11419677734375,290.4482727050781,77.27433776855469,77.99271392822266,159.70623779296875,0.0038518705405294895,9.358275413513184,-0.3687760600946115,-0.48198470977768804,-0.11605795952631816,0.5370818812662244,-0.9619380139275364,BFA
1,2010,DHS 2010,151,Réo,BFA.5.2.7_1,Centre-Ouest,réo,434.12810482360453,297.15997314453125,296.5214538574219,33.15781021118164,34.701229095458984,195.39207458496094,0.04472146928310394,9.189048767089844,-0.23665484066653014,-0.08188793648030182,0.21894160999488702,-0.39666470177352725,-1.7098891444787874,BFA
2,2021,DHS 2021,151,Réo,BFA.5.2.7_1,Centre-Ouest,réo,434.12810482360453,297.15997314453125,296.5214538574219,33.15781021118164,34.701229095458984,158.5102081298828,0.10218484699726105,9.419048309326172,-0.23665484066653014,-0.49539416439571804,0.6684311210897733,0.8724101821346987,-1.7098891444787874,BFA
1,2010,DHS 2010,152,Tenado,BFA.5.2.8_1,Centre-Ouest,tenado,901.9721152895569,275.70074462890625,274.97064208984375,68.65387725830078,69.63899993896484,217.17884826660156,0.002621058141812682,9.207727432250977,-0.7056135429529625,0.16237753784201706,-0.1263569907716765,-0.2936009104701151,-1.108089208083325,BFA
2,2021,DHS 2021,152,Tenado,BFA.5.2.8_1,Centre-Ouest,tenado,901.9721152895569,275.70074462890625,274.97064208984375,68.65387725830078,69.63899993896484,153.04713439941406,0.0019222121918573976,9.437726974487305,-0.7056135429529625,-0.5566441831240652,-0.13221033140050453,0.9754739734381108,-1.108089208083325,BFA
1,2010,DHS 2010,153,Zamo,BFA.5.2.9_1,Centre-Ouest,zamo,664.704803404127,272.3061828613281,272.4853820800781,118.04031372070313,117.59584045410156,251.53811645507813,0,9.174307823181152,-0.7797965118418705,0.5476013008491326,-0.14833133318376757,-0.4780012187844964,-0.27079209901432416,BFA
2,2021,DHS 2021,153,Zamo,BFA.5.2.9_1,Centre-Ouest,zamo,664.704803404127,272.3061828613281,272.4853820800781,118.04031372070313,117.59584045410156,166.7324981689453,0.0012404832523316145,9.3988189697265625,-0.7797965118418705,-0.4032088043348227,-0.13792423996723702,0.7607901912673456,-0.27079209901432416,BFA
1,2010,DHS 2010,154,Zawara,BFA.5.2.10_1,Centre-Ouest,zawara,678.5260362278714,269.6029357910156,269.6561279296875,101.21780395507813,100.941650390625,265.90447998046875,1.233364764630096e-5,9.137499809265137,-0.8388718526506185,0.7086718040863125,-0.14822779593355684,-0.6810978229480058,-0.5560007474408212,BFA
2,2021,DHS 2021,154,Zawara,BFA.5.2.10_1,Centre-Ouest,zawara,678.5260362278714,269.6029357910156,269.6561279296875,101.21780395507813,100.941650390625,188.04457092285156,0,9.356249809265137,-0.8388718526506185,-0.16426550616252247,-0.14833133318376757,0.5259051482565007,-0.5560007474408212,BFA
1,2010,DHS 2010,155,Bieha,BFA.5.3.1_1,Centre-Ouest,bieha,1623.4918369077475,316.6180725097656,316.2471008300781,175.42831420898438,176.81082153320313,251.2478485107422,0,9.098435401916504,0.18857223684171265,0.5443469210065802,-0.14833133318376757,-0.8966445920366594,0.7021634399152591,BFA
2,2021,DHS 2021,155,Bieha,BFA.5.3.1_1,Centre-Ouest,bieha,1623.4918369077475,316.6180725097656,316.2471008300781,175.42831420898438,176.81082153320313,205.49331665039063,4.6424235915765166e-4,9.296415328979492,0.18857223684171265,0.03136355822981073,-0.1444350389769098,0.1957547688953559,0.7021634399152591,BFA
1,2010,DHS 2010,156,Boura,BFA.5.3.2_1,Centre-Ouest,boura,1029.070175909224,292.8857727050781,292.4181823730469,186.85348510742188,185.2910919189453,281.49530029296875,0,9.091028213500977,-0.33006097080483243,0.8834704766367163,-0.14833133318376757,-0.9375154419832336,0.8958656636252801,BFA
2,2021,DHS 2021,156,Boura,BFA.5.3.2_1,Centre-Ouest,boura,1029.070175909224,292.8857727050781,292.4181823730469,186.85348510742188,185.2910919189453,241.9277801513672,0,9.294820785522461,-0.33006097080483243,0.4398536650621444,-0.14833133318376757,0.18695651202517796,0.8958656636252801,BFA
1,2010,DHS 2010,157,Leo,BFA.5.3.3_1,Centre-Ouest,leo,809.4631380037682,334.2415466308594,334.3782043457031,130.15586853027344,130.6880645751953,257.5842590332031,0.013609415851533413,9.072110176086426,0.5737063784344045,0.6153884778881359,-0.034854128887776156,-1.041900024240243,-0.06538511394985058,BFA
2,2021,DHS 2021,157,Leo,BFA.5.3.3_1,Centre-Ouest,leo,809.4631380037682,334.2415466308594,334.3782043457031,130.15586853027344,130.6880645751953,218.51666259765625,0.021876493468880653,9.272745132446289,0.5737063784344045,0.17737663118669356,0.03333640114469124,0.06514906583446091,-0.06538511394985058,BFA
1,2010,DHS 2010,158,Nebielianayou,BFA.5.3.4_1,Centre-Ouest,nebielianayou,411.05959463943793,298.3877258300781,297.9353332519531,115.1243667602539,116.2798080444336,217.92361450195313,0,9.106559753417969,-0.20982417871036915,0.1707275891344073,-0.14833133318376757,-0.8518166313446462,-0.32022903221037247,BFA
2,2021,DHS 2021,158,Nebielianayou,BFA.5.3.4_1,Centre-Ouest,nebielianayou,411.05959463943793,298.3877258300781,297.9353332519531,115.1243667602539,116.2798080444336,171.23837280273438,0,9.327784538269043,-0.20982417871036915,-0.35269055777191494,-0.14833133318376757,0.3688415292008361,-0.32022903221037247,BFA
1,2010,DHS 2010,159,Niabouri,BFA.5.3.5_1,Centre-Ouest,niabouri,525.3045787479566,278.8319091796875,278.92822265625,214.6400909423828,213.40896606445313,295.6642150878906,0,9.1221284866333,-0.6371867184140241,1.0423272556893497,-0.14833133318376757,-0.7659125982072928,1.3669594781013386,BFA
2,2021,DHS 2021,159,Niabouri,BFA.5.3.5_1,Centre-Ouest,niabouri,525.3045787479566,278.8319091796875,278.92822265625,214.6400909423828,213.40896606445313,236.5240478515625,0,9.329195022583008,-0.6371867184140241,0.379268961121564,-0.14833133318376757,0.37662419780788947,1.3669594781013386,BFA
1,2010,DHS 2010,160,Silly,BFA.5.3.6_1,Centre-Ouest,silly,1128.8775702252688,292.6006164550781,292.6934509277344,140.3865966796875,138.6851348876953,251.5624237060547,0,9.113500595092773,-0.3362926256311696,0.5478738250087912,-0.14833133318376757,-0.8135189558056779,0.10806654032564302,BFA
2,2021,DHS 2021,160,Silly,BFA.5.3.6_1,Centre-Ouest,silly,1128.8775702252688,292.6006164550781,292.6934509277344,140.3865966796875,138.6851348876953,200.86251831054688,1.0412770643597469e-4,9.329718589782715,-0.3362926256311696,-0.02055528801616363,-0.14745725262630754,0.37951309913667397,0.10806654032564302,BFA
1,2010,DHS 2010,161,Tô,BFA.5.3.7_1,Centre-Ouest,tô,1203.9847577161408,322.674072265625,322.47119140625,117.35212707519531,117.8398666381836,272.42822265625,0,9.069192886352539,0.3209168728330242,0.7818136617262668,-0.14833133318376757,-1.0579968351050004,-0.2824596079511606,BFA
2,2021,DHS 2021,161,Tô,BFA.5.3.7_1,Centre-Ouest,tô,1203.9847577161408,322.674072265625,322.47119140625,117.35212707519531,117.8398666381836,209.1640167236328,0,9.271620750427246,0.3209168728330242,0.07251812785941339,-0.14833133318376757,0.05894503183330075,-0.2824596079511606,BFA
1,2010,DHS 2010,162,Bakata,BFA.5.4.1_1,Centre-Ouest,bakata,625.5231629700885,332.6910095214844,332.7520751953125,153.35147094726563,153.32798767089844,200.57102966308594,0,9.116250991821289,0.5398217553161965,-0.02382335394331909,-0.14833133318376757,-0.7983430151276916,0.3278728782854682,BFA
2,2021,DHS 2021,162,Bakata,BFA.5.4.1_1,Centre-Ouest,bakata,625.5231629700885,332.6910095214844,332.7520751953125,153.35147094726563,153.32798767089844,165.244873046875,0,9.331250190734863,0.5398217553161965,-0.4198875224124109,-0.14833133318376757,0.3879640563935554,0.3278728782854682,BFA
1,2010,DHS 2010,163,Bougnounou,BFA.5.4.2_1,Centre-Ouest,bougnounou,512.9937499613679,341.79803466796875,342.4197082519531,123.12928009033203,121.86614227294922,207.49282836914063,0,9.107789993286133,0.7388418967567674,0.0537813648096386,-0.14833133318376757,-0.8450285025393056,-0.18451381828265984,BFA
2,2021,DHS 2021,163,Bougnounou,BFA.5.4.2_1,Centre-Ouest,bougnounou,512.9937499613679,341.79803466796875,342.4197082519531,123.12928009033203,121.86614227294922,165.8279571533203,0,9.32807731628418,0.7388418967567674,-0.4133501930256972,-0.14833133318376757,0.3704569986142001,-0.18451381828265984,BFA
1,2010,DHS 2010,164,Cassou,BFA.5.4.3_1,Centre-Ouest,cassou,1175.1054853987916,330.8036804199219,330.63592529296875,147.5843505859375,147.2887725830078,252.58714294433594,0,9.09738826751709,0.4985770569985603,0.5593626087288379,-0.14833133318376757,-0.9024223946942284,0.23009718212101327,BFA
2,2021,DHS 2021,164,Cassou,BFA.5.4.3_1,Centre-Ouest,cassou,1175.1054853987916,330.8036804199219,330.63592529296875,147.5843505859375,147.2887725830078,192.46124267578125,0,9.307178497314453,0.4985770569985603,-0.11474737023198403,-0.14833133318376757,0.255143002769057,0.23009718212101327,BFA
1,2010,DHS 2010,165,Dalo,BFA.5.4.4_1,Centre-Ouest,dalo,324.8050197652483,328.3511962890625,327.91741943359375,68.77980041503906,70.06583404541016,204.13096618652344,0,9.106249809265137,0.44498175768253617,0.01608937458461254,-0.14833133318376757,-0.8535268188343639,-1.1059543082473735,BFA
2,2021,DHS 2021,165,Dalo,BFA.5.4.4_1,Centre-Ouest,dalo,324.8050197652483,328.3511962890625,327.91741943359375,68.77980041503906,70.06583404541016,174.23605346679688,0,9.3274993896484375,0.44498175768253617,-0.31908163981215715,-0.14833133318376757,0.36726815671029595,-1.1059543082473735,BFA
1,2010,DHS 2010,166,Gao,BFA.5.4.5_1,Centre-Ouest,gao,579.880176908813,324.12322998046875,323.61846923828125,158.73443603515625,160.4440155029297,217.79135131835938,0,9.106123924255371,0.3525860039421257,0.16924470186766472,-0.14833133318376757,-0.8542214180609569,0.4191356101033722,BFA
2,2021,DHS 2021,166,Gao,BFA.5.4.5_1,Centre-Ouest,gao,579.880176908813,324.12322998046875,323.61846923828125,158.73443603515625,160.4440155029297,181.8521270751953,0,9.327309608459473,0.3525860039421257,-0.23369296044120366,-0.14833133318376757,0.36622099575505346,0.4191356101033722,BFA
1,2010,DHS 2010,167,Sapouy,BFA.5.4.6_1,Centre-Ouest,sapouy,2096.1662944384466,319.1271667480469,318.9438171386719,203.4477081298828,203.18948364257813,207.88308715820313,0,9.1140775680542,0.2434046636944293,0.058156806057239926,-0.14833133318376757,-0.8103353760171267,1.1772039410798694,BFA
2,2021,DHS 2021,167,Sapouy,BFA.5.4.6_1,Centre-Ouest,sapouy,2096.1662944384466,319.1271667480469,318.9438171386719,203.4477081298828,203.18948364257813,182.2234344482422,0.0014785673702135682,9.322084426879883,0.2434046636944293,-0.229529995657065,-0.13592829684198712,0.3373898657360912,1.1772039410798694,BFA
1,2010,DHS 2010,168,Doulougou,BFA.6.1.1_1,Centre-Sud,doulougou,544.8562260525613,316.471923828125,316.3771057128906,132.49571228027344,132.94027709960938,177.51107788085938,1.2884782336186618e-5,9.145304679870605,0.18537838036019205,-0.28236324343058194,-0.1482231693539508,-0.6380326708992401,-0.025715428346199935,BFA
2,2021,DHS 2021,168,Doulougou,BFA.6.1.1_1,Centre-Sud,doulougou,544.8562260525613,316.471923828125,316.3771057128906,132.49571228027344,132.94027709960938,151.76315307617188,0.0016942040529102087,9.353506088256836,0.18537838036019205,-0.5710397201377463,-0.13412094794318286,0.5107660423859851,-0.025715428346199935,BFA
1,2010,DHS 2010,169,Gaongo,BFA.6.1.2_1,Centre-Sud,gaongo,627.415169772363,277.8201904296875,278.93115234375,181.99542236328125,183.53021240234375,161.1719970703125,0,9.182342529296875,-0.6592962882773298,-0.46555114369055234,-0.14833133318376757,-0.4336678969356632,0.8135021204601149,BFA
2,2021,DHS 2021,169,Gaongo,BFA.6.1.2_1,Centre-Sud,gaongo,627.415169772363,277.8201904296875,278.93115234375,181.99542236328125,183.53021240234375,144.25038146972656,1.7817302432376891e-4,9.388335227966309,-0.6592962882773298,-0.655270214599165,-0.14683574841847108,0.7029437571920668,0.8135021204601149,BFA
1,2010,DHS 2010,170,Ipelce,BFA.6.1.3_1,Centre-Sud,ipelce,183.14473532190752,315.0833435058594,315.3852844238281,123.59884643554688,122.80225372314453,187.5042724609375,0,9.116250038146973,0.15503307575261877,-0.17032313828389858,-0.14833133318376757,-0.7983482772430446,-0.17655279554995468,BFA
2,2021,DHS 2021,170,Ipelce,BFA.6.1.3_1,Centre-Sud,ipelce,183.14473532190752,315.0833435058594,315.3852844238281,123.59884643554688,122.80225372314453,153.23870849609375,0.0031187485437840223,9.331249237060547,0.15503307575261877,-0.554496323221671,-0.12219096028369683,0.38795879427820246,-0.17655279554995468,BFA
1,2010,DHS 2010,171,Kayao,BFA.6.1.4_1,Centre-Sud,kayao,676.4819166178984,318.13262939453125,317.8227233886719,130.40272521972656,133.2921142578125,178.45486450195313,0,9.146553993225098,0.22167056704037325,-0.27178184711971876,-0.14833133318376757,-0.6311392997868399,-0.06119990830961777,BFA
2,2021,DHS 2021,171,Kayao,BFA.6.1.4_1,Centre-Sud,kayao,676.4819166178984,318.13262939453125,317.8227233886719,130.40272521972656,133.2921142578125,154.2903289794922,0,9.355544090270996,0.22167056704037325,-0.5427059324121841,-0.14833133318376757,0.5220111828952975,-0.06119990830961777,BFA
1,2010,DHS 2010,172,Kombissiri,BFA.6.1.5_1,Centre-Sud,kombissiri,598.9460344492321,310.0401306152344,309.88018798828125,128.4579620361328,130.17059326171875,165.39816284179688,0.011967967264354229,9.166046142578125,0.04482135165360704,-0.41816889233838045,-0.048459685185158995,-0.5235869240873382,-0.09417140226801511,BFA
2,2021,DHS 2021,172,Kombissiri,BFA.6.1.5_1,Centre-Sud,kombissiri,598.9460344492321,310.0401306152344,309.88018798828125,128.4579620361328,130.17059326171875,143.06019592285156,0.02078910917043686,9.36936092376709,0.04482135165360704,-0.6686141470871578,0.024398746150165573,0.5982487101292318,-0.09417140226801511,BFA
1,2010,DHS 2010,173,Sapone,BFA.6.1.6_1,Centre-Sud,sapone,672.6464721764418,315.0487976074219,315.98382568359375,105.49014282226563,109.29910278320313,167.81048583984375,7.822656189091504e-4,9.155799865722656,0.15427812784343495,-0.3911227940979095,-0.14176697607222205,-0.5801230914397256,-0.4835675605437965,BFA
2,2021,DHS 2021,173,Sapone,BFA.6.1.6_1,Centre-Sud,sapone,672.6464721764418,315.0487976074219,315.98382568359375,105.49014282226563,109.29910278320313,146.82254028320313,0.0015625462401658297,9.364468574523926,0.15427812784343495,-0.6264320946559797,-0.13522438555927155,0.5712540583684584,-0.4835675605437965,BFA
1,2010,DHS 2010,174,Toece,BFA.6.1.7_1,Centre-Sud,toece,659.659777730617,303.9299621582031,303.2941589355469,135.97291564941406,137.47915649414063,166.4419708251953,0.002499672118574381,9.1431245803833,-0.08870705866526749,-0.40646609247035326,-0.12737339373005407,-0.6500618665961461,0.033237039925992765,BFA
2,2021,DHS 2021,174,Toece,BFA.6.1.7_1,Centre-Sud,toece,659.659777730617,303.9299621582031,303.2941589355469,135.97291564941406,137.47915649414063,160.6718292236328,0.005718469154089689,9.3431243896484375,-0.08870705866526749,-0.4711588457806025,-0.10046295105385121,0.453482654653475,0.033237039925992765,BFA
1,2010,DHS 2010,175,Guiaro,BFA.6.2.1_1,Centre-Sud,guiaro,1559.535653798098,298.38690185546875,298.4403991699219,184.49462890625,184.47445678710938,234.88006591796875,0,9.098295211791992,-0.2098421854184504,0.3608372266823801,-0.14833133318376757,-0.897418122993547,0.8558736411303123,BFA
2,2021,DHS 2021,175,Guiaro,BFA.6.2.1_1,Centre-Sud,guiaro,1559.535653798098,298.38690185546875,298.4403991699219,184.49462890625,184.47445678710938,199.71009826660156,3.0685204546898603e-4,9.306748390197754,-0.2098421854184504,-0.033475807261748945,-0.1457557821082692,0.2527697887448643,0.8558736411303123,BFA
1,2010,DHS 2010,176,Pô,BFA.6.2.2_1,Centre-Sud,pô,1617.9368849928455,278.6051025390625,280.928466796875,154.9417266845703,154.72589111328125,249.65130615234375,0.018261181190609932,9.108363151550293,-0.6421432315421638,0.5264470620302831,0.0035838261775609087,-0.8418659712121663,0.3548340568377876,BFA
2,2021,DHS 2021,176,Pô,BFA.6.2.2_1,Centre-Sud,pô,1617.9368849928455,278.6051025390625,280.928466796875,154.9417266845703,154.72589111328125,199.96099853515625,0.017965838313102722,9.31640911102295,-0.6421432315421638,-0.030662803647645544,0.0011486069042445158,0.30607501727052366,0.3548340568377876,BFA
1,2010,DHS 2010,177,Tiébélé,BFA.6.2.3_1,Centre-Sud,tiébélé,379.4094408498784,258.6556701660156,257.63018798828125,138.36349487304688,139.36312866210938,245.08261108398438,0.004265573341399431,9.163084983825684,-1.0781076423877383,0.47522449533848987,-0.11259906657006902,-0.5399257922583325,0.07376689420029331,BFA
2,2021,DHS 2021,177,Tiébélé,BFA.6.2.3_1,Centre-Sud,tiébélé,379.4094408498784,258.6556701660156,257.63018798828125,138.36349487304688,139.36312866210938,189.5428924560547,2.813057217281312e-4,9.345047950744629,-1.0781076423877383,-0.14746686376859985,-0.1459701740616203,0.46409634132043004,0.07376689420029331,BFA
1,2010,DHS 2010,178,Zecco,BFA.6.2.4_1,Centre-Sud,zecco,62.88170551642748,236.9195098876953,237.45616149902344,114.45437622070313,114.79497528076172,243.58819580078125,0,9.164999008178711,-1.5531182658772524,0.45846964841529714,-0.14833133318376757,-0.5293647267449072,-0.33158804456382546,BFA
2,2021,DHS 2021,178,Zecco,BFA.6.2.4_1,Centre-Sud,zecco,62.88170551642748,236.9195098876953,237.45616149902344,114.45437622070313,114.79497528076172,187.3675994873047,0.009212080389261246,9.349398612976074,-1.5531182658772524,-0.17185546653126973,-0.07135224810841216,0.4881021115607122,-0.33158804456382546,BFA
1,2010,DHS 2010,179,Ziou,BFA.6.2.5_1,Centre-Sud,ziou,257.23415795285985,233.53602600097656,233.13388061523438,140.07424926757813,141.3863067626953,246.69728088378906,0,9.177138328552246,-1.6270591445797349,0.49332759267114257,-0.14833133318376757,-0.46238326041685995,0.1027710056825743,BFA
2,2021,DHS 2021,179,Ziou,BFA.6.2.5_1,Centre-Sud,ziou,257.23415795285985,233.53602600097656,233.13388061523438,140.07424926757813,141.3863067626953,189.7333984375,0.0021325929556041956,9.352845191955566,-1.6270591445797349,-0.14533097919023333,-0.13044781081416718,0.5071193964463719,0.1027710056825743,BFA
1,2010,DHS 2010,180,Bere,BFA.6.3.1_1,Centre-Sud,bere,279.18017712363746,289.56060791015625,289.6318359375,116.8847427368164,118.0234375,165.3489532470703,0.0017180736176669598,9.144735336303711,-0.40272737472423153,-0.41872061262394167,-0.13392091020633798,-0.6411741537649676,-0.2903836369635942,BFA
2,2021,DHS 2021,180,Bere,BFA.6.3.1_1,Centre-Sud,bere,279.18017712363746,289.56060791015625,289.6318359375,116.8847427368164,118.0234375,148.3429718017578,0,9.345009803771973,-0.40272737472423153,-0.609385563054684,-0.14833133318376757,0.46388585670631094,-0.2903836369635942,BFA
1,2010,DHS 2010,181,Binde,BFA.6.3.2_1,Centre-Sud,binde,505.76477771602055,278.639404296875,277.7716369628906,75.65758514404297,75.67616271972656,170.7732391357422,0,9.17763900756836,-0.641393618953893,-0.3579054692338571,-0.14833133318376757,-0.45962064985654694,-0.9893484204186779,BFA
2,2021,DHS 2021,181,Binde,BFA.6.3.2_1,Centre-Sud,binde,505.76477771602055,278.639404296875,277.7716369628906,75.65758514404297,75.67616271972656,151.33383178710938,4.4394846190698445e-4,9.38353157043457,-0.641393618953893,-0.5758531160926459,-0.14460532384549163,0.6764384821591205,-0.9893484204186779,BFA
1,2010,DHS 2010,182,Gogo,BFA.6.3.3_1,Centre-Sud,gogo,997.0004499187273,278.13690185546875,277.6919860839844,159.5272216796875,162.25418090820313,217.091552734375,0,9.169145584106445,-0.6523750432229926,0.16139881171684003,-0.14833133318376757,-0.5064850491901621,0.4325764893371425,BFA
2,2021,DHS 2021,182,Gogo,BFA.6.3.3_1,Centre-Sud,gogo,997.0004499187273,278.13690185546875,277.6919860839844,159.5272216796875,162.25418090820313,190.84458923339844,2.6477331994101405e-4,9.362401962280273,-0.6523750432229926,-0.13287270745211668,-0.1461089215581456,0.5598510543985569,0.4325764893371425,BFA
1,2010,DHS 2010,183,Gomboussougou,BFA.6.3.4_1,Centre-Sud,gomboussougou,784.7789203398017,258.6125793457031,258.3995056152344,162.770263671875,162.7686309814453,233.3810272216797,0,9.181197166442871,-1.0790493265288756,0.3440305437137532,-0.14833133318376757,-0.4399876974745889,0.4875589881597733,BFA
2,2021,DHS 2021,183,Gomboussougou,BFA.6.3.4_1,Centre-Sud,gomboussougou,784.7789203398017,258.6125793457031,258.3995056152344,162.770263671875,162.7686309814453,207.376708984375,8.297605672851205e-4,9.362576484680176,-1.0790493265288756,0.052479476011771616,-0.14136858895900997,0.5608140215081516,0.4875589881597733,BFA
1,2010,DHS 2010,184,Guiba,BFA.6.3.5_1,Centre-Sud,guiba,277.3486084742692,303.8363952636719,303.73748779296875,93.60667419433594,94.824066162109375,192.15231323242188,0.0024461792781949043,9.142692565917969,-0.09075182040515935,-0.11821097609290586,-0.12782134500227257,-0.6524456048510447,-0.6850397589975679,BFA
2,2021,DHS 2021,184,Guiba,BFA.6.3.5_1,Centre-Sud,guiba,277.3486084742692,303.8363952636719,303.73748779296875,93.60667419433594,94.824066162109375,177.90481567382813,0.0018798557575792074,9.342808723449707,-0.09075182040515935,-0.27794879684186186,-0.13256522840638332,0.4517408944716395,-0.6850397589975679,BFA
1,2010,DHS 2010,185,Manga,BFA.6.3.6_1,Centre-Sud,manga,246.07327910448208,287.06072998046875,287.0713806152344,76.25474548339844,76.74095916748047,196.75897216796875,0.04557066410779953,9.1515045166015625,-0.457358393212484,-0.0665627721699572,0.2257624543559602,-0.603823658989535,-0.9792241704907925,BFA
2,2021,DHS 2021,185,Manga,BFA.6.3.6_1,Centre-Sud,manga,246.07327910448208,287.06072998046875,287.0713806152344,76.25474548339844,76.74095916748047,177.81735229492188,0.22359004616737366,9.352934837341309,-0.457358393212484,-0.2789294048036718,1.545638542045512,0.5076140352895518,-0.9792241704907925,BFA
1,2010,DHS 2010,186,Nobere,BFA.6.3.7_1,Centre-Sud,nobere,590.8382940287471,288.871337890625,287.8136901855469,118.2708969116211,119.31471252441406,194.75730895996094,0,9.131882667541504,-0.41779031949174544,-0.08900470047389797,-0.14833133318376757,-0.7120916823770417,-0.26688279409206067,BFA
2,2021,DHS 2021,186,Nobere,BFA.6.3.7_1,Centre-Sud,nobere,590.8382940287471,288.871337890625,287.8136901855469,118.2708969116211,119.31471252441406,179.90126037597656,4.302612505853176e-4,9.334920883178711,-0.41779031949174544,-0.2555653765495992,-0.14472017436115833,0.4082179383871648,-0.26688279409206067,BFA
1,2010,DHS 2010,187,Bilanga,BFA.8.1.1_1,Est,bilanga,2124.819498774629,287.9493713378906,288.0050964355469,118.40337371826172,119.48373413085938,184.3440399169922,5.069398321211338e-4,9.173320770263672,-0.43793849200442425,-0.20575452948461262,-0.14407677833343532,-0.48344750817482784,-0.26463678374662236,BFA
2,2021,DHS 2021,187,Bilanga,BFA.8.1.1_1,Est,bilanga,2124.819498774629,287.9493713378906,288.0050964355469,118.40337371826172,119.48373413085938,137.5190887451172,5.504442960955203e-4,9.374921798706055,-0.43793849200442425,-0.7307390487737562,-0.14371176221510734,0.628932104752442,-0.26463678374662236,BFA
1,2010,DHS 2010,188,Bogandé,BFA.8.1.2_1,Est,bogandé,1518.280554839277,294.89263916015625,294.5408020019531,140.88998413085938,141.69061279296875,151.16578674316406,0.0052799140103161335,9.246793746948242,-0.2862039659851883,-0.5777371767143159,-0.10412437702701773,-0.07804361715075563,0.11660096572255738,BFA
2,2021,DHS 2021,188,Bogandé,BFA.8.1.2_1,Est,bogandé,1518.280554839277,294.89263916015625,294.5408020019531,140.88998413085938,141.69061279296875,95.51200866699219,0.0023552163038402796,9.46077823638916,-0.2862039659851883,-1.201707329351505,-0.12858312762283927,1.1026645636349235,0.11660096572255738,BFA
1,2010,DHS 2010,189,Koalla,BFA.8.1.3_1,Est,koalla,1964.8615780980008,276.92181396484375,275.4322509765625,148.5047149658203,156.40699768066406,141.84263610839844,0,9.303849220275879,-0.6789289354067938,-0.6822649900223744,-0.14833133318376757,0.23677295807181345,0.2457010298526193,BFA
2,2021,DHS 2021,189,Koalla,BFA.8.1.3_1,Est,koalla,1964.8615780980008,276.92181396484375,275.4322509765625,148.5047149658203,156.40699768066406,82.62518310546875,7.34402856323868e-5,9.498872756958008,-0.6789289354067938,-1.346189784821592,-0.14771484298253248,1.3128597614095994,0.2457010298526193,BFA
1,2010,DHS 2010,190,Liptougou,BFA.8.1.4_1,Est,liptougou,1329.3494178947565,271.1338806152344,271.0373840332031,211.61195373535156,211.3319854736328,152.21826171875,0,9.275251388549805,-0.8054153890356754,-0.5659372056456069,-0.14833133318376757,0.0789779049820851,1.3156204726794396,BFA
2,2021,DHS 2021,190,Liptougou,BFA.8.1.4_1,Est,liptougou,1329.3494178947565,271.1338806152344,271.0373840332031,211.61195373535156,211.3319854736328,90.108612060546875,0,9.478888511657715,-0.8054153890356754,-1.2622882696188196,-0.14833133318376757,1.2025921341879613,1.3156204726794396,BFA
1,2010,DHS 2010,191,Mani,BFA.8.1.5_1,Est,mani,459.0102530522312,281.1193542480469,281.46337890625,90.32450103759766,90.98973846435547,140.58665466308594,0.0030777095817029476,9.30875015258789,-0.5871980960351609,-0.6963466024704726,-0.12253440803130303,0.2638149688707635,-0.7406856871603134,BFA
2,2021,DHS 2021,191,Mani,BFA.8.1.5_1,Est,mani,459.0102530522312,281.1193542480469,281.46337890625,90.32450103759766,90.98973846435547,81.970611572265625,0.0023418439086526632,9.5,-0.5871980960351609,-1.353528605537873,-0.12869512251410553,1.3190795817568184,-0.7406856871603134,BFA
1,2010,DHS 2010,192,Piéla,BFA.8.1.6_1,Est,piéla,828.6265707426592,286.5478820800781,286.44525146484375,111.47811889648438,111.64547729492188,174.7803497314453,4.754100227728486e-4,9.226951599121094,-0.4685659017052703,-0.312979185763706,-0.14434133325806148,-0.1875271891848,-0.3820474790142328,BFA
2,2021,DHS 2021,192,Piéla,BFA.8.1.6_1,Est,piéla,828.6265707426592,286.5478820800781,286.44525146484375,111.47811889648438,111.64547729492188,130.04029846191406,3.499204758554697e-4,9.447389602661133,-0.4685659017052703,-0.814588556855037,-0.14539435209043644,1.0287897261944763,-0.3820474790142328,BFA
1,2010,DHS 2010,193,Thion,BFA.8.1.7_1,Est,thion,335.98118969398973,290.63458251953125,291.23724365234375,125.24443054199219,125.70746612548828,142.3520965576172,0,9.286730766296387,-0.37925729802812114,-0.6765531026132834,-0.14833133318376757,0.14231798748587207,-0.14865358042627388,BFA
2,2021,DHS 2021,193,Thion,BFA.8.1.7_1,Est,thion,335.98118969398973,290.63458251953125,291.23724365234375,125.24443054199219,125.70746612548828,88.26700592041016,0,9.485271453857422,-0.37925729802812114,-1.2829356956172115,-0.14833133318376757,1.2378114722454379,-0.14865358042627388,BFA
1,2010,DHS 2010,194,Diabo,BFA.8.2.1_1,Est,diabo,679.7859525236913,305.03546142578125,305.0377197265625,110.67445373535156,111.26980590820313,218.66551208496094,0.0030450322665274143,9.117795944213867,-0.06454805865627114,0.17904547812798036,-0.12280788869747278,-0.7898183882558685,-0.3956728094546718,BFA
2,2021,DHS 2021,194,Diabo,BFA.8.2.1_1,Est,diabo,679.7859525236913,305.03546142578125,305.0377197265625,110.67445373535156,111.26980590820313,157.22903442382813,0,9.313460350036621,-0.06454805865627114,-0.5097582234148121,-0.14833133318376757,0.289804556599118,-0.3956728094546718,BFA
1,2010,DHS 2010,195,Diapangou,BFA.8.2.2_1,Est,diapangou,465.08082163961336,307.112060546875,307.257568359375,52.92530822753906,53.0419807434082,210.5093994140625,0.007598055060952902,9.141423225402832,-0.01916715280086286,0.08760207492862891,-0.08478865622221125,-0.6594494803858575,-1.374751197135215,BFA
2,2021,DHS 2021,195,Diapangou,BFA.8.2.2_1,Est,diapangou,465.08082163961336,307.112060546875,307.257568359375,52.92530822753906,53.0419807434082,149.3192596435547,0.0036236613523215055,9.330438613891602,-0.01916715280086286,-0.5984397747412641,-0.11796658462572086,0.38348599622817175,-1.374751197135215,BFA
1,2010,DHS 2010,196,Fada N'gourma,BFA.8.2.3_1,Est,fada n'gourma,3442.988875818827,286.44952392578125,286.140869140625,102.4200668334961,103.51678466796875,214.9254608154297,0.019567927345633507,9.124493598937988,-0.470715369118079,0.1371133678168658,0.014349997644951236,-0.7528625521319093,-0.5356175956172087,BFA
2,2021,DHS 2021,196,Fada N'gourma,BFA.8.2.3_1,Est,fada n'gourma,3442.988875818827,286.44952392578125,286.140869140625,102.4200668334961,103.51678466796875,160.62875366210938,0.022599248215556145,9.330961227416992,-0.470715369118079,-0.47164179349103336,0.039271757134609606,0.3863696354416033,-0.5356175956172087,BFA
1,2010,DHS 2010,197,Matiacoali,BFA.8.2.4_1,Est,matiacoali,4455.797518378081,264.2897033691406,264.87811279296875,181.62643432617188,180.41183471679688,194.45692443847656,0,9.136606216430664,-0.9549844416793638,-0.0923725037425983,-0.14833133318376757,-0.6860284250337455,0.8072463012740531,BFA
2,2021,DHS 2021,197,Matiacoali,BFA.8.2.4_1,Est,matiacoali,4455.797518378081,264.2897033691406,264.87811279296875,181.62643432617188,180.41183471679688,141.7618865966797,0,9.356573104858398,-0.9549844416793638,-0.6831703245188675,-0.14833133318376757,0.5276890053611599,0.8072463012740531,BFA
1,2010,DHS 2010,198,Tibga,BFA.8.2.5_1,Est,tibga,768.578443471793,306.0089111328125,305.6811218261719,82.6789779663086,83.134033203125,186.30404663085938,9.164575603790581e-4,9.119660377502441,-0.043274800346071965,-0.1837796388177516,-0.1406414242689715,-0.779530952740798,-0.87030780253169,BFA
2,2021,DHS 2021,198,Tibga,BFA.8.2.5_1,Est,tibga,768.578443471793,306.0089111328125,305.6811218261719,82.6789779663086,83.134033203125,137.6571502685547,0,9.305355072021484,-0.043274800346071965,-0.729191152605149,-0.14833133318376757,0.24508183821416452,-0.87030780253169,BFA
1,2010,DHS 2010,199,Yamba,BFA.8.2.6_1,Est,yamba,1408.7727372110994,293.0138244628906,292.2838439941406,100.42666625976563,99.90880584716797,208.9150848388672,0,9.134968757629395,-0.327262594985985,0.06972719305673243,-0.14833133318376757,-0.6950634770948074,-0.5694136873613794,BFA
2,2021,DHS 2021,199,Yamba,BFA.8.2.6_1,Est,yamba,1408.7727372110994,293.0138244628906,292.2838439941406,100.42666625976563,99.90880584716797,157.55331420898438,0,9.331645965576172,-0.327262594985985,-0.5061225150400067,-0.14833133318376757,0.39014783426504096,-0.5694136873613794,BFA
1,2010,DHS 2010,200,Bartiébougou,BFA.8.3.1_1,Est,bartiébougou,902.859344235574,264.5763244628906,265.0939025878906,206.86302185058594,207.12071228027344,134.400390625,0,9.296961784362793,-0.9487207749275489,-0.7657047709458508,-0.14833133318376757,0.19876996099261188,1.2351071329225416,BFA
2,2021,DHS 2021,200,Bartiébougou,BFA.8.3.1_1,Est,bartiébougou,902.859344235574,264.5763244628906,265.0939025878906,206.86302185058594,207.12071228027344,84.048553466796875,0,9.455547332763672,-0.9487207749275489,-1.330231468022298,-0.14833133318376757,1.0738018609238436,1.2351071329225416,BFA
1,2010,DHS 2010,201,Foutouri,BFA.8.3.2_1,Est,foutouri,1321.3170408976787,267.4605407714844,267.4873962402344,257.7115173339844,257.48443603515625,139.521484375,0,9.224656105041504,-0.8856906274920694,-0.7082889088190536,-0.14833133318376757,-0.20019310083941622,2.0971919748035717,BFA
2,2021,DHS 2021,201,Foutouri,BFA.8.3.2_1,Est,foutouri,1321.3170408976787,267.4605407714844,267.4873962402344,257.7115173339844,257.48443603515625,89.87178802490234,0,9.429893493652344,-0.8856906274920694,-1.2649434555698438,-0.14833133318376757,0.9322509579287558,2.0971919748035717,BFA
1,2010,DHS 2010,202,Gayéri,BFA.8.3.3_1,Est,gayéri,2904.824529837815,280.44183349609375,280.37286376953125,135.55670166015625,134.99569702148438,179.3214111328125,0,9.253227233886719,-0.6020042784837386,-0.26206643781211475,-0.14833133318376757,-0.0425453869795712,0.0261805524585289,BFA
2,2021,DHS 2021,202,Gayéri,BFA.8.3.3_1,Est,gayéri,2904.824529837815,280.44183349609375,280.37286376953125,135.55670166015625,134.99569702148438,116.240478515625,4.8131635412573814e-4,9.438740730285645,-0.6020042784837386,-0.9693071771518748,-0.1442917747898229,0.9810676020583257,0.0261805524585289,BFA
1,2010,DHS 2010,203,Kompienga,BFA.8.4.1_1,Est,kompienga,686.2694180259679,201.916748046875,200.01425170898438,122.05012512207031,121.21546173095703,289.8778381347656,3.7179276114329696e-4,9.255518913269043,-2.318050227777005,0.9774524774538796,-0.14521080595712166,-0.0299005237863669,-0.20280979993039167,BFA
2,2021,DHS 2021,203,Kompienga,BFA.8.4.1_1,Est,kompienga,686.2694180259679,201.916748046875,200.01425170898438,122.05012512207031,121.21546173095703,200.31507873535156,7.517372141592205e-4,9.367022514343262,-2.318050227777005,-0.02669298373246769,-0.14202305798314133,0.5853460032837315,-0.20280979993039167,BFA
1,2010,DHS 2010,204,Madjoari,BFA.8.4.2_1,Est,madjoari,1264.7991813289616,191.46792602539063,191.97193908691406,186.90452575683594,185.0870819091797,258.44232177734375,0,9.143169403076172,-2.5463932929552033,0.6250087689077485,-0.14833133318376757,-0.6498145471745561,0.8967310062428212,BFA
2,2021,DHS 2021,204,Madjoari,BFA.8.4.2_1,Est,madjoari,1264.7991813289616,191.46792602539063,191.97193908691406,186.90452575683594,185.0870819091797,193.066162109375,0,9.30943775177002,-2.5463932929552033,-0.10796523100693294,-0.14833133318376757,0.2676089540402601,0.8967310062428212,BFA
1,2010,DHS 2010,205,Pama,BFA.8.4.3_1,Est,pama,4997.3168274292175,210.8279266357422,210.7899627685547,248.64112854003906,252.76290893554688,234.19960021972656,0.0021039529237896204,9.19381046295166,-2.1233100140812993,0.3532080898964565,-0.13068772851038923,-0.3703909598161119,1.9434127013975218,BFA
2,2021,DHS 2021,205,Pama,BFA.8.4.3_1,Est,pama,4997.3168274292175,210.8279266357422,210.7899627685547,248.64112854003906,252.76290893554688,170.7987518310547,0.002018504310399294,9.3591890335083,-2.1233100140812993,-0.3576194300656529,-0.1314035727403472,0.5421229877743765,1.9434127013975218,BFA
1,2010,DHS 2010,206,Botou,BFA.8.5.1_1,Est,botou,1816.8153447121106,245.7245330810547,245.80819702148438,207.0049285888672,207.31321716308594,182.5290069580078,0,9.194822311401367,-1.360697916406013,-0.22610402652880163,-0.14833133318376757,-0.3648078554266031,1.2375130182269158,BFA
2,2021,DHS 2021,206,Botou,BFA.8.5.1_1,Est,botou,1816.8153447121106,245.7245330810547,245.80819702148438,207.0049285888672,207.31321716308594,134.14120483398438,0,9.402477264404297,-1.360697916406013,-0.7686106688591975,-0.14833133318376757,0.7809756657613662,1.2375130182269158,BFA
1,2010,DHS 2010,207,Diapaga,BFA.8.5.2_1,Est,diapaga,3895.7671806535473,267.0328369140625,267.3297424316406,276.0157470703125,277.859375,240.23374938964844,0.0015603604260832071,9.091689109802246,-0.8950374428164609,0.4208608011542347,-0.13524270631505889,-0.9338687960436203,2.4075216875705587,BFA
2,2021,DHS 2021,207,Diapaga,BFA.8.5.2_1,Est,diapaga,3895.7671806535473,267.0328369140625,267.3297424316406,276.0157470703125,277.859375,181.48411560058594,0.0027019577100872993,9.294794082641602,-0.8950374428164609,-0.23781897279691405,-0.12567966183603507,0.1868091727952946,2.4075216875705587,BFA
1,2010,DHS 2010,208,Kantchari,BFA.8.5.3_1,Est,kantchari,3614.4200030571783,266.99578857421875,267.1725769042969,202.0105438232422,201.24075317382813,190.29794311523438,3.30606970237568e-4,9.14654541015625,-0.8958470777650026,-0.13900150721342874,-0.14555642899303528,-0.6311866588250167,1.152838272985484,BFA
2,2021,DHS 2021,208,Kantchari,BFA.8.5.3_1,Est,kantchari,3614.4200030571783,266.99578857421875,267.1725769042969,202.0105438232422,201.24075317382813,131.5044403076172,9.599854820407927e-4,9.365983963012695,-0.8958470777650026,-0.7981731248300004,-0.14027636075853941,0.5796155596643393,1.152838272985484,BFA
1,2010,DHS 2010,209,Logobou,BFA.8.5.4_1,Est,logobou,2475.255206627061,212.64129638671875,210.57754516601563,268.3917541503906,270.2215270996094,248.8700714111328,0,9.09192180633545,-2.083681584542733,0.5176881389603761,-0.14833133318376757,-0.9325848398974939,2.278264594152351,BFA
2,2021,DHS 2021,209,Logobou,BFA.8.5.4_1,Est,logobou,2475.255206627061,212.64129638671875,210.57754516601563,268.3917541503906,270.2215270996094,207.04786682128906,0,9.2855863571167,-2.083681584542733,0.048792615895762226,-0.14833133318376757,0.1360034490622994,2.278264594152351,BFA
1,2010,DHS 2010,210,Namounou,BFA.8.5.5_1,Est,namounou,56.10004077970927,252.82962036132813,252.2039794921875,159.17149353027344,163.76405334472656,236.55079650878906,0,9.095000267028809,-1.2054270729941559,0.37956885745042873,-0.14833133318376757,-0.9155987315380834,0.4265454781435,BFA
2,2021,DHS 2021,210,Namounou,BFA.8.5.5_1,Est,namounou,56.10004077970927,252.82962036132813,252.2039794921875,159.17149353027344,163.76405334472656,173.16468811035156,0,9.292500495910645,-1.2054270729941559,-0.33109340304009865,-0.14833133318376757,0.17415378537138435,0.4265454781435,BFA
1,2010,DHS 2010,211,Partiaga,BFA.8.5.6_1,Est,partiaga,1647.7967562628885,251.11734008789063,251.74429321289063,181.17828369140625,180.34877014160156,202.41648864746094,0,9.124818801879883,-1.2428463462171997,-0.003132731240398597,-0.14833133318376757,-0.7510681707965441,0.7996483602644328,BFA
2,2021,DHS 2021,211,Partiaga,BFA.8.5.6_1,Est,partiaga,1647.7967562628885,251.11734008789063,251.74429321289063,181.17828369140625,180.34877014160156,150.19100952148438,0.039253029972314835,9.340123176574707,-1.2428463462171997,-0.5886660284980395,0.1748851339284801,0.43692277763765563,0.7996483602644328,BFA
1,2010,DHS 2010,212,Tambaga,BFA.8.5.7_1,Est,tambaga,790.4835511465262,221.59274291992188,220.73524475097656,232.4704132080078,238.9563751220703,229.44122314453125,0,9.1259002685546875,-1.8880613763539458,0.2998588767334039,-0.14833133318376757,-0.7451009319862679,1.6692545687410942,BFA
2,2021,DHS 2021,212,Tambaga,BFA.8.5.7_1,Est,tambaga,790.4835511465262,221.59274291992188,220.73524475097656,232.4704132080078,238.9563751220703,177.13624572753906,0,9.337446212768555,-1.8880613763539458,-0.286565726784012,-0.14833133318376757,0.4221520198418485,1.6692545687410942,BFA
1,2010,DHS 2010,213,Tansarga,BFA.8.5.8_1,Est,tansarga,592.5737377444276,264.1218566894531,263.2977294921875,207.3695831298828,210.0363311767578,261.26904296875,0,9.091423034667969,-0.9586524748070236,0.6567009507188465,-0.14833133318376757,-0.935336926227101,1.2436953673671236,BFA
2,2021,DHS 2021,213,Tansarga,BFA.8.5.8_1,Est,tansarga,592.5737377444276,264.1218566894531,263.2977294921875,207.3695831298828,210.0363311767578,188.16476440429688,0,9.288844108581543,-0.9586524748070236,-0.16291794005729274,-0.14833133318376757,0.15397883510806964,1.2436953673671236,BFA
1,2010,DHS 2010,214,Bama,BFA.9.1.1_1,Haut-Bassins,bama,1313.3301606299542,331.3399658203125,324.0031433105469,129.8671875,134.57489013671875,364.2081604003906,0.0018847642932087183,8.982468605041504,0.5102967562989907,1.8108173294532268,-0.13252409989346925,-1.5365178189586912,-0.07027940901151238,BFA
2,2021,DHS 2021,214,Bama,BFA.9.1.1_1,Haut-Bassins,bama,1313.3301606299542,331.3399658203125,324.0031433105469,129.8671875,134.57489013671875,248.4306640625,0.002552502788603306,9.259480476379395,0.5102967562989907,0.5127616617314438,-0.12693101095974965,-0.008041696610099461,-0.07027940901151238,BFA
1,2010,DHS 2010,215,Bobo-Dioulasso,BFA.9.1.2_1,Haut-Bassins,bobo dioulasso,1813.337874627832,380.73077392578125,379.3514099121094,94.4488525390625,96.9278335571289,399.2453308105469,0.5247277617454529,9.00363826751709,1.589657519765106,2.2036414884685995,3.392707506565082,-1.4197093823533025,-0.6707614764594686,BFA
2,2021,DHS 2021,215,Bobo-Dioulasso,BFA.9.1.2_1,Haut-Bassins,bobo dioulasso,1813.337874627832,380.73077392578125,379.3514099121094,94.4488525390625,96.9278335571289,300.21551513671875,0.6679344773292542,9.271203994750977,1.589657519765106,1.0933547956755492,4.146305421758407,0.0566454874240497,-0.6707614764594686,BFA
1,2010,DHS 2010,216,Dandé,BFA.9.1.3_1,Haut-Bassins,dandé,239.50169843544958,343.6981201171875,346.9340515136719,132.40264892578125,132.86512756347656,372.97869873046875,0,8.876837730407715,0.7803653655921057,1.9091494522614756,-0.14833133318376757,-2.1193602396851556,-0.02729322345064918,BFA
2,2021,DHS 2021,216,Dandé,BFA.9.1.3_1,Haut-Bassins,dandé,239.50169843544958,343.6981201171875,346.9340515136719,132.40264892578125,132.86512756347656,242.61195373535156,0.0020204861648380756,9.139878273010254,0.7803653655921057,0.4475243733300498,-0.131386969098752,-0.6679741072576806,-0.02729322345064918,BFA
1,2010,DHS 2010,217,Faramana,BFA.9.1.4_1,Haut-Bassins,faramana,216.71312205424363,377.13775634765625,378.361083984375,204.17401123046875,207.74130249023438,361.9570007324219,0,8.893820762634277,1.5111376018890759,1.785578136532476,-0.14833133318376757,-2.025652489479337,1.1895176759834076,BFA
2,2021,DHS 2021,217,Faramana,BFA.9.1.4_1,Haut-Bassins,faramana,216.71312205424363,377.13775634765625,378.361083984375,204.17401123046875,207.74130249023438,208.21099853515625,0.0024380097165703773,9.163541793823242,1.5111376018890759,0.06183323053373947,-0.1278897593554888,-0.5374052390042564,1.1895176759834076,BFA
1,2010,DHS 2010,218,Fo,BFA.9.1.5_1,Haut-Bassins,fo,403.18440199565856,387.74169921875,387.28948974609375,163.99526977539063,164.2342071533203,376.74591064453125,0,8.868914604187012,1.7428705965923459,1.9513860779550085,-0.14833133318376757,-2.163077894037691,0.508327728375447,BFA
2,2021,DHS 2021,218,Fo,BFA.9.1.5_1,Haut-Bassins,fo,403.18440199565856,387.74169921875,387.28948974609375,163.99526977539063,164.2342071533203,216.2394561767578,0,9.129515647888184,1.7428705965923459,0.15184541143572491,-0.14833133318376757,-0.7251522526831312,0.508327728375447,BFA
1,2010,DHS 2010,219,Karankasso-Sambla,BFA.9.1.6_1,Haut-Bassins,karankasso sambla,723.2585954604751,382.3764343261719,371.4322814941406,145.10906982421875,155.07528686523438,378.8597717285156,0,8.873125076293945,1.625620917294026,1.9750859285100288,-0.14833133318376757,-2.1398456547542963,0.18813129888708036,BFA
2,2021,DHS 2021,219,Karankasso-Sambla,BFA.9.1.6_1,Haut-Bassins,karankasso sambla,723.2585954604751,382.3764343261719,371.4322814941406,145.10906982421875,155.07528686523438,291.6138000488281,0,9.1431245803833,1.625620917294026,0.9969154583679047,-0.14833133318376757,-0.6500618665961461,0.18813129888708036,BFA
1,2010,DHS 2010,220,Karankasso-Vigué,BFA.9.1.7_1,Haut-Bassins,karankasso vigué,1973.9995383730375,316.5543212890625,315.57171630859375,139.05868530273438,137.7718048095703,386.4055480957031,0,9.046133041381836,0.187179051168316,2.059686460483903,-0.14833133318376757,-1.18523478433999,0.08555314521828113,BFA
2,2021,DHS 2021,220,Karankasso-Vigué,BFA.9.1.7_1,Haut-Bassins,karankasso vigué,1973.9995383730375,316.5543212890625,315.57171630859375,139.05868530273438,137.7718048095703,346.3388977050781,3.071702376473695e-4,9.2929840087890625,0.187179051168316,1.6104735799911936,-0.14575311178429567,0.1768216778553438,0.08555314521828113,BFA
1,2010,DHS 2010,221,Koundougou,BFA.9.1.8_1,Haut-Bassins,koundougou,394.9292437645114,351.5220642089844,353.5028381347656,162.8030242919922,162.38270568847656,380.494384765625,0,8.893911361694336,0.951345727974616,1.9934126222498842,-0.14833133318376757,-2.0251525885208044,0.4881144113585358,BFA
2,2021,DHS 2021,221,Koundougou,BFA.9.1.8_1,Haut-Bassins,koundougou,394.9292437645114,351.5220642089844,353.5028381347656,162.8030242919922,162.38270568847656,232.35818481445313,0,9.161965370178223,0.951345727974616,0.3325628023487837,-0.14833133318376757,-0.5461035156827277,0.4881144113585358,BFA
1,2010,DHS 2010,222,Lena,BFA.9.1.9_1,Haut-Bassins,lena,582.7802163437723,317.4781188964844,311.6196594238281,119.42286682128906,122.994873046875,388.3175048828125,0,9.040979385375977,0.20736723858784198,2.0811226326455756,-0.14833133318376757,-1.213671255707479,-0.24735230871610592,BFA
2,2021,DHS 2021,222,Lena,BFA.9.1.9_1,Haut-Bassins,lena,582.7802163437723,317.4781188964844,311.6196594238281,119.42286682128906,122.994873046875,294.97906494140625,0,9.30355167388916,0.20736723858784198,1.034645598553762,-0.14833133318376757,0.23513117808168457,-0.24735230871610592,BFA
1,2010,DHS 2010,223,Padéma,BFA.9.1.10_1,Haut-Bassins,padéma,931.7184923831039,308.8735046386719,308.5601501464844,212.7047576904297,212.27984619140625,340.27569580078125,0,8.983306884765625,0.019326520671028375,1.5424951399198625,-0.14833133318376757,-1.5318924195634243,1.3341478591018772,BFA
2,2021,DHS 2021,223,Padéma,BFA.9.1.10_1,Haut-Bassins,padéma,931.7184923831039,308.8735046386719,308.5601501464844,212.7047576904297,212.27984619140625,200.66099548339844,0,9.278231620788574,0.019326520671028375,-0.022814689508072868,-0.14833133318376757,0.09542201546013895,1.3341478591018772,BFA
1,2010,DHS 2010,224,Peni,BFA.9.1.11_1,Haut-Bassins,peni,1276.6699893974992,371.39141845703125,368.24560546875,110.2458267211914,105.00370025634766,380.7967834472656,1.1986612662440166e-4,9.002350807189941,1.3855601535607396,1.9968030075581795,-0.14732514731865362,-1.4268132380798217,-0.40293974721193226,BFA
2,2021,DHS 2021,224,Peni,BFA.9.1.11_1,Haut-Bassins,peni,1276.6699893974992,371.39141845703125,368.24560546875,110.2458267211914,105.00370025634766,348.38720703125,0.011690261773765087,9.191555976867676,1.3855601535607396,1.6334384878030292,-0.05076369892735662,-0.3828306005105501,-0.40293974721193226,BFA
1,2010,DHS 2010,225,Satiri,BFA.9.1.12_1,Haut-Bassins,satiri,1229.7186453703785,329.4935607910156,321.75543212890625,150.73565673828125,154.82350158691406,357.47723388671875,0,9.003817558288574,0.46994639114938946,1.7353526011040166,-0.14833133318376757,-1.4187201046669429,0.2835243925081712,BFA
2,2021,DHS 2021,225,Satiri,BFA.9.1.12_1,Haut-Bassins,satiri,1229.7186453703785,329.4935607910156,321.75543212890625,150.73565673828125,154.82350158691406,232.9735107421875,4.0710196481086314e-4,9.287046432495117,0.46994639114938946,0.33946161544507597,-0.14491450941114867,0.14405974766770754,0.2835243925081712,BFA
1,2010,DHS 2010,226,Toussiana,BFA.9.1.13_1,Haut-Bassins,toussiana,493.035153030161,474.18060302734375,473.44580078125,95.94877624511719,96.63509368896484,370.25439453125,0.0031190109439194202,8.872540473937988,3.631860973279206,1.8786055329485754,-0.12218876434901371,-2.1430713314656713,-0.6453317861869229,BFA
2,2021,DHS 2021,226,Toussiana,BFA.9.1.13_1,Haut-Bassins,toussiana,493.035153030161,474.18060302734375,473.44580078125,95.94877624511719,96.63509368896484,311.3845520019531,0.00359472562558949,9.074779510498047,3.631860973279206,1.2185780218161393,-0.11820861926816266,-1.0271713633672597,-0.6453317861869229,BFA
1,2010,DHS 2010,227,Banzon,BFA.9.2.1_1,Haut-Bassins,banzon,113.87363226554493,344.6609191894531,344.47442626953125,171.6977996826172,169.34202575683594,376.5649719238281,0,8.873125076293945,0.8014058705274769,1.9493574580647186,-0.14833133318376757,-2.1398456547542963,0.6389163370260863,BFA
2,2021,DHS 2021,227,Banzon,BFA.9.2.1_1,Haut-Bassins,banzon,113.87363226554493,344.6609191894531,344.47442626953125,171.6977996826172,169.34202575683594,291.53302001953125,0.0011166532058268785,9.143125534057617,0.8014058705274769,0.9960097817192967,-0.13896253854701038,-0.650056604480793,0.6389163370260863,BFA
1,2010,DHS 2010,228,Djigouera,BFA.9.2.2_1,Haut-Bassins,djigouera,470.53108196463995,423.98101806640625,428.86297607421875,139.5479736328125,139.06971740722656,398.1517028808594,0,8.8442535400390625,2.534825625458683,2.191380125272709,-0.14833133318376757,-2.299150934950329,0.0938485342688254,BFA
2,2021,DHS 2021,228,Djigouera,BFA.9.2.2_1,Haut-Bassins,djigouera,470.53108196463995,423.98101806640625,428.86297607421875,139.5479736328125,139.06971740722656,326.3287658691406,0,9.108220100402832,2.534825625458683,1.3861271753522972,-0.14833133318376757,-0.842655288515113,0.0938485342688254,BFA
1,2010,DHS 2010,229,Kangala,BFA.9.2.3_1,Haut-Bassins,kangala,504.3712414702474,537.71343994140625,535.959716796875,92.48717498779297,93.80074310302734,410.5524597167969,0,8.729018211364746,5.0202742021192055,2.330412952929912,-0.14833133318376757,-2.9349881193966274,-0.7040197364243067,BFA
2,2021,DHS 2021,229,Kangala,BFA.9.2.3_1,Haut-Bassins,kangala,504.3712414702474,537.71343994140625,535.959716796875,92.48717498779297,93.80074310302734,335.04583740234375,0.006862620823085308,8.9679594039917,5.0202742021192055,1.4838598476549316,-0.09091812494213246,-1.6165756419388868,-0.7040197364243067,BFA
1,2010,DHS 2010,230,Kayan,BFA.9.2.4_1,Haut-Bassins,kayan,616.577499752906,350.58428955078125,351.1939697265625,193.67213439941406,194.2698516845703,366.1526794433594,0,8.831585884094238,0.930852093432823,1.8326185779216864,-0.14833133318376757,-2.3690476131839255,1.0114689698951476,BFA
2,2021,DHS 2021,230,Kayan,BFA.9.2.4_1,Haut-Bassins,kayan,616.577499752906,350.58428955078125,351.1939697265625,193.67213439941406,194.2698516845703,216.25852966308594,0,9.081249237060547,0.930852093432823,0.15205925650764787,-0.14833133318376757,-0.9914731728126621,1.0114689698951476,BFA
1,2010,DHS 2010,231,Koloko,BFA.9.2.5_1,Haut-Bassins,koloko,778.9420969479411,460.23077392578125,459.901611328125,130.10255432128906,131.04428100585938,406.8710021972656,0,8.705625534057617,3.3270087392940493,2.2891377746797446,-0.14833133318376757,-3.064062546889806,-0.06628900247173052,BFA
2,2021,DHS 2021,231,Koloko,BFA.9.2.5_1,Haut-Bassins,koloko,778.9420969479411,460.23077392578125,459.901611328125,130.10255432128906,131.04428100585938,311.4407958984375,0.0034664946142584085,8.940625190734863,3.3270087392940493,1.2192086081642257,-0.11928129933820435,-1.7673983921859204,-0.06628900247173052,BFA
1,2010,DHS 2010,232,Kourinion,BFA.9.2.6_1,Haut-Bassins,kourinion,602.5262199243255,467.2917785644531,464.1080627441406,77.3956298828125,77.87679290771484,393.1502380371094,2.5066803209483624e-4,8.872899055480957,3.48131622382356,2.135305499437013,-0.1462273014145024,-2.1410927760929517,-0.9598816287356579,BFA
2,2021,DHS 2021,232,Kourinion,BFA.9.2.6_1,Haut-Bassins,kourinion,602.5262199243255,467.2917785644531,464.1080627441406,77.3956298828125,77.87679290771484,331.5820617675781,0.004931920673698187,9.116620063781738,3.48131622382356,1.4450252404416069,-0.10703085389171738,-0.7963065764860894,-0.9598816287356579,BFA
1,2010,DHS 2010,233,Kourouma,BFA.9.2.7_1,Haut-Bassins,kourouma,1003.44348721659,358.8881530761719,357.9324035644531,170.07083129882813,171.06185913085938,377.9715881347656,0.017102716490626335,8.839783668518066,1.1123203628999843,1.9651279333528355,-0.005972226785062111,-2.3238144696097334,0.6113327326627642,BFA
2,2021,DHS 2021,233,Kourouma,BFA.9.2.7_1,Haut-Bassins,kourouma,1003.44348721659,358.8881530761719,357.9324035644531,170.07083129882813,171.06185913085938,254.90892028808594,0.004240215290337801,9.093354225158691,1.1123203628999843,0.5853935416438761,-0.11281103957072063,-0.924681142637322,0.6113327326627642,BFA
1,2010,DHS 2010,234,Morolaba,BFA.9.2.8_1,Haut-Bassins,morolaba,891.7486637651242,333.8824462890625,333.64569091796875,315.9496154785156,316.97918701171875,372.2523193359375,0,8.82516098022461,0.5658587882865547,1.9010055476184191,-0.14833133318376757,-2.4044984843169335,3.0845600601930787,BFA
2,2021,DHS 2021,234,Morolaba,BFA.9.2.8_1,Haut-Bassins,morolaba,891.7486637651242,333.8824462890625,333.64569091796875,315.9496154785156,316.97918701171875,218.29405212402344,0,9.054551124572754,0.5658587882865547,0.1748808025832663,-0.14833133318376757,-1.1387860921192599,3.0845600601930787,BFA
1,2010,DHS 2010,235,N'dorola,BFA.9.2.9_1,Haut-Bassins,n'dorola,828.5900767464603,361.3070983886719,362.35211181640625,232.6597137451172,232.68019104003906,362.4784240722656,0.005736471153795719,8.830729484558105,1.1651827225055904,1.7914241475706771,-0.10031268938584897,-2.373772992770899,1.6724639679976605,BFA
2,2021,DHS 2021,235,N'dorola,BFA.9.2.9_1,Haut-Bassins,n'dorola,828.5900767464603,361.3070983886719,362.35211181640625,232.6597137451172,232.68019104003906,224.76829528808594,0.001105666160583496,9.079870223999023,1.1651827225055904,0.2474676894925661,-0.13905466967278843,-0.9990821916130672,1.6724639679976605,BFA
1,2010,DHS 2010,236,Orodara,BFA.9.2.10_1,Haut-Bassins,orodara,406.58841273204007,531.9927978515625,530.71234130859375,68.30188751220703,69.65910339355469,391.9727783203125,0.037206362932920456,8.834089279174805,4.895258296316959,2.122104244381007,0.15833651874959023,-2.3552345603823603,-1.114056838427551,BFA
2,2021,DHS 2021,236,Orodara,BFA.9.2.10_1,Haut-Bassins,orodara,406.58841273204007,531.9927978515625,530.71234130859375,68.30188751220703,69.65910339355469,318.6852111816406,0.04690977558493614,9.067525863647461,4.895258296316959,1.3004303880017172,0.23650712599815155,-1.0671950127420045,-1.114056838427551,BFA
1,2010,DHS 2010,237,Samogohiri,BFA.9.2.11_1,Haut-Bassins,samogohiri,455.17765505565615,519.14312744140625,518.563232421875,93.02519989013672,89.66673278808594,385.755126953125,0,8.753993034362793,4.6144483521958275,2.052394172455273,-0.14833133318376757,-2.7971838425328595,-0.6948980680552493,BFA
2,2021,DHS 2021,237,Samogohiri,BFA.9.2.11_1,Haut-Bassins,samogohiri,455.17765505565615,519.14312744140625,518.563232421875,93.02519989013672,89.66673278808594,320.90997314453125,0.0035090467426925898,8.997039794921875,4.6144483521958275,1.3253736193429264,-0.11892532640948435,-1.4561179584805521,-0.6948980680552493,BFA
1,2010,DHS 2010,238,Samorogouan,BFA.9.2.12_1,Haut-Bassins,samorogouan,1168.6809247039882,357.39794921875,358.936767578125,187.2869110107422,189.38204956054688,373.68939208984375,0,8.81214427947998,1.0797542309623913,1.9171174907173827,-0.14833133318376757,-2.47632109676972,0.9032139616974035,BFA
2,2021,DHS 2021,238,Samorogouan,BFA.9.2.12_1,Haut-Bassins,samorogouan,1168.6809247039882,357.39794921875,358.936767578125,187.2869110107422,189.38204956054688,270.3393249511719,0.004852148704230785,9.063515663146973,1.0797542309623913,0.7583936916013791,-0.10769725955395766,-1.0893222078012739,0.9032139616974035,BFA
1,2010,DHS 2010,239,Sindo,BFA.9.2.13_1,Haut-Bassins,sindo,638.593215913305,339.98101806640625,339.7610778808594,245.7043914794922,246.7217559814453,372.3764343261719,0,8.782830238342285,0.6991337708620636,1.9023970802704362,-0.14833133318376757,-2.638067998489534,1.8936232930695154,BFA
2,2021,DHS 2021,239,Sindo,BFA.9.2.13_1,Haut-Bassins,sindo,638.593215913305,339.98101806640625,339.7610778808594,245.7043914794922,246.7217559814453,251.10337829589844,0,9.013788223266602,0.6991337708620636,0.5427271728938069,-0.14833133318376757,-1.3637046886515658,1.8936232930695154,BFA
1,2010,DHS 2010,240,Bekuy,BFA.9.3.1_1,Haut-Bassins,bekuy,584.1217394962982,336.6986389160156,337.75665283203125,138.62612915039063,136.7742156982422,343.59466552734375,0,9.019771575927734,0.6274023819326607,1.579706235347148,-0.14833133318376757,-1.3306901769269865,0.07821959289479741,BFA
2,2021,DHS 2021,240,Bekuy,BFA.9.3.1_1,Haut-Bassins,bekuy,584.1217394962982,336.6986389160156,337.75665283203125,138.62612915039063,136.7742156982422,223.72457885742188,0,9.299495697021484,0.6274023819326607,0.2357659160808841,-0.14833133318376757,0.2127514014854724,0.07821959289479741,BFA
1,2010,DHS 2010,241,Bereba,BFA.9.3.2_1,Haut-Bassins,bereba,590.4047847411632,307.96490478515625,308.11383056640625,176.7792510986328,175.43373107910156,349.6415100097656,0,9.019375801086426,-5.295430216658444e-4,1.6475012818847983,-0.14833133318376757,-1.3328739547984723,0.7250672093155566,BFA
2,2021,DHS 2021,241,Bereba,BFA.9.3.2_1,Haut-Bassins,bereba,590.4047847411632,307.96490478515625,308.11383056640625,176.7792510986328,175.43373107910156,237.30239868164063,0,9.299375534057617,-5.295430216658444e-4,0.3879955508165962,-0.14833133318376757,0.21208837495099725,0.7250672093155566,BFA
1,2010,DHS 2010,242,Boni,BFA.9.3.3_1,Haut-Bassins,boni,379.87374884097346,328.58917236328125,328.81805419921875,159.16720581054688,158.67919921875,385.2178649902344,0.001556295552290976,9.099557876586914,0.4501823617424438,2.0463705844693467,-0.13527677682134442,-0.8904510822662052,0.4264727841896797,BFA
2,2021,DHS 2021,242,Boni,BFA.9.3.3_1,Haut-Bassins,boni,379.87374884097346,328.58917236328125,328.81805419921875,159.16720581054688,158.67919921875,274.33636474609375,0.0010474416194483638,9.34423828125,0.4501823617424438,0.8032070648735549,-0.13954292450757627,0.4596288053857524,0.4264727841896797,BFA
1,2010,DHS 2010,243,Founzan,BFA.9.3.4_1,Haut-Bassins,founzan,801.7494279707657,290.647705078125,290.950927734375,178.9473876953125,179.17877197265625,384.8946228027344,4.3627535342238843e-4,9.10111141204834,-0.37897052452904956,2.0427465092664536,-0.14466970933620066,-0.8818790963562052,0.7618257737009145,BFA
2,2021,DHS 2021,243,Founzan,BFA.9.3.4_1,Haut-Bassins,founzan,801.7494279707657,290.647705078125,290.950927734375,178.9473876953125,179.17877197265625,287.9703369140625,0.0014814167516306043,9.319684028625488,-0.37897052452904956,0.9560662595010081,-0.13590441234617137,0.3241451213926475,0.7618257737009145,BFA
1,2010,DHS 2010,244,Houndé,BFA.9.3.5_1,Haut-Bassins,houndé,1250.2114190635364,325.64892578125,324.99798583984375,166.2386474609375,166.463134765625,371.5953063964844,0.01798846758902073,9.048428535461426,0.38592775815744007,1.893639354732932,0.0013352192596417585,-1.1725688726853736,0.5463619293668124,BFA
2,2021,DHS 2021,244,Houndé,BFA.9.3.5_1,Haut-Bassins,houndé,1250.2114190635364,325.64892578125,324.99798583984375,166.2386474609375,166.463134765625,276.2839050292969,0.06851635128259659,9.313142776489258,0.38592775815744007,0.825042186401407,0.40799797318513353,0.28805227218657664,0.5463619293668124,BFA
1,2010,DHS 2010,245,Koti,BFA.9.3.6_1,Haut-Bassins,koti,677.0726245731772,278.3084411621094,277.8551330566406,205.97474670410156,206.40208435058594,345.7193908691406,1.8150958931073546e-4,9.11845874786377,-0.6486263133665242,1.603527892055136,-0.146807743825895,-0.7861612180855493,1.2200473257065376,BFA
2,2021,DHS 2021,245,Koti,BFA.9.3.6_1,Haut-Bassins,koti,677.0726245731772,278.3084411621094,277.8551330566406,205.97474670410156,206.40208435058594,245.1793670654297,1.8325740529689938e-4,9.335836410522461,-0.6486263133665242,0.4763092886193407,-0.14679307402315717,0.4132695691260229,1.2200473257065376,BFA
1,2010,DHS 2010,246,Koumbia,BFA.9.3.7_1,Haut-Bassins,koumbia,1364.7680978278902,308.4915466308594,308.197265625,156.2097625732422,155.90176391601563,380.2420959472656,0.0010736545082181692,9.055352210998535,0.010979411102702683,1.990584050714545,-0.13932310698634084,-1.134365915222759,0.3763323235651103,BFA
2,2021,DHS 2021,246,Koumbia,BFA.9.3.7_1,Haut-Bassins,koumbia,1364.7680978278902,308.4915466308594,308.197265625,156.2097625732422,155.90176391601563,318.37384033203125,0.001885588513687253,9.30942440032959,0.010979411102702683,1.2969394099715892,-0.132517193787826,0.2675352844253184,0.3763323235651103,BFA
1,2010,DHS 2010,247,Banh,BFA.10.1.1_1,Nord,banh,1103.5412827165658,306.2015075683594,305.9077453613281,185.52127075195313,202.0249786376953,193.861572265625,0,9.323938369750977,-0.039065899060860755,-0.09904737827957284,-0.14833133318376757,0.34761941798227897,0.8732793158667533,BFA
2,2021,DHS 2021,247,Banh,BFA.10.1.1_1,Nord,banh,1103.5412827165658,306.2015075683594,305.9077453613281,185.52127075195313,202.0249786376953,107.13207244873047,0,9.625099182128906,-0.039065899060860755,-1.071427351564167,-0.14833133318376757,2.0093428252989605,0.8732793158667533,BFA
1,2010,DHS 2010,248,Ouindigui,BFA.10.1.2_1,Nord,ouindigui,613.885892716991,335.9848327636719,335.81231689453125,135.92208862304688,135.6628875732422,145.55166625976563,0,9.285524368286133,0.6118032374133944,-0.6406806773362353,-0.14833133318376757,0.13566141156435588,0.03237531907127553,BFA
2,2021,DHS 2021,248,Ouindigui,BFA.10.1.2_1,Nord,ouindigui,613.885892716991,335.9848327636719,335.81231689453125,135.92208862304688,135.6628875732422,95.103271484375,0,9.5155668258667,0.6118032374133944,-1.2062899437047854,-0.14833133318376757,1.4049730906634659,0.03237531907127553,BFA
1,2010,DHS 2010,249,Solle,BFA.10.1.3_1,Nord,solle,379.3618877684787,322.2812805175781,322.4471740722656,180.52610778808594,179.97312927246094,149.85906982421875,0,9.318750381469727,0.31233300839918593,-0.5923876170537292,-0.14833133318376757,0.3189935104620828,0.7885913770607492,BFA
2,2021,DHS 2021,249,Solle,BFA.10.1.3_1,Nord,solle,379.3618877684787,322.2812805175781,322.4471740722656,180.52610778808594,179.97312927246094,99.7666015625,0,9.655000686645508,0.31233300839918593,-1.154006363304139,-0.14833133318376757,2.1743311900762086,0.7885913770607492,BFA
1,2010,DHS 2010,250,Titao,BFA.10.1.4_1,Nord,titao,1606.558780872152,334.99273681640625,335.0432434082031,89.92900085449219,90.41607666015625,153.9228057861328,6.318014347925782e-4,9.262755393981934,0.5901224939684678,-0.5468264703340533,-0.14302919285617421,0.010028407512024367,-0.747390992982542,BFA
2,2021,DHS 2021,250,Titao,BFA.10.1.4_1,Nord,titao,1606.558780872152,334.99273681640625,335.0432434082031,89.92900085449219,90.41607666015625,93.98588562011719,2.524728770367801e-4,9.594565391540527,0.5901224939684678,-1.2188176723222626,-0.1462121540030487,1.8408656780426882,-0.747390992982542,BFA
1,2010,DHS 2010,251,Arbolle,BFA.10.2.1_1,Nord,arbolle,644.9293561050249,327.54949951171875,327.70758056640625,92.25597381591797,92.2286148071289,147.4885711669922,0,9.2227630615234375,0.4274618976346043,-0.6189647958204875,-0.14833133318376757,-0.210638399815076,-0.7079395185890246,BFA
2,2021,DHS 2021,251,Arbolle,BFA.10.2.1_1,Nord,arbolle,644.9293561050249,327.54949951171875,327.70758056640625,92.25597381591797,92.2286148071289,115.44853210449219,0.001959114335477352,9.464498519897461,0.4274618976346043,-0.9781861956141736,-0.13190114715244905,1.1231920756268878,-0.7079395185890246,BFA
1,2010,DHS 2010,252,Bagare,BFA.10.2.2_1,Nord,bagare,465.7454845960466,295.7893371582031,295.9161682128906,124.6431655883789,125.65411376953125,202.6361541748047,0,9.23375129699707,-0.2666079991870009,-6.699203160762378e-4,-0.14833133318376757,-0.1500083067180723,-0.15884741993984502,BFA
2,2021,DHS 2021,252,Bagare,BFA.10.2.2_1,Nord,bagare,465.7454845960466,295.7893371582031,295.9161682128906,124.6431655883789,125.65411376953125,114.02957153320313,0,9.498748779296875,-0.2666079991870009,-0.9940950714328392,-0.14833133318376757,1.3121756864137122,-0.15884741993984502,BFA
1,2010,DHS 2010,253,Bokin,BFA.10.2.3_1,Nord,bokin,799.8778438865795,305.62359619140625,305.7402038574219,116.65554809570313,115.9963150024414,155.84414672851563,5.396202323026955e-4,9.21986198425293,-0.05169527057695085,-0.5252850863969944,-0.14380257802719645,-0.22664575471883278,-0.29426940042750305,BFA
2,2021,DHS 2021,253,Bokin,BFA.10.2.3_1,Nord,bokin,799.8778438865795,305.62359619140625,305.7402038574219,116.65554809570313,115.9963150024414,113.1390151977539,0.0014591229846701026,9.437298774719238,-0.05169527057695085,-1.0040796689169798,-0.13609128818867927,0.9731112836446241,-0.29426940042750305,BFA
1,2010,DHS 2010,254,Gomponsom,BFA.10.2.4_1,Nord,gomponsom,230.68920524527323,311.5704650878906,311.5680847167969,83.10929870605469,82.8846435546875,160.9571075439453,0,9.217766761779785,0.07826447696626765,-0.46796040780886516,-0.14833133318376757,-0.23820662214932375,-0.8630121493691838,BFA
2,2021,DHS 2021,254,Gomponsom,BFA.10.2.4_1,Nord,gomponsom,230.68920524527323,311.5704650878906,311.5680847167969,83.10929870605469,82.8846435546875,118.45813751220703,0,9.544960021972656,0.07826447696626765,-0.9444435817154496,-0.14833133318376757,1.5671567479575772,-0.8630121493691838,BFA
1,2010,DHS 2010,255,Kirsi,BFA.10.2.5_1,Nord,kirsi,220.57387459993512,311.5044250488281,311.35675048828125,87.50128936767578,87.96141815185547,154.5493621826172,0,9.220333099365234,0.07682127265931202,-0.5398017452594127,-0.14833133318376757,-0.224046269734462,-0.7885503872448205,BFA
2,2021,DHS 2021,255,Kirsi,BFA.10.2.5_1,Nord,kirsi,220.57387459993512,311.5044250488281,311.35675048828125,87.50128936767578,87.96141815185547,106.28877258300781,5.415264167822897e-4,9.457745552062988,0.07682127265931202,-1.0808821264981112,-0.14378658473056632,1.085931036812456,-0.7885503872448205,BFA
1,2010,DHS 2010,256,Lâ-Todin,BFA.10.2.6_1,Nord,lâ todin,305.865970553806,298.35943603515625,298.1533203125,67.70259857177734,68.37413024902344,168.32054138183594,0,9.228143692016602,-0.21044240902115838,-0.38540423472257446,-0.14833133318376757,-0.18094954499357846,-1.1242171766350022,BFA
2,2021,DHS 2021,256,Lâ-Todin,BFA.10.2.6_1,Nord,lâ todin,305.865970553806,298.35943603515625,298.1533203125,67.70259857177734,68.37413024902344,119.94407653808594,0.001827324042096734,9.4860076904296875,-0.21044240902115838,-0.9277837675422194,-0.13300540312216272,1.2418738252979364,-1.1242171766350022,BFA
1,2010,DHS 2010,257,Pilimpikou,BFA.10.2.7_1,Nord,pilimpikou,184.72870991526523,324.9298095703125,324.5442199707031,80.65547943115234,80.85208892822266,150.82620239257813,0,9.226874351501465,0.3702125704083168,-0.5815444743748324,-0.14833133318376757,-0.18795342052839115,-0.9046141747879982,BFA
2,2021,DHS 2021,257,Pilimpikou,BFA.10.2.7_1,Nord,pilimpikou,184.72870991526523,324.9298095703125,324.5442199707031,80.65547943115234,80.85208892822266,128.95172119140625,0,9.483125686645508,0.3702125704083168,-0.8267932938758817,-0.14833133318376757,1.225971712701239,-0.9046141747879982,BFA
1,2010,DHS 2010,258,Samba,BFA.10.2.8_1,Nord,samba,355.56302887889296,304.09326171875,303.4302673339844,55.80867004394531,55.97239303588867,164.03082275390625,0,9.227367401123047,-0.08513839588961146,-0.43349901785439365,-0.14833133318376757,-0.18523290689090194,-1.3258667121184669,BFA
2,2021,DHS 2021,258,Samba,BFA.10.2.8_1,Nord,samba,355.56302887889296,304.09326171875,303.4302673339844,55.80867004394531,55.97239303588867,144.0005645751953,3.307293518446386e-4,9.484244346618652,-0.08513839588961146,-0.6580710718131833,-0.145555401969642,1.2321441740102814,-1.3258667121184669,BFA
1,2010,DHS 2010,259,Yako,BFA.10.2.9_1,Nord,yako,788.1146318362394,330.0546569824219,330.0262451171875,70.177398681640625,70.56498718261719,148.86041259765625,0.02071601152420044,9.225010871887207,0.48220829243759944,-0.6035842028675004,0.023797585310023375,-0.1982355939281087,-1.0822594423674228,BFA
2,2021,DHS 2021,259,Yako,BFA.10.2.9_1,Nord,yako,788.1146318362394,330.0546569824219,330.0262451171875,70.177398681640625,70.56498718261719,116.65194702148438,0.028513850644230843,9.49578857421875,0.48220829243759944,-0.9646939401842951,0.0876861975161527,1.2958420803580708,-1.0822594423674228,BFA
1,2010,DHS 2010,260,Barga,BFA.10.3.1_1,Nord,barga,203.18190687014808,348.8948059082031,348.6590576171875,59.68690490722656,61.109275817871094,181.06268310546875,0,9.245624542236328,0.8939310058000267,-0.24254392243006626,-0.14833133318376757,-0.08449497057350572,-1.2601151602366438,BFA
2,2021,DHS 2021,260,Barga,BFA.10.3.1_1,Nord,barga,203.18190687014808,348.8948059082031,348.6590576171875,59.68690490722656,61.109275817871094,102.45878601074219,0,9.60562515258789,0.8939310058000267,-1.123822559092357,-0.14833133318376757,1.9018904297911652,-1.2601151602366438,BFA
1,2010,DHS 2010,261,Kaïn,BFA.10.3.2_1,Nord,kaïn,775.7630219672503,279.4836120605469,279.15765380859375,96.25772857666016,95.92658996582031,212.92723083496094,0,9.32082462310791,-0.6229447461519919,0.11470993162587116,-0.14833133318376757,0.3304386113548083,-0.6400938117030179,BFA
2,2021,DHS 2021,261,Kaïn,BFA.10.3.2_1,Nord,kaïn,775.7630219672503,279.4836120605469,279.15765380859375,96.25772857666016,95.92658996582031,105.02386474609375,0,9.539610862731934,-0.6229447461519919,-1.0950638184398696,-0.14833133318376757,1.537641542942728,-0.6400938117030179,BFA
1,2010,DHS 2010,262,Kalsaka,BFA.10.3.3_1,Nord,kalsaka,587.5735416772543,316.7502136230469,316.8222351074219,107.38302612304688,107.69905090332031,165.47811889648438,0.02037935145199299,9.218791961669922,0.19145997928585218,-0.4172724537968794,0.021028310320218783,-0.23254984814487323,-0.4514756375568908,BFA
2,2021,DHS 2021,262,Kalsaka,BFA.10.3.3_1,Nord,kalsaka,587.5735416772543,316.7502136230469,316.8222351074219,107.38302612304688,107.69905090332031,114.82051086425781,0.00311384629458189,9.505702018737793,0.19145997928585218,-0.9852273439903378,-0.1222319855931708,1.3505417694522692,-0.4514756375568908,BFA
1,2010,DHS 2010,263,Kossouka,BFA.10.3.4_1,Nord,kossouka,167.9998134706467,342.321533203125,342.401611328125,65.7013168334961,65.64237976074219,156.99803161621094,0,9.223125457763672,0.7502821586243815,-0.5123481438498855,-0.14833133318376757,-0.20863879598094467,-1.1581468855576362,BFA
2,2021,DHS 2021,263,Kossouka,BFA.10.3.4_1,Nord,kossouka,167.9998134706467,342.321533203125,342.401611328125,65.7013168334961,65.64237976074219,113.43106079101563,0,9.439374923706055,0.7502821586243815,-1.0008053587137242,-0.14833133318376757,0.9845669087680555,-1.1581468855576362,BFA
1,2010,DHS 2010,264,Koumbri,BFA.10.3.5_1,Nord,koumbri,615.3586203391083,338.5345458984375,336.6352233886719,93.58305358886719,95.76777648925781,193.03802490234375,0,9.254279136657715,0.6675233282830048,-0.1082806952570337,-0.14833133318376757,-0.03674127374523731,-0.685440222486941,BFA
2,2021,DHS 2021,264,Koumbri,BFA.10.3.5_1,Nord,koumbri,615.3586203391083,338.5345458984375,336.6352233886719,93.58305358886719,95.76777648925781,101.91471099853516,0,9.593484878540039,0.6675233282830048,-1.1299225325379738,-0.14833133318376757,1.834903701347765,-0.685440222486941,BFA
1,2010,DHS 2010,265,Namissiguima,BFA.10.3.6_1,Nord,namissiguima,499.68030630909345,330.3180847167969,329.7777099609375,37.34883499145508,39.93326950073242,170.74473571777344,0.0022269655019044876,9.245381355285645,0.48796510370268315,-0.35822503930933874,-0.1296573000185711,-0.08583680998851492,-1.6388345557309034,BFA
2,2021,DHS 2021,265,Namissiguima,BFA.10.3.6_1,Nord,namissiguima,499.68030630909345,330.3180847167969,329.7777099609375,37.34883499145508,39.93326950073242,111.44666290283203,0.09966784715652466,9.605291366577148,0.48796510370268315,-1.0230537144585603,0.6492385622972588,1.9000486894176232,-1.6388345557309034,BFA
1,2010,DHS 2010,266,Ouahigouya,BFA.10.3.7_1,Nord,ouahigouya,494.200231558842,338.3694152832031,338.66796875,17.764429092407227,18.93299102783203,207.07733154296875,0.19477660953998566,9.24764347076416,0.6639146506005015,0.049122963762868815,1.3455919170778918,-0.07335507237125291,-1.970868361299976,BFA
2,2021,DHS 2021,266,Ouahigouya,BFA.10.3.7_1,Nord,ouahigouya,494.200231558842,338.3694152832031,338.66796875,17.764429092407227,18.93299102783203,129.0935821533203,0.3652153015136719,9.58796501159668,0.6639146506005015,-0.8252027997689475,2.465056309705808,1.8044465776847327,-1.970868361299976,BFA
1,2010,DHS 2010,267,Oula,BFA.10.3.8_1,Nord,oula,562.3289924124928,330.29766845703125,330.0695495605469,46.348941802978516,47.712646484375,168.7579803466797,0.0013709483901038766,9.219813346862793,0.4875189374913369,-0.3804998263050645,-0.13683044593321017,-0.2269141226018346,-1.4862468422938804,BFA
2,2021,DHS 2021,267,Oula,BFA.10.3.8_1,Nord,oula,562.3289924124928,330.29766845703125,330.0695495605469,46.348941802978516,47.712646484375,113.69835662841797,5.733876605518162e-4,9.570331573486328,0.4875189374913369,-0.9978085338757958,-0.14351926657247127,1.7071500648081837,-1.4862468422938804,BFA
1,2010,DHS 2010,268,Rambo,BFA.10.3.9_1,Nord,rambo,282.5374084867195,325.0897216796875,324.6597595214844,107.15486145019531,107.56053161621094,171.6135711669922,0,9.223124504089355,0.3737072056063055,-0.348483968593104,-0.14833133318376757,-0.20864405809629766,-0.4553439389500421,BFA
2,2021,DHS 2021,268,Rambo,BFA.10.3.9_1,Nord,rambo,282.5374084867195,325.0897216796875,324.6597595214844,107.15486145019531,107.56053161621094,111.93872833251953,0,9.439374923706055,0.3737072056063055,-1.0175368537550629,-0.14833133318376757,0.9845669087680555,-0.4553439389500421,BFA
1,2010,DHS 2010,269,Seguenega,BFA.10.3.10_1,Nord,seguenega,671.9723263573738,323.32476806640625,323.23797607421875,70.82182312011719,71.45862579345703,150.2930908203125,0.0030912754591554403,9.2321195602417,0.3351368368962905,-0.5875215296731079,-0.12242087606990353,-0.15901178608701635,-1.071333877414774,BFA
2,2021,DHS 2021,269,Seguenega,BFA.10.3.10_1,Nord,seguenega,671.9723263573738,323.32476806640625,323.23797607421875,70.82182312011719,71.45862579345703,105.87503051757813,0.006178759038448334,9.518428802490234,0.3351368368962905,-1.0855208537982641,-0.0966217821067352,1.4207646988377505,-1.071333877414774,BFA
1,2010,DHS 2010,270,Tangaye,BFA.10.3.11_1,Nord,tangaye,492.2314687881995,316.8733215332031,311.7357177734375,59.82320022583008,68.29444122314453,210.73094177246094,0,9.29110336303711,0.19415031485621217,0.09008592820802849,-0.14833133318376757,0.1664447863792727,-1.2578044108807303,BFA
2,2021,DHS 2021,270,Tangaye,BFA.10.3.11_1,Nord,tangaye,492.2314687881995,316.8733215332031,311.7357177734375,59.82320022583008,68.29444122314453,117.285400390625,0,9.515840530395508,0.19415031485621217,-0.9575918887316472,-0.14833133318376757,1.4064833177697702,-1.2578044108807303,BFA
1,2010,DHS 2010,271,Thiou,BFA.10.3.12_1,Nord,thiou,1197.5946393198983,306.8600769042969,302.9979248046875,73.96595764160156,74.45819091796875,215.10243225097656,0,9.295624732971191,-0.024673870898151547,0.1390975079321958,-0.14833133318376757,0.19139247526773778,-1.0180282547795574,BFA
2,2021,DHS 2021,271,Thiou,BFA.10.3.12_1,Nord,thiou,1197.5946393198983,306.8600769042969,302.9979248046875,73.96595764160156,74.45819091796875,109.30262756347656,0,9.518125534057617,-0.024673870898151547,-1.0470918679173629,-0.14833133318376757,1.4190913461555037,-1.0180282547795574,BFA
1,2010,DHS 2010,272,Zogore,BFA.10.3.13_1,Nord,zogore,238.95503019127884,333.4657287597656,332.1500549316406,45.84942626953125,46.04114532470703,199.1698455810547,0,9.25554084777832,0.5567520624032464,-0.039532926154952436,-0.14833133318376757,-0.029779495133248422,-1.4947156232396137,BFA
2,2021,DHS 2021,272,Zogore,BFA.10.3.13_1,Nord,zogore,238.95503019127884,333.4657287597656,332.1500549316406,45.84942626953125,46.04114532470703,117.05657196044922,0.0010805827332660556,9.470118522644043,0.5567520624032464,-0.9601574308285215,-0.1392650088476358,1.1542017214019826,-1.4947156232396137,BFA
1,2010,DHS 2010,273,Bassi,BFA.10.4.1_1,Nord,bassi,196.69114401076726,330.2217102050781,330.1558532714844,80.7973403930664,80.897491455078125,165.46685791015625,0,9.21500015258789,0.48585898577229225,-0.4173987079273427,-0.14833133318376757,-0.2534720187883107,-0.9022090655756577,BFA
2,2021,DHS 2021,273,Bassi,BFA.10.4.1_1,Nord,bassi,196.69114401076726,330.2217102050781,330.1558532714844,80.7973403930664,80.897491455078125,113.7154541015625,7.368068909272552e-4,9.563750267028809,0.48585898577229225,-0.9976168431533241,-0.14214830109929733,1.6708362067572877,-0.9022090655756577,BFA
1,2010,DHS 2010,274,Boussou,BFA.10.4.2_1,Nord,boussou,500.86030784524826,313.6785888671875,313.5688171386719,108.72463989257813,110.32013702392578,196.1444091796875,0,9.243900299072266,0.12433430613456188,-0.07345303146337254,-0.14833133318376757,-0.09400887513168857,-0.4287299322341173,BFA
2,2021,DHS 2021,274,Boussou,BFA.10.4.2_1,Nord,boussou,500.86030784524826,313.6785888671875,313.5688171386719,108.72463989257813,110.32013702392578,109.92781829833984,5.138866836205125e-4,9.493159294128418,0.12433430613456188,-1.040082454149872,-0.14401849100236594,1.2813344283299126,-0.4287299322341173,BFA
1,2010,DHS 2010,275,Gourcy,BFA.10.4.3_1,Nord,gourcy,775.7754797376996,321.2751770019531,321.371826171875,59.1244010925293,59.754478454589844,177.51402282714844,0.008109938353300095,9.21882152557373,0.2903461509168784,-0.28233022575147704,-0.08052501051549393,-0.23238672256893095,-1.2696518438207056,BFA
2,2021,DHS 2021,275,Gourcy,BFA.10.4.3_1,Nord,gourcy,775.7754797376996,321.2751770019531,321.371826171875,59.1244010925293,59.754478454589844,118.10112762451172,0.03286401927471161,9.55490779876709,0.2903461509168784,-0.9484462482336748,0.12311748151283874,1.6220458732044827,-1.2696518438207056,BFA
1,2010,DHS 2010,276,Léba,BFA.10.4.4_1,Nord,léba,205.05765794834514,340.10186767578125,339.8305969238281,55.14680099487305,52.38254165649414,178.31723022460938,0.0031657933723181486,9.21500015258789,0.7017747547139788,-0.2733249531587148,-0.12179726779727124,-0.2534720187883107,-1.3370880328102797,BFA
2,2021,DHS 2021,276,Léba,BFA.10.4.4_1,Nord,léba,205.05765794834514,340.10186767578125,339.8305969238281,55.14680099487305,52.38254165649414,125.0385971069336,0.0018560760654509068,9.563750267028809,0.7017747547139788,-0.8706658343696252,-0.13276448078048822,1.6708362067572877,-1.3370880328102797,BFA
1,2010,DHS 2010,277,Tougo,BFA.10.4.5_1,Nord,tougo,310.9826522104485,315.63128662109375,315.33978271484375,108.9175033569336,109.12229919433594,159.7559814453125,0,9.21500015258789,0.16700753662664303,-0.48142700183011294,-0.14833133318376757,-0.2534720187883107,-0.4254601271475972,BFA
2,2021,DHS 2021,277,Tougo,BFA.10.4.5_1,Nord,tougo,310.9826522104485,315.63128662109375,315.33978271484375,108.9175033569336,109.12229919433594,110.46784210205078,0,9.563750267028809,0.16700753662664303,-1.0340279013975315,-0.14833133318376757,1.6708362067572877,-0.4254601271475972,BFA
1,2010,DHS 2010,278,Boudry,BFA.11.1.1_1,Plateau-Central,boudry,1068.8620773129405,281.014404296875,281.0271301269531,124.78388214111328,125.26900482177734,163.63406372070313,5.761452484875917e-4,9.186065673828125,-0.5894916171126195,-0.43794733750250636,-0.14349613060889485,-0.41312459859764006,-0.15646171302834627,BFA
2,2021,DHS 2021,278,Boudry,BFA.11.1.1_1,Plateau-Central,boudry,1068.8620773129405,281.014404296875,281.0271301269531,124.78388214111328,125.26900482177734,144.18344116210938,0.0967642143368721,9.394816398620605,-0.5894916171126195,-0.6560207252635859,0.6270432153347673,0.7387050931309,-0.15646171302834627,BFA
1,2010,DHS 2010,279,Kogho,BFA.11.1.2_1,Plateau-Central,kogho,160.31806014240476,314.9725341796875,314.7757263183594,109.16402435302734,109.96969604492188,171.2870635986328,0,9.220000267028809,0.1526115069732491,-0.35214465407231,-0.14833133318376757,-0.22588274799265107,-0.42128061284894464,BFA
2,2021,DHS 2021,279,Kogho,BFA.11.1.2_1,Plateau-Central,kogho,160.31806014240476,314.9725341796875,314.7757263183594,109.16402435302734,109.96969604492188,140.6673126220703,0,9.427499771118164,0.1526115069732491,-0.6954422944303248,-0.14833133318376757,0.919043048392783,-0.42128061284894464,BFA
1,2010,DHS 2010,280,Méguet,BFA.11.1.3_1,Plateau-Central,méguet,363.3997881446767,314.0644226074219,314.3947448730469,84.4050064086914,85.14091491699219,166.06234741210938,9.490468073636293e-4,9.181894302368164,0.1327661139223808,-0.41072229370585034,-0.1403681006307096,-0.43614109115156247,-0.8410447350075082,BFA
2,2021,DHS 2021,280,Méguet,BFA.11.1.3_1,Plateau-Central,méguet,363.3997881446767,314.0644226074219,314.3947448730469,84.4050064086914,85.14091491699219,140.43263244628906,7.589643937535584e-4,9.390643119812012,0.1327661139223808,-0.698073444195265,-0.1419624334099874,0.7156780763462717,-0.8410447350075082,BFA
1,2010,DHS 2010,281,Mogtédo,BFA.11.1.4_1,Plateau-Central,mogtédo,670.9245181324453,274.9971923828125,274.77752685546875,118.59329223632813,118.80229187011719,161.51583862304688,0.0031107880640774965,9.186012268066406,-0.7209886039938845,-0.4616961158099827,-0.1222575790188705,-0.4134192770574068,-0.26141690724760164,BFA
2,2021,DHS 2021,281,Mogtédo,BFA.11.1.4_1,Plateau-Central,mogtédo,670.9245181324453,274.9971923828125,274.77752685546875,118.59329223632813,118.80229187011719,147.78152465820313,0.007202330511063337,9.394368171691895,-0.7209886039938845,-0.6156803065918083,-0.08808626201557221,0.7362318989150007,-0.26141690724760164,BFA
1,2010,DHS 2010,282,Salogo,BFA.11.1.5_1,Plateau-Central,salogo,415.8477354093151,316.1619567871094,316.4237976074219,93.13549041748047,93.21317291259766,167.84408569335938,0,9.200610160827637,0.1786045235460754,-0.39074608461921007,-0.14833133318376757,-0.33287207734938423,-0.693028203648796,BFA
2,2021,DHS 2021,282,Salogo,BFA.11.1.5_1,Plateau-Central,salogo,415.8477354093151,316.1619567871094,316.4237976074219,93.13549041748047,93.21317291259766,140.57301330566406,0,9.408745765686035,0.1786045235460754,-0.696499544465912,-0.14833133318376757,0.8155635499764856,-0.693028203648796,BFA
1,2010,DHS 2010,283,Zam,BFA.11.1.6_1,Plateau-Central,zam,762.1287884318868,293.94366455078125,293.8739013671875,109.09310913085938,108.97724151611328,167.2782440185547,0.002028568647801876,9.187631607055664,-0.30694235837386324,-0.3970900980609054,-0.1313192557623137,-0.40448420518805145,-0.4224829087577703,BFA
2,2021,DHS 2021,283,Zam,BFA.11.1.6_1,Plateau-Central,zam,762.1287884318868,293.94366455078125,293.8739013671875,109.09310913085938,108.97724151611328,142.04835510253906,0.005003112833946943,9.396071434020996,-0.30694235837386324,-0.6799585426146422,-0.10643616761751884,0.7456300369354182,-0.4224829087577703,BFA
1,2010,DHS 2010,284,Zorgho,BFA.11.1.7_1,Plateau-Central,zorgho,395.5791555903498,311.3246154785156,310.6300354003906,63.62947463989258,66.4621353149414,162.30966186523438,0.019141580909490585,9.171825408935547,0.07289180880691708,-0.4527960549926066,0.010838882611770203,-0.49169850504829615,-1.193272875675835,BFA
2,2021,DHS 2021,284,Zorgho,BFA.11.1.7_1,Plateau-Central,zorgho,395.5791555903498,311.3246154785156,310.6300354003906,63.62947463989258,66.4621353149414,141.66793823242188,0.06978339701890945,9.378151893615723,0.07289180880691708,-0.6842236398051312,0.4179465629104444,0.6467548894529759,-1.193272875675835,BFA
1,2010,DHS 2010,285,Zoungou,BFA.11.1.8_1,Plateau-Central,zoungou,345.2473760704462,290.0190734863281,289.9629211425781,109.04915618896484,111.80245208740234,161.32569885253906,0,9.124717712402344,-0.3927083089648071,-0.46382789456296836,-0.14833133318376757,-0.7516259550239597,-0.4232280864587649,BFA
2,2021,DHS 2021,285,Zoungou,BFA.11.1.8_1,Plateau-Central,zoungou,345.2473760704462,290.0190734863281,289.9629211425781,109.04915618896484,111.80245208740234,134.40902709960938,3.319104143884033e-4,9.31968879699707,-0.3927083089648071,-0.7656079418972841,-0.14554549052869806,0.3241714319694124,-0.4232280864587649,BFA
1,2010,DHS 2010,286,Boussé,BFA.11.2.1_1,Plateau-Central,boussé,456.02210316943393,319.6442565917969,319.6456604003906,117.99760437011719,118.03209686279297,150.27407836914063,0.0041739558801054955,9.2162504196167,0.2547048733880783,-0.5877346904408006,-0.11336494044725681,-0.24657338556055758,-0.2715161928817374,BFA
2,2021,DHS 2021,286,Boussé,BFA.11.2.1_1,Plateau-Central,boussé,456.02210316943393,319.6442565917969,319.6456604003906,117.99760437011719,118.03209686279297,146.45196533203125,0.006098502315580845,9.4350004196167,0.2547048733880783,-0.6305868477893566,-0.09729140665441752,0.9604295856439489,-0.2715161928817374,BFA
1,2010,DHS 2010,287,Laye,BFA.11.2.2_1,Plateau-Central,laye,124.61058722992284,334.4768371582031,334.21917724609375,84.12306213378906,83.82763671875,168.9205780029297,0.00452963775023818,9.210243225097656,0.5788482939642695,-0.37867683983593564,-0.1103920175893286,-0.27971945016896116,-0.8458248151915483,BFA
2,2021,DHS 2021,287,Laye,BFA.11.2.2_1,Plateau-Central,laye,124.61058722992284,334.4768371582031,334.21917724609375,84.12306213378906,83.82763671875,161.23634338378906,0.0056095486506819725,9.427492141723633,0.5788482939642695,-0.46482971595591305,-0.10137216167479372,0.9190009514699591,-0.8458248151915483,BFA
1,2010,DHS 2010,288,Niou,BFA.11.2.3_1,Plateau-Central,niou,357.1024962255157,330.64984130859375,330.6486511230469,112.66039276123047,112.74188232421875,150.09426879882813,9.648663108237088e-4,9.2162504196167,0.4952151379082815,-0.5897506507028328,-0.14023542681694925,-0.24657338556055758,-0.36200322071198915,BFA
2,2021,DHS 2021,288,Niou,BFA.11.2.3_1,Plateau-Central,niou,357.1024962255157,330.64984130859375,330.6486511230469,112.66039276123047,112.74188232421875,125.63862609863281,0.006981407292187214,9.434999465942383,0.4952151379082815,-0.8639385250210152,-0.08992779729019197,0.960424323528596,-0.36200322071198915,BFA
1,2010,DHS 2010,289,Sourgoubila,BFA.11.2.4_1,Plateau-Central,sourgoubila,474.49696878008666,328.9722900390625,328.7410888671875,95.68489837646484,95.88996124267578,163.7323760986328,0,9.163483619689941,0.45855481408510607,-0.4368450944637866,-0.14833133318376757,-0.5377262280407881,-0.6498055687150083,BFA
2,2021,DHS 2021,289,Sourgoubila,BFA.11.2.4_1,Plateau-Central,sourgoubila,474.49696878008666,328.9722900390625,328.7410888671875,95.68489837646484,95.88996124267578,155.18031311035156,2.6952041662298143e-4,9.372950553894043,0.45855481408510607,-0.5327277502802013,-0.14606908151136958,0.6180553123178381,-0.6498055687150083,BFA
1,2010,DHS 2010,290,Toéghin,BFA.11.2.5_1,Plateau-Central,toéghin,190.04020238023125,320.9606018066406,321.4461669921875,134.8211669921875,134.61619567871094,146.4744415283203,0,9.2162504196167,0.28347158992052957,-0.6303348527566025,-0.14833133318376757,-0.24657338556055758,0.013710305661534066,BFA
2,2021,DHS 2021,290,Toéghin,BFA.11.2.5_1,Plateau-Central,toéghin,190.04020238023125,320.9606018066406,321.4461669921875,134.8211669921875,134.61619567871094,135.73635864257813,7.992844330146909e-4,9.4350004196167,0.28347158992052957,-0.7507263778041364,-0.1416242202700546,0.9604295856439489,0.013710305661534066,BFA
1,2010,DHS 2010,291,Absouya,BFA.11.3.1_1,Plateau-Central,absouya,306.12723158614506,299.43475341796875,300.3788757324219,150.0706329345703,149.51055908203125,151.3283233642578,0.0020809827838093042,9.224003791809082,-0.18694298806002668,-0.5759148745494173,-0.13088015444814421,-0.20379238774085265,0.2722495861403713,BFA
2,2021,DHS 2021,291,Absouya,BFA.11.3.1_1,Plateau-Central,absouya,306.12723158614506,299.43475341796875,300.3788757324219,150.0706329345703,149.51055908203125,133.69223022460938,0,9.432148933410645,-0.18694298806002668,-0.7736444107762065,-0.14833133318376757,0.9446958607385469,0.2722495861403713,BFA
1,2010,DHS 2010,292,Dapélogo,BFA.11.3.2_1,Plateau-Central,dapélogo,438.33268995284203,306.73651123046875,307.1087951660156,115.12870788574219,115.34341430664063,142.22744750976563,0.003435528837144375,9.219667434692383,-0.027374210195223354,-0.6779506229273143,-0.11954035529084067,-0.22771922625084012,-0.3201554328158462,BFA
2,2021,DHS 2021,292,Dapélogo,BFA.11.3.2_1,Plateau-Central,dapélogo,438.33268995284203,306.73651123046875,307.1087951660156,115.12870788574219,115.34341430664063,147.03173828125,0.0015087806386873126,9.436039924621582,-0.027374210195223354,-0.6240866419071287,-0.13567504228588476,0.9661652913786941,-0.3201554328158462,BFA
1,2010,DHS 2010,293,Loumbila,BFA.11.3.3_1,Plateau-Central,loumbila,177.6924557203717,291.50726318359375,292.0929260253906,84.27861022949219,91.60731506347656,142.76333618164063,0.0176723413169384,9.224719047546387,-0.3601861934247461,-0.6719424317865668,-0.0012720923666672455,-0.19984580122611972,-0.8431876544611407,BFA
2,2021,DHS 2021,293,Loumbila,BFA.11.3.3_1,Plateau-Central,loumbila,177.6924557203717,291.50726318359375,292.0929260253906,84.27861022949219,91.60731506347656,153.75003051757813,0.07061068713665009,9.433260917663574,-0.3601861934247461,-0.5487635645335602,0.4244359230910227,0.9508314872401185,-0.8431876544611407,BFA
1,2010,DHS 2010,294,Nagreongo,BFA.11.3.4_1,Plateau-Central,nagreongo,499.1623758580415,282.37945556640625,281.9148864746094,121.06273651123047,120.54254150390625,162.0561065673828,0.017673153430223465,9.201085090637207,-0.5596605040580327,-0.4556388258407217,-0.0012653932701003558,-0.33025154390360156,-0.2195499757479615,BFA
2,2021,DHS 2021,294,Nagreongo,BFA.11.3.4_1,Plateau-Central,nagreongo,499.1623758580415,282.37945556640625,281.9148864746094,121.06273651123047,120.54254150390625,146.2230224609375,0.017128977924585342,9.408799171447754,-0.5596605040580327,-0.6331536729566623,-0.005755478443548795,0.8158582284362523,-0.2195499757479615,BFA
1,2010,DHS 2010,295,Ourgou-Manega,BFA.11.3.5_1,Plateau-Central,ourgou manega,441.4256044195472,315.3921813964844,315.4552001953125,133.3942413330078,131.4920196533203,141.79800415039063,0,9.223666191101074,0.16178225670751298,-0.6827653874906742,-0.14833133318376757,-0.2056551765758066,-0.01048177651465405,BFA
2,2021,DHS 2021,295,Ourgou-Manega,BFA.11.3.5_1,Plateau-Central,ourgou manega,441.4256044195472,315.3921813964844,315.4552001953125,133.3942413330078,131.4920196533203,136.32916259765625,0,9.437256813049316,0.16178225670751298,-0.7440800729687708,-0.14833133318376757,0.972879750569093,-0.01048177651465405,BFA
1,2010,DHS 2010,296,Ziniare,BFA.11.3.6_1,Plateau-Central,ziniare,527.9940292697812,296.7344665527344,296.2093505859375,109.99321746826172,110.9947280883789,147.7399139404297,0.06626679003238678,9.230579376220703,-0.24595363810270504,-0.6161468310007154,0.3903057674029727,-0.1675101023820746,-0.40722248175106285,BFA
2,2021,DHS 2021,296,Ziniare,BFA.11.3.6_1,Plateau-Central,ziniare,527.9940292697812,296.7344665527344,296.2093505859375,109.99321746826172,110.9947280883789,141.0681915283203,0.09078865498304367,9.43932819366455,-0.24595363810270504,-0.6909477842466768,0.5811805964975131,0.9843090651157596,-0.40722248175106285,BFA
1,2010,DHS 2010,297,Zitenga,BFA.11.3.7_1,Plateau-Central,zitenga,461.35153018666375,306.56683349609375,307.00384521484375,131.6266326904297,132.761474609375,134.71707153320313,0.0030761845409870148,9.23062515258789,-0.031082258229730455,-0.7621542584476995,-0.1225471710955956,-0.16725752084513168,-0.04044979430275204,BFA
2,2021,DHS 2021,297,Zitenga,BFA.11.3.7_1,Plateau-Central,zitenga,461.35153018666375,306.56683349609375,307.00384521484375,131.6266326904297,132.761474609375,130.75531005859375,0.007625149562954903,9.439374923706055,-0.031082258229730455,-0.8065721038748466,-0.08456292284394208,0.9845669087680555,-0.04044979430275204,BFA
1,2010,DHS 2010,298,Deou,BFA.12.1.1_1,Sahel,deou,2210.9288666981915,302.6543884277344,301.8027038574219,241.23670959472656,246.02615356445313,144.41580200195313,0,9.585795402526855,-0.11658277660525448,-0.6534155790593916,-0.14833133318376757,1.7924752652567095,1.81787826276748,BFA
2,2021,DHS 2021,298,Deou,BFA.12.1.1_1,Sahel,deou,2210.9288666981915,302.6543884277344,301.8027038574219,241.23670959472656,246.02615356445313,53.00809860229492,0,9.642995834350586,-0.11658277660525448,-1.6782458891317176,-0.14833133318376757,2.108091682012931,1.81787826276748,BFA
1,2010,DHS 2010,299,Gorom-Gorom,BFA.12.1.2_1,Sahel,gorom gorom,3317.0412312295693,284.1282958984375,284.120361328125,107.7294692993164,108.39765930175781,102.18106079101563,0.01888960413634777,9.493908882141113,-0.5214422665282731,-1.1269363144156128,0.00876307332560612,1.2854704509973527,-0.4456020436974109,BFA
2,2021,DHS 2021,299,Gorom-Gorom,BFA.12.1.2_1,Sahel,gorom gorom,3317.0412312295693,284.1282958984375,284.120361328125,107.7294692993164,108.39765930175781,43.524227142333984,0.03489312902092934,9.605005264282227,-0.5214422665282731,-1.7845756465538276,0.13959318277652263,1.89847005481173,-0.4456020436974109,BFA
1,2010,DHS 2010,300,Markoye,BFA.12.1.3_1,Sahel,markoye,1503.122950781294,272.30682373046875,272.046142578125,133.1593017578125,133.76385498046875,91.45148468017578,0,9.438874244689941,-0.7797825066244739,-1.247232464561069,-0.14833133318376757,0.9818042982077424,-0.014464939528788343,BFA
2,2021,DHS 2021,300,Markoye,BFA.12.1.3_1,Sahel,markoye,1503.122950781294,272.30682373046875,272.046142578125,133.1593017578125,133.76385498046875,39.18056106567383,0,9.604735374450684,-0.7797825066244739,-1.8332752690870737,-0.14833133318376757,1.8969808761668374,-0.014464939528788343,BFA
1,2010,DHS 2010,301,Oursi,BFA.12.1.4_1,Sahel,oursi,612.842894843462,300.6483154296875,300.5713195800781,151.15292358398438,151.9703826904297,130.3262481689453,0,9.476678848266602,-0.1604224416319315,-0.811382591536768,-0.14833133318376757,1.190399812915113,0.29059873009240944,BFA
2,2021,DHS 2021,301,Oursi,BFA.12.1.4_1,Sahel,oursi,612.842894843462,300.6483154296875,300.5713195800781,151.15292358398438,151.9703826904297,47.471961975097656,0,9.632640838623047,-0.1604224416319315,-1.7403150627925728,-0.14833133318376757,2.0509556335103043,0.29059873009240944,BFA
1,2010,DHS 2010,302,Tin-Akoff,BFA.12.1.5_1,Sahel,tin akoff,2392.478041112099,264.8999938964844,264.3571472167969,228.20803833007813,229.54493713378906,132.22677612304688,0,9.506098747253418,-0.9416474732271923,-0.7900745553421915,-0.14833133318376757,1.3527308094391077,1.596990311210065,BFA
2,2021,DHS 2021,302,Tin-Akoff,BFA.12.1.5_1,Sahel,tin akoff,2392.478041112099,264.8999938964844,264.3571472167969,228.20803833007813,229.54493713378906,49.44445037841797,0,9.640223503112793,-0.9416474732271923,-1.7182002319106453,-0.14833133318376757,2.0927947126818265,1.596990311210065,BFA
1,2010,DHS 2010,303,Bani,BFA.12.2.1_1,Sahel,bani,1614.3175416754025,295.8835754394531,295.98297119140625,139.6125030517578,140.6243133544922,121.8022689819336,7.040493655949831e-4,9.376774787902832,-0.26454856531459836,-0.9069503818692831,-0.1424230943666419,0.6391563948832767,0.09494256533895426,BFA
2,2021,DHS 2021,303,Bani,BFA.12.2.1_1,Sahel,bani,1614.3175416754025,295.8835754394531,295.98297119140625,139.6125030517578,140.6243133544922,61.96094512939453,3.41287930496037e-4,9.557960510253906,-0.26454856531459836,-1.5778697923570144,-0.14546679511406813,1.6388899044493628,0.09494256533895426,BFA
1,2010,DHS 2010,304,Dori,BFA.12.2.2_1,Sahel,dori,2495.4037215338594,288.9532165527344,289.0120849609375,70.86702728271484,71.31781005859375,113.9668197631836,0.00987094547599554,9.434355735778809,-0.41600098624056153,-0.9947986217194658,-0.06587351561540208,0.9568723956653363,-1.0705674865315258,BFA
2,2021,DHS 2021,304,Dori,BFA.12.2.2_1,Sahel,dori,2495.4037215338594,288.9532165527344,289.0120849609375,70.86702728271484,71.31781005859375,55.928775787353516,0.014849568717181683,9.575855255126953,-0.41600098624056153,-1.645500306496327,-0.024589415962400555,1.7376282369326277,-1.0705674865315258,BFA
1,2010,DHS 2010,305,Falagountou,BFA.12.2.3_1,Sahel,falagountou,560.4923908646086,275.40362548828125,275.3240051269531,90.39192199707031,90.28971099853516,86.75960540771484,0,9.348750114440918,-0.7121066285040346,-1.2998361282653697,-0.14833133318376757,0.4845238731206877,-0.7395426329433912,BFA
2,2021,DHS 2021,305,Falagountou,BFA.12.2.3_1,Sahel,falagountou,560.4923908646086,275.40362548828125,275.3240051269531,90.39192199707031,90.28971099853516,39.94663619995117,0.0013408866943791509,9.565000534057617,-0.7121066285040346,-1.8246863100803312,-0.1370824646371412,1.677734839985041,-0.7395426329433912,BFA
1,2010,DHS 2010,306,Gorgadji,BFA.12.2.4_1,Sahel,gorgadji,936.6543667132161,295.33160400390625,295.3324279785156,115.07906341552734,114.84156799316406,102.8624496459961,0,9.419869422912598,-0.2766110589836865,-1.1192968275282082,-0.14833133318376757,0.8769408634536121,-0.32099710462636033,BFA
2,2021,DHS 2021,306,Gorgadji,BFA.12.2.4_1,Sahel,gorgadji,936.6543667132161,295.33160400390625,295.3324279785156,115.07906341552734,114.84156799316406,55.56640625,0,9.572117805480957,-0.2766110589836865,-1.6495630634797627,-0.14833133318376757,1.71700600686431,-0.32099710462636033,BFA
1,2010,DHS 2010,307,Sampelga,BFA.12.2.5_1,Sahel,sampelga,540.3880523242356,295.70849609375,295.2416687011719,91.8681411743164,92.67256164550781,113.32855224609375,0,9.397236824035645,-0.2683746573243047,-1.001954647668267,-0.14833133318376757,0.7520603418967563,-0.7145148289956137,BFA
2,2021,DHS 2021,307,Sampelga,BFA.12.2.5_1,Sahel,sampelga,540.3880523242356,295.70849609375,295.2416687011719,91.8681411743164,92.67256164550781,59.93766784667969,0,9.566217422485352,-0.2683746573243047,-1.6005540498964583,-0.14833133318376757,1.6844492991754398,-0.7145148289956137,BFA
1,2010,DHS 2010,308,Seytenga,BFA.12.2.6_1,Sahel,seytenga,881.8063204070403,287.4111022949219,287.4425964355469,145.52304077148438,144.7818145751953,105.28612518310547,0,9.371994972229004,-0.4497015407872725,-1.0921234487009288,-0.14833133318376757,0.6127826727341549,0.19514975784489444,BFA
2,2021,DHS 2021,308,Seytenga,BFA.12.2.6_1,Sahel,seytenga,881.8063204070403,287.4111022949219,287.4425964355469,145.52304077148438,144.7818145751953,53.547977447509766,0,9.565492630004883,-0.4497015407872725,-1.6721929616019238,-0.14833133318376757,1.6804500915071772,0.19514975784489444,BFA
1,2010,DHS 2010,309,Aribinda,BFA.12.3.1_1,Sahel,aribinda,2543.0379685236526,315.595947265625,315.68487548828125,127.43319702148438,127.5615234375,125.37718200683594,4.717851334135048e-5,9.384483337402344,0.1662352489244921,-0.8668697421908776,-0.14793529070068537,0.6816900732813918,-0.11154525723107578,BFA
2,2021,DHS 2021,309,Aribinda,BFA.12.3.1_1,Sahel,aribinda,2543.0379685236526,315.595947265625,315.68487548828125,127.43319702148438,127.5615234375,54.87588119506836,1.8865891615860164e-4,9.58780288696289,0.1662352489244921,-1.6573049821566184,-0.14674773812037642,1.8035520180747264,-0.11154525723107578,BFA
1,2010,DHS 2010,310,Baraboule,BFA.12.3.2_1,Sahel,baraboule,898.6015541362575,314.4568176269531,314.7033386230469,146.43460083007813,146.32701110839844,144.76512145996094,0,9.310818672180176,0.14134130845973553,-0.6494991348741657,-0.14833133318376757,0.2752284970713711,0.21060433720869146,BFA
2,2021,DHS 2021,310,Baraboule,BFA.12.3.2_1,Sahel,baraboule,898.6015541362575,314.4568176269531,314.7033386230469,146.43460083007813,146.32701110839844,92.5464859008789,0,9.665197372436523,0.14134130845973553,-1.2349557045200006,-0.14833133318376757,2.230593727430241,0.21060433720869146,BFA
1,2010,DHS 2010,311,Diguel,BFA.12.3.3_1,Sahel,diguel,570.9917351130948,302.0187072753906,300.3954162597656,165.50782775878906,166.41769409179688,166.7106170654297,0,9.309999465942383,-0.1304746184323737,-0.4034541274013327,-0.14833133318376757,0.2707083399831637,0.5339716200492854,BFA
2,2021,DHS 2021,311,Diguel,BFA.12.3.3_1,Sahel,diguel,570.9917351130948,302.0187072753906,300.3954162597656,165.50782775878906,166.41769409179688,101.03709411621094,0,9.666250228881836,-0.1304746184323737,-1.139762057525322,-0.14833133318376757,2.236403102779928,0.5339716200492854,BFA
1,2010,DHS 2010,312,Djibo,BFA.12.3.4_1,Sahel,djibo,1023.9565612236663,302.40863037109375,302.52996826171875,116.28911590576172,118.71246337890625,138.6533660888672,0.008564631454646587,9.319657325744629,-0.1219534440192627,-0.718021938960584,-0.07673953611221544,0.32399778216276415,-0.3004818878083518,BFA
2,2021,DHS 2021,312,Djibo,BFA.12.3.4_1,Sahel,djibo,1023.9565612236663,302.40863037109375,302.52996826171875,116.28911590576172,118.71246337890625,77.629730224609375,0.009593119844794273,9.645003318786621,-0.1219534440192627,-1.4021970066906184,-0.06818331332375785,2.1191684348309483,-0.3004818878083518,BFA
1,2010,DHS 2010,313,Kelbo,BFA.12.3.5_1,Sahel,kelbo,504.07067922832556,310.7644958496094,310.99224853515625,232.86187744140625,233.79763793945313,127.72555541992188,0,9.308124542236328,0.060651248802358934,-0.84054062370755,-0.14833133318376757,0.2603630211992104,1.6758914491156878,BFA
2,2021,DHS 2021,313,Kelbo,BFA.12.3.5_1,Sahel,kelbo,504.07067922832556,310.7644958496094,310.99224853515625,232.86187744140625,233.79763793945313,69.18220520019531,0,9.529375076293945,0.060651248802358934,-1.4969076204368374,-0.14833133318376757,1.4811632588592232,1.6758914491156878,BFA
1,2010,DHS 2010,314,Koutougou,BFA.12.3.6_1,Sahel,koutougou,1428.3934338268646,297.83843994140625,296.617431640625,263.24774169921875,270.9014587402344,148.7481689453125,5.2022507588844746e-5,9.500792503356934,-0.2218279838494147,-0.6048426383467527,-0.14789462859678754,1.3234523996151424,2.1910530627501994,BFA
2,2021,DHS 2021,314,Koutougou,BFA.12.3.6_1,Sahel,koutougou,1428.3934338268646,297.83843994140625,296.617431640625,263.24774169921875,270.9014587402344,57.90810775756836,0,9.645512580871582,-0.2218279838494147,-1.6233087480025936,-0.14833133318376757,2.121978404429438,2.1910530627501994,BFA
1,2010,DHS 2010,315,Nassoumbou,BFA.12.3.7_1,Sahel,nassoumbou,2149.0036021360806,293.7308044433594,291.8774108886719,265.8089904785156,277.9265441894531,156.36163330078125,0,9.417473793029785,-0.31159409129485016,-0.5194832129816382,-0.14833133318376757,0.8637224296869332,2.234476446823363,BFA
2,2021,DHS 2021,315,Nassoumbou,BFA.12.3.7_1,Sahel,nassoumbou,2149.0036021360806,293.7308044433594,291.8774108886719,265.8089904785156,277.9265441894531,74.31139373779297,0,9.665913581848145,-0.31159409129485016,-1.4394010024615163,-0.14833133318376757,2.2345455760603272,2.234476446823363,BFA
1,2010,DHS 2010,316,Pobe-Mengao,BFA.12.3.8_1,Sahel,pobe mengao,548.372535283276,339.1826171875,339.54229736328125,88.52239990234375,89.06190490722656,126.07327270507813,0,9.290998458862305,0.6816859376464567,-0.8590654235220347,-0.14833133318376757,0.1658659536904452,-0.7712384902957811,BFA
2,2021,DHS 2021,316,Pobe-Mengao,BFA.12.3.8_1,Sahel,pobe mengao,548.372535283276,339.1826171875,339.54229736328125,88.52239990234375,89.06190490722656,73.38895416259766,0,9.519420623779297,0.6816859376464567,-1.4497430633678832,-0.14833133318376757,1.4262372988048468,-0.7712384902957811,BFA
1,2010,DHS 2010,317,Tongomayel,BFA.12.3.9_1,Sahel,tongomayel,3003.5271094747395,313.0535583496094,312.9039001464844,171.9121856689453,171.36048889160156,130.27000427246094,0.01501392386853695,9.366042137145996,0.11067521768227054,-0.8120131778848544,-0.0232299940933131,0.579936548700871,0.6425510347171032,BFA
2,2021,DHS 2021,317,Tongomayel,BFA.12.3.9_1,Sahel,tongomayel,3003.5271094747395,313.0535583496094,312.9039001464844,171.9121856689453,171.36048889160156,65.60831451416016,0.0010368399089202285,9.58337116241455,0.11067521768227054,-1.536976798019388,-0.13963183056451584,1.7790989680294413,0.6425510347171032,BFA
1,2010,DHS 2010,318,Boundore,BFA.12.4.1_1,Sahel,boundore,959.1413167439127,259.2153015136719,258.5187683105469,238.4527130126953,233.875244140625,120.75374603271484,0,9.401211738586426,-1.065877753025006,-0.9187060442390896,-0.14833133318376757,0.7739928386879654,1.7706784148584829,BFA
2,2021,DHS 2021,318,Boundore,BFA.12.4.1_1,Sahel,boundore,959.1413167439127,259.2153015136719,258.5187683105469,238.4527130126953,233.875244140625,61.40312194824219,0,9.549826622009277,-1.065877753025006,-1.5841239053304734,-0.14833133318376757,1.5940093226038201,1.7706784148584829,BFA
1,2010,DHS 2010,319,Mansila,BFA.12.4.2_1,Sahel,mansila,1430.2138051845172,265.8380432128906,265.6543273925781,229.205078125,228.9303436279297,142.3092498779297,0,9.368827819824219,-0.9211478364493724,-0.6770334841828511,-0.14833133318376757,0.5953071876469175,1.6138941130980666,BFA
2,2021,DHS 2021,319,Mansila,BFA.12.4.2_1,Sahel,mansila,1430.2138051845172,265.8380432128906,265.6543273925781,229.205078125,228.9303436279297,74.636505126953125,0,9.532176971435547,-0.9211478364493724,-1.435755970441575,-0.14833133318376757,1.4966233537662703,1.6138941130980666,BFA
1,2010,DHS 2010,320,Sebba,BFA.12.4.3_1,Sahel,sebba,1076.0363712947242,259.2510986328125,259.3826599121094,121.96717834472656,122.0295639038086,130.24192810058594,0,9.369413375854492,-1.0650954615961434,-0.812327957830725,-0.14833133318376757,0.5985381264736455,-0.20421607869540004,BFA
2,2021,DHS 2021,320,Sebba,BFA.12.4.3_1,Sahel,sebba,1076.0363712947242,259.2510986328125,259.3826599121094,121.96717834472656,122.0295639038086,78.10459899902344,7.905805832706392e-4,9.539741516113281,-1.0650954615961434,-1.3968729487039668,-0.14169722887586916,1.5383624527460857,-0.20421607869540004,BFA
1,2010,DHS 2010,321,Solhan,BFA.12.4.4_1,Sahel,solhan,1343.3100973760922,274.76885986328125,274.9451904296875,179.73683166503906,180.9150848388672,138.39418029785156,0,9.314767837524414,-0.7259784628777303,-0.7209278368739307,-0.14833133318376757,0.2970189167480498,0.7752099982162269,BFA
2,2021,DHS 2021,321,Solhan,BFA.12.4.4_1,Sahel,solhan,1343.3100973760922,274.76885986328125,274.9451904296875,179.73683166503906,180.9150848388672,76.74262237548828,0,9.507403373718262,-0.7259784628777303,-1.4121429409857553,-0.14833133318376757,1.3599293832419808,0.7752099982162269,BFA
1,2010,DHS 2010,322,Tankougounadie,BFA.12.4.5_1,Sahel,tankougounadie,870.659897412647,272.9712829589844,272.6664733886719,150.22598266601563,148.77716064453125,122.38455200195313,0,9.348273277282715,-0.7652617638447395,-0.9004220339755902,-0.14833133318376757,0.48189281544419904,0.27488338380529964,BFA
2,2021,DHS 2021,322,Tankougounadie,BFA.12.4.5_1,Sahel,tankougounadie,870.659897412647,272.9712829589844,272.6664733886719,150.22598266601563,148.77716064453125,75.3773193359375,0,9.554534912109375,-0.7652617638447395,-1.4274502278480872,-0.14833133318376757,1.6199883861014686,0.27488338380529964,BFA
1,2010,DHS 2010,323,Titabe,BFA.12.4.6_1,Sahel,titabe,874.3916770825571,277.0592041015625,277.0616149902344,109.81172180175781,109.19239807128906,110.48739624023438,0,9.382210731506348,-0.6759264835630256,-1.0338086674297962,-0.14833133318376757,0.669150452395247,-0.41029955731588846,BFA
2,2021,DHS 2021,323,Titabe,BFA.12.4.6_1,Sahel,titabe,874.3916770825571,277.0592041015625,277.0616149902344,109.81172180175781,109.19239807128906,61.41796875,0,9.564377784729004,-0.6759264835630256,-1.5839574483264887,-0.14833133318376757,1.6742986786595466,-0.41029955731588846,BFA
1,2010,DHS 2010,324,Bondigui,BFA.13.1.1_1,Sud-Ouest,bondigui,768.132243414396,302.1471862792969,302.9013671875,165.6325225830078,165.2732391357422,381.15179443359375,0,9.073110580444336,-0.12766690580192858,2.0007832631128672,-0.14833133318376757,-1.03638006523497,0.536085694749,BFA
2,2021,DHS 2021,324,Bondigui,BFA.13.1.1_1,Sud-Ouest,bondigui,768.132243414396,302.1471862792969,302.9013671875,165.6325225830078,165.2732391357422,339.1445617675781,4.0876917773857713e-4,9.3203277587890625,-0.12766690580192858,1.5298132717745432,-0.14490051928247774,0.32769704925590715,0.536085694749,BFA
1,2010,DHS 2010,325,Diebougou,BFA.13.1.2_1,Sud-Ouest,diebougou,569.1214109021302,283.8391418457031,283.2742919921875,154.16973876953125,154.49461364746094,352.2686767578125,0.03871995583176613,9.105607986450195,-0.5277612872345598,1.6769561310154093,0.17057802861423185,-0.8570682224669175,0.3417457820846476,BFA
2,2021,DHS 2021,325,Diebougou,BFA.13.1.2_1,Sud-Ouest,diebougou,569.1214109021302,283.8391418457031,283.2742919921875,154.16973876953125,154.49461364746094,335.18157958984375,0.047907423228025436,9.319921493530273,-0.5277612872345598,1.4853817402627931,0.24450305347095178,0.3254553881155388,0.3417457820846476,BFA
1,2010,DHS 2010,326,Dolo,BFA.13.1.3_1,Sud-Ouest,dolo,207.43092173567288,301.4133605957031,301.87066650390625,167.75338745117188,166.26425170898438,376.3805236816406,0,9.1068754196167,-0.14370354663605767,1.9472894906811948,-0.14833133318376757,-0.8500748711628108,0.5720428147609223,BFA
2,2021,DHS 2021,326,Dolo,BFA.13.1.3_1,Sud-Ouest,dolo,207.43092173567288,301.4133605957031,301.87066650390625,167.75338745117188,166.26425170898438,355.3292541503906,0,9.320625305175781,-0.14370354663605767,1.7112702244843403,-0.14833133318376757,0.329338829246036,0.5720428147609223,BFA
1,2010,DHS 2010,327,Gueguere,BFA.13.1.4_1,Sud-Ouest,gueguere,642.7151095118846,296.9902038574219,297.0993347167969,189.3990936279297,190.12005615234375,334.14263916015625,0,9.101354598999023,-0.2403648894463796,1.4737335136571206,-0.14833133318376757,-0.880537256941196,0.9390238829202733,BFA
2,2021,DHS 2021,327,Gueguere,BFA.13.1.4_1,Sud-Ouest,gueguere,642.7151095118846,296.9902038574219,297.0993347167969,189.3990936279297,190.12005615234375,296.9786376953125,0.0029262774623930454,9.317558288574219,-0.2403648894463796,1.0570640894378198,-0.12380183800228634,0.3124158662708612,0.9390238829202733,BFA
1,2010,DHS 2010,328,Iolonioro,BFA.13.1.5_1,Sud-Ouest,iolonioro,683.2928189981543,325.202392578125,324.72113037109375,196.21401977539063,196.2294158935547,379.081298828125,0,9.079432487487793,0.3761694562076365,1.977569610713371,-0.14833133318376757,-1.0014975025600839,1.054564067038069,BFA
2,2021,DHS 2021,328,Iolonioro,BFA.13.1.5_1,Sud-Ouest,iolonioro,683.2928189981543,325.202392578125,324.72113037109375,196.21401977539063,196.2294158935547,365.1456604003906,0,9.322792053222656,0.3761694562076365,1.821328242428384,-0.14833133318376757,0.3412943553280003,1.054564067038069,BFA
1,2010,DHS 2010,329,Tiankoura,BFA.13.1.6_1,Sud-Ouest,tiankoura,559.8809217400055,282.7635192871094,283.5433044433594,168.20419311523438,166.4705810546875,375.1727600097656,0,9.1068754196167,-0.5512673773468327,1.9337484785749177,-0.14833133318376757,-0.8500748711628108,0.5796857691084955,BFA
2,2021,DHS 2021,329,Tiankoura,BFA.13.1.6_1,Sud-Ouest,tiankoura,559.8809217400055,282.7635192871094,283.5433044433594,168.20419311523438,166.4705810546875,347.6742858886719,0,9.320624351501465,-0.5512673773468327,1.6254454722427216,-0.14833133318376757,0.32933356713068307,0.5796857691084955,BFA
1,2010,DHS 2010,330,Dano,BFA.13.2.1_1,Sud-Ouest,dano,654.4069634851672,292.7115173339844,292.33514404296875,165.52394104003906,166.4614715576172,310.9539489746094,0.008126468397676945,9.11185073852539,-0.33386905610645756,1.2137502554724064,-0.08038736238083997,-0.8226224153663285,0.534244804445137,BFA
2,2021,DHS 2021,330,Dano,BFA.13.2.1_1,Sud-Ouest,dano,654.4069634851672,292.7115173339844,292.33514404296875,165.52394104003906,166.4614715576172,268.31951904296875,0.023877516388893127,9.324380874633789,-0.33386905610645756,0.7357483538650252,0.04975879841684339,0.3500610395060604,0.534244804445137,BFA
1,2010,DHS 2010,331,Dissin,BFA.13.2.2_1,Sud-Ouest,dissin,393.8146742057908,282.6806945800781,282.5339660644531,165.1090545654297,165.1730194091797,293.41998291015625,0.005771852098405361,9.118993759155273,-0.5530773849665543,1.0171657312987215,-0.10001737449033282,-0.7832091713725291,0.5272108236466495,BFA
2,2021,DHS 2021,331,Dissin,BFA.13.2.2_1,Sud-Ouest,dissin,393.8146742057908,282.6806945800781,282.5339660644531,165.1090545654297,165.1730194091797,283.8033447265625,0.008166824467480183,9.331012725830078,-0.5530773849665543,0.90934744109997,-0.0800513208747367,0.38665378967066405,0.5272108236466495,BFA
1,2010,DHS 2010,332,Koper,BFA.13.2.3_1,Sud-Ouest,koper,425.0600631255774,269.03009033203125,269.34600830078125,197.7550506591797,200.64907836914063,284.69219970703125,0,9.126185417175293,-0.8513905162577646,0.9193129636036951,-0.14833133318376757,-0.7435275594957277,1.0806906879568496,BFA
2,2021,DHS 2021,332,Koper,BFA.13.2.3_1,Sud-Ouest,koper,425.0600631255774,269.03009033203125,269.34600830078125,197.7550506591797,200.64907836914063,267.825439453125,0,9.333815574645996,-0.8513905162577646,0.7302089111219329,-0.14833133318376757,0.40211914669306414,1.0806906879568496,BFA
1,2010,DHS 2010,333,Niego,BFA.13.2.4_1,Sud-Ouest,niego,148.92442393730929,267.7735595703125,268.2523498535156,191.31866455078125,193.91812133789063,275.74859619140625,0,9.126250267028809,-0.8788500791665408,0.819040496150846,-0.14833133318376757,-0.7431697356517253,0.9715682675628081,BFA
2,2021,DHS 2021,333,Niego,BFA.13.2.4_1,Sud-Ouest,niego,148.92442393730929,267.7735595703125,268.2523498535156,191.31866455078125,193.91812133789063,253.020263671875,0,9.33375072479248,-0.8788500791665408,0.5642186026220645,-0.14833133318376757,0.40176132284906174,0.9715682675628081,BFA
1,2010,DHS 2010,334,Oronkua,BFA.13.2.5_1,Sud-Ouest,oronkua,390.76537183485556,302.1312255859375,302.19384765625,174.73263549804688,174.8033447265625,351.3857116699219,0.001237615942955017,9.102185249328613,-0.12801570240661334,1.6670566438698942,-0.13794828052521196,-0.8759539544687529,0.6903689105822455,BFA
2,2021,DHS 2021,334,Oronkua,BFA.13.2.5_1,Sud-Ouest,oronkua,390.76537183485556,302.1312255859375,302.19384765625,174.73263549804688,174.8033447265625,283.00238037109375,3.4850684460252523e-4,9.318107604980469,-0.12801570240661334,0.900367316687666,-0.1454062150287115,0.3154468447141761,0.6903689105822455,BFA
1,2010,DHS 2010,335,Ouessa,BFA.13.2.6_1,Sud-Ouest,ouessa,186.6529034595127,264.03472900390625,263.55609130859375,163.1544189453125,163.9794921875,266.49420166015625,0.004495125263929367,9.126249313354492,-0.9605565174578362,0.7152835515580553,-0.11068043981304371,-0.7431749977670783,0.4940719525063242,BFA
2,2021,DHS 2021,335,Ouessa,BFA.13.2.6_1,Sud-Ouest,ouessa,186.6529034595127,264.03472900390625,263.55609130859375,163.1544189453125,163.9794921875,267.9064636230469,0.011197182349860668,9.333749771118164,-0.9605565174578362,0.7311173249874615,-0.054856144696283755,0.40175606073370873,0.4940719525063242,BFA
1,2010,DHS 2010,336,Zambo,BFA.13.2.7_1,Sud-Ouest,zambo,432.3268196386312,268.22039794921875,267.8022766113281,197.6366729736328,198.3479766845703,324.6934814453125,0.001797790639102459,9.113297462463379,-0.869085108065596,1.3677929542659102,-0.13325288009107336,-0.8146397863758621,1.0786837139577814,BFA
2,2021,DHS 2021,336,Zambo,BFA.13.2.7_1,Sud-Ouest,zambo,432.3268196386312,268.22039794921875,267.8022766113281,197.6366729736328,198.3479766845703,306.3252258300781,0.0011752559803426266,9.326129913330078,-0.869085108065596,1.1618546755702575,-0.1384711460184275,0.3597117590634206,1.0786837139577814,BFA
1,2010,DHS 2010,337,Batié,BFA.13.3.1_1,Sud-Ouest,batié,1300.3552924796647,276.43670654296875,276.8099670410156,279.6173400878906,281.91802978515625,371.24713134765625,9.267539135180414e-4,9.020649909973145,-0.689530218060845,1.8897357412520215,-0.14055506854428287,-1.3258437686868947,2.4685830565955746,BFA
2,2021,DHS 2021,337,Batié,BFA.13.3.1_1,Sud-Ouest,batié,1300.3552924796647,276.43670654296875,276.8099670410156,279.6173400878906,281.91802978515625,350.3047180175781,0.0010244582081213593,9.2371673583984375,-0.689530218060845,1.6549369316496458,-0.13973566483073685,-0.13115940952370786,2.4685830565955746,BFA
1,2010,DHS 2010,338,Boussoukoula,BFA.13.3.2_1,Sud-Ouest,boussoukoula,186.86991217251546,309.40594482421875,308.4716796875,275.9161071777344,276.2108154296875,385.8450012207031,0,8.883749961853027,0.0309621886670797,2.0534018104341736,-0.14833133318376757,-2.0812204276067767,2.4058323939106057,BFA
2,2021,DHS 2021,338,Boussoukoula,BFA.13.3.2_1,Sud-Ouest,boussoukoula,186.86991217251546,309.40594482421875,308.4716796875,275.9161071777344,276.2108154296875,379.8580322265625,0,9.157500267028809,0.0309621886670797,1.986278066346304,-0.14833133318376757,-0.5707407397653672,2.4058323939106057,BFA
1,2010,DHS 2010,339,Kpuéré,BFA.13.3.3_1,Sud-Ouest,kpuéré,600.4024276932761,NA,271.484375,NA,397.5502014160156,374.22796630859375,0,8.996980667114258,NA,1.923155791244257,-0.14833133318376757,-1.4564442096324366,NA,BFA
2,2021,DHS 2021,339,Kpuéré,BFA.13.3.3_1,Sud-Ouest,kpuéré,600.4024276932761,NA,271.484375,NA,397.5502014160156,367.9652404785156,0,9.20948600769043,NA,1.852940360644554,-0.14833133318376757,-0.2838975697592251,NA,BFA
1,2010,DHS 2010,340,Legmoin,BFA.13.3.4_1,Sud-Ouest,legmoin,196.11367812299147,285.3846435546875,284.2810363769531,191.3395233154297,192.63803100585938,340.97412109375,0,9.112499237060547,-0.4939867051101816,1.5503256332255086,-0.14833133318376757,-0.819044176926304,0.9719219068328167,BFA
2,2021,DHS 2021,340,Legmoin,BFA.13.3.4_1,Sud-Ouest,legmoin,196.11367812299147,285.3846435546875,284.2810363769531,191.3395233154297,192.63803100585938,330.5476379394531,0.0036133513785898685,9.34749984741211,-0.4939867051101816,1.4334276523489657,-0.11805282222650373,0.47762523989293454,0.9719219068328167,BFA
1,2010,DHS 2010,341,Midebdo,BFA.13.3.5_1,Sud-Ouest,midebdo,583.8409115202666,307.74456787109375,307.123046875,183.37890625,183.46267700195313,372.4181213378906,0,9.001871109008789,-0.005344670145612114,1.9028644600596312,-0.14833133318376757,-1.4294600821023693,0.8369576912963511,BFA
2,2021,DHS 2021,341,Midebdo,BFA.13.3.5_1,Sud-Ouest,midebdo,583.8409115202666,307.74456787109375,307.123046875,183.37890625,183.46267700195313,405.4382629394531,0,9.231842041015625,-0.005344670145612114,2.273074417181122,-0.14833133318376757,-0.16054306165473273,0.8369576912963511,BFA
1,2010,DHS 2010,342,Bouroum-Bouroum,BFA.13.4.1_1,Sud-Ouest,bouroum bouroum,288.2579575491644,321.17559814453125,321.6043701171875,143.627197265625,142.37022399902344,375.81951904296875,0,9.094693183898926,0.28817000689950484,1.940999708349739,-0.14833133318376757,-0.9172931326817421,0.1630076475731448,BFA
2,2021,DHS 2021,342,Bouroum-Bouroum,BFA.13.4.1_1,Sud-Ouest,bouroum bouroum,288.2579575491644,321.17559814453125,321.6043701171875,143.627197265625,142.37022399902344,360.77294921875,0.0010765752522274852,9.306727409362793,0.28817000689950484,1.7723029766196137,-0.13929861440287958,0.25265402220709876,0.1630076475731448,BFA
1,2010,DHS 2010,343,Boussera,BFA.13.4.2_1,Sud-Ouest,boussera,427.45431176961023,297.502197265625,297.5138854980469,227.873046875,229.69236755371094,314.8670349121094,0,9.096687316894531,-0.22917605457678866,1.2576223682760062,-0.14833133318376757,-0.9062900494786666,1.5913108697076745,BFA
2,2021,DHS 2021,343,Boussera,BFA.13.4.2_1,Sud-Ouest,boussera,427.45431176961023,297.502197265625,297.5138854980469,227.873046875,229.69236755371094,320.01531982421875,0,9.322990417480469,-0.22917605457678866,1.3153430879373367,-0.14833133318376757,0.34238887532141954,1.5913108697076745,BFA
1,2010,DHS 2010,344,Djigouè,BFA.13.4.3_1,Sud-Ouest,djigouè,780.2594001313871,360.0261535644531,359.78826904296875,233.6595001220703,235.9149627685547,331.49066162109375,0,8.907367706298828,1.1371896275055184,1.444000494856952,-0.14833133318376757,-1.9509041408902956,1.6894143354076823,BFA
2,2021,DHS 2021,344,Djigouè,BFA.13.4.3_1,Sud-Ouest,djigouè,780.2594001313871,360.0261535644531,359.78826904296875,233.6595001220703,235.9149627685547,378.1299133300781,0,9.187711715698242,1.1371896275055184,1.9669030185258536,-0.14833133318376757,-0.4040421874984014,1.6894143354076823,BFA
1,2010,DHS 2010,345,Gaoua,BFA.13.4.4_1,Sud-Ouest,gaoua,783.3563510068558,307.580322265625,307.75384521484375,119.44441223144531,120.94522094726563,363.0030822753906,0.03375278785824776,9.063192367553711,-0.008934007289805855,1.7973064267330765,0.13033796913297604,-1.0911060649059332,-0.24698702806559233,BFA
2,2021,DHS 2021,345,Gaoua,BFA.13.4.4_1,Sud-Ouest,gaoua,783.3563510068558,307.580322265625,307.75384521484375,119.44441223144531,120.94522094726563,362.8436584472656,0.08946368098258972,9.270790100097656,-0.008934007289805855,1.7955190240839156,0.5709773492038709,0.05436172936085758,-0.24698702806559233,BFA
1,2010,DHS 2010,346,Gbomblora,BFA.13.4.5_1,Sud-Ouest,gbomblora,679.1460873077378,292.5039367675781,292.1849365234375,220.77261352539063,222.87913513183594,344.5143737792969,0,9.09025764465332,-0.33840541271270164,1.5900176736392158,-0.14833133318376757,-0.9417672311884392,1.4709301995758848,BFA
2,2021,DHS 2021,346,Gbomblora,BFA.13.4.5_1,Sud-Ouest,gbomblora,679.1460873077378,292.5039367675781,292.1849365234375,220.77261352539063,222.87913513183594,348.6295166015625,1.4485111751127988e-4,9.313024520874023,-0.33840541271270164,1.6361551755967385,-0.1471154323237264,0.28739976988280747,1.4709301995758848,BFA
1,2010,DHS 2010,347,Kampti,BFA.13.4.6_1,Sud-Ouest,kampti,1347.6696349753593,359.6175842285156,359.0657043457031,165.05203247070313,165.45199584960938,373.56103515625,0,8.962718963623047,1.12826096795768,1.91567839892137,-0.14833133318376757,-1.6454909658034969,0.5262440716700424,BFA
2,2021,DHS 2021,347,Kampti,BFA.13.4.6_1,Sud-Ouest,kampti,1347.6696349753593,359.6175842285156,359.0657043457031,165.05203247070313,165.45199584960938,409.424560546875,5.274421419017017e-4,9.213945388793945,1.12826096795768,2.3177673529087905,-0.1439047555368284,-0.2592919183687035,0.5262440716700424,BFA
1,2010,DHS 2010,348,Loropeni,BFA.13.4.7_1,Sud-Ouest,loropeni,2067.778114278773,349.5677795410156,349.8914489746094,147.14906311035156,145.28604125976563,371.4985656738281,0,9.004350662231445,0.9086378178966006,1.8925547325281389,-0.14833133318376757,-1.4157785821846285,0.22271732297285396,BFA
2,2021,DHS 2021,348,Loropeni,BFA.13.4.7_1,Sud-Ouest,loropeni,2067.778114278773,349.5677795410156,349.8914489746094,147.14906311035156,145.28604125976563,371.7618103027344,0,9.257099151611328,0.9086378178966006,1.8955061366727908,-0.14833133318376757,-0.02118119864648362,0.22271732297285396,BFA
1,2010,DHS 2010,349,Malba,BFA.13.4.8_1,Sud-Ouest,malba,179.262127374429,282.32843017578125,282.23406982421875,195.01931762695313,196.37322998046875,331.38287353515625,0,9.097930908203125,-0.5607755861288414,1.442792013586501,-0.14833133318376757,-0.8994282510583843,1.0343090997486841,BFA
2,2021,DHS 2021,349,Malba,BFA.13.4.8_1,Sud-Ouest,malba,179.262127374429,282.32843017578125,282.23406982421875,195.01931762695313,196.37322998046875,329.0022277832031,0,9.317949295043945,-0.5607755861288414,1.4161010692414797,-0.14833133318376757,0.31457333356558187,1.0343090997486841,BFA
1,2010,DHS 2010,350,Nako,BFA.13.4.9_1,Sud-Ouest,nako,700.5640333125145,279.16070556640625,281.2928771972656,210.67994689941406,207.45420837402344,336.7519226074219,0,9.111788749694824,-0.6300013749744955,1.5029878616482968,-0.14833133318376757,-0.8229644528642721,1.2998192388739371,BFA
2,2021,DHS 2021,350,Nako,BFA.13.4.9_1,Sud-Ouest,nako,700.5640333125145,279.16070556640625,281.2928771972656,210.67994689941406,207.45420837402344,318.8948059082031,0,9.325674057006836,-0.6300013749744955,1.3027802887280642,-0.14833133318376757,0.3571964679246975,1.2998192388739371,BFA
1,2010,DHS 2010,351,Perigban,BFA.13.4.10_1,Sud-Ouest,perigban,302.42428668499025,312.8116149902344,312.8849792480469,144.92715454101563,146.36538696289063,390.4979248046875,0,9.0625,0.10538791465752731,2.1055687169635786,-0.14833133318376757,-1.0949263606521946,0.18504710914527941,BFA
2,2021,DHS 2021,351,Perigban,BFA.13.4.10_1,Sud-Ouest,perigban,302.42428668499025,312.8116149902344,312.8849792480469,144.92715454101563,146.36538696289063,402.4520568847656,0,9.270000457763672,0.10538791465752731,2.2395941484166326,-0.14833133318376757,0.050004697848592426,0.18504710914527941,BFA
