time,year,label,district_id,district_name,district_code,region,name_clean,area_km2,elev_mean_pw,elev_mean_uw,travel_time_pw,travel_time_uw,rainfall_sep_dec,nightlights,temp_sep_dec,elev_std,rainfall_std,ntl_std,temp_std,travel_std,country
1,2014,DHS 2014,1,Asunafo North,GHA1.1_2,Ahafo,asunafo north,1417.5245785172697,230.9906768798828,231.10789489746094,123.286865234375,124.16492462158203,324.17681884765625,0.030972043052315712,8.709345817565918,0.6346780201728257,-0.10087098921373935,-0.6004585634415182,-0.6625680867149133,0.27010200418593,GHA
2,2022,DHS 2022,1,Asunafo North,GHA1.1_2,Ahafo,asunafo north,1417.5245785172697,230.9906768798828,231.10789489746094,123.286865234375,124.16492462158203,498.60443115234375,0.15810589492321014,8.790083885192871,0.6346780201728257,0.4268231842389682,-0.4889394037720091,-0.13759036720884205,0.27010200418593,GHA
1,2014,DHS 2014,2,Asunafo South,GHA1.2_2,Ahafo,asunafo south,927.4042481016039,209.552001953125,213.5439910888672,101.25437927246094,106.18099212646484,347.8316955566406,0.01645754650235176,8.704545021057129,0.4076582554249432,-0.029308118816425765,-0.6140561175276554,-0.6937839837146009,-0.03636559254730016,GHA
2,2022,DHS 2022,2,Asunafo South,GHA1.2_2,Ahafo,asunafo south,927.4042481016039,209.552001953125,213.5439910888672,101.25437927246094,106.18099212646484,573.7142333984375,0.08523442596197128,8.771869659423828,0.4076582554249432,0.6540521446699288,-0.5512663290404407,-0.2560235052297073,-0.03636559254730016,GHA
1,2014,DHS 2014,3,Asutifi North,GHA1.3_2,Ahafo,asutifi north,940.1355478956202,256.3790283203125,256.49298095703125,101.65795135498047,101.95581817626953,318.09124755859375,0.2529907524585724,8.610567092895508,0.9035219478424988,-0.1192816093497295,-0.4134185039874036,-1.3048503599641494,-0.03075198333169983,GHA
2,2022,DHS 2022,3,Asutifi North,GHA1.3_2,Ahafo,asutifi north,940.1355478956202,256.3790283203125,256.49298095703125,101.65795135498047,101.95581817626953,500.54595947265625,0.4510170817375183,8.713536262512207,0.9035219478424988,0.4326968711437267,-0.2726991819729018,-0.635320837724721,-0.03075198333169983,GHA
1,2014,DHS 2014,4,Asutifi South,GHA1.4_2,Ahafo,asutifi south,599.7596913577988,200.98391723632813,201.39442443847656,76.958892822265625,77.93331146240234,324.8949890136719,0.055902402848005295,8.679309844970703,0.31692855392089053,-0.09869831593600152,-0.5775439041205405,-0.8578689758696937,-0.374311086157376,GHA
2,2022,DHS 2022,4,Asutifi South,GHA1.4_2,Ahafo,asutifi south,599.7596913577988,200.98391723632813,201.39442443847656,76.958892822265625,77.93331146240234,506.434326171875,0.34049248695373535,8.732683181762695,0.31692855392089053,0.45051089013575973,-0.3486806042751714,-0.5108231094643455,-0.374311086157376,GHA
1,2014,DHS 2014,5,Tano North,GHA1.5_2,Ahafo,tano north,841.0711354108049,271.2559509277344,271.4891662597656,57.303585052490234,57.58964538574219,337.7601318359375,0.0515081062912941,8.5706939697265625,1.0610575922817016,-0.05977752341785472,-0.5815433642268588,-1.56411469320947,-0.6477125963486364,GHA
2,2022,DHS 2022,5,Tano North,GHA1.5_2,Ahafo,tano north,841.0711354108049,271.2559509277344,271.4891662597656,57.303585052490234,57.58964538574219,456.0090637207031,0.2657714784145355,8.685652732849121,1.0610575922817016,0.2979598299066798,-0.4036858205848866,-0.8166260416335152,-0.6477125963486364,GHA
1,2014,DHS 2014,6,Tano South,GHA1.6_2,Ahafo,tano south,491.213456441849,297.5416564941406,296.81390380859375,69.84822845458984,68.97888946533203,352.0978698730469,0.06585519760847092,8.59488582611084,1.3394038386940539,-0.016401702796875247,-0.5685465878734226,-1.4068136087456085,-0.4732190452367651,GHA
2,2022,DHS 2022,6,Tano South,GHA1.6_2,Ahafo,tano south,491.213456441849,297.5416564941406,296.81390380859375,69.84822845458984,68.97888946533203,449.6359558105469,0.3531927466392517,8.632251739501953,1.3394038386940539,0.27867932800368816,-0.3396372510938414,-1.1638517374017936,-0.4732190452367651,GHA
1,2014,DHS 2014,7,Adansi Akrofuom,GHA2.1_2,Ashanti,adansi akrofuom,570.8592388209779,159.87557983398438,158.759521484375,81.63334655761719,81.15028381347656,355.55572509765625,0.03343765065073967,8.720550537109375,-0.11837843767907977,-0.005940686730898089,-0.5981677548930847,-0.5897123906780974,-0.3092903433873482,GHA
2,2022,DHS 2022,7,Adansi Akrofuom,GHA2.1_2,Ashanti,adansi akrofuom,570.8592388209779,159.87557983398438,158.759521484375,81.63334655761719,81.15028381347656,516.64093017578125,0.15663227438926697,8.76009464263916,-0.11837843767907977,0.4813888308037331,-0.4901604844765056,-0.3325874067503955,-0.3092903433873482,GHA
1,2014,DHS 2014,8,Adansi Asokwa,GHA2.2_2,Ashanti,adansi asokwa,598.6514356838657,192.9258575439453,186.77346801757813,67.12586975097656,65.36528015136719,335.75433349609375,0.02198806405067444,8.723310470581055,0.23159964147929532,-0.06584564579292788,-0.6088522260568698,-0.5717666604601601,-0.5110865255921082,GHA
2,2022,DHS 2022,8,Adansi Asokwa,GHA2.2_2,Ashanti,adansi asokwa,598.6514356838657,192.9258575439453,186.77346801757813,67.12586975097656,65.36528015136719,576.4664306640625,0.2326153814792633,8.701547622680664,0.23159964147929532,0.6623783405174412,-0.42914179524138785,-0.7132737660487326,-0.5110865255921082,GHA
1,2014,DHS 2014,9,Adansi North,GHA2.3_2,Ashanti,adansi north,259.0451784491107,261.3394775390625,263.4306945800781,29.379810333251953,29.478504180908203,315.7808532714844,0.1825079619884491,8.726622581481934,0.9560494486573426,-0.12627122290676424,-0.46894202381483197,-0.5502305439961324,-1.036126874461338,GHA
2,2022,DHS 2022,9,Adansi North,GHA2.3_2,Ashanti,adansi north,259.0451784491107,261.3394775390625,263.4306945800781,29.379810333251953,29.478504180908203,563.7161865234375,0.9561267495155334,8.752702713012695,0.9560494486573426,0.6238051498728626,0.01376353462671841,-0.3806514547528944,-1.036126874461338,GHA
1,2014,DHS 2014,10,Adansi South,GHA2.4_2,Ashanti,adansi south,763.6903398807265,127.24115753173828,129.2974090576172,82.76898193359375,81.26263427734375,368.09417724609375,0.029682647436857224,8.714406967163086,-0.46395291460219135,0.031991771642083056,-0.6016587300577106,-0.6296593132986751,-0.29349387606893484,GHA
2,2022,DHS 2022,10,Adansi South,GHA2.4_2,Ashanti,adansi south,763.6903398807265,127.24115753173828,129.2974090576172,82.76898193359375,81.26263427734375,579.45849609375,0.26083460450172424,8.71285343170166,-0.46395291460219135,0.6714302072085782,-0.4074336133572982,-0.639760762685344,-0.29349387606893484,GHA
1,2014,DHS 2014,11,Afigya-Kwabre North,GHA2.5_2,Ashanti,afigya kwabre north,187.25902867300888,295.3217468261719,300.8684387207031,82.23289489746094,81.54840087890625,356.4051818847656,0.0563567653298378,8.634865760803223,1.3158966316345908,-0.0033708333043977485,-0.5771313168881932,-1.1468547620986262,-0.3009507425291003,GHA
2,2022,DHS 2022,11,Afigya-Kwabre North,GHA2.5_2,Ashanti,afigya kwabre north,187.25902867300888,295.3217468261719,300.8684387207031,82.23289489746094,81.54840087890625,476.5752258300781,0.42412516474723816,8.622232437133789,1.3158966316345908,0.3601784418111058,-0.29063972603990823,-1.2289995748826674,-0.3009507425291003,GHA
1,2014,DHS 2014,12,Afigya-Kwabre South,GHA2.6_2,Ashanti,afigya kwabre south,224.01131751966426,273.770751953125,277.8235778808594,66.49312591552734,71.08880615234375,360.12359619140625,1.508090615272522,8.661874771118164,1.0876874814480024,0.007878449639806816,0.2521346867176148,-0.9712358866659374,-0.519887869341202,GHA
2,2022,DHS 2022,12,Afigya-Kwabre South,GHA2.6_2,Ashanti,afigya kwabre south,224.01131751966426,273.770751953125,277.8235778808594,66.49312591552734,71.08880615234375,556.677978515625,4.9931769371032715,8.710624694824219,1.0876874814480024,0.6025125270581717,1.0875424041239516,-0.6542525289325173,-0.519887869341202,GHA
1,2014,DHS 2014,13,Ahafo-Ano North,GHA2.7_2,Ashanti,ahafo ano north,596.2397379469718,228.0140380859375,228.0541229248047,77.62138366699219,78.001434326171875,342.0356140136719,0.053227249532938004,8.673580169677734,0.6031576094641644,-0.04684294841518645,-0.5799767026840122,-0.8951246590588323,-0.3650959672918933,GHA
2,2022,DHS 2022,13,Ahafo-Ano North,GHA2.7_2,Ashanti,ahafo ano north,596.2397379469718,228.0140380859375,228.0541229248047,77.62138366699219,78.001434326171875,512.7149658203125,0.2674870491027832,8.726922988891602,0.6031576094641644,0.4695116486982701,-0.4023868787957151,-0.5482772250539588,-0.3650959672918933,GHA
1,2014,DHS 2014,14,Ahafo-Ano South East,GHA2.8_2,Ashanti,ahafo ano south east,689.293224871085,272.5342712402344,273.49652099609375,103.69374084472656,103.64142608642578,347.23443603515625,0.02997949905693531,8.653644561767578,1.0745940621245267,-0.031115002287237268,-0.6013822881014936,-1.0247506246689777,-0.0024345472758797843,GHA
2,2022,DHS 2022,14,Ahafo-Ano South East,GHA2.8_2,Ashanti,ahafo ano south east,689.293224871085,272.5342712402344,273.49652099609375,103.69374084472656,103.64142608642578,513.38385009765625,0.18730509281158447,8.68243408203125,1.0745940621245267,0.4715352178522861,-0.46505937074457476,-0.8375544588710888,-0.0024345472758797843,GHA
1,2014,DHS 2014,15,Ahafo-Ano South West,GHA2.9_2,Ashanti,ahafo ano south west,506.8048793740951,322.2128601074219,326.96649169921875,120.97371673583984,122.70854949951172,353.6690368652344,0.012580153532326221,8.664861679077148,1.6006536994932279,-0.011648466446598846,-0.6177214278444662,-0.951814315469469,0.23792655823495648,GHA
2,2022,DHS 2022,15,Ahafo-Ano South West,GHA2.9_2,Ashanti,ahafo ano south west,506.8048793740951,322.2128601074219,326.96649169921875,120.97371673583984,122.70854949951172,529.84832763671875,0.059944480657577515,8.711735725402832,1.6006536994932279,0.5213450429797999,-0.573879684633221,-0.6470283493527326,0.23792655823495648,GHA
1,2014,DHS 2014,16,Amansie Central,GHA2.10_2,Ashanti,amansie central,853.540387686188,178.8441162109375,172.7322235107422,62.51527404785156,69.16490936279297,334.38568115234375,0.04714442789554596,8.727499961853027,0.08248438059766458,-0.06998621653018987,-0.5855315312650331,-0.5445256124824827,-0.5752190155475233,GHA
2,2022,DHS 2022,16,Amansie Central,GHA2.10_2,Ashanti,amansie central,853.540387686188,178.8441162109375,172.7322235107422,62.51527404785156,69.16490936279297,564.21112060546875,0.2568141520023346,8.7662506103515625,0.08248438059766458,0.6253024691784485,-0.4104965688244858,-0.2925598709671249,-0.5752190155475233,GHA
1,2014,DHS 2014,17,Amansie South,GHA2.11_2,Ashanti,amansie south,595.6983216185465,177.00125122070313,176.7686767578125,119.98611450195313,120.60235595703125,337.7502746582031,0.01599450409412384,8.738961219787598,0.06296979875086633,-0.05980734424259909,-0.614493096949367,-0.4700018440791758,0.22418920314616478,GHA
2,2022,DHS 2022,17,Amansie South,GHA2.11_2,Ashanti,amansie south,595.6983216185465,177.00125122070313,176.7686767578125,119.98611450195313,120.60235595703125,625.44244384765625,0.32169651985168457,8.790704727172852,0.06296979875086633,0.8105450009128198,-0.3622229384203435,-0.1335535080616834,0.22418920314616478,GHA
1,2014,DHS 2014,18,Amansie West,GHA2.12_2,Ashanti,amansie west,640.866658518286,230.87750244140625,230.11685180664063,93.45603942871094,96.2277603149414,329.0644226074219,0.05189523100852966,8.704855918884277,0.6334795862917114,-0.086084568691806,-0.5811903527168347,-0.6917624536347642,-0.14483898381846072,GHA
2,2022,DHS 2022,18,Amansie West,GHA2.12_2,Ashanti,amansie west,640.866658518286,230.87750244140625,230.11685180664063,93.45603942871094,96.2277603149414,638.29571533203125,0.6436012983322144,8.747056007385254,0.6334795862917114,0.8494298791869246,-0.15318052614307295,-0.41736764985324226,-0.14483898381846072,GHA
1,2014,DHS 2014,19,Asante-Akim Central,GHA2.13_2,Ashanti,asante akim central,301.6786823017916,221.710205078125,225.57861328125,96.681915283203125,96.75023651123047,342.76702880859375,0.3748716711997986,8.666998863220215,0.5364046645488344,-0.044630206289340085,-0.3243948714845071,-0.9379178464237201,-0.09996767777542309,GHA
2,2022,DHS 2022,19,Asante-Akim Central,GHA2.13_2,Ashanti,asante akim central,301.6786823017916,221.710205078125,225.57861328125,96.681915283203125,96.75023651123047,552.1224365234375,1.2515915632247925,8.620508193969727,0.5364046645488344,0.588730689799531,0.1486706844390707,-1.2402110055094921,-0.09996767777542309,GHA
1,2014,DHS 2014,20,Asante-Akim North,GHA2.14_2,Ashanti,asante akim north,1131.0895384927271,215.74826049804688,210.9490203857422,150.18345642089844,151.7208251953125,350.1906433105469,0.021386804059147835,8.680749893188477,0.473272066072799,-0.02217161692450468,-0.6094166101823876,-0.8485054469722904,0.6442283590375328,GHA
2,2022,DHS 2022,20,Asante-Akim North,GHA2.14_2,Ashanti,asante akim north,1131.0895384927271,215.74826049804688,210.9490203857422,150.18345642089844,151.7208251953125,483.0232849121094,0.15196000039577484,8.670324325561523,0.473272066072799,0.3796856927715964,-0.49404236510535293,-0.9162949157844846,0.6442283590375328,GHA
1,2014,DHS 2014,21,Asante-Akim South,GHA2.15_2,Ashanti,asante akim south,1158.8797292568893,217.0597686767578,218.8386688232422,108.76172637939453,108.83232116699219,356.93621826171875,0.021034784615039825,8.692858695983887,0.4871599709555896,-0.0017642940741289343,-0.6097471941465795,-0.7697711910714093,0.06806014632217008,GHA
2,2022,DHS 2022,21,Asante-Akim South,GHA2.15_2,Ashanti,asante akim south,1158.8797292568893,217.0597686767578,218.8386688232422,108.76172637939453,108.83232116699219,559.60113525390625,0.23958423733711243,8.652774810791016,0.4871599709555896,0.6113559249497026,-0.4237350038274778,-1.0304059480825087,0.06806014632217008,GHA
1,2014,DHS 2014,22,Asokore-Mampong,GHA2.16_2,Ashanti,asokore mampong,24.027505732504668,270.5222473144531,271.6413879394531,54.98640823364258,55.35892105102539,318.9343566894531,11.669371604919434,8.66187572479248,1.0532882118395415,-0.11673095942647013,1.8054366557995984,-0.9712296856534226,-0.679944075452073,GHA
2,2022,DHS 2022,22,Asokore-Mampong,GHA2.16_2,Ashanti,asokore mampong,24.027505732504668,270.5222473144531,271.6413879394531,54.98640823364258,55.35892105102539,544.8956298828125,24.963050842285156,8.710624694824219,1.0532882118395415,0.5668675013597001,2.4935255769013653,-0.6542525289325173,-0.679944075452073,GHA
1,2014,DHS 2014,23,Asokwa,GHA2.17_2,Ashanti,asokwa,26.826532774033833,245.83486938476563,245.03147888183594,54.07610321044922,54.50312042236328,329.25201416015625,11.20913028717041,8.661874771118164,0.7918670769519246,-0.08551704977631479,1.7699494791143242,-0.9712358866659374,-0.6926062413662829,GHA
2,2022,DHS 2022,23,Asokwa,GHA2.17_2,Ashanti,asokwa,26.826532774033833,245.83486938476563,245.03147888183594,54.07610321044922,54.50312042236328,612.43450927734375,23.699743270874023,8.710625648498535,0.7918670769519246,0.7711922218962862,2.4456878520746552,-0.6542463279200025,-0.6926062413662829,GHA
1,2014,DHS 2014,24,Atwima-Kwanwoma,GHA2.18_2,Ashanti,atwima kwanwoma,252.68213379249005,238.08338928222656,237.3687744140625,55.051048278808594,65.03966522216797,338.5812072753906,1.4115580320358276,8.661874771118164,0.7097846163829664,-0.05729353180872982,0.21449412416227392,-0.9712358866659374,-0.6790449449894915,GHA
2,2022,DHS 2022,24,Atwima-Kwanwoma,GHA2.18_2,Ashanti,atwima kwanwoma,252.68213379249005,238.08338928222656,237.3687744140625,55.051048278808594,65.03966522216797,630.93695068359375,5.435115814208984,8.710624694824219,0.7097846163829664,0.8271674794585654,1.1557753936928172,-0.6542525289325173,-0.6790449449894915,GHA
1,2014,DHS 2014,25,Atwima-Mponua,GHA2.19_2,Ashanti,atwima mponua,1891.514638178744,246.31883239746094,249.43519592285156,132.78329467773438,137.4940185546875,361.89947509765625,0.018173079937696457,8.695610046386719,0.7969918885209286,0.013250998969604116,-0.6124388784351619,-0.7518812699661056,0.40219549168815466,GHA
2,2022,DHS 2022,25,Atwima-Mponua,GHA2.19_2,Ashanti,atwima mponua,1891.514638178744,246.31883239746094,249.43519592285156,132.78329467773438,137.4940185546875,613.46124267578125,0.06836136430501938,8.748771667480469,0.7969918885209286,0.7742983885455113,-0.5662942570157927,-0.4062120283390511,0.40219549168815466,GHA
1,2014,DHS 2014,26,Atwima-Nwabiagya North,GHA2.20_2,Ashanti,atwima nwabiagya north,213.8959290922914,251.88543701171875,247.3788299560547,78.44208526611328,85.874176025390625,356.3039855957031,0.4613550305366516,8.661874771118164,0.8559381281691643,-0.0036769814618353314,-0.2658907068385615,-0.9712358866659374,-0.353680167588104,GHA
2,2022,DHS 2022,26,Atwima-Nwabiagya North,GHA2.20_2,Ashanti,atwima nwabiagya north,213.8959290922914,251.88543701171875,247.3788299560547,78.44208526611328,85.874176025390625,551.2158203125,1.5239903926849365,8.710625648498535,0.8559381281691643,0.5859879125193272,0.25819514385968717,-0.6542463279200025,-0.353680167588104,GHA
1,2014,DHS 2014,27,Atwima-Nwabiagya South,GHA2.21_2,Ashanti,atwima nwabiagya south,367.95914318576774,232.42507934570313,222.15438842773438,69.05760192871094,82.350128173828125,375.4463195800781,1.2288943529129028,8.661874771118164,0.6498672849691252,0.054234136946388053,0.1389541454239765,-0.9712358866659374,-0.48421650651818837,GHA
2,2022,DHS 2022,27,Atwima-Nwabiagya South,GHA2.21_2,Ashanti,atwima nwabiagya south,367.95914318576774,232.42507934570313,222.15438842773438,69.05760192871094,82.350128173828125,629.2281494140625,3.4366774559020996,8.710624694824219,0.6498672849691252,0.8219978594562855,0.7991479728258608,-0.6542525289325173,-0.48421650651818837,GHA
1,2014,DHS 2014,28,Bekwai,GHA2.22_2,Ashanti,bekwai,537.7718105058365,229.24034118652344,229.40045166015625,48.18505859375,49.8741569519043,318.8096923828125,0.28170692920684814,8.718229293823242,0.616143255375384,-0.11710810515117837,-0.39168751206114566,-0.6048056551392098,-0.7745495267971204,GHA
2,2022,DHS 2022,28,Bekwai,GHA2.22_2,Ashanti,bekwai,537.7718105058365,229.24034118652344,229.40045166015625,48.18505859375,49.8741569519043,597.8260498046875,1.160916805267334,8.74328899383545,0.616143255375384,0.7269973903269868,0.10925014853155463,-0.441861649286847,-0.7745495267971204,GHA
1,2014,DHS 2014,29,Bosome Freho,GHA2.23_2,Ashanti,bosome freho,571.4715660020668,262.8572692871094,252.59365844726563,86.730743408203125,86.571746826171875,350.1026916503906,0.026592087000608444,8.721636772155762,0.9721217444850955,-0.022437696233833727,-0.6045415462107827,-0.5826494374236985,-0.23838654410228127,GHA
2,2022,DHS 2022,29,Bosome Freho,GHA2.23_2,Ashanti,bosome freho,571.4715660020668,262.8572692871094,252.59365844726563,86.730743408203125,86.571746826171875,608.979736328125,0.15949136018753052,8.679119110107422,0.9721217444850955,0.7607405306083251,-0.4877927871210398,-0.859109178372661,-0.23838654410228127,GHA
1,2014,DHS 2014,30,Bosomtwe,GHA2.24_2,Ashanti,bosomtwe,424.4651040057184,237.9442596435547,219.5644989013672,67.23124694824219,71.91133880615234,360.11602783203125,0.7079650163650513,8.6609649658203125,0.7083113360636998,0.007855553155173367,-0.11634157790206497,-0.9771516526050916,-0.5096207492629049,GHA
2,2022,DHS 2022,30,Bosomtwe,GHA2.24_2,Ashanti,bosomtwe,424.4651040057184,237.9442596435547,219.5644989013672,67.23124694824219,71.91133880615234,648.890869140625,2.105138063430786,8.64670181274414,0.7083113360636998,0.8814832958321283,0.45692173850979884,-1.0698939957769886,-0.5096207492629049,GHA
1,2014,DHS 2014,31,Ejisu,GHA2.25_2,Ashanti,ejisu,413.25241129824775,257.1640625,242.58871459960938,68.3330078125,76.117919921875,333.4107360839844,0.8923806548118591,8.660311698913574,0.9118348811464722,-0.07293570844383838,-0.018009705005325494,-0.9813993461777547,-0.49429546981747613,GHA
2,2022,DHS 2022,31,Ejisu,GHA2.25_2,Ashanti,ejisu,413.25241129824775,257.1640625,242.58871459960938,68.3330078125,76.117919921875,563.41326904296875,3.5046300888061523,8.621482849121094,0.9118348811464722,0.6228887365403157,0.813725173603175,-1.2338735707193291,-0.49429546981747613,GHA
1,2014,DHS 2014,32,Ejura-Sekyedumase,GHA2.26_2,Ashanti,ejura sekyedumase,1346.4440844405524,223.7565155029297,217.59515380859375,145.43467712402344,148.62564086914063,381.00653076171875,0.03382882475852966,8.728676795959473,0.558073583585453,0.07105539021558448,-0.597804815454959,-0.5368735630391742,0.5781737621552041,GHA
2,2022,DHS 2022,32,Ejura-Sekyedumase,GHA2.26_2,Ashanti,ejura sekyedumase,1346.4440844405524,223.7565155029297,217.59515380859375,145.43467712402344,148.62564086914063,398.5220947265625,0.16032914817333221,8.695662498474121,0.558073583585453,0.12404505697110346,-0.48710009494549533,-0.7515402142777896,0.5781737621552041,GHA
1,2014,DHS 2014,33,Juaben,GHA2.27_2,Ashanti,juaben,171.97142634972207,271.3448486328125,277.3347473144531,97.93858337402344,96.41169738769531,324.3228454589844,0.14072126150131226,8.653124809265137,1.0619989534508227,-0.1004292163146625,-0.5034447472238656,-1.0281301764895636,-0.08248766892164325,GHA
2,2022,DHS 2022,33,Juaben,GHA2.27_2,Ashanti,juaben,171.97142634972207,271.3448486328125,277.3347473144531,97.93858337402344,96.41169738769531,526.4713134765625,1.1228617429733276,8.60562515258789,1.0619989534508227,0.5111285946065405,0.09221062805400305,-1.336984006816033,-0.08248766892164325,GHA
1,2014,DHS 2014,34,Kumasi,GHA2.28_2,Ashanti,kumasi,21.72023290540901,266.1792907714844,266.1066589355469,49.142024993896484,49.13141632080078,306.85888671875,23.22914695739746,8.661874771118164,1.0072995032993282,-0.15326276228181387,2.4272395217711953,-0.9712358866659374,-0.7612383102002137,GHA
2,2022,DHS 2022,34,Kumasi,GHA2.28_2,Ashanti,kumasi,21.72023290540901,266.1792907714844,266.1066589355469,49.142024993896484,49.13141632080078,557.60858154296875,40.10627365112305,8.710624694824219,1.0072995032993282,0.605327871422738,2.9341850743836844,-0.6542525289325173,-0.7612383102002137,GHA
1,2014,DHS 2014,35,Kwabre East,GHA2.29_2,Ashanti,kwabre east,123.53778076051118,293.8596496582031,307.631103515625,66.379669189453125,72.674957275390625,336.5869445800781,2.9630472660064697,8.659586906433105,1.3004141003566652,-0.06332675550964394,0.6908810616799953,-0.9861121156890306,-0.521466030345516,GHA
2,2022,DHS 2022,35,Kwabre East,GHA2.29_2,Ashanti,kwabre east,123.53778076051118,293.8596496582031,307.631103515625,66.379669189453125,72.674957275390625,547.19451904296875,9.317204475402832,8.683177947998047,1.3004141003566652,0.5738223085671106,1.6084770519361935,-0.8327176691095162,-0.521466030345516,GHA
1,2014,DHS 2014,36,Kwadaso,GHA2.30_2,Ashanti,kwadaso,64.36058273496694,248.68772888183594,246.98948669433594,50.59440231323242,50.9280891418457,338.3121337890625,12.50658893585205,8.66187572479248,0.8220767561460113,-0.05810755723216986,1.866804979382731,-0.9712296856534226,-0.7410360240226049,GHA
2,2022,DHS 2022,36,Kwadaso,GHA2.30_2,Ashanti,kwadaso,64.36058273496694,248.68772888183594,246.98948669433594,50.59440231323242,50.9280891418457,613.62762451171875,25.681549072265625,8.710625648498535,0.8220767561460113,0.774801741909308,2.5197049570276144,-0.6542463279200025,-0.7410360240226049,GHA
1,2014,DHS 2014,37,Mampong,GHA2.31_2,Ashanti,mampong,673.3540085238462,312.3288269042969,292.0931396484375,138.01544189453125,145.1741943359375,345.2501220703125,0.0917123481631279,8.743433952331543,1.4959890735217272,-0.03711812818980257,-0.5455587791358968,-0.44091909538459184,0.47497364237246786,GHA
2,2022,DHS 2022,37,Mampong,GHA2.31_2,Ashanti,mampong,673.3540085238462,312.3288269042969,292.0931396484375,138.01544189453125,145.1741943359375,412.22137451171875,0.4811158776283264,8.694244384765625,1.4959890735217272,0.16548935599927483,-0.25300938510690824,-0.7607611198873516,0.47497364237246786,GHA
1,2014,DHS 2014,38,Obuasi,GHA2.32_2,Ashanti,obuasi,146.36893505745024,219.8722686767578,214.1681671142578,7.289840221405029,7.92663049697876,298.6266784667969,3.3287973403930664,8.727499961853027,0.5169422728252127,-0.17816758252103596,0.775540559428667,-0.5445256124824827,-1.3433940645455242,GHA
2,2022,DHS 2022,38,Obuasi,GHA2.32_2,Ashanti,obuasi,146.36893505745024,219.8722686767578,214.1681671142578,7.289840221405029,7.92663049697876,493.16900634765625,4.955258846282959,8.7662506103515625,0.5169422728252127,0.4103794459926193,1.0814554870509447,-0.2925598709671249,-1.3433940645455242,GHA
1,2014,DHS 2014,39,Obuasi East,GHA2.33_2,Ashanti,obuasi east,75.34026892462748,180.1160125732422,181.08624267578125,13.733400344848633,14.313010215759277,309.2045593261719,0.84981769323349,8.727499961853027,0.09595282554309875,-0.14616642156253615,-0.039826165052213466,-0.5445256124824827,-1.253765395821921,GHA
2,2022,DHS 2022,39,Obuasi East,GHA2.33_2,Ashanti,obuasi east,75.34026892462748,180.1160125732422,181.08624267578125,13.733400344848633,14.313010215759277,507.58056640625,2.3064510822296143,8.766249656677246,0.09595282554309875,0.4539785996633097,0.5171651382729041,-0.29256607197963974,-1.253765395821921,GHA
1,2014,DHS 2014,40,Offinso,GHA2.34_2,Ashanti,offinso,588.3678989989616,301.849365234375,314.8317565917969,75.96795654296875,76.4209976196289,364.0352783203125,0.1303141713142395,8.631457328796387,1.3850192989849246,0.01971242386297767,-0.5122343442890782,-1.1690171808266525,-0.3880948171697025,GHA
2,2022,DHS 2022,40,Offinso,GHA2.34_2,Ashanti,offinso,588.3678989989616,301.849365234375,314.8317565917969,75.96795654296875,76.4209976196289,476.3155822753906,0.6396801471710205,8.611074447631836,1.3850192989849246,0.35939294466892274,-0.15547121549650875,-1.3015514213062565,-0.3880948171697025,GHA
1,2014,DHS 2014,41,Offinso North,GHA2.35_2,Ashanti,offinso north,950.1957881690414,326.4615173339844,319.0514221191406,86.57823944091797,81.27498626708984,372.5355529785156,0.02730664610862732,8.6107330322265625,1.645643847781953,0.04542822281599098,-0.6038742484488704,-1.3037713837865679,-0.24050784464126523,GHA
2,2022,DHS 2022,41,Offinso North,GHA2.35_2,Ashanti,offinso north,950.1957881690414,326.4615173339844,319.0514221191406,86.57823944091797,81.27498626708984,426.1457214355469,0.1453162580728531,8.597387313842773,1.645643847781953,0.2076145484716869,-0.499589404943786,-1.390548352919192,-0.24050784464126523,GHA
1,2014,DHS 2014,42,Oforikrom,GHA2.36_2,Ashanti,oforikrom,45.55913451992756,258.64056396484375,258.5877380371094,55.262874603271484,56.08110427856445,335.983154296875,10.994414329528809,8.66187572479248,0.9274699433107093,-0.06515339643090526,1.7529334875785922,-0.9712296856534226,-0.676098481994113,GHA
2,2022,DHS 2022,42,Oforikrom,GHA2.36_2,Ashanti,oforikrom,45.55913451992756,258.64056396484375,258.5877380371094,55.262874603271484,56.08110427856445,594.0213623046875,23.611839294433594,8.710625648498535,0.9274699433107093,0.7154871059228679,2.442268683138283,-0.6542463279200025,-0.676098481994113,GHA
1,2014,DHS 2014,43,Old Tafo,GHA2.37_2,Ashanti,old tafo,29.236986803482704,278.8359680175781,279.1450500488281,54.26520538330078,54.885353088378906,330.1182861328125,13.954728126525879,8.661874771118164,1.141324385933836,-0.08289632553113288,1.9644816911149938,-0.9712358866659374,-0.6899758669023649,GHA
2,2022,DHS 2022,43,Old Tafo,GHA2.37_2,Ashanti,old tafo,29.236986803482704,278.8359680175781,279.1450500488281,54.26520538330078,54.885353088378906,572.15655517578125,30.107603073120117,8.710625648498535,1.141324385933836,0.6493397157640394,2.6668962967985284,-0.6542463279200025,-0.6899758669023649,GHA
1,2014,DHS 2014,44,Sekyere Afram Plains North,GHA2.38_2,Ashanti,sekyere afram plains north,3541.8185555887662,134.2164306640625,135.68959045410156,269.7303466796875,276.4140319824219,382.7949523925781,2.3136154050007463e-4,8.779932975769043,-0.39008991369554213,0.07646588492918964,-0.6294890125834262,-0.2035939444167634,2.3071023632635836,GHA
2,2022,DHS 2022,44,Sekyere Afram Plains North,GHA2.38_2,Ashanti,sekyere afram plains north,3541.8185555887662,134.2164306640625,135.68959045410156,269.7303466796875,276.4140319824219,444.4146423339844,0.007531963288784027,8.80843734741211,-0.39008991369554213,0.26288333869358227,-0.6225145849275213,-0.018251881360810625,2.3071023632635836,GHA
1,2014,DHS 2014,45,Sekyere Central,GHA2.39_2,Ashanti,sekyere central,1638.8280512397555,204.28038024902344,194.66049194335938,201.55335998535156,206.4219512939453,352.45428466796875,0.01870742253959179,8.76503849029541,0.35183566735951766,-0.015323444554802406,-0.6119357083904703,-0.30044135787348225,1.358773731585591,GHA
2,2022,DHS 2022,45,Sekyere Central,GHA2.39_2,Ashanti,sekyere central,1638.8280512397555,204.28038024902344,194.66049194335938,201.55335998535156,206.4219512939453,409.7803039550781,0.11981494724750519,8.729384422302246,0.35183566735951766,0.15810440878417384,-0.5211841464410244,-0.5322724117531654,1.358773731585591,GHA
1,2014,DHS 2014,46,Sekyere East,GHA2.40_2,Ashanti,sekyere east,240.2629452525185,269.5086364746094,267.0190124511719,106.90752410888672,106.66322326660156,324.5365295410156,0.28320762515068054,8.653124809265137,1.0425548201913464,-0.09978275992190679,-0.3905652859358275,-1.0281301764895636,0.042268553186373924,GHA
2,2022,DHS 2022,46,Sekyere East,GHA2.40_2,Ashanti,sekyere east,240.2629452525185,269.5086364746094,267.0190124511719,106.90752410888672,106.66322326660156,527.5008544921875,1.1248829364776611,8.60562515258789,1.0425548201913464,0.5142432551129682,0.09312329020551173,-1.336984006816033,0.042268553186373924,GHA
1,2014,DHS 2014,47,Sekyere Kumawu,GHA2.41_2,Ashanti,sekyere kumawu,579.3330579236442,329.04974365234375,317.3187255859375,142.9863739013672,147.10528564453125,327.0683898925781,0.058733392506837845,8.65713119506836,1.6730512566780533,-0.09212314721573922,-0.5749760905986909,-1.002079722914735,0.544118340265059,GHA
2,2022,DHS 2022,47,Sekyere Kumawu,GHA2.41_2,Ashanti,sekyere kumawu,579.3330579236442,329.04974365234375,317.3187255859375,142.9863739013672,147.10528564453125,484.0267639160156,0.41742751002311707,8.609545707702637,1.6730512566780533,0.38272150812529443,-0.29516066212034187,-1.3114916443675395,0.544118340265059,GHA
1,2014,DHS 2014,48,Sekyere South,GHA2.42_2,Ashanti,sekyere south,418.74968065767337,321.7223205566406,326.3283996582031,98.10154724121094,98.313446044921875,343.495361328125,0.12377715110778809,8.650904655456543,1.5954592472335456,-0.04242678894150976,-0.517796844703212,-1.0425661336241034,-0.08022087320836607,GHA
2,2022,DHS 2022,48,Sekyere South,GHA2.42_2,Ashanti,sekyere south,418.74968065767337,321.7223205566406,326.3283996582031,98.10154724121094,98.313446044921875,480.1705322265625,0.7983272671699524,8.630572319030762,1.5954592472335456,0.37105528758187756,-0.06689962478353718,-1.1747717204404209,-0.08022087320836607,GHA
1,2014,DHS 2014,49,Suame,GHA2.43_2,Ashanti,suame,27.58015174306825,261.75408935546875,255.0341339111328,52.95683670043945,55.31053924560547,372.87188720703125,11.056309700012207,8.661874771118164,0.9604398821773155,0.046445731514157325,1.7578696732730457,-0.9712358866659374,-0.7081750209411177,GHA
2,2022,DHS 2022,49,Suame,GHA2.43_2,Ashanti,suame,27.58015174306825,261.75408935546875,255.0341339111328,52.95683670043945,55.31053924560547,642.956787109375,25.79804229736328,8.710625648498535,0.9604398821773155,0.8635309746869463,2.5238830085761297,-0.6542463279200025,-0.7081750209411177,GHA
1,2014,DHS 2014,50,Banda,GHA3.1_2,Bono,banda,2307.8339328576512,219.71142578125,216.82571411132813,228.79855346679688,231.5352325439453,348.41912841796875,0.010134413838386536,8.843111991882324,0.5152390651211778,-0.027530963845823823,-0.6200406180063556,0.2072107326661353,1.7377490765931423,GHA
2,2022,DHS 2022,50,Banda,GHA3.1_2,Bono,banda,2307.8339328576512,219.71142578125,216.82571411132813,228.79855346679688,231.5352325439453,347.0274963378906,0.02872520685195923,8.800846099853516,0.5152390651211778,-0.03174105495779946,-0.6025508863693405,-0.06761194097891039,1.7377490765931423,GHA
1,2014,DHS 2014,51,Berekum East,GHA3.2_2,Bono,berekum east,463.64568903064105,291.0967102050781,289.07611083984375,78.29520416259766,78.63298797607422,348.0943908691406,0.18338805437088013,8.609642028808594,1.2711566081467238,-0.028513389220761496,-0.46822852517832275,-1.310865342103541,-0.35572325518510833,GHA
2,2022,DHS 2022,51,Berekum East,GHA3.2_2,Bono,berekum east,463.64568903064105,291.0967102050781,289.07611083984375,78.29520416259766,78.63298797607422,478.0662536621094,0.6752443313598633,8.668343544006348,1.2711566081467238,0.3646892339329651,-0.13489258856064087,-0.9291744187778004,-0.35572325518510833,GHA
1,2014,DHS 2014,52,Berekum West,GHA3.3_2,Bono,berekum west,403.028771640955,314.0929260253906,313.2644348144531,76.61454010009766,77.15684509277344,346.2790222167969,0.02914959378540516,8.606937408447266,1.514669582873674,-0.03400540649860591,-0.6021553343742482,-1.3284514135956178,-0.37910096558241185,GHA
2,2022,DHS 2022,52,Berekum West,GHA3.3_2,Bono,berekum west,403.028771640955,314.0929260253906,313.2644348144531,76.61454010009766,77.15684509277344,488.3792724609375,0.2975600063800812,8.692445755004883,1.514669582873674,0.39588911025382895,-0.379898340971644,-0.7724562294903337,-0.37910096558241185,GHA
1,2014,DHS 2014,53,Dormaa,GHA3.4_2,Bono,dormaa,1214.7823261976707,271.3061218261719,270.5123291015625,151.9927978515625,152.3949737548828,317.03466796875,0.03571011871099472,8.612019538879395,1.061588865114532,-0.12247806939400092,-0.596061228165467,-1.2954062179040533,0.6693959466118089,GHA
2,2022,DHS 2022,53,Dormaa,GHA3.4_2,Bono,dormaa,1214.7823261976707,271.3061218261719,270.5123291015625,151.9927978515625,152.3949737548828,501.24615478515625,0.22620761394500732,8.718952178955078,1.061588865114532,0.43481516527046005,-0.4341403100520797,-0.6001052876529637,0.6693959466118089,GHA
1,2014,DHS 2014,54,Dormaa East,GHA3.5_2,Bono,dormaa east,572.3284887236911,282.97650146484375,281.79656982421875,79.48146057128906,78.90015411376953,320.5340270996094,0.02399316430091858,8.607549667358398,1.185169583099253,-0.11189149196067905,-0.6069724976530434,-1.3244703635610926,-0.33922265914208855,GHA
2,2022,DHS 2022,54,Dormaa East,GHA3.5_2,Bono,dormaa east,572.3284887236911,282.97650146484375,281.79656982421875,79.48146057128906,78.90015411376953,472.67987060546875,0.26703163981437683,8.718857765197754,1.185169583099253,0.3483938612140595,-0.40273151976998506,-0.6007191878919325,-0.33922265914208855,GHA
1,2014,DHS 2014,55,Dormaa West,GHA3.6_2,Bono,dormaa west,382.38305470240545,226.77960205078125,226.52822875976563,152.36187744140625,152.75791931152344,317.0404968261719,0.013572079129517078,8.723540306091309,0.5900858417707372,-0.12246043540785177,-0.6167824235503488,-0.5702722164440844,0.6745297719594445,GHA
2,2022,DHS 2022,55,Dormaa West,GHA3.6_2,Bono,dormaa west,382.38305470240545,226.77960205078125,226.52822875976563,152.36187744140625,152.75791931152344,511.9640197753906,0.1063411682844162,8.762761116027832,0.5900858417707372,0.4672398188701439,-0.5327932750637838,-0.3152493757589122,0.6745297719594445,GHA
1,2014,DHS 2014,56,Jaman North,GHA3.7_2,Bono,jaman north,1035.2868748832643,307.3611145019531,307.32342529296875,159.17027282714844,156.8437042236328,374.5376281738281,0.017517445608973503,8.6289520263671875,1.4433846609464127,0.05148508159781704,-0.6130566251764393,-1.1853072407031284,0.7692332282596047,GHA
2,2022,DHS 2022,56,Jaman North,GHA3.7_2,Bono,jaman north,1035.2868748832643,307.3611145019531,307.32342529296875,159.17027282714844,156.8437042236328,448.5362548828125,0.14264532923698425,8.64376449584961,1.4433846609464127,0.27535241339172695,-0.5018285091398982,-1.0889931143226854,0.7692332282596047,GHA
1,2014,DHS 2014,57,Jaman South,GHA3.8_2,Bono,jaman south,758.2121652708967,290.4396057128906,290.8240661621094,111.10736846923828,111.94306182861328,375.0864562988281,0.02576998434960842,8.604828834533691,1.2641983559347367,0.05314544603188143,-0.6053098493546153,-1.3421618522659216,0.10068757181166645,GHA
2,2022,DHS 2022,57,Jaman South,GHA3.8_2,Bono,jaman south,758.2121652708967,290.4396057128906,290.8240661621094,111.10736846923828,111.94306182861328,504.9952087402344,0.20738576352596283,8.644661903381348,1.2641983559347367,0.4461571420476162,-0.44897517103781753,-1.0831579615462241,0.10068757181166645,GHA
1,2014,DHS 2014,58,Sunyani,GHA3.9_2,Bono,sunyani,508.8464826690871,270.6358337402344,270.52655029296875,34.44760513305664,36.49428176879883,299.93267822265625,0.8013643622398376,8.570625305175781,1.0544910083625312,-0.17421655405374362,-0.06528134462189131,-1.5645611661105383,-0.9656348339481587,GHA
2,2022,DHS 2022,58,Sunyani,GHA3.9_2,Bono,sunyani,508.8464826690871,270.6358337402344,270.52655029296875,34.44760513305664,36.49428176879883,436.341552734375,2.1154329776763916,8.685625076293945,1.0544910083625312,0.23845989857887154,0.46009607816212167,-0.8168058709964454,-0.9656348339481587,GHA
1,2014,DHS 2014,59,Sunyani West,GHA3.10_2,Bono,sunyani west,1063.7875826151967,276.1269836425781,272.8746032714844,39.916351318359375,41.360557556152344,324.843994140625,0.10273595154285431,8.617530822753906,1.1126382382302475,-0.09885259023367288,-0.535923542228392,-1.2595705665808121,-0.8895656376054983,GHA
2,2022,DHS 2022,59,Sunyani West,GHA3.10_2,Bono,sunyani west,1063.7875826151967,276.1269836425781,272.8746032714844,39.916351318359375,41.360557556152344,423.7613525390625,0.43097984790802,8.69332504272461,1.1126382382302475,0.20040114024226718,-0.2860347576657463,-0.7667388959516542,-0.8895656376054983,GHA
1,2014,DHS 2014,60,Tain,GHA3.11_2,Bono,tain,1837.4718863557894,239.4160614013672,242.5476531982422,98.27784729003906,100.28136444091797,381.19268798828125,0.011948103085160255,8.740839004516602,0.7238966317946913,0.0716185698779395,-0.6183202370013313,-0.4577920504374624,-0.07776857380094991,GHA
2,2022,DHS 2022,60,Tain,GHA3.11_2,Bono,tain,1837.4718863557894,239.4160614013672,242.5476531982422,98.27784729003906,100.28136444091797,417.5816650390625,0.06813644617795944,8.702153205871582,0.7238966317946913,0.1817057912409159,-0.5664961784984096,-0.7093361231018113,-0.07776857380094991,GHA
1,2014,DHS 2014,61,Wenchi,GHA3.12_2,Bono,wenchi,1150.0457275068777,251.7078857421875,241.64352416992188,57.22978591918945,59.544254302978516,380.3243408203125,0.051068469882011414,8.762731552124023,0.8540579911001813,0.06899156756439036,-0.581944417767785,-0.31544160714687214,-0.648739127946695,GHA
2,2022,DHS 2022,61,Wenchi,GHA3.12_2,Bono,wenchi,1150.0457275068777,251.7078857421875,241.64352416992188,57.22978591918945,59.544254302978516,396.29705810546875,0.21764051914215088,8.717416763305664,0.8540579911001813,0.11731367513793875,-0.4408642164032586,-0.6100889178018506,-0.648739127946695,GHA
1,2014,DHS 2014,62,Atebubu-Amantin,GHA4.1_2,Bono East,atebubu amantin,2636.727986369348,135.4930877685547,134.76319885253906,210.45130920410156,211.48233032226563,391.4675598144531,0.008907650597393513,8.823029518127441,-0.3765710559995474,0.102703040530288,-0.6212060205430529,0.07662981112870502,1.482542475504842,GHA
2,2022,DHS 2022,62,Atebubu-Amantin,GHA4.1_2,Bono East,atebubu amantin,2636.727986369348,135.4930877685547,134.76319885253906,210.45130920410156,211.48233032226563,407.3078308105469,0.05889894440770149,8.8272857666015625,-0.3765710559995474,0.150624459622751,-0.5748261414063522,0.10430492998242102,1.482542475504842,GHA
1,2014,DHS 2014,63,Kintampo North,GHA4.2_2,Bono East,kintampo north,4910.300733227013,138.05970764160156,135.66383361816406,144.31298828125,149.11778259277344,308.2908630371094,0.0095094945281744,8.983935356140137,-0.3493924434329143,-0.1489306181348164,-0.620634102905523,1.1228770446569751,0.5625712884025151,GHA
2,2022,DHS 2022,63,Kintampo North,GHA4.2_2,Bono East,kintampo north,4910.300733227013,138.05970764160156,135.66383361816406,144.31298828125,149.11778259277344,288.1048583984375,0.041330736130476,8.895819664001465,-0.3493924434329143,-0.2099991433090856,-0.5908708313166752,0.5499282923361275,0.5625712884025151,GHA
1,2014,DHS 2014,64,Kintampo South,GHA4.3_2,Bono East,kintampo south,1520.2069171665191,289.548095703125,283.9947204589844,69.5385971069336,69.756500244140625,383.911865234375,0.011437089182436466,8.74105453491211,1.2547579220749572,0.07984487057878496,-0.6188046487593418,-0.4563906216091093,-0.47752595709199175,GHA
2,2022,DHS 2022,64,Kintampo South,GHA4.3_2,Bono East,kintampo south,1520.2069171665191,289.548095703125,283.9947204589844,69.5385971069336,69.756500244140625,367.6574401855469,0.0952896997332573,8.706822395324707,1.2547579220749572,0.030670515224384243,-0.5424213542331062,-0.6789759658291711,-0.47752595709199175,GHA
1,2014,DHS 2014,65,Nkoranza North,GHA4.4_2,Bono East,nkoranza north,1393.0378481365235,237.75575256347656,236.3994903564453,110.81777954101563,109.65245819091797,372.5759582519531,0.008758487179875374,8.699393272399902,0.7063151850366961,0.04555046050008246,-0.6213478196641342,-0.7272818533197486,0.09665944611462235,GHA
2,2022,DHS 2022,65,Nkoranza North,GHA4.4_2,Bono East,nkoranza north,1393.0378481365235,237.75575256347656,236.3994903564453,110.81777954101563,109.65245819091797,388.2662658691406,0.03224930539727211,8.691670417785645,0.7063151850366961,0.09301819682847784,-0.5992711694143432,-0.7774976526648958,0.09665944611462235,GHA
1,2014,DHS 2014,66,Nkoranza South,GHA4.5_2,Bono East,nkoranza south,926.9235390062638,248.5556640625,247.0677947998047,97.76646423339844,99.29217529296875,388.4417724609375,0.06408680230379105,8.645368576049805,0.8206782870559419,0.09354915522818337,-0.5701390612998428,-1.0785630112727302,-0.08488181270870004,GHA
2,2022,DHS 2022,66,Nkoranza South,GHA4.5_2,Bono East,nkoranza south,926.9235390062638,248.5556640625,247.0677947998047,97.76646423339844,99.29217529296875,408.9427490234375,0.2564239501953125,8.609537124633789,0.8206782870559419,0.1555705619262503,-0.4107943629751498,-1.311547453480173,-0.08488181270870004,GHA
1,2014,DHS 2014,67,Pru East,GHA4.6_2,Bono East,pru east,1659.434794348841,107.76366424560547,106.00784301757813,265.001953125,268.5031433105469,344.8749694824219,0.008694246411323547,9.050844192504883,-0.6702052113883827,-0.03825307369625016,-0.6214088952832609,1.5579338816854,2.2413313280922043,GHA
2,2022,DHS 2022,67,Pru East,GHA4.6_2,Bono East,pru east,1659.434794348841,107.76366424560547,106.00784301757813,265.001953125,268.5031433105469,337.6863708496094,0.09032107144594193,8.921478271484375,-0.6702052113883827,-0.06000067181849605,-0.5467817403868376,0.7167665340478078,2.2413313280922043,GHA
1,2014,DHS 2014,68,Pru West,GHA4.7_2,Bono East,pru west,1576.344311041778,159.15785217285156,158.54176330566406,151.66905212402344,156.33316040039063,325.3735046386719,0,8.881561279296875,-0.12597864456407032,-0.09725066723014468,-0.6297108687249097,0.4572169542268047,0.6648927064761719,GHA
2,2022,DHS 2022,68,Pru West,GHA4.7_2,Bono East,pru west,1576.344311041778,159.15785217285156,158.54176330566406,151.66905212402344,156.33316040039063,304.999755859375,0.035525329411029816,8.834521293640137,-0.12597864456407032,-0.15888717294257915,-0.5962323509622696,0.1513520119324867,0.6648927064761719,GHA
1,2014,DHS 2014,69,Sene East,GHA4.8_2,Bono East,sene east,4412.345428107698,112.72969055175781,110.53182220458984,428.076416015625,419.2560729980469,410.7681884765625,0.0017502824775874615,8.914306640625,-0.6176186533288919,0.16109304630058277,-0.6280337690463423,0.6701349199362361,4.509665406100642,GHA
2,2022,DHS 2022,69,Sene East,GHA4.8_2,Bono East,sene east,4412.345428107698,112.72969055175781,110.53182220458984,428.076416015625,419.2560729980469,400.1182556152344,0.011621016077697277,8.901435852050781,-0.6176186533288919,0.12887390711539112,-0.6186302684663452,0.5864460550360006,4.509665406100642,GHA
1,2014,DHS 2014,70,Sene West,GHA4.9_2,Bono East,sene west,3277.3936080216768,122.55389404296875,121.62745666503906,369.6518249511719,372.954833984375,437.683837890625,0.003611338557675481,8.930728912353516,-0.5135875799053012,0.2425207009180557,-0.6262537387086162,0.7769163554417233,3.6969907018209622,GHA
2,2022,DHS 2022,70,Sene West,GHA4.9_2,Bono East,sene west,3277.3936080216768,122.55389404296875,121.62745666503906,369.6518249511719,372.954833984375,421.7102966308594,0.01830316334962845,8.875894546508789,-0.5135875799053012,0.19419610058206738,-0.6123163595347705,0.4203705378636453,3.6969907018209622,GHA
1,2014,DHS 2014,71,Techiman,GHA4.10_2,Bono East,techiman,651.9763608018063,359.1368103027344,357.9873962402344,26.00385093688965,26.850313186645508,378.77154541015625,0.275398313999176,8.68057918548584,1.9916511149370404,0.06429391058407095,-0.39641953493658816,-0.8496154282124461,-1.0830858133963543,GHA
2,2022,DHS 2022,71,Techiman,GHA4.10_2,Bono East,techiman,651.9763608018063,359.1368103027344,357.9873962402344,26.00385093688965,26.850313186645508,399.90631103515625,1.0989068746566772,8.65637493133545,1.9916511149370404,0.1282327132211197,0.08132722933847701,-1.0069971258390005,-1.0830858133963543,GHA
1,2014,DHS 2014,72,Techiman North,GHA4.11_2,Bono East,techiman north,391.14804224477734,401.3736877441406,398.1676330566406,31.81953239440918,32.737518310546875,397.6001281738281,0.08806996792554855,8.707195281982422,2.438908513689123,0.1212558404498891,-0.5487638163659543,-0.67655136993587,-1.0021908148595127,GHA
2,2022,DHS 2022,72,Techiman North,GHA4.11_2,Bono East,techiman north,391.14804224477734,401.3736877441406,398.1676330566406,31.81953239440918,32.737518310546875,407.8813171386719,0.49220627546310425,8.668620109558105,2.438908513689123,0.15235942228094373,-0.24585507614564844,-0.9273761251484978,-1.0021908148595127,GHA
1,2014,DHS 2014,73,Abura-Asebu-Kwamankese,GHA5.1_2,Central,abura asebu kwamankese,378.5179519338074,73.03126525878906,78.63397216796875,85.42364501953125,87.5400390625,244.971435546875,0.2573224604129791,8.705000877380371,-1.037995714955158,-0.34049027151464967,-0.4101087767333296,-0.690819899732509,-0.25656802859579714,GHA
2,2022,DHS 2022,73,Abura-Asebu-Kwamankese,GHA5.1_2,Central,abura asebu kwamankese,378.5179519338074,73.03126525878906,78.63397216796875,85.42364501953125,87.5400390625,441.5726013183594,0.9205576777458191,8.69124984741211,-1.037995714955158,0.2542853394155825,-0.0038353355548711478,-0.7802322991839388,-0.25656802859579714,GHA
1,2014,DHS 2014,74,Agona East,GHA5.2_2,Central,agona east,328.8989709037679,92.96893310546875,94.75321197509766,25.304088592529297,25.127099990844727,320.0256042480469,0.16304047405719757,8.761249542236328,-0.8268705087734365,-0.11342961871065195,-0.48486176487591603,-0.3250779805949283,-1.0928193715763637,GHA
2,2022,DHS 2022,74,Agona East,GHA5.2_2,Central,agona east,328.8989709037679,92.96893310546875,94.75321197509766,25.304088592529297,25.127099990844727,496.26983642578125,0.9738686084747314,8.751250267028809,-0.8268705087734365,0.41976035732582734,0.022422590738631783,-0.3900955968129906,-1.0928193715763637,GHA
1,2014,DHS 2014,75,Agona West,GHA5.3_2,Central,agona west,357.9443064667235,108.61339569091797,110.02299499511719,33.297306060791016,34.08864974975586,331.3494873046875,0.28577423095703125,8.761249542236328,-0.6612071817306376,-0.07917158449866549,-0.3886490066794467,-0.3250779805949283,-0.9816352704314091,GHA
2,2022,DHS 2022,75,Agona West,GHA5.3_2,Central,agona west,357.9443064667235,108.61339569091797,110.02299499511719,33.297306060791016,34.08864974975586,526.00506591796875,0.9661176204681396,8.751249313354492,-0.6612071817306376,0.5097180603636782,0.018649272456909498,-0.39010179782550547,-0.9816352704314091,GHA
1,2014,DHS 2014,76,Ajumako-Enyan-Essiam,GHA5.4_2,Central,ajumako enyan essiam,523.7007221617388,64.15570831298828,64.98775482177734,66.04139709472656,66.61385345458984,309.8810119628906,0.08015529066324234,8.736424446105957,-1.1319813207225777,-0.14411995592388674,-0.5557653190289857,-0.4864965373686413,-0.5261713294248831,GHA
2,2022,DHS 2022,76,Ajumako-Enyan-Essiam,GHA5.4_2,Central,ajumako enyan essiam,523.7007221617388,64.15570831298828,64.98775482177734,66.04139709472656,66.61385345458984,476.6988525390625,0.7587277889251709,8.727723121643066,-1.1319813207225777,0.36055244850163043,-0.08825353132164186,-0.543074575554011,-0.5261713294248831,GHA
1,2014,DHS 2014,77,Asikuma-Odoben-Brakwa,GHA5.5_2,Central,asikuma odoben brakwa,776.3136468987457,118.4264144897461,119.11754608154297,75.15910339355469,76.0892105102539,351.2893981933594,0.06529700011014938,8.73142147064209,-0.5572945459549986,-0.01884756437312267,-0.5690489697315928,-0.5190270490214743,-0.399345807241342,GHA
2,2022,DHS 2022,77,Asikuma-Odoben-Brakwa,GHA5.5_2,Central,asikuma odoben brakwa,776.3136468987457,118.4264144897461,119.11754608154297,75.15910339355469,76.0892105102539,569.52978515625,0.26581093668937683,8.747563362121582,-0.5572945459549986,0.6413929737546056,-0.4036559250352997,-0.41406871119534916,-0.399345807241342,GHA
1,2014,DHS 2014,78,Assin Central,GHA5.6_2,Central,assin central,280.09106577182786,156.08267211914063,156.2163848876953,82.71812438964844,83.41552734375,372.521484375,0.14299866557121277,8.7056245803833,-0.15854253457760373,0.04538566120544251,-0.501531998532761,-0.6867644375478059,-0.29420129461878064,GHA
2,2022,DHS 2022,78,Assin Central,GHA5.6_2,Central,assin central,280.09106577182786,156.08267211914063,156.2163848876953,82.71812438964844,83.41552734375,618.96466064453125,0.930207371711731,8.744375228881836,-0.15854253457760373,0.790947825855422,9.711533744164738e-4,-0.4347986960324481,-0.29420129461878064,GHA
1,2014,DHS 2014,79,Assin North,GHA5.7_2,Central,assin north,729.3760482606858,121.74911499023438,120.51190185546875,88.0073013305664,88.415191650390625,377.905029296875,0.020818179473280907,8.705625534057617,-0.522109596860638,0.06167244774261054,-0.609950666222923,-0.686758236535291,-0.2206298715582152,GHA
2,2022,DHS 2022,79,Assin North,GHA5.7_2,Central,assin north,729.3760482606858,121.74911499023438,120.51190185546875,88.0073013305664,88.415191650390625,590.1883544921875,0.41141095757484436,8.744903564453125,-0.522109596860638,0.7038911443504432,-0.2992401038229367,-0.4313633350992286,-0.2206298715582152,GHA
1,2014,DHS 2014,80,Assin South,GHA5.8_2,Central,assin south,1106.2328549033875,130.36416625976563,132.33187866210938,124.81279754638672,128.77734375,352.4112548828125,0.022212665528059006,8.705366134643555,-0.43088255418278587,-0.015453622148887748,-0.608641484788331,-0.6884449119393266,0.2913274260129632,GHA
2,2022,DHS 2022,80,Assin South,GHA5.8_2,Central,assin south,1106.2328549033875,130.36416625976563,132.33187866210938,124.81279754638672,128.77734375,582.52850341796875,0.15770846605300903,8.722375869750977,-0.43088255418278587,0.6807178707616258,-0.4892685706982851,-0.5778436527247001,0.2913274260129632,GHA
1,2014,DHS 2014,81,Awutu Senya East,GHA5.10_2,Central,awutu senya east,108.52129219312074,41.544288635253906,43.073509216308594,45.12851333618164,45.26133728027344,260.76324462890625,3.1121952533721924,8.810491561889648,-1.3714195879378734,-0.2927154637834686,0.7263111090499472,-0.004894900403852472,-0.8170654771539065,GHA
2,2022,DHS 2022,81,Awutu Senya East,GHA5.10_2,Central,awutu senya east,108.52129219312074,41.544288635253906,43.073509216308594,45.12851333618164,45.26133728027344,396.936767578125,11.136642456054688,8.763192176818848,-1.3714195879378734,0.11924898203667415,1.7642385950508377,-0.31244651810220603,-0.8170654771539065,GHA
1,2014,DHS 2014,82,Awutu Senya West,GHA5.9_2,Central,awutu senya west,245.64582233684428,96.69823455810547,98.730804443359375,37.74497604370117,37.32503128051758,312.78704833984375,0.3004963994026184,8.773650169372559,-0.7873799553066808,-0.13532835209638558,-0.3777305055354589,-0.2444462148645073,-0.9197690455722971,GHA
2,2022,DHS 2022,82,Awutu Senya West,GHA5.9_2,Central,awutu senya west,245.64582233684428,96.69823455810547,98.730804443359375,37.74497604370117,37.32503128051758,467.80010986328125,2.329948902130127,8.753891944885254,-0.7873799553066808,0.33363116809757293,0.52395650762741,-0.3729187921468931,-0.9197690455722971,GHA
1,2014,DHS 2014,83,Cape Coast,GHA5.11_2,Central,cape coast,122.97541305387823,36.569244384765625,41.11708450317383,76.33229064941406,78.68743896484375,-255.0509033203125,4.703531265258789,8.704999923706055,-1.4241016393806378,-1.8532030314388381,1.040035940764583,-0.6908261007450239,-0.38302700057364264,GHA
2,2022,DHS 2022,83,Cape Coast,GHA5.11_2,Central,cape coast,122.97541305387823,36.569244384765625,41.11708450317383,76.33229064941406,78.68743896484375,-95.31117248535156,7.429380893707275,8.69124984741211,-1.4241016393806378,-1.369943964157279,1.41466789372917,-0.7802322991839388,-0.38302700057364264,GHA
1,2014,DHS 2014,84,Effutu,GHA5.12_2,Central,effutu,85.60422507641532,18.233840942382813,18.539066314697266,31.643386840820313,31.021692276000977,-98.675872802734375,1.3973400592803955,8.760000228881836,-1.618260046570814,-1.3801231595807415,0.2088231993675251,-0.33320130698936434,-1.0046409652681838,GHA
2,2022,DHS 2022,84,Effutu,GHA5.12_2,Central,effutu,85.60422507641532,18.233840942382813,18.539066314697266,31.643386840820313,31.021692276000977,21.785053253173828,4.797007083892822,8.751250267028809,-1.618260046570814,-1.0156938816211076,1.0556261229097046,-0.3900955968129906,-1.0046409652681838,GHA
1,2014,DHS 2014,85,Ekumfi,GHA5.13_2,Central,ekumfi,278.000885558858,25.92716407775879,26.273006439208984,52.89573287963867,52.807491302490234,290.00469970703125,0.0779619961977005,8.756793022155762,-1.5367934254158548,-0.20425157171888073,-0.5577146364641117,-0.35405531207676,-0.7090249632102019,GHA
2,2022,DHS 2022,85,Ekumfi,GHA5.13_2,Central,ekumfi,278.000885558858,25.92716407775879,26.273006439208984,52.89573287963867,52.807491302490234,407.17718505859375,0.8427624702453613,8.747750282287598,-1.5367934254158548,0.15022921828921956,-0.043490894005057956,-0.41285331274244114,-0.7090249632102019,GHA
1,2014,DHS 2014,86,Gomoa Central,GHA5.14_2,Central,gomoa central,122.05710312896059,24.60816192626953,25.727413177490234,35.212318420410156,34.81766891479492,286.06903076171875,0.1472070962190628,8.760000228881836,-1.5507606859464629,-0.21615811302641405,-0.4980074241607101,-0.33320130698936434,-0.9549978207772292,GHA
2,2022,DHS 2022,86,Gomoa Central,GHA5.14_2,Central,gomoa central,122.05710312896059,24.60816192626953,25.727413177490234,35.212318420410156,34.81766891479492,414.0823059082031,0.8680140376091003,8.751250267028809,-1.5507606859464629,0.171119213807594,-0.030438482311034326,-0.3900955968129906,-0.9549978207772292,GHA
1,2014,DHS 2014,87,Gomoa East,GHA5.15_2,Central,gomoa east,542.2910953864082,47.79496383666992,50.643253326416016,32.058799743652344,31.28726577758789,141.86871337890625,0.9134346842765808,8.778467178344727,-1.305229545008971,-0.6524059426419573,-0.0073987991059139575,-0.21312490065206735,-0.9988626525438286,GHA
2,2022,DHS 2022,87,Gomoa East,GHA5.15_2,Central,gomoa east,542.2910953864082,47.79496383666992,50.643253326416016,32.058799743652344,31.28726577758789,273.65875244140625,4.096072673797607,8.756648063659668,-1.305229545008971,-0.25370280835318354,0.9320348817700437,-0.35499786597901517,-0.9988626525438286,GHA
1,2014,DHS 2014,88,Gomoa West,GHA5.16_2,Central,gomoa west,338.65939356647425,56.672725677490234,56.81382369995117,38.64786148071289,38.58502197265625,347.722900390625,0.07549595087766647,8.76014518737793,-1.2112205910285512,-0.02963725578303161,-0.5599111069233041,-0.33225875308710917,-0.9072100846595461,GHA
2,2022,DHS 2022,88,Gomoa West,GHA5.16_2,Central,gomoa west,338.65939356647425,56.672725677490234,56.81382369995117,38.64786148071289,38.58502197265625,495.399169921875,0.4584771394729614,8.751250267028809,-1.2112205910285512,0.41712633834763246,-0.26778120874889727,-0.3900955968129906,-0.9072100846595461,GHA
1,2014,DHS 2014,89,Komenda-Edina-Eguafo-Abirem-,GHA5.17_2,Central,komenda edina eguafo abirem ,454.6593910918979,35.30366516113281,38.52720642089844,97.1494140625,100.01841735839844,-25.667133331298828,0.3140014111995697,8.696266174316406,-1.437503190483982,-1.1592505241008375,-0.3678228461749098,-0.747614973355898,-0.09346486063465659,GHA
2,2022,DHS 2022,89,Komenda-Edina-Eguafo-Abirem-,GHA5.17_2,Central,komenda edina eguafo abirem ,454.6593910918979,35.30366516113281,38.52720642089844,97.1494140625,100.01841735839844,160.2750244140625,1.0435681343078613,8.700728416442871,-1.437503190483982,-0.5967215073643369,0.05570271002363746,-0.7186004357989773,-0.09346486063465659,GHA
1,2014,DHS 2014,90,Mfantseman,GHA5.18_2,Central,mfantseman,302.1283521050971,45.18031692504883,45.739784240722656,68.57878875732422,68.90583038330078,-92.16390228271484,0.39413005113601685,8.704999923706055,-1.3329167285127494,-1.3604225579632203,-0.3110546191126277,-0.6908261007450239,-0.4908767046534675,GHA
2,2022,DHS 2022,90,Mfantseman,GHA5.18_2,Central,mfantseman,302.1283521050971,45.18031692504883,45.739784240722656,68.57878875732422,68.90583038330078,56.56458282470703,1.6275886297225952,8.69124984741211,-1.3329167285127494,-0.9104757061967629,0.29677237669652945,-0.7802322991839388,-0.4908767046534675,GHA
1,2014,DHS 2014,91,Twifo-Atti-Morkwa,GHA5.19_2,Central,twifo atti morkwa,959.9359881661643,111.89864349365234,110.35780334472656,145.27850341796875,146.10385131835938,403.9071044921875,0.026000812649726868,8.7056245803833,-0.6264188290986196,0.14033627508594249,-0.6050940646142493,-0.6867644375478059,0.5760014162633135,GHA
2,2022,DHS 2022,91,Twifo-Atti-Morkwa,GHA5.19_2,Central,twifo atti morkwa,959.9359881661643,111.89864349365234,110.35780334472656,145.27850341796875,146.10385131835938,605.1727294921875,0.13346141576766968,8.7464017868042,-0.6264188290986196,0.7492232295395604,-0.509567744115653,-0.4216215444384202,0.5760014162633135,GHA
1,2014,DHS 2014,92,Twifo-Hemang-Lower Denkyira,GHA5.20_2,Central,twifo hemang lower denkyira,578.2730199007883,104.56533813476563,114.08600616455078,132.19448852539063,139.80157470703125,361.3631896972656,0.026840228587388992,8.698458671569824,-0.7040731273743488,0.011628579919347588,-0.6043097642228994,-0.7333588455842885,0.3940053125698082,GHA
2,2022,DHS 2022,92,Twifo-Hemang-Lower Denkyira,GHA5.20_2,Central,twifo hemang lower denkyira,578.2730199007883,104.56533813476563,114.08600616455078,132.19448852539063,139.80157470703125,576.40533447265625,0.19109311699867249,8.703309059143066,-0.7040731273743488,0.6621935067987469,-0.46200452658635954,-0.7018204959338292,0.3940053125698082,GHA
1,2014,DHS 2014,93,Upper Denkyira East,GHA5.21_2,Central,upper denkyira east,504.2637988372515,148.5251922607422,149.64088439941406,80.726776123046875,83.22935485839844,367.7294006347656,0.14750441908836365,8.7056245803833,-0.23857067556121908,0.030888216477471645,-0.49775890450620186,-0.6867644375478059,-0.32190056189979543,GHA
2,2022,DHS 2022,93,Upper Denkyira East,GHA5.21_2,Central,upper denkyira east,504.2637988372515,148.5251922607422,149.64088439941406,80.726776123046875,83.22935485839844,515.354736328125,0.46303650736808777,8.746874809265137,-0.23857067556121908,0.47749772095953397,-0.2647878581388568,-0.4185458422310612,-0.32190056189979543,GHA
1,2014,DHS 2014,94,Upper Denkyira West,GHA5.22_2,Central,upper denkyira west,581.8114866238785,145.06130981445313,144.9062957763672,99.70054626464844,99.66141510009766,353.62420654296875,0.17079958319664001,8.74166488647461,-0.2752506373945592,-0.011784091188238114,-0.47848496350313885,-0.45242197359961384,-0.05797910762917673,GHA
2,2022,DHS 2022,94,Upper Denkyira West,GHA5.22_2,Central,upper denkyira west,581.8114866238785,145.06130981445313,144.9062957763672,99.70054626464844,99.66141510009766,573.9029541015625,0.44801101088523865,8.799614906311035,-0.2752506373945592,0.654623079593208,-0.27468805685439435,-0.07561744813556452,-0.05797910762917673,GHA
1,2014,DHS 2014,95,Abuakwa North,GHA6.1_2,Eastern,abuakwa north,159.656010942866,231.64903259277344,233.74842834472656,21.451066970825195,22.853456497192383,418.0738220214844,0.47448304295539856,8.660624504089355,0.6416495218897678,0.18319470901383383,-0.25731380788263575,-0.9793654140728882,-1.1464141533275485,GHA
2,2022,DHS 2022,95,Abuakwa North,GHA6.1_2,Eastern,abuakwa north,159.656010942866,231.64903259277344,233.74842834472656,21.451066970825195,22.853456497192383,537.67840576171875,2.320643424987793,8.650625228881836,0.6416495218897678,0.5450333028238002,0.5212727757694305,-1.0443830302909507,-1.1464141533275485,GHA
1,2014,DHS 2014,96,Abuakwa South,GHA6.2_2,Eastern,abuakwa south,351.0672371444439,279.5751647949219,279.89898681640625,46.63054275512695,47.01540756225586,428.7091979980469,0.1034807413816452,8.67241382598877,1.149151934934335,0.21536980939592001,-0.5352760327775525,-0.9027084973644776,-0.796172539922833,GHA
2,2022,DHS 2022,96,Abuakwa South,GHA6.2_2,Eastern,abuakwa south,351.0672371444439,279.5751647949219,279.89898681640625,46.63054275512695,47.01540756225586,587.68048095703125,1.2335878610610962,8.662413597106934,1.149151934934335,0.6963040987286381,0.14097149776504664,-0.9677323145950547,-0.796172539922833,GHA
1,2014,DHS 2014,97,Achiase,GHA6.3_2,Eastern,achiase,416.4228283294191,169.58074951171875,169.7184600830078,38.33732604980469,39.12888717651367,376.51055908203125,0.036215994507074356,8.732566833496094,-0.015607844598831874,0.05745377044889735,-0.5955929216889781,-0.5115796329911555,-0.9115295721370585,GHA
2,2022,DHS 2022,97,Achiase,GHA6.3_2,Eastern,achiase,416.4228283294191,169.58074951171875,169.7184600830078,38.33732604980469,39.12888717651367,619.373779296875,0.2907494008541107,8.747705459594727,-0.015607844598831874,0.7921855285691157,-0.3849453148440794,-0.41314476033063846,-0.9115295721370585,GHA
1,2014,DHS 2014,98,Akwapem North,GHA6.4_2,Eastern,akwapem north,307.9614934251466,247.19944763183594,248.788330078125,23.339170455932617,24.606779098510742,363.03729248046875,0.4659707248210907,8.812028884887695,0.8063169547400024,0.01669322692554587,-0.2628663929722857,0.005101131770064216,-1.1201510008868858,GHA
2,2022,DHS 2022,98,Akwapem North,GHA6.4_2,Eastern,akwapem north,307.9614934251466,247.19944763183594,248.788330078125,23.339170455932617,24.606779098510742,525.57720947265625,2.2348086833953857,8.750670433044434,0.8063169547400024,0.5084236703856098,0.49615704642022407,-0.3938658124220113,-1.1201510008868858,GHA
1,2014,DHS 2014,99,Akwapem South,GHA6.5_2,Eastern,akwapem south,225.2655694959473,227.78599548339844,209.0041046142578,32.496849060058594,31.895416259765625,371.6285095214844,0.7009607553482056,8.83750057220459,0.6007428063964478,0.04268415299229983,-0.1202825731103672,0.17072397502883643,-0.9927694717070532,GHA
2,2022,DHS 2022,99,Akwapem South,GHA6.5_2,Eastern,akwapem south,225.2655694959473,227.78599548339844,209.0041046142578,32.496849060058594,31.895416259765625,537.4119873046875,2.5905117988586426,8.767499923706055,0.6007428063964478,0.544227309634889,0.5962074358444102,-0.28443654457268885,-0.9927694717070532,GHA
1,2014,DHS 2014,100,Akyemansa,GHA6.6_2,Eastern,akyemansa,614.6668199891537,137.1477813720703,137.0585174560547,61.54941177368164,62.32732009887695,372.3038024902344,0.014674367383122444,8.717866897583008,-0.35904907043452106,0.04472711029862638,-0.6157400220761191,-0.6071620398948477,-0.5886539720227858,GHA
2,2022,DHS 2022,100,Akyemansa,GHA6.6_2,Eastern,akyemansa,614.6668199891537,137.1477813720703,137.0585174560547,61.54941177368164,62.32732009887695,585.46820068359375,0.19131486117839813,8.68968391418457,-0.35904907043452106,0.6896113085510249,-0.4618260025841666,-0.7904143617333006,-0.5886539720227858,GHA
1,2014,DHS 2014,101,Asene-Manso-Akroso,GHA6.7_2,Eastern,asene manso akroso,420.880622352393,161.35494995117188,161.21316528320313,35.50747299194336,35.3895263671875,383.11322021484375,0.05119135603308678,8.761231422424316,-0.10271299860104324,0.0774287375027471,-0.581832299321745,-0.3251957998327102,-0.9508922780636666,GHA
2,2022,DHS 2022,101,Asene-Manso-Akroso,GHA6.7_2,Eastern,asene manso akroso,420.880622352393,161.35494995117188,161.21316528320313,35.50747299194336,35.3895263671875,610.30950927734375,0.4114816188812256,8.75123119354248,-0.10271299860104324,0.7647634798882362,-0.2991920920405138,-0.3902196170632874,-0.9508922780636666,GHA
1,2014,DHS 2014,102,Asuogyaman,GHA6.8_2,Eastern,asuogyaman,769.3365029360577,132.41860961914063,120.57649230957031,93.01311492919922,104.6767578125,343.6321105957031,0.33261963725090027,8.926713943481445,-0.4091275133639597,-0.04201308270101584,-0.3543296691086634,0.750810092754261,-0.15099997750452376,GHA
2,2022,DHS 2022,102,Asuogyaman,GHA6.8_2,Eastern,asuogyaman,769.3365029360577,132.41860961914063,120.57649230957031,93.01311492919922,104.6767578125,447.14031982421875,0.6179238557815552,8.85582160949707,-0.4091275133639597,0.2711293045203428,-0.16828134595261593,0.2898516264513634,-0.15099997750452376,GHA
1,2014,DHS 2014,103,Atiwa East,GHA6.9_2,Eastern,atiwa east,582.5636799728335,236.36561584472656,238.60183715820313,95.74497985839844,96.5462875366211,384.9651184082031,0.04172978922724724,8.684033393859863,0.6915946618730127,0.08303126724876184,-0.5905033888733923,-0.8271553608837078,-0.11300026739923943,GHA
2,2022,DHS 2022,103,Atiwa East,GHA6.9_2,Eastern,atiwa east,582.5636799728335,236.36561584472656,238.60183715820313,95.74497985839844,96.5462875366211,519.86138916015625,0.4310557246208191,8.674198150634766,0.6915946618730127,0.49113165431340544,-0.28598390730960316,-0.8911064029492182,-0.11300026739923943,GHA
1,2014,DHS 2014,104,Atiwa West,GHA6.10_2,Eastern,atiwa west,588.3124578152365,384.86529541015625,339.370361328125,122.92930603027344,110.64806365966797,419.7232666015625,0.028563112020492554,8.6850004196167,2.2640968074232055,0.1881847577959038,-0.602702010747341,-0.8208675341936633,0.2651284251644671,GHA
2,2022,DHS 2022,104,Atiwa West,GHA6.10_2,Eastern,atiwa west,588.3124578152365,384.86529541015625,339.370361328125,122.92930603027344,110.64806365966797,562.08099365234375,0.42543262243270874,8.675000190734863,2.2640968074232055,0.61885821664855,-0.28975966920010154,-0.8858913514242406,0.2651284251644671,GHA
1,2014,DHS 2014,105,Ayensuano,GHA6.11_2,Eastern,ayensuano,501.3733505669487,171.59120178222656,168.40614318847656,60.719444274902344,59.4271125793457,394.6194152832031,0.01348890271037817,8.79133129119873,0.005681363015295303,0.11223831848570223,-0.6168611270282142,-0.12947944283943572,-0.6001986585895795,GHA
2,2022,DHS 2022,105,Ayensuano,GHA6.11_2,Eastern,ayensuano,501.3733505669487,171.59120178222656,168.40614318847656,60.719444274902344,59.4271125793457,615.01116943359375,0.6004993319511414,8.74776840209961,0.005681363015295303,0.7789873670195583,-0.17866577281616997,-0.41273549350465927,-0.6001986585895795,GHA
1,2014,DHS 2014,106,Birim Central,GHA6.12_2,Eastern,birim central,106.89608631612552,128.97349548339844,129.7095489501953,17.574472427368164,18.476215362548828,356.9599914550781,0.6318163871765137,8.7248992919921875,-0.44560873262297457,-0.0016923732615101536,-0.16008168486033192,-0.5614357736104423,-1.2003368298378672,GHA
2,2022,DHS 2022,106,Birim Central,GHA6.12_2,Eastern,birim central,106.89608631612552,128.97349548339844,129.7095489501953,17.574472427368164,18.476215362548828,566.96160888671875,2.1991569995880127,8.735771179199219,-0.44560873262297457,0.6336234948520114,0.4855286860971422,-0.49074423094130437,-1.2003368298378672,GHA
1,2014,DHS 2014,107,Birim North,GHA6.13_2,Eastern,birim north,569.0373741787052,184.8699493408203,183.94195556640625,101.9614028930664,102.41685485839844,367.3432922363281,0.31480932235717773,8.703639030456543,0.14629351172304955,0.02972012646302644,-0.3672333719517462,-0.6996749456036958,-0.026531031426274432,GHA
2,2022,DHS 2022,107,Birim North,GHA6.13_2,Eastern,birim north,569.0373741787052,184.8699493408203,183.94195556640625,101.9614028930664,102.41685485839844,566.11566162109375,0.7031528353691101,8.680140495300293,0.14629351172304955,0.6310642587470144,-0.11904744234685212,-0.8524678939692709,-0.026531031426274432,GHA
1,2014,DHS 2014,108,Birim South,GHA6.14_2,Eastern,birim south,313.15103203531095,139.77825927734375,139.16552734375,36.46815490722656,37.964874267578125,355.2756042480469,0.1541072279214859,8.718076705932617,-0.3311942483771958,-0.006788133635940182,-0.4922564255929395,-0.60579781714158365,-0.9375293793734844,GHA
2,2022,DHS 2022,108,Birim South,GHA6.14_2,Eastern,birim south,313.15103203531095,139.77825927734375,139.16552734375,36.46815490722656,37.964874267578125,581.6534423828125,0.718497633934021,8.745914459228516,-0.3311942483771958,0.678070557050418,-0.11044564951689331,-0.4247902618335017,-0.9375293793734844,GHA
1,2014,DHS 2014,109,Denkyembour,GHA6.15_2,Eastern,denkyembour,438.3568230642736,162.652587890625,160.23141479492188,58.76230239868164,59.50153732299805,413.7369689941406,0.1319933980703354,8.694055557250977,-0.08897196932805886,0.17007446937165804,-0.5108106449116043,-0.7619889203652893,-0.6274221216299353,GHA
2,2022,DHS 2022,109,Denkyembour,GHA6.15_2,Eastern,denkyembour,438.3568230642736,162.652587890625,160.23141479492188,58.76230239868164,59.50153732299805,620.48760986328125,0.7365875244140625,8.684056282043457,-0.08897196932805886,0.7955551894406949,-0.10040315349186443,-0.8270065365833517,-0.6274221216299353,GHA
1,2014,DHS 2014,110,Fanteakwa North,GHA6.16_2,Eastern,fanteakwa north,840.5986203912248,407.82098388671875,381.52557373046875,112.73512268066406,115.25828552246094,368.6599426269531,0.03722483664751053,8.777669906616211,2.507180627453076,0.033703376192968267,-0.5946596843190958,-0.2183089471144708,0.1233293164659186,GHA
2,2022,DHS 2022,110,Fanteakwa North,GHA6.16_2,Eastern,fanteakwa north,840.5986203912248,407.82098388671875,381.52557373046875,112.73512268066406,115.25828552246094,447.2433776855469,0.14343957602977753,8.739279747009277,2.507180627453076,0.2714410844744039,-0.5011621265382681,-0.4679307058992203,0.1233293164659186,GHA
1,2014,DHS 2014,111,Fanteakwa South,GHA6.17_2,Eastern,fanteakwa south,263.31332364037195,340.30078125,346.3269348144531,53.88179016113281,55.17580032348633,397.4512939453125,0.08312191069126129,8.663004875183105,1.7921914515508983,0.12080557369360952,-0.5531349871907533,-0.963887686835856,-0.6953090981088604,GHA
2,2022,DHS 2022,111,Fanteakwa South,GHA6.17_2,Eastern,fanteakwa south,263.31332364037195,340.30078125,346.3269348144531,53.88179016113281,55.17580032348633,498.7808837890625,0.7948557138442993,8.653005599975586,1.7921914515508983,0.4273570046992529,-0.06875275168366848,-1.0289053030539184,-0.6953090981088604,GHA
1,2014,DHS 2014,112,Kwaebibirem,GHA6.18_2,Eastern,kwaebibirem,807.3522835481721,183.19886779785156,181.85256958007813,97.58336639404297,97.2248306274414,391.00457763671875,0.04547281190752983,8.686305046081543,0.1285979899589782,0.10130238501265061,-0.5870637025833114,-0.8123845490733669,-0.08742866806089757,GHA
2,2022,DHS 2022,112,Kwaebibirem,GHA6.18_2,Eastern,kwaebibirem,807.3522835481721,183.19886779785156,181.85256958007813,97.58336639404297,97.2248306274414,575.68865966796875,0.28971239924430847,8.675154685974121,0.1285979899589782,0.6600253574232149,-0.385716116320892,-0.884886787396837,-0.08742866806089757,GHA
1,2014,DHS 2014,113,Kwahu Afram Plains North,GHA6.19_2,Eastern,kwahu afram plains north,2351.7475265741114,108.69708251953125,98.84698486328125,264.4123840332031,237.9638671875,349.5245361328125,0.0016471374547109008,8.84583568572998,-0.6603209999022742,-0.02418678454585273,-0.6281325200879679,0.2249208244085088,2.2331305366343766,GHA
2,2022,DHS 2022,113,Kwahu Afram Plains North,GHA6.19_2,Eastern,kwahu afram plains north,2351.7475265741114,108.69708251953125,98.84698486328125,264.4123840332031,237.9638671875,405.8830871582031,0.025447862222790718,8.821743965148926,-0.6603209999022742,0.14631419639050403,-0.6056110592903938,0.06827084625870522,2.2331305366343766,GHA
1,2014,DHS 2014,114,Kwahu Afram Plains South,GHA6.20_2,Eastern,kwahu afram plains south,3108.9509268268507,122.30359649658203,119.45825958251953,236.42373657226563,231.6636505126953,348.5476379394531,0.0011823995737358928,8.82741641998291,-0.5162380464239555,-0.02714218522972923,-0.628577586286479,0.10515446869695363,1.8438138912955513,GHA
2,2022,DHS 2022,114,Kwahu Afram Plains South,GHA6.20_2,Eastern,kwahu afram plains south,3108.9509268268507,122.30359649658203,119.45825958251953,236.42373657226563,231.6636505126953,430.7937927246094,0.020424282178282738,8.801777839660645,-0.5162380464239555,0.22167631371987853,-0.610320791655854,-0.06155355175191499,1.8438138912955513,GHA
1,2014,DHS 2014,115,Kwahu East,GHA6.21_2,Eastern,kwahu east,626.1034858742722,271.39971923828125,270.3403015136719,103.9225082397461,104.84835815429688,317.6599426269531,0.04658394306898117,8.696249961853027,1.0625799927168988,-0.12058643200023174,-0.5860449882316472,-0.7477203905686501,7.475627176883914e-4,GHA
2,2022,DHS 2022,115,Kwahu East,GHA6.21_2,Eastern,kwahu east,626.1034858742722,271.39971923828125,270.3403015136719,103.9225082397461,104.84835815429688,438.6692199707031,0.3721356987953186,8.71250057220459,1.0625799927168988,0.24550176782261002,-0.32630521975788157,-0.6420551373158336,7.475627176883914e-4,GHA
1,2014,DHS 2014,116,Kwahu South,GHA6.22_2,Eastern,kwahu south,799.5398750685098,368.8117370605469,340.0099792480469,113.91703796386719,116.12622833251953,358.4677429199219,0.0729174092411995,8.736177444458008,2.0941014577877657,0.002869012705426288,-0.5622131690030858,-0.488102599609984,0.13976952829728786,GHA
2,2022,DHS 2022,116,Kwahu South,GHA6.22_2,Eastern,kwahu south,799.5398750685098,368.8117370605469,340.0099792480469,113.91703796386719,116.12622833251953,451.46087646484375,0.45458588004112244,8.734498977661133,2.0941014577877657,0.2842002428609288,-0.27034333828579493,-0.49901638163609646,0.13976952829728786,GHA
1,2014,DHS 2014,117,Kwahu West,GHA6.23_2,Eastern,kwahu west,402.77973513054786,248.76048278808594,249.86363220214844,74.17903900146484,74.19287872314453,384.6157531738281,0.24414700269699097,8.692779541015625,0.822847166385347,0.08197433597423064,-0.4202114205276992,-0.7702858751101408,-0.41297831241605515,GHA
2,2022,DHS 2022,117,Kwahu West,GHA6.23_2,Eastern,kwahu west,402.77973513054786,248.76048278808594,249.86363220214844,74.17903900146484,74.19287872314453,542.1990966796875,1.287563681602478,8.700931549072266,0.822847166385347,0.5587097054636854,0.1638712794386983,-0.717279620133317,-0.41297831241605515,GHA
1,2014,DHS 2014,118,Lower Manya-Krobo,GHA6.24_2,Eastern,lower manya krobo,305.70045181629365,155.82830810546875,149.89353942871094,70.27986145019531,70.84877014160156,329.3410339355469,0.4688807427883148,8.810066223144531,-0.16123606198736185,-0.08524773910826731,-0.26096456949325353,-0.00766055198546962,-0.46721511417503025,GHA
2,2022,DHS 2022,118,Lower Manya-Krobo,GHA6.24_2,Eastern,lower manya krobo,305.70045181629365,155.82830810546875,149.89353942871094,70.27986145019531,70.84877014160156,436.0749816894531,1.3228784799575806,8.762547492980957,-0.16123606198736185,0.23765344376728612,0.1785633553964054,-0.31663840256223563,-0.46721511417503025,GHA
1,2014,DHS 2014,119,New Juaben North,GHA6.25_2,Eastern,new juaben north,105.97108970797363,204.94894409179688,208.89308166503906,12.964248657226563,14.526915550231934,401.1595764160156,0.913131058216095,8.660625457763672,0.3589152656473732,0.13202420489225639,-0.007550990601525605,-0.9793592130603734,-1.2644641462777848,GHA
2,2022,DHS 2022,119,New Juaben North,GHA6.25_2,Eastern,new juaben north,105.97108970797363,204.94894409179688,208.89308166503906,12.964248657226563,14.526915550231934,559.47161865234375,3.6166648864746094,8.650625228881836,0.3589152656473732,0.6109640996239593,0.8372853638793502,-1.0443830302909507,-1.2644641462777848,GHA
1,2014,DHS 2014,120,New Juaben South,GHA6.26_2,Eastern,new juaben south,54.47694421146031,201.7653045654297,210.5786895751953,3.701594829559326,4.7576093673706055,373.435302734375,6.254573345184326,8.660625457763672,0.3252028697652999,0.04815022707586199,1.2707264335810844,-0.9793592130603734,-1.3933058604104567,GHA
2,2022,DHS 2022,120,New Juaben South,GHA6.26_2,Eastern,new juaben south,54.47694421146031,201.7653045654297,210.5786895751953,3.701594829559326,4.7576093673706055,534.85125732421875,13.325959205627441,8.650625228881836,0.3252028697652999,0.5364803579187889,1.923287394989538,-1.0443830302909507,-1.3933058604104567,GHA
1,2014,DHS 2014,121,Nsawam Adoagyiri,GHA6.27_2,Eastern,nsawam adoagyiri,175.84461839077977,77.702117919921875,78.41448974609375,51.37846755981445,50.05256271362305,366.4288024902344,0.9047752022743225,8.83750057220459,-0.9885348282200861,0.026953529452841088,-0.011748840395415551,0.17072397502883643,-0.7301298288607238,GHA
2,2022,DHS 2022,121,Nsawam Adoagyiri,GHA6.27_2,Eastern,nsawam adoagyiri,175.84461839077977,77.702117919921875,78.41448974609375,51.37846755981445,50.05256271362305,566.120361328125,4.5846757888793945,8.767499923706055,-0.9885348282200861,0.6310784767253755,1.019839687947126,-0.28443654457268885,-0.7301298288607238,GHA
1,2014,DHS 2014,122,Okere,GHA6.28_2,Eastern,okere,308.07056201486654,218.4153289794922,213.29135131835938,28.6820125579834,30.94053840637207,370.4916076660156,0.15064392983913422,8.681302070617676,0.5015143553603941,0.039244694772402444,-0.49513864259664614,-0.8449150607261999,-1.0458331058671824,GHA
2,2022,DHS 2022,122,Okere,GHA6.28_2,Eastern,okere,308.07056201486654,218.4153289794922,213.29135131835938,28.6820125579834,30.94053840637207,534.46026611328125,1.115252137184143,8.664287567138672,0.5015143553603941,0.5352974959787737,0.08876672813695735,-0.9555473250034007,-1.0458331058671824,GHA
1,2014,DHS 2014,123,Suhum,GHA6.29_2,Eastern,suhum,360.68278081764163,182.94686889648438,186.85890197753906,31.443788528442383,34.14976501464844,404.1126403808594,0.13023608922958374,8.689921379089355,0.12592950734517164,0.14095808082790331,-0.5123005960995665,-0.7888703096171062,-1.0074173389925205,GHA
2,2022,DHS 2022,123,Suhum,GHA6.29_2,Eastern,suhum,360.68278081764163,182.94686889648438,186.85890197753906,31.443788528442383,34.14976501464844,598.40008544921875,1.2943849563598633,8.670732498168945,0.12592950734517164,0.7287340148268062,0.16672673999717252,-0.9136408824281346,-1.0074173389925205,GHA
1,2014,DHS 2014,124,Upper Manya,GHA6.30_2,Eastern,upper manya,863.0561373375441,259.3540954589844,237.92669677734375,77.929107666015625,83.97687530517578,360.2312927246094,0.013614528812468052,8.685931205749512,0.9350257158803019,0.008204262923159419,-0.6167422591542905,-0.8148153459791828,-0.36081558628537075,GHA
2,2022,DHS 2022,124,Upper Manya,GHA6.30_2,Eastern,upper manya,863.0561373375441,259.3540954589844,237.92669677734375,77.929107666015625,83.97687530517578,452.2684020996094,0.08616676181554794,8.669734001159668,0.9350257158803019,0.28664324237659705,-0.5504427735635272,-0.9201333425311685,-0.36081558628537075,GHA
1,2014,DHS 2014,125,Upper West Akim,GHA6.31_2,Eastern,upper west akim,344.11633593518314,108.94043731689453,118.88157653808594,52.79043197631836,54.45337677001953,368.83831787109375,0.05217723548412323,8.775860786437988,-0.6577440519781874,0.03424301309894615,-0.5809332800939152,-0.23007226785511592,-0.7104896783054572,GHA
2,2022,DHS 2022,125,Upper West Akim,GHA6.31_2,Eastern,upper west akim,344.11633593518314,108.94043731689453,118.88157653808594,52.79043197631836,54.45337677001953,586.66204833984375,0.7205843925476074,8.754364013671875,-0.6577440519781874,0.6932230443528821,-0.10928181762922713,-0.36984929095204894,-0.7104896783054572,GHA
1,2014,DHS 2014,126,West Akim,GHA6.32_2,Eastern,west akim,477.3142221497948,215.1494903564453,215.93374633789063,68.04346466064453,68.3955307006836,411.8931579589844,0.08085034042596817,8.753151893615723,0.46693153163450757,0.16449640562736856,-0.5551484108412647,-0.37773077785840636,-0.49832295877415134,GHA
2,2022,DHS 2022,126,West Akim,GHA6.32_2,Eastern,west akim,477.3142221497948,215.1494903564453,215.93374633789063,68.04346466064453,68.3955307006836,648.645751953125,0.6731262803077698,8.743152618408203,0.46693153163450757,0.8807417451685158,-0.13610587537752067,-0.44274839407646865,-0.49832295877415134,GHA
1,2014,DHS 2014,127,Yilo-Krobo,GHA6.33_2,Eastern,yilo krobo,485.6849578649172,296.4372253417969,272.3747863769531,41.30921936035156,41.1212272644043,350.7716979980469,0.19184359908103943,8.697603225708008,1.327708726881319,-0.020413757781678508,-0.4614004550784553,-0.7389211538100969,-0.8701911139074571,GHA
2,2022,DHS 2022,127,Yilo-Krobo,GHA6.33_2,Eastern,yilo krobo,485.6849578649172,296.4372253417969,272.3747863769531,41.30921936035156,41.1212272644043,483.3435363769531,0.885323166847229,8.678319931030273,1.327708726881319,0.3806545464399167,-0.021593005788124973,-0.8643056268600942,-0.8701911139074571,GHA
1,2014,DHS 2014,128,Ablekuma Central,GHA7.1_2,Greater Accra,ablekuma central,14.154637507231136,21.89466667175293,22.30959129333496,45.47600555419922,45.534481048583984,202.8694305419922,26.086334228515625,8.837499618530273,-1.579494600539104,-0.46786106125489507,2.5341450623844706,0.1707177740163216,-0.8122319279519038,GHA
2,2022,DHS 2022,128,Ablekuma Central,GHA7.1_2,Greater Accra,ablekuma central,14.154637507231136,21.89466667175293,22.30959129333496,45.47600555419922,45.534481048583984,298.7024841308594,44.91197204589844,8.767499923706055,-1.579494600539104,-0.17793824837656222,3.0402199706135753,-0.28443654457268885,-0.8122319279519038,GHA
1,2014,DHS 2014,129,Ablekuma North,GHA7.2_2,Greater Accra,ablekuma north,29.61972070512832,31.81253433227539,32.48994445800781,44.20707702636719,44.3472900390625,228.0695037841797,25.42932891845703,8.83750057220459,-1.4744716926035835,-0.3916235226864303,2.5105961796348697,0.17072397502883643,-0.8298824771011535,GHA
2,2022,DHS 2022,129,Ablekuma North,GHA7.2_2,Greater Accra,ablekuma north,29.61972070512832,31.81253433227539,32.48994445800781,44.20707702636719,44.3472900390625,337.7507629394531,46.94011306762695,8.767499923706055,-1.4744716926035835,-0.0598058670500421,3.0816754898898475,-0.28443654457268885,-0.8298824771011535,GHA
1,2014,DHS 2014,130,Ablekuma West,GHA7.3_2,Greater Accra,ablekuma west,12.95675141006073,17.880653381347656,17.940465927124023,49.78162384033203,49.90066909790039,229.80255126953125,18.49725914001465,8.837499618530273,-1.6220000425030254,-0.38638055084124207,2.2188599547957617,0.1707177740163216,-0.7523416145808774,GHA
2,2022,DHS 2022,130,Ablekuma West,GHA7.3_2,Greater Accra,ablekuma west,12.95675141006073,17.880653381347656,17.940465927124023,49.78162384033203,49.90066909790039,339.5150451660156,34.61643981933594,8.767499923706055,-1.6220000425030254,-0.054468401043473474,2.796705363550473,-0.28443654457268885,-0.7523416145808774,GHA
1,2014,DHS 2014,131,Accra,GHA7.4_2,Greater Accra,accra,5.64259246186301,17.921489715576172,17.921489715576172,45.79651641845703,45.7965202331543,-1102.4854736328125,27.75644302368164,8.837499618530273,-1.6215676158245391,-4.416938664964377,2.5915260220693077,0.1707177740163216,-0.8077736841356691,GHA
2,2022,DHS 2022,131,Accra,GHA7.4_2,Greater Accra,accra,5.64259246186301,17.921489715576172,17.921489715576172,45.79651641845703,45.7965202331543,-1020.36279296875,45.38956069946289,8.767499923706055,-1.6215676158245391,-4.16849371108262,3.050144489938534,-0.28443654457268885,-0.8077736841356691,GHA
1,2014,DHS 2014,132,Ada East,GHA7.5_2,Greater Accra,ada east,290.9753184328601,5.519522666931152,5.575595378875732,113.822509765625,114.04922485351563,177.3982391357422,0.25402387976646423,8.981457710266113,-1.7528953052182685,-0.5449188109906322,-0.41262808472496504,1.1067668141434295,0.13845465943551333,GHA
2,2022,DHS 2022,132,Ada East,GHA7.5_2,Greater Accra,ada east,290.9753184328601,5.519522666931152,5.575595378875732,113.822509765625,114.04922485351563,217.09133911132813,1.0468765497207642,8.9164581298828125,-1.7528953052182685,-0.4248356584057957,0.057254061218829554,0.6841244041697075,0.13845465943551333,GHA
1,2014,DHS 2014,133,Ada West,GHA7.6_2,Greater Accra,ada west,325.09183342536915,18.4268741607666,18.327213287353516,101.78289794921875,101.8934326171875,187.5459442138672,0.04176054894924164,8.929141998291016,-1.6162159670754286,-0.5142190566748466,-0.5904750716000056,0.7665978706170351,-0.02901400049479251,GHA
2,2022,DHS 2022,133,Ada West,GHA7.6_2,Greater Accra,ada west,325.09183342536915,18.4268741607666,18.327213287353516,101.78289794921875,101.8934326171875,245.59393310546875,0.575631856918335,8.864136695861816,-1.6162159670754286,-0.3386070356535484,-0.19368344607204876,0.3439182545682242,-0.02901400049479251,GHA
1,2014,DHS 2014,134,Adenta,GHA7.7_2,Greater Accra,adenta,78.29816416969413,51.45619583129883,50.90283966064453,39.49184036254883,39.13934326171875,236.08505249023438,12.344277381896973,8.83750057220459,-1.266459796927634,-0.3673741604821082,1.8552103481155844,0.17072397502883643,-0.8954705024781722,GHA
2,2022,DHS 2022,134,Adenta,GHA7.7_2,Greater Accra,adenta,78.29816416969413,51.45619583129883,50.90283966064453,39.49184036254883,39.13934326171875,313.09161376953125,35.24677276611328,8.767499923706055,-1.266459796927634,-0.13440695323895882,2.813529587323948,-0.28443654457268885,-0.8954705024781722,GHA
1,2014,DHS 2014,135,Ashaiman,GHA7.8_2,Greater Accra,ashaiman,18.630458521925956,31.916603088378906,31.902441024780273,50.95823287963867,50.95834732055664,182.7901153564453,13.534950256347656,8.83750057220459,-1.4733696811868826,-0.5286068198554604,1.9371768685905106,0.17072397502883643,-0.735975211570603,GHA
2,2022,DHS 2022,135,Ashaiman,GHA7.8_2,Greater Accra,ashaiman,18.630458521925956,31.916603088378906,31.902441024780273,50.95823287963867,50.95834732055664,240.3505096435547,32.98612976074219,8.767499923706055,-1.4733696811868826,-0.35446991408912576,2.7517703479826134,-0.28443654457268885,-0.735975211570603,GHA
1,2014,DHS 2014,136,Ayawaso Central,GHA7.9_2,Greater Accra,ayawaso central,1.563559892532901,28.012706756591797,28.030649185180664,43.250770568847656,43.2500114440918,184.3102569580078,31.33732032775879,8.83750057220459,-1.5147090657276818,-0.5240079501273902,2.7040774882061203,0.17072397502883643,-0.8431845140244085,GHA
2,2022,DHS 2022,136,Ayawaso Central,GHA7.9_2,Greater Accra,ayawaso central,1.563559892532901,28.012706756591797,28.030649185180664,43.250770568847656,43.2500114440918,273.4919738769531,62.68708801269531,8.767499923706055,-1.5147090657276818,-0.25420736193593274,3.3540670184502153,-0.28443654457268885,-0.8431845140244085,GHA
1,2014,DHS 2014,137,Ayawaso East,GHA7.10_2,Greater Accra,ayawaso east,6.221482408667499,46.2012939453125,46.261619567871094,40.71084976196289,40.700923919677734,144.61598205566406,32.027835845947266,8.837499618530273,-1.3221053344436149,-0.644094657206817,2.724340491478652,0.1707177740163216,-0.8785143187012058,GHA
2,2022,DHS 2022,137,Ayawaso East,GHA7.10_2,Greater Accra,ayawaso east,6.221482408667499,46.2012939453125,46.261619567871094,40.71084976196289,40.700923919677734,207.22561645507813,58.32147979736328,8.767500877380371,-1.3221053344436149,-0.45468233401991565,3.285966196445769,-0.28443034356017405,-0.8785143187012058,GHA
1,2014,DHS 2014,138,Ayawaso North,GHA7.11_2,Greater Accra,ayawaso north,4.956904403859984,25.584457397460938,25.611093521118164,41.212650299072266,41.187870025634766,185.30833435058594,29.453779220581055,8.83750057220459,-1.5404224365466521,-0.520988476216354,2.6465245042022,0.17072397502883643,-0.871534370777345,GHA
2,2022,DHS 2022,138,Ayawaso North,GHA7.11_2,Greater Accra,ayawaso north,4.956904403859984,25.584457397460938,25.611093521118164,41.212650299072266,41.187870025634766,268.04254150390625,55.54104232788086,8.767499923706055,-1.5404224365466521,-0.2706934771437605,3.239928449391634,-0.28443654457268885,-0.871534370777345,GHA
1,2014,DHS 2014,139,Ayawaso West,GHA7.12_2,Greater Accra,ayawaso west,32.7656126896672,57.46314239501953,59.05356979370117,38.29863739013672,38.26220703125,188.88690185546875,22.352542877197266,8.837499618530273,-1.2028506606163718,-0.5101622704529267,2.3918989731834364,0.1707177740163216,-0.9120677238721722,GHA
2,2022,DHS 2022,139,Ayawaso West,GHA7.12_2,Greater Accra,ayawaso west,32.7656126896672,57.46314239501953,59.05356979370117,38.29863739013672,38.26220703125,255.62420654296875,44.774078369140625,8.767499923706055,-1.2028506606163718,-0.3082625461477205,3.0373352621237877,-0.28443654457268885,-0.9120677238721722,GHA
1,2014,DHS 2014,140,Ga Central,GHA7.13_2,Greater Accra,ga central,49.204691673835136,45.659271240234375,45.87871170043945,50.02920913696289,52.509498596191406,253.28428649902344,10.50069522857666,8.83750057220459,-1.3278449553583975,-0.31534148369218606,1.712622177706268,0.17072397502883643,-0.7488977512339947,GHA
2,2022,DHS 2022,140,Ga Central,GHA7.13_2,Greater Accra,ga central,49.204691673835136,45.659271240234375,45.87871170043945,50.02920913696289,52.509498596191406,367.4030456542969,28.083145141601563,8.767499923706055,-1.3278449553583975,0.02990089790218892,2.602360098501441,-0.28443654457268885,-0.7488977512339947,GHA
1,2014,DHS 2014,141,Ga East,GHA7.14_2,Greater Accra,ga east,86.06428024909081,71.37736511230469,85.53900909423828,41.29620361328125,40.975101470947266,250.6434326171875,11.478934288024902,8.83750057220459,-1.0555092983950909,-0.32333083347443575,1.7909117896221802,0.17072397502883643,-0.8703721604190138,GHA
2,2022,DHS 2022,141,Ga East,GHA7.14_2,Greater Accra,ga east,86.06428024909081,71.37736511230469,85.53900909423828,41.29620361328125,40.975101470947266,348.7455139160156,33.16423034667969,8.767499923706055,-1.0555092983950909,-0.026543552946006285,2.7567828977831597,-0.28443654457268885,-0.8703721604190138,GHA
1,2014,DHS 2014,142,Ga North,GHA7.15_2,Greater Accra,ga north,125.34219483182177,96.98589324951172,109.50060272216797,47.83225631713867,48.53804016113281,320.454345703125,5.853236675262451,8.83750057220459,-0.7843338618016562,-0.11213255132107396,1.216147260071208,0.17072397502883643,-0.7794569378819153,GHA
2,2022,DHS 2022,142,Ga North,GHA7.15_2,Greater Accra,ga north,125.34219483182177,96.98589324951172,109.50060272216797,47.83225631713867,48.53804016113281,442.107666015625,18.649690628051758,8.767499923706055,-0.7843338618016562,0.25590406548444655,2.226328559503638,-0.28443654457268885,-0.7794569378819153,GHA
1,2014,DHS 2014,143,Ga South,GHA7.16_2,Greater Accra,ga south,179.03315819740632,55.04086685180664,56.794525146484375,57.294288635253906,56.70964050292969,307.73248291015625,0.28914007544517517,8.833075523376465,-1.2285007731281483,-0.150619880148277,-0.3861417890547116,0.14195127695999435,-0.6478419077052202,GHA
2,2022,DHS 2022,143,Ga South,GHA7.16_2,Greater Accra,ga south,179.03315819740632,55.04086685180664,56.794525146484375,57.294288635253906,56.70964050292969,444.823974609375,3.1790761947631836,8.766556739807129,-1.2285007731281483,0.26412168767901967,0.7417832773870682,-0.29056934594986233,-0.6478419077052202,GHA
1,2014,DHS 2014,144,Ga West,GHA7.17_2,Greater Accra,ga west,175.6960705145166,44.08665084838867,43.83241653442383,59.51313400268555,60.46781539916992,313.4291687011719,2.898465156555176,8.837499618530273,-1.3444978461090726,-0.1333857515594,0.6751239573832784,0.1707177740163216,-0.6169781999758741,GHA
2,2022,DHS 2022,144,Ga West,GHA7.17_2,Greater Accra,ga west,175.6960705145166,44.08665084838867,43.83241653442383,59.51313400268555,60.46781539916992,456.5719299316406,12.697464942932129,8.767499923706055,-1.3444978461090726,0.2996626636267578,1.8802631292632834,-0.28443654457268885,-0.6169781999758741,GHA
1,2014,DHS 2014,145,Korle-Klottey,GHA7.18_2,Greater Accra,korle klottey,9.915642296243949,27.476781845092773,27.463436126708984,43.960758209228516,43.958030700683594,-4351.36962890625,37.00205993652344,8.83750057220459,-1.5203841155032247,-14.245756570044087,2.8588819578544777,0.17072397502883643,-0.8333087239644967,GHA
2,2022,DHS 2022,145,Korle-Klottey,GHA7.18_2,Greater Accra,korle klottey,9.915642296243949,27.476781845092773,27.463436126708984,43.960758209228516,43.958030700683594,-4287.66064453125,59.025028228759766,8.767499923706055,-1.5203841155032247,-14.053018393977375,3.297273259966066,-0.28443654457268885,-0.8333087239644967,GHA
1,2014,DHS 2014,146,Kpone-Katamanso,GHA7.19_2,Greater Accra,kpone katamanso,240.97973502912188,51.52326583862305,54.45162582397461,50.72712707519531,50.07268524169922,246.98390197753906,4.975656986236572,8.856599807739258,-1.2657495749882464,-0.33440197622872003,1.0847347612108935,0.29491165266347014,-0.7391898483846823,GHA
2,2022,DHS 2022,146,Kpone-Katamanso,GHA7.19_2,Greater Accra,kpone katamanso,240.97973502912188,51.52326583862305,54.45162582397461,50.72712707519531,50.07268524169922,329.5773620605469,17.700576782226563,8.78764533996582,-1.2657495749882464,-0.08453277791068087,2.17884982643471,-0.15344635620927938,-0.7391898483846823,GHA
1,2014,DHS 2014,147,Krowor,GHA7.20_2,Greater Accra,krowor,18.423804753138416,25.23773765563965,27.00244903564453,48.92240905761719,48.3521842956543,205.01083374023438,20.47873306274414,8.83750057220459,-1.5440939430409024,-0.46138269480938343,2.3116835236291546,0.17072397502883643,-0.7642931251816997,GHA
2,2022,DHS 2022,147,Krowor,GHA7.20_2,Greater Accra,krowor,18.423804753138416,25.23773765563965,27.00244903564453,48.92240905761719,48.3521842956543,297.1593933105469,39.10476303100586,8.767499923706055,-1.5440939430409024,-0.18260654615481128,2.910530069570062,-0.28443654457268885,-0.7642931251816997,GHA
1,2014,DHS 2014,148,La-Dade-Kotopon,GHA7.21_2,Greater Accra,la dade kotopon,36.2004149117849,34.46162033081055,34.67494201660156,42.757293701171875,42.76075744628906,155.4064178466797,20.660507202148438,8.837499618530273,-1.4464198245548845,-0.6114504558633496,2.3197655952295637,0.1707177740163216,-0.8500486813245247,GHA
2,2022,DHS 2022,148,La-Dade-Kotopon,GHA7.21_2,Greater Accra,la dade kotopon,36.2004149117849,34.46162033081055,34.67494201660156,42.757293701171875,42.76075744628906,224.54592895507813,41.08941650390625,8.767499923706055,-1.4464198245548845,-0.4022833596381258,2.956852204270503,-0.28443654457268885,-0.8500486813245247,GHA
1,2014,DHS 2014,149,La-Nkwantanang-Madina,GHA7.22_2,Greater Accra,la nkwantanang madina,71.21508563875449,79.37703704833984,82.16322326660156,34.56948471069336,34.58818435668945,302.18756103515625,8.78500747680664,8.837499618530273,-0.9707986692548417,-0.16739487882553247,1.55768560460951,0.1707177740163216,-0.9639395127159676,GHA
2,2022,DHS 2022,149,La-Nkwantanang-Madina,GHA7.22_2,Greater Accra,la nkwantanang madina,71.21508563875449,79.37703704833984,82.16322326660156,34.56948471069336,34.58818435668945,408.4161376953125,28.532047271728516,8.767499923706055,-0.9707986692548417,0.15397740975352928,2.6170497157739874,-0.28443654457268885,-0.9639395127159676,GHA
1,2014,DHS 2014,150,Ledzokuku,GHA7.23_2,Greater Accra,ledzokuku,29.371074324494586,27.771663665771484,29.958223342895508,46.880615234375,46.44894027709961,208.162109375,16.408586502075195,8.83750057220459,-1.5172615343834674,-0.45184917102013067,2.1101923600311,0.17072397502883643,-0.7926940803492402,GHA
2,2022,DHS 2022,150,Ledzokuku,GHA7.23_2,Greater Accra,ledzokuku,29.371074324494586,27.771663665771484,29.958223342895508,46.880615234375,46.44894027709961,306.0032958984375,37.43769836425781,8.767499923706055,-1.5172615343834674,-0.1558511729398115,2.869813265002416,-0.28443654457268885,-0.7926940803492402,GHA
1,2014,DHS 2014,151,Ningo-Prampram,GHA7.24_2,Greater Accra,ningo prampram,624.9538486188635,27.484081268310547,23.924083709716797,71.21430206298828,80.86754608154297,194.64207458496094,0.8752564191818237,8.921148300170898,-1.5203068199918486,-0.49275120189308197,-0.02672747973269187,0.7146209837176742,-0.4542172269013188,GHA
2,2022,DHS 2022,151,Ningo-Prampram,GHA7.24_2,Greater Accra,ningo prampram,624.9538486188635,27.484081268310547,23.924083709716797,71.21430206298828,80.86754608154297,264.7835388183594,4.031857967376709,8.855731964111328,-1.5203068199918486,-0.28055290654090076,0.919873578436492,0.28926873127496877,-0.4542172269013188,GHA
1,2014,DHS 2014,152,Okaikwei North,GHA7.25_2,Greater Accra,okaikwei north,22.530778567514044,51.978370666503906,53.525115966796875,41.13481903076172,41.21805953979492,185.41082763671875,18.836261749267578,8.837499618530273,-1.2609303503246836,-0.5206784042661868,2.23539142541657,0.1707177740163216,-0.8726169885895639,GHA
2,2022,DHS 2022,152,Okaikwei North,GHA7.25_2,Greater Accra,okaikwei north,22.530778567514044,51.978370666503906,53.525115966796875,41.13481903076172,41.21805953979492,262.0707702636719,36.17765426635742,8.767500877380371,-1.2609303503246836,-0.2887598190894356,2.8378481342769857,-0.28443034356017405,-0.8726169885895639,GHA
1,2014,DHS 2014,153,Shai Osudoku,GHA7.26_2,Greater Accra,shai osudoku,972.800484075975,42.73530960083008,39.60144805908203,78.82581329345703,85.380157470703125,255.804443359375,0.09619666635990143,8.925339698791504,-1.3588075538294861,-0.307717277445119,-0.5416275506097703,0.7418744337203813,-0.348342585322421,GHA
2,2022,DHS 2022,153,Shai Osudoku,GHA7.26_2,Greater Accra,shai osudoku,972.800484075975,42.73530960083008,39.60144805908203,78.82581329345703,85.380157470703125,364.5198974609375,0.8388828039169312,8.853582382202148,-1.3588075538294861,0.021178537475796975,-0.045512111798678825,0.2752916490665269,-0.348342585322421,GHA
1,2014,DHS 2014,154,Tema,GHA7.27_2,Greater Accra,tema,42.83202310896013,16.99384307861328,17.41116714477539,53.52804946899414,53.37959289550781,180.3877716064453,22.091419219970703,8.862587928771973,-1.6313907099295593,-0.5358746072358846,2.3811149192194483,0.33384781024412946,-0.7002295623712178,GHA
2,2022,DHS 2022,154,Tema,GHA7.27_2,Greater Accra,tema,42.83202310896013,16.99384307861328,17.41116714477539,53.52804946899414,53.37959289550781,242.6602325439453,36.27601623535156,8.793962478637695,-1.6313907099295593,-0.3474823316718569,2.840382106628798,-0.11237084931100137,-0.7002295623712178,GHA
1,2014,DHS 2014,155,Tema West,GHA7.28_2,Greater Accra,tema west,45.37900452313031,23.68500328063965,23.440502166748047,47.77531814575195,47.514190673828125,185.1143035888672,16.909391403198242,8.83750057220459,-1.5605362555314235,-0.5215754756086906,2.1373919507227708,0.17072397502883643,-0.7802489367774297,GHA
2,2022,DHS 2022,155,Tema West,GHA7.28_2,Greater Accra,tema west,45.37900452313031,23.68500328063965,23.440502166748047,47.77531814575195,47.514190673828125,259.3172607421875,36.90791702270508,8.767499923706055,-1.5605362555314235,-0.29708998489194494,2.8565032039312284,-0.28443654457268885,-0.7802489367774297,GHA
1,2014,DHS 2014,156,Weija Gbawe,GHA7.29_2,Greater Accra,weija gbawe,164.42146254076226,23.66759490966797,32.29573440551758,50.4306640625,49.65352249145508,281.7268981933594,7.113815784454346,8.837973594665527,-1.5607205973480767,-0.22929432481311238,1.3780761801770078,0.1737996772361954,-0.7433135912604559,GHA
2,2022,DHS 2022,156,Weija Gbawe,GHA7.29_2,Greater Accra,weija gbawe,164.42146254076226,23.66759490966797,32.29573440551758,50.4306640625,49.65352249145508,410.9850769042969,20.359111785888672,8.768243789672852,-1.5607205973480767,0.16174919676949379,2.30632750020654,-0.27959975481111626,-0.7433135912604559,GHA
1,2014,DHS 2014,157,Bunkpurugu Nakpanduri,GHA8.1_2,North East,bunkpurugu nakpanduri,772.4984480548159,281.3302307128906,280.6486511230469,92.40159606933594,92.39740753173828,351.4050598144531,0.032472364604473114,9.085379600524902,1.16773678932368,-0.018497654386184056,-0.5990639553836712,1.7824911478851797,-0.15950608596923843,GHA
2,2022,DHS 2022,157,Bunkpurugu Nakpanduri,GHA8.1_2,North East,bunkpurugu nakpanduri,772.4984480548159,281.3302307128906,280.6486511230469,92.40159606933594,92.39740753173828,254.7864532470703,0.11486588418483734,8.978365898132324,1.16773678932368,-0.31079699311512027,-0.5254319919419188,1.086663131570329,-0.15950608596923843,GHA
1,2014,DHS 2014,158,Chereponi,GHA8.2_2,North East,chereponi,1380.3905931926295,155.23373413085938,156.77774047851563,139.8685302734375,139.61605834960938,401.03118896484375,0.015452560968697071,9.105578422546387,-0.16753216211025534,0.13163579557430105,-0.6150047890710059,1.91382859294942,0.5007497414926209,GHA
2,2022,DHS 2022,158,Chereponi,GHA8.2_2,North East,chereponi,1380.3905931926295,155.23373413085938,156.77774047851563,139.8685302734375,139.61605834960938,293.7362365722656,0.07004950195550919,8.943445205688477,-0.16753216211025534,-0.19296258922470685,-0.5647800776900244,0.8596006563145553,0.5007497414926209,GHA
1,2014,DHS 2014,159,East Mamprusi,GHA8.3_2,North East,east mamprusi,1714.307537911218,256.64111328125,256.49127197265625,101.67346954345703,103.06726837158203,332.0293273925781,0.0195404551923275,9.105817794799805,0.9062972343925891,-0.0771148708366519,-0.6111517995380189,1.9153850470906442,-0.03053612834664338,GHA
2,2022,DHS 2022,159,East Mamprusi,GHA8.3_2,North East,east mamprusi,1714.307537911218,256.64111328125,256.49127197265625,101.67346954345703,103.06726837158203,250.8404998779297,0.11019504070281982,8.999216079711914,0.9062972343925891,-0.32273464779088534,-0.5294583701227319,1.2222358681822028,-0.03053612834664338,GHA
1,2014,DHS 2014,160,Mamprugu Moagduri,GHA8.4_2,North East,mamprugu moagduri,2130.896998412886,156.01724243164063,156.61354064941406,181.9618377685547,183.8512725830078,260.6950378417969,6.0007609135936946e-5,9.166522026062012,-0.15923538673915397,-0.2929218091187741,-0.6296533215754289,2.3100980966975415,1.0862594660366927,GHA
2,2022,DHS 2022,160,Mamprugu Moagduri,GHA8.4_2,North East,mamprugu moagduri,2130.896998412886,156.01724243164063,156.61354064941406,181.9618377685547,183.8512725830078,254.0791778564453,0.032791294157505035,9.138049125671387,-0.15923538673915397,-0.31293670653393013,-0.5987677589786777,2.1249606670545784,1.0862594660366927,GHA
1,2014,DHS 2014,161,West Mamprusi,GHA8.5_2,North East,west mamprusi,2622.2860946118185,152.77496337890625,150.9047088623047,79.98412322998047,81.57659912109375,282.0696716308594,0.009550679475069046,9.147199630737305,-0.1935687319814973,-0.22825733563810063,-0.620594978318495,2.184459382134436,-0.3322307192746135,GHA
2,2022,DHS 2022,161,West Mamprusi,GHA8.5_2,North East,west mamprusi,2622.2860946118185,152.77496337890625,150.9047088623047,79.98412322998047,81.57659912109375,254.80604553222656,0.09107529371976852,9.119969367980957,-0.1935687319814973,-0.31073772076377076,-0.5461185697258232,2.0074018717983053,-0.3322307192746135,GHA
1,2014,DHS 2014,162,Yunyoo-Nasuan,GHA8.6_2,North East,yunyoo nasuan,489.9967513961059,212.02235412597656,215.14695739746094,79.71168518066406,79.89534759521484,343.06280517578125,0,9.102865219116211,0.4338174640066834,-0.04373539689793928,-0.6297108687249097,1.8961867123447098,-0.3360202795801105,GHA
2,2022,DHS 2022,162,Yunyoo-Nasuan,GHA8.6_2,North East,yunyoo nasuan,489.9967513961059,212.02235412597656,215.14695739746094,79.71168518066406,79.89534759521484,243.41546630859375,0.026515638455748558,8.946778297424316,0.4338174640066834,-0.3451975302465895,-0.6046129659080338,0.8812731950539093,-0.3360202795801105,GHA
1,2014,DHS 2014,163,Gushegu,GHA9.1_2,Northern,gushegu,2685.7869964409906,186.4481964111328,186.06300354003906,65.1697769165039,68.00724029541016,421.9803771972656,0.00789669994264841,9.053387641906738,0.16300598485119003,0.19501317271515622,-0.6221674706303997,1.5744719820624693,-0.5382953966656767,GHA
2,2022,DHS 2022,163,Gushegu,GHA9.1_2,Northern,gushegu,2685.7869964409906,186.4481964111328,186.06300354003906,65.1697769165039,68.00724029541016,294.1844482421875,0.026719963178038597,8.956149101257324,0.16300598485119003,-0.19160661878191862,-0.6044220937203404,0.9422043440246943,-0.5382953966656767,GHA
1,2014,DHS 2014,164,Karaga,GHA9.2_2,Northern,karaga,3133.3182207584036,150.58448791503906,151.72467041015625,90.61193084716797,91.18805694580078,374.79779052734375,0.005188180599361658,9.116841316223145,-0.21676425251585998,0.05227214825709189,-0.6247481297073956,1.9870625507496409,-0.1843999813082831,GHA
2,2022,DHS 2022,164,Karaga,GHA9.2_2,Northern,karaga,3133.3182207584036,150.58448791503906,151.72467041015625,90.61193084716797,91.18805694580078,266.6869201660156,0.03137596696615219,8.9881439208984375,-0.21676425251585998,-0.27479462530465765,-0.600082900687619,1.1502421128849494,-0.1843999813082831,GHA
1,2014,DHS 2014,165,Kpandai,GHA9.3_2,Northern,kpandai,1137.8669284724256,145.61471557617188,144.39456176757813,153.34303283691406,155.05555725097656,450.1241455078125,0.015416483394801617,9.03250789642334,-0.2693904783005516,0.28015624358708047,-0.6150388625064622,1.4387070140626357,0.6881774527796164,GHA
2,2022,DHS 2022,165,Kpandai,GHA9.3_2,Northern,kpandai,1137.8669284724256,145.61471557617188,144.39456176757813,153.34303283691406,155.05555725097656,434.2681579589844,0.044126808643341064,8.880706787109375,-0.2693904783005516,0.23218727735918915,-0.5882992050332314,0.45166084701351106,0.6881774527796164,GHA
1,2014,DHS 2014,166,Kumbungu,GHA9.4_2,Northern,kumbungu,1548.145918479978,132.79112243652344,128.8699951171875,115.07884979248047,132.9857635498047,306.4141845703125,0.016605131328105927,9.143409729003906,-0.40518287721192464,-0.1546081154030987,-0.6139168815533004,2.1598165584004754,0.15593010498331608,GHA
2,2022,DHS 2022,166,Kumbungu,GHA9.4_2,Northern,kumbungu,1548.145918479978,132.79112243652344,128.8699951171875,115.07884979248047,132.9857635498047,234.0112762451172,0.13248971104621887,9.086920738220215,-0.40518287721192464,-0.3736479357584757,-0.5103902600487713,1.7925119841091557,0.15593010498331608,GHA
1,2014,DHS 2014,167,Mion,GHA9.5_2,Northern,mion,2726.1899502553474,182.57423400878906,182.863525390625,63.059085845947266,63.945465087890625,458.8530578613281,0.0016341675072908401,9.028627395629883,0.12198357855850679,0.30656373795490754,-0.6281449382349488,1.4134750941397654,-0.5676546991501062,GHA
2,2022,DHS 2022,167,Mion,GHA9.5_2,Northern,mion,2726.1899502553474,182.57423400878906,182.863525390625,63.059085845947266,63.945465087890625,357.6338806152344,0.022676706314086914,8.9132843017578125,0.12198357855850679,3.463371162150317e-4,-0.6082062266882823,0.6634874345203312,-0.5676546991501062,GHA
1,2014,DHS 2014,168,Nanton,GHA9.6_2,Northern,nanton,478.7027559566012,150.9781036376953,153.92446899414063,46.865604400634766,47.51801681518555,417.068603515625,0.0073274667374789715,9.151174545288086,-0.2125961521522055,0.18015363116165153,-0.6227092561499575,2.2103052022962753,-0.7929028781285413,GHA
2,2022,DHS 2022,168,Nanton,GHA9.6_2,Northern,nanton,478.7027559566012,150.9781036376953,153.92446899414063,46.865604400634766,47.51801681518555,296.3796691894531,0.23424631357192993,8.991715431213379,-0.2125961521522055,-0.18496543801926554,-0.4278737006243317,1.1734649047530126,-0.7929028781285413,GHA
1,2014,DHS 2014,169,Nanumba North,GHA9.7_2,Northern,nanumba north,2270.6802797001137,156.77516174316406,156.48159790039063,96.41844177246094,96.982879638671875,467.0044250488281,0.009652814827859402,9.009888648986816,-0.15120957990231562,0.3312239905014118,-0.6204979593790001,1.2916313992357398,-0.10363254309201082,GHA
2,2022,DHS 2022,169,Nanumba North,GHA9.7_2,Northern,nanumba north,2270.6802797001137,156.77516174316406,156.48159790039063,96.41844177246094,96.982879638671875,442.2412414550781,0.044228047132492065,8.872611045837402,-0.15120957990231562,0.25630816997332,-0.5882062223921671,0.39902045177506273,-0.10363254309201082,GHA
1,2014,DHS 2014,170,Nanumba South,GHA9.8_2,Northern,nanumba south,1796.9309014465769,147.33184814453125,148.79318237304688,97.15857696533203,97.19632720947266,479.75042724609375,0.00904550589621067,8.969453811645508,-0.251207310122404,0.3697843480356514,-0.6210749898908997,1.0287146696191805,-0.09333740643748216,GHA
2,2022,DHS 2022,170,Nanumba South,GHA9.8_2,Northern,nanumba south,1796.9309014465769,147.33184814453125,148.79318237304688,97.15857696533203,97.19632720947266,445.4585876464844,0.04729234054684639,8.879658699035645,-0.251207310122404,0.2660415763804414,-0.5853960751587561,0.4448459342597056,-0.09333740643748216,GHA
1,2014,DHS 2014,171,Saboba,GHA9.9_2,Northern,saboba,1758.4740831880763,135.59649658203125,136.51161193847656,88.85540008544922,88.5995101928711,471.7917785644531,0.007323491387069225,9.049662590026855,-0.3754760328888137,0.3457071249264868,-0.6227130408905628,1.5502508271795175,-0.2088329827436404,GHA
2,2022,DHS 2022,171,Saboba,GHA9.9_2,Northern,saboba,1758.4740831880763,135.59649658203125,136.51161193847656,88.85540008544922,88.5995101928711,361.9313049316406,0.037110112607479095,8.950047492980957,-0.3754760328888137,0.013347293459413344,-0.5947657649433362,0.9025302659547694,-0.2088329827436404,GHA
1,2014,DHS 2014,172,Sagnerigu,GHA9.10_2,Northern,sagnerigu,201.3444412345442,167.55271911621094,167.7723388671875,20.883302688598633,21.50415802001953,384.4916076660156,1.5619475841522217,9.132458686828613,-0.0370831915996442,0.08159875976661421,0.2725101517867528,2.088610331692606,-1.1543116441229915,GHA
2,2022,DHS 2022,172,Sagnerigu,GHA9.10_2,Northern,sagnerigu,201.3444412345442,167.55271911621094,167.7723388671875,20.883302688598633,21.50415802001953,296.80731201171875,6.945913314819336,8.974337577819824,-0.0370831915996442,-0.18367169431294078,1.358022447950301,1.060470054707659,-1.1543116441229915,GHA
1,2014,DHS 2014,173,Savelugu,GHA9.11_2,Northern,savelugu,1553.198091807525,131.37277221679688,130.96466064453125,46.93267822265625,54.15247344970703,348.4898376464844,0.02637423574924469,9.15457534790039,-0.4202021605544109,-0.027317047898663724,-0.6047450810478469,2.232418012924183,-0.7919698943030135,GHA
2,2022,DHS 2022,173,Savelugu,GHA9.11_2,Northern,savelugu,1553.198091807525,131.37277221679688,130.96466064453125,46.93267822265625,54.15247344970703,252.74807739257813,0.16520090401172638,9.027982711791992,-0.4202021605544109,-0.3169636719311056,-0.4830819582060758,1.4092832096797356,-0.7919698943030135,GHA
1,2014,DHS 2014,174,Tamale,GHA9.12_2,Northern,tamale,649.8820135469352,139.73480224609375,138.32611083984375,39.79901885986328,41.956417083740234,396.19219970703125,0.7268682718276978,9.123750686645508,-0.33165442630538966,0.11699644803632368,-0.10578566389863273,2.0319888864196325,-0.8911977092943789,GHA
2,2022,DHS 2022,174,Tamale,GHA9.12_2,Northern,tamale,649.8820135469352,139.73480224609375,138.32611083984375,39.79901885986328,41.956417083740234,314.2035827636719,2.469977378845215,8.9662504196167,-0.33165442630538966,-0.1310429241640031,0.563459871418447,1.0078854685818441,-0.8911977092943789,GHA
1,2014,DHS 2014,175,Tatale Sanguli,GHA9.13_2,Northern,tatale sanguli,1094.8347962831092,157.8683319091797,158.80686950683594,138.57862854003906,139.8634796142578,505.403564453125,0.006202913820743561,8.984712600708008,-0.1396337136341758,0.44739253664793954,-0.6237804850315453,1.1279308698565669,0.48280745913102097,GHA
2,2022,DHS 2022,175,Tatale Sanguli,GHA9.13_2,Northern,tatale sanguli,1094.8347962831092,157.8683319091797,158.80686950683594,138.57862854003906,139.8634796142578,462.253662109375,0.055769067257642746,8.862797737121582,-0.1396337136341758,0.31685155319357683,-0.5776650141904521,0.33521203299739355,0.48280745913102097,GHA
1,2014,DHS 2014,176,Tolon,GHA9.14_2,Northern,tolon,1359.8889998331072,132.29830932617188,130.21267700195313,110.02378845214844,116.61663818359375,299.0167541503906,0.017380408942699432,9.124201774597168,-0.41040140479158616,-0.17698749031706515,-0.6131857931035716,2.03492196533915,0.08561518441608508,GHA
2,2022,DHS 2022,176,Tolon,GHA9.14_2,Northern,tolon,1359.8889998331072,132.29830932617188,130.21267700195313,110.02378845214844,116.61663818359375,246.81716918945313,0.16974978148937225,9.084206581115723,-0.41040140479158616,-0.334906391324667,-0.47934526368960256,1.7748639024919306,0.08561518441608508,GHA
1,2014,DHS 2014,177,Yendi,GHA9.15_2,Northern,yendi,1452.5862313893688,159.50076293945313,159.2651824951172,39.86201858520508,39.944610595703125,478.33721923828125,0.04505050927400589,9.029468536376953,-0.12234747230975153,0.3655089834775635,-0.5874511647452392,1.418944387177851,-0.890321395361683,GHA
2,2022,DHS 2022,177,Yendi,GHA9.15_2,Northern,yendi,1452.5862313893688,159.50076293945313,159.2651824951172,39.86201858520508,39.944610595703125,376.8126220703125,0.18571998178958893,8.91808795928955,-0.12234747230975153,0.05836759869446949,-0.4663405737291531,0.6947219345575635,-0.890321395361683,GHA
1,2014,DHS 2014,178,Zabzugu,GHA9.16_2,Northern,zabzugu,1104.6706666451882,143.88775634765625,143.3247833251953,117.78630065917969,117.5629653930664,507.0096740722656,0.01712110824882984,9.008201599121094,-0.28767770356639466,0.452251484590576,-0.6134302521884647,1.2806618080969938,0.19359022022518807,GHA
2,2022,DHS 2022,178,Zabzugu,GHA9.16_2,Northern,zabzugu,1104.6706666451882,143.88775634765625,143.3247833251953,117.78630065917969,117.5629653930664,461.7541809082031,0.05061584711074829,8.892802238464355,-0.28767770356639466,0.31534047753230393,-0.5823574932714352,0.5303082887391843,0.19359022022518807,GHA
1,2014,DHS 2014,179,Biakoye,GHA10.1_2,Oti,biakoye,1110.5862611686036,226.103515625,179.1686553955078,82.18580627441406,96.623016357421875,432.5984191894531,0.013954080641269684,8.847505569458008,0.5829265848738228,0.227135832761469,-0.6164210476897604,0.23577879732198778,-0.30160573612190683,GHA
2,2022,DHS 2022,179,Biakoye,GHA10.1_2,Oti,biakoye,1110.5862611686036,226.103515625,179.1686553955078,82.18580627441406,96.623016357421875,414.7448425292969,0.14154550433158875,8.84035873413086,0.5829265848738228,0.173123579458369,-0.5027520406497499,0.18930840953580189,-0.30160573612190683,GHA
1,2014,DHS 2014,180,Jasikan,GHA10.2_2,Oti,jasikan,558.0792474457912,270.3376159667969,266.4753723144531,53.08599090576172,54.55869674682617,468.4069519042969,0.029606221243739128,8.64228343963623,1.0513331019620324,0.3354670414723155,-0.6017299145634826,-1.0986232867582268,-0.7063785110519692,GHA
2,2022,DHS 2022,180,Jasikan,GHA10.2_2,Oti,jasikan,558.0792474457912,270.3376159667969,266.4753723144531,53.08599090576172,54.55869674682617,459.36065673828125,0.2675158679485321,8.633745193481445,1.0513331019620324,0.3080993719424405,-0.4023650736678572,-1.1541409518035595,-0.7063785110519692,GHA
1,2014,DHS 2014,181,Kadjebi,GHA10.3_2,Oti,kadjebi,692.6952431978642,244.9345245361328,247.0170135498047,66.18572998046875,66.93171691894531,462.71649169921875,0.01917218789458275,8.612256050109863,0.7823330886608161,0.31825174708854015,-0.6114982711543293,-1.2938683668003736,-0.5241636870417474,GHA
2,2022,DHS 2022,181,Kadjebi,GHA10.3_2,Oti,kadjebi,692.6952431978642,244.9345245361328,247.0170135498047,66.18572998046875,66.93171691894531,434.99481201171875,0.16601131856441498,8.594429016113281,0.7823330886608161,0.23438561685760478,-0.482415172999955,-1.4097838937402154,-0.5241636870417474,GHA
1,2014,DHS 2014,182,Krachi East,GHA10.4_2,Oti,krachi east,2771.22859293159,135.05723571777344,122.79267883300781,175.70555114746094,192.7661895751953,451.0186767578125,0.0029848513659089804,8.920938491821289,-0.3811864079450981,0.2828624603514986,-0.6268525813893044,0.7132567609644102,0.9992357353258121,GHA
2,2022,DHS 2022,182,Krachi East,GHA10.4_2,Oti,krachi east,2771.22859293159,135.05723571777344,122.79267883300781,175.70555114746094,192.7661895751953,415.8613586425781,0.0567995123565197,8.881595611572266,-0.3811864079450981,0.17650136488901177,-0.5767294478367112,0.4574401906773388,0.9992357353258121,GHA
1,2014,DHS 2014,183,Krachi Nchumuru,GHA10.5_2,Oti,krachi nchumuru,1200.228477795757,123.6026382446289,120.28538513183594,196.9859161376953,201.755859375,414.5487060546875,0.002434892114251852,9.04876708984375,-0.5024821518527289,0.17253020967313037,-0.6273785814029608,1.5444280764280858,1.2952414755512571,GHA
2,2022,DHS 2022,183,Krachi Nchumuru,GHA10.5_2,Oti,krachi nchumuru,1200.228477795757,123.6026382446289,120.28538513183594,196.9859161376953,201.755859375,438.2006530761719,0.04156069457530975,8.893115043640137,-0.5024821518527289,0.244084216915102,-0.5906590716474331,0.5323422208440508,1.2952414755512571,GHA
1,2014,DHS 2014,184,Krachi West,GHA10.6_2,Oti,krachi west,932.477963128381,112.30313873291016,103.98600006103516,247.24404907226563,258.83746337890625,446.5538330078125,0.005130133591592312,8.966019630432129,-0.6221355226735878,0.26935501161032,-0.6248035125862371,1.0063848235532538,1.9943223347598877,GHA
2,2022,DHS 2022,184,Krachi West,GHA10.6_2,Oti,krachi west,932.477963128381,112.30313873291016,103.98600006103516,247.24404907226563,258.83746337890625,409.7337341308594,0.08856238424777985,8.91744327545166,-0.6221355226735878,0.15796352154405027,-0.5483298981461979,0.6905300500975339,1.9943223347598877,GHA
1,2014,DHS 2014,185,Nkwanta North,GHA10.7_2,Oti,nkwanta north,1103.565635693982,133.09458923339844,133.29698181152344,107.10391235351563,108.71865844726563,480.630615234375,0.004549094941467047,8.960134506225586,-0.40196938752234634,0.37244717226870777,-0.6253580601593242,0.9681183753241968,0.04500027549234152,GHA
2,2022,DHS 2022,185,Nkwanta North,GHA10.7_2,Oti,nkwanta north,1103.565635693982,133.09458923339844,133.29698181152344,107.10391235351563,108.71865844726563,432.0126953125,0.06996836513280869,8.883323669433594,-0.40196938752234634,0.22536384796481657,-0.5648527989033342,0.4686764253542229,0.04500027549234152,GHA
1,2014,DHS 2014,186,Nkwanta South,GHA10.8_2,Oti,nkwanta south,2744.1207365437676,269.299072265625,274.2920837402344,138.36988830566406,138.9358367919922,465.9344482421875,0.0022929536644369364,8.805866241455078,1.0403356896907094,0.32798699998635783,-0.627514383086573,-0.034969811100810246,0.4799039230488457,GHA
2,2022,DHS 2022,186,Nkwanta South,GHA10.8_2,Oti,nkwanta south,2744.1207365437676,269.299072265625,274.2920837402344,138.36988830566406,138.9358367919922,423.70501708984375,0.05342240259051323,8.704641342163086,1.0403356896907094,0.20023070915100366,-0.5797990206309208,-0.6931576814506024,0.4799039230488457,GHA
1,2014,DHS 2014,187,Bole,GHA11.1_2,Savannah,bole,6195.04831240027,212.531005859375,207.94366455078125,191.7266082763672,192.77748107910156,334.83203125,0.008264320902526379,8.860998153686523,0.43920371092955607,-0.06863587788402518,-0.6218177384674215,0.32351072238189676,1.2220855255813978,GHA
2,2022,DHS 2022,187,Bole,GHA11.1_2,Savannah,bole,6195.04831240027,212.531005859375,207.94366455078125,191.7266082763672,192.77748107910156,332.372314453125,0.03263087198138237,8.834507942199707,0.43920371092955607,-0.07607723538989647,-0.5989167349031183,0.151265197757279,1.2220855255813978,GHA
1,2014,DHS 2014,188,Central Gonja,GHA11.2_2,Savannah,central gonja,7589.712891323904,133.11720275878906,132.7281951904297,158.87989807128906,165.1318359375,332.32220458984375,0.006291300989687443,9.02731990814209,-0.4017299269571837,-0.07622883227605827,-0.6236962456631899,1.4049735059819242,0.7651941718528945,GHA
2,2022,DHS 2022,188,Central Gonja,GHA11.2_2,Savannah,central gonja,7589.712891323904,133.11720275878906,132.7281951904297,158.87989807128906,165.1318359375,305.7502746582031,0.02192702516913414,8.963890075683594,-0.4017299269571837,-0.15661663565794026,-0.6089095062186475,0.9925379626076235,0.7651941718528945,GHA
1,2014,DHS 2014,189,East Gonja,GHA11.3_2,Savannah,east gonja,2263.892114449526,119.35154724121094,118.7409439086914,282.73419189453125,285.5627136230469,285.869384765625,0,9.038853645324707,-0.5474980720443849,-0.2167621001331561,-0.6297108687249097,1.4799685513363587,2.487983322324359,GHA
2,2022,DHS 2022,189,East Gonja,GHA11.3_2,Savannah,east gonja,2263.892114449526,119.35154724121094,118.7409439086914,282.73419189453125,285.5627136230469,269.8075866699219,0.002657134085893631,8.898446083068848,-0.5474980720443849,-0.2653537030238216,-0.627165986772311,0.5670058808019877,2.487983322324359,GHA
1,2014,DHS 2014,190,North East Gonja,GHA11.4_2,Savannah,north east gonja,6114.85909050721,126.42237854003906,126.8919906616211,158.53057861328125,165.45423889160156,396.80987548828125,0.003985548857599497,9.029452323913574,-0.4726231805916284,0.11886509662092462,-0.6258962191982508,1.418838969965099,0.7603352060978332,GHA
2,2022,DHS 2022,190,North East Gonja,GHA11.4_2,Savannah,north east gonja,6114.85909050721,126.42237854003906,126.8919906616211,158.53057861328125,165.45423889160156,395.87298583984375,0.02177538350224495,8.917862892150879,-0.4726231805916284,0.11603073340218704,-0.6090518247364812,0.6932584956040619,0.7603352060978332,GHA
1,2014,DHS 2014,191,North Gonja,GHA11.5_2,Savannah,north gonja,4867.349245013536,227.7716827392578,233.1509246826172,243.28395080566406,243.00296020507813,282.07574462890625,9.311343892477453e-4,9.065580368041992,0.6005912449861087,-0.22823896305567298,-0.6288183018307824,1.653751927064656,1.939238137693304,GHA
2,2022,DHS 2022,191,North Gonja,GHA11.5_2,Savannah,north gonja,4867.349245013536,227.7716827392578,233.1509246826172,243.28395080566406,243.00296020507813,252.11334228515625,0.009359840303659439,9.0272369384765625,0.6005912449861087,-0.3188839299306666,-0.6207762838152396,1.4044340178931334,1.939238137693304,GHA
1,2014,DHS 2014,192,Sawla-Tuna-Kalba,GHA11.6_2,Savannah,sawla tuna kalba,4244.089362173821,274.0502014160156,274.1484069824219,257.36016845703125,253.7823944091797,324.8593444824219,0.005681083537638187,8.949284553527832,1.0906466452741757,-0.0988061509926623,-0.624277977912754,0.8975694559429,2.1350355888826753,GHA
2,2022,DHS 2022,192,Sawla-Tuna-Kalba,GHA11.6_2,Savannah,sawla tuna kalba,4244.089362173821,274.0502014160156,274.1484069824219,257.36016845703125,253.7823944091797,279.6333923339844,0.026722336187958717,8.931330680847168,1.0906466452741757,-0.2356277879012361,-0.6044198771701569,0.7808291943385852,2.1350355888826753,GHA
1,2014,DHS 2014,193,West Gonja,GHA11.7_2,Savannah,west gonja,4736.721297001046,198.38783264160156,196.83872985839844,216.60682678222656,209.63507080078125,319.95062255859375,0.006091911345720291,8.97006893157959,0.28943793167049964,-0.11365646009268576,-0.6238862889058577,1.03271432269125,1.568164528416988,GHA
2,2022,DHS 2022,193,West Gonja,GHA11.7_2,Savannah,west gonja,4736.721297001046,198.38783264160156,196.83872985839844,216.60682678222656,209.63507080078125,281.13385009765625,0.030565399676561356,8.940008163452148,0.28943793167049964,-0.2310884674981198,-0.6008369040857647,0.837252207211084,1.568164528416988,GHA
1,2014,DHS 2014,194,Bawku,GHA12.1_2,Upper East,bawku,248.30191784882334,NA,217.21722412109375,NA,26.287954330444336,252.22779846191406,0.22354765236377716,9.141556739807129,NA,-0.31853766676285306,-0.43622294596561917,2.1477679910841476,NA,GHA
2,2022,DHS 2022,194,Bawku,GHA12.1_2,Upper East,bawku,248.30191784882334,NA,217.21722412109375,NA,26.287954330444336,200.28518676757813,1.0590128898620605,9.08340072631836,NA,-0.4756791490250679,0.06292352874744114,1.7696240469168938,NA,GHA
1,2014,DHS 2014,195,Bawku West,GHA12.2_2,Upper East,bawku west,1075.8938336049498,202.64187622070313,204.10206604003906,89.05859375,89.35801696777344,267.1593017578125,0.017289670184254646,9.106048583984375,0.33448511746226295,-0.2733655338302981,-0.6132713311550131,1.9168856921192345,-0.20600659836949664,GHA
2,2022,DHS 2022,195,Bawku West,GHA12.2_2,Upper East,bawku west,1075.8938336049498,202.64187622070313,204.10206604003906,89.05859375,89.35801696777344,230.5316619873047,0.14201277494430542,9.065884590148926,0.33448511746226295,-0.38417477921777404,-0.5023595612259841,1.6557300500568888,-0.20600659836949664,GHA
1,2014,DHS 2014,196,Binduri,GHA12.3_2,Upper East,binduri,393.61679261951724,202.23394775390625,201.15357971191406,45.4647331237793,46.09707260131836,254.90792846679688,0.002565863076597452,9.099860191345215,0.3301654556882693,-0.3104294953042999,-0.6272532900793699,1.8766473219104596,-0.812388725267745,GHA
2,2022,DHS 2022,196,Binduri,GHA12.3_2,Upper East,binduri,393.61679261951724,202.23394775390625,201.15357971191406,45.4647331237793,46.09707260131836,212.69960021972656,0.24237509071826935,9.050481796264648,0.3301654556882693,-0.4381219437238314,-0.4215782376597358,1.555577496929762,-0.812388725267745,GHA
1,2014,DHS 2014,197,Bolga East,GHA12.4_2,Upper East,bolga east,72.14528719413865,198.12551879882813,202.47596740722656,10.509469032287598,11.723214149475098,296.7733459472656,0.5931087136268616,9.145000457763672,0.28666022143047853,-0.18377445152018687,-0.1831045204574262,2.170159847275223,-1.2986096536647047,GHA
2,2022,DHS 2022,197,Bolga East,GHA12.4_2,Upper East,bolga east,72.14528719413865,198.12551879882813,202.47596740722656,10.509469032287598,11.723214149475098,300.23748779296875,3.059936761856079,9.11875057220459,0.28666022143047853,-0.1732944166000384,0.7140455334412535,1.999476977804344,-1.2986096536647047,GHA
1,2014,DHS 2014,198,Bolgatanga,GHA12.5_2,Upper East,bolgatanga,326.73281071600223,176.8369140625,176.81297302246094,26.3100528717041,26.915651321411133,269.9627990722656,0.520600438117981,9.146195411682129,0.06122958938055471,-0.26488414043976627,-0.22777787574555003,2.177929715956313,-1.0788266040070975,GHA
2,2022,DHS 2022,198,Bolgatanga,GHA12.5_2,Upper East,bolgatanga,326.73281071600223,176.8369140625,176.81297302246094,26.3100528717041,26.915651321411133,267.2828063964844,1.9932992458343506,9.119586944580078,0.06122958938055471,-0.2729918964379127,0.42174276074298306,2.004915265779856,-1.0788266040070975,GHA
1,2014,DHS 2014,199,Bongo,GHA12.6_2,Upper East,bongo,416.6189424435103,225.89080810546875,226.05062866210938,41.287628173828125,42.541236877441406,264.3399353027344,0.009751682169735432,9.145106315612793,0.5806741690314696,-0.28189493597893234,-0.6204040540891005,2.1708481596643696,-0.8704914431147873,GHA
2,2022,DHS 2022,199,Bongo,GHA12.6_2,Upper East,bongo,416.6189424435103,225.89080810546875,226.05062866210938,41.287628173828125,42.541236877441406,225.553466796875,0.5405150055885315,9.118721008300781,0.5806741690314696,-0.3992352651212977,-0.21529950699419415,1.999284746416384,-0.8704914431147873,GHA
1,2014,DHS 2014,200,Builsa North,GHA12.7_2,Upper East,builsa north,820.1149034438017,182.11167907714844,182.7994384765625,91.227203369140625,92.50062561035156,254.23956298828125,0.017154311761260033,9.194999694824219,0.1170854627876965,-0.3124514949412241,-0.6133989456684434,2.495266531403079,-0.17584166013331878,GHA
2,2022,DHS 2022,200,Builsa North,GHA12.7_2,Upper East,builsa north,820.1149034438017,182.11167907714844,182.7994384765625,91.227203369140625,92.50062561035156,256.53790283203125,0.13925616443157196,9.1537504196167,0.1170854627876965,-0.30549834957544025,-0.5046772741930381,2.227054137098849,-0.17584166013331878,GHA
1,2014,DHS 2014,201,Builsa South,GHA12.8_2,Upper East,builsa south,1246.9780711509034,174.81484985351563,175.14256286621094,131.85305786132813,131.42010498046875,244.3558807373047,0.0041775209829211235,9.179049491882324,0.039817419897271805,-0.34235250354408114,-0.6257128612601146,2.391554597092436,0.38925607840498705,GHA
2,2022,DHS 2022,201,Builsa South,GHA12.8_2,Upper East,builsa south,1246.9780711509034,174.81484985351563,175.14256286621094,131.85305786132813,131.42010498046875,264.2599182128906,0.05078310891985893,9.14300537109375,0.039817419897271805,-0.2821370109092102,-0.58220482499695,2.1571873290941848,0.38925607840498705,GHA
1,2014,DHS 2014,202,Garu,GHA12.9_2,Upper East,garu,678.131589807725,209.618896484375,210.2903594970703,66.95924377441406,68.20442962646484,273.8182067871094,0.009209884330630302,9.073124885559082,0.40836661920205053,-0.25322041265878925,-0.6209187725510252,1.7028081370695287,-0.5134042605348973,GHA
2,2022,DHS 2022,202,Garu,GHA12.9_2,Upper East,garu,678.131589807725,209.618896484375,210.2903594970703,66.95924377441406,68.20442962646484,226.5603790283203,0.11938386410474777,9.029375076293945,0.40836661920205053,-0.3961890632574333,-0.5215534035875404,1.4183366879513972,-0.5134042605348973,GHA
1,2014,DHS 2014,203,Kasena Nankana East,GHA12.10_2,Upper East,kasena nankana east,770.506286576822,170.40328979492188,170.4357452392578,64.52397918701172,64.80308532714844,263.61431884765625,0.08658937364816666,9.184710502624512,-0.006897749304865409,-0.28409013644316433,-0.5500697028209371,2.4283638073805065,-0.5472783175433013,GHA
2,2022,DHS 2022,203,Kasena Nankana East,GHA12.10_2,Upper East,kasena nankana east,770.506286576822,170.40328979492188,170.4357452392578,64.52397918701172,64.80308532714844,249.10745239257813,0.37536442279815674,9.146503448486328,-0.006897749304865409,-0.3279776196360736,-0.3240512197127056,2.1799326429986055,-0.5472783175433013,GHA
1,2014,DHS 2014,204,Kasena Nankana West,GHA12.11_2,Upper East,kasena nankana west,876.732799915243,234.2803955078125,237.8621826171875,87.75782012939453,93.7660140991211,254.25289916992188,0.014717001467943192,9.188264846801758,0.6695137155481586,-0.3124111491195111,-0.6156997270302491,2.4514749810233027,-0.22410010656870977,GHA
2,2022,DHS 2022,204,Kasena Nankana West,GHA12.11_2,Upper East,kasena nankana west,876.732799915243,234.2803955078125,237.8621826171875,87.75782012939453,93.7660140991211,241.10650634765625,0.09705714136362076,9.148454666137695,0.6695137155481586,-0.35218280455048806,-0.5408750447127898,2.192619914603961,-0.22410010656870977,GHA
1,2014,DHS 2014,205,Nabdam,GHA12.12_2,Upper East,nabdam,246.0357359842622,230.30308532714844,228.40928649902344,50.20795440673828,50.23887634277344,275.18292236328125,0.018524877727031708,9.145000457763672,0.6273969324620566,-0.24909175178651807,-0.6121075741898259,2.170159847275223,-0.7464114392785399,GHA
2,2022,DHS 2022,205,Nabdam,GHA12.12_2,Upper East,nabdam,246.0357359842622,230.30308532714844,228.40928649902344,50.20795440673828,50.23887634277344,256.4338073730469,0.20428957045078278,9.118749618530273,0.6273969324620566,-0.30581326856368496,-0.4514376353807308,1.9994707767918292,-0.7464114392785399,GHA
1,2014,DHS 2014,206,Pusiga,GHA12.13_2,Upper East,pusiga,256.8340305424044,236.95120239257813,237.80178833007813,30.514484405517578,30.803119659423828,246.24734497070313,0.02798601984977722,9.164306640625,0.6977955917712901,-0.33663027503868226,-0.6032402391633431,2.295693144625576,-1.0203437786906717,GHA
2,2022,DHS 2022,206,Pusiga,GHA12.13_2,Upper East,pusiga,256.8340305424044,236.95120239257813,237.80178833007813,30.514484405517578,30.803119659423828,205.5412139892578,0.5334543585777283,9.10195541381836,0.6977955917712901,-0.4597781405566131,-0.2197051190032176,1.8902709464055556,-1.0203437786906717,GHA
1,2014,DHS 2014,207,Talensi,GHA12.14_2,Upper East,talensi,842.1564482073081,182.2393341064453,185.19259643554688,61.10540771484375,66.8912353515625,285.1968078613281,0.023089706897735596,9.144991874694824,0.11843723545176588,-0.21879684055588436,-0.6078190090377057,2.1701040381625893,-0.5948299821692153,GHA
2,2022,DHS 2022,207,Talensi,GHA12.14_2,Upper East,talensi,842.1564482073081,182.2393341064453,185.19259643554688,61.10540771484375,66.8912353515625,289.1789855957031,0.24424731731414795,9.118741035461426,0.11843723545176588,-0.20674959665729709,-0.4201340980899845,1.9994149676791957,-0.5948299821692153,GHA
1,2014,DHS 2014,208,Tempane,GHA12.15_2,Upper East,tempane,387.35000695209567,233.69619750976563,233.9855499267578,54.4296989440918,53.06461715698242,260.6876525878906,5.648002261295915e-4,9.079644203186035,0.6633274893687946,-0.29294415165619864,-0.6291693633536714,1.745198258620952,-0.6876877934484271,GHA
2,2022,DHS 2022,208,Tempane,GHA12.15_2,Upper East,tempane,387.35000695209567,233.69619750976563,233.9855499267578,54.4296989440918,53.06461715698242,209.4861602783203,0.11565595120191574,9.030943870544434,0.6633274893687946,-0.44784353259049686,-0.524752603757962,1.4285373535383035,-0.6876877934484271,GHA
1,2014,DHS 2014,209,Daffiama-Bussie-Issa,GHA13.1_2,Upper West,daffiama bussie issa,1462.0169663920442,284.246337890625,282.91400146484375,275.73541259765625,275.618408203125,250.6848907470703,7.097439956851304e-4,9.102102279663086,1.1986162148353101,-0.32320541059389324,-0.6290304469921502,1.8912259023328406,2.3906316628299518,GHA
2,2022,DHS 2022,209,Daffiama-Bussie-Issa,GHA13.1_2,Upper West,daffiama bussie issa,1462.0169663920442,284.246337890625,282.91400146484375,275.73541259765625,275.618408203125,302.50042724609375,0.039584383368492126,9.067361831665039,1.1986162148353101,-0.1664483676946368,-0.5924805064319276,1.6653354184423708,2.3906316628299518,GHA
1,2014,DHS 2014,210,Jirapa,GHA13.2_2,Upper West,jirapa,1193.0609443540689,289.7682189941406,289.0742492675781,266.45867919921875,266.61981201171875,247.07997131347656,0.014029702171683311,9.134068489074707,1.2570888654710681,-0.3341113385931309,-0.6163495253846137,2.0990776408176504,2.2615941046048587,GHA
2,2022,DHS 2022,210,Jirapa,GHA13.2_2,Upper West,jirapa,1193.0609443540689,289.7682189941406,289.0742492675781,266.45867919921875,266.61981201171875,296.24237060546875,0.11279699951410294,9.1011381149292,1.2570888654710681,-0.18538080610138608,-0.5272133345510047,1.8849566786803407,2.2615941046048587,GHA
1,2014,DHS 2014,211,Lambussie-Karni,GHA13.3_2,Upper West,lambussie karni,814.9025868372062,300.51385498046875,300.94342041015625,251.8228759765625,249.76007080078125,258.97357177734375,0.003602857468649745,9.149731636047363,1.3708772298180578,-0.298129743803001,-0.6262618430629481,2.2009230703613274,2.0580129268992873,GHA
2,2022,DHS 2022,211,Lambussie-Karni,GHA13.3_2,Upper West,lambussie karni,814.9025868372062,300.51385498046875,300.94342041015625,251.8228759765625,249.76007080078125,311.97613525390625,0.0793791115283966,9.10982894897461,1.3708772298180578,-0.13778159963541797,-0.5564547048934922,1.9414665057280471,2.0580129268992873,GHA
1,2014,DHS 2014,212,Lawra,GHA13.4_2,Upper West,lawra,529.23680725047,267.12530517578125,266.4943542480469,246.70944213867188,247.0679168701172,313.90618896484375,0.027596671134233475,9.152302742004395,1.0173170985212947,-0.13194262675574894,-0.6036035382599467,2.2176410001013274,1.9868860562383166,GHA
2,2022,DHS 2022,212,Lawra,GHA13.4_2,Upper West,lawra,529.23680725047,267.12530517578125,266.4943542480469,246.70944213867188,247.0679168701172,341.44537353515625,0.24464212357997894,9.113821029663086,1.0173170985212947,-0.04862859724299113,-0.4198298422286116,1.9674239441151533,1.9868860562383166,GHA
1,2014,DHS 2014,213,Nadowli-Kaleo,GHA13.5_2,Upper West,nadowli kaleo,1136.2779002204466,285.5001525878906,285.96533203125,252.30841064453125,252.32904052734375,256.5554504394531,0.010525316931307316,9.092315673828125,1.2118931882762114,-0.3054452629679232,-0.6196695645819511,1.8275911119055868,2.0647666197454,GHA
2,2022,DHS 2022,213,Nadowli-Kaleo,GHA13.5_2,Upper West,nadowli kaleo,1136.2779002204466,285.5001525878906,285.96533203125,252.30841064453125,252.32904052734375,307.2811279296875,0.1404450386762619,9.093770027160645,1.2118931882762114,-0.1519853600181509,-0.5036770011884647,1.8370476559907127,2.0647666197454,GHA
1,2014,DHS 2014,214,Nandom,GHA13.6_2,Upper West,nandom,406.05185560298264,267.67486572265625,267.3421936035156,222.48477172851563,222.5150146484375,284.0093994140625,0.01610419899225235,9.154328346252441,1.023136539624465,-0.2223890958808961,-0.6143895583824975,2.23081195068284,1.649925599978926,GHA
2,2022,DHS 2022,214,Nandom,GHA13.6_2,Upper West,nandom,406.05185560298264,267.67486572265625,267.3421936035156,222.48477172851563,222.5150146484375,317.1980895996094,0.29479652643203735,9.11431884765625,1.023136539624465,-0.12198367151008106,-0.3819430064749517,1.970660872647898,1.649925599978926,GHA
1,2014,DHS 2014,215,Sissala East,GHA13.7_2,Upper West,sissala east,5114.880264240658,272.44476318359375,275.08013916015625,201.90895080566406,200.69091796875,245.6658935546875,0.0024725892581045628,9.113103866577148,1.0736462377822567,-0.338389334400461,-0.6273425173419588,1.9627607827039961,1.3637199307711911,GHA
2,2022,DHS 2022,215,Sissala East,GHA13.7_2,Upper West,sissala east,5114.880264240658,272.44476318359375,275.08013916015625,201.90895080566406,200.69091796875,280.6099853515625,0.030225582420825958,9.071579933166504,1.0736462377822567,-0.2326733104627077,-0.6011531842863218,1.6927624967954933,1.3637199307711911,GHA
1,2014,DHS 2014,216,Sissala West,GHA13.8_2,Upper West,sissala west,2058.614571462229,295.7644348144531,294.3809814453125,232.75491333007813,236.99366760253906,237.46697998046875,0.005113395396620035,9.117816925048828,1.320584371119408,-0.3631934285722028,-0.6248194831581275,1.993406186552319,1.792781273196266,GHA
2,2022,DHS 2022,216,Sissala West,GHA13.8_2,Upper West,sissala west,2058.614571462229,295.7644348144531,294.3809814453125,232.75491333007813,236.99366760253906,304.76153564453125,0.057985078543424606,9.0789155960083,1.320584371119408,-0.15960785826132395,-0.5756541711469104,1.740460685059617,1.792781273196266,GHA
1,2014,DHS 2014,217,Wa East,GHA13.10_2,Upper West,wa east,4315.34189007743,266.9814758300781,251.68370056152344,272.47314453125,278.5890197753906,270.2486572265625,0.0011250292882323265,9.069231033325195,1.0157940517687825,-0.26401933652217946,-0.6286325424960614,1.6774894029714507,2.3452541481936398,GHA
2,2022,DHS 2022,217,Wa East,GHA13.10_2,Upper West,wa east,4315.34189007743,266.9814758300781,251.68370056152344,272.47314453125,278.5890197753906,280.6407165527344,0.01221413817256689,9.028985977172852,1.0157940517687825,-0.2325803396561517,-0.6180681478702583,1.415806674845344,2.3452541481936398,GHA
1,2014,DHS 2014,218,Wa Municipal,GHA13.9_2,Upper West,wa,582.14003198375,312.85980224609375,311.6645812988281,224.0468292236328,224.4287109375,268.2718505859375,0.3920646905899048,9.074806213378906,1.5016117110025167,-0.2699997505891809,-0.31247644038100886,1.7137405221331858,1.6716535160804145,GHA
2,2022,DHS 2022,218,Wa Municipal,GHA13.9_2,Upper West,wa,582.14003198375,312.85980224609375,311.6645812988281,224.0468292236328,224.4287109375,310.3161315917969,1.4622777700424194,9.043220520019531,1.5016117110025167,-0.14280359270653298,0.23445512460758638,1.5083629876417957,1.6716535160804145,GHA
1,2014,DHS 2014,219,Wa West,GHA13.11_2,Upper West,wa west,1497.6482483553154,272.0302429199219,271.5278015136719,242.1450653076172,242.93043518066406,289.1882629394531,0.002526650670915842,9.062644958496094,1.0692567737382561,-0.20672152999871415,-0.6272908002975393,1.6346652105439887,1.923396461808699,GHA
2,2022,DHS 2022,219,Wa West,GHA13.11_2,Upper West,wa west,1497.6482483553154,272.0302429199219,271.5278015136719,242.1450653076172,242.93043518066406,298.35333251953125,0.041034240275621414,9.02838134765625,1.0692567737382561,-0.17899453337934973,-0.5911439316918958,1.4118752329109374,1.923396461808699,GHA
1,2014,DHS 2014,220,Adaklu,GHA14.1_2,Volta,adaklu,804.1013891174575,74.0340347290039,68.67796325683594,63.959903717041016,74.64029693603516,331.25714111328125,0.02240557037293911,8.845135688781738,-1.0273771254200181,-0.0794509585410075,-0.6084605211059164,0.2203692812226187,-0.5551244976773505,GHA
2,2022,DHS 2022,220,Adaklu,GHA14.1_2,Volta,adaklu,804.1013891174575,74.0340347290039,68.67796325683594,63.959903717041016,74.64029693603516,467.9532470703125,0.18019334971904755,8.785727500915527,-1.0273771254200181,0.33409445261326104,-0.4708210381177697,-0.16591659237661588,-0.5551244976773505,GHA
1,2014,DHS 2014,221,Afadzato South,GHA14.2_2,Volta,afadzato south,555.3404538367881,204.2074432373047,200.76638793945313,41.74580383300781,42.24943161010742,410.63671875,0.03574763983488083,8.792106628417969,0.35106331816823727,0.1606953122046114,-0.5960264857287192,-0.1244380196648735,-0.8641183087624864,GHA
2,2022,DHS 2022,221,Afadzato South,GHA14.2_2,Volta,afadzato south,555.3404538367881,204.2074432373047,200.76638793945313,41.74580383300781,42.24943161010742,486.0226135253906,0.5086599588394165,8.775822639465332,0.35106331816823727,0.3887595327020188,-0.2353383305202484,-0.23032030835570938,-0.8641183087624864,GHA
1,2014,DHS 2014,222,Agotime Ziope,GHA14.3_2,Volta,agotime ziope,316.89820533555564,76.64714050292969,74.98138427734375,83.43888092041016,79.08750915527344,318.0519714355469,0.07200028002262115,8.73740291595459,-0.9997062614284404,-0.11940043102603294,-0.5630332947453072,-0.4801342985284189,-0.2841757113870855,GHA
2,2022,DHS 2022,222,Agotime Ziope,GHA14.3_2,Volta,agotime ziope,316.89820533555564,76.64714050292969,74.98138427734375,83.43888092041016,79.08750915527344,462.0673522949219,0.31590595841407776,8.700379371643066,-0.9997062614284404,0.31628791190854777,-0.3664338153428349,-0.7208700063794075,-0.2841757113870855,GHA
1,2014,DHS 2014,223,Akatsi North,GHA14.4_2,Volta,akatsi north,315.3353167929643,61.581748962402344,62.4668083190918,164.3894805908203,162.42237854003906,309.13134765625,0.02521536685526371,8.877500534057617,-1.159237652946325,-0.14638790812155086,-0.6058285198394779,0.43081304293863026,0.8418313936663094,GHA
2,2022,DHS 2022,223,Akatsi North,GHA14.4_2,Volta,akatsi north,315.3353167929643,61.581748962402344,62.4668083190918,164.3894805908203,162.42237854003906,407.61370849609375,0.16669225692749023,8.80625057220459,-1.159237652946325,0.1515498284351747,-0.4818552751778552,-0.03247080305733108,0.8418313936663094,GHA
1,2014,DHS 2014,224,Akatsi South,GHA14.5_2,Volta,akatsi south,538.0613143544646,30.56587791442871,31.114011764526367,140.00018310546875,138.89353942871094,270.0630798339844,0.11751408874988556,8.885714530944824,-1.4876728651418991,-0.26458076201837305,-0.5231566632969544,0.48422236372891836,0.5025810067935718,GHA
2,2022,DHS 2022,224,Akatsi South,GHA14.5_2,Volta,akatsi south,538.0613143544646,30.56587791442871,31.114011764526367,140.00018310546875,138.89353942871094,342.0086364746094,0.5217772126197815,8.814929008483887,-1.4876728651418991,-0.046924563303960526,-0.2270359837803471,0.023958410827682484,0.5025810067935718,GHA
1,2014,DHS 2014,225,Anloga,GHA14.6_2,Volta,anloga,237.21038178064967,0.756853461265564,0.7648009657859802,165.96371459960938,165.7599639892578,218.06820678710938,0.09125716239213943,8.98812484741211,-1.8033284614807716,-0.42188035004645397,-0.5459587252969014,1.1501180926346526,0.8637286827059248,GHA
2,2022,DHS 2022,225,Anloga,GHA14.6_2,Volta,anloga,237.21038178064967,0.756853461265564,0.7648009657859802,165.96371459960938,165.7599639892578,245.30941772460938,0.5815690159797668,8.923125267028809,-1.8033284614807716,-0.33946777729160343,-0.19007651784605453,0.7274756826609307,0.8637286827059248,GHA
1,2014,DHS 2014,226,Central Tongu,GHA14.7_2,Volta,central tongu,684.8488424637454,35.635658264160156,36.8150520324707,113.19642639160156,112.40742492675781,281.9547119140625,0.03537505865097046,8.891282081604004,-1.4339876282393622,-0.22860512216073856,-0.5963715306291846,0.5204238747905348,0.12974596141009423,GHA
2,2022,DHS 2022,226,Central Tongu,GHA14.7_2,Volta,central tongu,684.8488424637454,35.635658264160156,36.8150520324707,113.19642639160156,112.40742492675781,392.2927551269531,0.29782336950302124,8.817790985107422,-1.4339876282393622,0.10519949595161257,-0.3797037090973777,0.042567649384707286,0.12974596141009423,GHA
1,2014,DHS 2014,227,Ho Municipal,GHA14.8_2,Volta,ho,576.0122316331137,176.7630157470703,173.93161010742188,34.06013488769531,35.3011360168457,353.0608215332031,0.5909703969955444,8.684579849243164,0.06044706069156499,-0.013488494425407964,-0.1843926179891812,-0.8236021807127063,-0.9710244697389991,GHA
2,2022,DHS 2022,227,Ho Municipal,GHA14.8_2,Volta,ho,576.0122316331137,176.7630157470703,173.93161010742188,34.06013488769531,35.3011360168457,465.0509948730469,1.8572767972946167,8.677079200744629,0.06044706069156499,0.32531429702807657,0.3771411290475842,-0.8723731441418966,-0.9710244697389991,GHA
1,2014,DHS 2014,228,Ho West,GHA14.9_2,Volta,ho west,1007.0747100573483,252.86241149902344,172.9593048095703,57.639259338378906,83.16596984863281,351.3750915527344,0.03809662535786629,8.8742036819458,0.8662835678491032,-0.018588317079369733,-0.5938539601202744,0.4093761426748399,-0.6430434322852042,GHA
2,2022,DHS 2022,228,Ho West,GHA14.9_2,Volta,ho west,1007.0747100573483,252.86241149902344,172.9593048095703,57.639259338378906,83.16596984863281,466.27459716796875,0.2982211112976074,8.8242769241333,0.8662835678491032,0.32901604925137573,-0.37940984290802926,0.08474073549811137,-0.6430434322852042,GHA
1,2014,DHS 2014,229,Hohoe,GHA14.10_2,Volta,hohoe,686.9766097534965,274.3656921386719,280.02984619140625,38.08106231689453,39.691307067871094,475.65631103515625,0.10447586327791214,8.644366264343262,1.0939874594747852,0.35739845774337264,-0.5344115700023108,-1.0850802754258235,-0.9150941508455448,GHA
2,2022,DHS 2022,229,Hohoe,GHA14.10_2,Volta,hohoe,686.9766097534965,274.3656921386719,280.02984619140625,38.08106231689453,39.691307067871094,512.86602783203125,0.9739322662353516,8.636897087097168,1.0939874594747852,0.469968655145591,0.02245351908043857,-1.1336466054420242,-0.9150941508455448,GHA
1,2014,DHS 2014,230,Keta Municipal,GHA14.11_2,Volta,keta,518.7177627387615,3.1676924228668213,3.380154848098755,161.48013305664063,161.91529846191406,246.84901428222656,0.11761172115802765,8.963953971862793,-1.7777994539382092,-0.33481005067259034,-0.5230728809452124,0.9929534304461175,0.8013629350274124,GHA
2,2022,DHS 2022,230,Keta Municipal,GHA14.11_2,Volta,keta,518.7177627387615,3.1676924228668213,3.380154848098755,161.48013305664063,161.91529846191406,275.03057861328125,0.6763551831245422,8.897622108459473,-1.7777994539382092,-0.24955263586430107,-0.13425687053660676,0.5616482059891689,0.8013629350274124,GHA
1,2014,DHS 2014,231,Ketu North,GHA14.12_2,Volta,ketu north,425.31277786132046,31.228496551513672,32.91273880004883,144.86392211914063,145.75375366210938,274.91888427734375,0.10687937587499619,8.870539665222168,-1.480656222199996,-0.2498905436617141,-0.5323268459477541,0.3855518525928375,0.5702346709889932,GHA
2,2022,DHS 2022,231,Ketu North,GHA14.12_2,Volta,ketu north,425.31277786132046,31.228496551513672,32.91273880004883,144.86392211914063,145.75375366210938,315.46063232421875,0.9556437134742737,8.800361633300781,-1.480656222199996,-0.1272399842505497,0.013526688277949901,-0.07076205533644742,0.5702346709889932,GHA
1,2014,DHS 2014,232,Ketu South,GHA14.13_2,Volta,ketu south,279.29480111503545,13.808403968811035,12.492998123168945,117.56414794921875,121.63129425048828,232.36404418945313,0.7654779553413391,8.845921516418457,-1.6651221620737136,-0.3786312910117718,-0.08457974176937516,0.2254789155348441,0.19050011921492566,GHA
2,2022,DHS 2022,232,Ketu South,GHA14.13_2,Volta,ketu south,279.29480111503545,13.808403968811035,12.492998123168945,117.56414794921875,121.63129425048828,260.2847900390625,2.607424020767212,8.779529571533203,-1.6651221620737136,-0.2941629278402558,0.6007140877685653,-0.20621697271053932,0.19050011921492566,GHA
1,2014,DHS 2014,233,Kpando,GHA14.14_2,Volta,kpando,315.4125308824545,119.82819366455078,111.33484649658203,61.79096221923828,72.38053894042969,359.1839904785156,0.18666774034500122,8.83363151550293,-0.54245073776350194,0.005035869537470944,-0.4655743200243494,0.1455664672561441,-0.5852940522812029,GHA
2,2022,DHS 2022,233,Kpando,GHA14.14_2,Volta,kpando,315.4125308824545,119.82819366455078,111.33484649658203,61.79096221923828,72.38053894042969,395.38507080078125,1.2105133533477783,8.822792053222656,-0.54245073776350194,0.11455464873960801,0.13101256216436277,0.0750857590125107,-0.5852940522812029,GHA
1,2014,DHS 2014,234,North Dayi,GHA14.15_2,Volta,north dayi,464.74380934685655,143.7481231689453,118.3119888305664,79.14701843261719,90.3196792602539,356.4116516113281,0.04891238734126091,8.834375381469727,-0.289156316003509,-0.003351260503017541,-0.5839137124948538,0.1504032570177167,-0.343874684277258,GHA
2,2022,DHS 2022,234,North Dayi,GHA14.15_2,Volta,north dayi,464.74380934685655,143.7481231689453,118.3119888305664,79.14701843261719,90.3196792602539,441.491455078125,0.37736746668815613,8.813124656677246,-0.289156316003509,0.2540398484775166,-0.3226555355623618,0.012226095149611533,-0.343874684277258,GHA
1,2014,DHS 2014,235,North Tongu,GHA14.16_2,Volta,north tongu,1136.5885537730858,30.580108642578125,30.59104347229004,122.83409881591797,125.04582977294922,277.6803894042969,0.025466926395893097,8.953277587890625,-1.4875221722204517,-0.24153618883108396,-0.6055932301307149,0.9235330953425211,0.26380411132055387,GHA
2,2022,DHS 2022,235,North Tongu,GHA14.16_2,Volta,north tongu,1136.5885537730858,30.580108642578125,30.59104347229004,122.83409881591797,125.04582977294922,394.3792419433594,0.23818784952163696,8.870296478271484,-1.4875221722204517,0.11151172439672945,-0.4248159529640278,0.3839705944015542,0.26380411132055387,GHA
1,2014,DHS 2014,236,South Dayi,GHA14.17_2,Volta,south dayi,359.753006794938,170.20736694335938,149.05348205566406,65.01482391357422,86.66553497314453,363.28485107421875,0.07058943063020706,8.843029975891113,-0.008972427885626908,0.017442163551943238,-0.5642962914625813,0.20667744558985934,-0.5404507628143967,GHA
2,2022,DHS 2022,236,South Dayi,GHA14.17_2,Volta,south dayi,359.753006794938,170.20736694335938,149.05348205566406,65.01482391357422,86.66553497314453,455.3676452636719,0.5416404008865356,8.817272186279297,-0.008972427885626908,0.2960193528339949,-0.21459916349550504,0.039194298576636144,-0.5404507628143967,GHA
1,2014,DHS 2014,237,South Tongu,GHA14.18_2,Volta,south tongu,646.1562648348638,8.113564491271973,8.720300674438477,131.29481506347656,130.58770751953125,226.72500610351563,0.12127510458230972,8.945631980895996,-1.72542631440051,-0.3956910185543884,-0.5199344603776614,0.8738195780110757,0.3814910296062749,GHA
2,2022,DHS 2022,237,South Tongu,GHA14.18_2,Volta,south tongu,646.1562648348638,8.113564491271973,8.720300674438477,131.29481506347656,130.58770751953125,267.0617980957031,0.6714797616004944,8.878226280212402,-1.72542631440051,-0.27366051071902336,-0.13705011507072906,0.43553201346242093,0.3814910296062749,GHA
1,2014,DHS 2014,238,Ahanta West,GHA15.1_2,Western,ahanta west,556.7794671514299,NA,37.05782699584961,NA,151.8085174560547,286.86785888671875,0.302875280380249,8.644527435302734,NA,-0.2137414260031673,-0.3759778475466219,-1.0840323043108162,NA,GHA
2,2022,DHS 2022,238,Ahanta West,GHA15.1_2,Western,ahanta west,556.7794671514299,NA,37.05782699584961,NA,151.8085174560547,491.9053955078125,0.9769772887229919,8.667980194091797,NA,0.40655665630418125,0.02393178995687491,-0.9315370045459531,NA,GHA
1,2014,DHS 2014,239,Effia Kwesimintsim,GHA15.2_2,Western,effia kwesimintsim,105.36847424500817,29.558940887451172,29.34805679321289,126.41146850585938,128.90354919433594,320.0897521972656,3.366790294647217,8.651975631713867,-1.4983355860311953,-0.11323555253847649,0.7839210108021958,-1.035602396569942,0.31356462828617543,GHA
2,2022,DHS 2022,239,Effia Kwesimintsim,GHA15.2_2,Western,effia kwesimintsim,105.36847424500817,29.558940887451172,29.34805679321289,126.41146850585938,128.90354919433594,555.40313720703125,8.318877220153809,8.660229682922363,-1.4983355860311953,0.5986557619409227,1.5108762846238923,-0.9819326332540307,0.31356462828617543,GHA
1,2014,DHS 2014,240,Ellembelle,GHA15.3_2,Western,ellembelle,1000.0960243044703,59.81222152709961,59.009796142578125,279.9436340332031,278.37164306640625,425.31695556640625,0.10757388919591904,8.67829418182373,-1.177975644144464,0.2051072910797893,-0.5317252919828814,-0.8644730541979947,2.4491672049427526,GHA
2,2022,DHS 2022,240,Ellembelle,GHA15.3_2,Western,ellembelle,1000.0960243044703,59.81222152709961,59.009796142578125,279.9436340332031,278.37164306640625,727.03118896484375,0.8053616285324097,8.721273422241211,-1.177975644144464,1.1178804518680894,-0.06315560225553923,-0.5850120231918512,2.4491672049427526,GHA
1,2014,DHS 2014,241,Jomoro,GHA15.4_2,Western,jomoro,1501.4498321203816,55.774147033691406,55.92424774169922,260.90106201171875,261.5924987792969,403.5830993652344,0.023722399026155472,8.674891471862793,-1.2207358765123602,0.1393560654998403,-0.6072261178619303,-0.8865982668509319,2.18428872989768,GHA
2,2022,DHS 2022,241,Jomoro,GHA15.4_2,Western,jomoro,1501.4498321203816,55.774147033691406,55.92424774169922,260.90106201171875,261.5924987792969,767.30584716796875,0.14565953612327576,8.723212242126465,-1.2207358765123602,1.2397229869505764,-0.4993020054120472,-0.5724053647491882,2.18428872989768,GHA
1,2014,DHS 2014,242,Mpohor,GHA15.5_2,Western,mpohor,526.9810571531286,52.633968353271484,63.31778335571289,149.4550018310547,163.77862548828125,375.7276916503906,0.029931940138339996,8.67014217376709,-1.2539880540714075,0.05508536915735745,-0.6014265718055943,-0.9174793091748185,0.634095697300468,GHA
2,2022,DHS 2022,242,Mpohor,GHA15.5_2,Western,mpohor,526.9810571531286,52.633968353271484,63.31778335571289,149.4550018310547,163.77862548828125,704.80816650390625,0.16983233392238617,8.7085418701171875,-1.2539880540714075,1.050649356319634,-0.47927758497474804,-0.6677955402649205,0.634095697300468,GHA
1,2014,DHS 2014,243,Nzema East,GHA15.6_2,Western,nzema east,1088.756852195399,57.38227081298828,56.717037200927734,294.1933288574219,290.787109375,403.949462890625,0.018945150077342987,8.674945831298828,-1.2037070310585865,0.14046442154026195,-0.6117119342614072,-0.8862448091375862,2.647377689883458,GHA
2,2022,DHS 2022,243,Nzema East,GHA15.6_2,Western,nzema east,1088.756852195399,57.38227081298828,56.717037200927734,294.1933288574219,290.787109375,696.39093017578125,0.08036071062088013,8.718306541442871,-1.2037070310585865,1.025184772425845,-0.5555829522750128,-0.6043033731255081,2.647377689883458,GHA
1,2014,DHS 2014,244,Prestea-Huni Valley,GHA15.7_2,Western,prestea huni valley,1817.4639614987448,90.95265197753906,90.19673919677734,187.24851989746094,189.35736083984375,456.6394348144531,0.10614361613988876,8.692217826843262,-0.8482214396911346,0.29986688549776264,-0.532964537443965,-0.7739382714813796,1.1597961867471531,GHA
2,2022,DHS 2022,244,Prestea-Huni Valley,GHA15.7_2,Western,prestea huni valley,1817.4639614987448,90.95265197753906,90.19673919677734,187.24851989746094,189.35736083984375,670.258544921875,0.30707448720932007,8.740987777709961,-0.8482214396911346,0.9461267193188644,-0.3728918469157845,-0.4568246924851479,1.1597961867471531,GHA
1,2014,DHS 2014,245,Sekondi Takoradi,GHA15.8_2,Western,sekondi takoradi,87.20065416502426,29.09341049194336,30.014123916625977,113.65890502929688,114.77400970458984,305.4916687011719,6.272481441497803,8.651769638061523,-1.503265209771106,-0.1573989937659397,1.2730908969246688,-1.0369418152731467,0.1361789493570716,GHA
2,2022,DHS 2022,245,Sekondi Takoradi,GHA15.8_2,Western,sekondi takoradi,87.20065416502426,29.09341049194336,30.014123916625977,113.65890502929688,114.77400970458984,514.72674560546875,12.7015962600708,8.659680366516113,-1.503265209771106,0.47559786668216647,1.8805523393089065,-0.9855044164625766,0.1361789493570716,GHA
1,2014,DHS 2014,246,Shama,GHA15.9_2,Western,shama,194.59328107702837,22.238740921020508,21.180269241333008,111.22660064697266,111.65269470214844,320.4972229003906,0.6598769426345825,8.672667503356934,-1.5758511078609703,-0.11200283534966268,-0.1437305487001374,-0.901059028035531,0.10234606822585633,GHA
2,2022,DHS 2022,246,Shama,GHA15.9_2,Western,shama,194.59328107702837,22.238740921020508,21.180269241333008,111.22660064697266,111.65269470214844,563.76824951171875,2.1868162155151367,8.71525764465332,-1.5758511078609703,0.6239626555292525,0.48182207757441553,-0.6241280101354408,0.10234606822585633,GHA
1,2014,DHS 2014,247,Tarkwa Nsuaem,GHA15.10_2,Western,tarkwa nsuaem,909.3725879680289,81.07524871826172,81.132171630859375,200.06076049804688,201.35813903808594,411.381103515625,0.522240400314331,8.678021430969238,-0.9528158594443066,0.16294729225775298,-0.22674412660571952,-0.866246543777238,1.3380119628705103,GHA
2,2022,DHS 2022,247,Tarkwa Nsuaem,GHA15.10_2,Western,tarkwa nsuaem,909.3725879680289,81.07524871826172,81.132171630859375,200.06076049804688,201.35813903808594,702.940673828125,1.2349783182144165,8.720766067504883,-0.9528158594443066,1.0449996487363302,0.14156832680847367,-0.5883109618497443,1.3380119628705103,GHA
1,2014,DHS 2014,248,Wassa Amenfi Central,GHA15.11_2,Western,wassa amenfi central,1853.9668013984453,114.90814971923828,116.08162689208984,195.77674865722656,198.0938262939453,401.9545593261719,0.004468264989554882,8.718807220458984,-0.5945503765158959,0.1344292590241168,-0.6254352302747148,-0.6010478415552188,1.278422190953604,GHA
2,2022,DHS 2022,248,Wassa Amenfi Central,GHA15.11_2,Western,wassa amenfi central,1853.9668013984453,114.90814971923828,116.08162689208984,195.77674865722656,198.0938262939453,613.1424560546875,0.03821812570095062,8.787854194641113,-0.5945503765158959,0.773333966454862,-0.5937417208501548,-0.15208833446853015,1.278422190953604,GHA
1,2014,DHS 2014,249,Wassa Amenfi East,GHA15.12_2,Western,wassa amenfi east,1564.9534392684518,128.54322814941406,126.2804183959961,133.60140991210938,136.47471618652344,354.8987731933594,0.040129948407411575,8.71772289276123,-0.45016494653421385,-0.007928156991802448,-0.5919773495979556,-0.6080983927845881,0.4135753155611012,GHA
2,2022,DHS 2022,249,Wassa Amenfi East,GHA15.12_2,Western,wassa amenfi east,1564.9534392684518,128.54322814941406,126.2804183959961,133.60140991210938,136.47471618652344,520.5885009765625,0.16391730308532715,8.778203010559082,-0.45016494653421385,0.4933313786798433,-0.4841390167819163,-0.2148425811186771,0.4135753155611012,GHA
1,2014,DHS 2014,250,Wassa Amenfi West,GHA15.13_2,Western,wassa amenfi west,1454.635972049192,111.20932006835938,110.32536315917969,248.52908325195313,247.13633728027344,415.359619140625,0.02435148134827614,8.704615592956543,-0.6337182560631983,0.17498345721216277,-0.6066369725930588,-0.6933251087885031,2.012196910395595,GHA
2,2022,DHS 2022,250,Wassa Amenfi West,GHA15.13_2,Western,wassa amenfi west,1454.635972049192,111.20932006835938,110.32536315917969,248.52908325195313,247.13633728027344,643.6195068359375,0.11368110030889511,8.773537635803223,-0.6337182560631983,0.8655358942849302,-0.5264517048098263,-0.245177934341258,2.012196910395595,GHA
1,2014,DHS 2014,251,Wassa East,GHA15.14_2,Western,wassa east,1659.824462157596,85.6119155883789,92.08287811279297,183.18235778808594,192.665771484375,407.70098876953125,0.04018943011760712,8.683347702026367,-0.9047759013259963,0.15181387660473786,-0.5919225075138219,-0.8316138888818753,1.1032366622458325,GHA
2,2022,DHS 2022,251,Wassa East,GHA15.14_2,Western,wassa east,1659.824462157596,85.6119155883789,92.08287811279297,183.18235778808594,192.665771484375,640.8485107421875,0.08175623416900635,8.724766731262207,-0.9047759013259963,0.8571528265239734,-0.5543449581960168,-0.5622977143500045,1.1032366622458325,GHA
1,2014,DHS 2014,252,Aowin,GHA16.1_2,Western North,aowin,2620.492692092326,133.0750274658203,133.1461639404297,250.23373413085938,250.74044799804688,411.1534118652344,0.010292237624526024,8.678589820861816,-0.4021765322217651,0.16225845890351842,-0.6198907910737068,-0.8625507403183954,2.035908272746201,GHA
2,2022,DHS 2022,252,Aowin,GHA16.1_2,Western North,aowin,2620.492692092326,133.0750274658203,133.1461639404297,250.23373413085938,250.74044799804688,683.95684814453125,0.03756243363022804,8.756451606750488,-0.4021765322217651,0.9875680639619218,-0.5943475902583126,-0.35627527455707153,2.035908272746201,GHA
1,2014,DHS 2014,253,Bia East,GHA16.2_2,Western North,bia east,786.3121377668783,221.16632080078125,221.64471435546875,198.29750061035156,199.53811645507813,337.251220703125,0.00583901721984148,8.704163551330566,0.5306453309559479,-0.06131712736038462,-0.624127382791106,-0.6962643887205356,1.3134853606009251,GHA
2,2022,DHS 2022,253,Bia East,GHA16.2_2,Western North,bia east,786.3121377668783,221.16632080078125,221.64471435546875,198.29750061035156,199.53811645507813,518.4080810546875,0.031438689678907394,8.8008451461792,0.5306453309559479,0.4867349753165741,-0.6000245796632526,-0.06761814199142524,1.3134853606009251,GHA
1,2014,DHS 2014,254,Bia West,GHA16.3_2,Western North,bia west,1291.7411915580617,NA,196.1895294189453,NA,214.80392456054688,364.02935791015625,0.022039026021957397,8.702727317810059,NA,0.019694512903224083,-0.6088044048986943,-0.7056031135678796,NA,GHA
2,2022,DHS 2022,254,Bia West,GHA16.3_2,Western North,bia west,1291.7411915580617,NA,196.1895294189453,NA,214.80392456054688,537.45806884765625,0.07165125757455826,8.8084135055542,NA,0.5443667196824555,-0.5633455859067641,-0.018406906673681542,NA,GHA
1,2014,DHS 2014,255,Bibiani-Anhwiaso-Bekwai-,GHA16.4_2,Western North,bibiani anhwiaso bekwai ,837.3442203398749,190.61416625976563,190.67770385742188,144.44656372070313,144.01437377929688,371.970458984375,0.21088087558746338,8.755624771118164,0.20712053475758296,0.04371864940487164,-0.44620301455932565,-0.3616515524074349,0.5644292967989597,GHA
2,2022,DHS 2022,255,Bibiani-Anhwiaso-Bekwai-,GHA16.4_2,Western North,bibiani anhwiaso bekwai ,837.3442203398749,190.61416625976563,190.67770385742188,144.44656372070313,144.01437377929688,650.95562744140625,0.5211772322654724,8.823124885559082,0.20712053475758296,0.8877297892084587,-0.22741416686819552,0.07724991238018869,0.5644292967989597,GHA
1,2014,DHS 2014,256,Bodi,GHA16.5_2,Western North,bodi,664.9085484243976,181.6751708984375,175.20840454101563,145.02621459960938,145.5869598388672,383.404296875,0.009232801385223866,8.690369606018066,0.11246316293101082,0.0783093289157868,-0.6208969953080934,-0.785955833735133,0.5724921278435265,GHA
2,2022,DHS 2022,256,Bodi,GHA16.5_2,Western North,bodi,664.9085484243976,181.6751708984375,175.20840454101563,145.02621459960938,145.5869598388672,604.94036865234375,0.07140455394983292,8.761651992797852,0.11246316293101082,0.7485202705314996,-0.5635663876863658,-0.32246115331366726,0.5724921278435265,GHA
1,2014,DHS 2014,257,Juaboso,GHA16.6_2,Western North,juaboso,1374.985961011023,211.53919982910156,211.12657165527344,179.55548095703125,179.8445281982422,394.0918273925781,0.013767825439572334,8.703086853027344,0.4287012161421015,0.11064221192786722,-0.616597229284671,-0.7032653318497862,1.0527875105712476,GHA
2,2022,DHS 2022,257,Juaboso,GHA16.6_2,Western North,juaboso,1374.985961011023,211.53919982910156,211.12657165527344,179.55548095703125,179.8445281982422,610.06597900390625,0.07543350756168365,8.787184715270996,0.4287012161421015,0.7640267301004341,-0.5599667896262713,-0.1564414452539455,1.0527875105712476,GHA
1,2014,DHS 2014,258,Sefwi-Akontombra,GHA16.8_2,Western North,sefwi akontombra,1124.4428656388732,205.47935485839844,205.73455810546875,192.70944213867188,194.66958618164063,386.9667053222656,0.011121578514575958,8.69005012512207,0.3645319246930002,0.0890866488380309,-0.6191038569252777,-0.7880331729276033,1.2357565535484292,GHA
2,2022,DHS 2022,258,Sefwi-Akontombra,GHA16.8_2,Western North,sefwi akontombra,1124.4428656388732,205.47935485839844,205.73455810546875,192.70944213867188,194.66958618164063,584.058349609375,0.04799772799015045,8.761186599731445,0.3645319246930002,0.6853460996917663,-0.584750355356828,-0.3254872474209075,1.2357565535484292,GHA
1,2014,DHS 2014,259,Sefwi-Wiawso,GHA16.7_2,Western North,sefwi wiawso,1015.7256581934138,189.02239990234375,189.3379364013672,131.20501708984375,134.30081176757813,377.5915832519531,0.06488711386919022,8.7167205810546875,0.19026490234419682,0.06072418244555342,-0.5694180380129517,-0.6146156569376814,0.3802419572492865,GHA
2,2022,DHS 2022,259,Sefwi-Wiawso,GHA16.7_2,Western North,sefwi wiawso,1015.7256581934138,189.02239990234375,189.3379364013672,131.20501708984375,134.30081176757813,613.9266357421875,0.27363818883895874,8.785930633544922,0.19026490234419682,0.7757063377013989,-0.3977439621136092,-0.16459577671095568,0.3802419572492865,GHA
1,2014,DHS 2014,260,Suaman,GHA16.9_2,Western North,suaman,401.5771648049845,143.3386993408203,143.41612243652344,168.13499450683594,167.74505615234375,356.58465576171875,0.03126400709152222,8.707989692687988,-0.29349181255171714,-0.002827872715166618,-0.6001870123766608,-0.6713859265110109,0.8939307641302885,GHA
2,2022,DHS 2022,260,Suaman,GHA16.9_2,Western North,suaman,401.5771648049845,143.3386993408203,143.41612243652344,168.13499450683594,167.74505615234375,583.64501953125,0.15884089469909668,8.802023887634277,-0.29349181255171714,0.6840956561922685,-0.4883309442671312,-0.05995369052308713,0.8939307641302885,GHA
