time,year,label,district_id,district_name,district_code,region,name_clean,area_km2,elev_mean_pw,elev_mean_uw,travel_time_pw,travel_time_uw,poverty_H,mpi_index,literacy_rate,illiteracy_prop,pop_under5,pop_total,prop_under5,pop_density,rainfall_sep_dec,temp_sep_dec,elev_std,rainfall_std,temp_std,travel_std,poverty_std,illiteracy_std,pop_dens_std
1,2014,DHS 2014,1,Asunafo North,GHA1.1_2,Ahafo,asunafo north,1417.5245785172697,230.9906768798828,231.10789489746094,123.286865234375,124.16492462158203,0.262,0.1,0.6908514900687963,0.3091485099312037,18411,151258,0.12171918179534305,106.70573356704392,324.17681884765625,NA,0.6346780201728257,-0.10087098921373935,NA,0.27010200418593,-0.10297798518856105,-0.19935212032207145,-0.45926404136453486
2,2022,DHS 2022,1,Asunafo North,GHA1.1_2,Ahafo,asunafo north,1417.5245785172697,230.9906768798828,231.10789489746094,123.286865234375,124.16492462158203,0.262,0.1,0.6908514900687963,0.3091485099312037,18411,151258,0.12171918179534305,106.70573356704392,498.60443115234375,NA,0.6346780201728257,0.4268231842389682,NA,0.27010200418593,-0.10297798518856105,-0.19935212032207145,-0.45926404136453486
1,2014,DHS 2014,2,Asunafo South,GHA1.2_2,Ahafo,asunafo south,927.4042481016039,209.552001953125,213.5439910888672,101.25437927246094,106.18099212646484,0.261,0.1,0.6595255230555699,0.3404744769444301,11365,91693,0.12394621181551481,98.87058441633789,347.8316955566406,NA,0.4076582554249432,-0.029308118816425765,NA,-0.03636559254730016,-0.11040702962502774,-0.029389056632423458,-0.507020685381197
2,2022,DHS 2022,2,Asunafo South,GHA1.2_2,Ahafo,asunafo south,927.4042481016039,209.552001953125,213.5439910888672,101.25437927246094,106.18099212646484,0.261,0.1,0.6595255230555699,0.3404744769444301,11365,91693,0.12394621181551481,98.87058441633789,573.7142333984375,NA,0.4076582554249432,0.6540521446699288,NA,-0.03636559254730016,-0.11040702962502774,-0.029389056632423458,-0.507020685381197
1,2014,DHS 2014,3,Asutifi North,GHA1.3_2,Ahafo,asutifi north,940.1355478956202,256.3790283203125,256.49298095703125,101.65795135498047,101.95581817626953,0.23199999999999998,0.1,0.7004844775929113,0.2995155224070887,8905,73556,0.12106422317689923,78.23978166195951,318.09124755859375,NA,0.9035219478424988,-0.1192816093497295,NA,-0.03075198333169983,-0.32584931828256186,-0.2516171332869215,-0.653334444466144
2,2022,DHS 2022,3,Asutifi North,GHA1.3_2,Ahafo,asutifi north,940.1355478956202,256.3790283203125,256.49298095703125,101.65795135498047,101.95581817626953,0.23199999999999998,0.1,0.7004844775929113,0.2995155224070887,8905,73556,0.12106422317689923,78.23978166195951,500.54595947265625,NA,0.9035219478424988,0.4326968711437267,NA,-0.03075198333169983,-0.32584931828256186,-0.2516171332869215,-0.653334444466144
1,2014,DHS 2014,4,Asutifi South,GHA1.4_2,Ahafo,asutifi south,599.7596913577988,200.98391723632813,201.39442443847656,76.958892822265625,77.93331146240234,0.266,0.1,0.6535052235393436,0.3464947764606564,8622,67334,0.12804823714616687,112.26829840391947,324.8949890136719,NA,0.31692855392089053,-0.09869831593600152,NA,-0.374311086157376,-0.07326180744269427,0.00327485282247379,-0.42742327146819276
2,2022,DHS 2022,4,Asutifi South,GHA1.4_2,Ahafo,asutifi south,599.7596913577988,200.98391723632813,201.39442443847656,76.958892822265625,77.93331146240234,0.266,0.1,0.6535052235393436,0.3464947764606564,8622,67334,0.12804823714616687,112.26829840391947,506.434326171875,NA,0.31692855392089053,0.45051089013575973,NA,-0.374311086157376,-0.07326180744269427,0.00327485282247379,-0.42742327146819276
1,2014,DHS 2014,5,Tano North,GHA1.5_2,Ahafo,tano north,841.0711354108049,271.2559509277344,271.4891662597656,57.303585052490234,57.58964538574219,0.21600000000000003,0.1,0.7261663286004056,0.27383367139959436,10962,93838,0.116818346512074,111.56963549125562,337.7601318359375,NA,1.0610575922817016,-0.05977752341785472,NA,-0.6477125963486364,-0.44471402926602854,-0.3909573195487481,-0.4313355533511506
2,2022,DHS 2022,5,Tano North,GHA1.5_2,Ahafo,tano north,841.0711354108049,271.2559509277344,271.4891662597656,57.303585052490234,57.58964538574219,0.21600000000000003,0.1,0.7261663286004056,0.27383367139959436,10962,93838,0.116818346512074,111.56963549125562,456.0090637207031,NA,1.0610575922817016,0.2979598299066798,NA,-0.6477125963486364,-0.44471402926602854,-0.3909573195487481,-0.4313355533511506
1,2014,DHS 2014,6,Tano South,GHA1.6_2,Ahafo,tano south,491.213456441849,297.5416564941406,296.81390380859375,69.84822845458984,68.97888946533203,0.237,0.1,0.6726009845572865,0.32739901544271355,10575,86989,0.12156709469013323,177.0900183193535,352.0978698730469,NA,1.3394038386940539,-0.016401702796875247,NA,-0.4732190452367651,-0.2887040961002284,-0.10033165499018448,-0.14128552074166287
2,2022,DHS 2022,6,Tano South,GHA1.6_2,Ahafo,tano south,491.213456441849,297.5416564941406,296.81390380859375,69.84822845458984,68.97888946533203,0.237,0.1,0.6726009845572865,0.32739901544271355,10575,86989,0.12156709469013323,177.0900183193535,449.6359558105469,NA,1.3394038386940539,0.27867932800368816,NA,-0.4732190452367651,-0.2887040961002284,-0.10033165499018448,-0.14128552074166287
1,2014,DHS 2014,7,Adansi Akrofuom,GHA2.1_2,Ashanti,akrofuom,570.8592388209779,159.87557983398438,158.759521484375,81.63334655761719,81.15028381347656,0.37,0.2,0.6475238095238095,0.3524761904761905,6019,49291,0.12211154166074943,86.34527856955243,355.55572509765625,NA,-0.11837843767907977,-0.005940686730898089,NA,-0.3092903433873482,0.6993588139498411,0.035727783991274985,-0.5917537432676933
2,2022,DHS 2022,7,Adansi Akrofuom,GHA2.1_2,Ashanti,akrofuom,570.8592388209779,159.87557983398438,158.759521484375,81.63334655761719,81.15028381347656,0.37,0.2,0.6475238095238095,0.3524761904761905,6019,49291,0.12211154166074943,86.34527856955243,516.64093017578125,NA,-0.11837843767907977,0.4813888308037331,NA,-0.3092903433873482,0.6993588139498411,0.035727783991274985,-0.5917537432676933
1,2014,DHS 2014,8,Adansi Asokwa,GHA2.2_2,Ashanti,adansi asokwa,598.6514356838657,192.9258575439453,186.77346801757813,67.12586975097656,65.36528015136719,0.324,0.1,0.6694559307133787,0.3305440692866213,8536,71844,0.11881298368687712,120.0097347431055,335.75433349609375,NA,0.23159964147929532,-0.06584564579292788,NA,-0.5110865255921082,0.35762276987237357,-0.08326776079168241,-0.3856204038449359
2,2022,DHS 2022,8,Adansi Asokwa,GHA2.2_2,Ashanti,adansi asokwa,598.6514356838657,192.9258575439453,186.77346801757813,67.12586975097656,65.36528015136719,0.324,0.1,0.6694559307133787,0.3305440692866213,8536,71844,0.11881298368687712,120.0097347431055,576.4664306640625,NA,0.23159964147929532,0.6623783405174412,NA,-0.5110865255921082,0.35762276987237357,-0.08326776079168241,-0.3856204038449359
1,2014,DHS 2014,9,Adansi North,GHA2.3_2,Ashanti,adansi north,259.0451784491107,261.3394775390625,263.4306945800781,29.379810333251953,29.478504180908203,0.19699999999999998,0.1,0.7895333904109589,0.21046660958904106,6179,54155,0.11409842119841196,209.05619754910327,315.7808532714844,NA,0.9560494486573426,-0.12627122290676424,NA,-1.036126874461338,-0.585865873558896,-0.7347634647121393,-0.03690052063538469
2,2022,DHS 2022,9,Adansi North,GHA2.3_2,Ashanti,adansi north,259.0451784491107,261.3394775390625,263.4306945800781,29.379810333251953,29.478504180908203,0.19699999999999998,0.1,0.7895333904109589,0.21046660958904106,6179,54155,0.11409842119841196,209.05619754910327,563.7161865234375,NA,0.9560494486573426,0.6238051498728626,NA,-1.036126874461338,-0.585865873558896,-0.7347634647121393,-0.03690052063538469
1,2014,DHS 2014,10,Adansi South,GHA2.4_2,Ashanti,adansi south,763.6903398807265,127.24115753173828,129.2974090576172,82.76898193359375,81.26263427734375,0.35,0.2,0.6822221303682884,0.3177778696317116,10210,85200,0.1198356807511737,111.5635429057628,368.09417724609375,NA,-0.46395291460219135,0.031991771642083056,NA,-0.29349387606893484,0.5507779252205072,-0.15253241921726424,-0.4313697765093094
2,2022,DHS 2022,10,Adansi South,GHA2.4_2,Ashanti,adansi south,763.6903398807265,127.24115753173828,129.2974090576172,82.76898193359375,81.26263427734375,0.35,0.2,0.6822221303682884,0.3177778696317116,10210,85200,0.1198356807511737,111.5635429057628,579.45849609375,NA,-0.46395291460219135,0.6714302072085782,NA,-0.29349387606893484,0.5507779252205072,-0.15253241921726424,-0.4313697765093094
1,2014,DHS 2014,11,Afigya-Kwabre North,GHA2.5_2,Ashanti,afigya kwabre north,187.25902867300888,295.3217468261719,300.8684387207031,82.23289489746094,81.54840087890625,0.252,0.1,0.7128111321617561,0.28718886783824393,10031,73330,0.13679258148097642,391.59660561974084,356.4051818847656,NA,1.3158966316345908,-0.0033708333043977485,NA,-0.3009507425291003,-0.177268429553228,-0.3184969833065639,0.35854901293883984
2,2022,DHS 2022,11,Afigya-Kwabre North,GHA2.5_2,Ashanti,afigya kwabre north,187.25902867300888,295.3217468261719,300.8684387207031,82.23289489746094,81.54840087890625,0.252,0.1,0.7128111321617561,0.28718886783824393,10031,73330,0.13679258148097642,391.59660561974084,476.5752258300781,NA,1.3158966316345908,0.3601784418111058,NA,-0.3009507425291003,-0.177268429553228,-0.3184969833065639,0.35854901293883984
1,2014,DHS 2014,12,Afigya-Kwabre South,GHA2.6_2,Ashanti,afigya kwabre south,224.01131751966426,273.770751953125,277.8235778808594,66.49312591552734,71.08880615234375,0.13,0.1,0.8408671889601107,0.1591328110398893,30127,234667,0.1283819199120456,1047.5676077366063,360.12359619140625,NA,1.0876874814480024,0.007878449639806816,NA,-0.519887869341202,-1.083611850802164,-1.0132815921352207,0.9797259072371836
2,2022,DHS 2022,12,Afigya-Kwabre South,GHA2.6_2,Ashanti,afigya kwabre south,224.01131751966426,273.770751953125,277.8235778808594,66.49312591552734,71.08880615234375,0.13,0.1,0.8408671889601107,0.1591328110398893,30127,234667,0.1283819199120456,1047.5676077366063,556.677978515625,NA,1.0876874814480024,0.6025125270581717,NA,-0.519887869341202,-1.083611850802164,-1.0132815921352207,0.9797259072371836
1,2014,DHS 2014,13,Ahafo-Ano North,GHA2.7_2,Ashanti,ahafo ano north,596.2397379469718,228.0140380859375,228.0541229248047,77.62138366699219,78.001434326171875,0.265,0.1,0.7046485767967382,0.2953514232032618,11929,92742,0.128625649651722,155.54481544510585,342.0356140136719,NA,0.6031576094641644,-0.04684294841518645,NA,-0.3650959672918933,-0.08069085187916096,-0.2742099891719838,-0.22281948794091738
2,2022,DHS 2022,13,Ahafo-Ano North,GHA2.7_2,Ashanti,ahafo ano north,596.2397379469718,228.0140380859375,228.0541229248047,77.62138366699219,78.001434326171875,0.265,0.1,0.7046485767967382,0.2953514232032618,11929,92742,0.128625649651722,155.54481544510585,512.7149658203125,NA,0.6031576094641644,0.4695116486982701,NA,-0.3650959672918933,-0.08069085187916096,-0.2742099891719838,-0.22281948794091738
1,2014,DHS 2014,14,Ahafo-Ano South East,GHA2.8_2,Ashanti,ahafo ano south east,689.293224871085,272.5342712402344,273.49652099609375,103.69374084472656,103.64142608642578,0.318,0.1,0.6145411383461763,0.3854588616538237,8622,63468,0.13584798638684062,92.07692417384501,347.23443603515625,NA,1.0745940621245267,-0.031115002287237268,NA,-0.0024345472758797843,0.3130485032535734,0.21467950923735907,-0.5515660142913867
2,2022,DHS 2022,14,Ahafo-Ano South East,GHA2.8_2,Ashanti,ahafo ano south east,689.293224871085,272.5342712402344,273.49652099609375,103.69374084472656,103.64142608642578,0.318,0.1,0.6145411383461763,0.3854588616538237,8622,63468,0.13584798638684062,92.07692417384501,513.38385009765625,NA,1.0745940621245267,0.4715352178522861,NA,-0.0024345472758797843,0.3130485032535734,0.21467950923735907,-0.5515660142913867
1,2014,DHS 2014,15,Ahafo-Ano South West,GHA2.9_2,Ashanti,ahafo ano south west,506.8048793740951,322.2128601074219,326.96649169921875,120.97371673583984,122.70854949951172,0.319,0.1,0.627574277940938,0.372425722059062,8594,65770,0.13066747757336172,129.7738097573687,353.6690368652344,NA,1.6006536994932279,-0.011648466446598846,NA,0.23792655823495648,0.3204775476900401,0.14396653382991906,-0.33655452668431335
2,2022,DHS 2022,15,Ahafo-Ano South West,GHA2.9_2,Ashanti,ahafo ano south west,506.8048793740951,322.2128601074219,326.96649169921875,120.97371673583984,122.70854949951172,0.319,0.1,0.627574277940938,0.372425722059062,8594,65770,0.13066747757336172,129.7738097573687,529.84832763671875,NA,1.6006536994932279,0.5213450429797999,NA,0.23792655823495648,0.3204775476900401,0.14396653382991906,-0.33655452668431335
1,2014,DHS 2014,16,Amansie Central,GHA2.10_2,Ashanti,amansie central,853.540387686188,178.8441162109375,172.7322235107422,62.51527404785156,69.16490936279297,0.28600000000000003,0.1,0.6563170373715705,0.34368296262842946,10975,93052,0.11794480505523793,109.01885996543075,334.38568115234375,NA,0.08248438059766458,-0.06998621653018987,NA,-0.5752190155475233,0.07531908128663961,-0.011981004825861273,-0.4458281596425645
2,2022,DHS 2022,16,Amansie Central,GHA2.10_2,Ashanti,amansie central,853.540387686188,178.8441162109375,172.7322235107422,62.51527404785156,69.16490936279297,0.28600000000000003,0.1,0.6563170373715705,0.34368296262842946,10975,93052,0.11794480505523793,109.01885996543075,564.21112060546875,NA,0.08248438059766458,0.6253024691784485,NA,-0.5752190155475233,0.07531908128663961,-0.011981004825861273,-0.4458281596425645
1,2014,DHS 2014,17,Amansie South,GHA2.11_2,Ashanti,amansie south,595.6983216185465,177.00125122070313,176.7686767578125,119.98611450195313,120.60235595703125,0.303,0.1,0.6446391956451596,0.3553608043548404,14268,113155,0.12609252794838938,189.9535316677599,337.7502746582031,NA,0.06296979875086633,-0.05980734424259909,NA,0.22418920314616478,0.201612836706573,0.05137862765621316,-0.09718782323315962
2,2022,DHS 2022,17,Amansie South,GHA2.11_2,Ashanti,amansie south,595.6983216185465,177.00125122070313,176.7686767578125,119.98611450195313,120.60235595703125,0.303,0.1,0.6446391956451596,0.3553608043548404,14268,113155,0.12609252794838938,189.9535316677599,625.44244384765625,NA,0.06296979875086633,0.8105450009128198,NA,0.22418920314616478,0.201612836706573,0.05137862765621316,-0.09718782323315962
1,2014,DHS 2014,18,Amansie West,GHA2.12_2,Ashanti,amansie west,640.866658518286,230.87750244140625,230.11685180664063,93.45603942871094,96.2277603149414,0.31,0.1,0.6796704628059123,0.32032953719408774,14716,112627,0.13066138670123506,175.741706177068,329.0644226074219,NA,0.6334795862917114,-0.086084568691806,NA,-0.14483898381846072,0.2536161477618399,-0.13868801862028252,-0.146090904197178
2,2022,DHS 2022,18,Amansie West,GHA2.12_2,Ashanti,amansie west,640.866658518286,230.87750244140625,230.11685180664063,93.45603942871094,96.2277603149414,0.31,0.1,0.6796704628059123,0.32032953719408774,14716,112627,0.13066138670123506,175.741706177068,638.29571533203125,NA,0.6334795862917114,0.8494298791869246,NA,-0.14483898381846072,0.2536161477618399,-0.13868801862028252,-0.146090904197178
1,2014,DHS 2014,19,Asante-Akim Central,GHA2.13_2,Ashanti,asante akim central,301.6786823017916,221.710205078125,225.57861328125,96.681915283203125,96.75023651123047,0.16899999999999998,0.1,0.7997005532152464,0.20029944678475364,10531,91673,0.11487569949712566,303.8762941436236,342.76702880859375,NA,0.5364046645488344,-0.044630206289340085,NA,-0.09996767777542309,-0.7938791177799632,-0.7899267143739458,0.19865342124352214
2,2022,DHS 2022,19,Asante-Akim Central,GHA2.13_2,Ashanti,asante akim central,301.6786823017916,221.710205078125,225.57861328125,96.681915283203125,96.75023651123047,0.16899999999999998,0.1,0.7997005532152464,0.20029944678475364,10531,91673,0.11487569949712566,303.8762941436236,552.1224365234375,NA,0.5364046645488344,0.588730689799531,NA,-0.09996767777542309,-0.7938791177799632,-0.7899267143739458,0.19865342124352214
1,2014,DHS 2014,20,Asante-Akim North,GHA2.14_2,Ashanti,asante akim north,1131.0895384927271,215.74826049804688,210.9490203857422,150.18345642089844,151.7208251953125,0.26,0.1,0.7211746946617263,0.27882530533827365,10176,85202,0.1194338161076031,75.32736985043545,350.1906433105469,NA,0.473272066072799,-0.02217161692450468,NA,0.6442283590375328,-0.11783607406149443,-0.36387456750866104,-0.6770123664091185
2,2022,DHS 2022,20,Asante-Akim North,GHA2.14_2,Ashanti,asante akim north,1131.0895384927271,215.74826049804688,210.9490203857422,150.18345642089844,151.7208251953125,0.26,0.1,0.7211746946617263,0.27882530533827365,10176,85202,0.1194338161076031,75.32736985043545,483.0232849121094,NA,0.473272066072799,0.3796856927715964,NA,0.6442283590375328,-0.11783607406149443,-0.36387456750866104,-0.6770123664091185
1,2014,DHS 2014,21,Asante-Akim South,GHA2.15_2,Ashanti,asante akim south,1158.8797292568893,217.0597686767578,218.8386688232422,108.76172637939453,108.83232116699219,0.24600000000000002,0.1,0.6985963743636104,0.30140362563638956,15339,123633,0.12406881657809808,106.68320178425887,356.93621826171875,NA,0.4871599709555896,-0.0017642940741289343,NA,0.06806014632217008,-0.22184269617202795,-0.24137298633756146,-0.45939633231072746
2,2022,DHS 2022,21,Asante-Akim South,GHA2.15_2,Ashanti,asante akim south,1158.8797292568893,217.0597686767578,218.8386688232422,108.76172637939453,108.83232116699219,0.24600000000000002,0.1,0.6985963743636104,0.30140362563638956,15339,123633,0.12406881657809808,106.68320178425887,559.60113525390625,NA,0.4871599709555896,0.6113559249497026,NA,0.06806014632217008,-0.22184269617202795,-0.24137298633756146,-0.45939633231072746
1,2014,DHS 2014,22,Asokore-Mampong,GHA2.16_2,Ashanti,asokore mampong,24.027505732504668,270.5222473144531,271.6413879394531,54.98640823364258,55.35892105102539,0.113,0,0.7759075508228461,0.22409244917715387,21230,191402,0.11091838120813785,7965.953775263044,318.9343566894531,NA,1.0532882118395415,-0.11673095942647013,NA,-0.679944075452073,-1.2099056062220976,-0.660834719247984,2.261966739705164
2,2022,DHS 2022,22,Asokore-Mampong,GHA2.16_2,Ashanti,asokore mampong,24.027505732504668,270.5222473144531,271.6413879394531,54.98640823364258,55.35892105102539,0.113,0,0.7759075508228461,0.22409244917715387,21230,191402,0.11091838120813785,7965.953775263044,544.8956298828125,NA,1.0532882118395415,0.5668675013597001,NA,-0.679944075452073,-1.2099056062220976,-0.660834719247984,2.261966739705164
1,2014,DHS 2014,23,Asokwa,GHA2.17_2,Ashanti,asokwa,26.826532774033833,245.83486938476563,245.03147888183594,54.07610321044922,54.50312042236328,0.063,0,0.8767222227301401,0.12327777726985989,13172,125642,0.1048375543210073,4683.497530534862,329.25201416015625,NA,0.7918670769519246,-0.08551704977631479,NA,-0.6926062413662829,-1.581357828045432,-1.2078176901167121,1.9261842098914832
2,2022,DHS 2022,23,Asokwa,GHA2.17_2,Ashanti,asokwa,26.826532774033833,245.83486938476563,245.03147888183594,54.07610321044922,54.50312042236328,0.063,0,0.8767222227301401,0.12327777726985989,13172,125642,0.1048375543210073,4683.497530534862,612.43450927734375,NA,0.7918670769519246,0.7711922218962862,NA,-0.6926062413662829,-1.581357828045432,-1.2078176901167121,1.9261842098914832
1,2014,DHS 2014,24,Atwima-Kwanwoma,GHA2.18_2,Ashanti,atwima kwanwoma,252.68213379249005,238.08338928222656,237.3687744140625,55.051048278808594,65.03966522216797,0.138,0.1,0.8404694196339167,0.15953058036608325,28828,234846,0.12275278267460378,929.4127624902138,338.5812072753906,NA,0.7097846163829664,-0.05729353180872982,NA,-0.6790449449894915,-1.0241794953104302,-1.0111234434883443,0.9041323395201541
2,2022,DHS 2022,24,Atwima-Kwanwoma,GHA2.18_2,Ashanti,atwima kwanwoma,252.68213379249005,238.08338928222656,237.3687744140625,55.051048278808594,65.03966522216797,0.138,0.1,0.8404694196339167,0.15953058036608325,28828,234846,0.12275278267460378,929.4127624902138,630.93695068359375,NA,0.7097846163829664,0.8271674794585654,NA,-0.6790449449894915,-1.0241794953104302,-1.0111234434883443,0.9041323395201541
1,2014,DHS 2014,25,Atwima-Mponua,GHA2.19_2,Ashanti,atwima mponua,1891.514638178744,246.31883239746094,249.43519592285156,132.78329467773438,137.4940185546875,0.251,0.1,0.6522921999294944,0.3477078000705056,20602,155254,0.13269867443028843,82.07919561726851,361.89947509765625,NA,0.7969918885209286,0.013250998969604116,NA,0.40219549168815466,-0.1846974739896947,0.009856268456691842,-0.6234163030794139
2,2022,DHS 2022,25,Atwima-Mponua,GHA2.19_2,Ashanti,atwima mponua,1891.514638178744,246.31883239746094,249.43519592285156,132.78329467773438,137.4940185546875,0.251,0.1,0.6522921999294944,0.3477078000705056,20602,155254,0.13269867443028843,82.07919561726851,613.46124267578125,NA,0.7969918885209286,0.7742983885455113,NA,0.40219549168815466,-0.1846974739896947,0.009856268456691842,-0.6234163030794139
1,2014,DHS 2014,26,Atwima-Nwabiagya North,GHA2.20_2,Ashanti,atwima nwabiagya north,213.8959290922914,251.88543701171875,247.3788299560547,78.44208526611328,85.874176025390625,0.135,0.1,0.8150374913758464,0.18496250862415364,18988,155025,0.12248347040799872,724.7683518703627,356.3039855957031,NA,0.8559381281691643,-0.0036769814618353314,NA,-0.353680167588104,-1.0464666286198303,-0.8731392452526779,0.7470689174361206
2,2022,DHS 2022,26,Atwima-Nwabiagya North,GHA2.20_2,Ashanti,atwima nwabiagya north,213.8959290922914,251.88543701171875,247.3788299560547,78.44208526611328,85.874176025390625,0.135,0.1,0.8150374913758464,0.18496250862415364,18988,155025,0.12248347040799872,724.7683518703627,551.2158203125,NA,0.8559381281691643,0.5859879125193272,NA,-0.353680167588104,-1.0464666286198303,-0.8731392452526779,0.7470689174361206
1,2014,DHS 2014,27,Atwima-Nwabiagya South,GHA2.21_2,Ashanti,atwima nwabiagya south,367.95914318576774,232.42507934570313,222.15438842773438,69.05760192871094,82.350128173828125,0.125,0.1,0.8383147073262295,0.16168529267377052,19059,161893,0.11772590538194981,439.9754782510371,375.4463195800781,NA,0.6498672849691252,0.054234136946388053,NA,-0.48421650651818837,-1.1207570729844973,-0.9994327746885687,0.4320272753467803
2,2022,DHS 2022,27,Atwima-Nwabiagya South,GHA2.21_2,Ashanti,atwima nwabiagya south,367.95914318576774,232.42507934570313,222.15438842773438,69.05760192871094,82.350128173828125,0.125,0.1,0.8383147073262295,0.16168529267377052,19059,161893,0.11772590538194981,439.9754782510371,629.2281494140625,NA,0.6498672849691252,0.8219978594562855,NA,-0.48421650651818837,-1.1207570729844973,-0.9994327746885687,0.4320272753467803
1,2014,DHS 2014,28,Bekwai,GHA2.22_2,Ashanti,bekwai,537.7718105058365,229.24034118652344,229.40045166015625,48.18505859375,49.8741569519043,0.19399999999999998,0.1,0.7913309863922551,0.20866901360774492,16239,137967,0.11770205918806671,256.5530533670519,318.8096923828125,NA,0.616143255375384,-0.11710810515117837,NA,-0.7745495267971204,-0.608153006868296,-0.7445165529449237,0.09199565003220239
2,2022,DHS 2022,28,Bekwai,GHA2.22_2,Ashanti,bekwai,537.7718105058365,229.24034118652344,229.40045166015625,48.18505859375,49.8741569519043,0.19399999999999998,0.1,0.7913309863922551,0.20866901360774492,16239,137967,0.11770205918806671,256.5530533670519,597.8260498046875,NA,0.616143255375384,0.7269973903269868,NA,-0.7745495267971204,-0.608153006868296,-0.7445165529449237,0.09199565003220239
1,2014,DHS 2014,29,Bosome Freho,GHA2.23_2,Ashanti,bosome freho,571.4715660020668,262.8572692871094,252.59365844726563,86.730743408203125,86.571746826171875,0.313,0.1,0.6628279800413591,0.3371720199586409,7961,62259,0.12786906310734192,108.94505291935178,350.1026916503906,NA,0.9721217444850955,-0.022437696233833727,NA,-0.23838654410228127,0.27590328107123996,-0.047306961824975985,-0.4462524902497617
2,2022,DHS 2022,29,Bosome Freho,GHA2.23_2,Ashanti,bosome freho,571.4715660020668,262.8572692871094,252.59365844726563,86.730743408203125,86.571746826171875,0.313,0.1,0.6628279800413591,0.3371720199586409,7961,62259,0.12786906310734192,108.94505291935178,608.979736328125,NA,0.9721217444850955,0.7607405306083251,NA,-0.23838654410228127,0.27590328107123996,-0.047306961824975985,-0.4462524902497617
1,2014,DHS 2014,30,Bosomtwe,GHA2.24_2,Ashanti,bosomtwi,424.4651040057184,237.9442596435547,219.5644989013672,67.23124694824219,71.91133880615234,0.161,0.1,0.837302601681436,0.162697398318564,20157,165180,0.12203051216854341,389.14859770845777,360.11602783203125,NA,0.7083113360636998,0.007855553155173367,NA,-0.5096207492629049,-0.8533114732716965,-0.9939414653191228,0.3545939648089283
2,2022,DHS 2022,30,Bosomtwe,GHA2.24_2,Ashanti,bosomtwi,424.4651040057184,237.9442596435547,219.5644989013672,67.23124694824219,71.91133880615234,0.161,0.1,0.837302601681436,0.162697398318564,20157,165180,0.12203051216854341,389.14859770845777,648.890869140625,NA,0.7083113360636998,0.8814832958321283,NA,-0.5096207492629049,-0.8533114732716965,-0.9939414653191228,0.3545939648089283
1,2014,DHS 2014,31,Ejisu,GHA2.25_2,Ashanti,ejisu,413.25241129824775,257.1640625,242.58871459960938,68.3330078125,76.117919921875,0.135,0.1,0.826290746853724,0.17370925314627605,20923,180723,0.11577386386901502,437.31868238167567,333.4107360839844,NA,0.9118348811464722,-0.07293570844383838,NA,-0.49429546981747613,-1.0464666286198303,-0.9341952304260913,0.42820622047060514
2,2022,DHS 2022,31,Ejisu,GHA2.25_2,Ashanti,ejisu,413.25241129824775,257.1640625,242.58871459960938,68.3330078125,76.117919921875,0.135,0.1,0.826290746853724,0.17370925314627605,20923,180723,0.11577386386901502,437.31868238167567,563.41326904296875,NA,0.9118348811464722,0.6228887365403157,NA,-0.49429546981747613,-1.0464666286198303,-0.9341952304260913,0.42820622047060514
1,2014,DHS 2014,32,Ejura-Sekyedumase,GHA2.26_2,Ashanti,ejura sekyedumase,1346.4440844405524,223.7565155029297,217.59515380859375,145.43467712402344,148.62564086914063,0.25,0.1,0.5658795511068538,0.43412044889314616,19586,137672,0.1422656749375327,102.24858320589134,381.00653076171875,NA,0.558073583585453,0.07105539021558448,NA,0.5781737621552041,-0.19212651842616138,0.4786992104553386,-0.48598742588796834
2,2022,DHS 2022,32,Ejura-Sekyedumase,GHA2.26_2,Ashanti,ejura sekyedumase,1346.4440844405524,223.7565155029297,217.59515380859375,145.43467712402344,148.62564086914063,0.25,0.1,0.5658795511068538,0.43412044889314616,19586,137672,0.1422656749375327,102.24858320589134,398.5220947265625,NA,0.558073583585453,0.12404505697110346,NA,0.5781737621552041,-0.19212651842616138,0.4786992104553386,-0.48598742588796834
1,2014,DHS 2014,33,Juaben,GHA2.27_2,Ashanti,juaben,171.97142634972207,271.3448486328125,277.3347473144531,97.93858337402344,96.41169738769531,0.209,0.1,0.7417350053322547,0.25826499466774533,7916,63929,0.12382486821317398,371.74198852077683,324.3228454589844,NA,1.0619989534508227,-0.1004292163146625,NA,-0.08248766892164325,-0.4967173403212956,-0.47542717785580574,0.32573470026967877
2,2022,DHS 2022,33,Juaben,GHA2.27_2,Ashanti,juaben,171.97142634972207,271.3448486328125,277.3347473144531,97.93858337402344,96.41169738769531,0.209,0.1,0.7417350053322547,0.25826499466774533,7916,63929,0.12382486821317398,371.74198852077683,526.4713134765625,NA,1.0619989534508227,0.5111285946065405,NA,-0.08248766892164325,-0.4967173403212956,-0.47542717785580574,0.32573470026967877
1,2014,DHS 2014,34,Kumasi,GHA2.28_2,Ashanti,kumasi metropolitan area,21.72023290540901,266.1792907714844,266.1066589355469,49.142024993896484,49.13141632080078,0.08900000000000001,0,0.8769217762451675,0.12307822375483246,41445,443981,0.09334858924143151,20440.894991021712,306.85888671875,NA,1.0072995032993282,-0.15326276228181387,NA,-0.7612383102002137,-1.3882026726972978,-1.2089003933823377,2.8577796330894065
2,2022,DHS 2022,34,Kumasi,GHA2.28_2,Ashanti,kumasi metropolitan area,21.72023290540901,266.1792907714844,266.1066589355469,49.142024993896484,49.13141632080078,0.08900000000000001,0,0.8769217762451675,0.12307822375483246,41445,443981,0.09334858924143151,20440.894991021712,557.60858154296875,NA,1.0072995032993282,0.605327871422738,NA,-0.7612383102002137,-1.3882026726972978,-1.2089003933823377,2.8577796330894065
1,2014,DHS 2014,35,Kwabre East,GHA2.29_2,Ashanti,kwabre east,123.53778076051118,293.8596496582031,307.631103515625,66.379669189453125,72.674957275390625,0.106,0,0.8480408709712021,0.15195912902879793,37376,296814,0.12592397932712068,2402.6172250527957,336.5869445800781,NA,1.3004141003566652,-0.06332675550964394,NA,-0.521466030345516,-1.2619089172773645,-1.0522033266829716,1.5042559715727502
2,2022,DHS 2022,35,Kwabre East,GHA2.29_2,Ashanti,kwabre east,123.53778076051118,293.8596496582031,307.631103515625,66.379669189453125,72.674957275390625,0.106,0,0.8480408709712021,0.15195912902879793,37376,296814,0.12592397932712068,2402.6172250527957,547.19451904296875,NA,1.3004141003566652,0.5738223085671106,NA,-0.521466030345516,-1.2619089172773645,-1.0522033266829716,1.5042559715727502
1,2014,DHS 2014,36,Kwadaso,GHA2.30_2,Ashanti,kwadaso,64.36058273496694,248.68772888183594,246.98948669433594,50.59440231323242,50.9280891418457,0.095,0,0.9041410534840063,0.09585894651599369,15317,154526,0.09912247777073113,2400.9415924080254,338.3121337890625,NA,0.8220767561460113,-0.05810755723216986,NA,-0.7410360240226049,-1.343628406078498,-1.3565820834312878,1.5038150179773542
2,2022,DHS 2022,36,Kwadaso,GHA2.30_2,Ashanti,kwadaso,64.36058273496694,248.68772888183594,246.98948669433594,50.59440231323242,50.9280891418457,0.095,0,0.9041410534840063,0.09585894651599369,15317,154526,0.09912247777073113,2400.9415924080254,613.62762451171875,NA,0.8220767561460113,0.774801741909308,NA,-0.7410360240226049,-1.343628406078498,-1.3565820834312878,1.5038150179773542
1,2014,DHS 2014,37,Mampong,GHA2.31_2,Ashanti,mampong,673.3540085238462,312.3288269042969,292.0931396484375,138.01544189453125,145.1741943359375,0.225,0.1,0.7586548665478645,0.24134513345213549,13714,116632,0.11758351052884286,173.21052302886764,345.2501220703125,NA,1.4959890735217272,-0.03711812818980257,NA,0.47497364237246786,-0.37785262933782854,-0.5672280613910052,-0.155211874684338
2,2022,DHS 2022,37,Mampong,GHA2.31_2,Ashanti,mampong,673.3540085238462,312.3288269042969,292.0931396484375,138.01544189453125,145.1741943359375,0.225,0.1,0.7586548665478645,0.24134513345213549,13714,116632,0.11758351052884286,173.21052302886764,412.22137451171875,NA,1.4959890735217272,0.16548935599927483,NA,0.47497364237246786,-0.37785262933782854,-0.5672280613910052,-0.155211874684338
1,2014,DHS 2014,38,Obuasi,GHA2.32_2,Ashanti,obuasi,146.36893505745024,219.8722686767578,214.1681671142578,7.289840221405029,7.92663049697876,0.111,0,0.8590598872040203,0.14094011279597973,10707,104297,0.10265875336778622,712.5624023913484,298.6266784667969,NA,0.5169422728252127,-0.17816758252103596,NA,-1.3433940645455242,-1.2247636950950311,-1.1119884167006238,0.7363443612459762
2,2022,DHS 2022,38,Obuasi,GHA2.32_2,Ashanti,obuasi,146.36893505745024,219.8722686767578,214.1681671142578,7.289840221405029,7.92663049697876,0.111,0,0.8590598872040203,0.14094011279597973,10707,104297,0.10265875336778622,712.5624023913484,493.16900634765625,NA,0.5169422728252127,0.4103794459926193,NA,-1.3433940645455242,-1.2247636950950311,-1.1119884167006238,0.7363443612459762
1,2014,DHS 2014,39,Obuasi East,GHA2.33_2,Ashanti,obuasi east,75.34026892462748,180.1160125732422,181.08624267578125,13.733400344848633,14.313010215759277,0.131,0.1,0.8214272340319299,0.17857276596807015,10049,92401,0.10875423426153397,1226.449033417183,309.2045593261719,NA,0.09595282554309875,-0.14616642156253615,NA,-1.253765395821921,-1.076182806365697,-0.9078076159867032,1.0793224787194449
2,2022,DHS 2022,39,Obuasi East,GHA2.33_2,Ashanti,obuasi east,75.34026892462748,180.1160125732422,181.08624267578125,13.733400344848633,14.313010215759277,0.131,0.1,0.8214272340319299,0.17857276596807015,10049,92401,0.10875423426153397,1226.449033417183,507.58056640625,NA,0.09595282554309875,0.4539785996633097,NA,-1.253765395821921,-1.076182806365697,-0.9078076159867032,1.0793224787194449
1,2014,DHS 2014,40,Offinso,GHA2.34_2,Ashanti,offinso,588.3678989989616,301.849365234375,314.8317565917969,75.96795654296875,76.4209976196289,0.235,0.1,0.7049261168979479,0.29507388310205207,17870,137272,0.13017949763972259,233.30980536761453,364.0352783203125,NA,1.3850192989849246,0.01971242386297767,NA,-0.3880948171697025,-0.3035621849731618,-0.27571581869285455,0.03219108624798075
2,2022,DHS 2022,40,Offinso,GHA2.34_2,Ashanti,offinso,588.3678989989616,301.849365234375,314.8317565917969,75.96795654296875,76.4209976196289,0.235,0.1,0.7049261168979479,0.29507388310205207,17870,137272,0.13017949763972259,233.30980536761453,476.3155822753906,NA,1.3850192989849246,0.35939294466892274,NA,-0.3880948171697025,-0.3035621849731618,-0.27571581869285455,0.03219108624798075
1,2014,DHS 2014,41,Offinso North,GHA2.35_2,Ashanti,offinso north,950.1957881690414,326.4615173339844,319.0514221191406,86.57823944091797,81.27498626708984,0.34299999999999997,0.1,0.5515660260740826,0.44843397392591744,11518,83440,0.13803930968360498,87.81348122031024,372.5355529785156,NA,1.645643847781953,0.04542822281599098,NA,-0.24050784464126523,0.4987746141652403,0.5563590817608632,-0.5812135209567854
2,2022,DHS 2022,41,Offinso North,GHA2.35_2,Ashanti,offinso north,950.1957881690414,326.4615173339844,319.0514221191406,86.57823944091797,81.27498626708984,0.34299999999999997,0.1,0.5515660260740826,0.44843397392591744,11518,83440,0.13803930968360498,87.81348122031024,426.1457214355469,NA,1.645643847781953,0.2076145484716869,NA,-0.24050784464126523,0.4987746141652403,0.5563590817608632,-0.5812135209567854
1,2014,DHS 2014,42,Oforikrom,GHA2.36_2,Ashanti,oforikrom,45.55913451992756,258.64056396484375,258.5877380371094,55.262874603271484,56.08110427856445,0.1,0,0.8875905243756624,0.11240947562433756,17681,213126,0.08296031455570883,4678.008093125182,335.983154296875,NA,0.9274699433107093,-0.06515339643090526,NA,-0.676098481994113,-1.3064831838961644,-1.2667850587536098,1.9254428187942756
2,2022,DHS 2022,42,Oforikrom,GHA2.36_2,Ashanti,oforikrom,45.55913451992756,258.64056396484375,258.5877380371094,55.262874603271484,56.08110427856445,0.1,0,0.8875905243756624,0.11240947562433756,17681,213126,0.08296031455570883,4678.008093125182,594.0213623046875,NA,0.9274699433107093,0.7154871059228679,NA,-0.676098481994113,-1.3064831838961644,-1.2667850587536098,1.9254428187942756
1,2014,DHS 2014,43,Old Tafo,GHA2.37_2,Ashanti,old tafo,29.236986803482704,278.8359680175781,279.1450500488281,54.26520538330078,54.885353088378906,0.092,0,0.8646114089014062,0.1353885910985938,12474,114368,0.10906897034135422,3911.7574177095603,330.1182861328125,NA,1.141324385933836,-0.08289632553113288,NA,-0.6899758669023649,-1.3659155393878981,-1.1421089117975152,1.812358643767856
2,2022,DHS 2022,43,Old Tafo,GHA2.37_2,Ashanti,old tafo,29.236986803482704,278.8359680175781,279.1450500488281,54.26520538330078,54.885353088378906,0.092,0,0.8646114089014062,0.1353885910985938,12474,114368,0.10906897034135422,3911.7574177095603,572.15655517578125,NA,1.141324385933836,0.6493397157640394,NA,-0.6899758669023649,-1.3659155393878981,-1.1421089117975152,1.812358643767856
1,2014,DHS 2014,44,Sekyere Afram Plains North,GHA2.38_2,Ashanti,sekyere afram plains,3541.8185555887662,134.2164306640625,135.68959045410156,269.7303466796875,276.4140319824219,0.505,0.2,0.3665794034143284,0.6334205965856716,5072,33226,0.1526515379522061,9.381056504876984,382.7949523925781,NA,-0.39008991369554213,0.07646588492918964,NA,2.3071023632635836,1.702279812872844,1.5600277990131584,-1.9384956830249582
2,2022,DHS 2022,44,Sekyere Afram Plains North,GHA2.38_2,Ashanti,sekyere afram plains,3541.8185555887662,134.2164306640625,135.68959045410156,269.7303466796875,276.4140319824219,0.505,0.2,0.3665794034143284,0.6334205965856716,5072,33226,0.1526515379522061,9.381056504876984,444.4146423339844,NA,-0.39008991369554213,0.26288333869358227,NA,2.3071023632635836,1.702279812872844,1.5600277990131584,-1.9384956830249582
1,2014,DHS 2014,45,Sekyere Central,GHA2.39_2,Ashanti,sekyere central,1638.8280512397555,204.28038024902344,194.66049194335938,201.55335998535156,206.4219512939453,0.39799999999999996,0.2,0.6063590778848659,0.39364092211513413,9815,73228,0.13403342983558203,44.68315022103986,352.45428466796875,NA,0.35183566735951766,-0.015323444554802406,NA,1.358773731585591,0.9073720581709082,0.2590723307809397,-1.0015768304154344
2,2022,DHS 2022,45,Sekyere Central,GHA2.39_2,Ashanti,sekyere central,1638.8280512397555,204.28038024902344,194.66049194335938,201.55335998535156,206.4219512939453,0.39799999999999996,0.2,0.6063590778848659,0.39364092211513413,9815,73228,0.13403342983558203,44.68315022103986,409.7803039550781,NA,0.35183566735951766,0.15810440878417384,NA,1.358773731585591,0.9073720581709082,0.2590723307809397,-1.0015768304154344
1,2014,DHS 2014,46,Sekyere East,GHA2.40_2,Ashanti,sekyere east,240.2629452525185,269.5086364746094,267.0190124511719,106.90752410888672,106.66322326660156,0.17300000000000001,0.1,0.7972311036209857,0.2027688963790143,9392,74789,0.12557996496811027,311.2797935669859,324.5365295410156,NA,1.0425548201913464,-0.09978275992190679,NA,0.042268553186373924,-0.7641629400340962,-0.7765283979391974,0.21382465215660912
2,2022,DHS 2022,46,Sekyere East,GHA2.40_2,Ashanti,sekyere east,240.2629452525185,269.5086364746094,267.0190124511719,106.90752410888672,106.66322326660156,0.17300000000000001,0.1,0.7972311036209857,0.2027688963790143,9392,74789,0.12557996496811027,311.2797935669859,527.5008544921875,NA,1.0425548201913464,0.5142432551129682,NA,0.042268553186373924,-0.7641629400340962,-0.7765283979391974,0.21382465215660912
1,2014,DHS 2014,47,Sekyere Kumawu,GHA2.41_2,Ashanti,sekyere kumawu,579.3330579236442,329.04974365234375,317.3187255859375,142.9863739013672,147.10528564453125,0.239,0.1,0.760567759872693,0.23943224012730702,7998,64396,0.1242002608857693,111.15540382038299,327.0683898925781,NA,1.6730512566780533,-0.09212314721573922,NA,0.544118340265059,-0.273846007227295,-0.5776067101925586,-0.4336665963373668
2,2022,DHS 2022,47,Sekyere Kumawu,GHA2.41_2,Ashanti,sekyere kumawu,579.3330579236442,329.04974365234375,317.3187255859375,142.9863739013672,147.10528564453125,0.239,0.1,0.760567759872693,0.23943224012730702,7998,64396,0.1242002608857693,111.15540382038299,484.0267639160156,NA,1.6730512566780533,0.38272150812529443,NA,0.544118340265059,-0.273846007227295,-0.5776067101925586,-0.4336665963373668
1,2014,DHS 2014,48,Sekyere South,GHA2.42_2,Ashanti,sekyere south,418.74968065767337,321.7223205566406,326.3283996582031,98.10154724121094,98.313446044921875,0.226,0.1,0.7921193132460738,0.20788068675392624,14397,120076,0.11989906392618009,286.74887539355944,343.495361328125,NA,1.5954592472335456,-0.04242678894150976,NA,-0.08022087320836607,-0.37042358490136185,-0.7487937216978395,0.16209472168673972
2,2022,DHS 2022,48,Sekyere South,GHA2.42_2,Ashanti,sekyere south,418.74968065767337,321.7223205566406,326.3283996582031,98.10154724121094,98.313446044921875,0.226,0.1,0.7921193132460738,0.20788068675392624,14397,120076,0.11989906392618009,286.74887539355944,480.1705322265625,NA,1.5954592472335456,0.37105528758187756,NA,-0.08022087320836607,-0.37042358490136185,-0.7487937216978395,0.16209472168673972
1,2014,DHS 2014,49,Suame,GHA2.43_2,Ashanti,suame,27.58015174306825,261.75408935546875,255.0341339111328,52.95683670043945,55.31053924560547,0.087,0,0.8800639749544859,0.11993602504551415,14958,136290,0.10975126568346907,4941.59717718935,372.87188720703125,NA,0.9604398821773155,0.046445731514157325,NA,-0.7081750209411177,-1.4030607615702315,-1.2259487966808507,1.9600962724172808
2,2022,DHS 2022,49,Suame,GHA2.43_2,Ashanti,suame,27.58015174306825,261.75408935546875,255.0341339111328,52.95683670043945,55.31053924560547,0.087,0,0.8800639749544859,0.11993602504551415,14958,136290,0.10975126568346907,4941.59717718935,642.956787109375,NA,0.9604398821773155,0.8635309746869463,NA,-0.7081750209411177,-1.4030607615702315,-1.2259487966808507,1.9600962724172808
1,2014,DHS 2014,50,Banda,GHA3.1_2,Bono,banda,2307.8339328576512,219.71142578125,216.82571411132813,228.79855346679688,231.5352325439453,0.35700000000000004,0.2,0.5097981866042702,0.49020181339572977,3535,28179,0.12544802867383512,12.210150652004517,348.41912841796875,NA,0.5152390651211778,-0.027530963845823823,NA,1.7377490765931423,0.6027812362757745,0.7829758676685218,-1.7861078935531836
2,2022,DHS 2022,50,Banda,GHA3.1_2,Bono,banda,2307.8339328576512,219.71142578125,216.82571411132813,228.79855346679688,231.5352325439453,0.35700000000000004,0.2,0.5097981866042702,0.49020181339572977,3535,28179,0.12544802867383512,12.210150652004517,347.0274963378906,NA,0.5152390651211778,-0.03174105495779946,NA,1.7377490765931423,0.6027812362757745,0.7829758676685218,-1.7861078935531836
1,2014,DHS 2014,51,Berekum East,GHA3.2_2,Bono,berekum east,463.64568903064105,291.0967102050781,289.07611083984375,78.29520416259766,78.63298797607422,0.126,0.1,0.8309991368148468,0.16900086318515317,11116,106252,0.10461920716786507,229.16637103246765,348.0943908691406,NA,1.2711566081467238,-0.028513389220761496,NA,-0.35572325518510833,-1.1133280285480307,-0.9597412058304625,0.020909595472946508
2,2022,DHS 2022,51,Berekum East,GHA3.2_2,Bono,berekum east,463.64568903064105,291.0967102050781,289.07611083984375,78.29520416259766,78.63298797607422,0.126,0.1,0.8309991368148468,0.16900086318515317,11116,106252,0.10461920716786507,229.16637103246765,478.0662536621094,NA,1.2711566081467238,0.3646892339329651,NA,-0.35572325518510833,-1.1133280285480307,-0.9597412058304625,0.020909595472946508
1,2014,DHS 2014,52,Berekum West,GHA3.3_2,Bono,berekum west,403.028771640955,314.0929260253906,313.2644348144531,76.61454010009766,77.15684509277344,0.14800000000000002,0.1,0.7357174516527866,0.26428254834721343,5433,49464,0.10983745754488113,122.73069190222937,346.2790222167969,NA,1.514669582873674,-0.03400540649860591,NA,-0.37910096558241185,-0.9498890509457634,-0.44277816629145456,-0.37156019276844615
2,2022,DHS 2022,52,Berekum West,GHA3.3_2,Bono,berekum west,403.028771640955,314.0929260253906,313.2644348144531,76.61454010009766,77.15684509277344,0.14800000000000002,0.1,0.7357174516527866,0.26428254834721343,5433,49464,0.10983745754488113,122.73069190222937,488.3792724609375,NA,1.514669582873674,0.39588911025382895,NA,-0.37910096558241185,-0.9498890509457634,-0.44277816629145456,-0.37156019276844615
1,2014,DHS 2014,53,Dormaa,GHA3.4_2,Bono,dormaa central,1214.7823261976707,271.3061218261719,270.5123291015625,151.9927978515625,152.3949737548828,0.158,0.1,0.7417228123837474,0.2582771876162526,12938,112702,0.11479831768735249,92.77546896221554,317.03466796875,NA,1.061588865114532,-0.12247806939400092,NA,0.6693959466118089,-0.8755986065810966,-0.47536102344522246,-0.5468382526735437
2,2022,DHS 2022,53,Dormaa,GHA3.4_2,Bono,dormaa central,1214.7823261976707,271.3061218261719,270.5123291015625,151.9927978515625,152.3949737548828,0.158,0.1,0.7417228123837474,0.2582771876162526,12938,112702,0.11479831768735249,92.77546896221554,501.24615478515625,NA,1.061588865114532,0.43481516527046005,NA,0.6693959466118089,-0.8755986065810966,-0.47536102344522246,-0.5468382526735437
1,2014,DHS 2014,54,Dormaa East,GHA3.5_2,Bono,dormaa east,572.3284887236911,282.97650146484375,281.79656982421875,79.48146057128906,78.90015411376953,0.195,0.1,0.7147404255319149,0.28525957446808514,7513,67899,0.1106496413791072,118.63641481733107,320.5340270996094,NA,1.185169583099253,-0.11189149196067905,NA,-0.33922265914208855,-0.6007239624318291,-0.32896461266369964,-0.3928373833799709
2,2022,DHS 2022,54,Dormaa East,GHA3.5_2,Bono,dormaa east,572.3284887236911,282.97650146484375,281.79656982421875,79.48146057128906,78.90015411376953,0.195,0.1,0.7147404255319149,0.28525957446808514,7513,67899,0.1106496413791072,118.63641481733107,472.67987060546875,NA,1.185169583099253,0.3483938612140595,NA,-0.33922265914208855,-0.6007239624318291,-0.32896461266369964,-0.3928373833799709
1,2014,DHS 2014,55,Dormaa West,GHA3.6_2,Bono,dormaa west,382.38305470240545,226.77960205078125,226.52822875976563,152.36187744140625,152.75791931152344,0.23199999999999998,0.1,0.6407810515304725,0.3592189484695275,6333,47913,0.13217707094108072,125.30105455977622,317.0404968261719,NA,0.5900858417707372,-0.12246043540785177,NA,0.6745297719594445,-0.32584931828256186,0.07231148484818867,-0.35855932014698044
2,2022,DHS 2022,55,Dormaa West,GHA3.6_2,Bono,dormaa west,382.38305470240545,226.77960205078125,226.52822875976563,152.36187744140625,152.75791931152344,0.23199999999999998,0.1,0.6407810515304725,0.3592189484695275,6333,47913,0.13217707094108072,125.30105455977622,511.9640197753906,NA,0.5900858417707372,0.4672398188701439,NA,0.6745297719594445,-0.32584931828256186,0.07231148484818867,-0.35855932014698044
1,2014,DHS 2014,56,Jaman North,GHA3.7_2,Bono,jaman north,1035.2868748832643,307.3611145019531,307.32342529296875,159.17027282714844,156.8437042236328,0.145,0.1,0.6882610369349839,0.31173896306501614,14620,116529,0.1254623312651786,112.55720788804499,374.5376281738281,NA,1.4433846609464127,0.05148508159781704,NA,0.7692332282596047,-0.9721761842551636,-0.18529728361802592,-0.42581252161804756
2,2022,DHS 2022,56,Jaman North,GHA3.7_2,Bono,jaman north,1035.2868748832643,307.3611145019531,307.32342529296875,159.17027282714844,156.8437042236328,0.145,0.1,0.6882610369349839,0.31173896306501614,14620,116529,0.1254623312651786,112.55720788804499,448.5362548828125,NA,1.4433846609464127,0.27535241339172695,NA,0.7692332282596047,-0.9721761842551636,-0.18529728361802592,-0.42581252161804756
1,2014,DHS 2014,57,Jaman South,GHA3.8_2,Bono,jaman south,758.2121652708967,290.4396057128906,290.8240661621094,111.10736846923828,111.94306182861328,0.156,0.1,0.6908778005814948,0.30912219941850516,13289,109768,0.12106442679105021,144.77214298029855,375.0864562988281,NA,1.2641983559347367,0.05314544603188143,NA,0.10068757181166645,-0.89045669545403,-0.19949487139320674,-0.2679014510092258
2,2022,DHS 2022,57,Jaman South,GHA3.8_2,Bono,jaman south,758.2121652708967,290.4396057128906,290.8240661621094,111.10736846923828,111.94306182861328,0.156,0.1,0.6908778005814948,0.30912219941850516,13289,109768,0.12106442679105021,144.77214298029855,504.9952087402344,NA,1.2641983559347367,0.4461571420476162,NA,0.10068757181166645,-0.89045669545403,-0.19949487139320674,-0.2679014510092258
1,2014,DHS 2014,58,Sunyani,GHA3.9_2,Bono,sunyani,508.8464826690871,270.6358337402344,270.52655029296875,34.44760513305664,36.49428176879883,0.109,0,0.8329894448088735,0.1670105551911265,20755,193595,0.1072083473230197,380.4585598873023,299.93267822265625,NA,1.0544910083625312,-0.17421655405374362,NA,-0.9656348339481587,-1.2396217839679644,-0.9705398778780946,0.3403509562048773
2,2022,DHS 2022,58,Sunyani,GHA3.9_2,Bono,sunyani,508.8464826690871,270.6358337402344,270.52655029296875,34.44760513305664,36.49428176879883,0.109,0,0.8329894448088735,0.1670105551911265,20755,193595,0.1072083473230197,380.4585598873023,436.341552734375,NA,1.0544910083625312,0.23845989857887154,NA,-0.9656348339481587,-1.2396217839679644,-0.9705398778780946,0.3403509562048773
1,2014,DHS 2014,59,Sunyani West,GHA3.10_2,Bono,sunyani west,1063.7875826151967,276.1269836425781,272.8746032714844,39.916351318359375,41.360557556152344,0.17600000000000002,0.1,0.760289040817708,0.23971095918229202,14658,136022,0.10776197967975769,127.86575273383612,324.843994140625,NA,1.1126382382302475,-0.09885259023367288,NA,-0.8895656376054983,-0.7418758067246961,-0.5760944841063237,-0.34584817543112745
2,2022,DHS 2022,59,Sunyani West,GHA3.10_2,Bono,sunyani west,1063.7875826151967,276.1269836425781,272.8746032714844,39.916351318359375,41.360557556152344,0.17600000000000002,0.1,0.760289040817708,0.23971095918229202,14658,136022,0.10776197967975769,127.86575273383612,423.7613525390625,NA,1.1126382382302475,0.20040114024226718,NA,-0.8895656376054983,-0.7418758067246961,-0.5760944841063237,-0.34584817543112745
1,2014,DHS 2014,60,Tain,GHA3.11_2,Bono,tain,1837.4718863557894,239.4160614013672,242.5476531982422,98.27784729003906,100.28136444091797,0.215,0.1,0.5686036178666639,0.4313963821333361,14686,115568,0.12707669943236882,62.895111951455775,381.19268798828125,NA,0.7238966317946913,0.0716185698779395,NA,-0.07776857380094991,-0.45214307370249546,0.46391943583586814,-0.7894294134891241
2,2022,DHS 2022,60,Tain,GHA3.11_2,Bono,tain,1837.4718863557894,239.4160614013672,242.5476531982422,98.27784729003906,100.28136444091797,0.215,0.1,0.5686036178666639,0.4313963821333361,14686,115568,0.12707669943236882,62.895111951455775,417.5816650390625,NA,0.7238966317946913,0.1817057912409159,NA,-0.07776857380094991,-0.45214307370249546,0.46391943583586814,-0.7894294134891241
1,2014,DHS 2014,61,Wenchi,GHA3.12_2,Bono,wenchi,1150.0457275068777,251.7078857421875,241.64352416992188,57.22978591918945,59.544254302978516,0.23600000000000002,0.1,0.598271932250589,0.40172806774941106,16317,124758,0.130789207906507,108.48090385975883,380.3243408203125,NA,0.8540579911001813,0.06899156756439036,NA,-0.648739127946695,-0.29613314053669487,0.3029501797209491,-0.4489275166763718
2,2022,DHS 2022,61,Wenchi,GHA3.12_2,Bono,wenchi,1150.0457275068777,251.7078857421875,241.64352416992188,57.22978591918945,59.544254302978516,0.23600000000000002,0.1,0.598271932250589,0.40172806774941106,16317,124758,0.130789207906507,108.48090385975883,396.29705810546875,NA,0.8540579911001813,0.11731367513793875,NA,-0.648739127946695,-0.29613314053669487,0.3029501797209491,-0.4489275166763718
1,2014,DHS 2014,62,Atebubu-Amantin,GHA4.1_2,Bono East,atebubu amantin,2636.727986369348,135.4930877685547,134.76319885253906,210.45130920410156,211.48233032226563,0.28800000000000003,0.1,0.5005464021519839,0.49945359784801613,21392,144947,0.147584979337275,54.97229928506402,391.4675598144531,NA,-0.3765710559995474,0.102703040530288,NA,1.482542475504842,0.09017717015957301,0.8331726143305775,-0.8731379707773248
2,2022,DHS 2022,62,Atebubu-Amantin,GHA4.1_2,Bono East,atebubu amantin,2636.727986369348,135.4930877685547,134.76319885253906,210.45130920410156,211.48233032226563,0.28800000000000003,0.1,0.5005464021519839,0.49945359784801613,21392,144947,0.147584979337275,54.97229928506402,407.3078308105469,NA,-0.3765710559995474,0.150624459622751,NA,1.482542475504842,0.09017717015957301,0.8331726143305775,-0.8731379707773248
1,2014,DHS 2014,63,Kintampo North,GHA4.2_2,Bono East,kintampo north,4910.300733227013,138.05970764160156,135.66383361816406,144.31298828125,149.11778259277344,0.281,0.1,0.5100307777193451,0.48996922228065487,20090,140250,0.14324420677361854,28.56240536367897,308.2908630371094,NA,-0.3493924434329143,-0.1489306181348164,NA,0.5625712884025151,0.038173859104306145,0.781713914654001,-1.2767732958826308
2,2022,DHS 2022,63,Kintampo North,GHA4.2_2,Bono East,kintampo north,4910.300733227013,138.05970764160156,135.66383361816406,144.31298828125,149.11778259277344,0.281,0.1,0.5100307777193451,0.48996922228065487,20090,140250,0.14324420677361854,28.56240536367897,288.1048583984375,NA,-0.3493924434329143,-0.2099991433090856,NA,0.5625712884025151,0.038173859104306145,0.781713914654001,-1.2767732958826308
1,2014,DHS 2014,64,Kintampo South,GHA4.3_2,Bono East,kintampo south,1520.2069171665191,289.548095703125,283.9947204589844,69.5385971069336,69.756500244140625,0.26,0.1,0.5129941658847048,0.4870058341152952,12361,88384,0.1398556299782766,58.13945391377184,383.911865234375,NA,1.2547579220749572,0.07984487057878496,NA,-0.47752595709199175,-0.11783607406149443,0.7656356709632789,-0.8383349310318396
2,2022,DHS 2022,64,Kintampo South,GHA4.3_2,Bono East,kintampo south,1520.2069171665191,289.548095703125,283.9947204589844,69.5385971069336,69.756500244140625,0.26,0.1,0.5129941658847048,0.4870058341152952,12361,88384,0.1398556299782766,58.13945391377184,367.6574401855469,NA,1.2547579220749572,0.030670515224384243,NA,-0.47752595709199175,-0.11783607406149443,0.7656356709632789,-0.8383349310318396
1,2014,DHS 2014,65,Nkoranza North,GHA4.4_2,Bono East,nkoranza north,1393.0378481365235,237.75575256347656,236.3994903564453,110.81777954101563,109.65245819091797,0.258,0.1,0.588074742809154,0.41192525719084605,7398,56468,0.13101225472834171,40.535869198053476,372.5759582519531,NA,0.7063151850366961,0.04555046050008246,NA,0.09665944611462235,-0.13269416293442782,0.35827634276511805,-1.0617548452551637
2,2022,DHS 2022,65,Nkoranza North,GHA4.4_2,Bono East,nkoranza north,1393.0378481365235,237.75575256347656,236.3994903564453,110.81777954101563,109.65245819091797,0.258,0.1,0.588074742809154,0.41192525719084605,7398,56468,0.13101225472834171,40.535869198053476,388.2662658691406,NA,0.7063151850366961,0.09301819682847784,NA,0.09665944611462235,-0.13269416293442782,0.35827634276511805,-1.0617548452551637
1,2014,DHS 2014,66,Nkoranza South,GHA4.5_2,Bono East,nkoranza south,926.9235390062638,248.5556640625,247.0677947998047,97.76646423339844,99.29217529296875,0.18,0.1,0.6456710782847299,0.3543289217152701,14521,114642,0.12666387536853857,123.68010431896616,388.4417724609375,NA,0.8206782870559419,0.09354915522818337,NA,-0.08488181270870004,-0.7121596289788296,0.045780015657564135,-0.36672688433753314
2,2022,DHS 2022,66,Nkoranza South,GHA4.5_2,Bono East,nkoranza south,926.9235390062638,248.5556640625,247.0677947998047,97.76646423339844,99.29217529296875,0.18,0.1,0.6456710782847299,0.3543289217152701,14521,114642,0.12666387536853857,123.68010431896616,408.9427490234375,NA,0.8206782870559419,0.1555705619262503,NA,-0.08488181270870004,-0.7121596289788296,0.045780015657564135,-0.36672688433753314
1,2014,DHS 2014,67,Pru East,GHA4.6_2,Bono East,pru east,1659.434794348841,107.76366424560547,106.00784301757813,265.001953125,268.5031433105469,0.303,0.1,0.46673096630297184,0.5332690336970282,13883,100840,0.1376735422451408,60.76767845498227,344.8749694824219,NA,-0.6702052113883827,-0.03825307369625016,NA,2.2413313280922043,0.201612836706573,1.0166426114250706,-0.8108409949495642
2,2022,DHS 2022,67,Pru East,GHA4.6_2,Bono East,pru east,1659.434794348841,107.76366424560547,106.00784301757813,265.001953125,268.5031433105469,0.303,0.1,0.46673096630297184,0.5332690336970282,13883,100840,0.1376735422451408,60.76767845498227,337.6863708496094,NA,-0.6702052113883827,-0.06000067181849605,NA,2.2413313280922043,0.201612836706573,1.0166426114250706,-0.8108409949495642
1,2014,DHS 2014,68,Pru West,GHA4.7_2,Bono East,pru west,1576.344311041778,159.15785217285156,158.54176330566406,151.66905212402344,156.33316040039063,0.38299999999999995,0.2,0.43041050563540484,0.5695894943645952,9928,69820,0.14219421369235177,44.29235384105723,325.3735046386719,NA,-0.12597864456407032,-0.09725066723014468,NA,0.6648927064761719,0.7959363916239077,1.2137039429099894,-1.0070091672125259
2,2022,DHS 2022,68,Pru West,GHA4.7_2,Bono East,pru west,1576.344311041778,159.15785217285156,158.54176330566406,151.66905212402344,156.33316040039063,0.38299999999999995,0.2,0.43041050563540484,0.5695894943645952,9928,69820,0.14219421369235177,44.29235384105723,304.999755859375,NA,-0.12597864456407032,-0.15888717294257915,NA,0.6648927064761719,0.7959363916239077,1.2137039429099894,-1.0070091672125259
1,2014,DHS 2014,69,Sene East,GHA4.8_2,Bono East,sene east,4412.345428107698,112.72969055175781,110.53182220458984,428.076416015625,419.2560729980469,0.495,0.2,0.38107694160973343,0.6189230583902665,11672,72081,0.16192894105242714,16.336209658660618,410.7681884765625,NA,-0.6176186533288919,0.16109304630058277,NA,4.509665406100642,1.627989368508177,1.4813695406229743,-1.6142393795903698
2,2022,DHS 2022,69,Sene East,GHA4.8_2,Bono East,sene east,4412.345428107698,112.72969055175781,110.53182220458984,428.076416015625,419.2560729980469,0.495,0.2,0.38107694160973343,0.6189230583902665,11672,72081,0.16192894105242714,16.336209658660618,400.1182556152344,NA,-0.6176186533288919,0.12887390711539112,NA,4.509665406100642,1.627989368508177,1.4813695406229743,-1.6142393795903698
1,2014,DHS 2014,70,Sene West,GHA4.9_2,Bono East,sene west,3277.3936080216768,122.55389404296875,121.62745666503906,369.6518249511719,372.954833984375,0.268,0.1,0.42388059701492536,0.5761194029850747,10080,70104,0.1437863745292708,21.390168037313245,437.683837890625,NA,-0.5135875799053012,0.2425207009180557,NA,3.6969907018209622,-0.05840371856976088,1.2491328021142893,-1.4524797197616999
2,2022,DHS 2022,70,Sene West,GHA4.9_2,Bono East,sene west,3277.3936080216768,122.55389404296875,121.62745666503906,369.6518249511719,372.954833984375,0.268,0.1,0.42388059701492536,0.5761194029850747,10080,70104,0.1437863745292708,21.390168037313245,421.7102966308594,NA,-0.5135875799053012,0.19419610058206738,NA,3.6969907018209622,-0.05840371856976088,1.2491328021142893,-1.4524797197616999
1,2014,DHS 2014,71,Techiman,GHA4.10_2,Bono East,techiman,651.9763608018063,359.1368103027344,357.9873962402344,26.00385093688965,26.850313186645508,0.098,0,0.7206337785081216,0.2793662214918784,30487,243335,0.12528818295765098,373.22672205591084,378.77154541015625,NA,1.9916511149370404,0.06429391058407095,NA,-1.0830858133963543,-1.3213412727690979,-0.3609397573357759,0.3282483492740454
2,2022,DHS 2022,71,Techiman,GHA4.10_2,Bono East,techiman,651.9763608018063,359.1368103027344,357.9873962402344,26.00385093688965,26.850313186645508,0.098,0,0.7206337785081216,0.2793662214918784,30487,243335,0.12528818295765098,373.22672205591084,399.90631103515625,NA,1.9916511149370404,0.1282327132211197,NA,-1.0830858133963543,-1.3213412727690979,-0.3609397573357759,0.3282483492740454
1,2014,DHS 2014,72,Techiman North,GHA4.11_2,Bono East,techiman north,391.14804224477734,401.3736877441406,398.1676330566406,31.81953239440918,32.737518310546875,0.15,0.1,0.6824326660443246,0.3175673339556754,13102,102529,0.12778823552360796,262.1232600618212,397.6001281738281,NA,2.438908513689123,0.1212558404498891,NA,-1.0021908148595127,-0.9350309620728302,-0.1536747076101487,0.10552503372084968
2,2022,DHS 2022,72,Techiman North,GHA4.11_2,Bono East,techiman north,391.14804224477734,401.3736877441406,398.1676330566406,31.81953239440918,32.737518310546875,0.15,0.1,0.6824326660443246,0.3175673339556754,13102,102529,0.12778823552360796,262.1232600618212,407.8813171386719,NA,2.438908513689123,0.15235942228094373,NA,-1.0021908148595127,-0.9350309620728302,-0.1536747076101487,0.10552503372084968
1,2014,DHS 2014,73,Abura-Asebu-Kwamankese,GHA5.1_2,Central,abura asebu kwamankese,378.5179519338074,73.03126525878906,78.63397216796875,85.42364501953125,87.5400390625,0.28,0.1,0.6850629817634893,0.31493701823651066,14603,124465,0.1173261559474551,328.8219207678836,244.971435546875,NA,-1.037995714955158,-0.34049027151464967,NA,-0.25656802859579714,0.03074481466783945,-0.16794582389880214,0.24838232310348876
2,2022,DHS 2022,73,Abura-Asebu-Kwamankese,GHA5.1_2,Central,abura asebu kwamankese,378.5179519338074,73.03126525878906,78.63397216796875,85.42364501953125,87.5400390625,0.28,0.1,0.6850629817634893,0.31493701823651066,14603,124465,0.1173261559474551,328.8219207678836,441.5726013183594,NA,-1.037995714955158,0.2542853394155825,NA,-0.25656802859579714,0.03074481466783945,-0.16794582389880214,0.24838232310348876
1,2014,DHS 2014,74,Agona East,GHA5.2_2,Central,agona east,328.8989709037679,92.96893310546875,94.75321197509766,25.304088592529297,25.127099990844727,0.259,0.1,0.7365473352980545,0.2634526647019455,11219,98637,0.11374028001662662,299.900603911771,320.0256042480469,NA,-0.8268705087734365,-0.11342961871065195,NA,-1.0928193715763637,-0.12526511849796113,-0.44728080676209403,0.19035369014287135
2,2022,DHS 2022,74,Agona East,GHA5.2_2,Central,agona east,328.8989709037679,92.96893310546875,94.75321197509766,25.304088592529297,25.127099990844727,0.259,0.1,0.7365473352980545,0.2634526647019455,11219,98637,0.11374028001662662,299.900603911771,496.26983642578125,NA,-0.8268705087734365,0.41976035732582734,NA,-1.0928193715763637,-0.12526511849796113,-0.44728080676209403,0.19035369014287135
1,2014,DHS 2014,75,Agona West,GHA5.3_2,Central,agona west,357.9443064667235,108.61339569091797,110.02299499511719,33.297306060791016,34.08864974975586,0.21,0.1,0.7754900637673335,0.22450993623266646,14673,136569,0.10744019506623026,381.53700878238783,331.3494873046875,NA,-0.6612071817306376,-0.07917158449866549,NA,-0.9816352704314091,-0.4892882958848289,-0.6585695895242717,0.34213607438745935
2,2022,DHS 2022,75,Agona West,GHA5.3_2,Central,agona west,357.9443064667235,108.61339569091797,110.02299499511719,33.297306060791016,34.08864974975586,0.21,0.1,0.7754900637673335,0.22450993623266646,14673,136569,0.10744019506623026,381.53700878238783,526.00506591796875,NA,-0.6612071817306376,0.5097180603636782,NA,-0.9816352704314091,-0.4892882958848289,-0.6585695895242717,0.34213607438745935
1,2014,DHS 2014,76,Ajumako-Enyan-Essiam,GHA5.4_2,Central,ajumako enyan essiam,523.7007221617388,64.15570831298828,64.98775482177734,66.04139709472656,66.61385345458984,0.29600000000000004,0.1,0.7156357891041021,0.2843642108958979,14799,120586,0.12272568954936726,230.25746365642482,309.8810119628906,NA,-1.1319813207225777,-0.14411995592388674,NA,-0.5261713294248831,0.14960952565130656,-0.33382252290094133,0.02389993402636102
2,2022,DHS 2022,76,Ajumako-Enyan-Essiam,GHA5.4_2,Central,ajumako enyan essiam,523.7007221617388,64.15570831298828,64.98775482177734,66.04139709472656,66.61385345458984,0.29600000000000004,0.1,0.7156357891041021,0.2843642108958979,14799,120586,0.12272568954936726,230.25746365642482,476.6988525390625,NA,-1.1319813207225777,0.36055244850163043,NA,-0.5261713294248831,0.14960952565130656,-0.33382252290094133,0.02389993402636102
1,2014,DHS 2014,77,Asikuma-Odoben-Brakwa,GHA5.5_2,Central,asikuma odoben brakwa,776.3136468987457,118.4264144897461,119.11754608154297,75.15910339355469,76.0892105102539,0.29,0.1,0.702295015297021,0.297704984702979,15344,126993,0.12082555731418267,163.58465487154274,351.2893981933594,NA,-0.5572945459549986,-0.01884756437312267,NA,-0.399345807241342,0.10503525903250598,-0.2614404385016072,-0.1911518310162267
2,2022,DHS 2022,77,Asikuma-Odoben-Brakwa,GHA5.5_2,Central,asikuma odoben brakwa,776.3136468987457,118.4264144897461,119.11754608154297,75.15910339355469,76.0892105102539,0.29,0.1,0.702295015297021,0.297704984702979,15344,126993,0.12082555731418267,163.58465487154274,569.52978515625,NA,-0.5572945459549986,0.6413929737546056,NA,-0.399345807241342,0.10503525903250598,-0.2614404385016072,-0.1911518310162267
1,2014,DHS 2014,78,Assin Central,GHA5.6_2,Central,assin fosu,280.09106577182786,156.08267211914063,156.2163848876953,82.71812438964844,83.41552734375,0.18100000000000002,0.1,0.8273658478257981,0.17263415217420186,10797,88753,0.12165222584025329,316.8719421857652,372.521484375,NA,-0.15854253457760373,0.04538566120544251,NA,-0.29420129461878064,-0.7047305845423626,-0.9400283290471905,0.22504749609846206
2,2022,DHS 2022,78,Assin Central,GHA5.6_2,Central,assin fosu,280.09106577182786,156.08267211914063,156.2163848876953,82.71812438964844,83.41552734375,0.18100000000000002,0.1,0.8273658478257981,0.17263415217420186,10797,88753,0.12165222584025329,316.8719421857652,618.96466064453125,NA,-0.15854253457760373,0.790947825855422,NA,-0.29420129461878064,-0.7047305845423626,-0.9400283290471905,0.22504749609846206
1,2014,DHS 2014,79,Assin North,GHA5.7_2,Central,assin north,729.3760482606858,121.74911499023438,120.51190185546875,88.0073013305664,88.415191650390625,0.319,0.1,0.6772431274856868,0.3227568725143132,9872,80539,0.12257415661977428,110.4217778909222,377.905029296875,NA,-0.522109596860638,0.06167244774261054,NA,-0.2206298715582152,0.3204775476900401,-0.12551819859674046,-0.4378162008659152
2,2022,DHS 2022,79,Assin North,GHA5.7_2,Central,assin north,729.3760482606858,121.74911499023438,120.51190185546875,88.0073013305664,88.415191650390625,0.319,0.1,0.6772431274856868,0.3227568725143132,9872,80539,0.12257415661977428,110.4217778909222,590.1883544921875,NA,-0.522109596860638,0.7038911443504432,NA,-0.2206298715582152,0.3204775476900401,-0.12551819859674046,-0.4378162008659152
1,2014,DHS 2014,80,Assin South,GHA5.8_2,Central,assin south,1106.2328549033875,130.36416625976563,132.33187866210938,124.81279754638672,128.77734375,0.27399999999999997,0.1,0.6965014837457328,0.30349851625426716,13400,105995,0.12642105759705646,95.81617426220544,352.4112548828125,NA,-0.43088255418278587,-0.015453622148887748,NA,0.2913274260129632,-0.013829451950961127,-0.2300068878110948,-0.5266608489953242
2,2022,DHS 2022,80,Assin South,GHA5.8_2,Central,assin south,1106.2328549033875,130.36416625976563,132.33187866210938,124.81279754638672,128.77734375,0.27399999999999997,0.1,0.6965014837457328,0.30349851625426716,13400,105995,0.12642105759705646,95.81617426220544,582.52850341796875,NA,-0.43088255418278587,0.6807178707616258,NA,0.2913274260129632,-0.013829451950961127,-0.2300068878110948,-0.5266608489953242
1,2014,DHS 2014,81,Awutu Senya East,GHA5.10_2,Central,awutu senya east,108.52129219312074,41.544288635253906,43.073509216308594,45.12851333618164,45.26133728027344,0.106,0,0.880216436238393,0.11978356376160704,25759,236527,0.10890511442668278,2179.5446333156883,260.76324462890625,NA,-1.3714195879378734,-0.2927154637834686,NA,-0.8170654771539065,-1.2619089172773645,-1.2267759949887582,1.4426692093426652
2,2022,DHS 2022,81,Awutu Senya East,GHA5.10_2,Central,awutu senya east,108.52129219312074,41.544288635253906,43.073509216308594,45.12851333618164,45.26133728027344,0.106,0,0.880216436238393,0.11978356376160704,25759,236527,0.10890511442668278,2179.5446333156883,396.936767578125,NA,-1.3714195879378734,0.11924898203667415,NA,-0.8170654771539065,-1.2619089172773645,-1.2267759949887582,1.4426692093426652
1,2014,DHS 2014,82,Awutu Senya West,GHA5.9_2,Central,awutu senya,245.64582233684428,96.69823455810547,98.730804443359375,37.74497604370117,37.32503128051758,0.225,0.1,0.6994511396577349,0.30054886034226513,20877,161460,0.12930137495354888,657.2877912761585,312.78704833984375,NA,-0.7873799553066808,-0.13532835209638558,NA,-0.9197690455722971,-0.37785262933782854,-0.2460106253947574,0.6853629157266682
2,2022,DHS 2022,82,Awutu Senya West,GHA5.9_2,Central,awutu senya,245.64582233684428,96.69823455810547,98.730804443359375,37.74497604370117,37.32503128051758,0.225,0.1,0.6994511396577349,0.30054886034226513,20877,161460,0.12930137495354888,657.2877912761585,467.80010986328125,NA,-0.7873799553066808,0.33363116809757293,NA,-0.9197690455722971,-0.37785262933782854,-0.2460106253947574,0.6853629157266682
1,2014,DHS 2014,83,Cape Coast,GHA5.11_2,Central,cape cape metropolitan area,122.97541305387823,36.569244384765625,41.11708450317383,76.33229064941406,78.68743896484375,0.129,0.1,0.877737041342514,0.12226295865748604,17790,189925,0.09366855337633276,1544.414410031619,-255.0509033203125,NA,-1.4241016393806378,-1.8532030314388381,NA,-0.38302700057364264,-1.0910408952386306,-1.2133237190407518,1.2249769415664702
2,2022,DHS 2022,83,Cape Coast,GHA5.11_2,Central,cape cape metropolitan area,122.97541305387823,36.569244384765625,41.11708450317383,76.33229064941406,78.68743896484375,0.129,0.1,0.877737041342514,0.12226295865748604,17790,189925,0.09366855337633276,1544.414410031619,-95.31117248535156,NA,-1.4241016393806378,-1.369943964157279,NA,-0.38302700057364264,-1.0910408952386306,-1.2133237190407518,1.2249769415664702
1,2014,DHS 2014,84,Effutu,GHA5.12_2,Central,effutu,85.60422507641532,18.233840942382813,18.539066314697266,31.643386840820313,31.021692276000977,0.217,0.1,0.7917730379642592,0.20822696203574076,9344,108816,0.08586972504043523,1271.1522112706996,-98.675872802734375,NA,-1.618260046570814,-1.3801231595807415,NA,-1.0046409652681838,-0.4372849848295621,-0.7469149606127519,1.1019414020344265
2,2022,DHS 2022,84,Effutu,GHA5.12_2,Central,effutu,85.60422507641532,18.233840942382813,18.539066314697266,31.643386840820313,31.021692276000977,0.217,0.1,0.7917730379642592,0.20822696203574076,9344,108816,0.08586972504043523,1271.1522112706996,21.785053253173828,NA,-1.618260046570814,-1.0156938816211076,NA,-1.0046409652681838,-0.4372849848295621,-0.7469149606127519,1.1019414020344265
1,2014,DHS 2014,85,Ekumfi,GHA5.13_2,Central,ekumfi,278.000885558858,25.92716407775879,26.273006439208984,52.89573287963867,52.807491302490234,0.315,0.1,0.6183251800937106,0.3816748199062894,6677,56741,0.11767504978763152,204.10366638197945,290.00469970703125,NA,-1.5367934254158548,-0.20425157171888073,NA,-0.7090249632102019,0.29076136994417334,0.19414870397063214,-0.05198708720561526
2,2022,DHS 2022,85,Ekumfi,GHA5.13_2,Central,ekumfi,278.000885558858,25.92716407775879,26.273006439208984,52.89573287963867,52.807491302490234,0.315,0.1,0.6183251800937106,0.3816748199062894,6677,56741,0.11767504978763152,204.10366638197945,407.17718505859375,NA,-1.5367934254158548,0.15022921828921956,NA,-0.7090249632102019,0.29076136994417334,0.19414870397063214,-0.05198708720561526
1,2014,DHS 2014,86,Gomoa Central,GHA5.14_2,Central,gomoa central,122.05710312896059,24.60816192626953,25.727413177490234,35.212318420410156,34.81766891479492,0.188,0.1,0.751311945082688,0.24868805491731205,9910,82592,0.11998740798140256,676.6668869138787,286.06903076171875,NA,-1.5507606859464629,-0.21615811302641405,NA,-0.9549978207772292,-0.652727273487096,-0.5273880964147621,0.7037084430553926
2,2022,DHS 2022,86,Gomoa Central,GHA5.14_2,Central,gomoa central,122.05710312896059,24.60816192626953,25.727413177490234,35.212318420410156,34.81766891479492,0.188,0.1,0.751311945082688,0.24868805491731205,9910,82592,0.11998740798140256,676.6668869138787,414.0823059082031,NA,-1.5507606859464629,0.171119213807594,NA,-0.9549978207772292,-0.652727273487096,-0.5273880964147621,0.7037084430553926
1,2014,DHS 2014,87,Gomoa East,GHA5.15_2,Central,gomoa east,542.2910953864082,47.79496383666992,50.643253326416016,32.058799743652344,31.28726577758789,0.14400000000000002,0.1,0.8359093153077887,0.16409068469221133,37237,308697,0.12062637472991315,569.2459319842578,141.86871337890625,NA,-1.305229545008971,-0.6524059426419573,NA,-0.9988626525438286,-0.9796052286916301,-0.9863820108715664,0.5945797727038864
2,2022,DHS 2022,87,Gomoa East,GHA5.15_2,Central,gomoa east,542.2910953864082,47.79496383666992,50.643253326416016,32.058799743652344,31.28726577758789,0.14400000000000002,0.1,0.8359093153077887,0.16409068469221133,37237,308697,0.12062637472991315,569.2459319842578,273.65875244140625,NA,-1.305229545008971,-0.25370280835318354,NA,-0.9988626525438286,-0.9796052286916301,-0.9863820108715664,0.5945797727038864
1,2014,DHS 2014,88,Gomoa West,GHA5.16_2,Central,gomoa west,338.65939356647425,56.672725677490234,56.81382369995117,38.64786148071289,38.58502197265625,0.28300000000000003,0.1,0.642941240399942,0.35705875960005795,15728,129512,0.12144048427944901,382.425535686724,347.722900390625,NA,-1.2112205910285512,-0.02963725578303161,NA,-0.9072100846595461,0.05303194797723953,0.0605911022579783,0.34360304427492955
2,2022,DHS 2022,88,Gomoa West,GHA5.16_2,Central,gomoa west,338.65939356647425,56.672725677490234,56.81382369995117,38.64786148071289,38.58502197265625,0.28300000000000003,0.1,0.642941240399942,0.35705875960005795,15728,129512,0.12144048427944901,382.425535686724,495.399169921875,NA,-1.2112205910285512,0.41712633834763246,NA,-0.9072100846595461,0.05303194797723953,0.0605911022579783,0.34360304427492955
1,2014,DHS 2014,89,Komenda-Edina-Eguafo-Abirem-,GHA5.17_2,Central,komenda edina eguafo abirem,454.6593910918979,35.30366516113281,38.52720642089844,97.1494140625,100.01841735839844,0.251,0.1,0.695991341747955,0.30400865825204504,19143,166017,0.11530746851226079,365.14587238877436,-25.667133331298828,NA,-1.437503190483982,-1.1592505241008375,NA,-0.09346486063465659,-0.1846974739896947,-0.22723904677932466,0.3144450821027264
2,2022,DHS 2022,89,Komenda-Edina-Eguafo-Abirem-,GHA5.17_2,Central,komenda edina eguafo abirem,454.6593910918979,35.30366516113281,38.52720642089844,97.1494140625,100.01841735839844,0.251,0.1,0.695991341747955,0.30400865825204504,19143,166017,0.11530746851226079,365.14587238877436,160.2750244140625,NA,-1.437503190483982,-0.5967215073643369,NA,-0.09346486063465659,-0.1846974739896947,-0.22723904677932466,0.3144450821027264
1,2014,DHS 2014,90,Mfantseman,GHA5.18_2,Central,mfantsiman,302.1283521050971,45.18031692504883,45.739784240722656,68.57878875732422,68.90583038330078,0.24,0.1,0.7278133829508648,0.27218661704913516,19268,168905,0.11407595985909239,559.0504791197001,-92.16390228271484,NA,-1.3329167285127494,-1.3604225579632203,NA,-0.4908767046534675,-0.2664169627908283,-0.3998936247982944,0.5831724453036503
2,2022,DHS 2022,90,Mfantseman,GHA5.18_2,Central,mfantsiman,302.1283521050971,45.18031692504883,45.739784240722656,68.57878875732422,68.90583038330078,0.24,0.1,0.7278133829508648,0.27218661704913516,19268,168905,0.11407595985909239,559.0504791197001,56.56458282470703,NA,-1.3329167285127494,-0.9104757061967629,NA,-0.4908767046534675,-0.2664169627908283,-0.3998936247982944,0.5831724453036503
1,2014,DHS 2014,91,Twifo-Atti-Morkwa,GHA5.19_2,Central,twifo ati morkwa,959.9359881661643,111.89864349365234,110.35780334472656,145.27850341796875,146.10385131835938,0.341,0.1,0.6796564079222249,0.3203435920777751,12412,100851,0.12307265173374582,105.06013030375392,403.9071044921875,NA,-0.6264188290986196,0.14033627508594249,NA,0.5760014162633135,0.4839165252923074,-0.13861176204086736,-0.46899943059666177
2,2022,DHS 2022,91,Twifo-Atti-Morkwa,GHA5.19_2,Central,twifo ati morkwa,959.9359881661643,111.89864349365234,110.35780334472656,145.27850341796875,146.10385131835938,0.341,0.1,0.6796564079222249,0.3203435920777751,12412,100851,0.12307265173374582,105.06013030375392,605.1727294921875,NA,-0.6264188290986196,0.7492232295395604,NA,0.5760014162633135,0.4839165252923074,-0.13861176204086736,-0.46899943059666177
1,2014,DHS 2014,92,Twifo-Hemang-Lower Denkyira,GHA5.20_2,Central,twifo heman lower denkyira,578.2730199007883,104.56533813476563,114.08600616455078,132.19448852539063,139.80157470703125,0.321,0.1,0.6983205729809829,0.30167942701901707,7559,66075,0.11440030268634128,114.2626367236296,361.3631896972656,NA,-0.7040731273743488,0.011628579919347588,NA,0.3940053125698082,0.3353356365629735,-0.239876590458021,-0.4163869887511957
2,2022,DHS 2022,92,Twifo-Hemang-Lower Denkyira,GHA5.20_2,Central,twifo heman lower denkyira,578.2730199007883,104.56533813476563,114.08600616455078,132.19448852539063,139.80157470703125,0.321,0.1,0.6983205729809829,0.30167942701901707,7559,66075,0.11440030268634128,114.2626367236296,576.40533447265625,NA,-0.7040731273743488,0.6621935067987469,NA,0.3940053125698082,0.3353356365629735,-0.239876590458021,-0.4163869887511957
1,2014,DHS 2014,93,Upper Denkyira East,GHA5.21_2,Central,upper denkyira east,504.2637988372515,148.5251922607422,149.64088439941406,80.726776123046875,83.22935485839844,0.243,0.1,0.7498393591501028,0.2501606408498972,13696,110141,0.12434969720630827,218.41940717133937,367.7294006347656,NA,-0.23857067556121908,0.030888216477471645,NA,-0.32190056189979543,-0.24412982948142822,-0.5193983920093794,-0.009325679244697982
2,2022,DHS 2022,93,Upper Denkyira East,GHA5.21_2,Central,upper denkyira east,504.2637988372515,148.5251922607422,149.64088439941406,80.726776123046875,83.22935485839844,0.243,0.1,0.7498393591501028,0.2501606408498972,13696,110141,0.12434969720630827,218.41940717133937,515.354736328125,NA,-0.23857067556121908,0.47749772095953397,NA,-0.32190056189979543,-0.24412982948142822,-0.5193983920093794,-0.009325679244697982
1,2014,DHS 2014,94,Upper Denkyira West,GHA5.22_2,Central,upper denkyira west,581.8114866238785,145.06130981445313,144.9062957763672,99.70054626464844,99.66141510009766,0.245,0.1,0.6659543695519043,0.33404563044809565,11962,91025,0.13141444658060972,156.45101908901395,353.62420654296875,NA,-0.2752506373945592,-0.011784091188238114,NA,-0.05797910762917673,-0.22927174060849484,-0.06426959028190726,-0.21916975507775063
2,2022,DHS 2022,94,Upper Denkyira West,GHA5.22_2,Central,upper denkyira west,581.8114866238785,145.06130981445313,144.9062957763672,99.70054626464844,99.66141510009766,0.245,0.1,0.6659543695519043,0.33404563044809565,11962,91025,0.13141444658060972,156.45101908901395,573.9029541015625,NA,-0.2752506373945592,0.654623079593208,NA,-0.05797910762917673,-0.22927174060849484,-0.06426959028190726,-0.21916975507775063
1,2014,DHS 2014,95,Abuakwa North,GHA6.1_2,Eastern,abuakwa north,159.656010942866,231.64903259277344,233.74842834472656,21.451066970825195,22.853456497192383,0.157,0.1,0.8343894528199892,0.16561054718001078,7765,76195,0.10190957411903669,477.24479366622097,418.0738220214844,NA,0.6416495218897678,0.18319470901383383,NA,-1.1464141533275485,-0.8830276510175633,-0.978135801434383,0.4833285220184273
2,2022,DHS 2022,95,Abuakwa North,GHA6.1_2,Eastern,abuakwa north,159.656010942866,231.64903259277344,233.74842834472656,21.451066970825195,22.853456497192383,0.157,0.1,0.8343894528199892,0.16561054718001078,7765,76195,0.10190957411903669,477.24479366622097,537.67840576171875,NA,0.6416495218897678,0.5450333028238002,NA,-1.1464141533275485,-0.8830276510175633,-0.978135801434383,0.4833285220184273
1,2014,DHS 2014,96,Abuakwa South,GHA6.2_2,Eastern,abuakwa south,351.0672371444439,279.5751647949219,279.89898681640625,46.63054275512695,47.01540756225586,0.21100000000000002,0.1,0.776845551087741,0.223154448912259,9360,89051,0.10510830872196832,253.65796228760777,428.7091979980469,NA,1.149151934934335,0.21536980939592001,NA,-0.796172539922833,-0.48185925144836206,-0.6659239603461413,0.08484779235342965
2,2022,DHS 2022,96,Abuakwa South,GHA6.2_2,Eastern,abuakwa south,351.0672371444439,279.5751647949219,279.89898681640625,46.63054275512695,47.01540756225586,0.21100000000000002,0.1,0.776845551087741,0.223154448912259,9360,89051,0.10510830872196832,253.65796228760777,587.68048095703125,NA,1.149151934934335,0.6963040987286381,NA,-0.796172539922833,-0.48185925144836206,-0.6659239603461413,0.08484779235342965
1,2014,DHS 2014,97,Achiase,GHA6.3_2,Eastern,achiase,416.4228283294191,169.58074951171875,169.7184600830078,38.33732604980469,39.12888717651367,0.299,0.1,0.6995768688293371,0.3004231311706629,6671,56348,0.11838929509476823,135.3143876046701,376.51055908203125,NA,-0.015607844598831874,0.05745377044889735,NA,-0.9115295721370585,0.17189665896070622,-0.24669278518863247,-0.3103171368950573
2,2022,DHS 2022,97,Achiase,GHA6.3_2,Eastern,achiase,416.4228283294191,169.58074951171875,169.7184600830078,38.33732604980469,39.12888717651367,0.299,0.1,0.6995768688293371,0.3004231311706629,6671,56348,0.11838929509476823,135.3143876046701,619.373779296875,NA,-0.015607844598831874,0.7921855285691157,NA,-0.9115295721370585,0.17189665896070622,-0.24669278518863247,-0.3103171368950573
1,2014,DHS 2014,98,Akwapem North,GHA6.4_2,Eastern,akwapim north,307.9614934251466,247.19944763183594,248.788330078125,23.339170455932617,24.606779098510742,0.201,0.1,0.8349818252418807,0.1650181747581193,10132,105315,0.09620661824051654,341.9745723034622,363.03729248046875,NA,0.8063169547400024,0.01669322692554587,NA,-1.1201510008868858,-0.556149695813029,-0.9813497942100065,0.27310769794075124
2,2022,DHS 2022,98,Akwapem North,GHA6.4_2,Eastern,akwapim north,307.9614934251466,247.19944763183594,248.788330078125,23.339170455932617,24.606779098510742,0.201,0.1,0.8349818252418807,0.1650181747581193,10132,105315,0.09620661824051654,341.9745723034622,525.57720947265625,NA,0.8063169547400024,0.5084236703856098,NA,-1.1201510008868858,-0.556149695813029,-0.9813497942100065,0.27310769794075124
1,2014,DHS 2014,99,Akwapem South,GHA6.5_2,Eastern,akwapim south,225.2655694959473,227.78599548339844,209.0041046142578,32.496849060058594,31.895416259765625,0.19399999999999998,0.1,0.8269427592447008,0.17305724075529916,7830,76922,0.10179142507995112,341.47251251986773,371.6285095214844,NA,0.6007428063964478,0.04268415299229983,NA,-0.9927694717070532,-0.608153006868296,-0.9377328075258583,0.27218142381373833
2,2022,DHS 2022,99,Akwapem South,GHA6.5_2,Eastern,akwapim south,225.2655694959473,227.78599548339844,209.0041046142578,32.496849060058594,31.895416259765625,0.19399999999999998,0.1,0.8269427592447008,0.17305724075529916,7830,76922,0.10179142507995112,341.47251251986773,537.4119873046875,NA,0.6007428063964478,0.544227309634889,NA,-0.9927694717070532,-0.608153006868296,-0.9377328075258583,0.27218142381373833
1,2014,DHS 2014,100,Akyemansa,GHA6.6_2,Eastern,akyemansa,614.6668199891537,137.1477813720703,137.0585174560547,61.54941177368164,62.32732009887695,0.23600000000000002,0.1,0.6762979045955009,0.3237020954044991,10822,91038,0.11887343746567368,148.10950752410295,372.3038024902344,NA,-0.35904907043452106,0.04472711029862638,NA,-0.5886539720227858,-0.29613314053669487,-0.1203897702159739,-0.2535883941125451
2,2022,DHS 2022,100,Akyemansa,GHA6.6_2,Eastern,akyemansa,614.6668199891537,137.1477813720703,137.0585174560547,61.54941177368164,62.32732009887695,0.23600000000000002,0.1,0.6762979045955009,0.3237020954044991,10822,91038,0.11887343746567368,148.10950752410295,585.46820068359375,NA,-0.35904907043452106,0.6896113085510249,NA,-0.5886539720227858,-0.29613314053669487,-0.1203897702159739,-0.2535883941125451
1,2014,DHS 2014,101,Asene-Manso-Akroso,GHA6.7_2,Eastern,asene manso akroso,420.880622352393,161.35494995117188,161.21316528320313,35.50747299194336,35.3895263671875,0.257,0.1,0.718140545106261,0.281859454893739,9135,77498,0.11787400965186198,184.13297235412475,383.11322021484375,NA,-0.10271299860104324,0.0774287375027471,NA,-0.9508922780636666,-0.1401232073708945,-0.34741239879343083,-0.11676137342454475
2,2022,DHS 2022,101,Asene-Manso-Akroso,GHA6.7_2,Eastern,asene manso akroso,420.880622352393,161.35494995117188,161.21316528320313,35.50747299194336,35.3895263671875,0.257,0.1,0.718140545106261,0.281859454893739,9135,77498,0.11787400965186198,184.13297235412475,610.30950927734375,NA,-0.10271299860104324,0.7647634798882362,NA,-0.9508922780636666,-0.1401232073708945,-0.34741239879343083,-0.11676137342454475
1,2014,DHS 2014,102,Asuogyaman,GHA6.8_2,Eastern,asuogyaman,769.3365029360577,132.41860961914063,120.57649230957031,93.01311492919922,104.6767578125,0.218,0.1,0.7867779783393501,0.21322202166064985,10130,101256,0.10004345421505886,131.61470905588337,343.6321105957031,NA,-0.4091275133639597,-0.04201308270101584,NA,-0.15099997750452376,-0.4298559403930954,-0.7198136220713571,-0.32771562671350163
2,2022,DHS 2022,102,Asuogyaman,GHA6.8_2,Eastern,asuogyaman,769.3365029360577,132.41860961914063,120.57649230957031,93.01311492919922,104.6767578125,0.218,0.1,0.7867779783393501,0.21322202166064985,10130,101256,0.10004345421505886,131.61470905588337,447.14031982421875,NA,-0.4091275133639597,0.2711293045203428,NA,-0.15099997750452376,-0.4298559403930954,-0.7198136220713571,-0.32771562671350163
1,2014,DHS 2014,103,Atiwa East,GHA6.9_2,Eastern,atiwa east,582.5636799728335,236.36561584472656,238.60183715820313,95.74497985839844,96.5462875366211,0.184,0.1,0.7640682405150777,0.2359317594849223,8002,64647,0.12377991244760005,110.96984282132841,384.9651184082031,NA,0.6915946618730127,0.08303126724876184,NA,-0.11300026739923943,-0.6824434512329628,-0.5965990182070188,-0.43471361392198826
2,2022,DHS 2022,103,Atiwa East,GHA6.9_2,Eastern,atiwa east,582.5636799728335,236.36561584472656,238.60183715820313,95.74497985839844,96.5462875366211,0.184,0.1,0.7640682405150777,0.2359317594849223,8002,64647,0.12377991244760005,110.96984282132841,519.86138916015625,NA,0.6915946618730127,0.49113165431340544,NA,-0.11300026739923943,-0.6824434512329628,-0.5965990182070188,-0.43471361392198826
1,2014,DHS 2014,104,Atiwa West,GHA6.10_2,Eastern,atiwa west,588.3124578152365,384.86529541015625,339.370361328125,122.92930603027344,110.64806365966797,0.18899999999999997,0.1,0.7599693398486155,0.24003066015138452,7459,61219,0.12184125843283948,104.05864976469059,419.7232666015625,NA,2.2640968074232055,0.1881847577959038,NA,0.2651284251644671,-0.6452982290506295,-0.574359905373333,-0.4749984029329228
2,2022,DHS 2022,104,Atiwa West,GHA6.10_2,Eastern,atiwa west,588.3124578152365,384.86529541015625,339.370361328125,122.92930603027344,110.64806365966797,0.18899999999999997,0.1,0.7599693398486155,0.24003066015138452,7459,61219,0.12184125843283948,104.05864976469059,562.08099365234375,NA,2.2640968074232055,0.61885821664855,NA,0.2651284251644671,-0.6452982290506295,-0.574359905373333,-0.4749984029329228
1,2014,DHS 2014,105,Ayensuano,GHA6.11_2,Eastern,ayensuano,501.3733505669487,171.59120178222656,168.40614318847656,60.719444274902344,59.4271125793457,0.29100000000000004,0.1,0.678784045244828,0.32121595475517195,11461,94594,0.12115990443368502,188.66978049996857,394.6194152832031,NA,0.005681363015295303,0.11223831848570223,NA,-0.6001986585895795,0.11246430346897308,-0.13387864611706285,-0.10145307890525054
2,2022,DHS 2022,105,Ayensuano,GHA6.11_2,Eastern,ayensuano,501.3733505669487,171.59120178222656,168.40614318847656,60.719444274902344,59.4271125793457,0.29100000000000004,0.1,0.678784045244828,0.32121595475517195,11461,94594,0.12115990443368502,188.66978049996857,615.01116943359375,NA,0.005681363015295303,0.7789873670195583,NA,-0.6001986585895795,0.11246430346897308,-0.13387864611706285,-0.10145307890525054
1,2014,DHS 2014,106,Birim Central,GHA6.12_2,Eastern,birim central,106.89608631612552,128.97349548339844,129.7095489501953,17.574472427368164,18.476215362548828,0.11900000000000001,0.1,0.8498021924923745,0.15019780750762546,7962,76302,0.10434850986867972,713.7960109629353,356.9599914550781,NA,-0.44560873262297457,-0.0016923732615101536,NA,-1.2003368298378672,-1.1653313396032974,-1.0617596031661394,0.7374365513670587
2,2022,DHS 2022,106,Birim Central,GHA6.12_2,Eastern,birim central,106.89608631612552,128.97349548339844,129.7095489501953,17.574472427368164,18.476215362548828,0.11900000000000001,0.1,0.8498021924923745,0.15019780750762546,7962,76302,0.10434850986867972,713.7960109629353,566.96160888671875,NA,-0.44560873262297457,0.6336234948520114,NA,-1.2003368298378672,-1.1653313396032974,-1.0617596031661394,0.7374365513670587
1,2014,DHS 2014,107,Birim North,GHA6.13_2,Eastern,birim north,569.0373741787052,184.8699493408203,183.94195556640625,101.9614028930664,102.41685485839844,0.183,0.1,0.7498579464742315,0.25014205352576846,10006,82669,0.1210369062163568,145.2786824754993,367.3432922363281,NA,0.14629351172304955,0.02972012646302644,NA,-0.026531031426274432,-0.6898724956694294,-0.5194992399274462,-0.2657080741080798
2,2022,DHS 2022,107,Birim North,GHA6.13_2,Eastern,birim north,569.0373741787052,184.8699493408203,183.94195556640625,101.9614028930664,102.41685485839844,0.183,0.1,0.7498579464742315,0.25014205352576846,10006,82669,0.1210369062163568,145.2786824754993,566.11566162109375,NA,0.14629351172304955,0.6310642587470144,NA,-0.026531031426274432,-0.6898724956694294,-0.5194992399274462,-0.2657080741080798
1,2014,DHS 2014,108,Birim South,GHA6.14_2,Eastern,birim south,313.15103203531095,139.77825927734375,139.16552734375,36.46815490722656,37.964874267578125,0.249,0.1,0.7637407179221116,0.23625928207788838,3918,35654,0.10988949346496887,113.85560433337372,355.2756042480469,NA,-0.3311942483771958,-0.006788133635940182,NA,-0.9375293793734844,-0.19955556286262807,-0.5948220022475564,-0.41862383602352604
2,2022,DHS 2022,108,Birim South,GHA6.14_2,Eastern,birim south,313.15103203531095,139.77825927734375,139.16552734375,36.46815490722656,37.964874267578125,0.249,0.1,0.7637407179221116,0.23625928207788838,3918,35654,0.10988949346496887,113.85560433337372,581.6534423828125,NA,-0.3311942483771958,0.678070557050418,NA,-0.9375293793734844,-0.19955556286262807,-0.5948220022475564,-0.41862383602352604
1,2014,DHS 2014,109,Denkyembour,GHA6.15_2,Eastern,denkyembuor,438.3568230642736,162.652587890625,160.23141479492188,58.76230239868164,59.50153732299805,0.18100000000000002,0.1,0.7718673127096534,0.22813268729034664,8057,77029,0.10459696997234808,175.72214220720753,413.7369689941406,NA,-0.08897196932805886,0.17007446937165804,NA,-0.6274221216299353,-0.7047305845423626,-0.6389138876432009,-0.1461608996679496
2,2022,DHS 2022,109,Denkyembour,GHA6.15_2,Eastern,denkyembuor,438.3568230642736,162.652587890625,160.23141479492188,58.76230239868164,59.50153732299805,0.18100000000000002,0.1,0.7718673127096534,0.22813268729034664,8057,77029,0.10459696997234808,175.72214220720753,620.48760986328125,NA,-0.08897196932805886,0.7955551894406949,NA,-0.6274221216299353,-0.7047305845423626,-0.6389138876432009,-0.1461608996679496
1,2014,DHS 2014,110,Fanteakwa North,GHA6.16_2,Eastern,fanteakwa north,840.5986203912248,407.82098388671875,381.52557373046875,112.73512268066406,115.25828552246094,0.289,0.1,0.6668099478047282,0.33319005219527176,6628,56987,0.11630722796427255,67.79335418547029,368.6599426269531,NA,2.507180627453076,0.033703376192968267,NA,0.1233293164659186,0.09760621459603928,-0.06891164015110327,-0.7427245148711674
2,2022,DHS 2022,110,Fanteakwa North,GHA6.16_2,Eastern,fanteakwa north,840.5986203912248,407.82098388671875,381.52557373046875,112.73512268066406,115.25828552246094,0.289,0.1,0.6668099478047282,0.33319005219527176,6628,56987,0.11630722796427255,67.79335418547029,447.2433776855469,NA,2.507180627453076,0.2714410844744039,NA,0.1233293164659186,0.09760621459603928,-0.06891164015110327,-0.7427245148711674
1,2014,DHS 2014,111,Fanteakwa South,GHA6.17_2,Eastern,fanteakwa south,263.31332364037195,340.30078125,346.3269348144531,53.88179016113281,55.17580032348633,0.217,0.1,0.7930354796320631,0.2069645203679369,6117,54634,0.1119632463301241,207.48665219317965,397.4512939453125,NA,1.7921914515508983,0.12080557369360952,NA,-0.6953090981088604,-0.4372849848295621,-0.7537645002773636,-0.041642874248123615
2,2022,DHS 2022,111,Fanteakwa South,GHA6.17_2,Eastern,fanteakwa south,263.31332364037195,340.30078125,346.3269348144531,53.88179016113281,55.17580032348633,0.217,0.1,0.7930354796320631,0.2069645203679369,6117,54634,0.1119632463301241,207.48665219317965,498.7808837890625,NA,1.7921914515508983,0.4273570046992529,NA,-0.6953090981088604,-0.4372849848295621,-0.7537645002773636,-0.041642874248123615
1,2014,DHS 2014,112,Kwaebibirem,GHA6.18_2,Eastern,kwaebibirem,807.3522835481721,183.19886779785156,181.85256958007813,97.58336639404297,97.2248306274414,0.196,0.1,0.7638743455497382,0.2361256544502618,13593,121698,0.11169452250653257,150.73717196309718,391.00457763671875,NA,0.1285979899589782,0.10130238501265061,NA,-0.08742866806089757,-0.5932949179953625,-0.5955470161306204,-0.24254268301213883
2,2022,DHS 2022,112,Kwaebibirem,GHA6.18_2,Eastern,kwaebibirem,807.3522835481721,183.19886779785156,181.85256958007813,97.58336639404297,97.2248306274414,0.196,0.1,0.7638743455497382,0.2361256544502618,13593,121698,0.11169452250653257,150.73717196309718,575.68865966796875,NA,0.1285979899589782,0.6600253574232149,NA,-0.08742866806089757,-0.5932949179953625,-0.5955470161306204,-0.24254268301213883
1,2014,DHS 2014,113,Kwahu Afram Plains North,GHA6.19_2,Eastern,kwahu afram plains north,2351.7475265741114,108.69708251953125,98.84698486328125,264.4123840332031,237.9638671875,0.485,0.2,0.4935575138310717,0.5064424861689283,9160,66555,0.13763053113965892,28.300231741692716,349.5245361328125,NA,-0.6603209999022742,-0.02418678454585273,NA,2.2331305366343766,1.5536989241435102,0.8710917269410675,-1.2824059113795838
2,2022,DHS 2022,113,Kwahu Afram Plains North,GHA6.19_2,Eastern,kwahu afram plains north,2351.7475265741114,108.69708251953125,98.84698486328125,264.4123840332031,237.9638671875,0.485,0.2,0.4935575138310717,0.5064424861689283,9160,66555,0.13763053113965892,28.300231741692716,405.8830871582031,NA,-0.6603209999022742,0.14631419639050403,NA,2.2331305366343766,1.5536989241435102,0.8710917269410675,-1.2824059113795838
1,2014,DHS 2014,114,Kwahu Afram Plains South,GHA6.20_2,Eastern,kwahu afram plains south,3108.9509268268507,122.30359649658203,119.45825958251953,236.42373657226563,231.6636505126953,0.391,0.2,0.5126276981046272,0.48737230189537284,10207,74002,0.1379287046296046,23.80288455550828,348.5476379394531,NA,-0.5162380464239555,-0.02714218522972923,NA,1.8438138912955513,0.8553687471156417,0.7676239890451834,-1.3877706756631183
2,2022,DHS 2022,114,Kwahu Afram Plains South,GHA6.20_2,Eastern,kwahu afram plains south,3108.9509268268507,122.30359649658203,119.45825958251953,236.42373657226563,231.6636505126953,0.391,0.2,0.5126276981046272,0.48737230189537284,10207,74002,0.1379287046296046,23.80288455550828,430.7937927246094,NA,-0.5162380464239555,0.22167631371987853,NA,1.8438138912955513,0.8553687471156417,0.7676239890451834,-1.3877706756631183
1,2014,DHS 2014,115,Kwahu East,GHA6.21_2,Eastern,kwahu east,626.1034858742722,271.39971923828125,270.3403015136719,103.9225082397461,104.84835815429688,0.294,0.1,0.7231398390196674,0.2768601609803326,9116,80233,0.11361908441663654,128.14654735225605,317.6599426269531,NA,1.0625799927168988,-0.12058643200023174,NA,7.475627176883914e-4,0.13475143677837276,-0.3745367110117511,-0.3444718963905328
2,2022,DHS 2022,115,Kwahu East,GHA6.21_2,Eastern,kwahu east,626.1034858742722,271.39971923828125,270.3403015136719,103.9225082397461,104.84835815429688,0.294,0.1,0.7231398390196674,0.2768601609803326,9116,80233,0.11361908441663654,128.14654735225605,438.6692199707031,NA,1.0625799927168988,0.24550176782261002,NA,7.475627176883914e-4,0.13475143677837276,-0.3745367110117511,-0.3444718963905328
1,2014,DHS 2014,116,Kwahu South,GHA6.22_2,Eastern,kwahu south,799.5398750685098,368.8117370605469,340.0099792480469,113.91703796386719,116.12622833251953,0.28800000000000003,0.1,0.7226122257558659,0.2773877742441341,9409,79851,0.11783196202927954,99.87119153145157,358.4677429199219,NA,2.0941014577877657,0.002869012705426288,NA,0.13976952829728786,0.09017717015957301,-0.3716740773787294,-0.5007171038205916
2,2022,DHS 2022,116,Kwahu South,GHA6.22_2,Eastern,kwahu south,799.5398750685098,368.8117370605469,340.0099792480469,113.91703796386719,116.12622833251953,0.28800000000000003,0.1,0.7226122257558659,0.2773877742441341,9409,79851,0.11783196202927954,99.87119153145157,451.46087646484375,NA,2.0941014577877657,0.2842002428609288,NA,0.13976952829728786,0.09017717015957301,-0.3716740773787294,-0.5007171038205916
1,2014,DHS 2014,117,Kwahu West,GHA6.23_2,Eastern,kwahu west,402.77973513054786,248.76048278808594,249.86363220214844,74.17903900146484,74.19287872314453,0.151,0.1,0.8062399625537684,0.1937600374462316,17420,145429,0.11978353698368276,361.0633488123824,384.6157531738281,NA,0.822847166385347,0.08197433597423064,NA,-0.41297831241605515,-0.9276019176363635,-0.8254071209461235,0.3073552649907851
2,2022,DHS 2022,117,Kwahu West,GHA6.23_2,Eastern,kwahu west,402.77973513054786,248.76048278808594,249.86363220214844,74.17903900146484,74.19287872314453,0.151,0.1,0.8062399625537684,0.1937600374462316,17420,145429,0.11978353698368276,361.0633488123824,542.1990966796875,NA,0.822847166385347,0.5587097054636854,NA,-0.41297831241605515,-0.9276019176363635,-0.8254071209461235,0.3073552649907851
1,2014,DHS 2014,118,Lower Manya-Krobo,GHA6.24_2,Eastern,lower manya krobo,305.70045181629365,155.82830810546875,149.89353942871094,70.27986145019531,70.84877014160156,0.198,0.1,0.7747018263138278,0.22529817368617222,11754,121849,0.09646365583632201,398.5895319291953,329.3410339355469,NA,-0.16123606198736185,-0.08524773910826731,NA,-0.46721511417503025,-0.5784368291224291,-0.6542929058242537,0.3697125276498281
2,2022,DHS 2022,118,Lower Manya-Krobo,GHA6.24_2,Eastern,lower manya krobo,305.70045181629365,155.82830810546875,149.89353942871094,70.27986145019531,70.84877014160156,0.198,0.1,0.7747018263138278,0.22529817368617222,11754,121849,0.09646365583632201,398.5895319291953,436.0749816894531,NA,-0.16123606198736185,0.23765344376728612,NA,-0.46721511417503025,-0.5784368291224291,-0.6542929058242537,0.3697125276498281
1,2014,DHS 2014,119,New Juaben North,GHA6.25_2,Eastern,new juaben north,105.97108970797363,204.94894409179688,208.89308166503906,12.964248657226563,14.526915550231934,0.106,0,0.8884175393003644,0.11158246069963562,8348,88716,0.09409802065016457,837.1717252740933,401.1595764160156,NA,0.3589152656473732,0.13202420489225639,NA,-1.2644641462777848,-1.2619089172773645,-1.2712721346117966,0.8381161319705737
2,2022,DHS 2022,119,New Juaben North,GHA6.25_2,Eastern,new juaben north,105.97108970797363,204.94894409179688,208.89308166503906,12.964248657226563,14.526915550231934,0.106,0,0.8884175393003644,0.11158246069963562,8348,88716,0.09409802065016457,837.1717252740933,559.47161865234375,NA,0.3589152656473732,0.6109640996239593,NA,-1.2644641462777848,-1.2619089172773645,-1.2712721346117966,0.8381161319705737
1,2014,DHS 2014,120,New Juaben South,GHA6.26_2,Eastern,new juaben south,54.47694421146031,201.7653045654297,210.5786895751953,3.701594829559326,4.7576093673706055,0.085,0,0.897344148963888,0.10265585103611197,11441,129741,0.08818338073546528,2381.5763141264156,373.435302734375,NA,0.3252028697652999,0.04815022707586199,NA,-1.3933058604104567,-1.4179188504431646,-1.3197046036281086,1.4986964805366052
2,2022,DHS 2022,120,New Juaben South,GHA6.26_2,Eastern,new juaben south,54.47694421146031,201.7653045654297,210.5786895751953,3.701594829559326,4.7576093673706055,0.085,0,0.897344148963888,0.10265585103611197,11441,129741,0.08818338073546528,2381.5763141264156,534.85125732421875,NA,0.3252028697652999,0.5364803579187889,NA,-1.3933058604104567,-1.4179188504431646,-1.3197046036281086,1.4986964805366052
1,2014,DHS 2014,121,Nsawam Adoagyiri,GHA6.27_2,Eastern,nsawam adoagyiri,175.84461839077977,77.702117919921875,78.41448974609375,51.37846755981445,50.05256271362305,0.13,0.1,0.8192600010462519,0.18073999895374815,17649,155597,0.11342763677962943,884.8550579706485,366.4288024902344,NA,-0.9885348282200861,0.026953529452841088,NA,-0.7301298288607238,-1.083611850802164,-0.8960490146378742,0.873101893031316
2,2022,DHS 2022,121,Nsawam Adoagyiri,GHA6.27_2,Eastern,nsawam adoagyiri,175.84461839077977,77.702117919921875,78.41448974609375,51.37846755981445,50.05256271362305,0.13,0.1,0.8192600010462519,0.18073999895374815,17649,155597,0.11342763677962943,884.8550579706485,566.120361328125,NA,-0.9885348282200861,0.6310784767253755,NA,-0.7301298288607238,-1.083611850802164,-0.8960490146378742,0.873101893031316
1,2014,DHS 2014,122,Okere,GHA6.28_2,Eastern,okere,308.07056201486654,218.4153289794922,213.29135131835938,28.6820125579834,30.94053840637207,0.24,0.1,0.7517901358495617,0.24820986415043833,5682,51675,0.10995645863570391,167.73754578182098,370.4916076660156,NA,0.5015143553603941,0.039244694772402444,NA,-1.0458331058671824,-0.2664169627908283,-0.5299825819331706,-0.17539507861398884
2,2022,DHS 2022,122,Okere,GHA6.28_2,Eastern,okere,308.07056201486654,218.4153289794922,213.29135131835938,28.6820125579834,30.94053840637207,0.24,0.1,0.7517901358495617,0.24820986415043833,5682,51675,0.10995645863570391,167.73754578182098,534.46026611328125,NA,0.5015143553603941,0.5352974959787737,NA,-1.0458331058671824,-0.2664169627908283,-0.5299825819331706,-0.17539507861398884
1,2014,DHS 2014,123,Suhum,GHA6.29_2,Eastern,suhum,360.68278081764163,182.94686889648438,186.85890197753906,31.443788528442383,34.14976501464844,0.17600000000000002,0.1,0.781191371752281,0.21880862824771896,13904,126403,0.10999738930246909,350.4547672429873,404.1126403808594,NA,0.12592950734517164,0.14095808082790331,NA,-1.0074173389925205,-0.7418758067246961,-0.689502769392296,0.28855160996146023
2,2022,DHS 2022,123,Suhum,GHA6.29_2,Eastern,suhum,360.68278081764163,182.94686889648438,186.85890197753906,31.443788528442383,34.14976501464844,0.17600000000000002,0.1,0.781191371752281,0.21880862824771896,13904,126403,0.10999738930246909,350.4547672429873,598.40008544921875,NA,0.12592950734517164,0.7287340148268062,NA,-1.0074173389925205,-0.7418758067246961,-0.689502769392296,0.28855160996146023
1,2014,DHS 2014,124,Upper Manya,GHA6.30_2,Eastern,upper manya krobo,863.0561373375441,259.3540954589844,237.92669677734375,77.929107666015625,83.97687530517578,0.327,0.1,0.5874079589641764,0.4125920410358236,8295,70612,0.11747295077323967,81.81623065427947,360.2312927246094,NA,0.9350257158803019,0.008204262923159419,NA,-0.36081558628537075,0.37990990318177364,0.36189406428871207,-0.6254208756968805
2,2022,DHS 2022,124,Upper Manya,GHA6.30_2,Eastern,upper manya krobo,863.0561373375441,259.3540954589844,237.92669677734375,77.929107666015625,83.97687530517578,0.327,0.1,0.5874079589641764,0.4125920410358236,8295,70612,0.11747295077323967,81.81623065427947,452.2684020996094,NA,0.9350257158803019,0.28664324237659705,NA,-0.36081558628537075,0.37990990318177364,0.36189406428871207,-0.6254208756968805
1,2014,DHS 2014,125,Upper West Akim,GHA6.31_2,Eastern,upper west akim,344.11633593518314,108.94043731689453,118.88157653808594,52.79043197631836,54.45337677001953,0.297,0.1,0.6684976319515649,0.33150236804843514,11274,95855,0.11761514787960983,278.554052772592,368.83831787109375,NA,-0.6577440519781874,0.03424301309894615,NA,-0.7104896783054572,0.15703857008777283,-0.07806838758736567,0.14382580911966664
2,2022,DHS 2022,125,Upper West Akim,GHA6.31_2,Eastern,upper west akim,344.11633593518314,108.94043731689453,118.88157653808594,52.79043197631836,54.45337677001953,0.297,0.1,0.6684976319515649,0.33150236804843514,11274,95855,0.11761514787960983,278.554052772592,586.66204833984375,NA,-0.6577440519781874,0.6932230443528821,NA,-0.7104896783054572,0.15703857008777283,-0.07806838758736567,0.14382580911966664
1,2014,DHS 2014,126,West Akim,GHA6.32_2,Eastern,west akim,477.3142221497948,215.1494903564453,215.93374633789063,68.04346466064453,68.3955307006836,0.237,0.1,0.7320420564876353,0.2679579435123647,12687,117681,0.10780839727738548,246.54827897222881,411.8931579589844,NA,0.46693153163450757,0.16449640562736856,NA,-0.49832295877415134,-0.2887040961002284,-0.4228368370333514,0.06694358406103505
2,2022,DHS 2022,126,West Akim,GHA6.32_2,Eastern,west akim,477.3142221497948,215.1494903564453,215.93374633789063,68.04346466064453,68.3955307006836,0.237,0.1,0.7320420564876353,0.2679579435123647,12687,117681,0.10780839727738548,246.54827897222881,648.645751953125,NA,0.46693153163450757,0.8807417451685158,NA,-0.49832295877415134,-0.2887040961002284,-0.4228368370333514,0.06694358406103505
1,2014,DHS 2014,127,Yilo-Krobo,GHA6.33_2,Eastern,yilo krobo,485.6849578649172,296.4372253417969,272.3747863769531,41.30921936035156,41.1212272644043,0.215,0.1,0.7567504042721221,0.24324959572787785,13140,122398,0.10735469533815913,252.01109900142794,350.7716979980469,NA,1.327708726881319,-0.020413757781678508,NA,-0.8701911139074571,-0.45214307370249546,-0.5568951563308082,0.08074540817089976
2,2022,DHS 2022,127,Yilo-Krobo,GHA6.33_2,Eastern,yilo krobo,485.6849578649172,296.4372253417969,272.3747863769531,41.30921936035156,41.1212272644043,0.215,0.1,0.7567504042721221,0.24324959572787785,13140,122398,0.10735469533815913,252.01109900142794,483.3435363769531,NA,1.327708726881319,0.3806545464399167,NA,-0.8701911139074571,-0.45214307370249546,-0.5568951563308082,0.08074540817089976
1,2014,DHS 2014,128,Ablekuma Central,GHA7.1_2,Greater Accra,ablekuma central,14.154637507231136,21.89466667175293,22.30959129333496,45.47600555419922,45.534481048583984,0.094,0,0.8651559134750445,0.1348440865249555,15757,169145,0.09315675899376274,11949.793833546737,202.8694305419922,NA,-1.579494600539104,-0.46786106125489507,NA,-0.8122319279519038,-1.3510574505149646,-1.1450631914048939,2.5183643631677297
2,2022,DHS 2022,128,Ablekuma Central,GHA7.1_2,Greater Accra,ablekuma central,14.154637507231136,21.89466667175293,22.30959129333496,45.47600555419922,45.534481048583984,0.094,0,0.8651559134750445,0.1348440865249555,15757,169145,0.09315675899376274,11949.793833546737,298.7024841308594,NA,-1.579494600539104,-0.17793824837656222,NA,-0.8122319279519038,-1.3510574505149646,-1.1450631914048939,2.5183643631677297
1,2014,DHS 2014,129,Ablekuma North,GHA7.2_2,Greater Accra,ablekuma north,29.61972070512832,31.81253433227539,32.48994445800781,44.20707702636719,44.3472900390625,0.083,0,0.919091826724861,0.080908173275139,15080,159208,0.09471885834882669,5375.067563430297,228.0695037841797,NA,-1.4744716926035835,-0.3916235226864303,NA,-0.8298824771011535,-1.432776939316098,-1.4376994268630796,2.0132519364807107
2,2022,DHS 2022,129,Ablekuma North,GHA7.2_2,Greater Accra,ablekuma north,29.61972070512832,31.81253433227539,32.48994445800781,44.20707702636719,44.3472900390625,0.083,0,0.919091826724861,0.080908173275139,15080,159208,0.09471885834882669,5375.067563430297,337.7507629394531,NA,-1.4744716926035835,-0.0598058670500421,NA,-0.8298824771011535,-1.432776939316098,-1.4376994268630796,2.0132519364807107
1,2014,DHS 2014,130,Ablekuma West,GHA7.3_2,Greater Accra,ablekuma west,12.95675141006073,17.880653381347656,17.940465927124023,49.78162384033203,49.90066909790039,0.08900000000000001,0,0.9071181457779626,0.09288185422203743,15335,153490,0.0999087888461789,11846.333632735843,229.80255126953125,NA,-1.6220000425030254,-0.38638055084124207,NA,-0.7523416145808774,-1.3882026726972978,-1.3727346806345604,2.5128665342454983
2,2022,DHS 2022,130,Ablekuma West,GHA7.3_2,Greater Accra,ablekuma west,12.95675141006073,17.880653381347656,17.940465927124023,49.78162384033203,49.90066909790039,0.08900000000000001,0,0.9071181457779626,0.09288185422203743,15335,153490,0.0999087888461789,11846.333632735843,339.5150451660156,NA,-1.6220000425030254,-0.054468401043473474,NA,-0.7523416145808774,-1.3882026726972978,-1.3727346806345604,2.5128665342454983
1,2014,DHS 2014,131,Accra,GHA7.4_2,Greater Accra,accra metropolitan area,5.64259246186301,17.921489715576172,17.921489715576172,45.79651641845703,45.7965202331543,0.111,0,0.8166919611286363,0.1833080388713637,23553,284124,0.08289690416860244,50353.45046099449,-1102.4854736328125,NA,-1.6215676158245391,-4.416938664964377,NA,-0.8077736841356691,-1.2247636950950311,-0.8821157837214603,3.4278046916854756
2,2022,DHS 2022,131,Accra,GHA7.4_2,Greater Accra,accra metropolitan area,5.64259246186301,17.921489715576172,17.921489715576172,45.79651641845703,45.7965202331543,0.111,0,0.8166919611286363,0.1833080388713637,23553,284124,0.08289690416860244,50353.45046099449,-1020.36279296875,NA,-1.6215676158245391,-4.16849371108262,NA,-0.8077736841356691,-1.2247636950950311,-0.8821157837214603,3.4278046916854756
1,2014,DHS 2014,132,Ada East,GHA7.5_2,Greater Accra,ada east,290.9753184328601,5.519522666931152,5.575595378875732,113.822509765625,114.04922485351563,0.282,0.1,0.6550470026198182,0.3449529973801818,8999,76411,0.11777100155736739,262.60302905255224,177.3982391357422,NA,-1.7528953052182685,-0.5449188109906322,NA,0.13845465943551333,0.04560290354077243,-0.0050902679075400465,0.10667690846139083
2,2022,DHS 2022,132,Ada East,GHA7.5_2,Greater Accra,ada east,290.9753184328601,5.519522666931152,5.575595378875732,113.822509765625,114.04922485351563,0.282,0.1,0.6550470026198182,0.3449529973801818,8999,76411,0.11777100155736739,262.60302905255224,217.09133911132813,NA,-1.7528953052182685,-0.4248356584057957,NA,0.13845465943551333,0.04560290354077243,-0.0050902679075400465,0.10667690846139083
1,2014,DHS 2014,133,Ada West,GHA7.6_2,Greater Accra,ada west,325.09183342536915,18.4268741607666,18.327213287353516,101.78289794921875,101.8934326171875,0.401,0.2,0.5979776069412103,0.40202239305878973,10922,76087,0.1435462036878836,234.04771260569726,187.5459442138672,NA,-1.6162159670754286,-0.5142190566748466,NA,-0.02901400049479251,0.9296591914803086,0.30454707954792914,0.03417926901171219
2,2022,DHS 2022,133,Ada West,GHA7.6_2,Greater Accra,ada west,325.09183342536915,18.4268741607666,18.327213287353516,101.78289794921875,101.8934326171875,0.401,0.2,0.5979776069412103,0.40202239305878973,10922,76087,0.1435462036878836,234.04771260569726,245.59393310546875,NA,-1.6162159670754286,-0.3386070356535484,NA,-0.02901400049479251,0.9296591914803086,0.30454707954792914,0.03417926901171219
1,2014,DHS 2014,134,Adenta,GHA7.7_2,Greater Accra,adentan,78.29816416969413,51.45619583129883,50.90283966064453,39.49184036254883,39.13934326171875,0.083,0,0.9189772566988234,0.08102274330117665,26176,265971,0.09841674468269097,3396.899567447917,236.08505249023438,NA,-1.266459796927634,-0.3673741604821082,NA,-0.8954705024781722,-1.432776939316098,-1.4370778124489376,1.723149692232024
2,2022,DHS 2022,134,Adenta,GHA7.7_2,Greater Accra,adentan,78.29816416969413,51.45619583129883,50.90283966064453,39.49184036254883,39.13934326171875,0.083,0,0.9189772566988234,0.08102274330117665,26176,265971,0.09841674468269097,3396.899567447917,313.09161376953125,NA,-1.266459796927634,-0.13440695323895882,NA,-0.8954705024781722,-1.432776939316098,-1.4370778124489376,1.723149692232024
1,2014,DHS 2014,135,Ashaiman,GHA7.8_2,Greater Accra,ashaiman,18.630458521925956,31.916603088378906,31.902441024780273,50.95823287963867,50.95834732055664,0.075,0,0.8698228777392035,0.13017712226079647,21637,208060,0.1039940401807171,11167.733727816563,182.7901153564453,NA,-1.4733696811868826,-0.5286068198554604,NA,-0.735975211570603,-1.4922092948078316,-1.1703844063615354,2.4755701681079025
2,2022,DHS 2022,135,Ashaiman,GHA7.8_2,Greater Accra,ashaiman,18.630458521925956,31.916603088378906,31.902441024780273,50.95823287963867,50.95834732055664,0.075,0,0.8698228777392035,0.13017712226079647,21637,208060,0.1039940401807171,11167.733727816563,240.3505096435547,NA,-1.4733696811868826,-0.35446991408912576,NA,-0.735975211570603,-1.4922092948078316,-1.1703844063615354,2.4755701681079025
1,2014,DHS 2014,136,Ayawaso Central,GHA7.9_2,Greater Accra,ayawaso central,1.563559892532901,28.012706756591797,28.030649185180664,43.250770568847656,43.2500114440918,0.122,0.1,0.8977796694332127,0.10222033056678725,8113,94831,0.08555219284833018,60650.69873746747,184.3102569580078,NA,-1.5147090657276818,-0.5240079501273902,NA,-0.8431845140244085,-1.1430442062938975,-1.3220675759582117,3.545452127324953
2,2022,DHS 2022,136,Ayawaso Central,GHA7.9_2,Greater Accra,ayawaso central,1.563559892532901,28.012706756591797,28.030649185180664,43.250770568847656,43.2500114440918,0.122,0.1,0.8977796694332127,0.10222033056678725,8113,94831,0.08555219284833018,60650.69873746747,273.4919738769531,NA,-1.5147090657276818,-0.25420736193593274,NA,-0.8431845140244085,-1.1430442062938975,-1.3220675759582117,3.545452127324953
1,2014,DHS 2014,137,Ayawaso East,GHA7.10_2,Greater Accra,ayawaso east,6.221482408667499,46.2012939453125,46.261619567871094,40.71084976196289,40.700923919677734,0.154,0.1,0.7851054762412103,0.2148945237587897,4674,53004,0.08818202399818882,8519.51295822313,144.61598205566406,NA,-1.3221053344436149,-0.644094657206817,NA,-0.8785143187012058,-0.9053147843269634,-0.710739246793263,2.304441540250203
2,2022,DHS 2022,137,Ayawaso East,GHA7.10_2,Greater Accra,ayawaso east,6.221482408667499,46.2012939453125,46.261619567871094,40.71084976196289,40.700923919677734,0.154,0.1,0.7851054762412103,0.2148945237587897,4674,53004,0.08818202399818882,8519.51295822313,207.22561645507813,NA,-1.3221053344436149,-0.45468233401991565,NA,-0.8785143187012058,-0.9053147843269634,-0.710739246793263,2.304441540250203
1,2014,DHS 2014,138,Ayawaso North,GHA7.11_2,Greater Accra,ayawaso north,4.956904403859984,25.584457397460938,25.611093521118164,41.212650299072266,41.187870025634766,0.139,0.1,0.8396438895490095,0.16035611045099052,5707,63386,0.09003565456094406,12787.416265409673,185.30833435058594,NA,-1.5404224365466521,-0.520988476216354,NA,-0.871534370777345,-1.0167504508739635,-1.0066444238194678,2.5611981491110196
2,2022,DHS 2022,138,Ayawaso North,GHA7.11_2,Greater Accra,ayawaso north,4.956904403859984,25.584457397460938,25.611093521118164,41.212650299072266,41.187870025634766,0.139,0.1,0.8396438895490095,0.16035611045099052,5707,63386,0.09003565456094406,12787.416265409673,268.04254150390625,NA,-1.5404224365466521,-0.2706934771437605,NA,-0.871534370777345,-1.0167504508739635,-1.0066444238194678,2.5611981491110196
1,2014,DHS 2014,139,Ayawaso West,GHA7.12_2,Greater Accra,ayawaso west,32.7656126896672,57.46314239501953,59.05356979370117,38.29863739013672,38.26220703125,0.09300000000000001,0,0.9411747726944725,0.05882522730552753,4565,75303,0.06062175477736611,2298.2326231228135,188.88690185546875,NA,-1.2028506606163718,-0.5101622704529267,NA,-0.9120677238721722,-1.358486494951431,-1.557513290891712,1.47618195079542
2,2022,DHS 2022,139,Ayawaso West,GHA7.12_2,Greater Accra,ayawaso west,32.7656126896672,57.46314239501953,59.05356979370117,38.29863739013672,38.26220703125,0.09300000000000001,0,0.9411747726944725,0.05882522730552753,4565,75303,0.06062175477736611,2298.2326231228135,255.62420654296875,NA,-1.2028506606163718,-0.3082625461477205,NA,-0.9120677238721722,-1.358486494951431,-1.557513290891712,1.47618195079542
1,2014,DHS 2014,140,Ga Central,GHA7.13_2,Greater Accra,ga central,49.204691673835136,45.659271240234375,45.87871170043945,50.02920913696289,52.509498596191406,0.083,0,0.9197711296161452,0.08022887038385484,34959,332232,0.10522466228418695,6752.039057622348,253.28428649902344,NA,-1.3278449553583975,-0.31534148369218606,NA,-0.7488977512339947,-1.432776939316098,-1.4413850720828152,2.15744034621831
2,2022,DHS 2022,140,Ga Central,GHA7.13_2,Greater Accra,ga central,49.204691673835136,45.659271240234375,45.87871170043945,50.02920913696289,52.509498596191406,0.083,0,0.9197711296161452,0.08022887038385484,34959,332232,0.10522466228418695,6752.039057622348,367.4030456542969,NA,-1.3278449553583975,0.02990089790218892,NA,-0.7488977512339947,-1.432776939316098,-1.4413850720828152,2.15744034621831
1,2014,DHS 2014,141,Ga East,GHA7.14_2,Greater Accra,ga east,86.06428024909081,71.37736511230469,85.53900909423828,41.29620361328125,40.975101470947266,0.10099999999999999,0,0.9242439421200476,0.07575605787995243,27430,283379,0.0967961634418923,3292.6435819811973,250.6434326171875,NA,-1.0555092983950909,-0.32333083347443575,NA,-0.8703721604190138,-1.299054139459698,-1.4656528916892024,1.7034450835560313
2,2022,DHS 2022,141,Ga East,GHA7.14_2,Greater Accra,ga east,86.06428024909081,71.37736511230469,85.53900909423828,41.29620361328125,40.975101470947266,0.10099999999999999,0,0.9242439421200476,0.07575605787995243,27430,283379,0.0967961634418923,3292.6435819811973,348.7455139160156,NA,-1.0555092983950909,-0.026543552946006285,NA,-0.8703721604190138,-1.299054139459698,-1.4656528916892024,1.7034450835560313
1,2014,DHS 2014,142,Ga North,GHA7.15_2,Greater Accra,ga north,125.34219483182177,96.98589324951172,109.50060272216797,47.83225631713867,48.53804016113281,0.105,0,0.9082621303668933,0.0917378696331067,23754,235292,0.10095540859867738,1877.1970629340237,320.454345703125,NA,-0.7843338618016562,-0.11213255132107396,NA,-0.7794569378819153,-1.2693379617138312,-1.3789415161798546,1.348289574728559
2,2022,DHS 2022,142,Ga North,GHA7.15_2,Greater Accra,ga north,125.34219483182177,96.98589324951172,109.50060272216797,47.83225631713867,48.53804016113281,0.105,0,0.9082621303668933,0.0917378696331067,23754,235292,0.10095540859867738,1877.1970629340237,442.107666015625,NA,-0.7843338618016562,0.25590406548444655,NA,-0.7794569378819153,-1.2693379617138312,-1.3789415161798546,1.348289574728559
1,2014,DHS 2014,143,Ga South,GHA7.16_2,Greater Accra,ga south,179.03315819740632,55.04086685180664,56.794525146484375,57.294288635253906,56.70964050292969,0.158,0.1,0.8333088809010943,0.16669111909890566,41168,350121,0.11758220729404976,1955.6209783996999,307.73248291015625,NA,-1.2285007731281483,-0.150619880148277,NA,-0.6478419077052202,-0.8755986065810966,-0.9722730194875453,1.3741551575920374
2,2022,DHS 2022,143,Ga South,GHA7.16_2,Greater Accra,ga south,179.03315819740632,55.04086685180664,56.794525146484375,57.294288635253906,56.70964050292969,0.158,0.1,0.8333088809010943,0.16669111909890566,41168,350121,0.11758220729404976,1955.6209783996999,444.823974609375,NA,-1.2285007731281483,0.26412168767901967,NA,-0.6478419077052202,-0.8755986065810966,-0.9722730194875453,1.3741551575920374
1,2014,DHS 2014,144,Ga West,GHA7.17_2,Greater Accra,ga west,175.6960705145166,44.08665084838867,43.83241653442383,59.51313400268555,60.46781539916992,0.105,0,0.8675930332867299,0.13240696671327012,36929,314299,0.11749639674322858,1788.8789378134188,313.4291687011719,NA,-1.3444978461090726,-0.1333857515594,NA,-0.6169781999758741,-1.2693379617138312,-1.1582860984454935,1.3178349385619814
2,2022,DHS 2022,144,Ga West,GHA7.17_2,Greater Accra,ga west,175.6960705145166,44.08665084838867,43.83241653442383,59.51313400268555,60.46781539916992,0.105,0,0.8675930332867299,0.13240696671327012,36929,314299,0.11749639674322858,1788.8789378134188,456.5719299316406,NA,-1.3444978461090726,0.2996626636267578,NA,-0.6169781999758741,-1.2693379617138312,-1.1582860984454935,1.3178349385619814
1,2014,DHS 2014,145,Korle-Klottey,GHA7.18_2,Greater Accra,korle klottey,9.915642296243949,27.476781845092773,27.463436126708984,43.960758209228516,43.958030700683594,0.106,0,0.8945601523224158,0.10543984767758419,4890,68633,0.07124852476214066,6921.689785642855,-4351.36962890625,NA,-1.5203841155032247,-14.245756570044087,NA,-0.8333087239644967,-1.2619089172773645,-1.3045996717265163,2.1731289928341035
2,2022,DHS 2022,145,Korle-Klottey,GHA7.18_2,Greater Accra,korle klottey,9.915642296243949,27.476781845092773,27.463436126708984,43.960758209228516,43.958030700683594,0.106,0,0.8945601523224158,0.10543984767758419,4890,68633,0.07124852476214066,6921.689785642855,-4287.66064453125,NA,-1.5203841155032247,-14.053018393977375,NA,-0.8333087239644967,-1.2619089172773645,-1.3045996717265163,2.1731289928341035
1,2014,DHS 2014,146,Kpone-Katamanso,GHA7.19_2,Greater Accra,kpone katamanso,240.97973502912188,51.52326583862305,54.45162582397461,50.72712707519531,50.07268524169922,0.105,0,0.8916729956131899,0.10832700438681009,49123,412828,0.11899144437877275,1713.1233045389092,246.98390197753906,NA,-1.2657495749882464,-0.33440197622872003,NA,-0.7391898483846823,-1.2693379617138312,-1.2889350316071875,1.2904900479004078
2,2022,DHS 2022,146,Kpone-Katamanso,GHA7.19_2,Greater Accra,kpone katamanso,240.97973502912188,51.52326583862305,54.45162582397461,50.72712707519531,50.07268524169922,0.105,0,0.8916729956131899,0.10832700438681009,49123,412828,0.11899144437877275,1713.1233045389092,329.5773620605469,NA,-1.2657495749882464,-0.08453277791068087,NA,-0.7391898483846823,-1.2693379617138312,-1.2889350316071875,1.2904900479004078
1,2014,DHS 2014,147,Krowor,GHA7.20_2,Greater Accra,krowor,18.423804753138416,25.23773765563965,27.00244903564453,48.92240905761719,48.3521842956543,0.124,0.1,0.9197357555739059,0.08026424442609414,12774,143012,0.0893211758453836,7762.348869640432,205.01083374023438,NA,-1.5440939430409024,-0.46138269480938343,NA,-0.7642931251816997,-1.128186117420964,-1.4411931456662568,2.2455973167994836
2,2022,DHS 2022,147,Krowor,GHA7.20_2,Greater Accra,krowor,18.423804753138416,25.23773765563965,27.00244903564453,48.92240905761719,48.3521842956543,0.124,0.1,0.9197357555739059,0.08026424442609414,12774,143012,0.0893211758453836,7762.348869640432,297.1593933105469,NA,-1.5440939430409024,-0.18260654615481128,NA,-0.7642931251816997,-1.128186117420964,-1.4411931456662568,2.2455973167994836
1,2014,DHS 2014,148,La-Dade-Kotopon,GHA7.21_2,Greater Accra,la dade kotopon,36.2004149117849,34.46162033081055,34.67494201660156,42.757293701171875,42.76075744628906,0.08900000000000001,0,0.9385073047131838,0.061492695286816224,12274,140264,0.08750641647179604,3874.651722688892,155.4064178466797,NA,-1.4464198245548845,-0.6114504558633496,NA,-0.8500486813245247,-1.3882026726972978,-1.543040600225772,1.8063336992263088
2,2022,DHS 2022,148,La-Dade-Kotopon,GHA7.21_2,Greater Accra,la dade kotopon,36.2004149117849,34.46162033081055,34.67494201660156,42.757293701171875,42.76075744628906,0.08900000000000001,0,0.9385073047131838,0.061492695286816224,12274,140264,0.08750641647179604,3874.651722688892,224.54592895507813,NA,-1.4464198245548845,-0.4022833596381258,NA,-0.8500486813245247,-1.3882026726972978,-1.543040600225772,1.8063336992263088
1,2014,DHS 2014,149,La-Nkwantanang-Madina,GHA7.22_2,Greater Accra,la nkwantanang madina,71.21508563875449,79.37703704833984,82.16322326660156,34.56948471069336,34.58818435668945,0.113,0,0.9124488410834379,0.08755115891656207,21585,220757,0.09777719392816536,3099.86287343403,302.18756103515625,NA,-0.9707986692548417,-0.16739487882553247,NA,-0.9639395127159676,-1.2099056062220976,-1.4016570537358306,1.6653081188776082
2,2022,DHS 2022,149,La-Nkwantanang-Madina,GHA7.22_2,Greater Accra,la nkwantanang madina,71.21508563875449,79.37703704833984,82.16322326660156,34.56948471069336,34.58818435668945,0.113,0,0.9124488410834379,0.08755115891656207,21585,220757,0.09777719392816536,3099.86287343403,408.4161376953125,NA,-0.9707986692548417,0.15397740975352928,NA,-0.9639395127159676,-1.2099056062220976,-1.4016570537358306,1.6653081188776082
1,2014,DHS 2014,150,Ledzokuku,GHA7.23_2,Greater Accra,ledzokuku,29.371074324494586,27.771663665771484,29.958223342895508,46.880615234375,46.44894027709961,0.113,0,0.9036316472114138,0.09636835278858624,20134,217304,0.09265360968965136,7398.571723975893,208.162109375,NA,-1.5172615343834674,-0.45184917102013067,NA,-0.7926940803492402,-1.2099056062220976,-1.3538182341711518,2.2152518481067878
2,2022,DHS 2022,150,Ledzokuku,GHA7.23_2,Greater Accra,ledzokuku,29.371074324494586,27.771663665771484,29.958223342895508,46.880615234375,46.44894027709961,0.113,0,0.9036316472114138,0.09636835278858624,20134,217304,0.09265360968965136,7398.571723975893,306.0032958984375,NA,-1.5172615343834674,-0.1558511729398115,NA,-0.7926940803492402,-1.2099056062220976,-1.3538182341711518,2.2152518481067878
1,2014,DHS 2014,151,Ningo-Prampram,GHA7.24_2,Greater Accra,ningo prampram,624.9538486188635,27.484081268310547,23.924083709716797,71.21430206298828,80.86754608154297,0.19399999999999998,0.1,0.7964454096065378,0.20355459039346224,24333,204673,0.11888720055894036,327.50098339633166,194.64207458496094,NA,-1.5203068199918486,-0.49275120189308197,NA,-0.4542172269013188,-0.608153006868296,-0.7722655139949663,0.2458448479418062
2,2022,DHS 2022,151,Ningo-Prampram,GHA7.24_2,Greater Accra,ningo prampram,624.9538486188635,27.484081268310547,23.924083709716797,71.21430206298828,80.86754608154297,0.19399999999999998,0.1,0.7964454096065378,0.20355459039346224,24333,204673,0.11888720055894036,327.50098339633166,264.7835388183594,NA,-1.5203068199918486,-0.28055290654090076,NA,-0.4542172269013188,-0.608153006868296,-0.7722655139949663,0.2458448479418062
1,2014,DHS 2014,152,Okaikwei North,GHA7.25_2,Greater Accra,okaikoi north,22.530778567514044,51.978370666503906,53.525115966796875,41.13481903076172,41.21805953979492,0.111,0,0.9105247300677546,0.08947526993224542,14126,160446,0.08804208269448911,7121.191996060834,185.41082763671875,NA,-1.2609303503246836,-0.5206784042661868,NA,-0.8726169885895639,-1.2247636950950311,-1.3912175419095407,2.1910935613570497
2,2022,DHS 2022,152,Okaikwei North,GHA7.25_2,Greater Accra,okaikoi north,22.530778567514044,51.978370666503906,53.525115966796875,41.13481903076172,41.21805953979492,0.111,0,0.9105247300677546,0.08947526993224542,14126,160446,0.08804208269448911,7121.191996060834,262.0707702636719,NA,-1.2609303503246836,-0.2887598190894356,NA,-0.8726169885895639,-1.2247636950950311,-1.3912175419095407,2.1910935613570497
1,2014,DHS 2014,153,Shai Osudoku,GHA7.26_2,Greater Accra,shai osudoku,972.800484075975,42.73530960083008,39.60144805908203,78.82581329345703,85.380157470703125,0.235,0.1,0.7476460345802788,0.2523539654197212,12597,105610,0.11927847741691128,108.56285716213927,255.804443359375,NA,-1.3588075538294861,-0.307717277445119,NA,-0.348342585322421,-0.3035621849731618,-0.507498227414439,-0.4484543724488986
2,2022,DHS 2022,153,Shai Osudoku,GHA7.26_2,Greater Accra,shai osudoku,972.800484075975,42.73530960083008,39.60144805908203,78.82581329345703,85.380157470703125,0.235,0.1,0.7476460345802788,0.2523539654197212,12597,105610,0.11927847741691128,108.56285716213927,364.5198974609375,NA,-1.3588075538294861,0.021178537475796975,NA,-0.348342585322421,-0.3035621849731618,-0.507498227414439,-0.4484543724488986
1,2014,DHS 2014,154,Tema,GHA7.27_2,Greater Accra,tema metropolitan area,42.83202310896013,16.99384307861328,17.41116714477539,53.52804946899414,53.37959289550781,0.11599999999999999,0.1,0.8736906569361691,0.1263093430638309,16487,177924,0.09266315955126908,4153.994770393642,180.3877716064453,NA,-1.6313907099295593,-0.5358746072358846,NA,-0.7002295623712178,-1.1876184729126975,-1.1913695399318351,1.850340577928671
2,2022,DHS 2022,154,Tema,GHA7.27_2,Greater Accra,tema metropolitan area,42.83202310896013,16.99384307861328,17.41116714477539,53.52804946899414,53.37959289550781,0.11599999999999999,0.1,0.8736906569361691,0.1263093430638309,16487,177924,0.09266315955126908,4153.994770393642,242.6602325439453,NA,-1.6313907099295593,-0.3474823316718569,NA,-0.7002295623712178,-1.1876184729126975,-1.1913695399318351,1.850340577928671
1,2014,DHS 2014,155,Tema West,GHA7.28_2,Greater Accra,tema west,45.37900452313031,23.68500328063965,23.440502166748047,47.77531814575195,47.514190673828125,0.08199999999999999,0,0.9377722068830073,0.06222779311699267,18825,196224,0.09593627690802348,4324.114247591789,185.1143035888672,NA,-1.5605362555314235,-0.5215754756086906,NA,-0.7802489367774297,-1.440205983752565,-1.5390522323878166,1.8757134031969485
2,2022,DHS 2022,155,Tema West,GHA7.28_2,Greater Accra,tema west,45.37900452313031,23.68500328063965,23.440502166748047,47.77531814575195,47.514190673828125,0.08199999999999999,0,0.9377722068830073,0.06222779311699267,18825,196224,0.09593627690802348,4324.114247591789,259.3172607421875,NA,-1.5605362555314235,-0.29708998489194494,NA,-0.7802489367774297,-1.440205983752565,-1.5390522323878166,1.8757134031969485
1,2014,DHS 2014,156,Weija Gbawe,GHA7.29_2,Greater Accra,weija gbawe,164.42146254076226,23.66759490966797,32.29573440551758,50.4306640625,49.65352249145508,0.087,0,0.9101620029455081,0.08983799705449191,22520,213674,0.10539419863904827,1299.5505373699457,281.7268981933594,NA,-1.5607205973480767,-0.22929432481311238,NA,-0.7433135912604559,-1.4030607615702315,-1.3892495192478838,1.115901186919271
2,2022,DHS 2022,156,Weija Gbawe,GHA7.29_2,Greater Accra,weija gbawe,164.42146254076226,23.66759490966797,32.29573440551758,50.4306640625,49.65352249145508,0.087,0,0.9101620029455081,0.08983799705449191,22520,213674,0.10539419863904827,1299.5505373699457,410.9850769042969,NA,-1.5607205973480767,0.16174919676949379,NA,-0.7433135912604559,-1.4030607615702315,-1.3892495192478838,1.115901186919271
1,2014,DHS 2014,157,Bunkpurugu Nakpanduri,GHA8.1_2,North East,bunkpurugu nakpanduri,772.4984480548159,281.3302307128906,280.6486511230469,92.40159606933594,92.39740753173828,0.38299999999999995,0.2,0.5420606549815498,0.45793934501845024,10765,82384,0.13066857642260632,106.64616894370006,351.4050598144531,NA,1.16773678932368,-0.018497654386184056,NA,-0.15950608596923843,0.7959363916239077,0.6079316953600467,-0.45961382352265023
2,2022,DHS 2022,157,Bunkpurugu Nakpanduri,GHA8.1_2,North East,bunkpurugu nakpanduri,772.4984480548159,281.3302307128906,280.6486511230469,92.40159606933594,92.39740753173828,0.38299999999999995,0.2,0.5420606549815498,0.45793934501845024,10765,82384,0.13066857642260632,106.64616894370006,254.7864532470703,NA,1.16773678932368,-0.31079699311512027,NA,-0.15950608596923843,0.7959363916239077,0.6079316953600467,-0.45961382352265023
1,2014,DHS 2014,158,Chereponi,GHA8.2_2,North East,chereponi,1380.3905931926295,155.23373413085938,156.77774047851563,139.8685302734375,139.61605834960938,0.5379999999999999,0.2,0.27150892711378916,0.7284910728862108,16512,87176,0.18940992933835,63.15313971995088,401.03118896484375,NA,-0.16753216211025534,0.13163579557430105,NA,0.5007497414926209,1.9474382792762441,2.075844897704838,-0.7868811089015444
2,2022,DHS 2022,158,Chereponi,GHA8.2_2,North East,chereponi,1380.3905931926295,155.23373413085938,156.77774047851563,139.8685302734375,139.61605834960938,0.5379999999999999,0.2,0.27150892711378916,0.7284910728862108,16512,87176,0.18940992933835,63.15313971995088,293.7362365722656,NA,-0.16753216211025534,-0.19296258922470685,NA,0.5007497414926209,1.9474382792762441,2.075844897704838,-0.7868811089015444
1,2014,DHS 2014,159,East Mamprusi,GHA8.3_2,North East,east mamprusi,1714.307537911218,256.64111328125,256.49127197265625,101.67346954345703,103.06726837158203,0.547,0.3,0.3394110056721955,0.6605889943278045,32450,188006,0.17260087444017744,109.66877053406307,332.0293273925781,NA,0.9062972343925891,-0.0771148708366519,NA,-0.03053612834664338,2.014299679204445,1.7074334358077756,-0.4421039440160403
2,2022,DHS 2022,159,East Mamprusi,GHA8.3_2,North East,east mamprusi,1714.307537911218,256.64111328125,256.49127197265625,101.67346954345703,103.06726837158203,0.547,0.3,0.3394110056721955,0.6605889943278045,32450,188006,0.17260087444017744,109.66877053406307,250.8404998779297,NA,0.9062972343925891,-0.32273464779088534,NA,-0.03053612834664338,2.014299679204445,1.7074334358077756,-0.4421039440160403
1,2014,DHS 2014,160,Mamprugu Moagduri,GHA8.4_2,North East,mamprugu moagduri,2130.896998412886,156.01724243164063,156.61354064941406,181.9618377685547,183.8512725830078,0.445,0.2,0.23601253397765026,0.7639874660223498,13284,68746,0.19323306083263025,32.26153120080544,260.6950378417969,NA,-0.15923538673915397,-0.2929218091187741,NA,1.0862594660366927,1.2565371466848427,2.2684351447929196,-1.202225541984408
2,2022,DHS 2022,160,Mamprugu Moagduri,GHA8.4_2,North East,mamprugu moagduri,2130.896998412886,156.01724243164063,156.61354064941406,181.9618377685547,183.8512725830078,0.445,0.2,0.23601253397765026,0.7639874660223498,13284,68746,0.19323306083263025,32.26153120080544,254.0791778564453,NA,-0.15923538673915397,-0.31293670653393013,NA,1.0862594660366927,1.2565371466848427,2.2684351447929196,-1.202225541984408
1,2014,DHS 2014,161,West Mamprusi,GHA8.5_2,North East,west mamprusi,2622.2860946118185,152.77496337890625,150.9047088623047,79.98412322998047,81.57659912109375,0.415,0.2,0.4103166979684879,0.5896833020315121,30087,175755,0.1711871639498165,67.02357929637624,282.0696716308594,NA,-0.1935687319814973,-0.22825733563810063,NA,-0.3322307192746135,1.0336658135908419,1.3227254812017768,-0.7498397036162239
2,2022,DHS 2022,161,West Mamprusi,GHA8.5_2,North East,west mamprusi,2622.2860946118185,152.77496337890625,150.9047088623047,79.98412322998047,81.57659912109375,0.415,0.2,0.4103166979684879,0.5896833020315121,30087,175755,0.1711871639498165,67.02357929637624,254.80604553222656,NA,-0.1935687319814973,-0.31073772076377076,NA,-0.3322307192746135,1.0336658135908419,1.3227254812017768,-0.7498397036162239
1,2014,DHS 2014,162,Yunyoo-Nasuan,GHA8.6_2,North East,yunyoo nasuan,489.9967513961059,212.02235412597656,215.14695739746094,79.71168518066406,79.89534759521484,0.569,0.3,0.2615691013247404,0.7384308986752596,10161,56879,0.1786423811951687,116.0803614267636,343.06280517578125,NA,0.4338174640066834,-0.04373539689793928,NA,-0.3360202795801105,2.1777386568067114,2.1297747011466535,-0.40649313843044277
2,2022,DHS 2022,162,Yunyoo-Nasuan,GHA8.6_2,North East,yunyoo nasuan,489.9967513961059,212.02235412597656,215.14695739746094,79.71168518066406,79.89534759521484,0.569,0.3,0.2615691013247404,0.7384308986752596,10161,56879,0.1786423811951687,116.0803614267636,243.41546630859375,NA,0.4338174640066834,-0.3451975302465895,NA,-0.3360202795801105,2.1777386568067114,2.1297747011466535,-0.40649313843044277
1,2014,DHS 2014,163,Gushegu,GHA9.1_2,Northern,gushegu,2685.7869964409906,186.4481964111328,186.06300354003906,65.1697769165039,68.00724029541016,0.515,0.2,0.19295846264443392,0.807041537355566,33339,153965,0.21653622576559609,57.3258416263178,421.9803771972656,NA,0.16300598485119003,0.19501317271515622,NA,-0.5382953966656767,1.7765702572375108,2.5020305471317026,-0.8470943000581708
2,2022,DHS 2022,163,Gushegu,GHA9.1_2,Northern,gushegu,2685.7869964409906,186.4481964111328,186.06300354003906,65.1697769165039,68.00724029541016,0.515,0.2,0.19295846264443392,0.807041537355566,33339,153965,0.21653622576559609,57.3258416263178,294.1844482421875,NA,0.16300598485119003,-0.19160661878191862,NA,-0.5382953966656767,1.7765702572375108,2.5020305471317026,-0.8470943000581708
1,2014,DHS 2014,164,Karaga,GHA9.2_2,Northern,karaga,3133.3182207584036,150.58448791503906,151.72467041015625,90.61193084716797,91.18805694580078,0.505,0.2,0.19039353200214357,0.8096064679978564,23852,114225,0.2088159334646531,36.45496306224282,374.79779052734375,NA,-0.21676425251585998,0.05227214825709189,NA,-0.1843999813082831,1.702279812872844,2.515946908274874,-1.1271468581429813
2,2022,DHS 2022,164,Karaga,GHA9.2_2,Northern,karaga,3133.3182207584036,150.58448791503906,151.72467041015625,90.61193084716797,91.18805694580078,0.505,0.2,0.19039353200214357,0.8096064679978564,23852,114225,0.2088159334646531,36.45496306224282,266.6869201660156,NA,-0.21676425251585998,-0.27479462530465765,NA,-0.1843999813082831,1.702279812872844,2.515946908274874,-1.1271468581429813
1,2014,DHS 2014,165,Kpandai,GHA9.3_2,Northern,kpandai,1137.8669284724256,145.61471557617188,144.39456176757813,153.34303283691406,155.05555725097656,0.486,0.2,0.36716423777282065,0.6328357622271794,20294,126213,0.16079167756094856,110.9207033281472,450.1241455078125,NA,-0.2693904783005516,0.28015624358708047,NA,0.6881774527796164,1.5611279685799768,1.5568547049701769,-0.43499117136570725
2,2022,DHS 2022,165,Kpandai,GHA9.3_2,Northern,kpandai,1137.8669284724256,145.61471557617188,144.39456176757813,153.34303283691406,155.05555725097656,0.486,0.2,0.36716423777282065,0.6328357622271794,20294,126213,0.16079167756094856,110.9207033281472,434.2681579589844,NA,-0.2693904783005516,0.23218727735918915,NA,0.6881774527796164,1.5611279685799768,1.5568547049701769,-0.43499117136570725
1,2014,DHS 2014,166,Kumbungu,GHA9.4_2,Northern,kumbungu,1548.145918479978,132.79112243652344,128.8699951171875,115.07884979248047,132.9857635498047,0.45,0.2,0.34414399663165773,0.6558560033683423,20849,110586,0.18853200224259853,71.43125120180989,306.4141845703125,NA,-0.40518287721192464,-0.1546081154030987,NA,0.15593010498331608,1.2936823688671761,1.6817539845223306,-0.7101412894222359
2,2022,DHS 2022,166,Kumbungu,GHA9.4_2,Northern,kumbungu,1548.145918479978,132.79112243652344,128.8699951171875,115.07884979248047,132.9857635498047,0.45,0.2,0.34414399663165773,0.6558560033683423,20849,110586,0.18853200224259853,71.43125120180989,234.0112762451172,NA,-0.40518287721192464,-0.3736479357584757,NA,0.15593010498331608,1.2936823688671761,1.6817539845223306,-0.7101412894222359
1,2014,DHS 2014,167,Mion,GHA9.5_2,Northern,mion,2726.1899502553474,182.57423400878906,182.863525390625,63.059085845947266,63.945465087890625,0.534,0.2,0.22292169364948844,0.7770783063505116,17144,94930,0.18059622880016854,34.82149143389969,458.8530578613281,NA,0.12198357855850679,0.30656373795490754,NA,-0.5676546991501062,1.917722101530378,2.3394611829518355,-1.1553421799754893
2,2022,DHS 2022,167,Mion,GHA9.5_2,Northern,mion,2726.1899502553474,182.57423400878906,182.863525390625,63.059085845947266,63.945465087890625,0.534,0.2,0.22292169364948844,0.7770783063505116,17144,94930,0.18059622880016854,34.82149143389969,357.6338806152344,NA,0.12198357855850679,3.463371162150317e-4,NA,-0.5676546991501062,1.917722101530378,2.3394611829518355,-1.1553421799754893
1,2014,DHS 2014,168,Nanton,GHA9.6_2,Northern,nanton,478.7027559566012,150.9781036376953,153.92446899414063,46.865604400634766,47.51801681518555,0.39899999999999997,0.2,0.2866661560848587,0.7133338439151413,9588,50767,0.18886284397344733,106.05119642261364,417.068603515625,NA,-0.2125961521522055,0.18015363116165153,NA,-0.7929028781285413,0.9148011026073748,1.9936074021510453,-0.4631183493081744
2,2022,DHS 2022,168,Nanton,GHA9.6_2,Northern,nanton,478.7027559566012,150.9781036376953,153.92446899414063,46.865604400634766,47.51801681518555,0.39899999999999997,0.2,0.2866661560848587,0.7133338439151413,9588,50767,0.18886284397344733,106.05119642261364,296.3796691894531,NA,-0.2125961521522055,-0.18496543801926554,NA,-0.7929028781285413,0.9148011026073748,1.9936074021510453,-0.4631183493081744
1,2014,DHS 2014,169,Nanumba North,GHA9.7_2,Northern,nanumba north,2270.6802797001137,156.77516174316406,156.48159790039063,96.41844177246094,96.982879638671875,0.415,0.2,0.3223284924677577,0.6776715075322424,34152,188680,0.18100487598049608,83.09404088580835,467.0044250488281,NA,-0.15120957990231562,0.3312239905014118,NA,-0.10363254309201082,1.0336658135908419,1.8001168086313266,-0.615739217699121
2,2022,DHS 2022,169,Nanumba North,GHA9.7_2,Northern,nanumba north,2270.6802797001137,156.77516174316406,156.48159790039063,96.41844177246094,96.982879638671875,0.415,0.2,0.3223284924677577,0.6776715075322424,34152,188680,0.18100487598049608,83.09404088580835,442.2412414550781,NA,-0.15120957990231562,0.25630816997332,NA,-0.10363254309201082,1.0336658135908419,1.8001168086313266,-0.615739217699121
1,2014,DHS 2014,170,Nanumba South,GHA9.8_2,Northern,nanumba south,1796.9309014465769,147.33184814453125,148.79318237304688,97.15857696533203,97.19632720947266,0.46299999999999997,0.2,0.2811386150782921,0.7188613849217079,21026,106374,0.19766108259537105,59.19760181894925,479.75042724609375,NA,-0.251207310122404,0.3697843480356514,NA,-0.09333740643748216,1.3902599465412429,2.023597786925107,-0.8271214515008185
2,2022,DHS 2022,170,Nanumba South,GHA9.8_2,Northern,nanumba south,1796.9309014465769,147.33184814453125,148.79318237304688,97.15857696533203,97.19632720947266,0.46299999999999997,0.2,0.2811386150782921,0.7188613849217079,21026,106374,0.19766108259537105,59.19760181894925,445.4585876464844,NA,-0.251207310122404,0.2660415763804414,NA,-0.09333740643748216,1.3902599465412429,2.023597786925107,-0.8271214515008185
1,2014,DHS 2014,171,Saboba,GHA9.9_2,Northern,saboba,1758.4740831880763,135.59649658203125,136.51161193847656,88.85540008544922,88.5995101928711,0.46,0.2,0.4388822875541416,0.5611177124458584,14314,95683,0.1495981522318489,54.41251646230051,471.7917785644531,NA,-0.3754760328888137,0.3457071249264868,NA,-0.2088329827436404,1.3679728132318432,1.167739200330419,-0.8794935507564787
2,2022,DHS 2022,171,Saboba,GHA9.9_2,Northern,saboba,1758.4740831880763,135.59649658203125,136.51161193847656,88.85540008544922,88.5995101928711,0.46,0.2,0.4388822875541416,0.5611177124458584,14314,95683,0.1495981522318489,54.41251646230051,361.9313049316406,NA,-0.3754760328888137,0.013347293459413344,NA,-0.2088329827436404,1.3679728132318432,1.167739200330419,-0.8794935507564787
1,2014,DHS 2014,172,Sagnerigu,GHA9.10_2,Northern,sagnarigu,201.3444412345442,167.55271911621094,167.7723388671875,20.883302688598633,21.50415802001953,0.187,0.1,0.6631406190650241,0.3368593809349759,52074,341711,0.15239193353447797,1697.1464317802752,384.4916076660156,NA,-0.0370831915996442,0.08159875976661421,NA,-1.1543116441229915,-0.6601563179235627,-0.04900322506462639,1.2845688503521886
2,2022,DHS 2022,172,Sagnerigu,GHA9.10_2,Northern,sagnarigu,201.3444412345442,167.55271911621094,167.7723388671875,20.883302688598633,21.50415802001953,0.187,0.1,0.6631406190650241,0.3368593809349759,52074,341711,0.15239193353447797,1697.1464317802752,296.80731201171875,NA,-0.0370831915996442,-0.18367169431294078,NA,-1.1543116441229915,-0.6601563179235627,-0.04900322506462639,1.2845688503521886
1,2014,DHS 2014,173,Savelugu,GHA9.11_2,Northern,savelugu,1553.198091807525,131.37277221679688,130.96466064453125,46.93267822265625,54.15247344970703,0.41100000000000003,0.2,0.3785494127405101,0.6214505872594899,20782,122888,0.16911333897532713,79.11933490530484,348.4898376464844,NA,-0.4202021605544109,-0.027317047898663724,NA,-0.7919698943030135,1.0039496358449755,1.4950829736351414,-0.6463545704189947
2,2022,DHS 2022,173,Savelugu,GHA9.11_2,Northern,savelugu,1553.198091807525,131.37277221679688,130.96466064453125,46.93267822265625,54.15247344970703,0.41100000000000003,0.2,0.3785494127405101,0.6214505872594899,20782,122888,0.16911333897532713,79.11933490530484,252.74807739257813,NA,-0.4202021605544109,-0.3169636719311056,NA,-0.7919698943030135,1.0039496358449755,1.4950829736351414,-0.6463545704189947
1,2014,DHS 2014,174,Tamale,GHA9.12_2,Northern,tamale metropolitan area,649.8820135469352,139.73480224609375,138.32611083984375,39.79901885986328,41.956417083740234,0.21,0.1,0.597146036397336,0.402853963602664,56176,374744,0.1499050018145721,576.6338999824244,396.19219970703125,NA,-0.33165442630538966,0.11699644803632368,NA,-0.8911977092943789,-0.4892882958848289,0.3090588725039539,0.6027191753289286
2,2022,DHS 2022,174,Tamale,GHA9.12_2,Northern,tamale metropolitan area,649.8820135469352,139.73480224609375,138.32611083984375,39.79901885986328,41.956417083740234,0.21,0.1,0.597146036397336,0.402853963602664,56176,374744,0.1499050018145721,576.6338999824244,314.2035827636719,NA,-0.33165442630538966,-0.1310429241640031,NA,-0.8911977092943789,-0.4892882958848289,0.3090588725039539,0.6027191753289286
1,2014,DHS 2014,175,Tatale Sanguli,GHA9.13_2,Northern,tatale sanguli,1094.8347962831092,157.8683319091797,158.80686950683594,138.57862854003906,139.8634796142578,0.524,0.2,0.29953112700639994,0.7004688729936001,13262,74805,0.17728761446427377,68.32537680932134,505.403564453125,NA,-0.1396337136341758,0.44739253664793954,NA,0.48280745913102097,1.8434316571657112,1.923806847512774,-0.7378532962183039
2,2022,DHS 2022,175,Tatale Sanguli,GHA9.13_2,Northern,tatale sanguli,1094.8347962831092,157.8683319091797,158.80686950683594,138.57862854003906,139.8634796142578,0.524,0.2,0.29953112700639994,0.7004688729936001,13262,74805,0.17728761446427377,68.32537680932134,462.253662109375,NA,-0.1396337136341758,0.31685155319357683,NA,0.48280745913102097,1.8434316571657112,1.923806847512774,-0.7378532962183039
1,2014,DHS 2014,176,Tolon,GHA9.14_2,Northern,tolon,1359.8889998331072,132.29830932617188,130.21267700195313,110.02378845214844,116.61663818359375,0.575,0.3,0.27810818774075974,0.7218918122592403,22024,118090,0.18650182064527054,86.83796987437404,299.0167541503906,NA,-0.41040140479158616,-0.17698749031706515,NA,0.08561518441608508,2.2223129234255117,2.040039760268129,-0.5881970908691648
2,2022,DHS 2022,176,Tolon,GHA9.14_2,Northern,tolon,1359.8889998331072,132.29830932617188,130.21267700195313,110.02378845214844,116.61663818359375,0.575,0.3,0.27810818774075974,0.7218918122592403,22024,118090,0.18650182064527054,86.83796987437404,246.81716918945313,NA,-0.41040140479158616,-0.334906391324667,NA,0.08561518441608508,2.2223129234255117,2.040039760268129,-0.5881970908691648
1,2014,DHS 2014,177,Yendi,GHA9.15_2,Northern,yendi,1452.5862313893688,159.50076293945313,159.2651824951172,39.86201858520508,39.944610595703125,0.38299999999999995,0.2,0.4254117419884302,0.5745882580115698,25007,154421,0.161940409659308,106.3076302549691,478.33721923828125,NA,-0.12234747230975153,0.3655089834775635,NA,-0.890321395361683,0.7959363916239077,1.2408253780995726,-0.4616055123916304
2,2022,DHS 2022,177,Yendi,GHA9.15_2,Northern,yendi,1452.5862313893688,159.50076293945313,159.2651824951172,39.86201858520508,39.944610595703125,0.38299999999999995,0.2,0.4254117419884302,0.5745882580115698,25007,154421,0.161940409659308,106.3076302549691,376.8126220703125,NA,-0.12234747230975153,0.05836759869446949,NA,-0.890321395361683,0.7959363916239077,1.2408253780995726,-0.4616055123916304
1,2014,DHS 2014,178,Zabzugu,GHA9.16_2,Northern,zabzugu,1104.6706666451882,143.88775634765625,143.3247833251953,117.78630065917969,117.5629653930664,0.42700000000000005,0.2,0.2687663211205191,0.7312336788794809,16295,82846,0.19669024455012915,74.99610743860686,507.0096740722656,NA,-0.28767770356639466,0.452251484590576,NA,0.19359022022518807,1.1228143468284426,2.0907252593202656,-0.6797625643570562
2,2022,DHS 2022,178,Zabzugu,GHA9.16_2,Northern,zabzugu,1104.6706666451882,143.88775634765625,143.3247833251953,117.78630065917969,117.5629653930664,0.42700000000000005,0.2,0.2687663211205191,0.7312336788794809,16295,82846,0.19669024455012915,74.99610743860686,461.7541809082031,NA,-0.28767770356639466,0.31534047753230393,NA,0.19359022022518807,1.1228143468284426,2.0907252593202656,-0.6797625643570562
1,2014,DHS 2014,179,Biakoye,GHA10.1_2,Oti,biakoye,1110.5862611686036,226.103515625,179.1686553955078,82.18580627441406,96.623016357421875,0.342,0.1,0.6294808914052471,0.3705191085947529,9015,71827,0.12550990574575022,64.67485013223623,432.5984191894531,NA,0.5829265848738228,0.227135832761469,NA,-0.30160573612190683,0.4913455697287741,0.13362195721943215,-0.7720579240862675
2,2022,DHS 2022,179,Biakoye,GHA10.1_2,Oti,biakoye,1110.5862611686036,226.103515625,179.1686553955078,82.18580627441406,96.623016357421875,0.342,0.1,0.6294808914052471,0.3705191085947529,9015,71827,0.12550990574575022,64.67485013223623,414.7448425292969,NA,0.5829265848738228,0.173123579458369,NA,-0.30160573612190683,0.4913455697287741,0.13362195721943215,-0.7720579240862675
1,2014,DHS 2014,180,Jasikan,GHA10.2_2,Oti,jasikan,558.0792474457912,270.3376159667969,266.4753723144531,53.08599090576172,54.55869674682617,0.302,0.1,0.7171595095612171,0.2828404904387829,6874,59695,0.11515202278247759,106.96509550070387,468.4069519042969,NA,1.0513331019620324,0.3354670414723155,NA,-0.7063785110519692,0.19418379227010632,-0.3420896642469216,-0.45774323825516616
2,2022,DHS 2022,180,Jasikan,GHA10.2_2,Oti,jasikan,558.0792474457912,270.3376159667969,266.4753723144531,53.08599090576172,54.55869674682617,0.302,0.1,0.7171595095612171,0.2828404904387829,6874,59695,0.11515202278247759,106.96509550070387,459.36065673828125,NA,1.0513331019620324,0.3080993719424405,NA,-0.7063785110519692,0.19418379227010632,-0.3420896642469216,-0.45774323825516616
1,2014,DHS 2014,181,Kadjebi,GHA10.3_2,Oti,kadjebi,692.6952431978642,244.9345245361328,247.0170135498047,66.18572998046875,66.93171691894531,0.272,0.1,0.6599948637282912,0.3400051362717088,9636,73959,0.1302884030341135,106.76989733402003,462.71649169921875,NA,0.7823330886608161,0.31825174708854015,NA,-0.5241636870417474,-0.028687540823894103,-0.0319355248265639,-0.45888746794707025
2,2022,DHS 2022,181,Kadjebi,GHA10.3_2,Oti,kadjebi,692.6952431978642,244.9345245361328,247.0170135498047,66.18572998046875,66.93171691894531,0.272,0.1,0.6599948637282912,0.3400051362717088,9636,73959,0.1302884030341135,106.76989733402003,434.99481201171875,NA,0.7823330886608161,0.23438561685760478,NA,-0.5241636870417474,-0.028687540823894103,-0.0319355248265639,-0.45888746794707025
1,2014,DHS 2014,182,Krachi East,GHA10.4_2,Oti,krachi east,2771.22859293159,135.05723571777344,122.79267883300781,175.70555114746094,192.7661895751953,0.41200000000000003,0.2,0.46269174008318054,0.5373082599168195,16454,110435,0.14899262009326752,39.85055591649136,451.0186767578125,NA,-0.3811864079450981,0.2828624603514986,NA,0.9992357353258121,1.0113786802814422,1.038557952872038,-1.072274499410216
2,2022,DHS 2022,182,Krachi East,GHA10.4_2,Oti,krachi east,2771.22859293159,135.05723571777344,122.79267883300781,175.70555114746094,192.7661895751953,0.41200000000000003,0.2,0.46269174008318054,0.5373082599168195,16454,110435,0.14899262009326752,39.85055591649136,415.8613586425781,NA,-0.3811864079450981,0.17650136488901177,NA,0.9992357353258121,1.0113786802814422,1.038557952872038,-1.072274499410216
1,2014,DHS 2014,183,Krachi Nchumuru,GHA10.5_2,Oti,krachi nchumuru,1200.228477795757,123.6026382446289,120.28538513183594,196.9859161376953,201.755859375,0.47200000000000003,0.2,0.4149885916420379,0.5850114083579621,12143,79934,0.1519128280831686,66.59898634200077,414.5487060546875,NA,-0.5024821518527289,0.17253020967313037,NA,1.2952414755512571,1.4571213464694435,1.2973775211003828,-0.7537988376173739
2,2022,DHS 2022,183,Krachi Nchumuru,GHA10.5_2,Oti,krachi nchumuru,1200.228477795757,123.6026382446289,120.28538513183594,196.9859161376953,201.755859375,0.47200000000000003,0.2,0.4149885916420379,0.5850114083579621,12143,79934,0.1519128280831686,66.59898634200077,438.2006530761719,NA,-0.5024821518527289,0.244084216915102,NA,1.2952414755512571,1.4571213464694435,1.2973775211003828,-0.7537988376173739
1,2014,DHS 2014,184,Krachi West,GHA10.6_2,Oti,krachi west,932.477963128381,112.30313873291016,103.98600006103516,247.24404907226563,258.83746337890625,0.374,0.2,0.5136687031165417,0.48633129688345833,7617,61128,0.12460738123282293,65.55436419636231,446.5538330078125,NA,-0.6221355226735878,0.26935501161032,NA,1.9943223347598877,0.7290749916957079,0.7619758824419118,-0.7636463024250228
2,2022,DHS 2022,184,Krachi West,GHA10.6_2,Oti,krachi west,932.477963128381,112.30313873291016,103.98600006103516,247.24404907226563,258.83746337890625,0.374,0.2,0.5136687031165417,0.48633129688345833,7617,61128,0.12460738123282293,65.55436419636231,409.7337341308594,NA,-0.6221355226735878,0.15796352154405027,NA,1.9943223347598877,0.7290749916957079,0.7619758824419118,-0.7636463024250228
1,2014,DHS 2014,185,Nkwanta North,GHA10.7_2,Oti,nkwanta north,1103.565635693982,133.09458923339844,133.29698181152344,107.10391235351563,108.71865844726563,0.552,0.2,0.30584226876440523,0.6941577312355948,22106,126096,0.17531087425453623,114.26234735979614,480.630615234375,NA,-0.40196938752234634,0.37244717226870777,NA,0.04500027549234152,2.0514449013867786,1.8895649360622082,-0.4163885761432548
2,2022,DHS 2022,185,Nkwanta North,GHA10.7_2,Oti,nkwanta north,1103.565635693982,133.09458923339844,133.29698181152344,107.10391235351563,108.71865844726563,0.552,0.2,0.30584226876440523,0.6941577312355948,22106,126096,0.17531087425453623,114.26234735979614,432.0126953125,NA,-0.40196938752234634,0.22536384796481657,NA,0.04500027549234152,2.0514449013867786,1.8895649360622082,-0.4163885761432548
1,2014,DHS 2014,186,Nkwanta South,GHA10.8_2,Oti,nkwanta south,2744.1207365437676,269.299072265625,274.2920837402344,138.36988830566406,138.9358367919922,0.428,0.2,0.4541745134965474,0.5458254865034526,20151,135936,0.14823887711864406,49.53717895489249,465.9344482421875,NA,1.0403356896907094,0.32798699998635783,NA,0.4799039230488457,1.130243391264909,1.0847692613431181,-0.9377266279712033
2,2022,DHS 2022,186,Nkwanta South,GHA10.8_2,Oti,nkwanta south,2744.1207365437676,269.299072265625,274.2920837402344,138.36988830566406,138.9358367919922,0.428,0.2,0.4541745134965474,0.5458254865034526,20151,135936,0.14823887711864406,49.53717895489249,423.70501708984375,NA,1.0403356896907094,0.20023070915100366,NA,0.4799039230488457,1.130243391264909,1.0847692613431181,-0.9377266279712033
1,2014,DHS 2014,187,Bole,GHA11.1_2,Savannah,bole,6195.04831240027,212.531005859375,207.94366455078125,191.7266082763672,192.77748107910156,0.37200000000000005,0.2,0.4064508675377053,0.5935491324622947,17208,115800,0.14860103626943005,18.692348172363698,334.83203125,NA,0.43920371092955607,-0.06863587788402518,NA,1.2220855255813978,0.714216902822775,1.3437000414904685,-1.533662743486418
2,2022,DHS 2022,187,Bole,GHA11.1_2,Savannah,bole,6195.04831240027,212.531005859375,207.94366455078125,191.7266082763672,192.77748107910156,0.37200000000000005,0.2,0.4064508675377053,0.5935491324622947,17208,115800,0.14860103626943005,18.692348172363698,332.372314453125,NA,0.43920371092955607,-0.07607723538989647,NA,1.2220855255813978,0.714216902822775,1.3437000414904685,-1.533662743486418
1,2014,DHS 2014,188,Central Gonja,GHA11.2_2,Savannah,central gonja,7589.712891323904,133.11720275878906,132.7281951904297,158.87989807128906,165.1318359375,0.618,0.3,0.25746998300407536,0.7425300169959246,27891,142762,0.19536711449825583,18.80993418910441,332.32220458984375,NA,-0.4017299269571837,-0.07622883227605827,NA,0.7651941718528945,2.5417618341935797,2.1520149948912146,-1.5298983698138626
2,2022,DHS 2022,188,Central Gonja,GHA11.2_2,Savannah,central gonja,7589.712891323904,133.11720275878906,132.7281951904297,158.87989807128906,165.1318359375,0.618,0.3,0.25746998300407536,0.7425300169959246,27891,142762,0.19536711449825583,18.80993418910441,305.7502746582031,NA,-0.4017299269571837,-0.15661663565794026,NA,0.7651941718528945,2.5417618341935797,2.1520149948912146,-1.5298983698138626
1,2014,DHS 2014,189,East Gonja,GHA11.3_2,Savannah,east gonja,2263.892114449526,119.35154724121094,118.7409439086914,282.73419189453125,285.5627136230469,0.38799999999999996,0.2,0.36700594345852683,0.6329940565414731,18510,117755,0.15719077746167892,52.01440441813305,285.869384765625,NA,-0.5474980720443849,-0.2167621001331561,NA,2.487983322324359,0.8330816138062411,1.5577135511347868,-0.9074679733199005
2,2022,DHS 2022,189,East Gonja,GHA11.3_2,Savannah,east gonja,2263.892114449526,119.35154724121094,118.7409439086914,282.73419189453125,285.5627136230469,0.38799999999999996,0.2,0.36700594345852683,0.6329940565414731,18510,117755,0.15719077746167892,52.01440441813305,269.8075866699219,NA,-0.5474980720443849,-0.2653537030238216,NA,2.487983322324359,0.8330816138062411,1.5577135511347868,-0.9074679733199005
1,2014,DHS 2014,190,North East Gonja,GHA11.4_2,Savannah,north east gonja,6114.85909050721,126.42237854003906,126.8919906616211,158.53057861328125,165.45423889160156,0.604,0.3,0.19821410382643534,0.8017858961735647,8375,39404,0.2125418739214293,6.443975145914859,396.80987548828125,NA,-0.4726231805916284,0.11886509662092462,NA,0.7603352060978332,2.437755212083046,2.4735153898320323,-2.1487868477635397
2,2022,DHS 2022,190,North East Gonja,GHA11.4_2,Savannah,north east gonja,6114.85909050721,126.42237854003906,126.8919906616211,158.53057861328125,165.45423889160156,0.604,0.3,0.19821410382643534,0.8017858961735647,8375,39404,0.2125418739214293,6.443975145914859,395.87298583984375,NA,-0.4726231805916284,0.11603073340218704,NA,0.7603352060978332,2.437755212083046,2.4735153898320323,-2.1487868477635397
1,2014,DHS 2014,191,North Gonja,GHA11.5_2,Savannah,north gonja,4867.349245013536,227.7716827392578,233.1509246826172,243.28395080566406,243.00296020507813,0.584,0.3,0.2271203486423064,0.7728796513576937,11424,61443,0.1859284214637957,12.623503452715385,282.07574462890625,NA,0.6005912449861087,-0.22823896305567298,NA,1.939238137693304,2.289174323353712,2.3166808401884706,-1.7666259008124654
2,2022,DHS 2022,191,North Gonja,GHA11.5_2,Savannah,north gonja,4867.349245013536,227.7716827392578,233.1509246826172,243.28395080566406,243.00296020507813,0.584,0.3,0.2271203486423064,0.7728796513576937,11424,61443,0.1859284214637957,12.623503452715385,252.11334228515625,NA,0.6005912449861087,-0.3188839299306666,NA,1.939238137693304,2.289174323353712,2.3166808401884706,-1.7666259008124654
1,2014,DHS 2014,192,Sawla-Tuna-Kalba,GHA11.6_2,Savannah,sawla tuna kalba,4244.089362173821,274.0502014160156,274.1484069824219,257.36016845703125,253.7823944091797,0.542,0.3,0.2793291221956001,0.7206708778044,17402,112664,0.15445927714265426,26.546095142137517,324.8593444824219,NA,1.0906466452741757,-0.0988061509926623,NA,2.1350355888826753,1.9771544570221116,2.0334154233267894,-1.3214411516528908
2,2022,DHS 2022,192,Sawla-Tuna-Kalba,GHA11.6_2,Savannah,sawla tuna kalba,4244.089362173821,274.0502014160156,274.1484069824219,257.36016845703125,253.7823944091797,0.542,0.3,0.2793291221956001,0.7206708778044,17402,112664,0.15445927714265426,26.546095142137517,279.6333923339844,NA,1.0906466452741757,-0.2356277879012361,NA,2.1350355888826753,1.9771544570221116,2.0334154233267894,-1.3214411516528908
1,2014,DHS 2014,193,West Gonja,GHA11.7_2,Savannah,west gonja,4736.721297001046,198.38783264160156,196.83872985839844,216.60682678222656,209.63507080078125,0.397,0.2,0.5130795081341175,0.4869204918658825,9108,63449,0.14354836167630697,13.395130517848154,319.95062255859375,NA,0.28943793167049964,-0.11365646009268576,NA,1.568164528416988,0.8999430137344419,0.7651726356109712,-1.7317899008894808
2,2022,DHS 2022,193,West Gonja,GHA11.7_2,Savannah,west gonja,4736.721297001046,198.38783264160156,196.83872985839844,216.60682678222656,209.63507080078125,0.397,0.2,0.5130795081341175,0.4869204918658825,9108,63449,0.14354836167630697,13.395130517848154,281.13385009765625,NA,0.28943793167049964,-0.2310884674981198,NA,1.568164528416988,0.8999430137344419,0.7651726356109712,-1.7317899008894808
1,2014,DHS 2014,194,Bawku,GHA12.1_2,Upper East,bawku,248.30191784882334,NA,217.21722412109375,NA,26.287954330444336,0.23600000000000002,0.1,0.5024520597301734,0.4975479402698266,15835,119458,0.1325570493395168,481.09978785073685,252.22779846191406,NA,NA,-0.31853766676285306,NA,NA,-0.29613314053669487,0.8228332240031941,0.4884049347481104
2,2022,DHS 2022,194,Bawku,GHA12.1_2,Upper East,bawku,248.30191784882334,NA,217.21722412109375,NA,26.287954330444336,0.23600000000000002,0.1,0.5024520597301734,0.4975479402698266,15835,119458,0.1325570493395168,481.09978785073685,200.28518676757813,NA,NA,-0.4756791490250679,NA,NA,-0.29613314053669487,0.8228332240031941,0.4884049347481104
1,2014,DHS 2014,195,Bawku West,GHA12.2_2,Upper East,bawku west,1075.8938336049498,202.64187622070313,204.10206604003906,89.05859375,89.35801696777344,0.47600000000000003,0.2,0.37791713102347013,0.6220828689765299,19646,144189,0.13625172516627482,134.01787006890103,267.1593017578125,NA,0.33448511746226295,-0.2733655338302981,NA,-0.20600659836949664,1.4868375242153102,1.498513499425381,-0.31635993698346027
2,2022,DHS 2022,195,Bawku West,GHA12.2_2,Upper East,bawku west,1075.8938336049498,202.64187622070313,204.10206604003906,89.05859375,89.35801696777344,0.47600000000000003,0.2,0.37791713102347013,0.6220828689765299,19646,144189,0.13625172516627482,134.01787006890103,230.5316619873047,NA,0.33448511746226295,-0.38417477921777404,NA,-0.20600659836949664,1.4868375242153102,1.498513499425381,-0.31635993698346027
1,2014,DHS 2014,196,Binduri,GHA12.3_2,Upper East,binduri,393.61679261951724,202.23394775390625,201.15357971191406,45.4647331237793,46.09707260131836,0.5379999999999999,0.3,0.37641247298548935,0.6235875270145106,9701,76679,0.1265144302873016,194.80622127349227,254.90792846679688,NA,0.3301654556882693,-0.3104294953042999,NA,-0.812388725267745,1.9474382792762441,1.5066772151642274,-0.08131983076582631
2,2022,DHS 2022,196,Binduri,GHA12.3_2,Upper East,binduri,393.61679261951724,202.23394775390625,201.15357971191406,45.4647331237793,46.09707260131836,0.5379999999999999,0.3,0.37641247298548935,0.6235875270145106,9701,76679,0.1265144302873016,194.80622127349227,212.69960021972656,NA,0.3301654556882693,-0.4381219437238314,NA,-0.812388725267745,1.9474382792762441,1.5066772151642274,-0.08131983076582631
1,2014,DHS 2014,197,Bolga East,GHA12.4_2,Upper East,bolgatanga east,72.14528719413865,198.12551879882813,202.47596740722656,10.509469032287598,11.723214149475098,0.249,0.1,0.6234188651969642,0.3765811348030358,4558,38824,0.11740160725324542,538.136328926475,296.7733459472656,NA,0.28666022143047853,-0.18377445152018687,NA,-1.2986096536647047,-0.19955556286262807,0.1665122602096536,0.559107820967218
2,2022,DHS 2022,197,Bolga East,GHA12.4_2,Upper East,bolgatanga east,72.14528719413865,198.12551879882813,202.47596740722656,10.509469032287598,11.723214149475098,0.249,0.1,0.6234188651969642,0.3765811348030358,4558,38824,0.11740160725324542,538.136328926475,300.23748779296875,NA,0.28666022143047853,-0.1732944166000384,NA,-1.2986096536647047,-0.19955556286262807,0.1665122602096536,0.559107820967218
1,2014,DHS 2014,198,Bolgatanga,GHA12.5_2,Upper East,bolgatanga,326.73281071600223,176.8369140625,176.81297302246094,26.3100528717041,26.915651321411133,0.20199999999999999,0.1,0.6662281572676727,0.3337718427323273,17368,142509,0.12187300451199573,436.16372560718895,269.9627990722656,NA,0.06122958938055471,-0.26488414043976627,NA,-1.0788266040070975,-0.5487206513765625,-0.06575506075287256,0.42653791139005764
2,2022,DHS 2022,198,Bolgatanga,GHA12.5_2,Upper East,bolgatanga,326.73281071600223,176.8369140625,176.81297302246094,26.3100528717041,26.915651321411133,0.20199999999999999,0.1,0.6662281572676727,0.3337718427323273,17368,142509,0.12187300451199573,436.16372560718895,267.2828063964844,NA,0.06122958938055471,-0.2729918964379127,NA,-1.0788266040070975,-0.5487206513765625,-0.06575506075287256,0.42653791139005764
1,2014,DHS 2014,199,Bongo,GHA12.6_2,Upper East,bongo,416.6189424435103,225.89080810546875,226.05062866210938,41.287628173828125,42.541236877441406,0.54,0.3,0.47125314124673157,0.5287468587532684,15085,116431,0.12956171466362051,279.4664095615071,264.3399353027344,NA,0.5806741690314696,-0.28189493597893234,NA,-0.8704914431147873,1.9622963681491783,0.9921069695514312,0.145886055459869
2,2022,DHS 2022,199,Bongo,GHA12.6_2,Upper East,bongo,416.6189424435103,225.89080810546875,226.05062866210938,41.287628173828125,42.541236877441406,0.54,0.3,0.47125314124673157,0.5287468587532684,15085,116431,0.12956171466362051,279.4664095615071,225.553466796875,NA,0.5806741690314696,-0.3992352651212977,NA,-0.8704914431147873,1.9622963681491783,0.9921069695514312,0.145886055459869
1,2014,DHS 2014,200,Builsa North,GHA12.7_2,Upper East,builsa north,820.1149034438017,182.11167907714844,182.7994384765625,91.227203369140625,92.50062561035156,0.397,0.2,0.5344148749768094,0.4655851250231906,6604,56571,0.11673825811811706,68.97935857822942,254.23956298828125,NA,0.1170854627876965,-0.3124514949412241,NA,-0.17584166013331878,0.8999430137344419,0.6494148583013232,-0.7319163801747661
2,2022,DHS 2022,200,Builsa North,GHA12.7_2,Upper East,builsa north,820.1149034438017,182.11167907714844,182.7994384765625,91.227203369140625,92.50062561035156,0.397,0.2,0.5344148749768094,0.4655851250231906,6604,56571,0.11673825811811706,68.97935857822942,256.53790283203125,NA,0.1170854627876965,-0.30549834957544025,NA,-0.17584166013331878,0.8999430137344419,0.6494148583013232,-0.7319163801747661
1,2014,DHS 2014,201,Builsa South,GHA12.8_2,Upper East,builsa south,1246.9780711509034,174.81484985351563,175.14256286621094,131.85305786132813,131.42010498046875,0.551,0.3,0.39495417300903585,0.6050458269909642,4693,36575,0.12831168831168832,29.330908735422234,244.3558807373047,NA,0.039817419897271805,-0.34235250354408114,NA,0.38925607840498705,2.044015856950312,1.4060768365490748,-1.2605458853579894
2,2022,DHS 2022,201,Builsa South,GHA12.8_2,Upper East,builsa south,1246.9780711509034,174.81484985351563,175.14256286621094,131.85305786132813,131.42010498046875,0.551,0.3,0.39495417300903585,0.6050458269909642,4693,36575,0.12831168831168832,29.330908735422234,264.2599182128906,NA,0.039817419897271805,-0.2821370109092102,NA,0.38925607840498705,2.044015856950312,1.4060768365490748,-1.2605458853579894
1,2014,DHS 2014,202,Garu,GHA12.9_2,Upper East,garu,678.131589807725,209.618896484375,210.2903594970703,66.95924377441406,68.20442962646484,0.447,0.2,0.38922274646138566,0.6107772535386143,9245,71774,0.12880708891799258,105.8408147898707,273.8182067871094,NA,0.40836661920205053,-0.25322041265878925,NA,-0.5134042605348973,1.2713952355577762,1.4371734285533855,-0.4643622088787477
2,2022,DHS 2022,202,Garu,GHA12.9_2,Upper East,garu,678.131589807725,209.618896484375,210.2903594970703,66.95924377441406,68.20442962646484,0.447,0.2,0.38922274646138566,0.6107772535386143,9245,71774,0.12880708891799258,105.8408147898707,226.5603790283203,NA,0.40836661920205053,-0.3961890632574333,NA,-0.5134042605348973,1.2713952355577762,1.4371734285533855,-0.4643622088787477
1,2014,DHS 2014,203,Kasena Nankana East,GHA12.10_2,Upper East,kasena nankana,770.506286576822,170.40328979492188,170.4357452392578,64.52397918701172,64.80308532714844,0.33799999999999997,0.2,0.620723305877296,0.37927669412270404,11494,99895,0.11506081385454728,129.64852038237086,263.61431884765625,NA,-0.006897749304865409,-0.28409013644316433,NA,-0.5472783175433013,0.46162939198290687,0.18113736404554034,-0.33716060612132576
2,2022,DHS 2022,203,Kasena Nankana East,GHA12.10_2,Upper East,kasena nankana,770.506286576822,170.40328979492188,170.4357452392578,64.52397918701172,64.80308532714844,0.33799999999999997,0.2,0.620723305877296,0.37927669412270404,11494,99895,0.11506081385454728,129.64852038237086,249.10745239257813,NA,-0.006897749304865409,-0.3279776196360736,NA,-0.5472783175433013,0.46162939198290687,0.18113736404554034,-0.33716060612132576
1,2014,DHS 2014,204,Kasena Nankana West,GHA12.11_2,Upper East,kasena nankana west,876.732799915243,234.2803955078125,237.8621826171875,87.75782012939453,93.7660140991211,0.536,0.3,0.5149531010471068,0.4850468989528932,11414,90735,0.12579489722819198,103.49219284230233,254.25289916992188,NA,0.6695137155481586,-0.3124111491195111,NA,-0.22410010656870977,1.9325801904033115,0.75500721624931455,-0.4784169100602226
2,2022,DHS 2022,204,Kasena Nankana West,GHA12.11_2,Upper East,kasena nankana west,876.732799915243,234.2803955078125,237.8621826171875,87.75782012939453,93.7660140991211,0.536,0.3,0.5149531010471068,0.4850468989528932,11414,90735,0.12579489722819198,103.49219284230233,241.10650634765625,NA,0.6695137155481586,-0.35218280455048806,NA,-0.22410010656870977,1.9325801904033115,0.75500721624931455,-0.4784169100602226
1,2014,DHS 2014,205,Nabdam,GHA12.12_2,Upper East,nabdam,246.0357359842622,230.30308532714844,228.40928649902344,50.20795440673828,50.23887634277344,0.6859999999999999,0.4,0.460199059389697,0.539800940610303,5974,53039,0.11263409943626389,215.57437494930682,275.18292236328125,NA,0.6273969324620566,-0.24909175178651807,NA,-0.7464114392785399,3.046936855873314,1.0520823126239849,-0.01757790333873794
2,2022,DHS 2022,205,Nabdam,GHA12.12_2,Upper East,nabdam,246.0357359842622,230.30308532714844,228.40928649902344,50.20795440673828,50.23887634277344,0.6859999999999999,0.4,0.460199059389697,0.539800940610303,5974,53039,0.11263409943626389,215.57437494930682,256.4338073730469,NA,0.6273969324620566,-0.30581326856368496,NA,-0.7464114392785399,3.046936855873314,1.0520823126239849,-0.01757790333873794
1,2014,DHS 2014,206,Pusiga,GHA12.13_2,Upper East,pusiga,256.8340305424044,236.95120239257813,237.80178833007813,30.514484405517578,30.803119659423828,0.408,0.2,0.32615530187412245,0.6738446981258776,12290,80533,0.1526082475506935,313.56047261308566,246.24734497070313,NA,0.6977955917712901,-0.33663027503868226,NA,-1.0203437786906717,0.9816625025355751,1.7793539619301375,0.2184258102681521
2,2022,DHS 2022,206,Pusiga,GHA12.13_2,Upper East,pusiga,256.8340305424044,236.95120239257813,237.80178833007813,30.514484405517578,30.803119659423828,0.408,0.2,0.32615530187412245,0.6738446981258776,12290,80533,0.1526082475506935,313.56047261308566,205.5412139892578,NA,0.6977955917712901,-0.4597781405566131,NA,-1.0203437786906717,0.9816625025355751,1.7793539619301375,0.2184258102681521
1,2014,DHS 2014,207,Talensi,GHA12.14_2,Upper East,talensi,842.1564482073081,182.2393341064453,185.19259643554688,61.10540771484375,66.8912353515625,0.562,0.3,0.5185396695900469,0.48146033040995306,11293,87021,0.129773273117983,103.33115680018948,285.1968078613281,NA,0.11843723545176588,-0.21879684055588436,NA,-0.5948299821692153,2.1257353457514454,0.7355478272563539,-0.4793921288744567
2,2022,DHS 2022,207,Talensi,GHA12.14_2,Upper East,talensi,842.1564482073081,182.2393341064453,185.19259643554688,61.10540771484375,66.8912353515625,0.562,0.3,0.5185396695900469,0.48146033040995306,11293,87021,0.129773273117983,103.33115680018948,289.1789855957031,NA,0.11843723545176588,-0.20674959665729709,NA,-0.5948299821692153,2.1257353457514454,0.7355478272563539,-0.4793921288744567
1,2014,DHS 2014,208,Tempane,GHA12.15_2,Upper East,tempane,387.35000695209567,233.69619750976563,233.9855499267578,54.4296989440918,53.06461715698242,0.507,0.2,0.3436286524744568,0.6563713475255433,11807,86993,0.13572356396491672,224.58499661459564,260.6876525878906,NA,0.6633274893687946,-0.29294415165619864,NA,-0.6876877934484271,1.7171379017457773,1.684550050539238,0.008196819617535994
2,2022,DHS 2022,208,Tempane,GHA12.15_2,Upper East,tempane,387.35000695209567,233.69619750976563,233.9855499267578,54.4296989440918,53.06461715698242,0.507,0.2,0.3436286524744568,0.6563713475255433,11807,86993,0.13572356396491672,224.58499661459564,209.4861602783203,NA,0.6633274893687946,-0.44784353259049686,NA,-0.6876877934484271,1.7171379017457773,1.684550050539238,0.008196819617535994
1,2014,DHS 2014,209,Daffiama-Bussie-Issa,GHA13.1_2,Upper West,daffiama bussie issa,1462.0169663920442,284.246337890625,282.91400146484375,275.73541259765625,275.618408203125,0.387,0.2,0.3346907296004936,0.6653092703995064,5276,38754,0.1361407854673066,26.507216325701656,250.6848907470703,NA,1.1986162148353101,-0.32320541059389324,NA,2.3906316628299518,0.8256525693697749,1.7330439008340797,-1.3223342260016775
2,2022,DHS 2022,209,Daffiama-Bussie-Issa,GHA13.1_2,Upper West,daffiama bussie issa,1462.0169663920442,284.246337890625,282.91400146484375,275.73541259765625,275.618408203125,0.387,0.2,0.3346907296004936,0.6653092703995064,5276,38754,0.1361407854673066,26.507216325701656,302.50042724609375,NA,1.1986162148353101,-0.1664483676946368,NA,2.3906316628299518,0.8256525693697749,1.7330439008340797,-1.3223342260016775
1,2014,DHS 2014,210,Jirapa,GHA13.2_2,Upper West,jirapa,1193.0609443540689,289.7682189941406,289.0742492675781,266.45867919921875,266.61981201171875,0.501,0.2,0.4231689742138041,0.5768310257861959,11114,91279,0.1217585644014505,76.50824581255492,247.07997131347656,NA,1.2570888654710681,-0.3341113385931309,NA,2.2615941046048587,1.6725636351269773,1.2529938031623626,-0.6673047216920592
2,2022,DHS 2022,210,Jirapa,GHA13.2_2,Upper West,jirapa,1193.0609443540689,289.7682189941406,289.0742492675781,266.45867919921875,266.61981201171875,0.501,0.2,0.4231689742138041,0.5768310257861959,11114,91279,0.1217585644014505,76.50824581255492,296.24237060546875,NA,1.2570888654710681,-0.18538080610138608,NA,2.2615941046048587,1.6725636351269773,1.2529938031623626,-0.6673047216920592
1,2014,DHS 2014,211,Lambussie-Karni,GHA13.3_2,Upper West,lambussie karni,814.9025868372062,300.51385498046875,300.94342041015625,251.8228759765625,249.76007080078125,0.442,0.2,0.40000935803855514,0.5999906419614449,6887,51118,0.13472749325090966,62.72897009493957,258.97357177734375,NA,1.3708772298180578,-0.298129743803001,NA,2.0580129268992873,1.2342500133754426,1.3786492798906522,-0.7910756969984415
2,2022,DHS 2022,211,Lambussie-Karni,GHA13.3_2,Upper West,lambussie karni,814.9025868372062,300.51385498046875,300.94342041015625,251.8228759765625,249.76007080078125,0.442,0.2,0.40000935803855514,0.5999906419614449,6887,51118,0.13472749325090966,62.72897009493957,311.97613525390625,NA,1.3708772298180578,-0.13778159963541797,NA,2.0580129268992873,1.2342500133754426,1.3786492798906522,-0.7910756969984415
1,2014,DHS 2014,212,Lawra,GHA13.4_2,Upper West,lawra,529.23680725047,267.12530517578125,266.4943542480469,246.70944213867188,247.0679168701172,0.395,0.2,0.46031968592260236,0.5396803140773976,6893,58433,0.11796416408536273,110.40993218815491,313.90618896484375,NA,1.0173170985212947,-0.13194262675574894,NA,1.9868860562383166,0.8850849248615085,1.0514278378527442,-0.4378834275659025
2,2022,DHS 2022,212,Lawra,GHA13.4_2,Upper West,lawra,529.23680725047,267.12530517578125,266.4943542480469,246.70944213867188,247.0679168701172,0.395,0.2,0.46031968592260236,0.5396803140773976,6893,58433,0.11796416408536273,110.40993218815491,341.44537353515625,NA,1.0173170985212947,-0.04862859724299113,NA,1.9868860562383166,0.8850849248615085,1.0514278378527442,-0.4378834275659025
1,2014,DHS 2014,213,Nadowli-Kaleo,GHA13.5_2,Upper West,nadowli kaleo,1136.2779002204466,285.5001525878906,285.96533203125,252.30841064453125,252.32904052734375,0.406,0.2,0.4753399790782106,0.5246600209217894,9925,77057,0.12880075788053,67.81527651382673,256.5554504394531,NA,1.2118931882762114,-0.3054452629679232,NA,2.0647666197454,0.966804413662642,0.9699333051806664,-0.7425230501701658
2,2022,DHS 2022,213,Nadowli-Kaleo,GHA13.5_2,Upper West,nadowli kaleo,1136.2779002204466,285.5001525878906,285.96533203125,252.30841064453125,252.32904052734375,0.406,0.2,0.4753399790782106,0.5246600209217894,9925,77057,0.12880075788053,67.81527651382673,307.2811279296875,NA,1.2118931882762114,-0.1519853600181509,NA,2.0647666197454,0.966804413662642,0.9699333051806664,-0.7425230501701658
1,2014,DHS 2014,214,Nandom,GHA13.6_2,Upper West,nandom,406.05185560298264,267.67486572265625,267.3421936035156,222.48477172851563,222.5150146484375,0.318,0.1,0.48713624866121275,0.5128637513387873,6010,51328,0.11709008728179551,126.40750015482251,284.0093994140625,NA,1.023136539624465,-0.2223890958808961,NA,1.649925599978926,0.3130485032535734,0.9059311271285241,-0.3530441913260946
2,2022,DHS 2022,214,Nandom,GHA13.6_2,Upper West,nandom,406.05185560298264,267.67486572265625,267.3421936035156,222.48477172851563,222.5150146484375,0.318,0.1,0.48713624866121275,0.5128637513387873,6010,51328,0.11709008728179551,126.40750015482251,317.1980895996094,NA,1.023136539624465,-0.12198367151008106,NA,1.649925599978926,0.3130485032535734,0.9059311271285241,-0.3530441913260946
1,2014,DHS 2014,215,Sissala East,GHA13.7_2,Upper West,sissala east,5114.880264240658,272.44476318359375,275.08013916015625,201.90895080566406,200.69091796875,0.28800000000000003,0.1,0.43866334679500807,0.5613366532049919,12306,80619,0.15264391768689764,15.761659283331921,245.6658935546875,NA,1.0736462377822567,-0.338389334400461,NA,1.3637199307711911,0.09017717015957301,1.1689270915828474,-1.6355501886357997
2,2022,DHS 2022,215,Sissala East,GHA13.7_2,Upper West,sissala east,5114.880264240658,272.44476318359375,275.08013916015625,201.90895080566406,200.69091796875,0.28800000000000003,0.1,0.43866334679500807,0.5613366532049919,12306,80619,0.15264391768689764,15.761659283331921,280.6099853515625,NA,1.0736462377822567,-0.2326733104627077,NA,1.3637199307711911,0.09017717015957301,1.1689270915828474,-1.6355501886357997
1,2014,DHS 2014,216,Sissala West,GHA13.8_2,Upper West,sissala west,2058.614571462229,295.7644348144531,294.3809814453125,232.75491333007813,236.99366760253906,0.32299999999999995,0.1,0.38981588032220943,0.6101841196777906,9743,63828,0.15264460738234004,31.005318278041297,237.46697998046875,NA,1.320584371119408,-0.3631934285722028,NA,1.792781273196266,0.3501937254359065,1.4339553044928863,-1.2265689960914024
2,2022,DHS 2022,216,Sissala West,GHA13.8_2,Upper West,sissala west,2058.614571462229,295.7644348144531,294.3809814453125,232.75491333007813,236.99366760253906,0.32299999999999995,0.1,0.38981588032220943,0.6101841196777906,9743,63828,0.15264460738234004,31.005318278041297,304.76153564453125,NA,1.320584371119408,-0.15960785826132395,NA,1.792781273196266,0.3501937254359065,1.4339553044928863,-1.2265689960914024
1,2014,DHS 2014,217,Wa East,GHA13.10_2,Upper West,wa east,4315.34189007743,266.9814758300781,251.68370056152344,272.47314453125,278.5890197753906,0.48700000000000004,0.2,0.2867919977488644,0.7132080022511356,14026,91457,0.15336168909979553,21.193454036699507,270.2486572265625,NA,1.0157940517687825,-0.26401933652217946,NA,2.3452541481936398,1.568557013016444,1.9929246320151643,-1.4580595462645756
2,2022,DHS 2022,217,Wa East,GHA13.10_2,Upper West,wa east,4315.34189007743,266.9814758300781,251.68370056152344,272.47314453125,278.5890197753906,0.48700000000000004,0.2,0.2867919977488644,0.7132080022511356,14026,91457,0.15336168909979553,21.193454036699507,280.6407165527344,NA,1.0157940517687825,-0.2325803396561517,NA,2.3452541481936398,1.568557013016444,1.9929246320151643,-1.4580595462645756
1,2014,DHS 2014,218,Wa Municipal,GHA13.9_2,Upper West,wa,582.14003198375,312.85980224609375,311.6645812988281,224.0468292236328,224.4287109375,0.165,0.1,0.6768541858189259,0.32314581418107413,25987,200672,0.1294998804018498,344.71431094709806,268.2718505859375,NA,1.5016117110025167,-0.2699997505891809,NA,1.6716535160804145,-0.8235952955258298,-0.12340794555167599,0.27813860516703015
2,2022,DHS 2022,218,Wa Municipal,GHA13.9_2,Upper West,wa,582.14003198375,312.85980224609375,311.6645812988281,224.0468292236328,224.4287109375,0.165,0.1,0.6768541858189259,0.32314581418107413,25987,200672,0.1294998804018498,344.71431094709806,310.3161315917969,NA,1.5016117110025167,-0.14280359270653298,NA,1.6716535160804145,-0.8235952955258298,-0.12340794555167599,0.27813860516703015
1,2014,DHS 2014,219,Wa West,GHA13.11_2,Upper West,wa west,1497.6482483553154,272.0302429199219,271.5278015136719,242.1450653076172,242.93043518066406,0.619,0.3,0.3241538707416924,0.6758461292583076,12803,96957,0.13204822756479676,64.73950081835041,289.1882629394531,NA,1.0692567737382561,-0.20672152999871415,NA,1.923396461808699,2.5491908786300463,1.7902129839960172,-0.7714357837870508
2,2022,DHS 2022,219,Wa West,GHA13.11_2,Upper West,wa west,1497.6482483553154,272.0302429199219,271.5278015136719,242.1450653076172,242.93043518066406,0.619,0.3,0.3241538707416924,0.6758461292583076,12803,96957,0.13204822756479676,64.73950081835041,298.35333251953125,NA,1.0692567737382561,-0.17899453337934973,NA,1.923396461808699,2.5491908786300463,1.7902129839960172,-0.7714357837870508
1,2014,DHS 2014,220,Adaklu,GHA14.1_2,Volta,adaklu,804.1013891174575,74.0340347290039,68.67796325683594,63.959903717041016,74.64029693603516,0.332,0.1,0.6660829660044684,0.33391703399553163,4514,38649,0.11679474242541851,48.064834264767605,331.25714111328125,NA,-1.0273771254200181,-0.0794509585410075,NA,-0.5551244976773505,0.4170551253641071,-0.06496730687747712,-0.9564218647076006
2,2022,DHS 2022,220,Adaklu,GHA14.1_2,Volta,adaklu,804.1013891174575,74.0340347290039,68.67796325683594,63.959903717041016,74.64029693603516,0.332,0.1,0.6660829660044684,0.33391703399553163,4514,38649,0.11679474242541851,48.064834264767605,467.9532470703125,NA,-1.0273771254200181,0.33409445261326104,NA,-0.5551244976773505,0.4170551253641071,-0.06496730687747712,-0.9564218647076006
1,2014,DHS 2014,221,Afadzato South,GHA14.2_2,Volta,afadzato south,555.3404538367881,204.2074432373047,200.76638793945313,41.74580383300781,42.24943161010742,0.325,0.1,0.7769216164045442,0.22307838359545584,8147,73146,0.11137997976649441,131.71379735555382,410.63671875,NA,0.35106331816823727,0.1606953122046114,NA,-0.8641183087624864,0.36505181430884026,-0.6663366625072248,-0.3272433501017021
2,2022,DHS 2022,221,Afadzato South,GHA14.2_2,Volta,afadzato south,555.3404538367881,204.2074432373047,200.76638793945313,41.74580383300781,42.24943161010742,0.325,0.1,0.7769216164045442,0.22307838359545584,8147,73146,0.11137997976649441,131.71379735555382,486.0226135253906,NA,0.35106331816823727,0.3887595327020188,NA,-0.8641183087624864,0.36505181430884026,-0.6663366625072248,-0.3272433501017021
1,2014,DHS 2014,222,Agotime Ziope,GHA14.3_2,Volta,agortime ziope,316.89820533555564,76.64714050292969,74.98138427734375,83.43888092041016,79.08750915527344,0.257,0.1,0.6512657674716695,0.34873423252833047,4282,39553,0.10825980330189872,124.81295044924066,318.0519714355469,NA,-0.9997062614284404,-0.11940043102603294,NA,-0.2841757113870855,-0.1401232073708945,0.015425309793189108,-0.3610076729050113
2,2022,DHS 2022,222,Agotime Ziope,GHA14.3_2,Volta,agortime ziope,316.89820533555564,76.64714050292969,74.98138427734375,83.43888092041016,79.08750915527344,0.257,0.1,0.6512657674716695,0.34873423252833047,4282,39553,0.10825980330189872,124.81295044924066,462.0673522949219,NA,-0.9997062614284404,0.31628791190854777,NA,-0.2841757113870855,-0.1401232073708945,0.015425309793189108,-0.3610076729050113
1,2014,DHS 2014,223,Akatsi North,GHA14.4_2,Volta,akatsi north,315.3353167929643,61.581748962402344,62.4668083190918,164.3894805908203,162.42237854003906,0.39299999999999996,0.2,0.5869959140166993,0.41300408598330074,3717,32755,0.11347885818958937,103.87355381923659,309.13134765625,NA,-1.159237652946325,-0.14638790812155086,NA,0.8418313936663094,0.8702268359885746,0.36412966715522493,-0.47611340560606874
2,2022,DHS 2022,223,Akatsi North,GHA14.4_2,Volta,akatsi north,315.3353167929643,61.581748962402344,62.4668083190918,164.3894805908203,162.42237854003906,0.39299999999999996,0.2,0.5869959140166993,0.41300408598330074,3717,32755,0.11347885818958937,103.87355381923659,407.61370849609375,NA,-1.159237652946325,0.1515498284351747,NA,0.8418313936663094,0.8702268359885746,0.36412966715522493,-0.47611340560606874
1,2014,DHS 2014,224,Akatsi South,GHA14.5_2,Volta,akatsi south,538.0613143544646,30.56587791442871,31.114011764526367,140.00018310546875,138.89353942871094,0.301,0.1,0.6623850440952609,0.3376149559047391,10161,92133,0.11028621666503859,171.23141460288025,270.0630798339844,NA,-1.4876728651418991,-0.26458076201837305,NA,0.5025810067935718,0.1867547478336396,-0.04490375587173781,-0.16243627508713332
2,2022,DHS 2022,224,Akatsi South,GHA14.5_2,Volta,akatsi south,538.0613143544646,30.56587791442871,31.114011764526367,140.00018310546875,138.89353942871094,0.301,0.1,0.6623850440952609,0.3376149559047391,10161,92133,0.11028621666503859,171.23141460288025,342.0086364746094,NA,-1.4876728651418991,-0.046924563303960526,NA,0.5025810067935718,0.1867547478336396,-0.04490375587173781,-0.16243627508713332
1,2014,DHS 2014,225,Anloga,GHA14.6_2,Volta,anloga,237.21038178064967,0.756853461265564,0.7648009657859802,165.96371459960938,165.7599639892578,0.316,0.1,0.6467405743545154,0.3532594256454846,9781,94895,0.10307181621792508,400.04572855394736,218.06820678710938,NA,-1.8033284614807716,-0.42188035004645397,NA,0.8637286827059248,0.29819041438064003,0.03997732715482693,0.3720126118836283
2,2022,DHS 2022,225,Anloga,GHA14.6_2,Volta,anloga,237.21038178064967,0.756853461265564,0.7648009657859802,165.96371459960938,165.7599639892578,0.316,0.1,0.6467405743545154,0.3532594256454846,9781,94895,0.10307181621792508,400.04572855394736,245.30941772460938,NA,-1.8033284614807716,-0.33946777729160343,NA,0.8637286827059248,0.29819041438064003,0.03997732715482693,0.3720126118836283
1,2014,DHS 2014,226,Central Tongu,GHA14.7_2,Volta,central tongu,684.8488424637454,35.635658264160156,36.8150520324707,113.19642639160156,112.40742492675781,0.36,0.2,0.5918170238378522,0.4081829761621478,9572,83284,0.11493203976754239,121.60931702882873,281.9547119140625,NA,-1.4339876282393622,-0.22860512216073856,NA,0.12974596141009423,0.6250683695851742,0.3379721156503846,-0.3773169355165513
2,2022,DHS 2022,226,Central Tongu,GHA14.7_2,Volta,central tongu,684.8488424637454,35.635658264160156,36.8150520324707,113.19642639160156,112.40742492675781,0.36,0.2,0.5918170238378522,0.4081829761621478,9572,83284,0.11493203976754239,121.60931702882873,392.2927551269531,NA,-1.4339876282393622,0.10519949595161257,NA,0.12974596141009423,0.6250683695851742,0.3379721156503846,-0.3773169355165513
1,2014,DHS 2014,227,Ho Municipal,GHA14.8_2,Volta,ho,576.0122316331137,176.7630157470703,173.93161010742188,34.06013488769531,35.3011360168457,0.125,0.1,0.8804593657335277,0.11954063426647232,16731,180142,0.09287673057920974,312.73988659799846,353.0608215332031,NA,0.06044706069156499,-0.013488494425407964,NA,-0.9710244697389991,-1.1207570729844973,-1.2280940402141856,0.21677417174081534
2,2022,DHS 2022,227,Ho Municipal,GHA14.8_2,Volta,ho,576.0122316331137,176.7630157470703,173.93161010742188,34.06013488769531,35.3011360168457,0.125,0.1,0.8804593657335277,0.11954063426647232,16731,180142,0.09287673057920974,312.73988659799846,465.0509948730469,NA,0.06044706069156499,0.32531429702807657,NA,-0.9710244697389991,-1.1207570729844973,-1.2280940402141856,0.21677417174081534
1,2014,DHS 2014,228,Ho West,GHA14.9_2,Volta,ho west,1007.0747100573483,252.86241149902344,172.9593048095703,57.639259338378906,83.16596984863281,0.27899999999999997,0.1,0.7837845281044311,0.2162154718955689,8691,83172,0.10449430096667148,82.58771585602,351.3750915527344,NA,0.8662835678491032,-0.018588317079369733,NA,-0.6430434322852042,0.023315770231372344,-0.7035722727551645,-0.6195578061653748
2,2022,DHS 2022,228,Ho West,GHA14.9_2,Volta,ho west,1007.0747100573483,252.86241149902344,172.9593048095703,57.639259338378906,83.16596984863281,0.27899999999999997,0.1,0.7837845281044311,0.2162154718955689,8691,83172,0.10449430096667148,82.58771585602,466.27459716796875,NA,0.8662835678491032,0.32901604925137573,NA,-0.6430434322852042,0.023315770231372344,-0.7035722727551645,-0.6195578061653748
1,2014,DHS 2014,229,Hohoe,GHA14.10_2,Volta,hohoe,686.9766097534965,274.3656921386719,280.02984619140625,38.08106231689453,39.691307067871094,0.188,0.1,0.8146377381708879,0.18536226182911208,12205,114472,0.10661995946607031,166.63158304774782,475.65631103515625,NA,1.0939874594747852,0.35739845774337264,NA,-0.9150941508455448,-0.652727273487096,-0.8709703328163657,-0.17955307284959982
2,2022,DHS 2022,229,Hohoe,GHA14.10_2,Volta,hohoe,686.9766097534965,274.3656921386719,280.02984619140625,38.08106231689453,39.691307067871094,0.188,0.1,0.8146377381708879,0.18536226182911208,12205,114472,0.10661995946607031,166.63158304774782,512.86602783203125,NA,1.0939874594747852,0.469968655145591,NA,-0.9150941508455448,-0.652727273487096,-0.8709703328163657,-0.17955307284959982
1,2014,DHS 2014,230,Keta Municipal,GHA14.11_2,Volta,keta,518.7177627387615,3.1676924228668213,3.380154848098755,161.48013305664063,161.91529846191406,0.252,0.1,0.7139165583946875,0.2860834416053125,7697,78862,0.09760087241003272,152.0325804607481,246.84901428222656,NA,-1.7777994539382092,-0.33481005067259034,NA,0.8013629350274124,-0.177268429553228,-0.3244946155313761,-0.23716747284378561
2,2022,DHS 2022,230,Keta Municipal,GHA14.11_2,Volta,keta,518.7177627387615,3.1676924228668213,3.380154848098755,161.48013305664063,161.91529846191406,0.252,0.1,0.7139165583946875,0.2860834416053125,7697,78862,0.09760087241003272,152.0325804607481,275.03057861328125,NA,-1.7777994539382092,-0.24955263586430107,NA,0.8013629350274124,-0.177268429553228,-0.3244946155313761,-0.23716747284378561
1,2014,DHS 2014,231,Ketu North,GHA14.12_2,Volta,ketu north,425.31277786132046,31.228496551513672,32.91273880004883,144.86392211914063,145.75375366210938,0.272,0.1,0.6325739558137417,0.36742604418625835,13095,114993,0.11387649683024184,270.3727844205404,274.91888427734375,NA,-1.480656222199996,-0.2498905436617141,NA,0.5702346709889932,-0.028687540823894103,0.1168401383904977,0.12504490085516806
2,2022,DHS 2022,231,Ketu North,GHA14.12_2,Volta,ketu north,425.31277786132046,31.228496551513672,32.91273880004883,144.86392211914063,145.75375366210938,0.272,0.1,0.6325739558137417,0.36742604418625835,13095,114993,0.11387649683024184,270.3727844205404,315.46063232421875,NA,-1.480656222199996,-0.1272399842505497,NA,0.5702346709889932,-0.028687540823894103,0.1168401383904977,0.12504490085516806
1,2014,DHS 2014,232,Ketu South,GHA14.13_2,Volta,ketu south,279.29480111503545,13.808403968811035,12.492998123168945,117.56414794921875,121.63129425048828,0.256,0.1,0.6464295340688347,0.35357046593116526,30691,253122,0.12124983209677546,906.2896945788281,232.36404418945313,NA,-1.6651221620737136,-0.3786312910117718,NA,0.19050011921492566,-0.1475522518073612,0.04166491623588746,0.8882193735309386
2,2022,DHS 2022,232,Ketu South,GHA14.13_2,Volta,ketu south,279.29480111503545,13.808403968811035,12.492998123168945,117.56414794921875,121.63129425048828,0.256,0.1,0.6464295340688347,0.35357046593116526,30691,253122,0.12124983209677546,906.2896945788281,260.2847900390625,NA,-1.6651221620737136,-0.2941629278402558,NA,0.19050011921492566,-0.1475522518073612,0.04166491623588746,0.8882193735309386
1,2014,DHS 2014,233,Kpando,GHA14.14_2,Volta,kpando,315.4125308824545,119.82819366455078,111.33484649658203,61.79096221923828,72.38053894042969,0.23399999999999999,0.1,0.7855093956719418,0.21449060432805822,5882,58552,0.1004577128022954,185.63625178804548,359.1839904785156,NA,-0.54245073776350194,0.005035869537470944,NA,-0.5852940522812029,-0.3109912294096285,-0.7129307636234351,-0.11164777519661949
2,2022,DHS 2022,233,Kpando,GHA14.14_2,Volta,kpando,315.4125308824545,119.82819366455078,111.33484649658203,61.79096221923828,72.38053894042969,0.23399999999999999,0.1,0.7855093956719418,0.21449060432805822,5882,58552,0.1004577128022954,185.63625178804548,395.38507080078125,NA,-0.54245073776350194,0.11455464873960801,NA,-0.5852940522812029,-0.3109912294096285,-0.7129307636234351,-0.11164777519661949
1,2014,DHS 2014,234,North Dayi,GHA14.15_2,Volta,north dayi,464.74380934685655,143.7481231689453,118.3119888305664,79.14701843261719,90.3196792602539,0.301,0.1,0.7794920966992097,0.2205079033007903,3907,39268,0.09949577263929918,84.49386352275809,356.4116516113281,NA,-0.289156316003509,-0.003351260503017541,NA,-0.343874684277258,0.1867547478336396,-0.6802831340032448,-0.6053005287409934
2,2022,DHS 2022,234,North Dayi,GHA14.15_2,Volta,north dayi,464.74380934685655,143.7481231689453,118.3119888305664,79.14701843261719,90.3196792602539,0.301,0.1,0.7794920966992097,0.2205079033007903,3907,39268,0.09949577263929918,84.49386352275809,441.491455078125,NA,-0.289156316003509,0.2540398484775166,NA,-0.343874684277258,0.1867547478336396,-0.6802831340032448,-0.6053005287409934
1,2014,DHS 2014,235,North Tongu,GHA14.16_2,Volta,north tongu,1136.5885537730858,30.580108642578125,30.59104347229004,122.83409881591797,125.04582977294922,0.384,0.2,0.6359093228989452,0.3640906771010548,14114,111410,0.12668521676689704,98.02139888718469,277.6803894042969,NA,-1.4875221722204517,-0.24153618883108396,NA,0.26380411132055387,0.8033654360603748,0.09874367522013638,-0.5124200903295381
2,2022,DHS 2022,235,North Tongu,GHA14.16_2,Volta,north tongu,1136.5885537730858,30.580108642578125,30.59104347229004,122.83409881591797,125.04582977294922,0.384,0.2,0.6359093228989452,0.3640906771010548,14114,111410,0.12668521676689704,98.02139888718469,394.3792419433594,NA,-1.4875221722204517,0.11151172439672945,NA,0.26380411132055387,0.8033654360603748,0.09874367522013638,-0.5124200903295381
1,2014,DHS 2014,236,South Dayi,GHA14.17_2,Volta,south dayi,359.753006794938,170.20736694335938,149.05348205566406,65.01482391357422,86.66553497314453,0.29,0.1,0.7551469558432204,0.24485304415677955,6177,57518,0.1073924684446608,159.88191596348688,363.28485107421875,NA,-0.008972427885626908,0.017442163551943238,NA,-0.5404507628143967,0.10503525903250598,-0.5481954406179805,-0.205539597955378
2,2022,DHS 2022,236,South Dayi,GHA14.17_2,Volta,south dayi,359.753006794938,170.20736694335938,149.05348205566406,65.01482391357422,86.66553497314453,0.29,0.1,0.7551469558432204,0.24485304415677955,6177,57518,0.1073924684446608,159.88191596348688,455.3676452636719,NA,-0.008972427885626908,0.2960193528339949,NA,-0.5404507628143967,0.10503525903250598,-0.5481954406179805,-0.205539597955378
1,2014,DHS 2014,237,South Tongu,GHA14.18_2,Volta,south tongu,646.1562648348638,8.113564491271973,8.720300674438477,131.29481506347656,130.58770751953125,0.324,0.1,0.6657019856636731,0.3342980143363269,12838,113114,0.11349611895963364,175.05672568060328,226.72500610351563,NA,-1.72542631440051,-0.3956910185543884,NA,0.3814910296062749,0.35762276987237357,-0.0629002490305558,-0.1485462352728202
2,2022,DHS 2022,237,South Tongu,GHA14.18_2,Volta,south tongu,646.1562648348638,8.113564491271973,8.720300674438477,131.29481506347656,130.58770751953125,0.324,0.1,0.6657019856636731,0.3342980143363269,12838,113114,0.11349611895963364,175.05672568060328,267.0617980957031,NA,-1.72542631440051,-0.27366051071902336,NA,0.3814910296062749,0.35762276987237357,-0.0629002490305558,-0.1485462352728202
1,2014,DHS 2014,238,Ahanta West,GHA15.1_2,Western,ahanta west,556.7794671514299,NA,37.05782699584961,NA,151.8085174560547,0.272,0.1,0.7077146348915369,0.29228536510846315,17713,153140,0.11566540420530234,275.0460622829502,286.86785888671875,NA,NA,-0.2137414260031673,NA,NA,-0.028687540823894103,-0.29084528177196634,0.13584108700554554
2,2022,DHS 2022,238,Ahanta West,GHA15.1_2,Western,ahanta west,556.7794671514299,NA,37.05782699584961,NA,151.8085174560547,0.272,0.1,0.7077146348915369,0.29228536510846315,17713,153140,0.11566540420530234,275.0460622829502,491.9053955078125,NA,NA,0.40655665630418125,NA,NA,-0.028687540823894103,-0.29084528177196634,0.13584108700554554
1,2014,DHS 2014,239,Effia Kwesimintsim,GHA15.2_2,Western,effia kwesimintsim,105.36847424500817,29.558940887451172,29.34805679321289,126.41146850585938,128.90354919433594,0.09300000000000001,0,0.8974752543440188,0.10252474565598124,17400,173975,0.10001436988073,1651.1105550932095,320.0897521972656,NA,-1.4983355860311953,-0.11323555253847649,NA,0.31356462828617543,-1.358486494951431,-1.3204159327329308,1.2671906985165802
2,2022,DHS 2022,239,Effia Kwesimintsim,GHA15.2_2,Western,effia kwesimintsim,105.36847424500817,29.558940887451172,29.34805679321289,126.41146850585938,128.90354919433594,0.09300000000000001,0,0.8974752543440188,0.10252474565598124,17400,173975,0.10001436988073,1651.1105550932095,555.40313720703125,NA,-1.4983355860311953,0.5986557619409227,NA,0.31356462828617543,-1.358486494951431,-1.3204159327329308,1.2671906985165802
1,2014,DHS 2014,240,Ellembelle,GHA15.3_2,Western,ellembelle,1000.0960243044703,59.81222152709961,59.009796142578125,279.9436340332031,278.37164306640625,0.33299999999999996,0.1,0.6902535804467149,0.3097464195532851,14668,120893,0.12133043269668219,120.88139244836674,425.31695556640625,NA,-1.177975644144464,0.2051072910797893,NA,2.4491672049427526,0.4244841698005734,-0.19610808475453204,-0.38108209400753595
2,2022,DHS 2022,240,Ellembelle,GHA15.3_2,Western,ellembelle,1000.0960243044703,59.81222152709961,59.009796142578125,279.9436340332031,278.37164306640625,0.33299999999999996,0.1,0.6902535804467149,0.3097464195532851,14668,120893,0.12133043269668219,120.88139244836674,727.03118896484375,NA,-1.177975644144464,1.1178804518680894,NA,2.4491672049427526,0.4244841698005734,-0.19610808475453204,-0.38108209400753595
1,2014,DHS 2014,241,Jomoro,GHA15.4_2,Western,jomoro,1501.4498321203816,55.774147033691406,55.92424774169922,260.90106201171875,261.5924987792969,0.312,0.1,0.6615964977645306,0.33840350223546944,15366,126576,0.12139742131209708,84.30251700201431,403.5830993652344,NA,-1.2207358765123602,0.1393560654998403,NA,2.18428872989768,0.26847423663477327,-0.04062539631860509,-0.6067173009962274
2,2022,DHS 2022,241,Jomoro,GHA15.4_2,Western,jomoro,1501.4498321203816,55.774147033691406,55.92424774169922,260.90106201171875,261.5924987792969,0.312,0.1,0.6615964977645306,0.33840350223546944,15366,126576,0.12139742131209708,84.30251700201431,767.30584716796875,NA,-1.2207358765123602,1.2397229869505764,NA,2.18428872989768,0.26847423663477327,-0.04062539631860509,-0.6067173009962274
1,2014,DHS 2014,242,Mpohor,GHA15.5_2,Western,mpohor,526.9810571531286,52.633968353271484,63.31778335571289,149.4550018310547,163.77862548828125,0.314,0.1,0.6953673373888629,0.3046326626111371,5831,52028,0.11207426770200661,98.7284064460819,375.7276916503906,NA,-1.2539880540714075,0.05508536915735745,NA,0.634095697300468,0.28333232550770665,-0.2238534308594011,-0.5079214928886855
2,2022,DHS 2022,242,Mpohor,GHA15.5_2,Western,mpohor,526.9810571531286,52.633968353271484,63.31778335571289,149.4550018310547,163.77862548828125,0.314,0.1,0.6953673373888629,0.3046326626111371,5831,52028,0.11207426770200661,98.7284064460819,704.80816650390625,NA,-1.2539880540714075,1.050649356319634,NA,0.634095697300468,0.28333232550770665,-0.2238534308594011,-0.5079214928886855
1,2014,DHS 2014,243,Nzema East,GHA15.6_2,Western,nzema east,1088.756852195399,57.38227081298828,56.717037200927734,294.1933288574219,290.787109375,0.382,0.2,0.5935943682364542,0.4064056317635458,11702,94621,0.12367233489394532,86.90737496549724,403.949462890625,NA,-1.2037070310585865,0.14046442154026195,NA,2.647377689883458,0.7885073471874414,0.32832890498459777,-0.5876976713916101
2,2022,DHS 2022,243,Nzema East,GHA15.6_2,Western,nzema east,1088.756852195399,57.38227081298828,56.717037200927734,294.1933288574219,290.787109375,0.382,0.2,0.5935943682364542,0.4064056317635458,11702,94621,0.12367233489394532,86.90737496549724,696.39093017578125,NA,-1.2037070310585865,1.025184772425845,NA,2.647377689883458,0.7885073471874414,0.32832890498459777,-0.5876976713916101
1,2014,DHS 2014,244,Prestea-Huni Valley,GHA15.7_2,Western,prestea/huni valley,1817.4639614987448,90.95265197753906,90.19673919677734,187.24851989746094,189.35736083984375,0.295,0.1,0.6968046850919553,0.30319531490804474,28332,229301,0.12355811793232475,126.16536275685506,456.6394348144531,NA,-0.8482214396911346,0.29986688549776264,NA,1.1597961867471531,0.14218048121483945,-0.23165194571775188,-0.35424703129387775
2,2022,DHS 2022,244,Prestea-Huni Valley,GHA15.7_2,Western,prestea/huni valley,1817.4639614987448,90.95265197753906,90.19673919677734,187.24851989746094,189.35736083984375,0.295,0.1,0.6968046850919553,0.30319531490804474,28332,229301,0.12355811793232475,126.16536275685506,670.258544921875,NA,-0.8482214396911346,0.9461267193188644,NA,1.1597961867471531,0.14218048121483945,-0.23165194571775188,-0.35424703129387775
1,2014,DHS 2014,245,Sekondi Takoradi,GHA15.8_2,Western,sekondi takoradi metropolitan area,87.20065416502426,29.09341049194336,30.014123916625977,113.65890502929688,114.77400970458984,0.10400000000000001,0,0.890000185818344,0.10999981418165605,23556,245382,0.09599726141281757,2813.992651197581,305.4916687011719,NA,-1.503265209771106,-0.1573989937659397,NA,0.1361789493570716,-1.2767670061502976,-1.2798589868810335,1.6041509045046842
2,2022,DHS 2022,245,Sekondi Takoradi,GHA15.8_2,Western,sekondi takoradi metropolitan area,87.20065416502426,29.09341049194336,30.014123916625977,113.65890502929688,114.77400970458984,0.10400000000000001,0,0.890000185818344,0.10999981418165605,23556,245382,0.09599726141281757,2813.992651197581,514.72674560546875,NA,-1.503265209771106,0.47559786668216647,NA,0.1361789493570716,-1.2767670061502976,-1.2798589868810335,1.6041509045046842
1,2014,DHS 2014,246,Shama,GHA15.9_2,Western,shama,194.59328107702837,22.238740921020508,21.180269241333008,111.22660064697266,111.65269470214844,0.22,0.1,0.7539857615562018,0.24601423844379822,14136,117224,0.12058964034668669,602.4051773586042,320.4972229003906,NA,-1.5758511078609703,-0.11200283534966268,NA,0.10234606822585633,-0.414997851520162,-0.5418952316419168,0.6303185077020317
2,2022,DHS 2022,246,Shama,GHA15.9_2,Western,shama,194.59328107702837,22.238740921020508,21.180269241333008,111.22660064697266,111.65269470214844,0.22,0.1,0.7539857615562018,0.24601423844379822,14136,117224,0.12058964034668669,602.4051773586042,563.76824951171875,NA,-1.5758511078609703,0.6239626555292525,NA,0.10234606822585633,-0.414997851520162,-0.5418952316419168,0.6303185077020317
1,2014,DHS 2014,247,Tarkwa Nsuaem,GHA15.10_2,Western,tarkwa nsuaem,909.3725879680289,81.07524871826172,81.132171630859375,200.06076049804688,201.35813903808594,0.182,0.1,0.7932796695440343,0.20672033045596572,24517,219109,0.11189408011537637,240.9452438956773,411.381103515625,NA,-0.9528158594443066,0.16294729225775298,NA,1.3380119628705103,-0.6973015401058962,-0.7550893840564725,0.052467426028855464
2,2022,DHS 2022,247,Tarkwa Nsuaem,GHA15.10_2,Western,tarkwa nsuaem,909.3725879680289,81.07524871826172,81.132171630859375,200.06076049804688,201.35813903808594,0.182,0.1,0.7932796695440343,0.20672033045596572,24517,219109,0.11189408011537637,240.9452438956773,702.940673828125,NA,-0.9528158594443066,1.0449996487363302,NA,1.3380119628705103,-0.6973015401058962,-0.7550893840564725,0.052467426028855464
1,2014,DHS 2014,248,Wassa Amenfi Central,GHA15.11_2,Western,wassa amenfi central,1853.9668013984453,114.90814971923828,116.08162689208984,195.77674865722656,198.0938262939453,0.376,0.2,0.5941095213607994,0.4058904786392006,15529,117999,0.13160281019330672,63.6467707571643,401.9545593261719,NA,-0.5945503765158959,0.1344292590241168,NA,1.278422190953604,0.7439330805686413,0.32553387544102314,-0.7820343995306012
2,2022,DHS 2022,248,Wassa Amenfi Central,GHA15.11_2,Western,wassa amenfi central,1853.9668013984453,114.90814971923828,116.08162689208984,195.77674865722656,198.0938262939453,0.376,0.2,0.5941095213607994,0.4058904786392006,15529,117999,0.13160281019330672,63.6467707571643,613.1424560546875,NA,-0.5945503765158959,0.773333966454862,NA,1.278422190953604,0.7439330805686413,0.32553387544102314,-0.7820343995306012
1,2014,DHS 2014,249,Wassa Amenfi East,GHA15.12_2,Western,wassa amenfi east,1564.9534392684518,128.54322814941406,126.2804183959961,133.60140991210938,136.47471618652344,0.355,0.2,0.6220784477580759,0.37792155224192414,21728,179696,0.12091532365773305,114.82514143296181,354.8987731933594,NA,-0.45016494653421385,-0.007928156991802448,NA,0.4135753155611012,0.5879231474028407,0.17378486745080612,-0.41330870961785354
2,2022,DHS 2022,249,Wassa Amenfi East,GHA15.12_2,Western,wassa amenfi east,1564.9534392684518,128.54322814941406,126.2804183959961,133.60140991210938,136.47471618652344,0.355,0.2,0.6220784477580759,0.37792155224192414,21728,179696,0.12091532365773305,114.82514143296181,520.5885009765625,NA,-0.45016494653421385,0.4933313786798433,NA,0.4135753155611012,0.5879231474028407,0.17378486745080612,-0.41330870961785354
1,2014,DHS 2014,250,Wassa Amenfi West,GHA15.13_2,Western,wassa amenfi west,1454.635972049192,111.20932006835938,110.32536315917969,248.52908325195313,247.13633728027344,0.249,0.1,0.6466702117112652,0.35332978828873485,16304,131000,0.12445801526717558,90.05689568879293,415.359619140625,NA,-0.6337182560631983,0.17498345721216277,NA,2.012196910395595,-0.19955556286262807,0.0403590887269776,-0.5654399382296039
2,2022,DHS 2022,250,Wassa Amenfi West,GHA15.13_2,Western,wassa amenfi west,1454.635972049192,111.20932006835938,110.32536315917969,248.52908325195313,247.13633728027344,0.249,0.1,0.6466702117112652,0.35332978828873485,16304,131000,0.12445801526717558,90.05689568879293,643.6195068359375,NA,-0.6337182560631983,0.8655358942849302,NA,2.012196910395595,-0.19955556286262807,0.0403590887269776,-0.5654399382296039
1,2014,DHS 2014,251,Wassa East,GHA15.14_2,Western,wassa east,1659.824462157596,85.6119155883789,92.08287811279297,183.18235778808594,192.665771484375,0.38,0.2,0.6265132957006426,0.3734867042993574,12516,99641,0.12561094328639816,60.03104681953973,407.70098876953125,NA,-0.9047759013259963,0.15181387660473786,NA,1.1032366622458325,0.773649258314508,0.14972302945556956,-0.8184271143129195
2,2022,DHS 2022,251,Wassa East,GHA15.14_2,Western,wassa east,1659.824462157596,85.6119155883789,92.08287811279297,183.18235778808594,192.665771484375,0.38,0.2,0.6265132957006426,0.3734867042993574,12516,99641,0.12561094328639816,60.03104681953973,640.8485107421875,NA,-0.9047759013259963,0.8571528265239734,NA,1.1032366622458325,0.773649258314508,0.14972302945556956,-0.8184271143129195
1,2014,DHS 2014,252,Aowin,GHA16.1_2,Western North,aowin,2620.492692092326,133.0750274658203,133.1461639404297,250.23373413085938,250.74044799804688,0.371,0.2,0.5447370277611203,0.4552629722388797,16076,133257,0.12063906586520783,50.85188766300328,411.1534118652344,NA,-0.4021765322217651,0.16225845890351842,NA,2.035908272746201,0.7067878583863078,0.5934106905655473,-0.9214876841228398
2,2022,DHS 2022,252,Aowin,GHA16.1_2,Western North,aowin,2620.492692092326,133.0750274658203,133.1461639404297,250.23373413085938,250.74044799804688,0.371,0.2,0.5447370277611203,0.4552629722388797,16076,133257,0.12063906586520783,50.85188766300328,683.95684814453125,NA,-0.4021765322217651,0.9875680639619218,NA,2.035908272746201,0.7067878583863078,0.5934106905655473,-0.9214876841228398
1,2014,DHS 2014,253,Bia East,GHA16.2_2,Western North,bia east,786.3121377668783,221.16632080078125,221.64471435546875,198.29750061035156,199.53811645507813,0.375,0.2,0.5659667462713468,0.4340332537286532,7192,53073,0.13551146534019182,67.49609658923363,337.251220703125,NA,0.5306453309559479,-0.06131712736038462,NA,1.3134853606009251,0.7365040361321745,0.47822612187391067,-0.7454626471654974
2,2022,DHS 2022,253,Bia East,GHA16.2_2,Western North,bia east,786.3121377668783,221.16632080078125,221.64471435546875,198.29750061035156,199.53811645507813,0.375,0.2,0.5659667462713468,0.4340332537286532,7192,53073,0.13551146534019182,67.49609658923363,518.4080810546875,NA,0.5306453309559479,0.4867349753165741,NA,1.3134853606009251,0.7365040361321745,0.47822612187391067,-0.7454626471654974
1,2014,DHS 2014,254,Bia West,GHA16.3_2,Western North,bia west,1291.7411915580617,NA,196.1895294189453,NA,214.80392456054688,0.33299999999999996,0.1,0.561965481311834,0.438034518688166,15674,115881,0.13525944719151545,89.70914665981009,364.02935791015625,NA,NA,0.019694512903224083,NA,NA,0.4244841698005734,0.4999354996200372,-0.5678593604193094
2,2022,DHS 2022,254,Bia West,GHA16.3_2,Western North,bia west,1291.7411915580617,NA,196.1895294189453,NA,214.80392456054688,0.33299999999999996,0.1,0.561965481311834,0.438034518688166,15674,115881,0.13525944719151545,89.70914665981009,537.45806884765625,NA,NA,0.5443667196824555,NA,NA,0.4244841698005734,0.4999354996200372,-0.5678593604193094
1,2014,DHS 2014,255,Bibiani-Anhwiaso-Bekwai-,GHA16.4_2,Western North,bibiani anhwiaso bekwai,837.3442203398749,190.61416625976563,190.67770385742188,144.44656372070313,144.01437377929688,0.18899999999999997,0.1,0.7204452477023089,0.2795547522976911,20497,167971,0.1220270165683362,200.59970072023808,371.970458984375,NA,0.20712053475758296,0.04371864940487164,NA,0.5644292967989597,-0.6452982290506295,-0.35991685919691624,-0.06288267775459729
2,2022,DHS 2022,255,Bibiani-Anhwiaso-Bekwai-,GHA16.4_2,Western North,bibiani anhwiaso bekwai,837.3442203398749,190.61416625976563,190.67770385742188,144.44656372070313,144.01437377929688,0.18899999999999997,0.1,0.7204452477023089,0.2795547522976911,20497,167971,0.1220270165683362,200.59970072023808,650.95562744140625,NA,0.20712053475758296,0.8877297892084587,NA,0.5644292967989597,-0.6452982290506295,-0.35991685919691624,-0.06288267775459729
1,2014,DHS 2014,256,Bodi,GHA16.5_2,Western North,bodi,664.9085484243976,181.6751708984375,175.20840454101563,145.02621459960938,145.5869598388672,0.258,0.1,0.597477349440398,0.402522650559602,7714,65748,0.11732676279126361,98.88277140638353,383.404296875,NA,0.11246316293101082,0.0783093289157868,NA,0.5724921278435265,-0.13269416293442782,0.30726129096990645,-0.5069435310470306
2,2022,DHS 2022,256,Bodi,GHA16.5_2,Western North,bodi,664.9085484243976,181.6751708984375,175.20840454101563,145.02621459960938,145.5869598388672,0.258,0.1,0.597477349440398,0.402522650559602,7714,65748,0.11732676279126361,98.88277140638353,604.94036865234375,NA,0.11246316293101082,0.7485202705314996,NA,0.5724921278435265,-0.13269416293442782,0.30726129096990645,-0.5069435310470306
1,2014,DHS 2014,257,Juaboso,GHA16.6_2,Western North,juaboso,1374.985961011023,211.53919982910156,211.12657165527344,179.55548095703125,179.8445281982422,0.245,0.1,0.6096606607003583,0.3903393392996417,10719,88814,0.12069043168869772,64.59265950227982,394.0918273925781,NA,0.4287012161421015,0.11064221192786722,NA,1.0527875105712476,-0.22927174060849484,0.24115916851178268,-0.7728497379012929
2,2022,DHS 2022,257,Juaboso,GHA16.6_2,Western North,juaboso,1374.985961011023,211.53919982910156,211.12657165527344,179.55548095703125,179.8445281982422,0.245,0.1,0.6096606607003583,0.3903393392996417,10719,88814,0.12069043168869772,64.59265950227982,610.06597900390625,NA,0.4287012161421015,0.7640267301004341,NA,1.0527875105712476,-0.22927174060849484,0.24115916851178268,-0.7728497379012929
1,2014,DHS 2014,258,Sefwi-Akontombra,GHA16.8_2,Western North,sefwi akontombra,1124.4428656388732,205.47935485839844,205.73455810546875,192.70944213867188,194.66958618164063,0.32899999999999996,0.1,0.6012725157742607,0.39872748422573934,8085,66689,0.12123438648052902,59.308482483109,386.9667053222656,NA,0.3645319246930002,0.0890866488380309,NA,1.2357565535484292,0.39476799205470664,0.2866701278290284,-0.8259578482623691
2,2022,DHS 2022,258,Sefwi-Akontombra,GHA16.8_2,Western North,sefwi akontombra,1124.4428656388732,205.47935485839844,205.73455810546875,192.70944213867188,194.66958618164063,0.32899999999999996,0.1,0.6012725157742607,0.39872748422573934,8085,66689,0.12123438648052902,59.308482483109,584.058349609375,NA,0.3645319246930002,0.6853460996917663,NA,1.2357565535484292,0.39476799205470664,0.2866701278290284,-0.8259578482623691
1,2014,DHS 2014,259,Sefwi-Wiawso,GHA16.7_2,Western North,sefwi wiawso,1015.7256581934138,189.02239990234375,189.3379364013672,131.20501708984375,134.30081176757813,0.18600000000000003,0.1,0.7037803648786943,0.29621963512130567,17164,151220,0.11350350482740379,148.87878314402568,377.5915832519531,NA,0.19026490234419682,0.06072418244555342,NA,0.3802419572492865,-0.6675853623600292,-0.2694993937269877,-0.2503346252274221
2,2022,DHS 2022,259,Sefwi-Wiawso,GHA16.7_2,Western North,sefwi wiawso,1015.7256581934138,189.02239990234375,189.3379364013672,131.20501708984375,134.30081176757813,0.18600000000000003,0.1,0.7037803648786943,0.29621963512130567,17164,151220,0.11350350482740379,148.87878314402568,613.9266357421875,NA,0.19026490234419682,0.7757063377013989,NA,0.3802419572492865,-0.6675853623600292,-0.2694993937269877,-0.2503346252274221
1,2014,DHS 2014,260,Suaman,GHA16.9_2,Western North,suaman,401.5771648049845,143.3386993408203,143.41612243652344,168.13499450683594,167.74505615234375,0.245,0.1,0.6373506729169817,0.36264932708301834,4213,38268,0.11009198285774015,95.29426310528353,356.58465576171875,NA,-0.29349181255171714,-0.002827872715166618,NA,0.8939307641302885,-0.22927174060849484,0.09092344528721287,-0.5300786741809194
2,2022,DHS 2022,260,Suaman,GHA16.9_2,Western North,suaman,401.5771648049845,143.3386993408203,143.41612243652344,168.13499450683594,167.74505615234375,0.245,0.1,0.6373506729169817,0.36264932708301834,4213,38268,0.11009198285774015,95.29426310528353,583.64501953125,NA,-0.29349181255171714,0.6840956561922685,NA,0.8939307641302885,-0.22927174060849484,0.09092344528721287,-0.5300786741809194
