time,year,label,district_id,district_name,district_code,region,name_clean,area_km2,elev_mean_pw,elev_mean_uw,travel_time_pw,travel_time_uw,rainfall_sep_dec,nightlights,temp_sep_dec,elev_std,rainfall_std,ntl_std,temp_std,travel_std,country
1,2014,DHS 2014,1,Asunafo North,GHA1.1_2,Ahafo,asunafo north,1417.5245785172697,230.9906768798828,231.10789489746094,123.286865234375,124.16492462158203,324.17681884765625,0.030972043052315712,8.709345817565918,0.6346780201728257,-0.10087098921373935,-0.6004585634415182,-0.6625680867149133,0.27010200418593,GHA
2,2022,DHS 2022,1,Asunafo North,GHA1.1_2,Ahafo,asunafo north,1417.5245785172697,230.9906768798828,231.10789489746094,123.286865234375,124.16492462158203,498.60443115234375,0.15810589492321014,8.790083885192871,0.6346780201728257,0.4268231842389682,-0.4889394037720091,-0.13759036720884205,0.27010200418593,GHA
1,2014,DHS 2014,2,Asunafo South,GHA1.2_2,Ahafo,asunafo south,927.4042481016039,209.552001953125,213.5439910888672,101.25437927246094,106.18099212646484,347.8316955566406,0.01645754650235176,8.704545021057129,0.4076582554249432,-0.029308118816425765,-0.6140561175276554,-0.6937839837146009,-0.03636559254730016,GHA
2,2022,DHS 2022,2,Asunafo South,GHA1.2_2,Ahafo,asunafo south,927.4042481016039,209.552001953125,213.5439910888672,101.25437927246094,106.18099212646484,573.7142333984375,0.08523442596197128,8.771869659423828,0.4076582554249432,0.6540521446699288,-0.5512663290404407,-0.2560235052297073,-0.03636559254730016,GHA
1,2014,DHS 2014,3,Asutifi North,GHA1.3_2,Ahafo,asutifi north,940.1355478956202,256.3790283203125,256.49298095703125,101.65795135498047,101.95581817626953,318.09124755859375,0.2529907524585724,8.610567092895508,0.9035219478424988,-0.1192816093497295,-0.4134185039874036,-1.3048503599641494,-0.03075198333169983,GHA
2,2022,DHS 2022,3,Asutifi North,GHA1.3_2,Ahafo,asutifi north,940.1355478956202,256.3790283203125,256.49298095703125,101.65795135498047,101.95581817626953,500.54595947265625,0.4510170817375183,8.713536262512207,0.9035219478424988,0.4326968711437267,-0.2726991819729018,-0.635320837724721,-0.03075198333169983,GHA
1,2014,DHS 2014,4,Asutifi South,GHA1.4_2,Ahafo,asutifi south,599.7596913577988,200.98391723632813,201.39442443847656,76.958892822265625,77.93331146240234,324.8949890136719,0.055902402848005295,8.679309844970703,0.31692855392089053,-0.09869831593600152,-0.5775439041205405,-0.8578689758696937,-0.374311086157376,GHA
2,2022,DHS 2022,4,Asutifi South,GHA1.4_2,Ahafo,asutifi south,599.7596913577988,200.98391723632813,201.39442443847656,76.958892822265625,77.93331146240234,506.434326171875,0.34049248695373535,8.732683181762695,0.31692855392089053,0.45051089013575973,-0.3486806042751714,-0.5108231094643455,-0.374311086157376,GHA
1,2014,DHS 2014,5,Tano North,GHA1.5_2,Ahafo,tano north,841.0711354108049,271.2559509277344,271.4891662597656,57.303585052490234,57.58964538574219,337.7601318359375,0.0515081062912941,8.5706939697265625,1.0610575922817016,-0.05977752341785472,-0.5815433642268588,-1.56411469320947,-0.6477125963486364,GHA
2,2022,DHS 2022,5,Tano North,GHA1.5_2,Ahafo,tano north,841.0711354108049,271.2559509277344,271.4891662597656,57.303585052490234,57.58964538574219,456.0090637207031,0.2657714784145355,8.685652732849121,1.0610575922817016,0.2979598299066798,-0.4036858205848866,-0.8166260416335152,-0.6477125963486364,GHA
1,2014,DHS 2014,6,Tano South,GHA1.6_2,Ahafo,tano south,491.213456441849,297.5416564941406,296.81390380859375,69.84822845458984,68.97888946533203,352.0978698730469,0.06585519760847092,8.59488582611084,1.3394038386940539,-0.016401702796875247,-0.5685465878734226,-1.4068136087456085,-0.4732190452367651,GHA
2,2022,DHS 2022,6,Tano South,GHA1.6_2,Ahafo,tano south,491.213456441849,297.5416564941406,296.81390380859375,69.84822845458984,68.97888946533203,449.6359558105469,0.3531927466392517,8.632251739501953,1.3394038386940539,0.27867932800368816,-0.3396372510938414,-1.1638517374017936,-0.4732190452367651,GHA
1,2014,DHS 2014,7,Adansi Akrofuom,GHA2.1_2,Ashanti,adansi akrofuom,570.8592388209779,159.87557983398438,158.759521484375,81.63334655761719,81.15028381347656,355.55572509765625,0.03343765065073967,8.720550537109375,-0.11837843767907977,-0.005940686730898089,-0.5981677548930847,-0.5897123906780974,-0.3092903433873482,GHA
2,2022,DHS 2022,7,Adansi Akrofuom,GHA2.1_2,Ashanti,adansi akrofuom,570.8592388209779,159.87557983398438,158.759521484375,81.63334655761719,81.15028381347656,516.64093017578125,0.15663227438926697,8.76009464263916,-0.11837843767907977,0.4813888308037331,-0.4901604844765056,-0.3325874067503955,-0.3092903433873482,GHA
1,2014,DHS 2014,8,Adansi Asokwa,GHA2.2_2,Ashanti,adansi asokwa,598.6514356838657,192.9258575439453,186.77346801757813,67.12586975097656,65.36528015136719,335.75433349609375,0.02198806405067444,8.723310470581055,0.23159964147929532,-0.06584564579292788,-0.6088522260568698,-0.5717666604601601,-0.5110865255921082,GHA
2,2022,DHS 2022,8,Adansi Asokwa,GHA2.2_2,Ashanti,adansi asokwa,598.6514356838657,192.9258575439453,186.77346801757813,67.12586975097656,65.36528015136719,576.4664306640625,0.2326153814792633,8.701547622680664,0.23159964147929532,0.6623783405174412,-0.42914179524138785,-0.7132737660487326,-0.5110865255921082,GHA
1,2014,DHS 2014,9,Adansi North,GHA2.3_2,Ashanti,adansi north,259.0451784491107,261.3394775390625,263.4306945800781,29.379810333251953,29.478504180908203,315.7808532714844,0.1825079619884491,8.726622581481934,0.9560494486573426,-0.12627122290676424,-0.46894202381483197,-0.5502305439961324,-1.036126874461338,GHA
2,2022,DHS 2022,9,Adansi North,GHA2.3_2,Ashanti,adansi north,259.0451784491107,261.3394775390625,263.4306945800781,29.379810333251953,29.478504180908203,563.7161865234375,0.9561267495155334,8.752702713012695,0.9560494486573426,0.6238051498728626,0.01376353462671841,-0.3806514547528944,-1.036126874461338,GHA
1,2014,DHS 2014,10,Adansi South,GHA2.4_2,Ashanti,adansi south,763.6903398807265,127.24115753173828,129.2974090576172,82.76898193359375,81.26263427734375,368.09417724609375,0.029682647436857224,8.714406967163086,-0.46395291460219135,0.031991771642083056,-0.6016587300577106,-0.6296593132986751,-0.29349387606893484,GHA
2,2022,DHS 2022,10,Adansi South,GHA2.4_2,Ashanti,adansi south,763.6903398807265,127.24115753173828,129.2974090576172,82.76898193359375,81.26263427734375,579.45849609375,0.26083460450172424,8.71285343170166,-0.46395291460219135,0.6714302072085782,-0.4074336133572982,-0.639760762685344,-0.29349387606893484,GHA
1,2014,DHS 2014,11,Afigya-Kwabre North,GHA2.5_2,Ashanti,afigya kwabre north,187.25902867300888,295.3217468261719,300.8684387207031,82.23289489746094,81.54840087890625,356.4051818847656,0.0563567653298378,8.634865760803223,1.3158966316345908,-0.0033708333043977485,-0.5771313168881932,-1.1468547620986262,-0.3009507425291003,GHA
2,2022,DHS 2022,11,Afigya-Kwabre North,GHA2.5_2,Ashanti,afigya kwabre north,187.25902867300888,295.3217468261719,300.8684387207031,82.23289489746094,81.54840087890625,476.5752258300781,0.42412516474723816,8.622232437133789,1.3158966316345908,0.3601784418111058,-0.29063972603990823,-1.2289995748826674,-0.3009507425291003,GHA
1,2014,DHS 2014,12,Afigya-Kwabre South,GHA2.6_2,Ashanti,afigya kwabre south,224.01131751966426,273.770751953125,277.8235778808594,66.49312591552734,71.08880615234375,360.12359619140625,1.508090615272522,8.661874771118164,1.0876874814480024,0.007878449639806816,0.2521346867176148,-0.9712358866659374,-0.519887869341202,GHA
2,2022,DHS 2022,12,Afigya-Kwabre South,GHA2.6_2,Ashanti,afigya kwabre south,224.01131751966426,273.770751953125,277.8235778808594,66.49312591552734,71.08880615234375,556.677978515625,4.9931769371032715,8.710624694824219,1.0876874814480024,0.6025125270581717,1.0875424041239516,-0.6542525289325173,-0.519887869341202,GHA
1,2014,DHS 2014,13,Ahafo-Ano North,GHA2.7_2,Ashanti,ahafo ano north,596.2397379469718,228.0140380859375,228.0541229248047,77.62138366699219,78.001434326171875,342.0356140136719,0.053227249532938004,8.673580169677734,0.6031576094641644,-0.04684294841518645,-0.5799767026840122,-0.8951246590588323,-0.3650959672918933,GHA
2,2022,DHS 2022,13,Ahafo-Ano North,GHA2.7_2,Ashanti,ahafo ano north,596.2397379469718,228.0140380859375,228.0541229248047,77.62138366699219,78.001434326171875,512.7149658203125,0.2674870491027832,8.726922988891602,0.6031576094641644,0.4695116486982701,-0.4023868787957151,-0.5482772250539588,-0.3650959672918933,GHA
1,2014,DHS 2014,14,Ahafo-Ano South East,GHA2.8_2,Ashanti,ahafo ano south east,689.293224871085,272.5342712402344,273.49652099609375,103.69374084472656,103.64142608642578,347.23443603515625,0.02997949905693531,8.653644561767578,1.0745940621245267,-0.031115002287237268,-0.6013822881014936,-1.0247506246689777,-0.0024345472758797843,GHA
2,2022,DHS 2022,14,Ahafo-Ano South East,GHA2.8_2,Ashanti,ahafo ano south east,689.293224871085,272.5342712402344,273.49652099609375,103.69374084472656,103.64142608642578,513.38385009765625,0.18730509281158447,8.68243408203125,1.0745940621245267,0.4715352178522861,-0.46505937074457476,-0.8375544588710888,-0.0024345472758797843,GHA
1,2014,DHS 2014,15,Ahafo-Ano South West,GHA2.9_2,Ashanti,ahafo ano south west,506.8048793740951,322.2128601074219,326.96649169921875,120.97371673583984,122.70854949951172,353.6690368652344,0.012580153532326221,8.664861679077148,1.6006536994932279,-0.011648466446598846,-0.6177214278444662,-0.951814315469469,0.23792655823495648,GHA
2,2022,DHS 2022,15,Ahafo-Ano South West,GHA2.9_2,Ashanti,ahafo ano south west,506.8048793740951,322.2128601074219,326.96649169921875,120.97371673583984,122.70854949951172,529.84832763671875,0.059944480657577515,8.711735725402832,1.6006536994932279,0.5213450429797999,-0.573879684633221,-0.6470283493527326,0.23792655823495648,GHA
1,2014,DHS 2014,16,Amansie Central,GHA2.10_2,Ashanti,amansie central,853.540387686188,178.8441162109375,172.7322235107422,62.51527404785156,69.16490936279297,334.38568115234375,0.04714442789554596,8.727499961853027,0.08248438059766458,-0.06998621653018987,-0.5855315312650331,-0.5445256124824827,-0.5752190155475233,GHA
2,2022,DHS 2022,16,Amansie Central,GHA2.10_2,Ashanti,amansie central,853.540387686188,178.8441162109375,172.7322235107422,62.51527404785156,69.16490936279297,564.21112060546875,0.2568141520023346,8.7662506103515625,0.08248438059766458,0.6253024691784485,-0.4104965688244858,-0.2925598709671249,-0.5752190155475233,GHA
1,2014,DHS 2014,17,Amansie South,GHA2.11_2,Ashanti,amansie south,595.6983216185465,177.00125122070313,176.7686767578125,119.98611450195313,120.60235595703125,337.7502746582031,0.01599450409412384,8.738961219787598,0.06296979875086633,-0.05980734424259909,-0.614493096949367,-0.4700018440791758,0.22418920314616478,GHA
2,2022,DHS 2022,17,Amansie South,GHA2.11_2,Ashanti,amansie south,595.6983216185465,177.00125122070313,176.7686767578125,119.98611450195313,120.60235595703125,625.44244384765625,0.32169651985168457,8.790704727172852,0.06296979875086633,0.8105450009128198,-0.3622229384203435,-0.1335535080616834,0.22418920314616478,GHA
1,2014,DHS 2014,18,Amansie West,GHA2.12_2,Ashanti,amansie west,640.866658518286,230.87750244140625,230.11685180664063,93.45603942871094,96.2277603149414,329.0644226074219,0.05189523100852966,8.704855918884277,0.6334795862917114,-0.086084568691806,-0.5811903527168347,-0.6917624536347642,-0.14483898381846072,GHA
2,2022,DHS 2022,18,Amansie West,GHA2.12_2,Ashanti,amansie west,640.866658518286,230.87750244140625,230.11685180664063,93.45603942871094,96.2277603149414,638.29571533203125,0.6436012983322144,8.747056007385254,0.6334795862917114,0.8494298791869246,-0.15318052614307295,-0.41736764985324226,-0.14483898381846072,GHA
1,2014,DHS 2014,19,Asante-Akim Central,GHA2.13_2,Ashanti,asante akim central,301.6786823017916,221.710205078125,225.57861328125,96.681915283203125,96.75023651123047,342.76702880859375,0.3748716711997986,8.666998863220215,0.5364046645488344,-0.044630206289340085,-0.3243948714845071,-0.9379178464237201,-0.09996767777542309,GHA
2,2022,DHS 2022,19,Asante-Akim Central,GHA2.13_2,Ashanti,asante akim central,301.6786823017916,221.710205078125,225.57861328125,96.681915283203125,96.75023651123047,552.1224365234375,1.2515915632247925,8.620508193969727,0.5364046645488344,0.588730689799531,0.1486706844390707,-1.2402110055094921,-0.09996767777542309,GHA
1,2014,DHS 2014,20,Asante-Akim North,GHA2.14_2,Ashanti,asante akim north,1131.0895384927271,215.74826049804688,210.9490203857422,150.18345642089844,151.7208251953125,350.1906433105469,0.021386804059147835,8.680749893188477,0.473272066072799,-0.02217161692450468,-0.6094166101823876,-0.8485054469722904,0.6442283590375328,GHA
2,2022,DHS 2022,20,Asante-Akim North,GHA2.14_2,Ashanti,asante akim north,1131.0895384927271,215.74826049804688,210.9490203857422,150.18345642089844,151.7208251953125,483.0232849121094,0.15196000039577484,8.670324325561523,0.473272066072799,0.3796856927715964,-0.49404236510535293,-0.9162949157844846,0.6442283590375328,GHA
1,2014,DHS 2014,21,Asante-Akim South,GHA2.15_2,Ashanti,asante akim south,1158.8797292568893,217.0597686767578,218.8386688232422,108.76172637939453,108.83232116699219,356.93621826171875,0.021034784615039825,8.692858695983887,0.4871599709555896,-0.0017642940741289343,-0.6097471941465795,-0.7697711910714093,0.06806014632217008,GHA
2,2022,DHS 2022,21,Asante-Akim South,GHA2.15_2,Ashanti,asante akim south,1158.8797292568893,217.0597686767578,218.8386688232422,108.76172637939453,108.83232116699219,559.60113525390625,0.23958423733711243,8.652774810791016,0.4871599709555896,0.6113559249497026,-0.4237350038274778,-1.0304059480825087,0.06806014632217008,GHA
1,2014,DHS 2014,22,Asokore-Mampong,GHA2.16_2,Ashanti,asokore mampong,24.027505732504668,270.5222473144531,271.6413879394531,54.98640823364258,55.35892105102539,318.9343566894531,11.669371604919434,8.66187572479248,1.0532882118395415,-0.11673095942647013,1.8054366557995984,-0.9712296856534226,-0.679944075452073,GHA
2,2022,DHS 2022,22,Asokore-Mampong,GHA2.16_2,Ashanti,asokore mampong,24.027505732504668,270.5222473144531,271.6413879394531,54.98640823364258,55.35892105102539,544.8956298828125,24.963050842285156,8.710624694824219,1.0532882118395415,0.5668675013597001,2.4935255769013653,-0.6542525289325173,-0.679944075452073,GHA
1,2014,DHS 2014,23,Asokwa,GHA2.17_2,Ashanti,asokwa,26.826532774033833,245.83486938476563,245.03147888183594,54.07610321044922,54.50312042236328,329.25201416015625,11.20913028717041,8.661874771118164,0.7918670769519246,-0.08551704977631479,1.7699494791143242,-0.9712358866659374,-0.6926062413662829,GHA
2,2022,DHS 2022,23,Asokwa,GHA2.17_2,Ashanti,asokwa,26.826532774033833,245.83486938476563,245.03147888183594,54.07610321044922,54.50312042236328,612.43450927734375,23.699743270874023,8.710625648498535,0.7918670769519246,0.7711922218962862,2.4456878520746552,-0.6542463279200025,-0.6926062413662829,GHA
1,2014,DHS 2014,24,Atwima-Kwanwoma,GHA2.18_2,Ashanti,atwima kwanwoma,252.68213379249005,238.08338928222656,237.3687744140625,55.051048278808594,65.03966522216797,338.5812072753906,1.4115580320358276,8.661874771118164,0.7097846163829664,-0.05729353180872982,0.21449412416227392,-0.9712358866659374,-0.6790449449894915,GHA
2,2022,DHS 2022,24,Atwima-Kwanwoma,GHA2.18_2,Ashanti,atwima kwanwoma,252.68213379249005,238.08338928222656,237.3687744140625,55.051048278808594,65.03966522216797,630.93695068359375,5.435115814208984,8.710624694824219,0.7097846163829664,0.8271674794585654,1.1557753936928172,-0.6542525289325173,-0.6790449449894915,GHA
1,2014,DHS 2014,25,Atwima-Mponua,GHA2.19_2,Ashanti,atwima mponua,1891.514638178744,246.31883239746094,249.43519592285156,132.78329467773438,137.4940185546875,361.89947509765625,0.018173079937696457,8.695610046386719,0.7969918885209286,0.013250998969604116,-0.6124388784351619,-0.7518812699661056,0.40219549168815466,GHA
2,2022,DHS 2022,25,Atwima-Mponua,GHA2.19_2,Ashanti,atwima mponua,1891.514638178744,246.31883239746094,249.43519592285156,132.78329467773438,137.4940185546875,613.46124267578125,0.06836136430501938,8.748771667480469,0.7969918885209286,0.7742983885455113,-0.5662942570157927,-0.4062120283390511,0.40219549168815466,GHA
1,2014,DHS 2014,26,Atwima-Nwabiagya North,GHA2.20_2,Ashanti,atwima nwabiagya north,213.8959290922914,251.88543701171875,247.3788299560547,78.44208526611328,85.874176025390625,356.3039855957031,0.4613550305366516,8.661874771118164,0.8559381281691643,-0.0036769814618353314,-0.2658907068385615,-0.9712358866659374,-0.353680167588104,GHA
2,2022,DHS 2022,26,Atwima-Nwabiagya North,GHA2.20_2,Ashanti,atwima nwabiagya north,213.8959290922914,251.88543701171875,247.3788299560547,78.44208526611328,85.874176025390625,551.2158203125,1.5239903926849365,8.710625648498535,0.8559381281691643,0.5859879125193272,0.25819514385968717,-0.6542463279200025,-0.353680167588104,GHA
1,2014,DHS 2014,27,Atwima-Nwabiagya South,GHA2.21_2,Ashanti,atwima nwabiagya south,367.95914318576774,232.42507934570313,222.15438842773438,69.05760192871094,82.350128173828125,375.4463195800781,1.2288943529129028,8.661874771118164,0.6498672849691252,0.054234136946388053,0.1389541454239765,-0.9712358866659374,-0.48421650651818837,GHA
2,2022,DHS 2022,27,Atwima-Nwabiagya South,GHA2.21_2,Ashanti,atwima nwabiagya south,367.95914318576774,232.42507934570313,222.15438842773438,69.05760192871094,82.350128173828125,629.2281494140625,3.4366774559020996,8.710624694824219,0.6498672849691252,0.8219978594562855,0.7991479728258608,-0.6542525289325173,-0.48421650651818837,GHA
1,2014,DHS 2014,28,Bekwai,GHA2.22_2,Ashanti,bekwai,537.7718105058365,229.24034118652344,229.40045166015625,48.18505859375,49.8741569519043,318.8096923828125,0.28170692920684814,8.718229293823242,0.616143255375384,-0.11710810515117837,-0.39168751206114566,-0.6048056551392098,-0.7745495267971204,GHA
2,2022,DHS 2022,28,Bekwai,GHA2.22_2,Ashanti,bekwai,537.7718105058365,229.24034118652344,229.40045166015625,48.18505859375,49.8741569519043,597.8260498046875,1.160916805267334,8.74328899383545,0.616143255375384,0.7269973903269868,0.10925014853155463,-0.441861649286847,-0.7745495267971204,GHA
1,2014,DHS 2014,29,Bosome Freho,GHA2.23_2,Ashanti,bosome freho,571.4715660020668,262.8572692871094,252.59365844726563,86.730743408203125,86.571746826171875,350.1026916503906,0.026592087000608444,8.721636772155762,0.9721217444850955,-0.022437696233833727,-0.6045415462107827,-0.5826494374236985,-0.23838654410228127,GHA
2,2022,DHS 2022,29,Bosome Freho,GHA2.23_2,Ashanti,bosome freho,571.4715660020668,262.8572692871094,252.59365844726563,86.730743408203125,86.571746826171875,608.979736328125,0.15949136018753052,8.679119110107422,0.9721217444850955,0.7607405306083251,-0.4877927871210398,-0.859109178372661,-0.23838654410228127,GHA
1,2014,DHS 2014,30,Bosomtwe,GHA2.24_2,Ashanti,bosomtwe,424.4651040057184,237.9442596435547,219.5644989013672,67.23124694824219,71.91133880615234,360.11602783203125,0.7079650163650513,8.6609649658203125,0.7083113360636998,0.007855553155173367,-0.11634157790206497,-0.9771516526050916,-0.5096207492629049,GHA
2,2022,DHS 2022,30,Bosomtwe,GHA2.24_2,Ashanti,bosomtwe,424.4651040057184,237.9442596435547,219.5644989013672,67.23124694824219,71.91133880615234,648.890869140625,2.105138063430786,8.64670181274414,0.7083113360636998,0.8814832958321283,0.45692173850979884,-1.0698939957769886,-0.5096207492629049,GHA
1,2014,DHS 2014,31,Ejisu,GHA2.25_2,Ashanti,ejisu,413.25241129824775,257.1640625,242.58871459960938,68.3330078125,76.117919921875,333.4107360839844,0.8923806548118591,8.660311698913574,0.9118348811464722,-0.07293570844383838,-0.018009705005325494,-0.9813993461777547,-0.49429546981747613,GHA
2,2022,DHS 2022,31,Ejisu,GHA2.25_2,Ashanti,ejisu,413.25241129824775,257.1640625,242.58871459960938,68.3330078125,76.117919921875,563.41326904296875,3.5046300888061523,8.621482849121094,0.9118348811464722,0.6228887365403157,0.813725173603175,-1.2338735707193291,-0.49429546981747613,GHA
1,2014,DHS 2014,32,Ejura-Sekyedumase,GHA2.26_2,Ashanti,ejura sekyedumase,1346.4440844405524,223.7565155029297,217.59515380859375,145.43467712402344,148.62564086914063,381.00653076171875,0.03382882475852966,8.728676795959473,0.558073583585453,0.07105539021558448,-0.597804815454959,-0.5368735630391742,0.5781737621552041,GHA
2,2022,DHS 2022,32,Ejura-Sekyedumase,GHA2.26_2,Ashanti,ejura sekyedumase,1346.4440844405524,223.7565155029297,217.59515380859375,145.43467712402344,148.62564086914063,398.5220947265625,0.16032914817333221,8.695662498474121,0.558073583585453,0.12404505697110346,-0.48710009494549533,-0.7515402142777896,0.5781737621552041,GHA
1,2014,DHS 2014,33,Juaben,GHA2.27_2,Ashanti,juaben,171.97142634972207,271.3448486328125,277.3347473144531,97.93858337402344,96.41169738769531,324.3228454589844,0.14072126150131226,8.653124809265137,1.0619989534508227,-0.1004292163146625,-0.5034447472238656,-1.0281301764895636,-0.08248766892164325,GHA
2,2022,DHS 2022,33,Juaben,GHA2.27_2,Ashanti,juaben,171.97142634972207,271.3448486328125,277.3347473144531,97.93858337402344,96.41169738769531,526.4713134765625,1.1228617429733276,8.60562515258789,1.0619989534508227,0.5111285946065405,0.09221062805400305,-1.336984006816033,-0.08248766892164325,GHA
1,2014,DHS 2014,34,Kumasi,GHA2.28_2,Ashanti,kumasi,21.72023290540901,266.1792907714844,266.1066589355469,49.142024993896484,49.13141632080078,306.85888671875,23.22914695739746,8.661874771118164,1.0072995032993282,-0.15326276228181387,2.4272395217711953,-0.9712358866659374,-0.7612383102002137,GHA
2,2022,DHS 2022,34,Kumasi,GHA2.28_2,Ashanti,kumasi,21.72023290540901,266.1792907714844,266.1066589355469,49.142024993896484,49.13141632080078,557.60858154296875,40.10627365112305,8.710624694824219,1.0072995032993282,0.605327871422738,2.9341850743836844,-0.6542525289325173,-0.7612383102002137,GHA
1,2014,DHS 2014,35,Kwabre East,GHA2.29_2,Ashanti,kwabre east,123.53778076051118,293.8596496582031,307.631103515625,66.379669189453125,72.674957275390625,336.5869445800781,2.9630472660064697,8.659586906433105,1.3004141003566652,-0.06332675550964394,0.6908810616799953,-0.9861121156890306,-0.521466030345516,GHA
2,2022,DHS 2022,35,Kwabre East,GHA2.29_2,Ashanti,kwabre east,123.53778076051118,293.8596496582031,307.631103515625,66.379669189453125,72.674957275390625,547.19451904296875,9.317204475402832,8.683177947998047,1.3004141003566652,0.5738223085671106,1.6084770519361935,-0.8327176691095162,-0.521466030345516,GHA
1,2014,DHS 2014,36,Kwadaso,GHA2.30_2,Ashanti,kwadaso,64.36058273496694,248.68772888183594,246.98948669433594,50.59440231323242,50.9280891418457,338.3121337890625,12.50658893585205,8.66187572479248,0.8220767561460113,-0.05810755723216986,1.866804979382731,-0.9712296856534226,-0.7410360240226049,GHA
2,2022,DHS 2022,36,Kwadaso,GHA2.30_2,Ashanti,kwadaso,64.36058273496694,248.68772888183594,246.98948669433594,50.59440231323242,50.9280891418457,613.62762451171875,25.681549072265625,8.710625648498535,0.8220767561460113,0.774801741909308,2.5197049570276144,-0.6542463279200025,-0.7410360240226049,GHA
1,2014,DHS 2014,37,Mampong,GHA2.31_2,Ashanti,mampong,673.3540085238462,312.3288269042969,292.0931396484375,138.01544189453125,145.1741943359375,345.2501220703125,0.0917123481631279,8.743433952331543,1.4959890735217272,-0.03711812818980257,-0.5455587791358968,-0.44091909538459184,0.47497364237246786,GHA
2,2022,DHS 2022,37,Mampong,GHA2.31_2,Ashanti,mampong,673.3540085238462,312.3288269042969,292.0931396484375,138.01544189453125,145.1741943359375,412.22137451171875,0.4811158776283264,8.694244384765625,1.4959890735217272,0.16548935599927483,-0.25300938510690824,-0.7607611198873516,0.47497364237246786,GHA
1,2014,DHS 2014,38,Obuasi,GHA2.32_2,Ashanti,obuasi,146.36893505745024,219.8722686767578,214.1681671142578,7.289840221405029,7.92663049697876,298.6266784667969,3.3287973403930664,8.727499961853027,0.5169422728252127,-0.17816758252103596,0.775540559428667,-0.5445256124824827,-1.3433940645455242,GHA
2,2022,DHS 2022,38,Obuasi,GHA2.32_2,Ashanti,obuasi,146.36893505745024,219.8722686767578,214.1681671142578,7.289840221405029,7.92663049697876,493.16900634765625,4.955258846282959,8.7662506103515625,0.5169422728252127,0.4103794459926193,1.0814554870509447,-0.2925598709671249,-1.3433940645455242,GHA
1,2014,DHS 2014,39,Obuasi East,GHA2.33_2,Ashanti,obuasi east,75.34026892462748,180.1160125732422,181.08624267578125,13.733400344848633,14.313010215759277,309.2045593261719,0.84981769323349,8.727499961853027,0.09595282554309875,-0.14616642156253615,-0.039826165052213466,-0.5445256124824827,-1.253765395821921,GHA
2,2022,DHS 2022,39,Obuasi East,GHA2.33_2,Ashanti,obuasi east,75.34026892462748,180.1160125732422,181.08624267578125,13.733400344848633,14.313010215759277,507.58056640625,2.3064510822296143,8.766249656677246,0.09595282554309875,0.4539785996633097,0.5171651382729041,-0.29256607197963974,-1.253765395821921,GHA
1,2014,DHS 2014,40,Offinso,GHA2.34_2,Ashanti,offinso,588.3678989989616,301.849365234375,314.8317565917969,75.96795654296875,76.4209976196289,364.0352783203125,0.1303141713142395,8.631457328796387,1.3850192989849246,0.01971242386297767,-0.5122343442890782,-1.1690171808266525,-0.3880948171697025,GHA
2,2022,DHS 2022,40,Offinso,GHA2.34_2,Ashanti,offinso,588.3678989989616,301.849365234375,314.8317565917969,75.96795654296875,76.4209976196289,476.3155822753906,0.6396801471710205,8.611074447631836,1.3850192989849246,0.35939294466892274,-0.15547121549650875,-1.3015514213062565,-0.3880948171697025,GHA
1,2014,DHS 2014,41,Offinso North,GHA2.35_2,Ashanti,offinso north,950.1957881690414,326.4615173339844,319.0514221191406,86.57823944091797,81.27498626708984,372.5355529785156,0.02730664610862732,8.6107330322265625,1.645643847781953,0.04542822281599098,-0.6038742484488704,-1.3037713837865679,-0.24050784464126523,GHA
2,2022,DHS 2022,41,Offinso North,GHA2.35_2,Ashanti,offinso north,950.1957881690414,326.4615173339844,319.0514221191406,86.57823944091797,81.27498626708984,426.1457214355469,0.1453162580728531,8.597387313842773,1.645643847781953,0.2076145484716869,-0.499589404943786,-1.390548352919192,-0.24050784464126523,GHA
1,2014,DHS 2014,42,Oforikrom,GHA2.36_2,Ashanti,oforikrom,45.55913451992756,258.64056396484375,258.5877380371094,55.262874603271484,56.08110427856445,335.983154296875,10.994414329528809,8.66187572479248,0.9274699433107093,-0.06515339643090526,1.7529334875785922,-0.9712296856534226,-0.676098481994113,GHA
2,2022,DHS 2022,42,Oforikrom,GHA2.36_2,Ashanti,oforikrom,45.55913451992756,258.64056396484375,258.5877380371094,55.262874603271484,56.08110427856445,594.0213623046875,23.611839294433594,8.710625648498535,0.9274699433107093,0.7154871059228679,2.442268683138283,-0.6542463279200025,-0.676098481994113,GHA
1,2014,DHS 2014,43,Old Tafo,GHA2.37_2,Ashanti,old tafo,29.236986803482704,278.8359680175781,279.1450500488281,54.26520538330078,54.885353088378906,330.1182861328125,13.954728126525879,8.661874771118164,1.141324385933836,-0.08289632553113288,1.9644816911149938,-0.9712358866659374,-0.6899758669023649,GHA
2,2022,DHS 2022,43,Old Tafo,GHA2.37_2,Ashanti,old tafo,29.236986803482704,278.8359680175781,279.1450500488281,54.26520538330078,54.885353088378906,572.15655517578125,30.107603073120117,8.710625648498535,1.141324385933836,0.6493397157640394,2.6668962967985284,-0.6542463279200025,-0.6899758669023649,GHA
1,2014,DHS 2014,44,Sekyere Afram Plains North,GHA2.38_2,Ashanti,sekyere afram plains north,3541.8185555887662,134.2164306640625,135.68959045410156,269.7303466796875,276.4140319824219,382.7949523925781,2.3136154050007463e-4,8.779932975769043,-0.39008991369554213,0.07646588492918964,-0.6294890125834262,-0.2035939444167634,2.3071023632635836,GHA
2,2022,DHS 2022,44,Sekyere Afram Plains North,GHA2.38_2,Ashanti,sekyere afram plains north,3541.8185555887662,134.2164306640625,135.68959045410156,269.7303466796875,276.4140319824219,444.4146423339844,0.007531963288784027,8.80843734741211,-0.39008991369554213,0.26288333869358227,-0.6225145849275213,-0.018251881360810625,2.3071023632635836,GHA
1,2014,DHS 2014,45,Sekyere Central,GHA2.39_2,Ashanti,sekyere central,1638.8280512397555,204.28038024902344,194.66049194335938,201.55335998535156,206.4219512939453,352.45428466796875,0.01870742253959179,8.76503849029541,0.35183566735951766,-0.015323444554802406,-0.6119357083904703,-0.30044135787348225,1.358773731585591,GHA
2,2022,DHS 2022,45,Sekyere Central,GHA2.39_2,Ashanti,sekyere central,1638.8280512397555,204.28038024902344,194.66049194335938,201.55335998535156,206.4219512939453,409.7803039550781,0.11981494724750519,8.729384422302246,0.35183566735951766,0.15810440878417384,-0.5211841464410244,-0.5322724117531654,1.358773731585591,GHA
1,2014,DHS 2014,46,Sekyere East,GHA2.40_2,Ashanti,sekyere east,240.2629452525185,269.5086364746094,267.0190124511719,106.90752410888672,106.66322326660156,324.5365295410156,0.28320762515068054,8.653124809265137,1.0425548201913464,-0.09978275992190679,-0.3905652859358275,-1.0281301764895636,0.042268553186373924,GHA
2,2022,DHS 2022,46,Sekyere East,GHA2.40_2,Ashanti,sekyere east,240.2629452525185,269.5086364746094,267.0190124511719,106.90752410888672,106.66322326660156,527.5008544921875,1.1248829364776611,8.60562515258789,1.0425548201913464,0.5142432551129682,0.09312329020551173,-1.336984006816033,0.042268553186373924,GHA
1,2014,DHS 2014,47,Sekyere Kumawu,GHA2.41_2,Ashanti,sekyere kumawu,579.3330579236442,329.04974365234375,317.3187255859375,142.9863739013672,147.10528564453125,327.0683898925781,0.058733392506837845,8.65713119506836,1.6730512566780533,-0.09212314721573922,-0.5749760905986909,-1.002079722914735,0.544118340265059,GHA
2,2022,DHS 2022,47,Sekyere Kumawu,GHA2.41_2,Ashanti,sekyere kumawu,579.3330579236442,329.04974365234375,317.3187255859375,142.9863739013672,147.10528564453125,484.0267639160156,0.41742751002311707,8.609545707702637,1.6730512566780533,0.38272150812529443,-0.29516066212034187,-1.3114916443675395,0.544118340265059,GHA
1,2014,DHS 2014,48,Sekyere South,GHA2.42_2,Ashanti,sekyere south,418.74968065767337,321.7223205566406,326.3283996582031,98.10154724121094,98.313446044921875,343.495361328125,0.12377715110778809,8.650904655456543,1.5954592472335456,-0.04242678894150976,-0.517796844703212,-1.0425661336241034,-0.08022087320836607,GHA
2,2022,DHS 2022,48,Sekyere South,GHA2.42_2,Ashanti,sekyere south,418.74968065767337,321.7223205566406,326.3283996582031,98.10154724121094,98.313446044921875,480.1705322265625,0.7983272671699524,8.630572319030762,1.5954592472335456,0.37105528758187756,-0.06689962478353718,-1.1747717204404209,-0.08022087320836607,GHA
1,2014,DHS 2014,49,Suame,GHA2.43_2,Ashanti,suame,27.58015174306825,261.75408935546875,255.0341339111328,52.95683670043945,55.31053924560547,372.87188720703125,11.056309700012207,8.661874771118164,0.9604398821773155,0.046445731514157325,1.7578696732730457,-0.9712358866659374,-0.7081750209411177,GHA
2,2022,DHS 2022,49,Suame,GHA2.43_2,Ashanti,suame,27.58015174306825,261.75408935546875,255.0341339111328,52.95683670043945,55.31053924560547,642.956787109375,25.79804229736328,8.710625648498535,0.9604398821773155,0.8635309746869463,2.5238830085761297,-0.6542463279200025,-0.7081750209411177,GHA
1,2014,DHS 2014,50,Banda,GHA3.1_2,Bono,banda,2307.8339328576512,219.71142578125,216.82571411132813,228.79855346679688,231.5352325439453,348.41912841796875,0.010134413838386536,8.843111991882324,0.5152390651211778,-0.027530963845823823,-0.6200406180063556,0.2072107326661353,1.7377490765931423,GHA
2,2022,DHS 2022,50,Banda,GHA3.1_2,Bono,banda,2307.8339328576512,219.71142578125,216.82571411132813,228.79855346679688,231.5352325439453,347.0274963378906,0.02872520685195923,8.800846099853516,0.5152390651211778,-0.03174105495779946,-0.6025508863693405,-0.06761194097891039,1.7377490765931423,GHA
1,2014,DHS 2014,51,Berekum East,GHA3.2_2,Bono,berekum east,463.64568903064105,291.0967102050781,289.07611083984375,78.29520416259766,78.63298797607422,348.0943908691406,0.18338805437088013,8.609642028808594,1.2711566081467238,-0.028513389220761496,-0.46822852517832275,-1.310865342103541,-0.35572325518510833,GHA
2,2022,DHS 2022,51,Berekum East,GHA3.2_2,Bono,berekum east,463.64568903064105,291.0967102050781,289.07611083984375,78.29520416259766,78.63298797607422,478.0662536621094,0.6752443313598633,8.668343544006348,1.2711566081467238,0.3646892339329651,-0.13489258856064087,-0.9291744187778004,-0.35572325518510833,GHA
1,2014,DHS 2014,52,Berekum West,GHA3.3_2,Bono,berekum west,403.028771640955,314.0929260253906,313.2644348144531,76.61454010009766,77.15684509277344,346.2790222167969,0.02914959378540516,8.606937408447266,1.514669582873674,-0.03400540649860591,-0.6021553343742482,-1.3284514135956178,-0.37910096558241185,GHA
2,2022,DHS 2022,52,Berekum West,GHA3.3_2,Bono,berekum west,403.028771640955,314.0929260253906,313.2644348144531,76.61454010009766,77.15684509277344,488.3792724609375,0.2975600063800812,8.692445755004883,1.514669582873674,0.39588911025382895,-0.379898340971644,-0.7724562294903337,-0.37910096558241185,GHA
1,2014,DHS 2014,53,Dormaa,GHA3.4_2,Bono,dormaa,1214.7823261976707,271.3061218261719,270.5123291015625,151.9927978515625,152.3949737548828,317.03466796875,0.03571011871099472,8.612019538879395,1.061588865114532,-0.12247806939400092,-0.596061228165467,-1.2954062179040533,0.6693959466118089,GHA
2,2022,DHS 2022,53,Dormaa,GHA3.4_2,Bono,dormaa,1214.7823261976707,271.3061218261719,270.5123291015625,151.9927978515625,152.3949737548828,501.24615478515625,0.22620761394500732,8.718952178955078,1.061588865114532,0.43481516527046005,-0.4341403100520797,-0.6001052876529637,0.6693959466118089,GHA
1,2014,DHS 2014,54,Dormaa East,GHA3.5_2,Bono,dormaa east,572.3284887236911,282.97650146484375,281.79656982421875,79.48146057128906,78.90015411376953,320.5340270996094,0.02399316430091858,8.607549667358398,1.185169583099253,-0.11189149196067905,-0.6069724976530434,-1.3244703635610926,-0.33922265914208855,GHA
2,2022,DHS 2022,54,Dormaa East,GHA3.5_2,Bono,dormaa east,572.3284887236911,282.97650146484375,281.79656982421875,79.48146057128906,78.90015411376953,472.67987060546875,0.26703163981437683,8.718857765197754,1.185169583099253,0.3483938612140595,-0.40273151976998506,-0.6007191878919325,-0.33922265914208855,GHA
1,2014,DHS 2014,55,Dormaa West,GHA3.6_2,Bono,dormaa west,382.38305470240545,226.77960205078125,226.52822875976563,152.36187744140625,152.75791931152344,317.0404968261719,0.013572079129517078,8.723540306091309,0.5900858417707372,-0.12246043540785177,-0.6167824235503488,-0.5702722164440844,0.6745297719594445,GHA
2,2022,DHS 2022,55,Dormaa West,GHA3.6_2,Bono,dormaa west,382.38305470240545,226.77960205078125,226.52822875976563,152.36187744140625,152.75791931152344,511.9640197753906,0.1063411682844162,8.762761116027832,0.5900858417707372,0.4672398188701439,-0.5327932750637838,-0.3152493757589122,0.6745297719594445,GHA
1,2014,DHS 2014,56,Jaman North,GHA3.7_2,Bono,jaman north,1035.2868748832643,307.3611145019531,307.32342529296875,159.17027282714844,156.8437042236328,374.5376281738281,0.017517445608973503,8.6289520263671875,1.4433846609464127,0.05148508159781704,-0.6130566251764393,-1.1853072407031284,0.7692332282596047,GHA
2,2022,DHS 2022,56,Jaman North,GHA3.7_2,Bono,jaman north,1035.2868748832643,307.3611145019531,307.32342529296875,159.17027282714844,156.8437042236328,448.5362548828125,0.14264532923698425,8.64376449584961,1.4433846609464127,0.27535241339172695,-0.5018285091398982,-1.0889931143226854,0.7692332282596047,GHA
1,2014,DHS 2014,57,Jaman South,GHA3.8_2,Bono,jaman south,758.2121652708967,290.4396057128906,290.8240661621094,111.10736846923828,111.94306182861328,375.0864562988281,0.02576998434960842,8.604828834533691,1.2641983559347367,0.05314544603188143,-0.6053098493546153,-1.3421618522659216,0.10068757181166645,GHA
2,2022,DHS 2022,57,Jaman South,GHA3.8_2,Bono,jaman south,758.2121652708967,290.4396057128906,290.8240661621094,111.10736846923828,111.94306182861328,504.9952087402344,0.20738576352596283,8.644661903381348,1.2641983559347367,0.4461571420476162,-0.44897517103781753,-1.0831579615462241,0.10068757181166645,GHA
1,2014,DHS 2014,58,Sunyani,GHA3.9_2,Bono,sunyani,508.8464826690871,270.6358337402344,270.52655029296875,34.44760513305664,36.49428176879883,299.93267822265625,0.8013643622398376,8.570625305175781,1.0544910083625312,-0.17421655405374362,-0.06528134462189131,-1.5645611661105383,-0.9656348339481587,GHA
2,2022,DHS 2022,58,Sunyani,GHA3.9_2,Bono,sunyani,508.8464826690871,270.6358337402344,270.52655029296875,34.44760513305664,36.49428176879883,436.341552734375,2.1154329776763916,8.685625076293945,1.0544910083625312,0.23845989857887154,0.46009607816212167,-0.8168058709964454,-0.9656348339481587,GHA
1,2014,DHS 2014,59,Sunyani West,GHA3.10_2,Bono,sunyani west,1063.7875826151967,276.1269836425781,272.8746032714844,39.916351318359375,41.360557556152344,324.843994140625,0.10273595154285431,8.617530822753906,1.1126382382302475,-0.09885259023367288,-0.535923542228392,-1.2595705665808121,-0.8895656376054983,GHA
2,2022,DHS 2022,59,Sunyani West,GHA3.10_2,Bono,sunyani west,1063.7875826151967,276.1269836425781,272.8746032714844,39.916351318359375,41.360557556152344,423.7613525390625,0.43097984790802,8.69332504272461,1.1126382382302475,0.20040114024226718,-0.2860347576657463,-0.7667388959516542,-0.8895656376054983,GHA
1,2014,DHS 2014,60,Tain,GHA3.11_2,Bono,tain,1837.4718863557894,239.4160614013672,242.5476531982422,98.27784729003906,100.28136444091797,381.19268798828125,0.011948103085160255,8.740839004516602,0.7238966317946913,0.0716185698779395,-0.6183202370013313,-0.4577920504374624,-0.07776857380094991,GHA
2,2022,DHS 2022,60,Tain,GHA3.11_2,Bono,tain,1837.4718863557894,239.4160614013672,242.5476531982422,98.27784729003906,100.28136444091797,417.5816650390625,0.06813644617795944,8.702153205871582,0.7238966317946913,0.1817057912409159,-0.5664961784984096,-0.7093361231018113,-0.07776857380094991,GHA
1,2014,DHS 2014,61,Wenchi,GHA3.12_2,Bono,wenchi,1150.0457275068777,251.7078857421875,241.64352416992188,57.22978591918945,59.544254302978516,380.3243408203125,0.051068469882011414,8.762731552124023,0.8540579911001813,0.06899156756439036,-0.581944417767785,-0.31544160714687214,-0.648739127946695,GHA
2,2022,DHS 2022,61,Wenchi,GHA3.12_2,Bono,wenchi,1150.0457275068777,251.7078857421875,241.64352416992188,57.22978591918945,59.544254302978516,396.29705810546875,0.21764051914215088,8.717416763305664,0.8540579911001813,0.11731367513793875,-0.4408642164032586,-0.6100889178018506,-0.648739127946695,GHA
1,2014,DHS 2014,62,Atebubu-Amantin,GHA4.1_2,Bono East,atebubu amantin,2636.727986369348,135.4930877685547,134.76319885253906,210.45130920410156,211.48233032226563,391.4675598144531,0.008907650597393513,8.823029518127441,-0.3765710559995474,0.102703040530288,-0.6212060205430529,0.07662981112870502,1.482542475504842,GHA
2,2022,DHS 2022,62,Atebubu-Amantin,GHA4.1_2,Bono East,atebubu amantin,2636.727986369348,135.4930877685547,134.76319885253906,210.45130920410156,211.48233032226563,407.3078308105469,0.05889894440770149,8.8272857666015625,-0.3765710559995474,0.150624459622751,-0.5748261414063522,0.10430492998242102,1.482542475504842,GHA
1,2014,DHS 2014,63,Kintampo North,GHA4.2_2,Bono East,kintampo north,4910.300733227013,138.05970764160156,135.66383361816406,144.31298828125,149.11778259277344,308.2908630371094,0.0095094945281744,8.983935356140137,-0.3493924434329143,-0.1489306181348164,-0.620634102905523,1.1228770446569751,0.5625712884025151,GHA
2,2022,DHS 2022,63,Kintampo North,GHA4.2_2,Bono East,kintampo north,4910.300733227013,138.05970764160156,135.66383361816406,144.31298828125,149.11778259277344,288.1048583984375,0.041330736130476,8.895819664001465,-0.3493924434329143,-0.2099991433090856,-0.5908708313166752,0.5499282923361275,0.5625712884025151,GHA
1,2014,DHS 2014,64,Kintampo South,GHA4.3_2,Bono East,kintampo south,1520.2069171665191,289.548095703125,283.9947204589844,69.5385971069336,69.756500244140625,383.911865234375,0.011437089182436466,8.74105453491211,1.2547579220749572,0.07984487057878496,-0.6188046487593418,-0.4563906216091093,-0.47752595709199175,GHA
2,2022,DHS 2022,64,Kintampo South,GHA4.3_2,Bono East,kintampo south,1520.2069171665191,289.548095703125,283.9947204589844,69.5385971069336,69.756500244140625,367.6574401855469,0.0952896997332573,8.706822395324707,1.2547579220749572,0.030670515224384243,-0.5424213542331062,-0.6789759658291711,-0.47752595709199175,GHA
1,2014,DHS 2014,65,Nkoranza North,GHA4.4_2,Bono East,nkoranza north,1393.0378481365235,237.75575256347656,236.3994903564453,110.81777954101563,109.65245819091797,372.5759582519531,0.008758487179875374,8.699393272399902,0.7063151850366961,0.04555046050008246,-0.6213478196641342,-0.7272818533197486,0.09665944611462235,GHA
2,2022,DHS 2022,65,Nkoranza North,GHA4.4_2,Bono East,nkoranza north,1393.0378481365235,237.75575256347656,236.3994903564453,110.81777954101563,109.65245819091797,388.2662658691406,0.03224930539727211,8.691670417785645,0.7063151850366961,0.09301819682847784,-0.5992711694143432,-0.7774976526648958,0.09665944611462235,GHA
1,2014,DHS 2014,66,Nkoranza South,GHA4.5_2,Bono East,nkoranza south,926.9235390062638,248.5556640625,247.0677947998047,97.76646423339844,99.29217529296875,388.4417724609375,0.06408680230379105,8.645368576049805,0.8206782870559419,0.09354915522818337,-0.5701390612998428,-1.0785630112727302,-0.08488181270870004,GHA
2,2022,DHS 2022,66,Nkoranza South,GHA4.5_2,Bono East,nkoranza south,926.9235390062638,248.5556640625,247.0677947998047,97.76646423339844,99.29217529296875,408.9427490234375,0.2564239501953125,8.609537124633789,0.8206782870559419,0.1555705619262503,-0.4107943629751498,-1.311547453480173,-0.08488181270870004,GHA
1,2014,DHS 2014,67,Pru East,GHA4.6_2,Bono East,pru east,1659.434794348841,107.76366424560547,106.00784301757813,265.001953125,268.5031433105469,344.8749694824219,0.008694246411323547,9.050844192504883,-0.6702052113883827,-0.03825307369625016,-0.6214088952832609,1.5579338816854,2.2413313280922043,GHA
2,2022,DHS 2022,67,Pru East,GHA4.6_2,Bono East,pru east,1659.434794348841,107.76366424560547,106.00784301757813,265.001953125,268.5031433105469,337.6863708496094,0.09032107144594193,8.921478271484375,-0.6702052113883827,-0.06000067181849605,-0.5467817403868376,0.7167665340478078,2.2413313280922043,GHA
1,2014,DHS 2014,68,Pru West,GHA4.7_2,Bono East,pru west,1576.344311041778,159.15785217285156,158.54176330566406,151.66905212402344,156.33316040039063,325.3735046386719,0,8.881561279296875,-0.12597864456407032,-0.09725066723014468,-0.6297108687249097,0.4572169542268047,0.6648927064761719,GHA
2,2022,DHS 2022,68,Pru West,GHA4.7_2,Bono East,pru west,1576.344311041778,159.15785217285156,158.54176330566406,151.66905212402344,156.33316040039063,304.999755859375,0.035525329411029816,8.834521293640137,-0.12597864456407032,-0.15888717294257915,-0.5962323509622696,0.1513520119324867,0.6648927064761719,GHA
1,2014,DHS 2014,69,Sene East,GHA4.8_2,Bono East,sene east,4412.345428107698,112.72969055175781,110.53182220458984,428.076416015625,419.2560729980469,410.7681884765625,0.0017502824775874615,8.914306640625,-0.6176186533288919,0.16109304630058277,-0.6280337690463423,0.6701349199362361,4.509665406100642,GHA
2,2022,DHS 2022,69,Sene East,GHA4.8_2,Bono East,sene east,4412.345428107698,112.72969055175781,110.53182220458984,428.076416015625,419.2560729980469,400.1182556152344,0.011621016077697277,8.901435852050781,-0.6176186533288919,0.12887390711539112,-0.6186302684663452,0.5864460550360006,4.509665406100642,GHA
1,2014,DHS 2014,70,Sene West,GHA4.9_2,Bono East,sene west,3277.3936080216768,122.55389404296875,121.62745666503906,369.6518249511719,372.954833984375,437.683837890625,0.003611338557675481,8.930728912353516,-0.5135875799053012,0.2425207009180557,-0.6262537387086162,0.7769163554417233,3.6969907018209622,GHA
2,2022,DHS 2022,70,Sene West,GHA4.9_2,Bono East,sene west,3277.3936080216768,122.55389404296875,121.62745666503906,369.6518249511719,372.954833984375,421.7102966308594,0.01830316334962845,8.875894546508789,-0.5135875799053012,0.19419610058206738,-0.6123163595347705,0.4203705378636453,3.6969907018209622,GHA
1,2014,DHS 2014,71,Techiman,GHA4.10_2,Bono East,techiman,651.9763608018063,359.1368103027344,357.9873962402344,26.00385093688965,26.850313186645508,378.77154541015625,0.275398313999176,8.68057918548584,1.9916511149370404,0.06429391058407095,-0.39641953493658816,-0.8496154282124461,-1.0830858133963543,GHA
2,2022,DHS 2022,71,Techiman,GHA4.10_2,Bono East,techiman,651.9763608018063,359.1368103027344,357.9873962402344,26.00385093688965,26.850313186645508,399.90631103515625,1.0989068746566772,8.65637493133545,1.9916511149370404,0.1282327132211197,0.08132722933847701,-1.0069971258390005,-1.0830858133963543,GHA
1,2014,DHS 2014,72,Techiman North,GHA4.11_2,Bono East,techiman north,391.14804224477734,401.3736877441406,398.1676330566406,31.81953239440918,32.737518310546875,397.6001281738281,0.08806996792554855,8.707195281982422,2.438908513689123,0.1212558404498891,-0.5487638163659543,-0.67655136993587,-1.0021908148595127,GHA
2,2022,DHS 2022,72,Techiman North,GHA4.11_2,Bono East,techiman north,391.14804224477734,401.3736877441406,398.1676330566406,31.81953239440918,32.737518310546875,407.8813171386719,0.49220627546310425,8.668620109558105,2.438908513689123,0.15235942228094373,-0.24585507614564844,-0.9273761251484978,-1.0021908148595127,GHA
1,2014,DHS 2014,73,Abura-Asebu-Kwamankese,GHA5.1_2,Central,abura asebu kwamankese,378.5179519338074,73.03126525878906,78.63397216796875,85.42364501953125,87.5400390625,244.971435546875,0.2573224604129791,8.705000877380371,-1.037995714955158,-0.34049027151464967,-0.4101087767333296,-0.690819899732509,-0.25656802859579714,GHA
2,2022,DHS 2022,73,Abura-Asebu-Kwamankese,GHA5.1_2,Central,abura asebu kwamankese,378.5179519338074,73.03126525878906,78.63397216796875,85.42364501953125,87.5400390625,441.5726013183594,0.9205576777458191,8.69124984741211,-1.037995714955158,0.2542853394155825,-0.0038353355548711478,-0.7802322991839388,-0.25656802859579714,GHA
1,2014,DHS 2014,74,Agona East,GHA5.2_2,Central,agona east,328.8989709037679,92.96893310546875,94.75321197509766,25.304088592529297,25.127099990844727,320.0256042480469,0.16304047405719757,8.761249542236328,-0.8268705087734365,-0.11342961871065195,-0.48486176487591603,-0.3250779805949283,-1.0928193715763637,GHA
2,2022,DHS 2022,74,Agona East,GHA5.2_2,Central,agona east,328.8989709037679,92.96893310546875,94.75321197509766,25.304088592529297,25.127099990844727,496.26983642578125,0.9738686084747314,8.751250267028809,-0.8268705087734365,0.41976035732582734,0.022422590738631783,-0.3900955968129906,-1.0928193715763637,GHA
1,2014,DHS 2014,75,Agona West,GHA5.3_2,Central,agona west,357.9443064667235,108.61339569091797,110.02299499511719,33.297306060791016,34.08864974975586,331.3494873046875,0.28577423095703125,8.761249542236328,-0.6612071817306376,-0.07917158449866549,-0.3886490066794467,-0.3250779805949283,-0.9816352704314091,GHA
2,2022,DHS 2022,75,Agona West,GHA5.3_2,Central,agona west,357.9443064667235,108.61339569091797,110.02299499511719,33.297306060791016,34.08864974975586,526.00506591796875,0.9661176204681396,8.751249313354492,-0.6612071817306376,0.5097180603636782,0.018649272456909498,-0.39010179782550547,-0.9816352704314091,GHA
1,2014,DHS 2014,76,Ajumako-Enyan-Essiam,GHA5.4_2,Central,ajumako enyan essiam,523.7007221617388,64.15570831298828,64.98775482177734,66.04139709472656,66.61385345458984,309.8810119628906,0.08015529066324234,8.736424446105957,-1.1319813207225777,-0.14411995592388674,-0.5557653190289857,-0.4864965373686413,-0.5261713294248831,GHA
2,2022,DHS 2022,76,Ajumako-Enyan-Essiam,GHA5.4_2,Central,ajumako enyan essiam,523.7007221617388,64.15570831298828,64.98775482177734,66.04139709472656,66.61385345458984,476.6988525390625,0.7587277889251709,8.727723121643066,-1.1319813207225777,0.36055244850163043,-0.08825353132164186,-0.543074575554011,-0.5261713294248831,GHA
1,2014,DHS 2014,77,Asikuma-Odoben-Brakwa,GHA5.5_2,Central,asikuma odoben brakwa,776.3136468987457,118.4264144897461,119.11754608154297,75.15910339355469,76.0892105102539,351.2893981933594,0.06529700011014938,8.73142147064209,-0.5572945459549986,-0.01884756437312267,-0.5690489697315928,-0.5190270490214743,-0.399345807241342,GHA
2,2022,DHS 2022,77,Asikuma-Odoben-Brakwa,GHA5.5_2,Central,asikuma odoben brakwa,776.3136468987457,118.4264144897461,119.11754608154297,75.15910339355469,76.0892105102539,569.52978515625,0.26581093668937683,8.747563362121582,-0.5572945459549986,0.6413929737546056,-0.4036559250352997,-0.41406871119534916,-0.399345807241342,GHA
1,2014,DHS 2014,78,Assin Central,GHA5.6_2,Central,assin central,280.09106577182786,156.08267211914063,156.2163848876953,82.71812438964844,83.41552734375,372.521484375,0.14299866557121277,8.7056245803833,-0.15854253457760373,0.04538566120544251,-0.501531998532761,-0.6867644375478059,-0.29420129461878064,GHA
2,2022,DHS 2022,78,Assin Central,GHA5.6_2,Central,assin central,280.09106577182786,156.08267211914063,156.2163848876953,82.71812438964844,83.41552734375,618.96466064453125,0.930207371711731,8.744375228881836,-0.15854253457760373,0.790947825855422,9.711533744164738e-4,-0.4347986960324481,-0.29420129461878064,GHA
1,2014,DHS 2014,79,Assin North,GHA5.7_2,Central,assin north,729.3760482606858,121.74911499023438,120.51190185546875,88.0073013305664,88.415191650390625,377.905029296875,0.020818179473280907,8.705625534057617,-0.522109596860638,0.06167244774261054,-0.609950666222923,-0.686758236535291,-0.2206298715582152,GHA
2,2022,DHS 2022,79,Assin North,GHA5.7_2,Central,assin north,729.3760482606858,121.74911499023438,120.51190185546875,88.0073013305664,88.415191650390625,590.1883544921875,0.41141095757484436,8.744903564453125,-0.522109596860638,0.7038911443504432,-0.2992401038229367,-0.4313633350992286,-0.2206298715582152,GHA
1,2014,DHS 2014,80,Assin South,GHA5.8_2,Central,assin south,1106.2328549033875,130.36416625976563,132.33187866210938,124.81279754638672,128.77734375,352.4112548828125,0.022212665528059006,8.705366134643555,-0.43088255418278587,-0.015453622148887748,-0.608641484788331,-0.6884449119393266,0.2913274260129632,GHA
2,2022,DHS 2022,80,Assin South,GHA5.8_2,Central,assin south,1106.2328549033875,130.36416625976563,132.33187866210938,124.81279754638672,128.77734375,582.52850341796875,0.15770846605300903,8.722375869750977,-0.43088255418278587,0.6807178707616258,-0.4892685706982851,-0.5778436527247001,0.2913274260129632,GHA
1,2014,DHS 2014,81,Awutu Senya East,GHA5.10_2,Central,awutu senya east,108.52129219312074,41.544288635253906,43.073509216308594,45.12851333618164,45.26133728027344,260.76324462890625,3.1121952533721924,8.810491561889648,-1.3714195879378734,-0.2927154637834686,0.7263111090499472,-0.004894900403852472,-0.8170654771539065,GHA
2,2022,DHS 2022,81,Awutu Senya East,GHA5.10_2,Central,awutu senya east,108.52129219312074,41.544288635253906,43.073509216308594,45.12851333618164,45.26133728027344,396.936767578125,11.136642456054688,8.763192176818848,-1.3714195879378734,0.11924898203667415,1.7642385950508377,-0.31244651810220603,-0.8170654771539065,GHA
1,2014,DHS 2014,82,Awutu Senya West,GHA5.9_2,Central,awutu senya west,245.64582233684428,96.69823455810547,98.730804443359375,37.74497604370117,37.32503128051758,312.78704833984375,0.3004963994026184,8.773650169372559,-0.7873799553066808,-0.13532835209638558,-0.3777305055354589,-0.2444462148645073,-0.9197690455722971,GHA
2,2022,DHS 2022,82,Awutu Senya West,GHA5.9_2,Central,awutu senya west,245.64582233684428,96.69823455810547,98.730804443359375,37.74497604370117,37.32503128051758,467.80010986328125,2.329948902130127,8.753891944885254,-0.7873799553066808,0.33363116809757293,0.52395650762741,-0.3729187921468931,-0.9197690455722971,GHA
1,2014,DHS 2014,83,Cape Coast,GHA5.11_2,Central,cape coast,122.97541305387823,36.569244384765625,41.11708450317383,76.33229064941406,78.68743896484375,-255.0509033203125,4.703531265258789,8.704999923706055,-1.4241016393806378,-1.8532030314388381,1.040035940764583,-0.6908261007450239,-0.38302700057364264,GHA
2,2022,DHS 2022,83,Cape Coast,GHA5.11_2,Central,cape coast,122.97541305387823,36.569244384765625,41.11708450317383,76.33229064941406,78.68743896484375,-95.31117248535156,7.429380893707275,8.69124984741211,-1.4241016393806378,-1.369943964157279,1.41466789372917,-0.7802322991839388,-0.38302700057364264,GHA
1,2014,DHS 2014,84,Effutu,GHA5.12_2,Central,effutu,85.60422507641532,18.233840942382813,18.539066314697266,31.643386840820313,31.021692276000977,-98.675872802734375,1.3973400592803955,8.760000228881836,-1.618260046570814,-1.3801231595807415,0.2088231993675251,-0.33320130698936434,-1.0046409652681838,GHA
2,2022,DHS 2022,84,Effutu,GHA5.12_2,Central,effutu,85.60422507641532,18.233840942382813,18.539066314697266,31.643386840820313,31.021692276000977,21.785053253173828,4.797007083892822,8.751250267028809,-1.618260046570814,-1.0156938816211076,1.0556261229097046,-0.3900955968129906,-1.0046409652681838,GHA
1,2014,DHS 2014,85,Ekumfi,GHA5.13_2,Central,ekumfi,278.000885558858,25.92716407775879,26.273006439208984,52.89573287963867,52.807491302490234,290.00469970703125,0.0779619961977005,8.756793022155762,-1.5367934254158548,-0.20425157171888073,-0.5577146364641117,-0.35405531207676,-0.7090249632102019,GHA
2,2022,DHS 2022,85,Ekumfi,GHA5.13_2,Central,ekumfi,278.000885558858,25.92716407775879,26.273006439208984,52.89573287963867,52.807491302490234,407.17718505859375,0.8427624702453613,8.747750282287598,-1.5367934254158548,0.15022921828921956,-0.043490894005057956,-0.41285331274244114,-0.7090249632102019,GHA
1,2014,DHS 2014,86,Gomoa Central,GHA5.14_2,Central,gomoa central,122.05710312896059,24.60816192626953,25.727413177490234,35.212318420410156,34.81766891479492,286.06903076171875,0.1472070962190628,8.760000228881836,-1.5507606859464629,-0.21615811302641405,-0.4980074241607101,-0.33320130698936434,-0.9549978207772292,GHA
2,2022,DHS 2022,86,Gomoa Central,GHA5.14_2,Central,gomoa central,122.05710312896059,24.60816192626953,25.727413177490234,35.212318420410156,34.81766891479492,414.0823059082031,0.8680140376091003,8.751250267028809,-1.5507606859464629,0.171119213807594,-0.030438482311034326,-0.3900955968129906,-0.9549978207772292,GHA
1,2014,DHS 2014,87,Gomoa East,GHA5.15_2,Central,gomoa east,542.2910953864082,47.79496383666992,50.643253326416016,32.058799743652344,31.28726577758789,141.86871337890625,0.9134346842765808,8.778467178344727,-1.305229545008971,-0.6524059426419573,-0.0073987991059139575,-0.21312490065206735,-0.9988626525438286,GHA
2,2022,DHS 2022,87,Gomoa East,GHA5.15_2,Central,gomoa east,542.2910953864082,47.79496383666992,50.643253326416016,32.058799743652344,31.28726577758789,273.65875244140625,4.096072673797607,8.756648063659668,-1.305229545008971,-0.25370280835318354,0.9320348817700437,-0.35499786597901517,-0.9988626525438286,GHA
1,2014,DHS 2014,88,Gomoa West,GHA5.16_2,Central,gomoa west,338.65939356647425,56.672725677490234,56.81382369995117,38.64786148071289,38.58502197265625,347.722900390625,0.07549595087766647,8.76014518737793,-1.2112205910285512,-0.02963725578303161,-0.5599111069233041,-0.33225875308710917,-0.9072100846595461,GHA
2,2022,DHS 2022,88,Gomoa West,GHA5.16_2,Central,gomoa west,338.65939356647425,56.672725677490234,56.81382369995117,38.64786148071289,38.58502197265625,495.399169921875,0.4584771394729614,8.751250267028809,-1.2112205910285512,0.41712633834763246,-0.26778120874889727,-0.3900955968129906,-0.9072100846595461,GHA
1,2014,DHS 2014,89,Komenda-Edina-Eguafo-Abirem-,GHA5.17_2,Central,komenda edina eguafo abirem ,454.6593910918979,35.30366516113281,38.52720642089844,97.1494140625,100.01841735839844,-25.667133331298828,0.3140014111995697,8.696266174316406,-1.437503190483982,-1.1592505241008375,-0.3678228461749098,-0.747614973355898,-0.09346486063465659,GHA
2,2022,DHS 2022,89,Komenda-Edina-Eguafo-Abirem-,GHA5.17_2,Central,komenda edina eguafo abirem ,454.6593910918979,35.30366516113281,38.52720642089844,97.1494140625,100.01841735839844,160.2750244140625,1.0435681343078613,8.700728416442871,-1.437503190483982,-0.5967215073643369,0.05570271002363746,-0.7186004357989773,-0.09346486063465659,GHA
1,2014,DHS 2014,90,Mfantseman,GHA5.18_2,Central,mfantseman,302.1283521050971,45.18031692504883,45.739784240722656,68.57878875732422,68.90583038330078,-92.16390228271484,0.39413005113601685,8.704999923706055,-1.3329167285127494,-1.3604225579632203,-0.3110546191126277,-0.6908261007450239,-0.4908767046534675,GHA
2,2022,DHS 2022,90,Mfantseman,GHA5.18_2,Central,mfantseman,302.1283521050971,45.18031692504883,45.739784240722656,68.57878875732422,68.90583038330078,56.56458282470703,1.6275886297225952,8.69124984741211,-1.3329167285127494,-0.9104757061967629,0.29677237669652945,-0.7802322991839388,-0.4908767046534675,GHA
1,2014,DHS 2014,91,Twifo-Atti-Morkwa,GHA5.19_2,Central,twifo atti morkwa,959.9359881661643,111.89864349365234,110.35780334472656,145.27850341796875,146.10385131835938,403.9071044921875,0.026000812649726868,8.7056245803833,-0.6264188290986196,0.14033627508594249,-0.6050940646142493,-0.6867644375478059,0.5760014162633135,GHA
2,2022,DHS 2022,91,Twifo-Atti-Morkwa,GHA5.19_2,Central,twifo atti morkwa,959.9359881661643,111.89864349365234,110.35780334472656,145.27850341796875,146.10385131835938,605.1727294921875,0.13346141576766968,8.7464017868042,-0.6264188290986196,0.7492232295395604,-0.509567744115653,-0.4216215444384202,0.5760014162633135,GHA
1,2014,DHS 2014,92,Twifo-Hemang-Lower Denkyira,GHA5.20_2,Central,twifo hemang lower denkyira,578.2730199007883,104.56533813476563,114.08600616455078,132.19448852539063,139.80157470703125,361.3631896972656,0.026840228587388992,8.698458671569824,-0.7040731273743488,0.011628579919347588,-0.6043097642228994,-0.7333588455842885,0.3940053125698082,GHA
2,2022,DHS 2022,92,Twifo-Hemang-Lower Denkyira,GHA5.20_2,Central,twifo hemang lower denkyira,578.2730199007883,104.56533813476563,114.08600616455078,132.19448852539063,139.80157470703125,576.40533447265625,0.19109311699867249,8.703309059143066,-0.7040731273743488,0.6621935067987469,-0.46200452658635954,-0.7018204959338292,0.3940053125698082,GHA
1,2014,DHS 2014,93,Upper Denkyira East,GHA5.21_2,Central,upper denkyira east,504.2637988372515,148.5251922607422,149.64088439941406,80.726776123046875,83.22935485839844,367.7294006347656,0.14750441908836365,8.7056245803833,-0.23857067556121908,0.030888216477471645,-0.49775890450620186,-0.6867644375478059,-0.32190056189979543,GHA
2,2022,DHS 2022,93,Upper Denkyira East,GHA5.21_2,Central,upper denkyira east,504.2637988372515,148.5251922607422,149.64088439941406,80.726776123046875,83.22935485839844,515.354736328125,0.46303650736808777,8.746874809265137,-0.23857067556121908,0.47749772095953397,-0.2647878581388568,-0.4185458422310612,-0.32190056189979543,GHA
1,2014,DHS 2014,94,Upper Denkyira West,GHA5.22_2,Central,upper denkyira west,581.8114866238785,145.06130981445313,144.9062957763672,99.70054626464844,99.66141510009766,353.62420654296875,0.17079958319664001,8.74166488647461,-0.2752506373945592,-0.011784091188238114,-0.47848496350313885,-0.45242197359961384,-0.05797910762917673,GHA
2,2022,DHS 2022,94,Upper Denkyira West,GHA5.22_2,Central,upper denkyira west,581.8114866238785,145.06130981445313,144.9062957763672,99.70054626464844,99.66141510009766,573.9029541015625,0.44801101088523865,8.799614906311035,-0.2752506373945592,0.654623079593208,-0.27468805685439435,-0.07561744813556452,-0.05797910762917673,GHA
1,2014,DHS 2014,95,Abuakwa North,GHA6.1_2,Eastern,abuakwa north,159.656010942866,231.64903259277344,233.74842834472656,21.451066970825195,22.853456497192383,418.0738220214844,0.47448304295539856,8.660624504089355,0.6416495218897678,0.18319470901383383,-0.25731380788263575,-0.9793654140728882,-1.1464141533275485,GHA
2,2022,DHS 2022,95,Abuakwa North,GHA6.1_2,Eastern,abuakwa north,159.656010942866,231.64903259277344,233.74842834472656,21.451066970825195,22.853456497192383,537.67840576171875,2.320643424987793,8.650625228881836,0.6416495218897678,0.5450333028238002,0.5212727757694305,-1.0443830302909507,-1.1464141533275485,GHA
1,2014,DHS 2014,96,Abuakwa South,GHA6.2_2,Eastern,abuakwa south,351.0672371444439,279.5751647949219,279.89898681640625,46.63054275512695,47.01540756225586,428.7091979980469,0.1034807413816452,8.67241382598877,1.149151934934335,0.21536980939592001,-0.5352760327775525,-0.9027084973644776,-0.796172539922833,GHA
2,2022,DHS 2022,96,Abuakwa South,GHA6.2_2,Eastern,abuakwa south,351.0672371444439,279.5751647949219,279.89898681640625,46.63054275512695,47.01540756225586,587.68048095703125,1.2335878610610962,8.662413597106934,1.149151934934335,0.6963040987286381,0.14097149776504664,-0.9677323145950547,-0.796172539922833,GHA
1,2014,DHS 2014,97,Achiase,GHA6.3_2,Eastern,achiase,416.4228283294191,169.58074951171875,169.7184600830078,38.33732604980469,39.12888717651367,376.51055908203125,0.036215994507074356,8.732566833496094,-0.015607844598831874,0.05745377044889735,-0.5955929216889781,-0.5115796329911555,-0.9115295721370585,GHA
2,2022,DHS 2022,97,Achiase,GHA6.3_2,Eastern,achiase,416.4228283294191,169.58074951171875,169.7184600830078,38.33732604980469,39.12888717651367,619.373779296875,0.2907494008541107,8.747705459594727,-0.015607844598831874,0.7921855285691157,-0.3849453148440794,-0.41314476033063846,-0.9115295721370585,GHA
1,2014,DHS 2014,98,Akwapem North,GHA6.4_2,Eastern,akwapem north,307.9614934251466,247.19944763183594,248.788330078125,23.339170455932617,24.606779098510742,363.03729248046875,0.4659707248210907,8.812028884887695,0.8063169547400024,0.01669322692554587,-0.2628663929722857,0.005101131770064216,-1.1201510008868858,GHA
2,2022,DHS 2022,98,Akwapem North,GHA6.4_2,Eastern,akwapem north,307.9614934251466,247.19944763183594,248.788330078125,23.339170455932617,24.606779098510742,525.57720947265625,2.2348086833953857,8.750670433044434,0.8063169547400024,0.5084236703856098,0.49615704642022407,-0.3938658124220113,-1.1201510008868858,GHA
1,2014,DHS 2014,99,Akwapem South,GHA6.5_2,Eastern,akwapem south,225.2655694959473,227.78599548339844,209.0041046142578,32.496849060058594,31.895416259765625,371.6285095214844,0.7009607553482056,8.83750057220459,0.6007428063964478,0.04268415299229983,-0.1202825731103672,0.17072397502883643,-0.9927694717070532,GHA
2,2022,DHS 2022,99,Akwapem South,GHA6.5_2,Eastern,akwapem south,225.2655694959473,227.78599548339844,209.0041046142578,32.496849060058594,31.895416259765625,537.4119873046875,2.5905117988586426,8.767499923706055,0.6007428063964478,0.544227309634889,0.5962074358444102,-0.28443654457268885,-0.9927694717070532,GHA
1,2014,DHS 2014,100,Akyemansa,GHA6.6_2,Eastern,akyemansa,614.6668199891537,137.1477813720703,137.0585174560547,61.54941177368164,62.32732009887695,372.3038024902344,0.014674367383122444,8.717866897583008,-0.35904907043452106,0.04472711029862638,-0.6157400220761191,-0.6071620398948477,-0.5886539720227858,GHA
2,2022,DHS 2022,100,Akyemansa,GHA6.6_2,Eastern,akyemansa,614.6668199891537,137.1477813720703,137.0585174560547,61.54941177368164,62.32732009887695,585.46820068359375,0.19131486117839813,8.68968391418457,-0.35904907043452106,0.6896113085510249,-0.4618260025841666,-0.7904143617333006,-0.5886539720227858,GHA
1,2014,DHS 2014,101,Asene-Manso-Akroso,GHA6.7_2,Eastern,asene manso akroso,420.880622352393,161.35494995117188,161.21316528320313,35.50747299194336,35.3895263671875,383.11322021484375,0.05119135603308678,8.761231422424316,-0.10271299860104324,0.0774287375027471,-0.581832299321745,-0.3251957998327102,-0.9508922780636666,GHA
2,2022,DHS 2022,101,Asene-Manso-Akroso,GHA6.7_2,Eastern,asene manso akroso,420.880622352393,161.35494995117188,161.21316528320313,35.50747299194336,35.3895263671875,610.30950927734375,0.4114816188812256,8.75123119354248,-0.10271299860104324,0.7647634798882362,-0.2991920920405138,-0.3902196170632874,-0.9508922780636666,GHA
1,2014,DHS 2014,102,Asuogyaman,GHA6.8_2,Eastern,asuogyaman,769.3365029360577,132.41860961914063,120.57649230957031,93.01311492919922,104.6767578125,343.6321105957031,0.33261963725090027,8.926713943481445,-0.4091275133639597,-0.04201308270101584,-0.3543296691086634,0.750810092754261,-0.15099997750452376,GHA
2,2022,DHS 2022,102,Asuogyaman,GHA6.8_2,Eastern,asuogyaman,769.3365029360577,132.41860961914063,120.57649230957031,93.01311492919922,104.6767578125,447.14031982421875,0.6179238557815552,8.85582160949707,-0.4091275133639597,0.2711293045203428,-0.16828134595261593,0.2898516264513634,-0.15099997750452376,GHA
1,2014,DHS 2014,103,Atiwa East,GHA6.9_2,Eastern,atiwa east,582.5636799728335,236.36561584472656,238.60183715820313,95.74497985839844,96.5462875366211,384.9651184082031,0.04172978922724724,8.684033393859863,0.6915946618730127,0.08303126724876184,-0.5905033888733923,-0.8271553608837078,-0.11300026739923943,GHA
2,2022,DHS 2022,103,Atiwa East,GHA6.9_2,Eastern,atiwa east,582.5636799728335,236.36561584472656,238.60183715820313,95.74497985839844,96.5462875366211,519.86138916015625,0.4310557246208191,8.674198150634766,0.6915946618730127,0.49113165431340544,-0.28598390730960316,-0.8911064029492182,-0.11300026739923943,GHA
1,2014,DHS 2014,104,Atiwa West,GHA6.10_2,Eastern,atiwa west,588.3124578152365,384.86529541015625,339.370361328125,122.92930603027344,110.64806365966797,419.7232666015625,0.028563112020492554,8.6850004196167,2.2640968074232055,0.1881847577959038,-0.602702010747341,-0.8208675341936633,0.2651284251644671,GHA
2,2022,DHS 2022,104,Atiwa West,GHA6.10_2,Eastern,atiwa west,588.3124578152365,384.86529541015625,339.370361328125,122.92930603027344,110.64806365966797,562.08099365234375,0.42543262243270874,8.675000190734863,2.2640968074232055,0.61885821664855,-0.28975966920010154,-0.8858913514242406,0.2651284251644671,GHA
1,2014,DHS 2014,105,Ayensuano,GHA6.11_2,Eastern,ayensuano,501.3733505669487,171.59120178222656,168.40614318847656,60.719444274902344,59.4271125793457,394.6194152832031,0.01348890271037817,8.79133129119873,0.005681363015295303,0.11223831848570223,-0.6168611270282142,-0.12947944283943572,-0.6001986585895795,GHA
2,2022,DHS 2022,105,Ayensuano,GHA6.11_2,Eastern,ayensuano,501.3733505669487,171.59120178222656,168.40614318847656,60.719444274902344,59.4271125793457,615.01116943359375,0.6004993319511414,8.74776840209961,0.005681363015295303,0.7789873670195583,-0.17866577281616997,-0.41273549350465927,-0.6001986585895795,GHA
1,2014,DHS 2014,106,Birim Central,GHA6.12_2,Eastern,birim central,106.89608631612552,128.97349548339844,129.7095489501953,17.574472427368164,18.476215362548828,356.9599914550781,0.6318163871765137,8.7248992919921875,-0.44560873262297457,-0.0016923732615101536,-0.16008168486033192,-0.5614357736104423,-1.2003368298378672,GHA
2,2022,DHS 2022,106,Birim Central,GHA6.12_2,Eastern,birim central,106.89608631612552,128.97349548339844,129.7095489501953,17.574472427368164,18.476215362548828,566.96160888671875,2.1991569995880127,8.735771179199219,-0.44560873262297457,0.6336234948520114,0.4855286860971422,-0.49074423094130437,-1.2003368298378672,GHA
1,2014,DHS 2014,107,Birim North,GHA6.13_2,Eastern,birim north,569.0373741787052,184.8699493408203,183.94195556640625,101.9614028930664,102.41685485839844,367.3432922363281,0.31480932235717773,8.703639030456543,0.14629351172304955,0.02972012646302644,-0.3672333719517462,-0.6996749456036958,-0.026531031426274432,GHA
2,2022,DHS 2022,107,Birim North,GHA6.13_2,Eastern,birim north,569.0373741787052,184.8699493408203,183.94195556640625,101.9614028930664,102.41685485839844,566.11566162109375,0.7031528353691101,8.680140495300293,0.14629351172304955,0.6310642587470144,-0.11904744234685212,-0.8524678939692709,-0.026531031426274432,GHA
1,2014,DHS 2014,108,Birim South,GHA6.14_2,Eastern,birim south,313.15103203531095,139.77825927734375,139.16552734375,36.46815490722656,37.964874267578125,355.2756042480469,0.1541072279214859,8.718076705932617,-0.3311942483771958,-0.006788133635940182,-0.4922564255929395,-0.60579781714158365,-0.9375293793734844,GHA
2,2022,DHS 2022,108,Birim South,GHA6.14_2,Eastern,birim south,313.15103203531095,139.77825927734375,139.16552734375,36.46815490722656,37.964874267578125,581.6534423828125,0.718497633934021,8.745914459228516,-0.3311942483771958,0.678070557050418,-0.11044564951689331,-0.4247902618335017,-0.9375293793734844,GHA
1,2014,DHS 2014,109,Denkyembour,GHA6.15_2,Eastern,denkyembour,438.3568230642736,162.652587890625,160.23141479492188,58.76230239868164,59.50153732299805,413.7369689941406,0.1319933980703354,8.694055557250977,-0.08897196932805886,0.17007446937165804,-0.5108106449116043,-0.7619889203652893,-0.6274221216299353,GHA
2,2022,DHS 2022,109,Denkyembour,GHA6.15_2,Eastern,denkyembour,438.3568230642736,162.652587890625,160.23141479492188,58.76230239868164,59.50153732299805,620.48760986328125,0.7365875244140625,8.684056282043457,-0.08897196932805886,0.7955551894406949,-0.10040315349186443,-0.8270065365833517,-0.6274221216299353,GHA
1,2014,DHS 2014,110,Fanteakwa North,GHA6.16_2,Eastern,fanteakwa north,840.5986203912248,407.82098388671875,381.52557373046875,112.73512268066406,115.25828552246094,368.6599426269531,0.03722483664751053,8.777669906616211,2.507180627453076,0.033703376192968267,-0.5946596843190958,-0.2183089471144708,0.1233293164659186,GHA
2,2022,DHS 2022,110,Fanteakwa North,GHA6.16_2,Eastern,fanteakwa north,840.5986203912248,407.82098388671875,381.52557373046875,112.73512268066406,115.25828552246094,447.2433776855469,0.14343957602977753,8.739279747009277,2.507180627453076,0.2714410844744039,-0.5011621265382681,-0.4679307058992203,0.1233293164659186,GHA
1,2014,DHS 2014,111,Fanteakwa South,GHA6.17_2,Eastern,fanteakwa south,263.31332364037195,340.30078125,346.3269348144531,53.88179016113281,55.17580032348633,397.4512939453125,0.08312191069126129,8.663004875183105,1.7921914515508983,0.12080557369360952,-0.5531349871907533,-0.963887686835856,-0.6953090981088604,GHA
2,2022,DHS 2022,111,Fanteakwa South,GHA6.17_2,Eastern,fanteakwa south,263.31332364037195,340.30078125,346.3269348144531,53.88179016113281,55.17580032348633,498.7808837890625,0.7948557138442993,8.653005599975586,1.7921914515508983,0.4273570046992529,-0.06875275168366848,-1.0289053030539184,-0.6953090981088604,GHA
1,2014,DHS 2014,112,Kwaebibirem,GHA6.18_2,Eastern,kwaebibirem,807.3522835481721,183.19886779785156,181.85256958007813,97.58336639404297,97.2248306274414,391.00457763671875,0.04547281190752983,8.686305046081543,0.1285979899589782,0.10130238501265061,-0.5870637025833114,-0.8123845490733669,-0.08742866806089757,GHA
2,2022,DHS 2022,112,Kwaebibirem,GHA6.18_2,Eastern,kwaebibirem,807.3522835481721,183.19886779785156,181.85256958007813,97.58336639404297,97.2248306274414,575.68865966796875,0.28971239924430847,8.675154685974121,0.1285979899589782,0.6600253574232149,-0.385716116320892,-0.884886787396837,-0.08742866806089757,GHA
1,2014,DHS 2014,113,Kwahu Afram Plains North,GHA6.19_2,Eastern,kwahu afram plains north,2351.7475265741114,108.69708251953125,98.84698486328125,264.4123840332031,237.9638671875,349.5245361328125,0.0016471374547109008,8.84583568572998,-0.6603209999022742,-0.02418678454585273,-0.6281325200879679,0.2249208244085088,2.2331305366343766,GHA
2,2022,DHS 2022,113,Kwahu Afram Plains North,GHA6.19_2,Eastern,kwahu afram plains north,2351.7475265741114,108.69708251953125,98.84698486328125,264.4123840332031,237.9638671875,405.8830871582031,0.025447862222790718,8.821743965148926,-0.6603209999022742,0.14631419639050403,-0.6056110592903938,0.06827084625870522,2.2331305366343766,GHA
1,2014,DHS 2014,114,Kwahu Afram Plains South,GHA6.20_2,Eastern,kwahu afram plains south,3108.9509268268507,122.30359649658203,119.45825958251953,236.42373657226563,231.6636505126953,348.5476379394531,0.0011823995737358928,8.82741641998291,-0.5162380464239555,-0.02714218522972923,-0.628577586286479,0.10515446869695363,1.8438138912955513,GHA
2,2022,DHS 2022,114,Kwahu Afram Plains South,GHA6.20_2,Eastern,kwahu afram plains south,3108.9509268268507,122.30359649658203,119.45825958251953,236.42373657226563,231.6636505126953,430.7937927246094,0.020424282178282738,8.801777839660645,-0.5162380464239555,0.22167631371987853,-0.610320791655854,-0.06155355175191499,1.8438138912955513,GHA
1,2014,DHS 2014,115,Kwahu East,GHA6.21_2,Eastern,kwahu east,626.1034858742722,271.39971923828125,270.3403015136719,103.9225082397461,104.84835815429688,317.6599426269531,0.04658394306898117,8.696249961853027,1.0625799927168988,-0.12058643200023174,-0.5860449882316472,-0.7477203905686501,7.475627176883914e-4,GHA
2,2022,DHS 2022,115,Kwahu East,GHA6.21_2,Eastern,kwahu east,626.1034858742722,271.39971923828125,270.3403015136719,103.9225082397461,104.84835815429688,438.6692199707031,0.3721356987953186,8.71250057220459,1.0625799927168988,0.24550176782261002,-0.32630521975788157,-0.6420551373158336,7.475627176883914e-4,GHA
1,2014,DHS 2014,116,Kwahu South,GHA6.22_2,Eastern,kwahu south,799.5398750685098,368.8117370605469,340.0099792480469,113.91703796386719,116.12622833251953,358.4677429199219,0.0729174092411995,8.736177444458008,2.0941014577877657,0.002869012705426288,-0.5622131690030858,-0.488102599609984,0.13976952829728786,GHA
2,2022,DHS 2022,116,Kwahu South,GHA6.22_2,Eastern,kwahu south,799.5398750685098,368.8117370605469,340.0099792480469,113.91703796386719,116.12622833251953,451.46087646484375,0.45458588004112244,8.734498977661133,2.0941014577877657,0.2842002428609288,-0.27034333828579493,-0.49901638163609646,0.13976952829728786,GHA
1,2014,DHS 2014,117,Kwahu West,GHA6.23_2,Eastern,kwahu west,402.77973513054786,248.76048278808594,249.86363220214844,74.17903900146484,74.19287872314453,384.6157531738281,0.24414700269699097,8.692779541015625,0.822847166385347,0.08197433597423064,-0.4202114205276992,-0.7702858751101408,-0.41297831241605515,GHA
2,2022,DHS 2022,117,Kwahu West,GHA6.23_2,Eastern,kwahu west,402.77973513054786,248.76048278808594,249.86363220214844,74.17903900146484,74.19287872314453,542.1990966796875,1.287563681602478,8.700931549072266,0.822847166385347,0.5587097054636854,0.1638712794386983,-0.717279620133317,-0.41297831241605515,GHA
1,2014,DHS 2014,118,Lower Manya-Krobo,GHA6.24_2,Eastern,lower manya krobo,305.70045181629365,155.82830810546875,149.89353942871094,70.27986145019531,70.84877014160156,329.3410339355469,0.4688807427883148,8.810066223144531,-0.16123606198736185,-0.08524773910826731,-0.26096456949325353,-0.00766055198546962,-0.46721511417503025,GHA
2,2022,DHS 2022,118,Lower Manya-Krobo,GHA6.24_2,Eastern,lower manya krobo,305.70045181629365,155.82830810546875,149.89353942871094,70.27986145019531,70.84877014160156,436.0749816894531,1.3228784799575806,8.762547492980957,-0.16123606198736185,0.23765344376728612,0.1785633553964054,-0.31663840256223563,-0.46721511417503025,GHA
1,2014,DHS 2014,119,New Juaben North,GHA6.25_2,Eastern,new juaben north,105.97108970797363,204.94894409179688,208.89308166503906,12.964248657226563,14.526915550231934,401.1595764160156,0.913131058216095,8.660625457763672,0.3589152656473732,0.13202420489225639,-0.007550990601525605,-0.9793592130603734,-1.2644641462777848,GHA
2,2022,DHS 2022,119,New Juaben North,GHA6.25_2,Eastern,new juaben north,105.97108970797363,204.94894409179688,208.89308166503906,12.964248657226563,14.526915550231934,559.47161865234375,3.6166648864746094,8.650625228881836,0.3589152656473732,0.6109640996239593,0.8372853638793502,-1.0443830302909507,-1.2644641462777848,GHA
1,2014,DHS 2014,120,New Juaben South,GHA6.26_2,Eastern,new juaben south,54.47694421146031,201.7653045654297,210.5786895751953,3.701594829559326,4.7576093673706055,373.435302734375,6.254573345184326,8.660625457763672,0.3252028697652999,0.04815022707586199,1.2707264335810844,-0.9793592130603734,-1.3933058604104567,GHA
2,2022,DHS 2022,120,New Juaben South,GHA6.26_2,Eastern,new juaben south,54.47694421146031,201.7653045654297,210.5786895751953,3.701594829559326,4.7576093673706055,534.85125732421875,13.325959205627441,8.650625228881836,0.3252028697652999,0.5364803579187889,1.923287394989538,-1.0443830302909507,-1.3933058604104567,GHA
1,2014,DHS 2014,121,Nsawam Adoagyiri,GHA6.27_2,Eastern,nsawam adoagyiri,175.84461839077977,77.702117919921875,78.41448974609375,51.37846755981445,50.05256271362305,366.4288024902344,0.9047752022743225,8.83750057220459,-0.9885348282200861,0.026953529452841088,-0.011748840395415551,0.17072397502883643,-0.7301298288607238,GHA
2,2022,DHS 2022,121,Nsawam Adoagyiri,GHA6.27_2,Eastern,nsawam adoagyiri,175.84461839077977,77.702117919921875,78.41448974609375,51.37846755981445,50.05256271362305,566.120361328125,4.5846757888793945,8.767499923706055,-0.9885348282200861,0.6310784767253755,1.019839687947126,-0.28443654457268885,-0.7301298288607238,GHA
1,2014,DHS 2014,122,Okere,GHA6.28_2,Eastern,okere,308.07056201486654,218.4153289794922,213.29135131835938,28.6820125579834,30.94053840637207,370.4916076660156,0.15064392983913422,8.681302070617676,0.5015143553603941,0.039244694772402444,-0.49513864259664614,-0.8449150607261999,-1.0458331058671824,GHA
2,2022,DHS 2022,122,Okere,GHA6.28_2,Eastern,okere,308.07056201486654,218.4153289794922,213.29135131835938,28.6820125579834,30.94053840637207,534.46026611328125,1.115252137184143,8.664287567138672,0.5015143553603941,0.5352974959787737,0.08876672813695735,-0.9555473250034007,-1.0458331058671824,GHA
1,2014,DHS 2014,123,Suhum,GHA6.29_2,Eastern,suhum,360.68278081764163,182.94686889648438,186.85890197753906,31.443788528442383,34.14976501464844,404.1126403808594,0.13023608922958374,8.689921379089355,0.12592950734517164,0.14095808082790331,-0.5123005960995665,-0.7888703096171062,-1.0074173389925205,GHA
2,2022,DHS 2022,123,Suhum,GHA6.29_2,Eastern,suhum,360.68278081764163,182.94686889648438,186.85890197753906,31.443788528442383,34.14976501464844,598.40008544921875,1.2943849563598633,8.670732498168945,0.12592950734517164,0.7287340148268062,0.16672673999717252,-0.9136408824281346,-1.0074173389925205,GHA
1,2014,DHS 2014,124,Upper Manya,GHA6.30_2,Eastern,upper manya,863.0561373375441,259.3540954589844,237.92669677734375,77.929107666015625,83.97687530517578,360.2312927246094,0.013614528812468052,8.685931205749512,0.9350257158803019,0.008204262923159419,-0.6167422591542905,-0.8148153459791828,-0.36081558628537075,GHA
2,2022,DHS 2022,124,Upper Manya,GHA6.30_2,Eastern,upper manya,863.0561373375441,259.3540954589844,237.92669677734375,77.929107666015625,83.97687530517578,452.2684020996094,0.08616676181554794,8.669734001159668,0.9350257158803019,0.28664324237659705,-0.5504427735635272,-0.9201333425311685,-0.36081558628537075,GHA
1,2014,DHS 2014,125,Upper West Akim,GHA6.31_2,Eastern,upper west akim,344.11633593518314,108.94043731689453,118.88157653808594,52.79043197631836,54.45337677001953,368.83831787109375,0.05217723548412323,8.775860786437988,-0.6577440519781874,0.03424301309894615,-0.5809332800939152,-0.23007226785511592,-0.7104896783054572,GHA
2,2022,DHS 2022,125,Upper West Akim,GHA6.31_2,Eastern,upper west akim,344.11633593518314,108.94043731689453,118.88157653808594,52.79043197631836,54.45337677001953,586.66204833984375,0.7205843925476074,8.754364013671875,-0.6577440519781874,0.6932230443528821,-0.10928181762922713,-0.36984929095204894,-0.7104896783054572,GHA
1,2014,DHS 2014,126,West Akim,GHA6.32_2,Eastern,west akim,477.3142221497948,215.1494903564453,215.93374633789063,68.04346466064453,68.3955307006836,411.8931579589844,0.08085034042596817,8.753151893615723,0.46693153163450757,0.16449640562736856,-0.5551484108412647,-0.37773077785840636,-0.49832295877415134,GHA
2,2022,DHS 2022,126,West Akim,GHA6.32_2,Eastern,west akim,477.3142221497948,215.1494903564453,215.93374633789063,68.04346466064453,68.3955307006836,648.645751953125,0.6731262803077698,8.743152618408203,0.46693153163450757,0.8807417451685158,-0.13610587537752067,-0.44274839407646865,-0.49832295877415134,GHA
1,2014,DHS 2014,127,Yilo-Krobo,GHA6.33_2,Eastern,yilo krobo,485.6849578649172,296.4372253417969,272.3747863769531,41.30921936035156,41.1212272644043,350.7716979980469,0.19184359908103943,8.697603225708008,1.327708726881319,-0.020413757781678508,-0.4614004550784553,-0.7389211538100969,-0.8701911139074571,GHA
2,2022,DHS 2022,127,Yilo-Krobo,GHA6.33_2,Eastern,yilo krobo,485.6849578649172,296.4372253417969,272.3747863769531,41.30921936035156,41.1212272644043,483.3435363769531,0.885323166847229,8.678319931030273,1.327708726881319,0.3806545464399167,-0.021593005788124973,-0.8643056268600942,-0.8701911139074571,GHA
1,2014,DHS 2014,128,Ablekuma Central,GHA7.1_2,Greater Accra,ablekuma central,14.154637507231136,21.89466667175293,22.30959129333496,45.47600555419922,45.534481048583984,202.8694305419922,26.086334228515625,8.837499618530273,-1.579494600539104,-0.46786106125489507,2.5341450623844706,0.1707177740163216,-0.8122319279519038,GHA
2,2022,DHS 2022,128,Ablekuma Central,GHA7.1_2,Greater Accra,ablekuma central,14.154637507231136,21.89466667175293,22.30959129333496,45.47600555419922,45.534481048583984,298.7024841308594,44.91197204589844,8.767499923706055,-1.579494600539104,-0.17793824837656222,3.0402199706135753,-0.28443654457268885,-0.8122319279519038,GHA
1,2014,DHS 2014,129,Ablekuma North,GHA7.2_2,Greater Accra,ablekuma north,29.61972070512832,31.81253433227539,32.48994445800781,44.20707702636719,44.3472900390625,228.0695037841797,25.42932891845703,8.83750057220459,-1.4744716926035835,-0.3916235226864303,2.5105961796348697,0.17072397502883643,-0.8298824771011535,GHA
2,2022,DHS 2022,129,Ablekuma North,GHA7.2_2,Greater Accra,ablekuma north,29.61972070512832,31.81253433227539,32.48994445800781,44.20707702636719,44.3472900390625,337.7507629394531,46.94011306762695,8.767499923706055,-1.4744716926035835,-0.0598058670500421,3.0816754898898475,-0.28443654457268885,-0.8298824771011535,GHA
1,2014,DHS 2014,130,Ablekuma West,GHA7.3_2,Greater Accra,ablekuma west,12.95675141006073,17.880653381347656,17.940465927124023,49.78162384033203,49.90066909790039,229.80255126953125,18.49725914001465,8.837499618530273,-1.6220000425030254,-0.38638055084124207,2.2188599547957617,0.1707177740163216,-0.7523416145808774,GHA
2,2022,DHS 2022,130,Ablekuma West,GHA7.3_2,Greater Accra,ablekuma west,12.95675141006073,17.880653381347656,17.940465927124023,49.78162384033203,49.90066909790039,339.5150451660156,34.61643981933594,8.767499923706055,-1.6220000425030254,-0.054468401043473474,2.796705363550473,-0.28443654457268885,-0.7523416145808774,GHA
1,2014,DHS 2014,131,Accra,GHA7.4_2,Greater Accra,accra,5.64259246186301,17.921489715576172,17.921489715576172,45.79651641845703,45.7965202331543,-1102.4854736328125,27.75644302368164,8.837499618530273,-1.6215676158245391,-4.416938664964377,2.5915260220693077,0.1707177740163216,-0.8077736841356691,GHA
2,2022,DHS 2022,131,Accra,GHA7.4_2,Greater Accra,accra,5.64259246186301,17.921489715576172,17.921489715576172,45.79651641845703,45.7965202331543,-1020.36279296875,45.38956069946289,8.767499923706055,-1.6215676158245391,-4.16849371108262,3.050144489938534,-0.28443654457268885,-0.8077736841356691,GHA
1,2014,DHS 2014,132,Ada East,GHA7.5_2,Greater Accra,ada east,290.9753184328601,5.519522666931152,5.575595378875732,113.822509765625,114.04922485351563,177.3982391357422,0.25402387976646423,8.981457710266113,-1.7528953052182685,-0.5449188109906322,-0.41262808472496504,1.1067668141434295,0.13845465943551333,GHA
2,2022,DHS 2022,132,Ada East,GHA7.5_2,Greater Accra,ada east,290.9753184328601,5.519522666931152,5.575595378875732,113.822509765625,114.04922485351563,217.09133911132813,1.0468765497207642,8.9164581298828125,-1.7528953052182685,-0.4248356584057957,0.057254061218829554,0.6841244041697075,0.13845465943551333,GHA
1,2014,DHS 2014,133,Ada West,GHA7.6_2,Greater Accra,ada west,325.09183342536915,18.4268741607666,18.327213287353516,101.78289794921875,101.8934326171875,187.5459442138672,0.04176054894924164,8.929141998291016,-1.6162159670754286,-0.5142190566748466,-0.5904750716000056,0.7665978706170351,-0.02901400049479251,GHA
2,2022,DHS 2022,133,Ada West,GHA7.6_2,Greater Accra,ada west,325.09183342536915,18.4268741607666,18.327213287353516,101.78289794921875,101.8934326171875,245.59393310546875,0.575631856918335,8.864136695861816,-1.6162159670754286,-0.3386070356535484,-0.19368344607204876,0.3439182545682242,-0.02901400049479251,GHA
1,2014,DHS 2014,134,Adenta,GHA7.7_2,Greater Accra,adenta,78.29816416969413,51.45619583129883,50.90283966064453,39.49184036254883,39.13934326171875,236.08505249023438,12.344277381896973,8.83750057220459,-1.266459796927634,-0.3673741604821082,1.8552103481155844,0.17072397502883643,-0.8954705024781722,GHA
2,2022,DHS 2022,134,Adenta,GHA7.7_2,Greater Accra,adenta,78.29816416969413,51.45619583129883,50.90283966064453,39.49184036254883,39.13934326171875,313.09161376953125,35.24677276611328,8.767499923706055,-1.266459796927634,-0.13440695323895882,2.813529587323948,-0.28443654457268885,-0.8954705024781722,GHA
1,2014,DHS 2014,135,Ashaiman,GHA7.8_2,Greater Accra,ashaiman,18.630458521925956,31.916603088378906,31.902441024780273,50.95823287963867,50.95834732055664,182.7901153564453,13.534950256347656,8.83750057220459,-1.4733696811868826,-0.5286068198554604,1.9371768685905106,0.17072397502883643,-0.735975211570603,GHA
2,2022,DHS 2022,135,Ashaiman,GHA7.8_2,Greater Accra,ashaiman,18.630458521925956,31.916603088378906,31.902441024780273,50.95823287963867,50.95834732055664,240.3505096435547,32.98612976074219,8.767499923706055,-1.4733696811868826,-0.35446991408912576,2.7517703479826134,-0.28443654457268885,-0.735975211570603,GHA
1,2014,DHS 2014,136,Ayawaso Central,GHA7.9_2,Greater Accra,ayawaso central,1.563559892532901,28.012706756591797,28.030649185180664,43.250770568847656,43.2500114440918,184.3102569580078,31.33732032775879,8.83750057220459,-1.5147090657276818,-0.5240079501273902,2.7040774882061203,0.17072397502883643,-0.8431845140244085,GHA
2,2022,DHS 2022,136,Ayawaso Central,GHA7.9_2,Greater Accra,ayawaso central,1.563559892532901,28.012706756591797,28.030649185180664,43.250770568847656,43.2500114440918,273.4919738769531,62.68708801269531,8.767499923706055,-1.5147090657276818,-0.25420736193593274,3.3540670184502153,-0.28443654457268885,-0.8431845140244085,GHA
1,2014,DHS 2014,137,Ayawaso East,GHA7.10_2,Greater Accra,ayawaso east,6.221482408667499,46.2012939453125,46.261619567871094,40.71084976196289,40.700923919677734,144.61598205566406,32.027835845947266,8.837499618530273,-1.3221053344436149,-0.644094657206817,2.724340491478652,0.1707177740163216,-0.8785143187012058,GHA
2,2022,DHS 2022,137,Ayawaso East,GHA7.10_2,Greater Accra,ayawaso east,6.221482408667499,46.2012939453125,46.261619567871094,40.71084976196289,40.700923919677734,207.22561645507813,58.32147979736328,8.767500877380371,-1.3221053344436149,-0.45468233401991565,3.285966196445769,-0.28443034356017405,-0.8785143187012058,GHA
1,2014,DHS 2014,138,Ayawaso North,GHA7.11_2,Greater Accra,ayawaso north,4.956904403859984,25.584457397460938,25.611093521118164,41.212650299072266,41.187870025634766,185.30833435058594,29.453779220581055,8.83750057220459,-1.5404224365466521,-0.520988476216354,2.6465245042022,0.17072397502883643,-0.871534370777345,GHA
2,2022,DHS 2022,138,Ayawaso North,GHA7.11_2,Greater Accra,ayawaso north,4.956904403859984,25.584457397460938,25.611093521118164,41.212650299072266,41.187870025634766,268.04254150390625,55.54104232788086,8.767499923706055,-1.5404224365466521,-0.2706934771437605,3.239928449391634,-0.28443654457268885,-0.871534370777345,GHA
1,2014,DHS 2014,139,Ayawaso West,GHA7.12_2,Greater Accra,ayawaso west,32.7656126896672,57.46314239501953,59.05356979370117,38.29863739013672,38.26220703125,188.88690185546875,22.352542877197266,8.837499618530273,-1.2028506606163718,-0.5101622704529267,2.3918989731834364,0.1707177740163216,-0.9120677238721722,GHA
2,2022,DHS 2022,139,Ayawaso West,GHA7.12_2,Greater Accra,ayawaso west,32.7656126896672,57.46314239501953,59.05356979370117,38.29863739013672,38.26220703125,255.62420654296875,44.774078369140625,8.767499923706055,-1.2028506606163718,-0.3082625461477205,3.0373352621237877,-0.28443654457268885,-0.9120677238721722,GHA
1,2014,DHS 2014,140,Ga Central,GHA7.13_2,Greater Accra,ga central,49.204691673835136,45.659271240234375,45.87871170043945,50.02920913696289,52.509498596191406,253.28428649902344,10.50069522857666,8.83750057220459,-1.3278449553583975,-0.31534148369218606,1.712622177706268,0.17072397502883643,-0.7488977512339947,GHA
2,2022,DHS 2022,140,Ga Central,GHA7.13_2,Greater Accra,ga central,49.204691673835136,45.659271240234375,45.87871170043945,50.02920913696289,52.509498596191406,367.4030456542969,28.083145141601563,8.767499923706055,-1.3278449553583975,0.02990089790218892,2.602360098501441,-0.28443654457268885,-0.7488977512339947,GHA
1,2014,DHS 2014,141,Ga East,GHA7.14_2,Greater Accra,ga east,86.06428024909081,71.37736511230469,85.53900909423828,41.29620361328125,40.975101470947266,250.6434326171875,11.478934288024902,8.83750057220459,-1.0555092983950909,-0.32333083347443575,1.7909117896221802,0.17072397502883643,-0.8703721604190138,GHA
2,2022,DHS 2022,141,Ga East,GHA7.14_2,Greater Accra,ga east,86.06428024909081,71.37736511230469,85.53900909423828,41.29620361328125,40.975101470947266,348.7455139160156,33.16423034667969,8.767499923706055,-1.0555092983950909,-0.026543552946006285,2.7567828977831597,-0.28443654457268885,-0.8703721604190138,GHA
1,2014,DHS 2014,142,Ga North,GHA7.15_2,Greater Accra,ga north,125.34219483182177,96.98589324951172,109.50060272216797,47.83225631713867,48.53804016113281,320.454345703125,5.853236675262451,8.83750057220459,-0.7843338618016562,-0.11213255132107396,1.216147260071208,0.17072397502883643,-0.7794569378819153,GHA
2,2022,DHS 2022,142,Ga North,GHA7.15_2,Greater Accra,ga north,125.34219483182177,96.98589324951172,109.50060272216797,47.83225631713867,48.53804016113281,442.107666015625,18.649690628051758,8.767499923706055,-0.7843338618016562,0.25590406548444655,2.226328559503638,-0.28443654457268885,-0.7794569378819153,GHA
1,2014,DHS 2014,143,Ga South,GHA7.16_2,Greater Accra,ga south,179.03315819740632,55.04086685180664,56.794525146484375,57.294288635253906,56.70964050292969,307.73248291015625,0.28914007544517517,8.833075523376465,-1.2285007731281483,-0.150619880148277,-0.3861417890547116,0.14195127695999435,-0.6478419077052202,GHA
2,2022,DHS 2022,143,Ga South,GHA7.16_2,Greater Accra,ga south,179.03315819740632,55.04086685180664,56.794525146484375,57.294288635253906,56.70964050292969,444.823974609375,3.1790761947631836,8.766556739807129,-1.2285007731281483,0.26412168767901967,0.7417832773870682,-0.29056934594986233,-0.6478419077052202,GHA
1,2014,DHS 2014,144,Ga West,GHA7.17_2,Greater Accra,ga west,175.6960705145166,44.08665084838867,43.83241653442383,59.51313400268555,60.46781539916992,313.4291687011719,2.898465156555176,8.837499618530273,-1.3444978461090726,-0.1333857515594,0.6751239573832784,0.1707177740163216,-0.6169781999758741,GHA
2,2022,DHS 2022,144,Ga West,GHA7.17_2,Greater Accra,ga west,175.6960705145166,44.08665084838867,43.83241653442383,59.51313400268555,60.46781539916992,456.5719299316406,12.697464942932129,8.767499923706055,-1.3444978461090726,0.2996626636267578,1.8802631292632834,-0.28443654457268885,-0.6169781999758741,GHA
1,2014,DHS 2014,145,Korle-Klottey,GHA7.18_2,Greater Accra,korle klottey,9.915642296243949,27.476781845092773,27.463436126708984,43.960758209228516,43.958030700683594,-4351.36962890625,37.00205993652344,8.83750057220459,-1.5203841155032247,-14.245756570044087,2.8588819578544777,0.17072397502883643,-0.8333087239644967,GHA
2,2022,DHS 2022,145,Korle-Klottey,GHA7.18_2,Greater Accra,korle klottey,9.915642296243949,27.476781845092773,27.463436126708984,43.960758209228516,43.958030700683594,-4287.66064453125,59.025028228759766,8.767499923706055,-1.5203841155032247,-14.053018393977375,3.297273259966066,-0.28443654457268885,-0.8333087239644967,GHA
1,2014,DHS 2014,146,Kpone-Katamanso,GHA7.19_2,Greater Accra,kpone katamanso,240.97973502912188,51.52326583862305,54.45162582397461,50.72712707519531,50.07268524169922,246.98390197753906,4.975656986236572,8.856599807739258,-1.2657495749882464,-0.33440197622872003,1.0847347612108935,0.29491165266347014,-0.7391898483846823,GHA
2,2022,DHS 2022,146,Kpone-Katamanso,GHA7.19_2,Greater Accra,kpone katamanso,240.97973502912188,51.52326583862305,54.45162582397461,50.72712707519531,50.07268524169922,329.5773620605469,17.700576782226563,8.78764533996582,-1.2657495749882464,-0.08453277791068087,2.17884982643471,-0.15344635620927938,-0.7391898483846823,GHA
1,2014,DHS 2014,147,Krowor,GHA7.20_2,Greater Accra,krowor,18.423804753138416,25.23773765563965,27.00244903564453,48.92240905761719,48.3521842956543,205.01083374023438,20.47873306274414,8.83750057220459,-1.5440939430409024,-0.46138269480938343,2.3116835236291546,0.17072397502883643,-0.7642931251816997,GHA
2,2022,DHS 2022,147,Krowor,GHA7.20_2,Greater Accra,krowor,18.423804753138416,25.23773765563965,27.00244903564453,48.92240905761719,48.3521842956543,297.1593933105469,39.10476303100586,8.767499923706055,-1.5440939430409024,-0.18260654615481128,2.910530069570062,-0.28443654457268885,-0.7642931251816997,GHA
1,2014,DHS 2014,148,La-Dade-Kotopon,GHA7.21_2,Greater Accra,la dade kotopon,36.2004149117849,34.46162033081055,34.67494201660156,42.757293701171875,42.76075744628906,155.4064178466797,20.660507202148438,8.837499618530273,-1.4464198245548845,-0.6114504558633496,2.3197655952295637,0.1707177740163216,-0.8500486813245247,GHA
2,2022,DHS 2022,148,La-Dade-Kotopon,GHA7.21_2,Greater Accra,la dade kotopon,36.2004149117849,34.46162033081055,34.67494201660156,42.757293701171875,42.76075744628906,224.54592895507813,41.08941650390625,8.767499923706055,-1.4464198245548845,-0.4022833596381258,2.956852204270503,-0.28443654457268885,-0.8500486813245247,GHA
1,2014,DHS 2014,149,La-Nkwantanang-Madina,GHA7.22_2,Greater Accra,la nkwantanang madina,71.21508563875449,79.37703704833984,82.16322326660156,34.56948471069336,34.58818435668945,302.18756103515625,8.78500747680664,8.837499618530273,-0.9707986692548417,-0.16739487882553247,1.55768560460951,0.1707177740163216,-0.9639395127159676,GHA
2,2022,DHS 2022,149,La-Nkwantanang-Madina,GHA7.22_2,Greater Accra,la nkwantanang madina,71.21508563875449,79.37703704833984,82.16322326660156,34.56948471069336,34.58818435668945,408.4161376953125,28.532047271728516,8.767499923706055,-0.9707986692548417,0.15397740975352928,2.6170497157739874,-0.28443654457268885,-0.9639395127159676,GHA
1,2014,DHS 2014,150,Ledzokuku,GHA7.23_2,Greater Accra,ledzokuku,29.371074324494586,27.771663665771484,29.958223342895508,46.880615234375,46.44894027709961,208.162109375,16.408586502075195,8.83750057220459,-1.5172615343834674,-0.45184917102013067,2.1101923600311,0.17072397502883643,-0.7926940803492402,GHA
2,2022,DHS 2022,150,Ledzokuku,GHA7.23_2,Greater Accra,ledzokuku,29.371074324494586,27.771663665771484,29.958223342895508,46.880615234375,46.44894027709961,306.0032958984375,37.43769836425781,8.767499923706055,-1.5172615343834674,-0.1558511729398115,2.869813265002416,-0.28443654457268885,-0.7926940803492402,GHA
1,2014,DHS 2014,151,Ningo-Prampram,GHA7.24_2,Greater Accra,ningo prampram,624.9538486188635,27.484081268310547,23.924083709716797,71.21430206298828,80.86754608154297,194.64207458496094,0.8752564191818237,8.921148300170898,-1.5203068199918486,-0.49275120189308197,-0.02672747973269187,0.7146209837176742,-0.4542172269013188,GHA
2,2022,DHS 2022,151,Ningo-Prampram,GHA7.24_2,Greater Accra,ningo prampram,624.9538486188635,27.484081268310547,23.924083709716797,71.21430206298828,80.86754608154297,264.7835388183594,4.031857967376709,8.855731964111328,-1.5203068199918486,-0.28055290654090076,0.919873578436492,0.28926873127496877,-0.4542172269013188,GHA
1,2014,DHS 2014,152,Okaikwei North,GHA7.25_2,Greater Accra,okaikwei north,22.530778567514044,51.978370666503906,53.525115966796875,41.13481903076172,41.21805953979492,185.41082763671875,18.836261749267578,8.837499618530273,-1.2609303503246836,-0.5206784042661868,2.23539142541657,0.1707177740163216,-0.8726169885895639,GHA
2,2022,DHS 2022,152,Okaikwei North,GHA7.25_2,Greater Accra,okaikwei north,22.530778567514044,51.978370666503906,53.525115966796875,41.13481903076172,41.21805953979492,262.0707702636719,36.17765426635742,8.767500877380371,-1.2609303503246836,-0.2887598190894356,2.8378481342769857,-0.28443034356017405,-0.8726169885895639,GHA
1,2014,DHS 2014,153,Shai Osudoku,GHA7.26_2,Greater Accra,shai osudoku,972.800484075975,42.73530960083008,39.60144805908203,78.82581329345703,85.380157470703125,255.804443359375,0.09619666635990143,8.925339698791504,-1.3588075538294861,-0.307717277445119,-0.5416275506097703,0.7418744337203813,-0.348342585322421,GHA
2,2022,DHS 2022,153,Shai Osudoku,GHA7.26_2,Greater Accra,shai osudoku,972.800484075975,42.73530960083008,39.60144805908203,78.82581329345703,85.380157470703125,364.5198974609375,0.8388828039169312,8.853582382202148,-1.3588075538294861,0.021178537475796975,-0.045512111798678825,0.2752916490665269,-0.348342585322421,GHA
1,2014,DHS 2014,154,Tema,GHA7.27_2,Greater Accra,tema,42.83202310896013,16.99384307861328,17.41116714477539,53.52804946899414,53.37959289550781,180.3877716064453,22.091419219970703,8.862587928771973,-1.6313907099295593,-0.5358746072358846,2.3811149192194483,0.33384781024412946,-0.7002295623712178,GHA
2,2022,DHS 2022,154,Tema,GHA7.27_2,Greater Accra,tema,42.83202310896013,16.99384307861328,17.41116714477539,53.52804946899414,53.37959289550781,242.6602325439453,36.27601623535156,8.793962478637695,-1.6313907099295593,-0.3474823316718569,2.840382106628798,-0.11237084931100137,-0.7002295623712178,GHA
1,2014,DHS 2014,155,Tema West,GHA7.28_2,Greater Accra,tema west,45.37900452313031,23.68500328063965,23.440502166748047,47.77531814575195,47.514190673828125,185.1143035888672,16.909391403198242,8.83750057220459,-1.5605362555314235,-0.5215754756086906,2.1373919507227708,0.17072397502883643,-0.7802489367774297,GHA
2,2022,DHS 2022,155,Tema West,GHA7.28_2,Greater Accra,tema west,45.37900452313031,23.68500328063965,23.440502166748047,47.77531814575195,47.514190673828125,259.3172607421875,36.90791702270508,8.767499923706055,-1.5605362555314235,-0.29708998489194494,2.8565032039312284,-0.28443654457268885,-0.7802489367774297,GHA
1,2014,DHS 2014,156,Weija Gbawe,GHA7.29_2,Greater Accra,weija gbawe,164.42146254076226,23.66759490966797,32.29573440551758,50.4306640625,49.65352249145508,281.7268981933594,7.113815784454346,8.837973594665527,-1.5607205973480767,-0.22929432481311238,1.3780761801770078,0.1737996772361954,-0.7433135912604559,GHA
2,2022,DHS 2022,156,Weija Gbawe,GHA7.29_2,Greater Accra,weija gbawe,164.42146254076226,23.66759490966797,32.29573440551758,50.4306640625,49.65352249145508,410.9850769042969,20.359111785888672,8.768243789672852,-1.5607205973480767,0.16174919676949379,2.30632750020654,-0.27959975481111626,-0.7433135912604559,GHA
1,2014,DHS 2014,157,Bunkpurugu Nakpanduri,GHA8.1_2,North East,bunkpurugu nakpanduri,772.4984480548159,281.3302307128906,280.6486511230469,92.40159606933594,92.39740753173828,351.4050598144531,0.032472364604473114,9.085379600524902,1.16773678932368,-0.018497654386184056,-0.5990639553836712,1.7824911478851797,-0.15950608596923843,GHA
2,2022,DHS 2022,157,Bunkpurugu Nakpanduri,GHA8.1_2,North East,bunkpurugu nakpanduri,772.4984480548159,281.3302307128906,280.6486511230469,92.40159606933594,92.39740753173828,254.7864532470703,0.11486588418483734,8.978365898132324,1.16773678932368,-0.31079699311512027,-0.5254319919419188,1.086663131570329,-0.15950608596923843,GHA
1,2014,DHS 2014,158,Chereponi,GHA8.2_2,North East,chereponi,1380.3905931926295,155.23373413085938,156.77774047851563,139.8685302734375,139.61605834960938,401.03118896484375,0.015452560968697071,9.105578422546387,-0.16753216211025534,0.13163579557430105,-0.6150047890710059,1.91382859294942,0.5007497414926209,GHA
2,2022,DHS 2022,158,Chereponi,GHA8.2_2,North East,chereponi,1380.3905931926295,155.23373413085938,156.77774047851563,139.8685302734375,139.61605834960938,293.7362365722656,0.07004950195550919,8.943445205688477,-0.16753216211025534,-0.19296258922470685,-0.5647800776900244,0.8596006563145553,0.5007497414926209,GHA
1,2014,DHS 2014,159,East Mamprusi,GHA8.3_2,North East,east mamprusi,1714.307537911218,256.64111328125,256.49127197265625,101.67346954345703,103.06726837158203,332.0293273925781,0.0195404551923275,9.105817794799805,0.9062972343925891,-0.0771148708366519,-0.6111517995380189,1.9153850470906442,-0.03053612834664338,GHA
2,2022,DHS 2022,159,East Mamprusi,GHA8.3_2,North East,east mamprusi,1714.307537911218,256.64111328125,256.49127197265625,101.67346954345703,103.06726837158203,250.8404998779297,0.11019504070281982,8.999216079711914,0.9062972343925891,-0.32273464779088534,-0.5294583701227319,1.2222358681822028,-0.03053612834664338,GHA
1,2014,DHS 2014,160,Mamprugu Moagduri,GHA8.4_2,North East,mamprugu moagduri,2130.896998412886,156.01724243164063,156.61354064941406,181.9618377685547,183.8512725830078,260.6950378417969,6.0007609135936946e-5,9.166522026062012,-0.15923538673915397,-0.2929218091187741,-0.6296533215754289,2.3100980966975415,1.0862594660366927,GHA
2,2022,DHS 2022,160,Mamprugu Moagduri,GHA8.4_2,North East,mamprugu moagduri,2130.896998412886,156.01724243164063,156.61354064941406,181.9618377685547,183.8512725830078,254.0791778564453,0.032791294157505035,9.138049125671387,-0.15923538673915397,-0.31293670653393013,-0.5987677589786777,2.1249606670545784,1.0862594660366927,GHA
1,2014,DHS 2014,161,West Mamprusi,GHA8.5_2,North East,west mamprusi,2622.2860946118185,152.77496337890625,150.9047088623047,79.98412322998047,81.57659912109375,282.0696716308594,0.009550679475069046,9.147199630737305,-0.1935687319814973,-0.22825733563810063,-0.620594978318495,2.184459382134436,-0.3322307192746135,GHA
2,2022,DHS 2022,161,West Mamprusi,GHA8.5_2,North East,west mamprusi,2622.2860946118185,152.77496337890625,150.9047088623047,79.98412322998047,81.57659912109375,254.80604553222656,0.09107529371976852,9.119969367980957,-0.1935687319814973,-0.31073772076377076,-0.5461185697258232,2.0074018717983053,-0.3322307192746135,GHA
1,2014,DHS 2014,162,Yunyoo-Nasuan,GHA8.6_2,North East,yunyoo nasuan,489.9967513961059,212.02235412597656,215.14695739746094,79.71168518066406,79.89534759521484,343.06280517578125,0,9.102865219116211,0.4338174640066834,-0.04373539689793928,-0.6297108687249097,1.8961867123447098,-0.3360202795801105,GHA
2,2022,DHS 2022,162,Yunyoo-Nasuan,GHA8.6_2,North East,yunyoo nasuan,489.9967513961059,212.02235412597656,215.14695739746094,79.71168518066406,79.89534759521484,243.41546630859375,0.026515638455748558,8.946778297424316,0.4338174640066834,-0.3451975302465895,-0.6046129659080338,0.8812731950539093,-0.3360202795801105,GHA
1,2014,DHS 2014,163,Gushegu,GHA9.1_2,Northern,gushegu,2685.7869964409906,186.4481964111328,186.06300354003906,65.1697769165039,68.00724029541016,421.9803771972656,0.00789669994264841,9.053387641906738,0.16300598485119003,0.19501317271515622,-0.6221674706303997,1.5744719820624693,-0.5382953966656767,GHA
2,2022,DHS 2022,163,Gushegu,GHA9.1_2,Northern,gushegu,2685.7869964409906,186.4481964111328,186.06300354003906,65.1697769165039,68.00724029541016,294.1844482421875,0.026719963178038597,8.956149101257324,0.16300598485119003,-0.19160661878191862,-0.6044220937203404,0.9422043440246943,-0.5382953966656767,GHA
1,2014,DHS 2014,164,Karaga,GHA9.2_2,Northern,karaga,3133.3182207584036,150.58448791503906,151.72467041015625,90.61193084716797,91.18805694580078,374.79779052734375,0.005188180599361658,9.116841316223145,-0.21676425251585998,0.05227214825709189,-0.6247481297073956,1.9870625507496409,-0.1843999813082831,GHA
2,2022,DHS 2022,164,Karaga,GHA9.2_2,Northern,karaga,3133.3182207584036,150.58448791503906,151.72467041015625,90.61193084716797,91.18805694580078,266.6869201660156,0.03137596696615219,8.9881439208984375,-0.21676425251585998,-0.27479462530465765,-0.600082900687619,1.1502421128849494,-0.1843999813082831,GHA
1,2014,DHS 2014,165,Kpandai,GHA9.3_2,Northern,kpandai,1137.8669284724256,145.61471557617188,144.39456176757813,153.34303283691406,155.05555725097656,450.1241455078125,0.015416483394801617,9.03250789642334,-0.2693904783005516,0.28015624358708047,-0.6150388625064622,1.4387070140626357,0.6881774527796164,GHA
2,2022,DHS 2022,165,Kpandai,GHA9.3_2,Northern,kpandai,1137.8669284724256,145.61471557617188,144.39456176757813,153.34303283691406,155.05555725097656,434.2681579589844,0.044126808643341064,8.880706787109375,-0.2693904783005516,0.23218727735918915,-0.5882992050332314,0.45166084701351106,0.6881774527796164,GHA
1,2014,DHS 2014,166,Kumbungu,GHA9.4_2,Northern,kumbungu,1548.145918479978,132.79112243652344,128.8699951171875,115.07884979248047,132.9857635498047,306.4141845703125,0.016605131328105927,9.143409729003906,-0.40518287721192464,-0.1546081154030987,-0.6139168815533004,2.1598165584004754,0.15593010498331608,GHA
2,2022,DHS 2022,166,Kumbungu,GHA9.4_2,Northern,kumbungu,1548.145918479978,132.79112243652344,128.8699951171875,115.07884979248047,132.9857635498047,234.0112762451172,0.13248971104621887,9.086920738220215,-0.40518287721192464,-0.3736479357584757,-0.5103902600487713,1.7925119841091557,0.15593010498331608,GHA
1,2014,DHS 2014,167,Mion,GHA9.5_2,Northern,mion,2726.1899502553474,182.57423400878906,182.863525390625,63.059085845947266,63.945465087890625,458.8530578613281,0.0016341675072908401,9.028627395629883,0.12198357855850679,0.30656373795490754,-0.6281449382349488,1.4134750941397654,-0.5676546991501062,GHA
2,2022,DHS 2022,167,Mion,GHA9.5_2,Northern,mion,2726.1899502553474,182.57423400878906,182.863525390625,63.059085845947266,63.945465087890625,357.6338806152344,0.022676706314086914,8.9132843017578125,0.12198357855850679,3.463371162150317e-4,-0.6082062266882823,0.6634874345203312,-0.5676546991501062,GHA
1,2014,DHS 2014,168,Nanton,GHA9.6_2,Northern,nanton,478.7027559566012,150.9781036376953,153.92446899414063,46.865604400634766,47.51801681518555,417.068603515625,0.0073274667374789715,9.151174545288086,-0.2125961521522055,0.18015363116165153,-0.6227092561499575,2.2103052022962753,-0.7929028781285413,GHA
2,2022,DHS 2022,168,Nanton,GHA9.6_2,Northern,nanton,478.7027559566012,150.9781036376953,153.92446899414063,46.865604400634766,47.51801681518555,296.3796691894531,0.23424631357192993,8.991715431213379,-0.2125961521522055,-0.18496543801926554,-0.4278737006243317,1.1734649047530126,-0.7929028781285413,GHA
1,2014,DHS 2014,169,Nanumba North,GHA9.7_2,Northern,nanumba north,2270.6802797001137,156.77516174316406,156.48159790039063,96.41844177246094,96.982879638671875,467.0044250488281,0.009652814827859402,9.009888648986816,-0.15120957990231562,0.3312239905014118,-0.6204979593790001,1.2916313992357398,-0.10363254309201082,GHA
2,2022,DHS 2022,169,Nanumba North,GHA9.7_2,Northern,nanumba north,2270.6802797001137,156.77516174316406,156.48159790039063,96.41844177246094,96.982879638671875,442.2412414550781,0.044228047132492065,8.872611045837402,-0.15120957990231562,0.25630816997332,-0.5882062223921671,0.39902045177506273,-0.10363254309201082,GHA
1,2014,DHS 2014,170,Nanumba South,GHA9.8_2,Northern,nanumba south,1796.9309014465769,147.33184814453125,148.79318237304688,97.15857696533203,97.19632720947266,479.75042724609375,0.00904550589621067,8.969453811645508,-0.251207310122404,0.3697843480356514,-0.6210749898908997,1.0287146696191805,-0.09333740643748216,GHA
2,2022,DHS 2022,170,Nanumba South,GHA9.8_2,Northern,nanumba south,1796.9309014465769,147.33184814453125,148.79318237304688,97.15857696533203,97.19632720947266,445.4585876464844,0.04729234054684639,8.879658699035645,-0.251207310122404,0.2660415763804414,-0.5853960751587561,0.4448459342597056,-0.09333740643748216,GHA
1,2014,DHS 2014,171,Saboba,GHA9.9_2,Northern,saboba,1758.4740831880763,135.59649658203125,136.51161193847656,88.85540008544922,88.5995101928711,471.7917785644531,0.007323491387069225,9.049662590026855,-0.3754760328888137,0.3457071249264868,-0.6227130408905628,1.5502508271795175,-0.2088329827436404,GHA
2,2022,DHS 2022,171,Saboba,GHA9.9_2,Northern,saboba,1758.4740831880763,135.59649658203125,136.51161193847656,88.85540008544922,88.5995101928711,361.9313049316406,0.037110112607479095,8.950047492980957,-0.3754760328888137,0.013347293459413344,-0.5947657649433362,0.9025302659547694,-0.2088329827436404,GHA
1,2014,DHS 2014,172,Sagnerigu,GHA9.10_2,Northern,sagnerigu,201.3444412345442,167.55271911621094,167.7723388671875,20.883302688598633,21.50415802001953,384.4916076660156,1.5619475841522217,9.132458686828613,-0.0370831915996442,0.08159875976661421,0.2725101517867528,2.088610331692606,-1.1543116441229915,GHA
2,2022,DHS 2022,172,Sagnerigu,GHA9.10_2,Northern,sagnerigu,201.3444412345442,167.55271911621094,167.7723388671875,20.883302688598633,21.50415802001953,296.80731201171875,6.945913314819336,8.974337577819824,-0.0370831915996442,-0.18367169431294078,1.358022447950301,1.060470054707659,-1.1543116441229915,GHA
1,2014,DHS 2014,173,Savelugu,GHA9.11_2,Northern,savelugu,1553.198091807525,131.37277221679688,130.96466064453125,46.93267822265625,54.15247344970703,348.4898376464844,0.02637423574924469,9.15457534790039,-0.4202021605544109,-0.027317047898663724,-0.6047450810478469,2.232418012924183,-0.7919698943030135,GHA
2,2022,DHS 2022,173,Savelugu,GHA9.11_2,Northern,savelugu,1553.198091807525,131.37277221679688,130.96466064453125,46.93267822265625,54.15247344970703,252.74807739257813,0.16520090401172638,9.027982711791992,-0.4202021605544109,-0.3169636719311056,-0.4830819582060758,1.4092832096797356,-0.7919698943030135,GHA
1,2014,DHS 2014,174,Tamale,GHA9.12_2,Northern,tamale,649.8820135469352,139.73480224609375,138.32611083984375,39.79901885986328,41.956417083740234,396.19219970703125,0.7268682718276978,9.123750686645508,-0.33165442630538966,0.11699644803632368,-0.10578566389863273,2.0319888864196325,-0.8911977092943789,GHA
2,2022,DHS 2022,174,Tamale,GHA9.12_2,Northern,tamale,649.8820135469352,139.73480224609375,138.32611083984375,39.79901885986328,41.956417083740234,314.2035827636719,2.469977378845215,8.9662504196167,-0.33165442630538966,-0.1310429241640031,0.563459871418447,1.0078854685818441,-0.8911977092943789,GHA
1,2014,DHS 2014,175,Tatale Sanguli,GHA9.13_2,Northern,tatale sanguli,1094.8347962831092,157.8683319091797,158.80686950683594,138.57862854003906,139.8634796142578,505.403564453125,0.006202913820743561,8.984712600708008,-0.1396337136341758,0.44739253664793954,-0.6237804850315453,1.1279308698565669,0.48280745913102097,GHA
2,2022,DHS 2022,175,Tatale Sanguli,GHA9.13_2,Northern,tatale sanguli,1094.8347962831092,157.8683319091797,158.80686950683594,138.57862854003906,139.8634796142578,462.253662109375,0.055769067257642746,8.862797737121582,-0.1396337136341758,0.31685155319357683,-0.5776650141904521,0.33521203299739355,0.48280745913102097,GHA
1,2014,DHS 2014,176,Tolon,GHA9.14_2,Northern,tolon,1359.8889998331072,132.29830932617188,130.21267700195313,110.02378845214844,116.61663818359375,299.0167541503906,0.017380408942699432,9.124201774597168,-0.41040140479158616,-0.17698749031706515,-0.6131857931035716,2.03492196533915,0.08561518441608508,GHA
2,2022,DHS 2022,176,Tolon,GHA9.14_2,Northern,tolon,1359.8889998331072,132.29830932617188,130.21267700195313,110.02378845214844,116.61663818359375,246.81716918945313,0.16974978148937225,9.084206581115723,-0.41040140479158616,-0.334906391324667,-0.47934526368960256,1.7748639024919306,0.08561518441608508,GHA
1,2014,DHS 2014,177,Yendi,GHA9.15_2,Northern,yendi,1452.5862313893688,159.50076293945313,159.2651824951172,39.86201858520508,39.944610595703125,478.33721923828125,0.04505050927400589,9.029468536376953,-0.12234747230975153,0.3655089834775635,-0.5874511647452392,1.418944387177851,-0.890321395361683,GHA
2,2022,DHS 2022,177,Yendi,GHA9.15_2,Northern,yendi,1452.5862313893688,159.50076293945313,159.2651824951172,39.86201858520508,39.944610595703125,376.8126220703125,0.18571998178958893,8.91808795928955,-0.12234747230975153,0.05836759869446949,-0.4663405737291531,0.6947219345575635,-0.890321395361683,GHA
1,2014,DHS 2014,178,Zabzugu,GHA9.16_2,Northern,zabzugu,1104.6706666451882,143.88775634765625,143.3247833251953,117.78630065917969,117.5629653930664,507.0096740722656,0.01712110824882984,9.008201599121094,-0.28767770356639466,0.452251484590576,-0.6134302521884647,1.2806618080969938,0.19359022022518807,GHA
2,2022,DHS 2022,178,Zabzugu,GHA9.16_2,Northern,zabzugu,1104.6706666451882,143.88775634765625,143.3247833251953,117.78630065917969,117.5629653930664,461.7541809082031,0.05061584711074829,8.892802238464355,-0.28767770356639466,0.31534047753230393,-0.5823574932714352,0.5303082887391843,0.19359022022518807,GHA
1,2014,DHS 2014,179,Biakoye,GHA10.1_2,Oti,biakoye,1110.5862611686036,226.103515625,179.1686553955078,82.18580627441406,96.623016357421875,432.5984191894531,0.013954080641269684,8.847505569458008,0.5829265848738228,0.227135832761469,-0.6164210476897604,0.23577879732198778,-0.30160573612190683,GHA
2,2022,DHS 2022,179,Biakoye,GHA10.1_2,Oti,biakoye,1110.5862611686036,226.103515625,179.1686553955078,82.18580627441406,96.623016357421875,414.7448425292969,0.14154550433158875,8.84035873413086,0.5829265848738228,0.173123579458369,-0.5027520406497499,0.18930840953580189,-0.30160573612190683,GHA
1,2014,DHS 2014,180,Jasikan,GHA10.2_2,Oti,jasikan,558.0792474457912,270.3376159667969,266.4753723144531,53.08599090576172,54.55869674682617,468.4069519042969,0.029606221243739128,8.64228343963623,1.0513331019620324,0.3354670414723155,-0.6017299145634826,-1.0986232867582268,-0.7063785110519692,GHA
2,2022,DHS 2022,180,Jasikan,GHA10.2_2,Oti,jasikan,558.0792474457912,270.3376159667969,266.4753723144531,53.08599090576172,54.55869674682617,459.36065673828125,0.2675158679485321,8.633745193481445,1.0513331019620324,0.3080993719424405,-0.4023650736678572,-1.1541409518035595,-0.7063785110519692,GHA
1,2014,DHS 2014,181,Kadjebi,GHA10.3_2,Oti,kadjebi,692.6952431978642,244.9345245361328,247.0170135498047,66.18572998046875,66.93171691894531,462.71649169921875,0.01917218789458275,8.612256050109863,0.7823330886608161,0.31825174708854015,-0.6114982711543293,-1.2938683668003736,-0.5241636870417474,GHA
2,2022,DHS 2022,181,Kadjebi,GHA10.3_2,Oti,kadjebi,692.6952431978642,244.9345245361328,247.0170135498047,66.18572998046875,66.93171691894531,434.99481201171875,0.16601131856441498,8.594429016113281,0.7823330886608161,0.23438561685760478,-0.482415172999955,-1.4097838937402154,-0.5241636870417474,GHA
1,2014,DHS 2014,182,Krachi East,GHA10.4_2,Oti,krachi east,2771.22859293159,135.05723571777344,122.79267883300781,175.70555114746094,192.7661895751953,451.0186767578125,0.0029848513659089804,8.920938491821289,-0.3811864079450981,0.2828624603514986,-0.6268525813893044,0.7132567609644102,0.9992357353258121,GHA
2,2022,DHS 2022,182,Krachi East,GHA10.4_2,Oti,krachi east,2771.22859293159,135.05723571777344,122.79267883300781,175.70555114746094,192.7661895751953,415.8613586425781,0.0567995123565197,8.881595611572266,-0.3811864079450981,0.17650136488901177,-0.5767294478367112,0.4574401906773388,0.9992357353258121,GHA
1,2014,DHS 2014,183,Krachi Nchumuru,GHA10.5_2,Oti,krachi nchumuru,1200.228477795757,123.6026382446289,120.28538513183594,196.9859161376953,201.755859375,414.5487060546875,0.002434892114251852,9.04876708984375,-0.5024821518527289,0.17253020967313037,-0.6273785814029608,1.5444280764280858,1.2952414755512571,GHA
2,2022,DHS 2022,183,Krachi Nchumuru,GHA10.5_2,Oti,krachi nchumuru,1200.228477795757,123.6026382446289,120.28538513183594,196.9859161376953,201.755859375,438.2006530761719,0.04156069457530975,8.893115043640137,-0.5024821518527289,0.244084216915102,-0.5906590716474331,0.5323422208440508,1.2952414755512571,GHA
1,2014,DHS 2014,184,Krachi West,GHA10.6_2,Oti,krachi west,932.477963128381,112.30313873291016,103.98600006103516,247.24404907226563,258.83746337890625,446.5538330078125,0.005130133591592312,8.966019630432129,-0.6221355226735878,0.26935501161032,-0.6248035125862371,1.0063848235532538,1.9943223347598877,GHA
2,2022,DHS 2022,184,Krachi West,GHA10.6_2,Oti,krachi west,932.477963128381,112.30313873291016,103.98600006103516,247.24404907226563,258.83746337890625,409.7337341308594,0.08856238424777985,8.91744327545166,-0.6221355226735878,0.15796352154405027,-0.5483298981461979,0.6905300500975339,1.9943223347598877,GHA
1,2014,DHS 2014,185,Nkwanta North,GHA10.7_2,Oti,nkwanta north,1103.565635693982,133.09458923339844,133.29698181152344,107.10391235351563,108.71865844726563,480.630615234375,0.004549094941467047,8.960134506225586,-0.40196938752234634,0.37244717226870777,-0.6253580601593242,0.9681183753241968,0.04500027549234152,GHA
2,2022,DHS 2022,185,Nkwanta North,GHA10.7_2,Oti,nkwanta north,1103.565635693982,133.09458923339844,133.29698181152344,107.10391235351563,108.71865844726563,432.0126953125,0.06996836513280869,8.883323669433594,-0.40196938752234634,0.22536384796481657,-0.5648527989033342,0.4686764253542229,0.04500027549234152,GHA
1,2014,DHS 2014,186,Nkwanta South,GHA10.8_2,Oti,nkwanta south,2744.1207365437676,269.299072265625,274.2920837402344,138.36988830566406,138.9358367919922,465.9344482421875,0.0022929536644369364,8.805866241455078,1.0403356896907094,0.32798699998635783,-0.627514383086573,-0.034969811100810246,0.4799039230488457,GHA
2,2022,DHS 2022,186,Nkwanta South,GHA10.8_2,Oti,nkwanta south,2744.1207365437676,269.299072265625,274.2920837402344,138.36988830566406,138.9358367919922,423.70501708984375,0.05342240259051323,8.704641342163086,1.0403356896907094,0.20023070915100366,-0.5797990206309208,-0.6931576814506024,0.4799039230488457,GHA
1,2014,DHS 2014,187,Bole,GHA11.1_2,Savannah,bole,6195.04831240027,212.531005859375,207.94366455078125,191.7266082763672,192.77748107910156,334.83203125,0.008264320902526379,8.860998153686523,0.43920371092955607,-0.06863587788402518,-0.6218177384674215,0.32351072238189676,1.2220855255813978,GHA
2,2022,DHS 2022,187,Bole,GHA11.1_2,Savannah,bole,6195.04831240027,212.531005859375,207.94366455078125,191.7266082763672,192.77748107910156,332.372314453125,0.03263087198138237,8.834507942199707,0.43920371092955607,-0.07607723538989647,-0.5989167349031183,0.151265197757279,1.2220855255813978,GHA
1,2014,DHS 2014,188,Central Gonja,GHA11.2_2,Savannah,central gonja,7589.712891323904,133.11720275878906,132.7281951904297,158.87989807128906,165.1318359375,332.32220458984375,0.006291300989687443,9.02731990814209,-0.4017299269571837,-0.07622883227605827,-0.6236962456631899,1.4049735059819242,0.7651941718528945,GHA
2,2022,DHS 2022,188,Central Gonja,GHA11.2_2,Savannah,central gonja,7589.712891323904,133.11720275878906,132.7281951904297,158.87989807128906,165.1318359375,305.7502746582031,0.02192702516913414,8.963890075683594,-0.4017299269571837,-0.15661663565794026,-0.6089095062186475,0.9925379626076235,0.7651941718528945,GHA
1,2014,DHS 2014,189,East Gonja,GHA11.3_2,Savannah,east gonja,2263.892114449526,119.35154724121094,118.7409439086914,282.73419189453125,285.5627136230469,285.869384765625,0,9.038853645324707,-0.5474980720443849,-0.2167621001331561,-0.6297108687249097,1.4799685513363587,2.487983322324359,GHA
2,2022,DHS 2022,189,East Gonja,GHA11.3_2,Savannah,east gonja,2263.892114449526,119.35154724121094,118.7409439086914,282.73419189453125,285.5627136230469,269.8075866699219,0.002657134085893631,8.898446083068848,-0.5474980720443849,-0.2653537030238216,-0.627165986772311,0.5670058808019877,2.487983322324359,GHA
1,2014,DHS 2014,190,North East Gonja,GHA11.4_2,Savannah,north east gonja,6114.85909050721,126.42237854003906,126.8919906616211,158.53057861328125,165.45423889160156,396.80987548828125,0.003985548857599497,9.029452323913574,-0.4726231805916284,0.11886509662092462,-0.6258962191982508,1.418838969965099,0.7603352060978332,GHA
2,2022,DHS 2022,190,North East Gonja,GHA11.4_2,Savannah,north east gonja,6114.85909050721,126.42237854003906,126.8919906616211,158.53057861328125,165.45423889160156,395.87298583984375,0.02177538350224495,8.917862892150879,-0.4726231805916284,0.11603073340218704,-0.6090518247364812,0.6932584956040619,0.7603352060978332,GHA
1,2014,DHS 2014,191,North Gonja,GHA11.5_2,Savannah,north gonja,4867.349245013536,227.7716827392578,233.1509246826172,243.28395080566406,243.00296020507813,282.07574462890625,9.311343892477453e-4,9.065580368041992,0.6005912449861087,-0.22823896305567298,-0.6288183018307824,1.653751927064656,1.939238137693304,GHA
2,2022,DHS 2022,191,North Gonja,GHA11.5_2,Savannah,north gonja,4867.349245013536,227.7716827392578,233.1509246826172,243.28395080566406,243.00296020507813,252.11334228515625,0.009359840303659439,9.0272369384765625,0.6005912449861087,-0.3188839299306666,-0.6207762838152396,1.4044340178931334,1.939238137693304,GHA
1,2014,DHS 2014,192,Sawla-Tuna-Kalba,GHA11.6_2,Savannah,sawla tuna kalba,4244.089362173821,274.0502014160156,274.1484069824219,257.36016845703125,253.7823944091797,324.8593444824219,0.005681083537638187,8.949284553527832,1.0906466452741757,-0.0988061509926623,-0.624277977912754,0.8975694559429,2.1350355888826753,GHA
2,2022,DHS 2022,192,Sawla-Tuna-Kalba,GHA11.6_2,Savannah,sawla tuna kalba,4244.089362173821,274.0502014160156,274.1484069824219,257.36016845703125,253.7823944091797,279.6333923339844,0.026722336187958717,8.931330680847168,1.0906466452741757,-0.2356277879012361,-0.6044198771701569,0.7808291943385852,2.1350355888826753,GHA
1,2014,DHS 2014,193,West Gonja,GHA11.7_2,Savannah,west gonja,4736.721297001046,198.38783264160156,196.83872985839844,216.60682678222656,209.63507080078125,319.95062255859375,0.006091911345720291,8.97006893157959,0.28943793167049964,-0.11365646009268576,-0.6238862889058577,1.03271432269125,1.568164528416988,GHA
2,2022,DHS 2022,193,West Gonja,GHA11.7_2,Savannah,west gonja,4736.721297001046,198.38783264160156,196.83872985839844,216.60682678222656,209.63507080078125,281.13385009765625,0.030565399676561356,8.940008163452148,0.28943793167049964,-0.2310884674981198,-0.6008369040857647,0.837252207211084,1.568164528416988,GHA
1,2014,DHS 2014,194,Bawku,GHA12.1_2,Upper East,bawku,248.30191784882334,NA,217.21722412109375,NA,26.287954330444336,252.22779846191406,0.22354765236377716,9.141556739807129,NA,-0.31853766676285306,-0.43622294596561917,2.1477679910841476,NA,GHA
2,2022,DHS 2022,194,Bawku,GHA12.1_2,Upper East,bawku,248.30191784882334,NA,217.21722412109375,NA,26.287954330444336,200.28518676757813,1.0590128898620605,9.08340072631836,NA,-0.4756791490250679,0.06292352874744114,1.7696240469168938,NA,GHA
1,2014,DHS 2014,195,Bawku West,GHA12.2_2,Upper East,bawku west,1075.8938336049498,202.64187622070313,204.10206604003906,89.05859375,89.35801696777344,267.1593017578125,0.017289670184254646,9.106048583984375,0.33448511746226295,-0.2733655338302981,-0.6132713311550131,1.9168856921192345,-0.20600659836949664,GHA
2,2022,DHS 2022,195,Bawku West,GHA12.2_2,Upper East,bawku west,1075.8938336049498,202.64187622070313,204.10206604003906,89.05859375,89.35801696777344,230.5316619873047,0.14201277494430542,9.065884590148926,0.33448511746226295,-0.38417477921777404,-0.5023595612259841,1.6557300500568888,-0.20600659836949664,GHA
1,2014,DHS 2014,196,Binduri,GHA12.3_2,Upper East,binduri,393.61679261951724,202.23394775390625,201.15357971191406,45.4647331237793,46.09707260131836,254.90792846679688,0.002565863076597452,9.099860191345215,0.3301654556882693,-0.3104294953042999,-0.6272532900793699,1.8766473219104596,-0.812388725267745,GHA
2,2022,DHS 2022,196,Binduri,GHA12.3_2,Upper East,binduri,393.61679261951724,202.23394775390625,201.15357971191406,45.4647331237793,46.09707260131836,212.69960021972656,0.24237509071826935,9.050481796264648,0.3301654556882693,-0.4381219437238314,-0.4215782376597358,1.555577496929762,-0.812388725267745,GHA
1,2014,DHS 2014,197,Bolga East,GHA12.4_2,Upper East,bolga east,72.14528719413865,198.12551879882813,202.47596740722656,10.509469032287598,11.723214149475098,296.7733459472656,0.5931087136268616,9.145000457763672,0.28666022143047853,-0.18377445152018687,-0.1831045204574262,2.170159847275223,-1.2986096536647047,GHA
2,2022,DHS 2022,197,Bolga East,GHA12.4_2,Upper East,bolga east,72.14528719413865,198.12551879882813,202.47596740722656,10.509469032287598,11.723214149475098,300.23748779296875,3.059936761856079,9.11875057220459,0.28666022143047853,-0.1732944166000384,0.7140455334412535,1.999476977804344,-1.2986096536647047,GHA
1,2014,DHS 2014,198,Bolgatanga,GHA12.5_2,Upper East,bolgatanga,326.73281071600223,176.8369140625,176.81297302246094,26.3100528717041,26.915651321411133,269.9627990722656,0.520600438117981,9.146195411682129,0.06122958938055471,-0.26488414043976627,-0.22777787574555003,2.177929715956313,-1.0788266040070975,GHA
2,2022,DHS 2022,198,Bolgatanga,GHA12.5_2,Upper East,bolgatanga,326.73281071600223,176.8369140625,176.81297302246094,26.3100528717041,26.915651321411133,267.2828063964844,1.9932992458343506,9.119586944580078,0.06122958938055471,-0.2729918964379127,0.42174276074298306,2.004915265779856,-1.0788266040070975,GHA
1,2014,DHS 2014,199,Bongo,GHA12.6_2,Upper East,bongo,416.6189424435103,225.89080810546875,226.05062866210938,41.287628173828125,42.541236877441406,264.3399353027344,0.009751682169735432,9.145106315612793,0.5806741690314696,-0.28189493597893234,-0.6204040540891005,2.1708481596643696,-0.8704914431147873,GHA
2,2022,DHS 2022,199,Bongo,GHA12.6_2,Upper East,bongo,416.6189424435103,225.89080810546875,226.05062866210938,41.287628173828125,42.541236877441406,225.553466796875,0.5405150055885315,9.118721008300781,0.5806741690314696,-0.3992352651212977,-0.21529950699419415,1.999284746416384,-0.8704914431147873,GHA
1,2014,DHS 2014,200,Builsa North,GHA12.7_2,Upper East,builsa north,820.1149034438017,182.11167907714844,182.7994384765625,91.227203369140625,92.50062561035156,254.23956298828125,0.017154311761260033,9.194999694824219,0.1170854627876965,-0.3124514949412241,-0.6133989456684434,2.495266531403079,-0.17584166013331878,GHA
2,2022,DHS 2022,200,Builsa North,GHA12.7_2,Upper East,builsa north,820.1149034438017,182.11167907714844,182.7994384765625,91.227203369140625,92.50062561035156,256.53790283203125,0.13925616443157196,9.1537504196167,0.1170854627876965,-0.30549834957544025,-0.5046772741930381,2.227054137098849,-0.17584166013331878,GHA
1,2014,DHS 2014,201,Builsa South,GHA12.8_2,Upper East,builsa south,1246.9780711509034,174.81484985351563,175.14256286621094,131.85305786132813,131.42010498046875,244.3558807373047,0.0041775209829211235,9.179049491882324,0.039817419897271805,-0.34235250354408114,-0.6257128612601146,2.391554597092436,0.38925607840498705,GHA
2,2022,DHS 2022,201,Builsa South,GHA12.8_2,Upper East,builsa south,1246.9780711509034,174.81484985351563,175.14256286621094,131.85305786132813,131.42010498046875,264.2599182128906,0.05078310891985893,9.14300537109375,0.039817419897271805,-0.2821370109092102,-0.58220482499695,2.1571873290941848,0.38925607840498705,GHA
1,2014,DHS 2014,202,Garu,GHA12.9_2,Upper East,garu,678.131589807725,209.618896484375,210.2903594970703,66.95924377441406,68.20442962646484,273.8182067871094,0.009209884330630302,9.073124885559082,0.40836661920205053,-0.25322041265878925,-0.6209187725510252,1.7028081370695287,-0.5134042605348973,GHA
2,2022,DHS 2022,202,Garu,GHA12.9_2,Upper East,garu,678.131589807725,209.618896484375,210.2903594970703,66.95924377441406,68.20442962646484,226.5603790283203,0.11938386410474777,9.029375076293945,0.40836661920205053,-0.3961890632574333,-0.5215534035875404,1.4183366879513972,-0.5134042605348973,GHA
1,2014,DHS 2014,203,Kasena Nankana East,GHA12.10_2,Upper East,kasena nankana east,770.506286576822,170.40328979492188,170.4357452392578,64.52397918701172,64.80308532714844,263.61431884765625,0.08658937364816666,9.184710502624512,-0.006897749304865409,-0.28409013644316433,-0.5500697028209371,2.4283638073805065,-0.5472783175433013,GHA
2,2022,DHS 2022,203,Kasena Nankana East,GHA12.10_2,Upper East,kasena nankana east,770.506286576822,170.40328979492188,170.4357452392578,64.52397918701172,64.80308532714844,249.10745239257813,0.37536442279815674,9.146503448486328,-0.006897749304865409,-0.3279776196360736,-0.3240512197127056,2.1799326429986055,-0.5472783175433013,GHA
1,2014,DHS 2014,204,Kasena Nankana West,GHA12.11_2,Upper East,kasena nankana west,876.732799915243,234.2803955078125,237.8621826171875,87.75782012939453,93.7660140991211,254.25289916992188,0.014717001467943192,9.188264846801758,0.6695137155481586,-0.3124111491195111,-0.6156997270302491,2.4514749810233027,-0.22410010656870977,GHA
2,2022,DHS 2022,204,Kasena Nankana West,GHA12.11_2,Upper East,kasena nankana west,876.732799915243,234.2803955078125,237.8621826171875,87.75782012939453,93.7660140991211,241.10650634765625,0.09705714136362076,9.148454666137695,0.6695137155481586,-0.35218280455048806,-0.5408750447127898,2.192619914603961,-0.22410010656870977,GHA
1,2014,DHS 2014,205,Nabdam,GHA12.12_2,Upper East,nabdam,246.0357359842622,230.30308532714844,228.40928649902344,50.20795440673828,50.23887634277344,275.18292236328125,0.018524877727031708,9.145000457763672,0.6273969324620566,-0.24909175178651807,-0.6121075741898259,2.170159847275223,-0.7464114392785399,GHA
2,2022,DHS 2022,205,Nabdam,GHA12.12_2,Upper East,nabdam,246.0357359842622,230.30308532714844,228.40928649902344,50.20795440673828,50.23887634277344,256.4338073730469,0.20428957045078278,9.118749618530273,0.6273969324620566,-0.30581326856368496,-0.4514376353807308,1.9994707767918292,-0.7464114392785399,GHA
1,2014,DHS 2014,206,Pusiga,GHA12.13_2,Upper East,pusiga,256.8340305424044,236.95120239257813,237.80178833007813,30.514484405517578,30.803119659423828,246.24734497070313,0.02798601984977722,9.164306640625,0.6977955917712901,-0.33663027503868226,-0.6032402391633431,2.295693144625576,-1.0203437786906717,GHA
2,2022,DHS 2022,206,Pusiga,GHA12.13_2,Upper East,pusiga,256.8340305424044,236.95120239257813,237.80178833007813,30.514484405517578,30.803119659423828,205.5412139892578,0.5334543585777283,9.10195541381836,0.6977955917712901,-0.4597781405566131,-0.2197051190032176,1.8902709464055556,-1.0203437786906717,GHA
1,2014,DHS 2014,207,Talensi,GHA12.14_2,Upper East,talensi,842.1564482073081,182.2393341064453,185.19259643554688,61.10540771484375,66.8912353515625,285.1968078613281,0.023089706897735596,9.144991874694824,0.11843723545176588,-0.21879684055588436,-0.6078190090377057,2.1701040381625893,-0.5948299821692153,GHA
2,2022,DHS 2022,207,Talensi,GHA12.14_2,Upper East,talensi,842.1564482073081,182.2393341064453,185.19259643554688,61.10540771484375,66.8912353515625,289.1789855957031,0.24424731731414795,9.118741035461426,0.11843723545176588,-0.20674959665729709,-0.4201340980899845,1.9994149676791957,-0.5948299821692153,GHA
1,2014,DHS 2014,208,Tempane,GHA12.15_2,Upper East,tempane,387.35000695209567,233.69619750976563,233.9855499267578,54.4296989440918,53.06461715698242,260.6876525878906,5.648002261295915e-4,9.079644203186035,0.6633274893687946,-0.29294415165619864,-0.6291693633536714,1.745198258620952,-0.6876877934484271,GHA
2,2022,DHS 2022,208,Tempane,GHA12.15_2,Upper East,tempane,387.35000695209567,233.69619750976563,233.9855499267578,54.4296989440918,53.06461715698242,209.4861602783203,0.11565595120191574,9.030943870544434,0.6633274893687946,-0.44784353259049686,-0.524752603757962,1.4285373535383035,-0.6876877934484271,GHA
1,2014,DHS 2014,209,Daffiama-Bussie-Issa,GHA13.1_2,Upper West,daffiama bussie issa,1462.0169663920442,284.246337890625,282.91400146484375,275.73541259765625,275.618408203125,250.6848907470703,7.097439956851304e-4,9.102102279663086,1.1986162148353101,-0.32320541059389324,-0.6290304469921502,1.8912259023328406,2.3906316628299518,GHA
2,2022,DHS 2022,209,Daffiama-Bussie-Issa,GHA13.1_2,Upper West,daffiama bussie issa,1462.0169663920442,284.246337890625,282.91400146484375,275.73541259765625,275.618408203125,302.50042724609375,0.039584383368492126,9.067361831665039,1.1986162148353101,-0.1664483676946368,-0.5924805064319276,1.6653354184423708,2.3906316628299518,GHA
1,2014,DHS 2014,210,Jirapa,GHA13.2_2,Upper West,jirapa,1193.0609443540689,289.7682189941406,289.0742492675781,266.45867919921875,266.61981201171875,247.07997131347656,0.014029702171683311,9.134068489074707,1.2570888654710681,-0.3341113385931309,-0.6163495253846137,2.0990776408176504,2.2615941046048587,GHA
2,2022,DHS 2022,210,Jirapa,GHA13.2_2,Upper West,jirapa,1193.0609443540689,289.7682189941406,289.0742492675781,266.45867919921875,266.61981201171875,296.24237060546875,0.11279699951410294,9.1011381149292,1.2570888654710681,-0.18538080610138608,-0.5272133345510047,1.8849566786803407,2.2615941046048587,GHA
1,2014,DHS 2014,211,Lambussie-Karni,GHA13.3_2,Upper West,lambussie karni,814.9025868372062,300.51385498046875,300.94342041015625,251.8228759765625,249.76007080078125,258.97357177734375,0.003602857468649745,9.149731636047363,1.3708772298180578,-0.298129743803001,-0.6262618430629481,2.2009230703613274,2.0580129268992873,GHA
2,2022,DHS 2022,211,Lambussie-Karni,GHA13.3_2,Upper West,lambussie karni,814.9025868372062,300.51385498046875,300.94342041015625,251.8228759765625,249.76007080078125,311.97613525390625,0.0793791115283966,9.10982894897461,1.3708772298180578,-0.13778159963541797,-0.5564547048934922,1.9414665057280471,2.0580129268992873,GHA
1,2014,DHS 2014,212,Lawra,GHA13.4_2,Upper West,lawra,529.23680725047,267.12530517578125,266.4943542480469,246.70944213867188,247.0679168701172,313.90618896484375,0.027596671134233475,9.152302742004395,1.0173170985212947,-0.13194262675574894,-0.6036035382599467,2.2176410001013274,1.9868860562383166,GHA
2,2022,DHS 2022,212,Lawra,GHA13.4_2,Upper West,lawra,529.23680725047,267.12530517578125,266.4943542480469,246.70944213867188,247.0679168701172,341.44537353515625,0.24464212357997894,9.113821029663086,1.0173170985212947,-0.04862859724299113,-0.4198298422286116,1.9674239441151533,1.9868860562383166,GHA
1,2014,DHS 2014,213,Nadowli-Kaleo,GHA13.5_2,Upper West,nadowli kaleo,1136.2779002204466,285.5001525878906,285.96533203125,252.30841064453125,252.32904052734375,256.5554504394531,0.010525316931307316,9.092315673828125,1.2118931882762114,-0.3054452629679232,-0.6196695645819511,1.8275911119055868,2.0647666197454,GHA
2,2022,DHS 2022,213,Nadowli-Kaleo,GHA13.5_2,Upper West,nadowli kaleo,1136.2779002204466,285.5001525878906,285.96533203125,252.30841064453125,252.32904052734375,307.2811279296875,0.1404450386762619,9.093770027160645,1.2118931882762114,-0.1519853600181509,-0.5036770011884647,1.8370476559907127,2.0647666197454,GHA
1,2014,DHS 2014,214,Nandom,GHA13.6_2,Upper West,nandom,406.05185560298264,267.67486572265625,267.3421936035156,222.48477172851563,222.5150146484375,284.0093994140625,0.01610419899225235,9.154328346252441,1.023136539624465,-0.2223890958808961,-0.6143895583824975,2.23081195068284,1.649925599978926,GHA
2,2022,DHS 2022,214,Nandom,GHA13.6_2,Upper West,nandom,406.05185560298264,267.67486572265625,267.3421936035156,222.48477172851563,222.5150146484375,317.1980895996094,0.29479652643203735,9.11431884765625,1.023136539624465,-0.12198367151008106,-0.3819430064749517,1.970660872647898,1.649925599978926,GHA
1,2014,DHS 2014,215,Sissala East,GHA13.7_2,Upper West,sissala east,5114.880264240658,272.44476318359375,275.08013916015625,201.90895080566406,200.69091796875,245.6658935546875,0.0024725892581045628,9.113103866577148,1.0736462377822567,-0.338389334400461,-0.6273425173419588,1.9627607827039961,1.3637199307711911,GHA
2,2022,DHS 2022,215,Sissala East,GHA13.7_2,Upper West,sissala east,5114.880264240658,272.44476318359375,275.08013916015625,201.90895080566406,200.69091796875,280.6099853515625,0.030225582420825958,9.071579933166504,1.0736462377822567,-0.2326733104627077,-0.6011531842863218,1.6927624967954933,1.3637199307711911,GHA
1,2014,DHS 2014,216,Sissala West,GHA13.8_2,Upper West,sissala west,2058.614571462229,295.7644348144531,294.3809814453125,232.75491333007813,236.99366760253906,237.46697998046875,0.005113395396620035,9.117816925048828,1.320584371119408,-0.3631934285722028,-0.6248194831581275,1.993406186552319,1.792781273196266,GHA
2,2022,DHS 2022,216,Sissala West,GHA13.8_2,Upper West,sissala west,2058.614571462229,295.7644348144531,294.3809814453125,232.75491333007813,236.99366760253906,304.76153564453125,0.057985078543424606,9.0789155960083,1.320584371119408,-0.15960785826132395,-0.5756541711469104,1.740460685059617,1.792781273196266,GHA
1,2014,DHS 2014,217,Wa East,GHA13.10_2,Upper West,wa east,4315.34189007743,266.9814758300781,251.68370056152344,272.47314453125,278.5890197753906,270.2486572265625,0.0011250292882323265,9.069231033325195,1.0157940517687825,-0.26401933652217946,-0.6286325424960614,1.6774894029714507,2.3452541481936398,GHA
2,2022,DHS 2022,217,Wa East,GHA13.10_2,Upper West,wa east,4315.34189007743,266.9814758300781,251.68370056152344,272.47314453125,278.5890197753906,280.6407165527344,0.01221413817256689,9.028985977172852,1.0157940517687825,-0.2325803396561517,-0.6180681478702583,1.415806674845344,2.3452541481936398,GHA
1,2014,DHS 2014,218,Wa Municipal,GHA13.9_2,Upper West,wa,582.14003198375,312.85980224609375,311.6645812988281,224.0468292236328,224.4287109375,268.2718505859375,0.3920646905899048,9.074806213378906,1.5016117110025167,-0.2699997505891809,-0.31247644038100886,1.7137405221331858,1.6716535160804145,GHA
2,2022,DHS 2022,218,Wa Municipal,GHA13.9_2,Upper West,wa,582.14003198375,312.85980224609375,311.6645812988281,224.0468292236328,224.4287109375,310.3161315917969,1.4622777700424194,9.043220520019531,1.5016117110025167,-0.14280359270653298,0.23445512460758638,1.5083629876417957,1.6716535160804145,GHA
1,2014,DHS 2014,219,Wa West,GHA13.11_2,Upper West,wa west,1497.6482483553154,272.0302429199219,271.5278015136719,242.1450653076172,242.93043518066406,289.1882629394531,0.002526650670915842,9.062644958496094,1.0692567737382561,-0.20672152999871415,-0.6272908002975393,1.6346652105439887,1.923396461808699,GHA
2,2022,DHS 2022,219,Wa West,GHA13.11_2,Upper West,wa west,1497.6482483553154,272.0302429199219,271.5278015136719,242.1450653076172,242.93043518066406,298.35333251953125,0.041034240275621414,9.02838134765625,1.0692567737382561,-0.17899453337934973,-0.5911439316918958,1.4118752329109374,1.923396461808699,GHA
1,2014,DHS 2014,220,Adaklu,GHA14.1_2,Volta,adaklu,804.1013891174575,74.0340347290039,68.67796325683594,63.959903717041016,74.64029693603516,331.25714111328125,0.02240557037293911,8.845135688781738,-1.0273771254200181,-0.0794509585410075,-0.6084605211059164,0.2203692812226187,-0.5551244976773505,GHA
2,2022,DHS 2022,220,Adaklu,GHA14.1_2,Volta,adaklu,804.1013891174575,74.0340347290039,68.67796325683594,63.959903717041016,74.64029693603516,467.9532470703125,0.18019334971904755,8.785727500915527,-1.0273771254200181,0.33409445261326104,-0.4708210381177697,-0.16591659237661588,-0.5551244976773505,GHA
1,2014,DHS 2014,221,Afadzato South,GHA14.2_2,Volta,afadzato south,555.3404538367881,204.2074432373047,200.76638793945313,41.74580383300781,42.24943161010742,410.63671875,0.03574763983488083,8.792106628417969,0.35106331816823727,0.1606953122046114,-0.5960264857287192,-0.1244380196648735,-0.8641183087624864,GHA
2,2022,DHS 2022,221,Afadzato South,GHA14.2_2,Volta,afadzato south,555.3404538367881,204.2074432373047,200.76638793945313,41.74580383300781,42.24943161010742,486.0226135253906,0.5086599588394165,8.775822639465332,0.35106331816823727,0.3887595327020188,-0.2353383305202484,-0.23032030835570938,-0.8641183087624864,GHA
1,2014,DHS 2014,222,Agotime Ziope,GHA14.3_2,Volta,agotime ziope,316.89820533555564,76.64714050292969,74.98138427734375,83.43888092041016,79.08750915527344,318.0519714355469,0.07200028002262115,8.73740291595459,-0.9997062614284404,-0.11940043102603294,-0.5630332947453072,-0.4801342985284189,-0.2841757113870855,GHA
2,2022,DHS 2022,222,Agotime Ziope,GHA14.3_2,Volta,agotime ziope,316.89820533555564,76.64714050292969,74.98138427734375,83.43888092041016,79.08750915527344,462.0673522949219,0.31590595841407776,8.700379371643066,-0.9997062614284404,0.31628791190854777,-0.3664338153428349,-0.7208700063794075,-0.2841757113870855,GHA
1,2014,DHS 2014,223,Akatsi North,GHA14.4_2,Volta,akatsi north,315.3353167929643,61.581748962402344,62.4668083190918,164.3894805908203,162.42237854003906,309.13134765625,0.02521536685526371,8.877500534057617,-1.159237652946325,-0.14638790812155086,-0.6058285198394779,0.43081304293863026,0.8418313936663094,GHA
2,2022,DHS 2022,223,Akatsi North,GHA14.4_2,Volta,akatsi north,315.3353167929643,61.581748962402344,62.4668083190918,164.3894805908203,162.42237854003906,407.61370849609375,0.16669225692749023,8.80625057220459,-1.159237652946325,0.1515498284351747,-0.4818552751778552,-0.03247080305733108,0.8418313936663094,GHA
1,2014,DHS 2014,224,Akatsi South,GHA14.5_2,Volta,akatsi south,538.0613143544646,30.56587791442871,31.114011764526367,140.00018310546875,138.89353942871094,270.0630798339844,0.11751408874988556,8.885714530944824,-1.4876728651418991,-0.26458076201837305,-0.5231566632969544,0.48422236372891836,0.5025810067935718,GHA
2,2022,DHS 2022,224,Akatsi South,GHA14.5_2,Volta,akatsi south,538.0613143544646,30.56587791442871,31.114011764526367,140.00018310546875,138.89353942871094,342.0086364746094,0.5217772126197815,8.814929008483887,-1.4876728651418991,-0.046924563303960526,-0.2270359837803471,0.023958410827682484,0.5025810067935718,GHA
1,2014,DHS 2014,225,Anloga,GHA14.6_2,Volta,anloga,237.21038178064967,0.756853461265564,0.7648009657859802,165.96371459960938,165.7599639892578,218.06820678710938,0.09125716239213943,8.98812484741211,-1.8033284614807716,-0.42188035004645397,-0.5459587252969014,1.1501180926346526,0.8637286827059248,GHA
2,2022,DHS 2022,225,Anloga,GHA14.6_2,Volta,anloga,237.21038178064967,0.756853461265564,0.7648009657859802,165.96371459960938,165.7599639892578,245.30941772460938,0.5815690159797668,8.923125267028809,-1.8033284614807716,-0.33946777729160343,-0.19007651784605453,0.7274756826609307,0.8637286827059248,GHA
1,2014,DHS 2014,226,Central Tongu,GHA14.7_2,Volta,central tongu,684.8488424637454,35.635658264160156,36.8150520324707,113.19642639160156,112.40742492675781,281.9547119140625,0.03537505865097046,8.891282081604004,-1.4339876282393622,-0.22860512216073856,-0.5963715306291846,0.5204238747905348,0.12974596141009423,GHA
2,2022,DHS 2022,226,Central Tongu,GHA14.7_2,Volta,central tongu,684.8488424637454,35.635658264160156,36.8150520324707,113.19642639160156,112.40742492675781,392.2927551269531,0.29782336950302124,8.817790985107422,-1.4339876282393622,0.10519949595161257,-0.3797037090973777,0.042567649384707286,0.12974596141009423,GHA
1,2014,DHS 2014,227,Ho Municipal,GHA14.8_2,Volta,ho,576.0122316331137,176.7630157470703,173.93161010742188,34.06013488769531,35.3011360168457,353.0608215332031,0.5909703969955444,8.684579849243164,0.06044706069156499,-0.013488494425407964,-0.1843926179891812,-0.8236021807127063,-0.9710244697389991,GHA
2,2022,DHS 2022,227,Ho Municipal,GHA14.8_2,Volta,ho,576.0122316331137,176.7630157470703,173.93161010742188,34.06013488769531,35.3011360168457,465.0509948730469,1.8572767972946167,8.677079200744629,0.06044706069156499,0.32531429702807657,0.3771411290475842,-0.8723731441418966,-0.9710244697389991,GHA
1,2014,DHS 2014,228,Ho West,GHA14.9_2,Volta,ho west,1007.0747100573483,252.86241149902344,172.9593048095703,57.639259338378906,83.16596984863281,351.3750915527344,0.03809662535786629,8.8742036819458,0.8662835678491032,-0.018588317079369733,-0.5938539601202744,0.4093761426748399,-0.6430434322852042,GHA
2,2022,DHS 2022,228,Ho West,GHA14.9_2,Volta,ho west,1007.0747100573483,252.86241149902344,172.9593048095703,57.639259338378906,83.16596984863281,466.27459716796875,0.2982211112976074,8.8242769241333,0.8662835678491032,0.32901604925137573,-0.37940984290802926,0.08474073549811137,-0.6430434322852042,GHA
1,2014,DHS 2014,229,Hohoe,GHA14.10_2,Volta,hohoe,686.9766097534965,274.3656921386719,280.02984619140625,38.08106231689453,39.691307067871094,475.65631103515625,0.10447586327791214,8.644366264343262,1.0939874594747852,0.35739845774337264,-0.5344115700023108,-1.0850802754258235,-0.9150941508455448,GHA
2,2022,DHS 2022,229,Hohoe,GHA14.10_2,Volta,hohoe,686.9766097534965,274.3656921386719,280.02984619140625,38.08106231689453,39.691307067871094,512.86602783203125,0.9739322662353516,8.636897087097168,1.0939874594747852,0.469968655145591,0.02245351908043857,-1.1336466054420242,-0.9150941508455448,GHA
1,2014,DHS 2014,230,Keta Municipal,GHA14.11_2,Volta,keta,518.7177627387615,3.1676924228668213,3.380154848098755,161.48013305664063,161.91529846191406,246.84901428222656,0.11761172115802765,8.963953971862793,-1.7777994539382092,-0.33481005067259034,-0.5230728809452124,0.9929534304461175,0.8013629350274124,GHA
2,2022,DHS 2022,230,Keta Municipal,GHA14.11_2,Volta,keta,518.7177627387615,3.1676924228668213,3.380154848098755,161.48013305664063,161.91529846191406,275.03057861328125,0.6763551831245422,8.897622108459473,-1.7777994539382092,-0.24955263586430107,-0.13425687053660676,0.5616482059891689,0.8013629350274124,GHA
1,2014,DHS 2014,231,Ketu North,GHA14.12_2,Volta,ketu north,425.31277786132046,31.228496551513672,32.91273880004883,144.86392211914063,145.75375366210938,274.91888427734375,0.10687937587499619,8.870539665222168,-1.480656222199996,-0.2498905436617141,-0.5323268459477541,0.3855518525928375,0.5702346709889932,GHA
2,2022,DHS 2022,231,Ketu North,GHA14.12_2,Volta,ketu north,425.31277786132046,31.228496551513672,32.91273880004883,144.86392211914063,145.75375366210938,315.46063232421875,0.9556437134742737,8.800361633300781,-1.480656222199996,-0.1272399842505497,0.013526688277949901,-0.07076205533644742,0.5702346709889932,GHA
1,2014,DHS 2014,232,Ketu South,GHA14.13_2,Volta,ketu south,279.29480111503545,13.808403968811035,12.492998123168945,117.56414794921875,121.63129425048828,232.36404418945313,0.7654779553413391,8.845921516418457,-1.6651221620737136,-0.3786312910117718,-0.08457974176937516,0.2254789155348441,0.19050011921492566,GHA
2,2022,DHS 2022,232,Ketu South,GHA14.13_2,Volta,ketu south,279.29480111503545,13.808403968811035,12.492998123168945,117.56414794921875,121.63129425048828,260.2847900390625,2.607424020767212,8.779529571533203,-1.6651221620737136,-0.2941629278402558,0.6007140877685653,-0.20621697271053932,0.19050011921492566,GHA
1,2014,DHS 2014,233,Kpando,GHA14.14_2,Volta,kpando,315.4125308824545,119.82819366455078,111.33484649658203,61.79096221923828,72.38053894042969,359.1839904785156,0.18666774034500122,8.83363151550293,-0.54245073776350194,0.005035869537470944,-0.4655743200243494,0.1455664672561441,-0.5852940522812029,GHA
2,2022,DHS 2022,233,Kpando,GHA14.14_2,Volta,kpando,315.4125308824545,119.82819366455078,111.33484649658203,61.79096221923828,72.38053894042969,395.38507080078125,1.2105133533477783,8.822792053222656,-0.54245073776350194,0.11455464873960801,0.13101256216436277,0.0750857590125107,-0.5852940522812029,GHA
1,2014,DHS 2014,234,North Dayi,GHA14.15_2,Volta,north dayi,464.74380934685655,143.7481231689453,118.3119888305664,79.14701843261719,90.3196792602539,356.4116516113281,0.04891238734126091,8.834375381469727,-0.289156316003509,-0.003351260503017541,-0.5839137124948538,0.1504032570177167,-0.343874684277258,GHA
2,2022,DHS 2022,234,North Dayi,GHA14.15_2,Volta,north dayi,464.74380934685655,143.7481231689453,118.3119888305664,79.14701843261719,90.3196792602539,441.491455078125,0.37736746668815613,8.813124656677246,-0.289156316003509,0.2540398484775166,-0.3226555355623618,0.012226095149611533,-0.343874684277258,GHA
1,2014,DHS 2014,235,North Tongu,GHA14.16_2,Volta,north tongu,1136.5885537730858,30.580108642578125,30.59104347229004,122.83409881591797,125.04582977294922,277.6803894042969,0.025466926395893097,8.953277587890625,-1.4875221722204517,-0.24153618883108396,-0.6055932301307149,0.9235330953425211,0.26380411132055387,GHA
2,2022,DHS 2022,235,North Tongu,GHA14.16_2,Volta,north tongu,1136.5885537730858,30.580108642578125,30.59104347229004,122.83409881591797,125.04582977294922,394.3792419433594,0.23818784952163696,8.870296478271484,-1.4875221722204517,0.11151172439672945,-0.4248159529640278,0.3839705944015542,0.26380411132055387,GHA
1,2014,DHS 2014,236,South Dayi,GHA14.17_2,Volta,south dayi,359.753006794938,170.20736694335938,149.05348205566406,65.01482391357422,86.66553497314453,363.28485107421875,0.07058943063020706,8.843029975891113,-0.008972427885626908,0.017442163551943238,-0.5642962914625813,0.20667744558985934,-0.5404507628143967,GHA
2,2022,DHS 2022,236,South Dayi,GHA14.17_2,Volta,south dayi,359.753006794938,170.20736694335938,149.05348205566406,65.01482391357422,86.66553497314453,455.3676452636719,0.5416404008865356,8.817272186279297,-0.008972427885626908,0.2960193528339949,-0.21459916349550504,0.039194298576636144,-0.5404507628143967,GHA
1,2014,DHS 2014,237,South Tongu,GHA14.18_2,Volta,south tongu,646.1562648348638,8.113564491271973,8.720300674438477,131.29481506347656,130.58770751953125,226.72500610351563,0.12127510458230972,8.945631980895996,-1.72542631440051,-0.3956910185543884,-0.5199344603776614,0.8738195780110757,0.3814910296062749,GHA
2,2022,DHS 2022,237,South Tongu,GHA14.18_2,Volta,south tongu,646.1562648348638,8.113564491271973,8.720300674438477,131.29481506347656,130.58770751953125,267.0617980957031,0.6714797616004944,8.878226280212402,-1.72542631440051,-0.27366051071902336,-0.13705011507072906,0.43553201346242093,0.3814910296062749,GHA
1,2014,DHS 2014,238,Ahanta West,GHA15.1_2,Western,ahanta west,556.7794671514299,NA,37.05782699584961,NA,151.8085174560547,286.86785888671875,0.302875280380249,8.644527435302734,NA,-0.2137414260031673,-0.3759778475466219,-1.0840323043108162,NA,GHA
2,2022,DHS 2022,238,Ahanta West,GHA15.1_2,Western,ahanta west,556.7794671514299,NA,37.05782699584961,NA,151.8085174560547,491.9053955078125,0.9769772887229919,8.667980194091797,NA,0.40655665630418125,0.02393178995687491,-0.9315370045459531,NA,GHA
1,2014,DHS 2014,239,Effia Kwesimintsim,GHA15.2_2,Western,effia kwesimintsim,105.36847424500817,29.558940887451172,29.34805679321289,126.41146850585938,128.90354919433594,320.0897521972656,3.366790294647217,8.651975631713867,-1.4983355860311953,-0.11323555253847649,0.7839210108021958,-1.035602396569942,0.31356462828617543,GHA
2,2022,DHS 2022,239,Effia Kwesimintsim,GHA15.2_2,Western,effia kwesimintsim,105.36847424500817,29.558940887451172,29.34805679321289,126.41146850585938,128.90354919433594,555.40313720703125,8.318877220153809,8.660229682922363,-1.4983355860311953,0.5986557619409227,1.5108762846238923,-0.9819326332540307,0.31356462828617543,GHA
1,2014,DHS 2014,240,Ellembelle,GHA15.3_2,Western,ellembelle,1000.0960243044703,59.81222152709961,59.009796142578125,279.9436340332031,278.37164306640625,425.31695556640625,0.10757388919591904,8.67829418182373,-1.177975644144464,0.2051072910797893,-0.5317252919828814,-0.8644730541979947,2.4491672049427526,GHA
2,2022,DHS 2022,240,Ellembelle,GHA15.3_2,Western,ellembelle,1000.0960243044703,59.81222152709961,59.009796142578125,279.9436340332031,278.37164306640625,727.03118896484375,0.8053616285324097,8.721273422241211,-1.177975644144464,1.1178804518680894,-0.06315560225553923,-0.5850120231918512,2.4491672049427526,GHA
1,2014,DHS 2014,241,Jomoro,GHA15.4_2,Western,jomoro,1501.4498321203816,55.774147033691406,55.92424774169922,260.90106201171875,261.5924987792969,403.5830993652344,0.023722399026155472,8.674891471862793,-1.2207358765123602,0.1393560654998403,-0.6072261178619303,-0.8865982668509319,2.18428872989768,GHA
2,2022,DHS 2022,241,Jomoro,GHA15.4_2,Western,jomoro,1501.4498321203816,55.774147033691406,55.92424774169922,260.90106201171875,261.5924987792969,767.30584716796875,0.14565953612327576,8.723212242126465,-1.2207358765123602,1.2397229869505764,-0.4993020054120472,-0.5724053647491882,2.18428872989768,GHA
1,2014,DHS 2014,242,Mpohor,GHA15.5_2,Western,mpohor,526.9810571531286,52.633968353271484,63.31778335571289,149.4550018310547,163.77862548828125,375.7276916503906,0.029931940138339996,8.67014217376709,-1.2539880540714075,0.05508536915735745,-0.6014265718055943,-0.9174793091748185,0.634095697300468,GHA
2,2022,DHS 2022,242,Mpohor,GHA15.5_2,Western,mpohor,526.9810571531286,52.633968353271484,63.31778335571289,149.4550018310547,163.77862548828125,704.80816650390625,0.16983233392238617,8.7085418701171875,-1.2539880540714075,1.050649356319634,-0.47927758497474804,-0.6677955402649205,0.634095697300468,GHA
1,2014,DHS 2014,243,Nzema East,GHA15.6_2,Western,nzema east,1088.756852195399,57.38227081298828,56.717037200927734,294.1933288574219,290.787109375,403.949462890625,0.018945150077342987,8.674945831298828,-1.2037070310585865,0.14046442154026195,-0.6117119342614072,-0.8862448091375862,2.647377689883458,GHA
2,2022,DHS 2022,243,Nzema East,GHA15.6_2,Western,nzema east,1088.756852195399,57.38227081298828,56.717037200927734,294.1933288574219,290.787109375,696.39093017578125,0.08036071062088013,8.718306541442871,-1.2037070310585865,1.025184772425845,-0.5555829522750128,-0.6043033731255081,2.647377689883458,GHA
1,2014,DHS 2014,244,Prestea-Huni Valley,GHA15.7_2,Western,prestea huni valley,1817.4639614987448,90.95265197753906,90.19673919677734,187.24851989746094,189.35736083984375,456.6394348144531,0.10614361613988876,8.692217826843262,-0.8482214396911346,0.29986688549776264,-0.532964537443965,-0.7739382714813796,1.1597961867471531,GHA
2,2022,DHS 2022,244,Prestea-Huni Valley,GHA15.7_2,Western,prestea huni valley,1817.4639614987448,90.95265197753906,90.19673919677734,187.24851989746094,189.35736083984375,670.258544921875,0.30707448720932007,8.740987777709961,-0.8482214396911346,0.9461267193188644,-0.3728918469157845,-0.4568246924851479,1.1597961867471531,GHA
1,2014,DHS 2014,245,Sekondi Takoradi,GHA15.8_2,Western,sekondi takoradi,87.20065416502426,29.09341049194336,30.014123916625977,113.65890502929688,114.77400970458984,305.4916687011719,6.272481441497803,8.651769638061523,-1.503265209771106,-0.1573989937659397,1.2730908969246688,-1.0369418152731467,0.1361789493570716,GHA
2,2022,DHS 2022,245,Sekondi Takoradi,GHA15.8_2,Western,sekondi takoradi,87.20065416502426,29.09341049194336,30.014123916625977,113.65890502929688,114.77400970458984,514.72674560546875,12.7015962600708,8.659680366516113,-1.503265209771106,0.47559786668216647,1.8805523393089065,-0.9855044164625766,0.1361789493570716,GHA
1,2014,DHS 2014,246,Shama,GHA15.9_2,Western,shama,194.59328107702837,22.238740921020508,21.180269241333008,111.22660064697266,111.65269470214844,320.4972229003906,0.6598769426345825,8.672667503356934,-1.5758511078609703,-0.11200283534966268,-0.1437305487001374,-0.901059028035531,0.10234606822585633,GHA
2,2022,DHS 2022,246,Shama,GHA15.9_2,Western,shama,194.59328107702837,22.238740921020508,21.180269241333008,111.22660064697266,111.65269470214844,563.76824951171875,2.1868162155151367,8.71525764465332,-1.5758511078609703,0.6239626555292525,0.48182207757441553,-0.6241280101354408,0.10234606822585633,GHA
1,2014,DHS 2014,247,Tarkwa Nsuaem,GHA15.10_2,Western,tarkwa nsuaem,909.3725879680289,81.07524871826172,81.132171630859375,200.06076049804688,201.35813903808594,411.381103515625,0.522240400314331,8.678021430969238,-0.9528158594443066,0.16294729225775298,-0.22674412660571952,-0.866246543777238,1.3380119628705103,GHA
2,2022,DHS 2022,247,Tarkwa Nsuaem,GHA15.10_2,Western,tarkwa nsuaem,909.3725879680289,81.07524871826172,81.132171630859375,200.06076049804688,201.35813903808594,702.940673828125,1.2349783182144165,8.720766067504883,-0.9528158594443066,1.0449996487363302,0.14156832680847367,-0.5883109618497443,1.3380119628705103,GHA
1,2014,DHS 2014,248,Wassa Amenfi Central,GHA15.11_2,Western,wassa amenfi central,1853.9668013984453,114.90814971923828,116.08162689208984,195.77674865722656,198.0938262939453,401.9545593261719,0.004468264989554882,8.718807220458984,-0.5945503765158959,0.1344292590241168,-0.6254352302747148,-0.6010478415552188,1.278422190953604,GHA
2,2022,DHS 2022,248,Wassa Amenfi Central,GHA15.11_2,Western,wassa amenfi central,1853.9668013984453,114.90814971923828,116.08162689208984,195.77674865722656,198.0938262939453,613.1424560546875,0.03821812570095062,8.787854194641113,-0.5945503765158959,0.773333966454862,-0.5937417208501548,-0.15208833446853015,1.278422190953604,GHA
1,2014,DHS 2014,249,Wassa Amenfi East,GHA15.12_2,Western,wassa amenfi east,1564.9534392684518,128.54322814941406,126.2804183959961,133.60140991210938,136.47471618652344,354.8987731933594,0.040129948407411575,8.71772289276123,-0.45016494653421385,-0.007928156991802448,-0.5919773495979556,-0.6080983927845881,0.4135753155611012,GHA
2,2022,DHS 2022,249,Wassa Amenfi East,GHA15.12_2,Western,wassa amenfi east,1564.9534392684518,128.54322814941406,126.2804183959961,133.60140991210938,136.47471618652344,520.5885009765625,0.16391730308532715,8.778203010559082,-0.45016494653421385,0.4933313786798433,-0.4841390167819163,-0.2148425811186771,0.4135753155611012,GHA
1,2014,DHS 2014,250,Wassa Amenfi West,GHA15.13_2,Western,wassa amenfi west,1454.635972049192,111.20932006835938,110.32536315917969,248.52908325195313,247.13633728027344,415.359619140625,0.02435148134827614,8.704615592956543,-0.6337182560631983,0.17498345721216277,-0.6066369725930588,-0.6933251087885031,2.012196910395595,GHA
2,2022,DHS 2022,250,Wassa Amenfi West,GHA15.13_2,Western,wassa amenfi west,1454.635972049192,111.20932006835938,110.32536315917969,248.52908325195313,247.13633728027344,643.6195068359375,0.11368110030889511,8.773537635803223,-0.6337182560631983,0.8655358942849302,-0.5264517048098263,-0.245177934341258,2.012196910395595,GHA
1,2014,DHS 2014,251,Wassa East,GHA15.14_2,Western,wassa east,1659.824462157596,85.6119155883789,92.08287811279297,183.18235778808594,192.665771484375,407.70098876953125,0.04018943011760712,8.683347702026367,-0.9047759013259963,0.15181387660473786,-0.5919225075138219,-0.8316138888818753,1.1032366622458325,GHA
2,2022,DHS 2022,251,Wassa East,GHA15.14_2,Western,wassa east,1659.824462157596,85.6119155883789,92.08287811279297,183.18235778808594,192.665771484375,640.8485107421875,0.08175623416900635,8.724766731262207,-0.9047759013259963,0.8571528265239734,-0.5543449581960168,-0.5622977143500045,1.1032366622458325,GHA
1,2014,DHS 2014,252,Aowin,GHA16.1_2,Western North,aowin,2620.492692092326,133.0750274658203,133.1461639404297,250.23373413085938,250.74044799804688,411.1534118652344,0.010292237624526024,8.678589820861816,-0.4021765322217651,0.16225845890351842,-0.6198907910737068,-0.8625507403183954,2.035908272746201,GHA
2,2022,DHS 2022,252,Aowin,GHA16.1_2,Western North,aowin,2620.492692092326,133.0750274658203,133.1461639404297,250.23373413085938,250.74044799804688,683.95684814453125,0.03756243363022804,8.756451606750488,-0.4021765322217651,0.9875680639619218,-0.5943475902583126,-0.35627527455707153,2.035908272746201,GHA
1,2014,DHS 2014,253,Bia East,GHA16.2_2,Western North,bia east,786.3121377668783,221.16632080078125,221.64471435546875,198.29750061035156,199.53811645507813,337.251220703125,0.00583901721984148,8.704163551330566,0.5306453309559479,-0.06131712736038462,-0.624127382791106,-0.6962643887205356,1.3134853606009251,GHA
2,2022,DHS 2022,253,Bia East,GHA16.2_2,Western North,bia east,786.3121377668783,221.16632080078125,221.64471435546875,198.29750061035156,199.53811645507813,518.4080810546875,0.031438689678907394,8.8008451461792,0.5306453309559479,0.4867349753165741,-0.6000245796632526,-0.06761814199142524,1.3134853606009251,GHA
1,2014,DHS 2014,254,Bia West,GHA16.3_2,Western North,bia west,1291.7411915580617,NA,196.1895294189453,NA,214.80392456054688,364.02935791015625,0.022039026021957397,8.702727317810059,NA,0.019694512903224083,-0.6088044048986943,-0.7056031135678796,NA,GHA
2,2022,DHS 2022,254,Bia West,GHA16.3_2,Western North,bia west,1291.7411915580617,NA,196.1895294189453,NA,214.80392456054688,537.45806884765625,0.07165125757455826,8.8084135055542,NA,0.5443667196824555,-0.5633455859067641,-0.018406906673681542,NA,GHA
1,2014,DHS 2014,255,Bibiani-Anhwiaso-Bekwai-,GHA16.4_2,Western North,bibiani anhwiaso bekwai ,837.3442203398749,190.61416625976563,190.67770385742188,144.44656372070313,144.01437377929688,371.970458984375,0.21088087558746338,8.755624771118164,0.20712053475758296,0.04371864940487164,-0.44620301455932565,-0.3616515524074349,0.5644292967989597,GHA
2,2022,DHS 2022,255,Bibiani-Anhwiaso-Bekwai-,GHA16.4_2,Western North,bibiani anhwiaso bekwai ,837.3442203398749,190.61416625976563,190.67770385742188,144.44656372070313,144.01437377929688,650.95562744140625,0.5211772322654724,8.823124885559082,0.20712053475758296,0.8877297892084587,-0.22741416686819552,0.07724991238018869,0.5644292967989597,GHA
1,2014,DHS 2014,256,Bodi,GHA16.5_2,Western North,bodi,664.9085484243976,181.6751708984375,175.20840454101563,145.02621459960938,145.5869598388672,383.404296875,0.009232801385223866,8.690369606018066,0.11246316293101082,0.0783093289157868,-0.6208969953080934,-0.785955833735133,0.5724921278435265,GHA
2,2022,DHS 2022,256,Bodi,GHA16.5_2,Western North,bodi,664.9085484243976,181.6751708984375,175.20840454101563,145.02621459960938,145.5869598388672,604.94036865234375,0.07140455394983292,8.761651992797852,0.11246316293101082,0.7485202705314996,-0.5635663876863658,-0.32246115331366726,0.5724921278435265,GHA
1,2014,DHS 2014,257,Juaboso,GHA16.6_2,Western North,juaboso,1374.985961011023,211.53919982910156,211.12657165527344,179.55548095703125,179.8445281982422,394.0918273925781,0.013767825439572334,8.703086853027344,0.4287012161421015,0.11064221192786722,-0.616597229284671,-0.7032653318497862,1.0527875105712476,GHA
2,2022,DHS 2022,257,Juaboso,GHA16.6_2,Western North,juaboso,1374.985961011023,211.53919982910156,211.12657165527344,179.55548095703125,179.8445281982422,610.06597900390625,0.07543350756168365,8.787184715270996,0.4287012161421015,0.7640267301004341,-0.5599667896262713,-0.1564414452539455,1.0527875105712476,GHA
1,2014,DHS 2014,258,Sefwi-Akontombra,GHA16.8_2,Western North,sefwi akontombra,1124.4428656388732,205.47935485839844,205.73455810546875,192.70944213867188,194.66958618164063,386.9667053222656,0.011121578514575958,8.69005012512207,0.3645319246930002,0.0890866488380309,-0.6191038569252777,-0.7880331729276033,1.2357565535484292,GHA
2,2022,DHS 2022,258,Sefwi-Akontombra,GHA16.8_2,Western North,sefwi akontombra,1124.4428656388732,205.47935485839844,205.73455810546875,192.70944213867188,194.66958618164063,584.058349609375,0.04799772799015045,8.761186599731445,0.3645319246930002,0.6853460996917663,-0.584750355356828,-0.3254872474209075,1.2357565535484292,GHA
1,2014,DHS 2014,259,Sefwi-Wiawso,GHA16.7_2,Western North,sefwi wiawso,1015.7256581934138,189.02239990234375,189.3379364013672,131.20501708984375,134.30081176757813,377.5915832519531,0.06488711386919022,8.7167205810546875,0.19026490234419682,0.06072418244555342,-0.5694180380129517,-0.6146156569376814,0.3802419572492865,GHA
2,2022,DHS 2022,259,Sefwi-Wiawso,GHA16.7_2,Western North,sefwi wiawso,1015.7256581934138,189.02239990234375,189.3379364013672,131.20501708984375,134.30081176757813,613.9266357421875,0.27363818883895874,8.785930633544922,0.19026490234419682,0.7757063377013989,-0.3977439621136092,-0.16459577671095568,0.3802419572492865,GHA
1,2014,DHS 2014,260,Suaman,GHA16.9_2,Western North,suaman,401.5771648049845,143.3386993408203,143.41612243652344,168.13499450683594,167.74505615234375,356.58465576171875,0.03126400709152222,8.707989692687988,-0.29349181255171714,-0.002827872715166618,-0.6001870123766608,-0.6713859265110109,0.8939307641302885,GHA
2,2022,DHS 2022,260,Suaman,GHA16.9_2,Western North,suaman,401.5771648049845,143.3386993408203,143.41612243652344,168.13499450683594,167.74505615234375,583.64501953125,0.15884089469909668,8.802023887634277,-0.29349181255171714,0.6840956561922685,-0.4883309442671312,-0.05995369052308713,0.8939307641302885,GHA
1,2011,DHS 2011-12,1,Abidjan,CIV.1.1.1_1,Abidjan,abidjan,2116.690886417332,43.13526153564453,43.235782623291016,108.65635681152344,114.41189575195313,575.2764892578125,3.257343053817749,8.751517295837402,-1.5273657940571386,0.822503452608826,5.2424782530120355,0.004495797961726931,-0.6206007486266525,CIV
2,2021,DHS 2021,1,Abidjan,CIV.1.1.1_1,Abidjan,abidjan,2116.690886417332,43.13526153564453,43.235782623291016,108.65635681152344,114.41189575195313,664.119384765625,7.135715484619141,8.89706802368164,-1.5273657940571386,1.4961416164039887,7.797760724497922,0.7801203607690865,-0.6206007486266525,CIV
1,2011,DHS 2011-12,2,Fresco,CIV.2.1.1_1,Gbôkle,fresco,1874.026642808,81.81778717041016,87.8304214477539,187.42959594726563,196.51918029785156,547.6632080078125,0.013023054227232933,8.669007301330566,-1.219221744870566,0.6131298164695844,-0.42233145668341737,-0.4351913088254592,0.5273460596620198,CIV
2,2021,DHS 2021,2,Fresco,CIV.2.1.1_1,Gbôkle,fresco,1874.026642808,81.81778717041016,87.8304214477539,187.42959594726563,196.51918029785156,638.14044189453125,0.04183105751872063,8.864211082458496,-1.219221744870566,1.2991601101958292,-0.31169192236242854,0.6050291671430327,0.5273460596620198,CIV
1,2011,DHS 2011-12,3,Sassandra,CIV.2.1.2_1,Gbôkle,sassandra,4323.71789674545,82.02912902832031,87.94157409667969,114.04048919677734,121.01095581054688,632.35247802734375,0.011521087028086185,8.627240180969238,-1.2175382008208848,1.2552737270549053,-0.4281858648433484,-0.6577639125478245,-0.542138854017935,CIV
2,2021,DHS 2021,3,Sassandra,CIV.2.1.2_1,Gbôkle,sassandra,4323.71789674545,82.02912902832031,87.94157409667969,114.04048919677734,121.01095581054688,629.09393310546875,0.045509371906518936,8.815465927124023,-1.2175382008208848,1.2305662903457661,-0.2977858101336035,0.34527134692974243,-0.542138854017935,CIV
1,2011,DHS 2011-12,4,Buyo,CIV.2.2.1_1,Nawa,buyo,2567.0106167117087,199.97216796875,200.5673370361328,229.74444580078125,228.87290954589844,592.24224853515625,0.02260822430253029,8.58875560760498,-0.2780068492327601,0.9511438223497647,-0.38517334488222305,-0.8628441676079289,1.1439919836521808,CIV
2,2021,DHS 2021,4,Buyo,CIV.2.2.1_1,Nawa,buyo,2567.0106167117087,199.97216796875,200.5673370361328,229.74444580078125,228.87290954589844,586.2779541015625,0.024428244680166245,8.774882316589355,-0.2780068492327601,0.9059204386721527,-0.3781571683991725,0.12900554294295696,1.1439919836521808,CIV
1,2011,DHS 2011-12,5,Guéyo,CIV.2.2.2_1,Nawa,guéyo,663.9732364796092,166.6810760498047,163.6051483154297,81.291107177734375,84.463104248046875,659.2498779296875,0.025226935744285583,8.612130165100098,-0.5432028698495343,1.45921929836382,-0.3750821496898775,-0.7382836023226249,-1.019389110255384,CIV
2,2021,DHS 2021,5,Guéyo,CIV.2.2.2_1,Nawa,guéyo,663.9732364796092,166.6810760498047,163.6051483154297,81.291107177734375,84.463104248046875,669.65826416015625,0.0926039069890976,8.751306533813477,-0.5432028698495343,1.5381393532346932,-0.1239417842951016,0.0033726692416921615,-1.019389110255384,CIV
1,2011,DHS 2011-12,6,Méagui,CIV.2.2.3_1,Nawa,méagui,556.5373539883578,114.09522247314453,112.18292999267578,49.445499420166016,51.12647247314453,738.71356201171875,0.07404337078332901,8.545187950134277,-0.9621004879637206,2.061740973591202,-0.191544267122527,-1.09501164473946,-1.4834688432255922,CIV
2,2021,DHS 2021,6,Méagui,CIV.2.2.3_1,Nawa,méagui,556.5373539883578,114.09522247314453,112.18292999267578,49.445499420166016,51.12647247314453,645.81817626953125,0.1500517725944519,8.694975852966309,-0.9621004879637206,1.3573753997462152,0.07824652262489334,-0.29680762083203494,-1.4834688432255922,CIV
1,2011,DHS 2011-12,7,Oupoyo,CIV.2.2.4_1,Nawa,oupoyo,808.1365813577623,135.04833984375,139.60586547851563,69.12137603759766,75.82608795166016,680.5048828125,0.032234616577625275,8.577070236206055,-0.7951884695856579,1.6203822408689519,-0.3482043332162571,-0.9251142861897661,-1.1967361912352297,CIV
2,2021,DHS 2021,7,Oupoyo,CIV.2.2.4_1,Nawa,oupoyo,808.1365813577623,135.04833984375,139.60586547851563,69.12137603759766,75.82608795166016,656.202392578125,0.08002346009016037,8.723443031311035,-0.7951884695856579,1.436112189746016,-0.16963643866070052,-0.1451090131712302,-1.1967361912352297,CIV
1,2011,DHS 2011-12,8,Soubré,CIV.2.2.5_1,Nawa,soubré,4572.198792357335,170.10787963867188,173.80323791503906,78.6751480102539,106.92366027832031,596.80059814453125,0.08070066571235657,8.605281829833984,-0.5159050366208893,0.9857068365699142,-0.16716317186139784,-0.7747776626781437,-1.0575109649597203,CIV
2,2021,DHS 2021,8,Soubré,CIV.2.2.5_1,Nawa,soubré,4572.198792357335,170.10787963867188,173.80323791503906,78.6751480102539,106.92366027832031,601.69110107421875,0.17811855673789978,8.751202583312988,-0.5159050366208893,1.022788354397075,0.17338334988862106,0.002818727927285873,-1.0575109649597203,CIV
1,2011,DHS 2011-12,9,San-Pedro,CIV.2.3.1_1,San-Pédro,san pedro,6786.5077061000275,68.10578918457031,88.9302749633789,85.262786865234375,121.64921569824219,735.121826171875,0.05494685098528862,8.50560474395752,-1.3284511840671986,2.0345071658437175,-0.2623293798301998,-1.305946398828886,-0.9615106089923597,CIV
2,2021,DHS 2021,9,San-Pedro,CIV.2.3.1_1,San-Pédro,san pedro,6786.5077061000275,68.10578918457031,88.9302749633789,85.262786865234375,121.64921569824219,660.2109375,0.2037828266620636,8.686522483825684,-1.3284511840671986,1.4665063909393443,0.25841324912421737,-0.34185473836320324,-0.9615106089923597,CIV
1,2011,DHS 2011-12,10,Tabou,CIV.2.3.2_1,San-Pédro,tabou,5750.641139166368,NA,118.85134887695313,NA,265.1634216308594,974.26800537109375,0.010988065972924232,8.433897972106934,NA,3.8477978303766434,-0.430265578762904,-1.688064265161077,NA,CIV
2,2021,DHS 2021,10,Tabou,CIV.2.3.2_1,San-Pédro,tabou,5750.641139166368,NA,118.85134887695313,NA,265.1634216308594,887.03790283203125,0.012727818451821804,8.6572265625,NA,3.1863884316148643,-0.4234815489157413,-0.4979696304480361,NA,CIV
1,2011,DHS 2011-12,11,Abengourou,CIV.3.1.1_1,Indénié-Djuablin,abengourou,4152.602241307591,172.41334533691406,173.36599731445313,187.89691162109375,195.32467651367188,444.88934326171875,0.08569549769163132,8.761618614196777,-0.49753975348956714,-0.1661378687850342,-0.14896894963975735,0.058324664036877485,0.5341561583975796,CIV
2,2021,DHS 2021,11,Abengourou,CIV.3.1.1_1,Indénié-Djuablin,abengourou,4152.602241307591,172.41334533691406,173.36599731445313,187.89691162109375,195.32467651367188,534.48394775390625,0.17397934198379517,8.931914329528809,-0.49753975348956714,0.5132000176165149,0.15949621245994555,0.9658126698249707,0.5341561583975796,CIV
1,2011,DHS 2011-12,12,Agnibilékrou,CIV.3.1.2_1,Indénié-Djuablin,agnibilékrou,1898.378439589629,212.00437927246094,208.9351806640625,197.22308349609375,196.18421936035156,419.62066650390625,0.062386058270931244,8.746757507324219,-0.18215854949139795,-0.35773388685008556,-0.23460326491295477,-0.020868615801592216,0.6700646135394244,CIV
2,2021,DHS 2021,12,Agnibilékrou,CIV.3.1.2_1,Indénié-Djuablin,agnibilékrou,1898.378439589629,212.00437927246094,208.9351806640625,197.22308349609375,196.18421936035156,474.2931823730469,0.13549558818340302,8.86461353302002,-0.18215854949139795,0.0568124084911231,0.027987629993208682,0.6071737839749543,0.6700646135394244,CIV
1,2011,DHS 2011-12,13,Bettié,CIV.3.1.3_1,Indénié-Djuablin,bettié,974.2510576371708,139.455322265625,138.28663635253906,272.21490478515625,299.1929931640625,531.6517333984375,0.01595723070204258,8.7436676025390625,-0.7600825558458857,0.49172516960546037,-0.41091954437129447,-0.03733439432155897,1.7629055686788873,CIV
2,2021,DHS 2021,13,Bettié,CIV.3.1.3_1,Indénié-Djuablin,bettié,974.2510576371708,139.455322265625,138.28663635253906,272.21490478515625,299.1929931640625,628.134033203125,0.04382966086268425,8.900845527648926,-0.7600825558458857,1.2232879907817324,-0.30412998979031025,0.8002502832127866,1.7629055686788873,CIV
1,2011,DHS 2011-12,14,Aboisso,CIV.3.2.1_1,Sud Comoé,aboisso,1237.9564531993162,56.76905059814453,57.8210334777832,188.63893127441406,192.21458435058594,555.3052978515625,0.1048227995634079,8.699703216552734,-1.4187593652230661,0.6710748366141464,-0.08006127658261794,-0.2716159961025673,0.5449694638051267,CIV
2,2021,DHS 2021,14,Aboisso,CIV.3.2.1_1,Sud Comoé,aboisso,1237.9564531993162,56.76905059814453,57.8210334777832,188.63893127441406,192.21458435058594,722.88037109375,0.3013477623462677,8.838342666625977,-1.4187593652230661,1.9416881365462768,0.5659045509473585,0.46717909234238514,0.5449694638051267,CIV
1,2011,DHS 2011-12,15,Adiake,CIV.3.2.2_1,Sud Comoé,adiake,639.0793254983041,32.385765075683594,26.406536102294922,208.3975067138672,214.55374145507813,555.38555908203125,0.14887270331382751,8.681748390197754,-1.6129960188559067,0.6716834055673291,0.07419923212143505,-0.36729538258263333,0.832907269345481,CIV
2,2021,DHS 2021,15,Adiake,CIV.3.2.2_1,Sud Comoé,adiake,639.0793254983041,32.385765075683594,26.406536102294922,208.3975067138672,214.55374145507813,706.28106689453125,0.7798745036125183,8.816927909851074,-1.6129960188559067,1.8158263584364474,1.801458139936367,0.35306209954428225,0.832907269345481,CIV
1,2011,DHS 2011-12,16,Ayame,CIV.3.2.3_1,Sud Comoé,ayame,1943.0606072296946,125.75875091552734,125.87567138671875,246.1612091064453,262.31414794921875,552.43060302734375,0.026012560352683067,8.730085372924805,-0.8691891068410652,0.6492778867084796,-0.3720597739874868,-0.10971267138370909,1.3832302230077178,CIV
2,2021,DHS 2021,16,Ayame,CIV.3.2.3_1,Sud Comoé,ayame,1943.0606072296946,125.75875091552734,125.87567138671875,246.1612091064453,262.31414794921875,693.9078369140625,0.03635423257946968,8.877156257629395,-0.8691891068410652,1.7220081653595989,-0.3324886650256332,0.6740126478930415,1.3832302230077178,CIV
1,2011,DHS 2011-12,17,Bonoua,CIV.3.2.4_1,Sud Comoé,bonoua,1265.174997334483,60.20207214355469,61.174922943115234,183.16256713867188,181.2647247314453,530.192626953125,0.13992156088352203,8.725279808044434,-1.3914119999053094,0.4806617099896539,0.04333726210863882,-0.1353210226065833,0.4651634941684235,CIV
2,2021,DHS 2021,17,Bonoua,CIV.3.2.4_1,Sud Comoé,bonoua,1265.174997334483,60.20207214355469,61.174922943115234,183.16256713867188,181.2647247314453,700.04339599609375,0.3731577694416046,8.869184494018555,-1.3914119999053094,1.7685301379973866,0.7778360861831113,0.6315319557176088,0.4651634941684235,CIV
1,2011,DHS 2011-12,18,Grand-Bassam,CIV.3.2.5_1,Sud Comoé,grand bassam,128.04025813214346,7.1640625,7.05900764465332,127.09680938720703,130.0384979248047,516.75616455078125,1.6451603174209595,8.7193756103515625,-1.8139114821436917,0.37878171374592895,3.3646847398285034,-0.16678387285877902,-0.3518716864488647,CIV
2,2021,DHS 2021,18,Grand-Bassam,CIV.3.2.5_1,Sud Comoé,grand bassam,128.04025813214346,7.1640625,7.05900764465332,127.09680938720703,130.0384979248047,675.9591064453125,7.755216598510742,8.868124961853027,-1.8139114821436917,1.5859145614049663,8.087317040357618,0.6258858199349906,-0.3518716864488647,CIV
1,2011,DHS 2011-12,19,Mafere,CIV.3.2.6_1,Sud Comoé,mafere,1371.4109648962228,85.94116973876953,89.14298248291016,228.6772003173828,232.3251953125,599.16107177734375,0.046843022108078,8.70224380493164,-1.1863749805988544,1.0036047800645054,-0.2927559387151949,-0.2580774670972613,1.128439226652858,CIV
2,2021,DHS 2021,19,Mafere,CIV.3.2.6_1,Sud Comoé,mafere,1371.4109648962228,85.94116973876953,89.14298248291016,228.6772003173828,232.3251953125,766.53594970703125,0.0980839729309082,8.835522651672363,-1.1863749805988544,2.2727001285392676,-0.10420138630409148,0.4521515284277118,1.128439226652858,CIV
1,2011,DHS 2011-12,20,Tiapoum,CIV.3.2.7_1,Sud Comoé,tiapoum,1034.9996991955886,41.7281494140625,39.422637939453125,241.7499542236328,247.8311309814453,588.79034423828125,0.032709915190935135,8.691044807434082,-1.538574814659819,0.9249702666720456,-0.3463879483103749,-0.317755750171326,1.3189458795069215,CIV
2,2021,DHS 2021,20,Tiapoum,CIV.3.2.7_1,Sud Comoé,tiapoum,1034.9996991955886,41.7281494140625,39.422637939453125,241.7499542236328,247.8311309814453,788.93548583984375,0.12025972455739975,8.814972877502441,-1.538574814659819,2.4425413105957925,-0.025312885780750135,0.3426439372091181,1.3189458795069215,CIV
1,2011,DHS 2011-12,21,Kaniasso,CIV.4.1.1_1,Folon,kaniasso,3763.99664242536,393.0601501464844,403.0308532714844,264.8601989746094,266.183837890625,402.45526123046875,0.0023387467954307795,8.600154876708984,1.2601272746683345,-0.48788804293768645,-0.4641671664565226,-0.8020986581483108,1.655726897930427,CIV
2,2021,DHS 2021,21,Kaniasso,CIV.4.1.1_1,Folon,kaniasso,3763.99664242536,393.0601501464844,403.0308532714844,264.8601989746094,266.183837890625,299.9046630859375,0.030181599780917168,8.747819900512695,1.2601272746683345,-1.2654628420852767,-0.35605969245360586,-0.015207233927751798,1.655726897930427,CIV
1,2011,DHS 2011-12,22,Minignan,CIV.4.1.2_1,Folon,minignan,3440.898770625069,406.7735290527344,405.8086242675781,222.63003540039063,224.33265686035156,391.6559143066406,0.002553218510001898,8.586875915527344,1.36936771424304,-0.5697724996561732,-0.46332299868146576,-0.8728608495409087,1.0403150903114,CIV
2,2021,DHS 2021,22,Minignan,CIV.4.1.2_1,Folon,minignan,3440.898770625069,406.7735290527344,405.8086242675781,222.63003540039063,224.33265686035156,376.584716796875,0.01969299279153347,8.751323699951172,1.36936771424304,-0.6840476339664904,-0.39643762049028464,0.0034641457890253104,1.0403150903114,CIV
1,2011,DHS 2011-12,23,Gbeleban,CIV.4.2.1_1,Kabadougou,gbeleban,262.8335537695566,430.90985107421875,430.1788635253906,296.00408935546875,296.2860412597656,535.3880615234375,0.003884214209392667,8.445947647094727,1.561637062692379,0.5200553270488306,-0.4580881900007316,-1.6238528109636143,2.1095806425859274,CIV
2,2021,DHS 2021,23,Gbeleban,CIV.4.2.1_1,Kabadougou,gbeleban,262.8335537695566,430.90985107421875,430.1788635253906,296.00408935546875,296.2860412597656,521.74285888671875,0.14360809326171875,8.607961654663086,1.561637062692379,0.41659258873675226,0.05607702935790443,-0.7604971572333578,2.1095806425859274,CIV
1,2011,DHS 2011-12,24,Madinani,CIV.4.2.2_1,Kabadougou,madinani,4118.314456982142,471.98394775390625,469.7872619628906,246.62979125976563,250.02993774414063,415.1672668457031,0.001954004168510437,8.550569534301758,1.8888323080872278,-0.39150113353031285,-0.4656819789386092,-1.0663337471505179,1.3900587778980171,CIV
2,2021,DHS 2021,24,Madinani,CIV.4.2.2_1,Kabadougou,madinani,4118.314456982142,471.98394775390625,469.7872619628906,246.62979125976563,250.02993774414063,344.06097412109375,0.03217067942023277,8.693416595458984,1.8888323080872278,-0.9306541202885513,-0.34844873708660506,-0.3051167405481293,1.3900587778980171,CIV
1,2011,DHS 2011-12,25,Odienné,CIV.4.2.3_1,Kabadougou,odienné,8434.669054802278,431.7529602050781,425.218994140625,193.96119689941406,196.77723693847656,479.9774169921875,0.008938940241932869,8.463054656982422,1.5683532493225427,0.09991227989369428,-0.43827097439018126,-1.5326913495157244,0.6225297863729857,CIV
2,2021,DHS 2021,25,Odienné,CIV.4.2.3_1,Kabadougou,odienné,8434.669054802278,431.7529602050781,425.218994140625,193.96119689941406,196.77723693847656,417.5626220703125,0.12357331067323685,8.629120826721191,1.5683532493225427,-0.3733387055058782,-0.01365934878115924,-0.6477421485844373,0.6225297863729857,CIV
1,2011,DHS 2011-12,26,Samatiguila,CIV.4.2.4_1,Kabadougou,samatiguila,199.10312024279267,397.73260498046875,396.87579345703125,179.48043823242188,178.7323760986328,476.0354309082031,0.02261691726744175,8.488750457763672,1.2973479351231245,0.07002275128093303,-0.38513980384231233,-1.3957611222188155,0.4115045590781276,CIV
2,2021,DHS 2021,26,Samatiguila,CIV.4.2.4_1,Kabadougou,samatiguila,199.10312024279267,397.73260498046875,396.87579345703125,179.48043823242188,178.7323760986328,388.22100830078125,0.15788930654525757,8.62874984741211,1.2973479351231245,-0.5958171682970395,0.1050447524205585,-0.6497190584129149,0.4115045590781276,CIV
1,2011,DHS 2011-12,27,Seguelon,CIV.4.2.5_1,Kabadougou,seguelon,1064.373609898369,408.6605529785156,407.5064392089844,246.9801025390625,249.02859497070313,439.72198486328125,0.003792989067733288,8.5207061767578125,1.3843997004916209,-0.20531860240811664,-0.4584467570510515,-1.225472447327752,1.3951637947716207,CIV
2,2021,DHS 2021,27,Seguelon,CIV.4.2.5_1,Kabadougou,seguelon,1064.373609898369,408.6605529785156,407.5064392089844,246.9801025390625,249.02859497070313,408.08441162109375,0.027712974697351456,8.665637016296387,1.3843997004916209,-0.44520583958093074,-0.3655260290612541,-0.4531512042852007,1.3951637947716207,CIV
1,2011,DHS 2011-12,28,Gagnoa,CIV.5.1.1_1,Gôh,gagnoa,4563.061465131457,218.35548400878906,218.38087463378906,50.7183952331543,58.00706100463867,537.2540283203125,0.21198348701000214,8.662278175354004,-0.13156580514118726,0.534203745327691,0.28520155761511584,-0.4710501153800535,-1.4649191847142042,CIV
2,2021,DHS 2021,28,Gagnoa,CIV.5.1.1_1,Gôh,gagnoa,4563.061465131457,218.35548400878906,218.38087463378906,50.7183952331543,58.00706100463867,569.25885009765625,0.260689377784729,8.818930625915527,-0.13156580514118726,0.7768755904026347,0.44066229562973924,0.3637343633998163,-1.4649191847142042,CIV
1,2011,DHS 2011-12,29,Oumé,CIV.5.1.2_1,Gôh,oumé,2366.2662461205045,207.86582946777344,204.3928680419922,63.56159973144531,64.445526123046875,413.75250244140625,0.10234411060810089,8.691792488098145,-0.21512613559520105,-0.40222837615411383,-0.08892337884488252,-0.3137714383319266,-1.2777577099066726,CIV
2,2021,DHS 2021,29,Oumé,CIV.5.1.2_1,Gôh,oumé,2366.2662461205045,207.86582946777344,204.3928680419922,63.56159973144531,64.445526123046875,524.63958740234375,0.12471787631511688,8.898298263549805,-0.21512613559520105,0.43855660586074524,-0.00964201511854801,0.7866761799946288,-1.2777577099066726,CIV
1,2011,DHS 2011-12,30,Divo,CIV.5.2.1_1,Lôh-Djiboua,divo,3132.0344335898,147.75416564941406,146.7838592529297,58.73430252075195,68.5016860961914,551.67266845703125,0.08115506917238235,8.745210647583008,-0.6939741732653113,0.6435309595140897,-0.16550448407660182,-0.029111669122390386,-1.3481049558302172,CIV
2,2021,DHS 2021,30,Divo,CIV.5.2.1_1,Lôh-Djiboua,divo,3132.0344335898,147.75416564941406,146.7838592529297,58.73430252075195,68.5016860961914,658.09332275390625,0.18529050052165985,8.925101280212402,-0.6939741732653113,1.450449889166969,0.19733023517910747,0.9295066445945256,-1.3481049558302172,CIV
1,2011,DHS 2011-12,31,Guitry,CIV.5.2.2_1,Lôh-Djiboua,guitry,3049.369236822776,76.45652770996094,66.41863250732422,134.02957153320313,142.8287811279297,542.7767333984375,0.015324147418141365,8.7330780029296875,-1.2619294060631403,0.5760788427876021,-0.4133790085010857,-0.09376525996529686,-0.25084191713333936,CIV
2,2021,DHS 2021,31,Guitry,CIV.5.2.2_1,Lôh-Djiboua,guitry,3049.369236822776,76.45652770996094,66.41863250732422,134.02957153320313,142.8287811279297,652.20849609375,0.037721630185842514,8.92455768585205,-1.2619294060631403,1.4058290581715196,-0.3272860707300034,0.9266098872623092,-0.25084191713333936,CIV
1,2011,DHS 2011-12,32,Lakota,CIV.5.2.3_1,Lôh-Djiboua,lakota,2684.651994541066,215.36155700683594,214.286865234375,107.42073822021484,112.78386688232422,610.65313720703125,0.06995247304439545,8.651745796203613,-0.15541535410966795,1.0907416727785413,-0.20660149180506737,-0.5271760591993475,-0.6386071735714312,CIV
2,2021,DHS 2021,32,Lakota,CIV.5.2.3_1,Lôh-Djiboua,lakota,2684.651994541066,215.36155700683594,214.286865234375,107.42073822021484,112.78386688232422,697.79022216796875,0.09912283718585968,8.84257698059082,-0.15541535410966795,1.7514457794607383,-0.10047028003381495,0.48974330735122845,-0.6386071735714312,CIV
1,2011,DHS 2011-12,33,Didievi,CIV.6.1.1_1,Bélier,didievi,1688.085082098038,206.01451110839844,202.1389923095703,77.441162109375,78.65438079833984,314.04547119140625,0.04688297584652901,8.804656028747559,-0.22987369217869744,-1.1582422483360548,-0.29260535177941793,0.2876665322618958,-1.0754935970303168,CIV
2,2021,DHS 2021,33,Didievi,CIV.6.1.1_1,Bélier,didievi,1688.085082098038,206.01451110839844,202.1389923095703,77.441162109375,78.65438079833984,294.13983154296875,0.15743209421634674,8.989117622375488,-0.22987369217869744,-1.309173827786462,0.10348643339868742,1.2706430177214663,-1.0754935970303168,CIV
1,2011,DHS 2011-12,34,Djekanou,CIV.6.1.2_1,Bélier,djekanou,761.9719510492984,183.89996337890625,184.63687133789063,93.04661560058594,90.0701904296875,406.3238830566406,0.055784787982702255,8.702878952026367,-0.4060376362716085,-0.45855478799924126,-0.259196612879526,-0.2546928348459348,-0.8480784148735556,CIV
2,2021,DHS 2021,34,Djekanou,CIV.6.1.2_1,Bélier,djekanou,761.9719510492984,183.89996337890625,184.63687133789063,93.04661560058594,90.0701904296875,492.1231994628906,0.12342458218336105,8.906558990478516,-0.4060376362716085,0.19200588574313945,-0.014181674274773952,0.8306967273835029,-0.8480784148735556,CIV
1,2011,DHS 2011-12,35,Tiebissou,CIV.6.1.3_1,Bélier,tiebissou,2323.4365910049496,203.63662719726563,201.57420349121094,74.80607604980469,80.07264709472656,376.0227355957031,0.0875345841050148,8.736685752868652,-0.24881585701535777,-0.6883087736139654,-0.14229095215263846,-0.07453993893411345,-1.1138941841438812,CIV
2,2021,DHS 2021,35,Tiebissou,CIV.6.1.3_1,Bélier,tiebissou,2323.4365910049496,203.63662719726563,201.57420349121094,74.80607604980469,80.07264709472656,305.65557861328125,0.09923264384269714,8.939473152160645,-0.24881585701535777,-1.2218573725219815,-0.1000761128462478,1.0060928428340006,-1.1138941841438812,CIV
1,2011,DHS 2011-12,36,Toumodi,CIV.6.1.4_1,Bélier,toumodi,1927.8599759127615,136.42770385742188,133.69544982910156,66.5544662475586,68.23766326904297,391.4629821777344,0.08810646831989288,8.775468826293945,-0.7842004897291128,-0.571235379094204,-0.14021665680197123,0.13213099164350622,-1.2341432590792036,CIV
2,2021,DHS 2021,36,Toumodi,CIV.6.1.4_1,Bélier,toumodi,1927.8599759127615,136.42770385742188,133.69544982910156,66.5544662475586,68.23766326904297,486.43646240234375,0.15283417701721191,8.96804428100586,-0.7842004897291128,0.14888703994735117,0.08778101895246379,1.1583453918092115,-1.2341432590792036,CIV
1,2011,DHS 2011-12,37,Daoukro,CIV.6.2.1_1,Iffou,daoukro,3826.409282942487,202.92454528808594,196.8004608154297,148.85562133789063,159.76205444335938,364.4146423339844,0.051423780620098114,8.814162254333496,-0.2544882840155723,-0.7763254302671649,-0.2755282467769997,0.33832421136283053,-0.03478483049390532,CIV
2,2021,DHS 2021,37,Daoukro,CIV.6.2.1_1,Iffou,daoukro,3826.409282942487,202.92454528808594,196.8004608154297,148.85562133789063,159.76205444335938,428.3847961425781,0.08923134207725525,8.987192153930664,-0.2544882840155723,-0.2912811652980452,-0.13613977867556662,1.2603823983289315,-0.03478483049390532,CIV
1,2011,DHS 2011-12,38,M'Bahiakro,CIV.6.2.2_1,Iffou,m'bahiakro,2581.183674623919,181.67288208007813,181.158447265625,150.40293884277344,149.8939666748047,316.88922119140625,0.015031831339001656,8.846787452697754,-0.4237785112022727,-1.1366799330001702,-0.41451514428508196,0.5121804715998869,-0.012236079031767273,CIV
2,2021,DHS 2021,38,M'Bahiakro,CIV.6.2.2_1,Iffou,m'bahiakro,2581.183674623919,181.67288208007813,181.158447265625,150.40293884277344,149.8939666748047,379.581787109375,0.04871629551053047,9.024615287780762,-0.4237785112022727,-0.6613227899534994,-0.285701685521333,1.4598063535456027,-0.012236079031767273,CIV
1,2011,DHS 2011-12,39,Prikro,CIV.6.2.3_1,Iffou,prikro,2644.599848454471,216.69207763671875,214.75125122070313,172.88124084472656,175.5324249267578,348.9793701171875,0.010400201193988323,8.8568754196167,-0.14481645944882188,-0.8933611073955313,-0.4325605509785532,0.5659381892493338,0.3153357629033554,CIV
2,2021,DHS 2021,39,Prikro,CIV.6.2.3_1,Iffou,prikro,2644.599848454471,216.69207763671875,214.75125122070313,172.88124084472656,175.5324249267578,430.2790222167969,0.055064573884010315,8.976366996765137,-0.14481645944882188,-0.2769184752128551,-0.2618891029702031,1.2026962711745663,0.3153357629033554,CIV
1,2011,DHS 2011-12,40,Arrah,CIV.6.3.1_1,Moronou,arrah,1551.957846755582,165.1442413330078,166.1634521484375,133.9622344970703,142.8570098876953,405.59912109375,0.04229867458343506,8.788766860961914,-0.5554452574597857,-0.4640501887859849,-0.30992134328055676,0.202994823644252,-0.2518232064208737,CIV
2,2021,DHS 2021,40,Arrah,CIV.6.3.1_1,Moronou,arrah,1551.957846755582,165.1442413330078,166.1634521484375,133.9622344970703,142.8570098876953,481.81005859375,0.1546923965215683,8.968766212463379,-0.5554452574597857,0.11380801478971224,0.09413579304897908,1.1621924888276112,-0.2518232064208737,CIV
1,2011,DHS 2011-12,41,Bongouanou,CIV.6.3.2_1,Moronou,bongouanou,1555.2736159696053,186.08201599121094,175.81600952148438,112.12364959716797,110.2119369506836,404.2229309082031,0.10707192122936249,8.788951873779297,-0.38865545875191204,-0.4744849480801954,-0.0720371390036393,0.20398073754328705,-0.5700725777611104,CIV
2,2021,DHS 2021,41,Bongouanou,CIV.6.3.2_1,Moronou,bongouanou,1555.2736159696053,186.08201599121094,175.81600952148438,112.12364959716797,110.2119369506836,496.9876708984375,0.20347756147384644,8.969073295593262,-0.38865545875191204,0.22889002360183472,0.2574125490465468,1.1638289026187931,-0.5700725777611104,CIV
1,2011,DHS 2011-12,42,M’Batto,CIV.6.3.3_1,Moronou,m’batto,2446.451556744047,117.24301147460938,115.20710754394531,140.68905639648438,137.41990661621094,416.915771484375,0.05574319511651993,8.80348014831543,-0.9370252780858894,-0.3782433547574601,-0.2593520560791418,0.2814003887695751,-0.1537945635203057,CIV
2,2021,DHS 2021,42,M’Batto,CIV.6.3.3_1,Moronou,m’batto,2446.451556744047,117.24301147460938,115.20710754394531,140.68905639648438,137.41990661621094,554.9881591796875,0.12412022054195404,8.986560821533203,-0.9370252780858894,0.6686701793664374,-0.011739228687243256,1.2570180941992346,-0.1537945635203057,CIV
1,2011,DHS 2011-12,43,Bocanda,CIV.6.4.1_1,N'zi,bocanda,2201.176134364731,144.7742462158203,142.77679443359375,120.67445373535156,119.6282730102539,374.8551330566406,0.056422777473926544,8.814833641052246,-0.7177121382882587,-0.6971619478150186,-0.256813049721041,0.34190196076963814,-0.44546340304106746,CIV
2,2021,DHS 2021,43,Bocanda,CIV.6.4.1_1,N'zi,bocanda,2201.176134364731,144.7742462158203,142.77679443359375,120.67445373535156,119.6282730102539,461.23651123046875,0.10645116120576859,8.995545387268066,-0.7177121382882587,-0.04218787648934759,-0.074250179783514,1.304895902667323,-0.44546340304106746,CIV
1,2011,DHS 2011-12,44,Dimbokro,CIV.6.4.2_1,N'zi,dimbokro,1616.6265789280822,112.30621337890625,123.87092590332031,61.28998565673828,67.825592041015625,381.621826171875,0.12930840253829956,8.826214790344238,-0.9763516904714167,-0.6458544943708542,0.006429388850329598,0.40255091165151563,-1.31086149179166,CIV
2,2021,DHS 2021,44,Dimbokro,CIV.6.4.2_1,N'zi,dimbokro,1616.6265789280822,112.30621337890625,123.87092590332031,61.28998565673828,67.825592041015625,444.07110595703125,0.23242199420928955,9.015830039978027,-0.9763516904714167,-0.17234203257694844,0.3511851207841891,1.4129906894326603,-1.31086149179166,CIV
1,2011,DHS 2011-12,45,Kouassi-Kouassikro,CIV.6.4.3_1,N'zi,kouassi kouassikro,1154.7300817806513,163.45550537109375,161.57899475097656,112.28884887695313,115.66016387939453,313.615966796875,0.026929808780550957,8.8126859664917,-0.5688976866580359,-1.1614989021182196,-0.3685339553701902,0.33045722829217977,-0.5676651613841582,CIV
2,2021,DHS 2021,45,Kouassi-Kouassikro,CIV.6.4.3_1,N'zi,kouassi kouassikro,1154.7300817806513,163.45550537109375,161.57899475097656,112.28884887695313,115.66016387939453,357.4520263671875,0.10923359543085098,8.993793487548828,-0.5688976866580359,-0.829118439863205,-0.06434033426003707,1.2955602128089345,-0.5676651613841582,CIV
1,2011,DHS 2011-12,46,Agboville,CIV.7.1.1_1,Agnéby-Tiassa,agboville,3912.269017464578,76.5176773071289,78.04094696044922,122.60006713867188,123.74513244628906,482.7594299316406,0.0777222290635109,8.7911529541015625,-1.2614422898738982,0.12100648306521053,-0.17805251851237355,0.21571006372355964,-0.4174018203945763,CIV
2,2021,DHS 2021,46,Agboville,CIV.7.1.1_1,Agnéby-Tiassa,agboville,3912.269017464578,76.5176773071289,78.04094696044922,122.60006713867188,123.74513244628906,617.8275146484375,0.15141181647777557,8.959904670715332,-1.2614422898738982,1.145140332551819,0.0829098787600132,1.114970262282077,-0.4174018203945763,CIV
1,2011,DHS 2011-12,47,Sikensi,CIV.7.1.2_1,Agnéby-Tiassa,sikensi,791.7832226322445,83.994781494140625,83.95771026611328,101.94805908203125,100.8683853149414,507.6966552734375,0.09052608162164688,8.779021263122559,-1.2018798615534232,0.3100893196091527,-0.13145246499733326,0.15106155491106057,-0.7183594424687417,CIV
2,2021,DHS 2021,47,Sikensi,CIV.7.1.2_1,Agnéby-Tiassa,sikensi,791.7832226322445,83.994781494140625,83.95771026611328,101.94805908203125,100.8683853149414,608.529296875,0.16575898230075836,8.95191478729248,-1.2018798615534232,1.0746379664181624,0.13177099007446896,1.0723930115289038,-0.7183594424687417,CIV
1,2011,DHS 2011-12,48,Taabo,CIV.7.1.3_1,Agnéby-Tiassa,taabo,1158.3595603978192,109.97798919677734,105.25666809082031,93.57164764404297,91.32279205322266,432.9949951171875,0.07460128515958786,8.77209186553955,-0.9948982671264455,-0.256325010906239,-0.18949521651787865,0.11413552197091292,-0.8404272269174886,CIV
2,2021,DHS 2021,48,Taabo,CIV.7.1.3_1,Agnéby-Tiassa,taabo,1158.3595603978192,109.97798919677734,105.25666809082031,93.57164764404297,91.32279205322266,597.99462890625,0.11349407583475113,8.959663391113281,-0.9948982671264455,0.9947603988749432,-0.04921438750269059,1.1136845085890055,-0.8404272269174886,CIV
1,2011,DHS 2011-12,49,Tiassalé,CIV.7.1.4_1,Agnéby-Tiassa,tiassalé,2435.2281204680353,72.32169342041016,76.30180358886719,91.4056167602539,104.02088928222656,454.3970031738281,0.04069528356194496,8.790486335754395,-1.2948673944646152,-0.09404743849712185,-0.31599571328672726,0.21215772446878906,-0.8719923658781403,CIV
2,2021,DHS 2021,49,Tiassalé,CIV.7.1.4_1,Agnéby-Tiassa,tiassalé,2435.2281204680353,72.32169342041016,76.30180358886719,91.4056167602539,104.02088928222656,567.0750732421875,0.09875115752220154,8.969788551330566,-1.2948673944646152,0.7603174241852022,-0.10180477129037292,1.1676404254243409,-0.8719923658781403,CIV
1,2011,DHS 2011-12,50,Dabou,CIV.7.2.1_1,Grands Ponts,dabou,1505.5951772686115,42.48819351196289,46.74580764770508,115.6318359375,124.66458892822266,506.03857421875,0.13091576099395752,8.743549346923828,-1.5325203220421784,0.29751716433754727,0.012041302997414644,-0.03796456609207621,-0.5189484732244622,CIV
2,2021,DHS 2021,50,Dabou,CIV.7.2.1_1,Grands Ponts,dabou,1505.5951772686115,42.48819351196289,46.74580764770508,115.6318359375,124.66458892822266,605.67010498046875,0.24928465485572815,8.88654899597168,-1.5325203220421784,1.052958565192426,0.4048057689208553,0.724065565375496,-0.5189484732244622,CIV
1,2011,DHS 2011-12,51,Grand-Lahou,CIV.7.2.2_1,Grands Ponts,grand lahou,2179.177795384586,27.90131187438965,27.906614303588867,131.6924285888672,132.0605926513672,370.86505126953125,0.026824505999684334,8.7424468994140625,-1.6487190629218937,-0.727416155009611,-0.36893856952458465,-0.04383939324302731,-0.2849006382536125,CIV
2,2021,DHS 2021,51,Grand-Lahou,CIV.7.2.2_1,Grands Ponts,grand lahou,2179.177795384586,27.90131187438965,27.906614303588867,131.6924285888672,132.0605926513672,489.4263916015625,0.061117611825466156,8.9132232666015625,-1.6487190629218937,0.17155773752116163,-0.2393170403722795,0.8662099558703941,-0.2849006382536125,CIV
1,2011,DHS 2011-12,52,Jacqueville,CIV.7.2.3_1,Grands Ponts,jacqueville,624.7439303661273,9.140555381774902,9.465750694274902,135.6565704345703,144.81292724609375,471.24139404296875,0.0776154026389122,8.739666938781738,-1.79816678838897,0.03367267317278744,-0.17844364128359086,-0.05865351188058999,-0.2271319844657846,CIV
2,2021,DHS 2021,52,Jacqueville,CIV.7.2.3_1,Grands Ponts,jacqueville,624.7439303661273,9.140555381774902,9.465750694274902,135.6565704345703,144.81292724609375,557.8712158203125,0.1305852085351944,8.879573822021484,-1.79816678838897,0.690530531512854,0.010887867437684204,0.6868955949757933,-0.2271319844657846,CIV
1,2011,DHS 2011-12,53,Adzope,CIV.7.3.1_1,La Mé,adzope,1914.033962226691,106.9375228881836,107.18017578125,157.00479125976563,158.17575073242188,470.23419189453125,0.13450157642364502,8.7766571044921875,-1.0191185470686475,0.026035711297942684,0.02453208975116742,0.13846320153112304,0.08397140835896479,CIV
2,2021,DHS 2021,53,Adzope,CIV.7.3.1_1,La Mé,adzope,1914.033962226691,106.9375228881836,107.18017578125,157.00479125976563,158.17575073242188,617.3056640625,0.23681814968585968,8.936457633972168,-1.0191185470686475,1.1411834773809353,0.36523458922116203,0.9900234626858108,0.08397140835896479,CIV
1,2011,DHS 2011-12,54,Akoupe,CIV.7.3.2_1,La Mé,akoupe,1729.073649798907,137.7979278564453,132.9525146484375,143.62852478027344,146.66928100585938,405.610107421875,0.07778345048427582,8.778631210327148,-0.7732853190047838,-0.463966886571861,-0.1778283864681391,0.14898300447443513,-0.11095827309658167,CIV
2,2021,DHS 2021,54,Akoupe,CIV.7.3.2_1,La Mé,akoupe,1729.073649798907,137.7979278564453,132.9525146484375,143.62852478027344,146.66928100585938,582.902587890625,0.12172570079565048,8.954194068908691,-0.7732853190047838,0.8803272217528298,-0.02015295438592306,1.084539064202583,-0.11095827309658167,CIV
1,2011,DHS 2011-12,55,Alépé,CIV.7.3.3_1,La Mé,alépé,2217.9633908335672,55.735652923583984,67.18891906738281,211.04588317871094,228.27978515625,528.34918212890625,0.03226945921778679,8.778302192687988,-1.4269913857189793,0.46668406124974743,-0.34807115137010386,0.14722970398388313,0.871501534902155,CIV
2,2021,DHS 2021,55,Alépé,CIV.7.3.3_1,La Mé,alépé,2217.9633908335672,55.735652923583984,67.18891906738281,211.04588317871094,228.27978515625,711.92315673828125,0.06316445767879486,8.921197891235352,-1.4269913857189793,1.8586066732898379,-0.23171337828821048,0.908705894137049,0.871501534902155,CIV
1,2011,DHS 2011-12,56,Yakasse-Attobrou,CIV.7.3.4_1,La Mé,yakasse attobrou,1582.1073339505713,129.9798583984375,126.80963897705078,245.27235412597656,262.6358337402344,498.9850769042969,0.0168636254966259,8.766393661499023,-0.8355638683001082,0.24403506031467148,-0.40740095940121357,0.08377039028671499,1.370277115466941,CIV
2,2021,DHS 2021,56,Yakasse-Attobrou,CIV.7.3.4_1,La Mé,yakasse attobrou,1582.1073339505713,129.9798583984375,126.80963897705078,245.27235412597656,262.6358337402344,630.79547119140625,0.04295704513788223,8.92667007446289,-0.8355638683001082,1.2434679521532395,-0.3074298437381692,0.9378665846146939,1.370277115466941,CIV
1,2011,DHS 2011-12,57,Blolequin,CIV.8.1.1_1,Cavally,blolequin,2980.8335239186076,274.094482421875,272.59747314453125,175.22332763671875,176.58917236328125,579.09613037109375,0.0029194701928645372,8.408918380737305,0.31244968730059314,0.8514653185093022,-0.46188183734847643,-1.8211778876220306,0.3494665297361056,CIV
2,2021,DHS 2021,57,Blolequin,CIV.8.1.1_1,Cavally,blolequin,2980.8335239186076,274.094482421875,272.59747314453125,175.22332763671875,176.58917236328125,605.25787353515625,0.013792670331895351,8.634326934814453,0.31244968730059314,1.049832881002467,-0.41933498883317843,-0.6199993445904564,0.3494665297361056,CIV
1,2011,DHS 2011-12,58,Guiglo,CIV.8.1.2_1,Cavally,guiglo,3279.5054633867016,244.17054748535156,245.74754333496094,156.06787109375,158.27435302734375,572.1796875,0.016519322991371155,8.44904899597168,0.07407635651040596,0.7990224096076217,-0.4087371571297813,-1.6073260480787588,0.07031785639132808,CIV
2,2021,DHS 2021,58,Guiglo,CIV.8.1.2_1,Cavally,guiglo,3279.5054633867016,244.17054748535156,245.74754333496094,156.06787109375,158.27435302734375,540.6995849609375,0.05410286411643028,8.67812728881836,0.07407635651040596,0.5603291708372496,-0.26548728159012863,-0.3865918520395203,0.07031785639132808,CIV
1,2011,DHS 2011-12,59,Taï,CIV.8.1.3_1,Cavally,taï,4253.084509163929,216.1890106201172,211.52281188964844,414.5097351074219,459.68560791015625,694.9371337890625,0.002158378018066287,8.494704246520996,-0.14882387894804128,1.7298126572428485,-0.46487724378153383,-1.3640340063854353,3.83653994117109,CIV
2,2021,DHS 2021,59,Taï,CIV.8.1.3_1,Cavally,taï,4253.084509163929,216.1890106201172,211.52281188964844,414.5097351074219,459.68560791015625,647.40838623046875,0.005387273617088795,8.732209205627441,-0.14882387894804128,1.3694329324505665,-0.4521849923397752,-0.09839498966643566,3.83653994117109,CIV
1,2011,DHS 2011-12,60,Toulepleu,CIV.8.1.4_1,Cavally,toulepleu,805.6729925909513,NA,268.07708740234375,NA,131.0706329345703,543.35272216796875,0.026762746274471283,8.395063400268555,NA,0.5804461927580851,-0.36917589366412856,-1.8950096253806963,NA,CIV
2,2021,DHS 2021,60,Toulepleu,CIV.8.1.4_1,Cavally,toulepleu,805.6729925909513,NA,268.07708740234375,NA,131.0706329345703,632.02325439453125,0.05795161426067352,8.626238822937012,NA,1.25277743737166,-0.2511070856961259,-0.6631000444755916,NA,CIV
1,2011,DHS 2011-12,61,Bangolo,CIV.8.2.1_1,Guémon,bangolo,2124.832308872352,295.9925842285156,295.99224853515625,111.18428039550781,115.69935607910156,554.054443359375,0.00469430023804307,8.441471099853516,0.4868894284878526,0.6615904167460657,-0.45490551661557443,-1.6477078616959364,-0.5837618190400206,CIV
2,2021,DHS 2021,61,Bangolo,CIV.8.2.1_1,Guémon,bangolo,2124.832308872352,295.9925842285156,295.99224853515625,111.18428039550781,115.69935607910156,526.6531982421875,0.04092909395694733,8.659489631652832,0.4868894284878526,0.4538245133394147,-0.31510935119890826,-0.4859099722912827,-0.5837618190400206,CIV
1,2011,DHS 2011-12,62,Duékoué,CIV.8.2.2_1,Guémon,duékoué,3044.3329034282874,241.79129028320313,239.4032745361328,97.50983428955078,108.4756088256836,559.36114501953125,0.014100989326834679,8.514033317565918,0.055123252071242385,0.7018277001182858,-0.4181351999678771,-1.2610314140883099,-0.783036813120165,CIV
2,2021,DHS 2021,62,Duékoué,CIV.8.2.2_1,Guémon,duékoué,3044.3329034282874,241.79129028320313,239.4032745361328,97.50983428955078,108.4756088256836,516.7225341796875,0.10367318242788315,8.733572959899902,0.055123252071242385,0.37852671641269425,-0.08416904899457558,-0.09112768618385773,-0.783036813120165,CIV
1,2011,DHS 2011-12,63,Facobly,CIV.8.2.3_1,Guémon,facobly,1038.9441742054503,310.0359191894531,302.2371826171875,40.525543212890625,46.00454330444336,466.0696716308594,0.00943654403090477,8.444803237915039,0.5987582898906729,-0.005541149940905328,-0.4363254734524376,-1.6299512474524909,-1.6134575979164023,CIV
2,2021,DHS 2021,63,Facobly,CIV.8.2.3_1,Guémon,facobly,1038.9441742054503,310.0359191894531,302.2371826171875,40.525543212890625,46.00454330444336,447.4751281738281,0.0802602618932724,8.61430835723877,0.5987582898906729,-0.1465315357157859,-0.16877142307400353,-0.7266762448721298,-1.6134575979164023,CIV
1,2011,DHS 2011-12,64,Kouibly,CIV.8.2.4_1,Guémon,kouibly,1012.129071601847,292.6447448730469,290.0807189941406,88.99443817138672,87.92736053466797,517.26129150390625,0.004380177240818739,8.455355644226074,0.4602206224031447,0.382611764435313,-0.4561393411991115,-1.5737185809946415,-0.9071299937790879,CIV
2,2021,DHS 2021,64,Kouibly,CIV.8.2.4_1,Guémon,kouibly,1012.129071601847,292.6447448730469,290.0807189941406,88.99443817138672,87.92736053466797,472.221435546875,0.14368374645709991,8.690570831298828,0.4602206224031447,0.041103693462714856,0.056338038317361186,-0.3202815192838024,-0.9071299937790879,CIV
1,2011,DHS 2011-12,65,Biankouma,CIV.8.3.1_1,Tonkpi,biankouma,3543.134386880896,566.23699951171875,540.96929931640625,95.39742279052734,115.91188049316406,490.20245361328125,0.00481346994638443,8.291963577270508,2.6396498035907094,0.1774421133688559,-0.4544375381095037,-2.4444177686635866,-0.8138205674090752,CIV
2,2021,DHS 2021,65,Biankouma,CIV.8.3.1_1,Tonkpi,biankouma,3543.134386880896,566.23699951171875,540.96929931640625,95.39742279052734,115.91188049316406,477.8223876953125,0.0214534979313612,8.46826171875,2.6396498035907094,0.08357208780321926,-0.3896312913018497,-1.504943463491336,-0.8138205674090752,CIV
1,2011,DHS 2011-12,66,Danané,CIV.8.3.2_1,Tonkpi,danané,3226.6583235853213,410.2860412597656,442.6899108886719,81.02214050292969,92.701324462890625,616.22210693359375,0.00977620854973793,8.224346160888672,1.3973483002190268,1.1329675651179296,-0.4349980245085363,-2.804743888608859,-1.0233087083227683,CIV
2,2021,DHS 2021,66,Danané,CIV.8.3.2_1,Tonkpi,danané,3226.6583235853213,410.2860412597656,442.6899108886719,81.02214050292969,92.701324462890625,662.10089111328125,0.08836159110069275,8.359283447265625,1.3973483002190268,1.4808366857190418,-0.1392916463000057,-2.0856772422054224,-1.0233087083227683,CIV
1,2011,DHS 2011-12,67,Man,CIV.8.3.3_1,Tonkpi,man,2703.1980851789617,426.4403991699219,418.3512268066406,49.55259323120117,61.63636779785156,535.380859375,0.0689508244395256,8.325359344482422,1.5260335185898477,0.5200007178195717,-0.21029699848595987,-2.2664552278573535,-1.481908186333555,CIV
2,2021,DHS 2021,67,Man,CIV.8.3.3_1,Tonkpi,man,2703.1980851789617,426.4403991699219,418.3512268066406,49.55259323120117,61.63636779785156,584.1116943359375,0.31662872433662415,8.468653678894043,1.5260335185898477,0.88949509320724,0.6119662130991812,-1.5028547489938957,-1.481908186333555,CIV
1,2011,DHS 2011-12,68,Sipilou,CIV.8.3.4_1,Tonkpi,sipilou,1207.1666197484017,505.92840576171875,505.69378662109375,120.49603271484375,124.91474914550781,531.7734375,0.0014992270153015852,8.039900779724121,2.159233026921633,0.4926479730219214,-0.467473282367033,-3.787633979551504,-0.4480634972262337,CIV
2,2021,DHS 2021,68,Sipilou,CIV.8.3.4_1,Tonkpi,sipilou,1207.1666197484017,505.92840576171875,505.69378662109375,120.49603271484375,124.91474914550781,497.3011474609375,0.014865320175886154,8.30531120300293,2.159233026921633,0.23126691344483574,-0.4151624643080277,-2.3732896710816562,-0.4480634972262337,CIV
1,2011,DHS 2011-12,69,Zouan-Hounien,CIV.8.3.5_1,Tonkpi,zouan hounien,1310.1856926128708,271.2033386230469,270.66619873046875,99.94002532958984,102.04308319091797,552.12005615234375,0.03967956826090813,8.38143539428711,0.28941890680391147,0.646923210789245,-0.31984854600821216,-1.9676318399024015,-0.7476221205348151,CIV
2,2021,DHS 2021,69,Zouan-Hounien,CIV.8.3.5_1,Tonkpi,zouan hounien,1310.1856926128708,271.2033386230469,270.66619873046875,99.94002532958984,102.04308319091797,585.06884765625,0.22372128069400787,8.567117691040039,0.28941890680391147,0.8967525672177427,0.3232305577400663,-0.9781503555213628,-0.7476221205348151,CIV
1,2011,DHS 2011-12,70,Daloa,CIV.9.1.1_1,Haut-Sassandra,daloa,3774.8270476582197,245.5240936279297,244.54310607910156,108.29063415527344,120.39925384521484,398.256103515625,0.1684974730014801,8.59550666809082,0.08485867183988993,-0.5197275375460638,0.14102889296072438,-0.8268684743539645,-0.6259303524434714,CIV
2,2021,DHS 2021,70,Daloa,CIV.9.1.1_1,Haut-Sassandra,daloa,3774.8270476582197,245.5240936279297,244.54310607910156,108.29063415527344,120.39925384521484,404.31768798828125,0.3045893907546997,8.777520179748535,0.08485867183988993,-0.47376646648337706,0.5757208828847438,0.14306243904981747,-0.6259303524434714,CIV
1,2011,DHS 2011-12,71,Issia,CIV.9.1.2_1,Haut-Sassandra,issia,3710.233023805707,221.15150451660156,221.41773986816406,112.5719985961914,126.21829986572266,527.16448974609375,0.06972786784172058,8.62580680847168,-0.10929277444456427,0.45770130582672375,-0.20742985469883232,-0.6654022042501424,-0.5635388766200228,CIV
2,2021,DHS 2021,71,Issia,CIV.9.1.2_1,Haut-Sassandra,issia,3710.233023805707,221.15150451660156,221.41773986816406,112.5719985961914,126.21829986572266,504.1918640136719,0.056689534336328506,8.77631664276123,-0.10929277444456427,0.2835147563284429,-0.2558168584268643,0.13664891667568227,-0.5635388766200228,CIV
1,2011,DHS 2011-12,72,Vavoua,CIV.9.1.3_1,Haut-Sassandra,vavoua,6255.592942863742,271.2021789550781,276.5925598144531,150.9072723388672,160.24205017089844,463.223388671875,0.008338497020304203,8.58815860748291,0.28940966891735315,-0.027122671065046212,-0.4406198285254664,-0.8660255186429595,-0.004886526905870259,CIV
2,2021,DHS 2021,72,Vavoua,CIV.9.1.3_1,Haut-Sassandra,vavoua,6255.592942863742,271.2021789550781,276.5925598144531,150.9072723388672,160.24205017089844,384.3757019042969,0.05759849771857262,8.7802276611328125,0.28940966891735315,-0.6249736374255107,-0.2524242636995363,0.15749032337641797,-0.004886526905870259,CIV
1,2011,DHS 2011-12,73,Zoukougbeu,CIV.9.1.4_1,Haut-Sassandra,zoukougbeu,1517.3983249660741,233.5495147705078,238.56068420410156,171.83084106445313,201.375732421875,498.3005065917969,0.016196317970752716,8.569029808044434,-0.010530529249752342,0.23884440679459762,-0.4099911133298848,-0.9679608845545314,0.30002849499839884,CIV
2,2021,DHS 2021,73,Zoukougbeu,CIV.9.1.4_1,Haut-Sassandra,zoukougbeu,1517.3983249660741,233.5495147705078,238.56068420410156,171.83084106445313,201.375732421875,485.10601806640625,0.05746370553970337,8.745817184448242,-0.010530529249752342,0.13879914181695086,-0.2529271748552677,-0.025879497783285802,0.30002849499839884,CIV
1,2011,DHS 2011-12,74,Bouaflé,CIV.9.2.1_1,Marahoué,bouaflé,4151.1264000856345,228.14495849609375,226.66024780273438,79.87068939208984,87.94044494628906,381.6180114746094,0.06335115432739258,8.682699203491211,-0.053583091799026476,-0.6458834187507583,-0.23102056267365495,-0.3622285982664584,-1.0400885772489568,CIV
2,2021,DHS 2021,74,Bouaflé,CIV.9.2.1_1,Marahoué,bouaflé,4151.1264000856345,228.14495849609375,226.66024780273438,79.87068939208984,87.94044494628906,354.41278076171875,0.1942964345216751,8.893166542053223,-0.053583091799026476,-0.852163071820416,0.22719636697433418,0.7593297743724248,-1.0400885772489568,CIV
1,2011,DHS 2011-12,75,Sinfra,CIV.9.2.2_1,Marahoué,sinfra,1672.6745316924503,224.4243927001953,225.317138671875,53.76679992675781,54.03425979614258,386.9038391113281,0.07925726473331451,8.670945167541504,-0.08322102755425614,-0.6058044095853735,-0.17243658124043787,-0.42486462303762823,-1.420495387028747,CIV
2,2021,DHS 2021,75,Sinfra,CIV.9.2.2_1,Marahoué,sinfra,1672.6745316924503,224.4243927001953,225.317138671875,53.76679992675781,54.03425979614258,452.6790771484375,0.17556169629096985,8.888753890991211,-0.08322102755425614,-0.10707335944066311,0.16481081124270772,0.7358152196773982,-1.420495387028747,CIV
1,2011,DHS 2011-12,76,Zuénoula,CIV.9.2.3_1,Marahoué,zuénoula,3314.7915840259698,247.51043701171875,249.82391357421875,116.636962890625,117.89083862304688,429.5759582519531,0.029290147125720978,8.668081283569336,0.10068183445173391,-0.2822493541267041,-0.3594754905418393,-0.44012596035104184,-0.5043009572606147,CIV
2,2021,DHS 2021,76,Zuénoula,CIV.9.2.3_1,Marahoué,zuénoula,3314.7915840259698,247.51043701171875,249.82391357421875,116.636962890625,117.89083862304688,320.1692810058594,0.23505814373493195,8.933469772338867,0.10068183445173391,-1.111809362788372,0.35961587172437315,0.9741014614194355,-0.5043009572606147,CIV
1,2011,DHS 2011-12,77,Boundiali,CIV.10.1.1_1,Bagoué,boundiali,4474.818602256187,396.6572570800781,397.5149230957031,218.01495361328125,219.2647705078125,326.8512878417969,0.013082927092909813,8.64158821105957,1.2887817401585218,-1.061144030578079,-0.4220982625576635,-0.5813047650685345,0.9730604177140972,CIV
2,2021,DHS 2021,77,Boundiali,CIV.10.1.1_1,Bagoué,boundiali,4474.818602256187,396.6572570800781,397.5149230957031,218.01495361328125,219.2647705078125,336.5374755859375,0.10889334976673126,8.811910629272461,1.2887817401585218,-0.987699939310654,-0.06555080954037297,0.3263255375709659,0.9730604177140972,CIV
1,2011,DHS 2011-12,78,Kouto,CIV.10.1.2_1,Bagoué,kouto,3504.1970070026186,383.98382568359375,389.12115478515625,235.9170684814453,238.88999938964844,327.4289855957031,0.009614065289497375,8.656244277954102,1.187825496906113,-1.0567637224853992,-0.435631643756196,-0.5032041217676552,1.2339443911293984,CIV
2,2021,DHS 2021,78,Kouto,CIV.10.1.2_1,Bagoué,kouto,3504.1970070026186,383.98382568359375,389.12115478515625,235.9170684814453,238.88999938964844,282.6572570800781,0.13349324464797974,8.82813549041748,1.187825496906113,-1.3962387566432966,0.021023673265650626,0.4127861208920135,1.2339443911293984,CIV
1,2011,DHS 2011-12,79,Tengréla,CIV.10.1.3_1,Bagoué,tengréla,2327.8924025048454,352.2201843261719,350.33367919921875,269.1476745605469,278.37060546875,330.6219482421875,0.012404493056237698,8.752988815307617,0.9347971099491514,-1.0325535537155717,-0.424741449095354,0.012337370880340724,1.7182074302595762,CIV
2,2021,DHS 2021,79,Tengréla,CIV.10.1.3_1,Bagoué,tengréla,2327.8924025048454,352.2201843261719,350.33367919921875,269.1476745605469,278.37060546875,308.72607421875,0.14324046671390533,8.959024429321289,0.9347971099491514,-1.1985757920445959,0.054808445491941526,1.1102795482160495,1.7182074302595762,CIV
1,2011,DHS 2011-12,80,Dikodougou,CIV.10.2.1_1,Poro,dikodougou,2488.2055340330357,359.16900634765625,359.678955078125,234.88189697265625,235.13180541992188,319.9141540527344,0.005698508583009243,8.725295066833496,0.9901512555133335,-1.1137438253163596,-0.4509637340925994,-0.13523971012006494,1.2188590418079357,CIV
2,2021,DHS 2021,80,Dikodougou,CIV.10.2.1_1,Poro,dikodougou,2488.2055340330357,359.16900634765625,359.678955078125,234.88189697265625,235.13180541992188,331.25079345703125,0.11425123363733292,8.965506553649902,0.9901512555133335,-1.0277854275371374,-0.046532314463762194,1.1448221088951278,1.2188590418079357,CIV
1,2011,DHS 2011-12,81,Korhogo,CIV.10.2.2_1,Poro,korhogo,7321.704880470631,363.89324951171875,357.6607666015625,207.99009704589844,228.4132537841797,306.9707946777344,0.09792839735746384,8.729452133178711,1.027784460533635,-1.2118849405161585,-0.10476044363730842,-0.1130871395742208,0.8269701689654299,CIV
2,2021,DHS 2021,81,Korhogo,CIV.10.2.2_1,Poro,korhogo,7321.704880470631,363.89324951171875,357.6607666015625,207.99009704589844,228.4132537841797,334.26458740234375,0.631365954875946,8.934215545654297,1.027784460533635,-1.0049337790426467,1.4576917303407788,0.9780756091980201,0.8269701689654299,CIV
1,2011,DHS 2011-12,82,M'bengue,CIV.10.2.3_1,Poro,m'bengue,2446.5809707220287,350.407958984375,350.71270751953125,228.23211669921875,225.02027893066406,278.9314880371094,0.015925215557217598,8.749005317687988,0.920360967383581,-1.4244888514030922,-0.41104388315419876,-0.008890270131357148,1.1219531112601349,CIV
2,2021,DHS 2021,82,M'bengue,CIV.10.2.3_1,Poro,m'bengue,2446.5809707220287,350.407958984375,350.71270751953125,228.23211669921875,225.02027893066406,303.4056091308594,0.1256200224161148,8.965761184692383,0.920360967383581,-1.2389174345795102,-0.006478434654824858,1.1461790110139027,1.1219531112601349,CIV
1,2011,DHS 2011-12,83,Sinematiali,CIV.10.2.4_1,Poro,sinematiali,493.33432493478614,335.6404724121094,333.6672668457031,187.40711975097656,190.04774475097656,315.2635192871094,0.1255757361650467,8.844706535339355,0.8027235320296564,-1.1490065781351495,-0.006633675277338303,0.5010914812509463,0.5270185185062215,CIV
2,2021,DHS 2021,83,Sinematiali,CIV.10.2.4_1,Poro,sinematiali,493.33432493478614,335.6404724121094,333.6672668457031,187.40711975097656,190.04774475097656,328.06292724609375,1.191658854484558,9.090673446655273,0.8027235320296564,-1.0519569533354127,2.6226127129107994,1.8118233537747808,0.5270185185062215,CIV
1,2011,DHS 2011-12,84,Ferkessedougou,CIV.10.3.1_1,Tchologo,ferkessedougou,3591.2006170609975,334.05889892578125,334.9532165527344,195.32565307617188,215.3982391357422,312.5462646484375,0.05450206622481346,8.8902130126953125,0.7901247564800769,-1.1696097610334135,-0.2639932928185898,0.7435907262007159,0.6424137359267144,CIV
2,2021,DHS 2021,84,Ferkessedougou,CIV.10.3.1_1,Tchologo,ferkessedougou,3591.2006170609975,334.05889892578125,334.9532165527344,195.32565307617188,215.3982391357422,348.3406982421875,0.17440740764141083,9.139664649963379,0.7901247564800769,-0.8982037427765989,0.16093464828282097,2.0728923378331796,0.6424137359267144,CIV
1,2011,DHS 2011-12,85,Kong,CIV.10.3.2_1,Tchologo,kong,8993.1336624743235,NA,279.23779296875,NA,280.9403991699219,289.6554870605469,0.0012781195109710097,8.898951530456543,NA,-1.3431757090364715,-0.4683444877166927,0.7901573708236959,NA,CIV
2,2021,DHS 2021,85,Kong,CIV.10.3.2_1,Tchologo,kong,8993.1336624743235,NA,279.23779296875,NA,280.9403991699219,350.4543762207031,0.030046263709664345,9.144685745239258,NA,-0.8821770909642845,-0.35657807220450183,2.0996492279281256,NA,CIV
1,2011,DHS 2011-12,86,Ouangolodougou,CIV.10.3.3_1,Tchologo,ouangolodougou,4824.955347168757,333.8190612792969,336.6125183105469,183.25027465820313,188.2256622314453,276.2790832519531,0.030125437304377556,8.827116966247559,0.7882142156784532,-1.444600319842986,-0.3562748041493961,0.40735851241691334,0.46644163847496034,CIV
2,2021,DHS 2021,86,Ouangolodougou,CIV.10.3.3_1,Tchologo,ouangolodougou,4824.955347168757,333.8190612792969,336.6125183105469,183.25027465820313,188.2256622314453,324.86248779296875,0.08559031039476395,9.053913116455078,0.7882142156784532,-1.076223813889852,-0.14935124235355376,1.6159314096912505,0.46644163847496034,CIV
1,2011,DHS 2011-12,87,Béoumi,CIV.11.1.1_1,Gbeke,béoumi,1925.6940884730639,238.09671020507813,237.58433532714844,115.29137420654297,115.1467056274414,397.2745056152344,0.02972654066979885,8.736560821533203,0.02569231790560205,-0.5271703589829921,-0.3578029826462058,-0.07520568491748249,-0.523909954581387,CIV
2,2021,DHS 2021,87,Béoumi,CIV.11.1.1_1,Gbeke,béoumi,1925.6940884730639,238.09671020507813,237.58433532714844,115.29137420654297,115.1467056274414,327.7117614746094,0.25311607122421265,8.911154747009277,0.02569231790560205,-1.0546196160518664,0.41688815062683626,0.8551870319167497,-0.523909954581387,CIV
1,2011,DHS 2011-12,88,Botro,CIV.11.1.2_1,Gbeke,botro,645.4967261411118,273.0712890625,273.1628723144531,107.56257629394531,111.16763305664063,391.22100830078125,0.008114245720207691,8.754619598388672,0.3042989541288361,-0.5730701103602822,-0.441497428581879,0.02102764287698984,-0.6365401954222639,CIV
2,2021,DHS 2021,88,Botro,CIV.11.1.2_1,Gbeke,botro,645.4967261411118,273.0712890625,273.1628723144531,107.56257629394531,111.16763305664063,312.5776672363281,0.18585509061813354,8.805489540100098,0.3042989541288361,-1.1693716555380427,0.19920922645051678,0.2921082268379609,-0.6365401954222639,CIV
1,2011,DHS 2011-12,89,Bouaké,CIV.11.1.3_1,Gbeke,bouaké,3500.642243684317,273.9132080078125,254.0852813720703,96.9730453491211,99.00865173339844,309.2140197753906,0.22097845375537872,8.77369499206543,0.3110056597701637,-1.1948760167623,0.3143768989110203,0.12267841508574752,-0.7908593320066751,CIV
2,2021,DHS 2021,89,Bouaké,CIV.11.1.3_1,Gbeke,bouaké,3500.642243684317,273.9132080078125,254.0852813720703,96.9730453491211,99.00865173339844,272.4617919921875,0.8224026560783386,8.936558723449707,0.3110056597701637,-1.4735443683254412,1.8946266799126505,0.9905621579089948,-0.7908593320066751,CIV
1,2011,DHS 2011-12,90,Diabo,CIV.11.1.4_1,Gbeke,diabo,533.2037115141355,309.6109313964844,309.66461181640625,86.75472259521484,87.70580291748047,368.5791015625,0.07240236550569534,8.754375457763672,0.595372847569333,-0.7447490318183954,-0.1975773580148394,0.019726643092696172,-0.9397689251642815,CIV
2,2021,DHS 2021,90,Diabo,CIV.11.1.4_1,Gbeke,diabo,533.2037115141355,309.6109313964844,309.66461181640625,86.75472259521484,87.70580291748047,292.943603515625,0.431759774684906,8.799375534057617,0.595372847569333,-1.3182440505343158,0.9427302556239977,0.2595273298961378,-0.9397689251642815,CIV
1,2011,DHS 2011-12,91,Sakassou,CIV.11.1.5_1,Gbeke,sakassou,1905.3794687205339,236.78292846679688,233.116455078125,104.32743072509766,106.86180877685547,387.8057556152344,0.03128476440906525,8.72863483428955,0.015226764844156727,-0.5989657605958825,-0.3518367629048339,-0.11744243963336015,-0.6836853308877273,CIV
2,2021,DHS 2021,91,Sakassou,CIV.11.1.5_1,Gbeke,sakassou,1905.3794687205339,236.78292846679688,233.116455078125,104.32743072509766,106.86180877685547,297.10693359375,0.1463337391614914,8.894315719604492,0.015226764844156727,-1.2866762137019978,0.06546982574411157,0.7654536210133384,-0.6836853308877273,CIV
1,2011,DHS 2011-12,92,Dabakala,CIV.11.2.1_1,Hambol,dabakala,9797.279810753374,275.0043640136719,276.6925964355469,174.83447265625,199.046875,287.86346435546875,0.0035553572233766317,8.82091236114502,0.3196977817146928,-1.3567634571352705,-0.4593809393109445,0.3742948225863875,0.3437998231411534,CIV
2,2021,DHS 2021,92,Dabakala,CIV.11.2.1_1,Hambol,dabakala,9797.279810753374,275.0043640136719,276.6925964355469,174.83447265625,199.046875,340.4475402832031,0.09144636988639832,9.043001174926758,0.3196977817146928,-0.9580524499089305,-0.12812415042651684,1.5577828177698123,0.3437998231411534,CIV
1,2011,DHS 2011-12,93,Katiola,CIV.11.2.2_1,Hambol,katiola,2770.1928749890385,275.4815368652344,272.6034851074219,130.93927001953125,139.90924072265625,352.228515625,0.04701046273112297,8.745585441589355,0.32349892893115645,-0.8687249403584761,-0.29212488800082653,-0.027114431172283307,-0.29587626887754304,CIV
2,2021,DHS 2021,93,Katiola,CIV.11.2.2_1,Hambol,katiola,2770.1928749890385,275.4815368652344,272.6034851074219,130.93927001953125,139.90924072265625,308.91387939453125,0.27339088916778564,8.868857383728027,0.32349892893115645,-1.1971517869731563,0.4802161118412845,0.6297888192878716,-0.29587626887754304,CIV
1,2011,DHS 2011-12,94,Niakarmadougou,CIV.11.2.3_1,Hambol,niakarmadougou,6625.663612727372,330.0980529785156,329.13641357421875,195.03875732421875,191.6674041748047,335.4266052246094,0.011546495370566845,8.738452911376953,0.7585727549401946,-0.996122950133773,-0.4280867552570684,-0.06512293658920655,0.6382328609699457,CIV
2,2021,DHS 2021,94,Niakarmadougou,CIV.11.2.3_1,Hambol,niakarmadougou,6625.663612727372,330.0980529785156,329.13641357421875,195.03875732421875,191.6674041748047,330.1101379394531,0.07738964259624481,8.989211082458496,0.7585727549401946,-1.0364342799185478,-0.17927034237004266,1.2711410567013912,0.6382328609699457,CIV
1,2011,DHS 2011-12,95,Koro,CIV.12.1.1_1,Bafing,koro,3185.795161019604,448.1216125488281,447.54638671875,135.87242126464844,131.2230224609375,473.4154968261719,0.00985732302069664,8.366621971130371,1.6987455318884268,0.05015748716278305,-0.43468108565165975,-2.0465710182205012,-0.22398643308090807,CIV
2,2021,DHS 2021,95,Koro,CIV.12.1.1_1,Bafing,koro,3185.795161019604,448.1216125488281,447.54638671875,135.87242126464844,131.2230224609375,415.85223388671875,0.042820341885089874,8.565091133117676,1.6987455318884268,-0.38630747187472897,-0.3079470462363943,-0.9889496701370817,-0.22398643308090807,CIV
1,2011,DHS 2011-12,96,Ouaninou,CIV.12.1.2_1,Bafing,ouaninou,2178.234066941279,527.35845947265625,530.87969970703125,199.92393493652344,210.6376953125,465.9638366699219,0.0023612570948898792,8.118927001953125,2.329944308473506,-0.006343627936965248,-0.46407855668823234,-3.3665115298425397,0.7094235865195814,CIV
2,2021,DHS 2021,96,Ouaninou,CIV.12.1.2_1,Bafing,ouaninou,2178.234066941279,527.35845947265625,530.87969970703125,199.92393493652344,210.6376953125,443.7971496582031,0.036004483699798584,8.402402877807617,2.329944308473506,-0.17441926584414275,-0.33382047150556643,-1.855898319365368,0.7094235865195814,CIV
1,2011,DHS 2011-12,97,Touba,CIV.12.1.3_1,Bafing,touba,3613.304697940376,437.6506652832031,418.09503173828125,99.14464569091797,110.36568450927734,452.83941650390625,0.010465145111083984,8.293403625488281,1.615334223130735,-0.10585760990453312,-0.4323069500598048,-2.4367439027484172,-0.7592130304378317,CIV
2,2021,DHS 2021,97,Touba,CIV.12.1.3_1,Bafing,touba,3613.304697940376,437.6506652832031,418.09503173828125,99.14464569091797,110.36568450927734,380.0054016113281,0.08296830207109451,8.545467376708984,1.615334223130735,-0.6581107954139066,-0.15889265837783997,-1.0935226098300928,-0.7592130304378317,CIV
1,2011,DHS 2011-12,98,Dianra,CIV.12.2.1_1,Béré,dianra,3138.3521723269287,357.53997802734375,356.707763671875,210.14227294921875,209.00192260742188,306.5488586425781,0.0023685528431087732,8.646427154541016,0.977174455921697,-1.2150842083285933,-0.46404983805884953,-0.5555185427814013,0.8583334020404978,CIV
2,2021,DHS 2021,98,Dianra,CIV.12.2.1_1,Béré,dianra,3138.3521723269287,357.53997802734375,356.707763671875,210.14227294921875,209.00192260742188,315.7608337402344,0.06536388397216797,8.889373779296875,0.977174455921697,-1.1452357645758091,-0.22355920663615778,0.7391185394422063,0.8583334020404978,CIV
1,2011,DHS 2011-12,99,Kounahiri,CIV.12.2.2_1,Béré,kounahiri,1493.2911012688705,270.82464599609375,268.90673828125,130.89639282226563,132.89248657226563,426.47271728515625,0.0025118831545114517,8.6899566650390625,0.28640225063807,-0.3057792214811866,-0.4634856819608905,-0.32355434686616613,-0.29650110977896416,CIV
2,2021,DHS 2021,99,Kounahiri,CIV.12.2.2_1,Béré,kounahiri,1493.2911012688705,270.82464599609375,268.90673828125,130.89639282226563,132.89248657226563,334.61395263671875,0.13488171994686127,8.972784996032715,0.28640225063807,-1.0022847686335077,0.02585396193909732,1.1836081649643828,-0.29650110977896416,CIV
1,2011,DHS 2011-12,100,Mankono,CIV.12.2.3_1,Béré,mankono,6599.694937319697,315.16864013671875,315.52435302734375,195.4667205810547,196.78952026367188,357.0302734375,0.0034569762647151947,8.677271842956543,0.6396454188999976,-0.8323163193054046,-0.4597677609214524,-0.3911504333149555,0.6444694847287208,CIV
2,2021,DHS 2021,100,Mankono,CIV.12.2.3_1,Béré,mankono,6599.694937319697,315.16864013671875,315.52435302734375,195.4667205810547,196.78952026367188,312.4283752441406,0.10547825694084167,8.903907775878906,0.6396454188999976,-1.1705036400699704,-0.07772113164183903,0.8165686828509389,0.6444694847287208,CIV
1,2011,DHS 2011-12,101,Kani,CIV.12.3.1_1,Worodougou,kani,4769.378009842324,366.56964111328125,369.2105407714844,160.359130859375,169.788330078125,370.20623779296875,0.0026602742727845907,8.520090103149414,1.0491045303010857,-0.7324115111165722,-0.46290169121877334,-1.2287554389709308,0.13285353482138584,CIV
2,2021,DHS 2021,101,Kani,CIV.12.3.1_1,Worodougou,kani,4769.378009842324,366.56964111328125,369.2105407714844,160.359130859375,169.788330078125,364.0985412597656,0.0364682711660862,8.709695816040039,1.0491045303010857,-0.77872222008354,-0.3320545153997596,-0.21836648149386004,0.13285353482138584,CIV
1,2011,DHS 2011-12,102,Séguéla,CIV.12.3.2_1,Worodougou,séguéla,6669.522839054717,322.1318359375,327.2474060058594,113.57939147949219,122.19416809082031,394.51861572265625,0.012760148383677006,8.584022521972656,0.695114065637047,-0.548066488000925,-0.4233555911810579,-0.8880662845198409,-0.5488583397046233,CIV
2,2021,DHS 2021,102,Séguéla,CIV.12.3.2_1,Worodougou,séguéla,6669.522839054717,322.1318359375,327.2474060058594,113.57939147949219,122.19416809082031,363.7659912109375,0.13290762901306152,8.727032661437988,0.695114065637047,-0.7812437318260617,0.018984633650842356,-0.12598025071778735,-0.5488583397046233,CIV
1,2011,DHS 2011-12,103,Attiégoukaro,CIV.13.1.1_1,Yamoussoukro,attiégoukaro,824.121465946874,197.45616149902344,194.11891174316406,47.23851013183594,52.84056091308594,352.184326171875,0.09163763374090195,8.6983489990234375,-0.2980492949789698,-0.8690600003752854,-0.12743277780555998,-0.27883247928107124,-1.515630860901418,CIV
2,2021,DHS 2021,103,Attiégoukaro,CIV.13.1.1_1,Yamoussoukro,attiégoukaro,824.121465946874,197.45616149902344,194.11891174316406,47.23851013183594,52.84056091308594,326.59210205078125,0.16653436422348022,8.908624649047852,-0.2980492949789698,-1.0631092686462846,0.13439449711392965,0.841704405245925,-1.515630860901418,CIV
1,2011,DHS 2011-12,104,Yamoussoukro,CIV.13.1.2_1,Yamoussoukro,yamoussoukro,1238.3039470868775,198.9484100341797,200.7603302001953,32.21725082397461,37.538970947265625,350.78277587890625,1.3629156351089478,8.684754371643066,-0.2861620797966573,-0.8796870489470986,2.919474628517602,-0.35127682273851757,-1.7345326969579715,CIV
2,2021,DHS 2021,104,Yamoussoukro,CIV.13.1.2_1,Yamoussoukro,yamoussoukro,1238.3039470868775,198.9484100341797,200.7603302001953,32.21725082397461,37.538970947265625,368.9908142089844,1.8549896478652954,8.89822769165039,-0.2861620797966573,-0.7416272813441035,3.6658828257027927,0.7863001097444814,-1.7345326969579715,CIV
1,2011,DHS 2011-12,105,Bouna,CIV.14.1.1_1,Bounkani,bouna,15599.339608647764,NA,298.88446044921875,NA,345.9003601074219,274.95758056640625,6.215166067704558e-4,8.805951118469238,NA,-1.454620419226891,-0.47093276162179254,0.29456792955514116,NA,CIV
2,2021,DHS 2021,105,Bouna,CIV.14.1.1_1,Bounkani,bouna,15599.339608647764,NA,298.88446044921875,NA,345.9003601074219,368.0106506347656,0.023390499874949455,9.047737121582031,NA,-0.7490592272141878,-0.38215614451988894,1.5830201807729465,NA,CIV
1,2011,DHS 2011-12,106,Doropo,CIV.14.1.2_1,Bounkani,doropo,858.0620417991533,333.288330078125,331.8111877441406,215.8197479248047,219.4583740234375,246.05592346191406,0.002518103225156665,8.90000057220459,0.7839864239643627,-1.6737629754349503,-0.463461201242128,0.7957476042718327,0.9410701201045071,CIV
2,2021,DHS 2021,106,Doropo,CIV.14.1.2_1,Bounkani,doropo,858.0620417991533,333.288330078125,331.8111877441406,215.8197479248047,219.4583740234375,369.8315124511719,0.05885906517505646,9.157499313354492,0.7839864239643627,-0.7352528108033138,-0.24772417236983904,2.1679313884819136,0.9410701201045071,CIV
1,2011,DHS 2011-12,107,Nassian,CIV.14.1.3_1,Bounkani,nassian,2465.52770474322,288.3824157714844,283.3084411621094,223.98504638671875,221.6591796875,326.0447998046875,0.002679954981431365,8.752961158752441,0.42626701346038176,-1.0672591072798887,-0.4628242446136199,0.012189991998526207,1.0600613969761679,CIV
2,2021,DHS 2021,107,Nassian,CIV.14.1.3_1,Bounkani,nassian,2465.52770474322,288.3824157714844,283.3084411621094,223.98504638671875,221.6591796875,392.7671813964844,0.026210159063339233,8.967851638793945,0.42626701346038176,-0.561346480697544,-0.37129995641014846,1.1573188216669172,1.0600613969761679,CIV
1,2011,DHS 2011-12,108,Tehini,CIV.14.1.4_1,Bounkani,tehini,2944.2370253630966,328.7034606933594,324.89764404296875,268.51739501953125,274.1018371582031,258.4214172363281,0,8.91455078125,0.7474634670470024,-1.5800034410005475,-0.473384293447336,0.873284142197491,1.709022491371996,CIV
2,2021,DHS 2021,108,Tehini,CIV.14.1.4_1,Bounkani,tehini,2944.2370253630966,328.7034606933594,324.89764404296875,268.51739501953125,274.1018371582031,362.4494934082031,0.021254457533359528,9.182229042053223,0.7474634670470024,-0.7912258824235324,-0.39040021752483545,2.299713518976129,1.709022491371996,CIV
1,2011,DHS 2011-12,109,Bondoukou,CIV.14.2.1_1,Gontougo,bondoukou,6935.940273715923,NA,329.8026123046875,NA,279.4869384765625,321.5312194824219,0.020595310255885124,8.677297592163086,NA,-1.1014826649774834,-0.39294768361780263,-0.3910132184939558,NA,CIV
2,2021,DHS 2021,109,Bondoukou,CIV.14.2.1_1,Gontougo,bondoukou,6935.940273715923,NA,329.8026123046875,NA,279.4869384765625,435.6894226074219,0.10849380493164063,8.88603401184082,NA,-0.2358949114973213,-0.06697272480937347,0.7213212689555015,NA,CIV
1,2011,DHS 2011-12,110,Koun-Fao,CIV.14.2.2_1,Gontougo,koun fao,3877.9592971021207,215.3181915283203,208.6385498046875,223.95057678222656,229.747314453125,386.76690673828125,0.021090181544423103,8.792657852172852,-0.1557608024464929,-0.6068426791264118,-0.3910349559369556,0.22372950770643235,1.0595590782586197,CIV
2,2021,DHS 2021,110,Koun-Fao,CIV.14.2.2_1,Gontougo,koun fao,3877.9592971021207,215.3181915283203,208.6385498046875,223.95057678222656,229.747314453125,471.7855224609375,0.05652731657028198,8.864418983459473,-0.1557608024464929,0.03779844672231119,-0.25642262327986615,0.6061370497718452,1.0595590782586197,CIV
1,2011,DHS 2011-12,111,Sandégué,CIV.14.2.3_1,Gontougo,sandégué,2801.0939607165465,227.65357971191406,225.8633270263672,194.7718963623047,194.36643981933594,339.7386779785156,0.008345932699739933,8.801405906677246,-0.0574974031258293,-0.9634272938802337,-0.44059073258277237,0.27034697263348634,0.6343439490393572,CIV
2,2021,DHS 2021,111,Sandégué,CIV.14.2.3_1,Gontougo,sandégué,2801.0939607165465,227.65357971191406,225.8633270263672,194.7718963623047,194.36643981933594,405.9921569824219,0.037609148770570755,8.97447681427002,-0.0574974031258293,-0.46107005207570356,-0.3277137745853384,1.1926236869071054,0.6343439490393572,CIV
1,2011,DHS 2011-12,112,Tanda,CIV.14.2.4_1,Gontougo,tanda,1503.843927456873,253.7860565185547,248.35997009277344,207.5944366455078,209.3525390625,357.68719482421875,0.0546753816306591,8.794398307800293,0.15067326531768246,-0.8273353096908758,-0.26334484688675525,0.23300421319993214,0.8212042883341667,CIV
2,2021,DHS 2021,112,Tanda,CIV.14.2.4_1,Gontougo,tanda,1503.843927456873,253.7860565185547,248.35997009277344,207.5944366455078,209.3525390625,503.85052490234375,0.12829992175102234,8.857767105102539,0.15067326531768246,0.28092660281462223,0.0029043104577443895,0.5706898876802502,0.8212042883341667,CIV
1,2011,DHS 2011-12,113,Transua,CIV.14.2.5_1,Gontougo,transua,1042.4240327670918,254.2364959716797,254.3131103515625,214.16259765625,215.05661010742188,397.7162170410156,0.029571522027254105,8.723301887512207,0.15426145493874943,-0.5238211471851342,-0.35839702093588255,-0.14586115367152497,0.9169207975361665,CIV
2,2021,DHS 2021,113,Transua,CIV.14.2.5_1,Gontougo,transua,1042.4240327670918,254.2364959716797,254.3131103515625,214.16259765625,215.05661010742188,504.3058166503906,0.11374124139547348,8.80433177947998,0.15426145493874943,0.2843787854049388,-0.04833865478754211,0.2859386419233808,0.9169207975361665,CIV
1,2010,DHS 2010,1,Bagassi,BFA.1.1.1_1,Boucle du Mouhoun,bagassi,640.855891981585,294.70965576171875,294.42523193359375,148.78228759765625,147.83518981933594,367.2662048339844,0.001197692472487688,9.098124504089355,-0.29020278900945173,1.8451030242966064,-0.13828302048185503,-0.8983600416417299,0.2504069932474441,BFA
2,2021,DHS 2021,1,Bagassi,BFA.1.1.1_1,Boucle du Mouhoun,bagassi,640.855891981585,294.70965576171875,294.42523193359375,148.78228759765625,147.83518981933594,239.00588989257813,0.041056521236896515,9.366874694824219,-0.29020278900945173,0.4070944818801797,0.18944052747168674,0.5845303754040201,0.2504069932474441,BFA
1,2010,DHS 2010,2,Bana,BFA.1.1.2_1,Boucle du Mouhoun,bana,151.95337954691786,365.0789794921875,364.5014953613281,189.65574645996094,190.24656677246094,369.1576232910156,0.11252705007791519,9.098125457763672,1.247611429865478,1.8663089280848324,0.7468348544424251,-0.898354779526377,0.9433751722557113,BFA
2,2021,DHS 2021,2,Bana,BFA.1.1.2_1,Boucle du Mouhoun,bana,151.95337954691786,365.0789794921875,364.5014953613281,189.65574645996094,190.24656677246094,215.0963134765625,0.28639447689056396,9.366874694824219,1.247611429865478,0.13902890643312293,1.965830430099583,0.5845303754040201,0.9433751722557113,BFA
1,2010,DHS 2010,3,Boromo,BFA.1.1.3_1,Boucle du Mouhoun,boromo,966.1485781204175,270.09637451171875,271.44842529296875,150.44740295410156,152.87730407714844,338.67791748046875,0.010660747066140175,9.122477531433105,-0.8280885021704124,1.5245814237829047,-0.05931070121449139,-0.7639866639881032,0.278637340972157,BFA
2,2021,DHS 2021,3,Boromo,BFA.1.1.3_1,Boucle du Mouhoun,boromo,966.1485781204175,270.09637451171875,271.44842529296875,150.44740295410156,152.87730407714844,222.46713256835938,0.03262221813201904,9.36030387878418,-0.8280885021704124,0.2216678803312622,0.12115197807097447,0.5482744006220069,0.278637340972157,BFA
1,2010,DHS 2010,4,Fara,BFA.1.1.4_1,Boucle du Mouhoun,fara,730.5453008648192,274.43682861328125,274.4913635253906,168.78231811523438,169.2926788330078,276.7246398925781,0.0014017821522429585,9.128674507141113,-0.7332344993193557,0.8299835472473452,-0.13657196256052725,-0.7297934384244571,0.5894872940990469,BFA
2,2021,DHS 2021,4,Fara,BFA.1.1.4_1,Boucle du Mouhoun,fara,730.5453008648192,274.43682861328125,274.4913635253906,168.78231811523438,169.2926788330078,212.10800170898438,0.006173121277242899,9.338597297668457,-0.7332344993193557,0.10552502917269367,-0.09666881920437229,0.42850339307289204,0.5894872940990469,BFA
1,2010,DHS 2010,5,Oury,BFA.1.1.5_1,Boucle du Mouhoun,oury,665.5612629304007,291.1259460449219,290.39764404296875,153.1239776611328,152.98707580566406,298.2616271972656,0,9.131595611572266,-0.3685192977756753,1.071448506507761,-0.14833133318376757,-0.7136755790982878,0.3240159595754774,BFA
2,2021,DHS 2021,5,Oury,BFA.1.1.5_1,Boucle du Mouhoun,oury,665.5612629304007,291.1259460449219,290.39764404296875,153.1239776611328,152.98707580566406,187.16184997558594,0.0017800567438825965,9.390750885009766,-0.3685192977756753,-0.1741622560911171,-0.13340148586376874,0.7162726953811581,0.3240159595754774,BFA
1,2010,DHS 2010,6,Pa,BFA.1.1.6_1,Boucle du Mouhoun,pa,405.05934568924005,289.45196533203125,289.093505859375,146.37232971191406,146.30674743652344,392.99151611328125,0.019193129613995552,9.098198890686035,-0.40510159253049866,2.133525966286499,0.011263482639950322,-0.8979495966441977,0.20954859334555695,BFA
2,2021,DHS 2021,6,Pa,BFA.1.1.6_1,Boucle du Mouhoun,pa,405.05934568924005,289.45196533203125,289.093505859375,146.37232971191406,146.30674743652344,268.263671875,0.011960542760789394,9.365705490112305,-0.40510159253049866,0.7351222154944348,-0.04852127515839041,0.5780790219812699,0.20954859334555695,BFA
1,2010,DHS 2010,7,Pompoï,BFA.1.1.7_1,Boucle du Mouhoun,pompoï,230.03485459198106,325.3802185058594,323.91748046875,176.2285614013672,175.71875,351.44305419921875,0,9.098124504089355,0.3800555705776136,1.6676995476941232,-0.14833133318376757,-0.8983600416417299,0.7157308221505175,BFA
2,2021,DHS 2021,7,Pompoï,BFA.1.1.7_1,Boucle du Mouhoun,pompoï,230.03485459198106,325.3802185058594,323.91748046875,176.2285614013672,175.71875,221.27769470214844,0.012870215810835361,9.366874694824219,0.3800555705776136,0.2083323305700888,-0.040978443909261524,0.5845303754040201,0.7157308221505175,BFA
1,2010,DHS 2010,8,Poura,BFA.1.1.8_1,Boucle du Mouhoun,poura,113.81419867998109,263.67578125,262.3825378417969,105.27579498291016,105.06228637695313,268.8968811035156,0.025921571999788284,9.137499809265137,-0.9684007730301154,0.742221529730162,0.06650126029568446,-0.6810978229480058,-0.487201611491452,BFA
2,2021,DHS 2021,8,Poura,BFA.1.1.8_1,Boucle du Mouhoun,poura,113.81419867998109,263.67578125,262.3825378417969,105.27579498291016,105.06228637695313,192.33387756347656,0.06409862637519836,9.356249809265137,-0.9684007730301154,-0.1161753420842568,0.3732183719472228,0.5259051482565007,-0.487201611491452,BFA
1,2010,DHS 2010,9,Siby,BFA.1.1.9_1,Boucle du Mouhoun,siby,275.68009433865643,271.22674560546875,270.6310119628906,126.10922241210938,126.15210723876953,313.1435852050781,0,9.13085651397705,-0.8033859663434083,1.2382996697291624,-0.14833133318376757,-0.7177537184968452,-0.1339919084235421,BFA
2,2021,DHS 2021,9,Siby,BFA.1.1.9_1,Boucle du Mouhoun,siby,275.68009433865643,271.22674560546875,270.6310119628906,126.10922241210938,126.15210723876953,198.9440155029297,0.006847457028925419,9.35804271697998,-0.8033859663434083,-0.042064851806520295,-0.0910445545236118,0.5357979251200978,-0.1339919084235421,BFA
1,2010,DHS 2010,10,Yaho,BFA.1.1.10_1,Boucle du Mouhoun,yaho,381.0941598428096,312.3253173828125,311.6799011230469,194.60279846191406,194.49224853515625,352.63165283203125,9.656599104346242e-6,9.06701374053955,0.0947606223140254,1.6810256882721322,-0.14825026883973955,-1.0700207686865533,1.027247438334329,BFA
2,2021,DHS 2021,10,Yaho,BFA.1.1.10_1,Boucle du Mouhoun,yaho,381.0941598428096,312.3253173828125,311.6799011230469,194.60279846191406,194.49224853515625,230.55430603027344,0,9.340208053588867,0.0947606223140254,0.3123383619026553,-0.14833133318376757,0.4373911059040706,1.027247438334329,BFA
1,2010,DHS 2010,11,Balavé,BFA.1.2.1_1,Boucle du Mouhoun,balavé,545.69890222207,374.6372375488281,376.1484680175781,308.7879943847656,309.6675109863281,315.9737548828125,0,8.953703880310059,1.4564925781834268,1.270030514729264,-0.14833133318376757,-1.6952337422351906,2.963142013709618,BFA
2,2021,DHS 2021,11,Balavé,BFA.1.2.1_1,Boucle du Mouhoun,balavé,545.69890222207,374.6372375488281,376.1484680175781,308.7879943847656,309.6675109863281,149.27491760253906,0,9.202311515808105,1.4564925781834268,-0.5989369217644706,-0.14833133318376757,-0.32348446355967286,2.963142013709618,BFA
1,2010,DHS 2010,12,Kouka,BFA.1.2.2_1,Boucle du Mouhoun,kouka,789.3818423446646,319.8291320800781,320.31201171875,190.2557830810547,190.7809295654297,351.96173095703125,0,8.976083755493164,0.25874504514941715,1.6735147650419675,-0.14833133318376757,-1.5717476812468738,0.9535481866330456,BFA
2,2021,DHS 2021,12,Kouka,BFA.1.2.2_1,Boucle du Mouhoun,kouka,789.3818423446646,319.8291320800781,320.31201171875,190.2557830810547,190.7809295654297,200.51251220703125,0,9.26201343536377,0.25874504514941715,-0.024479430623978737,-0.14833133318376757,0.005934481767408077,0.9535481866330456,BFA
1,2010,DHS 2010,13,Sami,BFA.1.2.3_1,Boucle du Mouhoun,sami,665.1020277988424,421.6929016113281,430.67950439453125,298.0458679199219,305.0508728027344,348.3473815917969,0,8.924944877624512,2.4848223309473094,1.632991979292854,-0.14833133318376757,-1.8539180928195722,2.781020117931318,BFA
2,2021,DHS 2021,13,Sami,BFA.1.2.3_1,Boucle du Mouhoun,sami,665.1020277988424,421.6929016113281,430.67950439453125,298.0458679199219,305.0508728027344,175.68959045410156,0,9.179547309875488,2.4848223309473094,-0.30278510564710964,-0.14833133318376757,-0.4490911570352395,2.781020117931318,BFA
1,2010,DHS 2010,14,Sanaba,BFA.1.2.4_1,Boucle du Mouhoun,sanaba,925.1824378363926,278.4988098144531,278.3009033203125,189.2705535888672,189.3730010986328,304.44158935546875,0,9.105216026306152,-0.6444660968846437,1.140736020571376,-0.14833133318376757,-0.8592309518769912,0.9368446164897305,BFA
2,2021,DHS 2021,14,Sanaba,BFA.1.2.4_1,Boucle du Mouhoun,sanaba,925.1824378363926,278.4988098144531,278.3009033203125,189.2705535888672,189.3730010986328,128.4569091796875,0,9.366847038269043,-0.6444660968846437,-0.8323409482697359,-0.14833133318376757,0.5843777740587837,0.9368446164897305,BFA
1,2010,DHS 2010,15,Solenzo,BFA.1.2.5_1,Boucle du Mouhoun,solenzo,1910.7354474501167,312.9250183105469,313.0984802246094,278.04266357421875,278.031982421875,342.8762512207031,0.004028698895126581,8.994305610656738,0.10786617122159717,1.5716516324061267,-0.11457935581053667,-1.4712044431975377,2.4418860080320473,BFA
2,2021,DHS 2021,15,Solenzo,BFA.1.2.5_1,Boucle du Mouhoun,solenzo,1910.7354474501167,312.9250183105469,313.0984802246094,278.04266357421875,278.031982421875,163.54652404785156,0.0013044957304373384,9.249524116516113,0.10786617122159717,-0.43892880084460395,-0.1373875541428906,-0.0629781808951818,2.4418860080320473,BFA
1,2010,DHS 2010,16,Tansila,BFA.1.2.6_1,Boucle du Mouhoun,tansila,1091.4097657596485,408.4667663574219,409.844970703125,298.63458251953125,299.0832214355469,291.4172058105469,0,9.004666328430176,2.1957853219783936,0.9947113144425804,-0.14833133318376757,-1.414036822002793,2.7910011788789912,BFA
2,2021,DHS 2021,16,Tansila,BFA.1.2.6_1,Boucle du Mouhoun,tansila,1091.4097657596485,408.4667663574219,409.844970703125,298.63458251953125,299.0832214355469,140.51605224609375,0,9.260849952697754,2.1957853219783936,-0.6971381713887027,-0.14833133318376757,-4.8529896322415094e-4,2.7910011788789912,BFA
1,2010,DHS 2010,17,Barani,BFA.1.3.1_1,Boucle du Mouhoun,barani,1905.5625060973366,270.0149230957031,269.5951232910156,258.4988708496094,259.8938293457031,251.35308837890625,0,9.193766593933105,-0.8298684986099987,0.5455268325754223,-0.14833133318376757,-0.37063301712234886,2.1105407577826796,BFA
2,2021,DHS 2021,17,Barani,BFA.1.3.1_1,Boucle du Mouhoun,barani,1905.5625060973366,270.0149230957031,269.5951232910156,258.4988708496094,259.8938293457031,114.5015869140625,0,9.482839584350586,-0.8298684986099987,-0.9888030046689473,-0.14833133318376757,1.224393078095346,2.1105407577826796,BFA
1,2010,DHS 2010,18,Bomborokuy,BFA.1.3.2_1,Boucle du Mouhoun,bomborokuy,444.04783054459705,280.14324951171875,279.7554931640625,175.29176330566406,174.6572723388672,250.87582397460938,0,9.160930633544922,-0.6085293759602886,0.5401759156477371,-0.14833133318376757,-0.551812910840708,0.6998483573788242,BFA
2,2021,DHS 2021,18,Bomborokuy,BFA.1.3.2_1,Boucle du Mouhoun,bomborokuy,444.04783054459705,280.14324951171875,279.7554931640625,175.29176330566406,174.6572723388672,107.16521453857422,0,9.445908546447754,-0.6085293759602886,-1.0710557743671938,-0.14833133318376757,1.0206176610513025,0.6998483573788242,BFA
1,2010,DHS 2010,19,Bourasso,BFA.1.3.3_1,Boucle du Mouhoun,bourasso,698.9809474417182,266.0068054199219,266.5083312988281,168.8205108642578,168.4670867919922,268.08782958984375,2.3199518909677863e-4,9.2032470703125,-0.9174597958682889,0.7331507350073626,-0.14638401744292504,-0.3183223283984022,0.5901348135524714,BFA
2,2021,DHS 2021,19,Bourasso,BFA.1.3.3_1,Boucle du Mouhoun,bourasso,698.9809474417182,266.0068054199219,266.5083312988281,168.8205108642578,168.4670867919922,119.2621078491211,0,9.49045467376709,-0.9174597958682889,-0.9354297553198105,-0.14833133318376757,1.2664110691888693,0.5901348135524714,BFA
1,2010,DHS 2010,20,Djibasso,BFA.1.3.4_1,Boucle du Mouhoun,djibasso,896.079061163278,368.4476013183594,368.36431884765625,215.8187713623047,216.58033752441406,246.17425537109375,0,9.013084411621094,1.3212275209073838,0.4874636186468999,-0.14833133318376757,-1.3675881297820631,1.3869428131789392,BFA
2,2021,DHS 2021,20,Djibasso,BFA.1.3.4_1,Boucle du Mouhoun,djibasso,896.079061163278,368.4476013183594,368.36431884765625,215.8187713623047,216.58033752441406,119.0111083984375,6.891225348226726e-4,9.311666488647461,1.3212275209073838,-0.9382438709282879,-0.14254831415307936,0.2799065176201679,1.3869428131789392,BFA
1,2010,DHS 2010,21,Dokuy,BFA.1.3.5_1,Boucle du Mouhoun,dokuy,769.0785259546611,306.6933288574219,306.9949951171875,231.1961212158203,231.79855346679688,295.9303283691406,0,9.04406452178955,-0.02831789508170313,1.045310822132819,-0.14833133318376757,-1.1966483125405976,1.6476502361025034,BFA
2,2021,DHS 2021,21,Dokuy,BFA.1.3.5_1,Boucle du Mouhoun,dokuy,769.0785259546611,306.6933288574219,306.9949951171875,231.1961212158203,231.79855346679688,127.42854309082031,0,9.306110382080078,-0.02831789508170313,-0.8438706191675344,-0.14833133318376757,0.24924943357372248,1.6476502361025034,BFA
1,2010,DHS 2010,22,Doumbala,BFA.1.3.6_1,Boucle du Mouhoun,doumbala,517.2496323211077,324.25286865234375,324.19818115234375,222.0663299560547,222.0577850341797,258.41693115234375,0,9.037927627563477,0.3554190593469074,0.6247240983480047,-0.14833133318376757,-1.230510024837006,1.492863853934096,BFA
2,2021,DHS 2021,22,Doumbala,BFA.1.3.6_1,Boucle du Mouhoun,doumbala,517.2496323211077,324.25286865234375,324.19818115234375,222.0663299560547,222.0577850341797,100.98126220703125,0,9.300374031066895,0.3554190593469074,-1.1403880248198548,-0.14833133318376757,0.21759780972556442,1.492863853934096,BFA
1,2010,DHS 2010,23,Kombori,BFA.1.3.7_1,Boucle du Mouhoun,kombori,216.61151499768118,325.5189208984375,325.86895751953125,286.4151306152344,287.3871154785156,238.7264404296875,0,9.183075904846191,0.3830866997712889,0.403961394962422,-0.14833133318376757,-0.4296213302292237,2.5838327235954335,BFA
2,2021,DHS 2021,23,Kombori,BFA.1.3.7_1,Boucle du Mouhoun,kombori,216.61151499768118,325.5189208984375,325.86895751953125,286.4151306152344,287.3871154785156,118.70713806152344,0,9.475255012512207,0.3830866997712889,-0.9416518770705097,-0.14833133318376757,1.182543474693118,2.5838327235954335,BFA
1,2010,DHS 2010,24,Madouba,BFA.1.3.8_1,Boucle du Mouhoun,madouba,173.56839409976183,364.9397277832031,364.09722900390625,188.14341735839844,187.43179321289063,238.72735595703125,0,9.011250495910645,1.2445682961997484,0.4039716595258743,-0.14833133318376757,-1.3777071776058383,0.9177351610420412,BFA
2,2021,DHS 2021,24,Madouba,BFA.1.3.8_1,Boucle du Mouhoun,madouba,173.56839409976183,364.9397277832031,364.09722900390625,188.14341735839844,187.43179321289063,115.92276000976563,0,9.3125,1.2445682961997484,-0.9728693228219387,-0.14833133318376757,0.28450560643866996,0.9177351610420412,BFA
1,2010,DHS 2010,25,Nouna,BFA.1.3.9_1,Boucle du Mouhoun,nouna,1493.8105231229117,268.6002502441406,268.3747253417969,171.81509399414063,173.34652709960938,262.2232971191406,0.007775655947625637,9.186429977416992,-0.8607840156401446,0.667399705205181,-0.08330911419887901,-0.41111447053280276,0.640904943513691,BFA
2,2021,DHS 2021,25,Nouna,BFA.1.3.9_1,Boucle du Mouhoun,nouna,1493.8105231229117,268.6002502441406,268.3747253417969,171.81509399414063,173.34652709960938,108.040283203125,0.006692120339721441,9.471085548400879,-0.8607840156401446,-1.0612448190814545,-0.09233979867032036,1.1595375063699016,0.640904943513691,BFA
1,2010,DHS 2010,26,Sono,BFA.1.3.10_1,Boucle du Mouhoun,sono,391.0164357987336,257.30487060546875,257.4415283203125,190.61773681640625,191.2627716064453,238.04319763183594,0,9.214957237243652,-1.1076273060840311,0.3963011223340265,-0.14833133318376757,-0.2537088139791947,0.9596847463432671,BFA
2,2021,DHS 2021,26,Sono,BFA.1.3.10_1,Boucle du Mouhoun,sono,391.0164357987336,257.30487060546875,257.4415283203125,190.61773681640625,191.2627716064453,103.04242706298828,0,9.486583709716797,-1.1076273060840311,-1.117278985429543,-0.14833133318376757,1.2450521429711345,0.9596847463432671,BFA
1,2010,DHS 2010,27,Bondokuy,BFA.1.4.1_1,Boucle du Mouhoun,bondokuy,1078.4248409529207,322.1830139160156,322.1394958496094,168.65155029296875,168.48947143554688,344.31536865234375,0.001910073566250503,9.021162033081055,0.3101855417317196,1.5877864996968003,-0.1323120372450141,-1.3230180127423459,0.5872702578561989,BFA
2,2021,DHS 2021,27,Bondokuy,BFA.1.4.1_1,Boucle du Mouhoun,bondokuy,1078.4248409529207,322.1830139160156,322.1394958496094,168.65155029296875,168.48947143554688,198.720947265625,8.170714718289673e-4,9.300739288330078,0.3101855417317196,-0.044565812691673715,-0.14147502310364246,0.2196131999057547,0.5872702578561989,BFA
1,2010,DHS 2010,28,Dedougou,BFA.1.4.2_1,Boucle du Mouhoun,dedougou,1358.8696488278229,283.431884765625,282.6844177246094,143.2548370361328,144.3798828125,289.0716552734375,0.026075148954987526,9.150330543518066,-0.536661269432491,0.9684138450298975,0.06775783164930967,-0.61030132298905,0.1566946562739359,BFA
2,2021,DHS 2021,28,Dedougou,BFA.1.4.2_1,Boucle du Mouhoun,dedougou,1358.8696488278229,283.431884765625,282.6844177246094,143.2548370361328,144.3798828125,140.4097900390625,0.06034236401319504,9.416106224060059,-0.536661269432491,-0.6983295450533998,0.34353252375985743,0.8561765562707639,0.1566946562739359,BFA
1,2010,DHS 2010,29,Douroula,BFA.1.4.3_1,Boucle du Mouhoun,douroula,478.2484846707506,272.6750183105469,272.11907958984375,121.11811828613281,120.41305541992188,261.6446228027344,0.0012556527508422732,9.20100212097168,-0.7717361757726163,0.6609118167990958,-0.13779705455549918,-0.3307093479393106,-0.2186110337358942,BFA
2,2021,DHS 2021,29,Douroula,BFA.1.4.3_1,Boucle du Mouhoun,douroula,478.2484846707506,272.6750183105469,272.11907958984375,121.11811828613281,120.41305541992188,134.71725463867188,0.001378294313326478,9.46107006072998,-0.7717361757726163,-0.7621522055350091,-0.136768863396831,1.1042747709329346,-0.2186110337358942,BFA
1,2010,DHS 2010,30,Kona,BFA.1.4.4_1,Boucle du Mouhoun,kona,613.7973835845833,313.285888671875,313.5744323730469,193.8971710205078,192.85675048828125,339.9003601074219,0.021633945405483246,9.1369171142578125,0.11575244244606596,1.5382870110565336,0.031343624079771606,-0.6843129754286749,1.0152842383326648,BFA
2,2021,DHS 2021,30,Kona,BFA.1.4.4_1,Boucle du Mouhoun,kona,613.7973835845833,313.285888671875,313.5744323730469,193.8971710205078,192.85675048828125,182.10577392578125,0.019727284088730812,9.410297393798828,0.11575244244606596,-0.23084916313674336,0.01566198034953838,0.8241250116557796,1.0152842383326648,BFA
1,2010,DHS 2010,31,Ouarkoye,BFA.1.4.5_1,Boucle du Mouhoun,ouarkoye,1074.3584582354592,304.4130859375,305.03302001953125,214.948974609375,213.40713500976563,341.1619873046875,0,9.086071968078613,-0.07814912549363405,1.552431921645921,-0.14833133318376757,-0.9648626554726563,1.372196288447193,BFA
2,2021,DHS 2021,31,Ouarkoye,BFA.1.4.5_1,Boucle du Mouhoun,ouarkoye,1074.3584582354592,304.4130859375,305.03302001953125,214.948974609375,213.40713500976563,169.03907775878906,2.0360262715257704e-4,9.344633102416992,-0.07814912549363405,-0.37734826317309267,-0.1466223140018832,0.46180732114188494,1.372196288447193,BFA
1,2010,DHS 2010,32,Safane,BFA.1.4.6_1,Boucle du Mouhoun,safane,986.9847119678722,310.7419128417969,310.4523010253906,155.359130859375,155.22291564941406,308.7849426269531,1.1877216456923634e-4,9.14057731628418,0.060157731617910146,1.1894321360454425,-0.14733432976098626,-0.6641169767039483,0.36191072269812685,BFA
2,2021,DHS 2021,32,Safane,BFA.1.4.6_1,Boucle du Mouhoun,safane,986.9847119678722,310.7419128417969,310.4523010253906,155.359130859375,155.22291564941406,185.09844970703125,0.008817753754556179,9.416236877441406,0.060157731617910146,-0.19729635812385812,-0.07463294644781293,0.8568974660741218,0.36191072269812685,BFA
1,2010,DHS 2010,33,Tchériba,BFA.1.4.7_1,Boucle du Mouhoun,tchériba,1313.7561837244532,277.0514221191406,277.0854187011719,101.2934341430664,100.73116302490234,247.29324340820313,0,9.179481506347656,-0.6760965469171263,0.5000093102504186,-0.14833133318376757,-0.4494542429945949,-0.5547185140525276,BFA
2,2021,DHS 2021,33,Tchériba,BFA.1.4.7_1,Boucle du Mouhoun,tchériba,1313.7561837244532,277.0514221191406,277.0854187011719,101.2934341430664,100.73116302490234,160.92857360839844,0,9.43447494506836,-0.6760965469171263,-0.4682803200364619,-0.14833133318376757,0.9575301600844585,-0.5547185140525276,BFA
1,2010,DHS 2010,34,Gassan,BFA.1.5.1_1,Boucle du Mouhoun,gassan,1034.2928935139437,271.7501525878906,271.58575439453125,155.14703369140625,155.11184692382813,243.0418243408203,0.002200010698288679,9.229374885559082,-0.7919477052211366,0.45234392802302076,-0.1298830790972114,-0.17415615407288484,0.35831482960879346,BFA
2,2021,DHS 2021,34,Gassan,BFA.1.5.1_1,Boucle du Mouhoun,gassan,1034.2928935139437,271.7501525878906,271.58575439453125,155.14703369140625,155.11184692382813,121.82023620605469,0.0016482035862281919,9.479374885559082,-0.7919477052211366,-0.9067489398115317,-0.1345064660820156,1.2052758130179797,0.35831482960879346,BFA
1,2010,DHS 2010,35,Gossina,BFA.1.5.2_1,Boucle du Mouhoun,gossina,417.64347001670757,275.3507995605469,275.27069091796875,139.5119171142578,139.97642517089844,225.7467041015625,0,9.222919464111328,-0.7132610585665763,0.25843725737798384,-0.14833133318376757,-0.20977541289718776,0.09323723244363873,BFA
2,2021,DHS 2021,35,Gossina,BFA.1.5.2_1,Boucle du Mouhoun,gossina,417.64347001670757,275.3507995605469,275.27069091796875,139.5119171142578,139.97642517089844,150.56500244140625,6.138518219813704e-4,9.472369194030762,-0.7132610585665763,-0.5844729543277741,-0.14317978157784358,1.1666203136350088,0.09323723244363873,BFA
1,2010,DHS 2010,36,Kougny,BFA.1.5.3_1,Boucle du Mouhoun,kougny,334.7112536162395,289.89508056640625,289.34722900390625,123.08509063720703,123.31459045410156,240.42135620117188,0,9.230024337768555,-0.39541798507347653,0.42296418128166896,-0.14833133318376757,-0.17057265351750736,-0.18526300579249508,BFA
2,2021,DHS 2021,36,Kougny,BFA.1.5.3_1,Boucle du Mouhoun,kougny,334.7112536162395,289.89508056640625,289.34722900390625,123.08509063720703,123.31459045410156,131.76593017578125,3.421340952627361e-4,9.48225212097168,-0.39541798507347653,-0.7952413944319653,-0.1454596941988451,1.221151615037912,-0.18526300579249508,BFA
1,2010,DHS 2010,37,Toma,BFA.1.5.4_1,Boucle du Mouhoun,toma,439.35561121708906,285.8786315917969,285.971435546875,89.89311218261719,90.48524475097656,237.2091522216797,0.009393432177603245,9.233736038208008,-0.4831913501579215,0.3869501050289792,-0.06984387718436237,-0.15009250056371995,-0.7479994491369386,BFA
2,2021,DHS 2021,37,Toma,BFA.1.5.4_1,Boucle du Mouhoun,toma,439.35561121708906,285.8786315917969,285.971435546875,89.89311218261719,90.48524475097656,141.2519989013672,0.024781957268714905,9.498686790466309,-0.4831913501579215,-0.6888870020575696,0.05717101667572712,1.3118336489157687,-0.7479994491369386,BFA
1,2010,DHS 2010,38,Yaba,BFA.1.5.5_1,Boucle du Mouhoun,yaba,742.7363652301855,289.9822082519531,290.08953857421875,96.61199188232422,97.10688018798828,229.70132446289063,4.4539739610627294e-4,9.233283996582031,-0.393513942422664,0.30277503921020293,-0.1445931658114559,-0.15258674324103116,-0.6340876354544529,BFA
2,2021,DHS 2021,38,Yaba,BFA.1.5.5_1,Boucle du Mouhoun,yaba,742.7363652301855,289.9822082519531,290.08953857421875,96.61199188232422,97.10688018798828,125.84078216552734,3.0622800113633275e-4,9.496685028076172,-0.393513942422664,-0.8616720238727181,-0.14576101919905923,1.3007884687898694,-0.6340876354544529,BFA
1,2010,DHS 2010,39,Ye,BFA.1.5.6_1,Boucle du Mouhoun,ye,766.6656622410279,282.25274658203125,281.4877624511719,151.86068725585938,151.29452514648438,241.8609161376953,0,9.210421562194824,-0.5624295356118589,0.4391040097780113,-0.14833133318376757,-0.2787354345979544,0.3025981477223117,BFA
2,2021,DHS 2021,39,Ye,BFA.1.5.6_1,Boucle du Mouhoun,ye,766.6656622410279,282.25274658203125,281.4877624511719,151.86068725585938,151.29452514648438,139.0560302734375,0,9.46379280090332,-0.5624295356118589,-0.713507412878204,-0.14833133318376757,1.1192981102656847,0.3025981477223117,BFA
1,2010,DHS 2010,40,Di,BFA.1.6.1_1,Boucle du Mouhoun,di,290.2926918974123,258.8444519042969,259.0146789550781,174.42031860351563,175.23548889160156,255.00579833984375,0.026463506743311882,9.257500648498535,-1.0739821054917922,0.5864797035331872,0.07093454803160575,-0.018965848082880203,0.6850738933338659,BFA
2,2021,DHS 2021,40,Di,BFA.1.6.1_1,Boucle du Mouhoun,di,290.2926918974123,258.8444519042969,259.0146789550781,174.42031860351563,175.23548889160156,120.06537628173828,0.005203045904636383,9.489999771118164,-1.0739821054917922,-0.9264237984228181,-0.1047663009270201,1.263901040165499,0.6850738933338659,BFA
1,2010,DHS 2010,41,Gomboro,BFA.1.6.2_1,Boucle du Mouhoun,gomboro,484.8542708941714,304.10650634765625,303.81683349609375,112.56065368652344,112.65766143798828,215.84408569335938,0,9.264054298400879,-0.08484895473008339,0.14741265970884823,-0.14833133318376757,0.01719540862277936,-0.36369419590468177,BFA
2,2021,DHS 2021,41,Gomboro,BFA.1.6.2_1,Boucle du Mouhoun,gomboro,484.8542708941714,304.10650634765625,303.81683349609375,112.56065368652344,112.65766143798828,112.24383544921875,0,9.476369857788086,-0.08484895473008339,-1.0141161024465546,-0.14833133318376757,1.1886948875407484,-0.36369419590468177,BFA
1,2010,DHS 2010,42,Kassoum,BFA.1.6.3_1,Boucle du Mouhoun,kassoum,685.7169305840324,267.19744873046875,267.1982116699219,145.85923767089844,144.42308044433594,225.06399536132813,0.0031969803385436535,9.2544527053833,-0.8914401026908978,0.25078297241160213,-0.12153629127947181,-0.03578356875099545,0.20084963643750472,BFA
2,2021,DHS 2021,42,Kassoum,BFA.1.6.3_1,Boucle du Mouhoun,kassoum,685.7169305840324,267.19744873046875,267.1982116699219,145.85923767089844,144.42308044433594,110.44843292236328,0,9.488848686218262,-0.8914401026908978,-1.0342455101427204,-0.14833133318376757,1.2575496669344555,0.20084963643750472,BFA
1,2010,DHS 2010,43,Kiembara,BFA.1.6.4_1,Boucle du Mouhoun,kiembara,743.5979035882809,308.26898193359375,307.3966369628906,74.74952697753906,75.63780975341797,221.5950164794922,0,9.256875038146973,0.006115599175425655,0.2118900282626567,-0.14833133318376757,-0.02241779575443327,-1.0047436287418992,BFA
2,2021,DHS 2021,43,Kiembara,BFA.1.6.4_1,Boucle du Mouhoun,kiembara,743.5979035882809,308.26898193359375,307.3966369628906,74.74952697753906,75.63780975341797,120.072265625,8.702485356479883e-4,9.466875076293945,0.006115599175425655,-0.9263465575828396,-0.1410289912457358,1.136305267086507,-1.0047436287418992,BFA
1,2010,DHS 2010,44,Lanfièra,BFA.1.6.5_1,Boucle du Mouhoun,lanfièra,283.319396928862,262.173583984375,262.3094787597656,181.0804443359375,181.85275268554688,226.02769470214844,0.016173003241419792,9.233710289001465,-1.0012290026075574,0.2615876229775529,-0.013649209081663827,-0.15023457767825033,0.7979895928911374,BFA
2,2021,DHS 2021,44,Lanfièra,BFA.1.6.5_1,Boucle du Mouhoun,lanfièra,283.319396928862,262.173583984375,262.3094787597656,181.0804443359375,181.85275268554688,101.98944854736328,0,9.481013298034668,-1.0012290026075574,-1.1290846020081509,-0.14833133318376757,1.2143161271943945,0.7979895928911374,BFA
1,2010,DHS 2010,45,Lankouè,BFA.1.6.6_1,Boucle du Mouhoun,lankouè,293.580038971288,326.70404052734375,326.851806640625,74.84801483154297,75.38834381103516,206.06617736816406,0,9.252647399902344,0.4089856813130243,0.037786266657973716,-0.14833133318376757,-0.04574475311418136,-1.0030738667314603,BFA
2,2021,DHS 2021,45,Lankouè,BFA.1.6.6_1,Boucle du Mouhoun,lankouè,293.580038971288,326.70404052734375,326.851806640625,74.84801483154297,75.38834381103516,117.74475860595703,7.495222962461412e-4,9.476655006408691,0.4089856813130243,-0.9524417295574834,-0.14204163771881245,1.1902682600312886,-1.0030738667314603,BFA
1,2010,DHS 2010,46,Toeni,BFA.1.6.7_1,Boucle du Mouhoun,toeni,1496.7405562424633,267.7996826171875,267.8182067871094,181.80577087402344,180.45932006835938,227.941162109375,0,9.270124435424805,-0.878279199828854,0.2830407316689219,-0.14833133318376757,0.050688772844479466,0.810286771164624,BFA
2,2021,DHS 2021,46,Toeni,BFA.1.6.7_1,Boucle du Mouhoun,toeni,1496.7405562424633,267.7996826171875,267.8182067871094,181.80577087402344,180.45932006835938,116.0645523071289,0.0017123620491474867,9.50019645690918,-0.878279199828854,-0.9712795985572634,-0.13396877529716822,1.3201635775195317,0.810286771164624,BFA
1,2010,DHS 2010,47,Tougan,BFA.1.6.8_1,Boucle du Mouhoun,tougan,1766.8643828819495,293.6648864746094,293.3740234375,108.69966125488281,109.08980560302734,215.78497314453125,0.004655827768146992,9.251909255981445,-0.3130346279413493,0.1467499110619446,-0.10933752692760687,-0.04981763039738574,-0.4291534197871561,BFA
2,2021,DHS 2021,47,Tougan,BFA.1.6.8_1,Boucle du Mouhoun,tougan,1766.8643828819495,293.6648864746094,293.3740234375,108.69966125488281,109.08980560302734,111.60919189453125,0.012450934387743473,9.4800443649292,-0.3130346279413493,-1.0212314978316903,-0.0444542015990889,1.2089698179957697,-0.4291534197871561,BFA
1,2010,DHS 2010,48,Banfora,BFA.2.1.1_1,Cascades,banfora,939.1246647006909,304.2352600097656,306.196533203125,43.3814811706543,44.51513671875,344.5513916015625,0.07944352924823761,8.894329071044922,-0.08203523986361119,1.5904327041548039,0.49341085218167297,-2.0228477819962003,-1.536557137725151,BFA
2,2021,DHS 2021,48,Banfora,BFA.2.1.1_1,Cascades,banfora,939.1246647006909,304.2352600097656,306.196533203125,43.3814811706543,44.51513671875,295.99859619140625,0.2078050673007965,9.105395317077637,-0.08203523986361119,1.0460762164142456,1.436637078231079,-0.8582416741906315,-1.536557137725151,BFA
1,2010,DHS 2010,49,Beregadougou,BFA.2.1.2_1,Cascades,beregadougou,287.63783319227514,369.8451843261719,370.9455871582031,49.64379119873047,47.2815055847168,363.173095703125,0.02944253571331501,8.8725004196167,1.3517695654736226,1.799212556166169,0.09526272301893501,-2.1432923403104964,-1.4303860013121448,BFA
2,2021,DHS 2021,49,Beregadougou,BFA.2.1.2_1,Cascades,beregadougou,287.63783319227514,369.8451843261719,370.9455871582031,49.64379119873047,47.2815055847168,297.7970275878906,0.024102352559566498,9.069999694824219,1.3517695654736226,1.0662395827078328,0.0516020230327376,-1.0535450855163815,-1.4303860013121448,BFA
1,2010,DHS 2010,50,Mangodara,BFA.2.1.3_1,Cascades,mangodara,2575.8986001273306,275.21759033203125,274.4786682128906,260.7687683105469,261.71588134765625,322.9667663574219,0,8.971575736999512,-0.7161721430397101,1.3484336454427532,-0.14833133318376757,-1.5966217005203973,2.149024574758884,BFA
2,2021,DHS 2021,50,Mangodara,BFA.2.1.3_1,Cascades,mangodara,2575.8986001273306,275.21759033203125,274.4786682128906,260.7687683105469,261.71588134765625,380.91241455078125,6.182166398502886e-4,9.245442390441895,-0.7161721430397101,1.9980994219222055,-0.14314316258154886,-0.08550003460592437,2.149024574758884,BFA
1,2010,DHS 2010,51,Moussodougou,BFA.2.1.4_1,Cascades,moussodougou,299.72696033340094,491.5146484375,492.1473388671875,84.99787139892578,84.835052490234375,362.3464660644531,0,8.861673355102539,4.010670091929584,1.7899446818250855,-0.14833133318376757,-2.2030331359128468,-0.8309933083821153,BFA
2,2021,DHS 2021,51,Moussodougou,BFA.2.1.4_1,Cascades,moussodougou,299.72696033340094,491.5146484375,492.1473388671875,84.99787139892578,84.835052490234375,315.0165100097656,8.27925163321197e-4,9.063957214355469,4.010670091929584,1.259298229335652,-0.14138398395642118,-1.0868858483928454,-0.8309933083821153,BFA
1,2010,DHS 2010,52,Niangoloko,BFA.2.1.5_1,Cascades,niangoloko,2835.4330549798983,289.9740295410156,289.79168701171875,187.42706298828125,190.8948974609375,325.8890380859375,0.0038849085103720427,8.97127628326416,-0.39369267567324817,1.3811971055261565,-0.1157816827747103,-1.598274004741232,0.9055900968071537,BFA
2,2021,DHS 2021,52,Niangoloko,BFA.2.1.5_1,Cascades,niangoloko,2835.4330549798983,289.9740295410156,289.79168701171875,187.42706298828125,190.8948974609375,334.46429443359375,0.010405254550278187,9.23896598815918,-0.39369267567324817,1.4773397969500295,-0.061433141362279196,-0.12123505996799279,0.9055900968071537,BFA
1,2010,DHS 2010,53,Ouo,BFA.2.1.6_1,Cascades,ouo,2736.608220822045,337.0555114746094,336.34576416015625,191.58560180664063,192.30442810058594,335.0377197265625,0,8.968528747558594,0.6352012872771798,1.4837688351923213,-0.14833133318376757,-1.6134341590731596,0.9760939189084771,BFA
2,2021,DHS 2021,53,Ouo,BFA.2.1.6_1,Cascades,ouo,2736.608220822045,337.0555114746094,336.34576416015625,191.58560180664063,192.30442810058594,369.228759765625,1.1147244367748499e-4,9.24264144897461,0.6352012872771798,1.8671064846650762,-0.14739560203921165,-0.10095486739761851,0.9760939189084771,BFA
1,2010,DHS 2010,54,Sidéradougou,BFA.2.1.7_1,Cascades,sidéradougou,3888.511896752027,323.1322326660156,323.25653076171875,142.74034118652344,143.53076171875,354.1949768066406,9.638673509471118e-5,9.009744644165039,0.3309292694413075,1.698553114671168,-0.14752222963114048,-1.3860160577481893,0.1479718992101845,BFA
2,2021,DHS 2021,54,Sidéradougou,BFA.2.1.7_1,Cascades,sidéradougou,3888.511896752027,323.1322326660156,323.25653076171875,142.74034118652344,143.53076171875,362.9031677246094,5.456302897073328e-4,9.238760948181152,0.3309292694413075,1.7961862207083152,-0.14375215245992362,-0.1223664147688829,0.1479718992101845,BFA
1,2010,DHS 2010,55,Soubakaniédougou,BFA.2.1.8_1,Cascades,soubakaniédougou,871.6736253545795,310.1673889160156,310.9836120605469,85.44000244140625,85.20612335205078,317.4922790527344,0,8.886190414428711,0.047602387679487365,1.2870556618233675,-0.14833133318376757,-2.067754674418508,-0.8234974234749225,BFA
2,2021,DHS 2021,55,Soubakaniédougou,BFA.2.1.8_1,Cascades,soubakaniédougou,871.6736253545795,310.1673889160156,310.9836120605469,85.44000244140625,85.20612335205078,342.59716796875,0.001052052597515285,9.137979507446289,0.047602387679487365,1.5685226513137498,-0.13950425709041095,-0.6784509789254582,-0.8234974234749225,BFA
1,2010,DHS 2010,56,Tiéfora,BFA.2.1.9_1,Cascades,tiéfora,1090.255910943205,300.1435546875,300.3434753417969,89.58431243896484,90.39422607421875,358.0879821777344,0,8.926384925842285,-0.171453217619476,1.7422000913830473,-0.14833133318376757,-1.8459722986365765,-0.7532348366473979,BFA
2,2021,DHS 2021,56,Tiéfora,BFA.2.1.9_1,Cascades,tiéfora,1090.255910943205,300.1435546875,300.3434753417969,89.58431243896484,90.39422607421875,316.892822265625,6.259612273424864e-4,9.137733459472656,-0.171453217619476,1.280334767826915,-0.1430781891248873,-0.6798086046865264,-0.7532348366473979,BFA
1,2010,DHS 2010,57,Dakoro,BFA.2.2.1_1,Cascades,dakoro,415.7424098605688,316.1860046386719,316.29638671875,98.1763687133789,97.65867614746094,301.28253173828125,0,8.831443786621094,0.17913005265600196,1.1053178022270922,-0.14833133318376757,-2.3698316683715195,-0.6075652075985011,BFA
2,2021,DHS 2021,57,Dakoro,BFA.2.2.1_1,Cascades,dakoro,415.7424098605688,316.1860046386719,316.29638671875,98.1763687133789,97.65867614746094,343.428955078125,0,9.079534530639648,0.17913005265600196,1.5778483493622815,-0.14833133318376757,-1.0009344562173152,-0.6075652075985011,BFA
1,2010,DHS 2010,58,Douna,BFA.2.2.2_1,Cascades,douna,174.6867299679845,334.1535339355469,335.8782043457031,40.44246292114258,41.14366149902344,333.40667724609375,0,8.765000343322754,0.5717829952452824,1.46548217324993,-0.14833133318376757,-2.7364485071287965,-1.5863852213061687,BFA
2,2021,DHS 2021,58,Douna,BFA.2.2.2_1,Cascades,douna,174.6867299679845,334.1535339355469,335.8782043457031,40.44246292114258,41.14366149902344,309.61529541015625,0,9.00999927520752,0.5717829952452824,1.1987417529445654,-0.14833133318376757,-1.3846110729489445,-1.5863852213061687,BFA
1,2010,DHS 2010,59,Kankalaba,BFA.2.2.3_1,Cascades,kankalaba,314.72635407822054,505.27398681640625,507.5757141113281,71.97404479980469,71.48491668701172,351.61785888671875,0,8.765000343322754,4.311359441772404,1.6696593950092828,-0.14833133318376757,-2.7364485071287965,-1.051799123532634,BFA
2,2021,DHS 2021,59,Kankalaba,BFA.2.2.3_1,Cascades,kankalaba,314.72635407822054,505.27398681640625,507.5757141113281,71.97404479980469,71.48491668701172,327.6921081542969,0,9.010000228881836,4.311359441772404,1.4014124789412354,-0.14833133318376757,-1.3846058108335915,-1.051799123532634,BFA
1,2010,DHS 2010,60,Loumana,BFA.2.2.4_1,Cascades,loumana,439.2199046192257,364.9018249511719,369.2967834472656,117.44548797607422,117.23810577392578,311.89910888671875,0,8.766862869262695,1.2437399876280113,1.2243470486284482,-0.14833133318376757,-2.726171595844432,-0.2808767682484925,BFA
2,2021,DHS 2021,60,Loumana,BFA.2.2.4_1,Cascades,loumana,439.2199046192257,364.9018249511719,369.2967834472656,117.44548797607422,117.23810577392578,314.51983642578125,0,9.01194953918457,1.2437399876280113,1.2537297036627781,-0.14833133318376757,-1.373850047052106,-0.2808767682484925,BFA
1,2010,DHS 2010,61,Niankorodougou,BFA.2.2.5_1,Cascades,niankorodougou,658.7924600693324,NA,328.7150573730469,NA,120.67048645019531,288.501953125,0.0010069888085126877,8.836016654968262,NA,0.9620265493456449,-0.1398821672673159,-2.3445998252539932,NA,BFA
2,2021,DHS 2021,61,Niankorodougou,BFA.2.2.5_1,Cascades,niankorodougou,658.7924600693324,NA,328.7150573730469,NA,120.67048645019531,316.5142517089844,0.14037957787513733,9.084525108337402,NA,1.2760903708393883,0.9544128503147614,-0.9733978065751853,NA,BFA
1,2010,DHS 2010,62,Oueleni,BFA.2.2.6_1,Cascades,oueleni,460.5827285009262,512.3001708984375,511.58978271484375,116.73161315917969,114.0894775390625,381.59033203125,0,8.762001037597656,4.464905976156704,2.00569998900652,-0.14833133318376757,-2.7529978599139096,-0.29297979416488956,BFA
2,2021,DHS 2021,62,Oueleni,BFA.2.2.6_1,Cascades,oueleni,460.5827285009262,512.3001708984375,511.58978271484375,116.73161315917969,114.0894775390625,348.2994384765625,2.9637274565175176e-4,9.00649642944336,4.464905976156704,1.6324544583200684,-0.14584372668534373,-1.4039388226404297,-0.29297979416488956,BFA
1,2010,DHS 2010,63,Sindou,BFA.2.2.7_1,Cascades,sindou,404.53599496563606,409.6984558105469,414.4743347167969,64.65340423583984,66.04869842529297,333.10955810546875,8.196934359148145e-4,8.765000343322754,2.222702015984276,1.4621509802575428,-0.14145303036907392,-2.7364485071287965,-1.175913184392389,BFA
2,2021,DHS 2021,63,Sindou,BFA.2.2.7_1,Cascades,sindou,404.53599496563606,409.6984558105469,414.4743347167969,64.65340423583984,66.04869842529297,305.8892822265625,0.011796192266047001,9.010000228881836,2.222702015984276,1.1569670326063861,-0.0498847604988756,-1.3846058108335915,-1.175913184392389,BFA
1,2010,DHS 2010,64,Wolonkoto,BFA.2.2.8_1,Cascades,wolonkoto,256.114993221034,401.7656555175781,412.50909423828125,49.46231460571289,50.320106506347656,347.649169921875,0,8.818439483642578,2.0493427673897,1.6251638810520135,-0.14833133318376757,-2.441585873324717,-1.4334627535052897,BFA
2,2021,DHS 2021,64,Wolonkoto,BFA.2.2.8_1,Cascades,wolonkoto,256.114993221034,401.7656555175781,412.50909423828125,49.46231460571289,50.320106506347656,310.6876525878906,0,9.039826393127441,2.0493427673897,1.210764636116247,-0.14833133318376757,-1.2200331531692283,-1.4334627535052897,BFA
1,2010,DHS 2010,65,Komki-Ipala,BFA.7.1.1_1,Centre,komki ipala,221.98223659608246,332.1571044921875,333.3410949707031,61.35115432739258,61.215919494628906,167.90664672851563,0,9.161250114440918,0.5281540753946674,-0.39004467278330274,-0.14833133318376757,-0.5500501021974608,-1.2318994935862344,BFA
2,2021,DHS 2021,65,Komki-Ipala,BFA.7.1.1_1,Centre,komki ipala,221.98223659608246,332.1571044921875,333.3410949707031,61.35115432739258,61.215919494628906,153.7695770263672,0.00655673211440444,9.366250038146973,0.5281540753946674,-0.5485444161038535,-0.09346886953127959,0.58108368984782,-1.2318994935862344,BFA
1,2010,DHS 2010,66,Komsilga,BFA.7.1.2_1,Centre,komsilga,318.77344082541146,314.8974914550781,317.37615966796875,72.03535461425781,74.68981170654297,158.31655883789063,0.09071165323257446,9.1636810302734375,0.15097156270762807,-0.49756529064193744,0.5805879672474727,-0.5366369701627217,-1.0507596776022066,BFA
2,2021,DHS 2021,66,Komsilga,BFA.7.1.2_1,Centre,komsilga,318.77344082541146,314.8974914550781,317.37615966796875,72.03535461425781,74.68981170654297,149.7010040283203,0.467764675617218,9.368861198425293,0.15097156270762807,-0.5941597939337692,3.073075195415028,0.5954913616842716,-1.0507596776022066,BFA
1,2010,DHS 2010,67,Koubri,BFA.7.1.3_1,Centre,koubri,640.2903876325829,292.8915100097656,284.5863037109375,116.86711120605469,140.60658264160156,152.56004333496094,0.0036560024600476027,9.195000648498535,-0.32993559076337786,-0.562105273032805,-0.11769607372548742,-0.36382383985559635,-0.2906825617452291,BFA
2,2021,DHS 2021,67,Koubri,BFA.7.1.3_1,Centre,koubri,640.2903876325829,292.8915100097656,284.5863037109375,116.86711120605469,140.60658264160156,140.2667694091797,0.032384902238845825,9.40250015258789,-0.32993559076337786,-0.699933040940707,0.11922248583264815,0.7811019565298377,-0.2906825617452291,BFA
1,2010,DHS 2010,68,Ouagadougou,BFA.7.1.4_1,Centre,ouagadougou,521.7971569686707,306.9972839355469,307.3838806152344,64.92740631103516,65.46589660644531,152.97418212890625,6.067052364349365,9.1724214553833,-0.02167542054506811,-0.5574620977551561,16.267127768263606,-0.4884096829526854,-1.1712677561761904,BFA
2,2021,DHS 2021,68,Ouagadougou,BFA.7.1.4_1,Centre,ouagadougou,521.7971569686707,306.9972839355469,307.3838806152344,64.92740631103516,65.46589660644531,154.53787231445313,8.044994354248047,9.37824821472168,-0.02167542054506811,-0.5399305655307391,18.338683634234755,0.6472863631036265,-1.1712677561761904,BFA
1,2010,DHS 2010,69,Pabre,BFA.7.1.5_1,Centre,pabre,410.04044403821206,306.9527282714844,307.8952331542969,77.93241119384766,87.31861114501953,155.02230834960938,0.011222883127629757,9.203207015991211,-0.022649116611683284,-0.534499242856011,-0.05464278486255255,-0.3185433372432272,-0.950781044200182,BFA
2,2021,DHS 2021,69,Pabre,BFA.7.1.5_1,Centre,pabre,410.04044403821206,306.9527282714844,307.8952331542969,77.93241119384766,87.31861114501953,163.8828582763672,0.09953267872333527,9.417536735534668,-0.022649116611683284,-0.43515794238434324,0.6482066371099194,0.8640697293002297,-0.950781044200182,BFA
1,2010,DHS 2010,70,Saaba,BFA.7.1.6_1,Centre,saaba,449.67817945864186,294.8068542480469,292.2125244140625,80.91478729248047,90.21795654296875,150.02261352539063,0.10164712369441986,9.195487022399902,-0.28807866437097956,-0.590554023869033,0.664334572122651,-0.36114016102557794,-0.9002178721146075,BFA
2,2021,DHS 2021,70,Saaba,BFA.7.1.6_1,Centre,saaba,449.67817945864186,294.8068542480469,292.2125244140625,80.91478729248047,90.21795654296875,144.91151428222656,0.5001475214958191,9.40300464630127,-0.28807866437097956,-0.6478578311781426,3.2562724507257346,0.7838856155515627,-0.9002178721146075,BFA
1,2010,DHS 2010,71,Tanghin-Dassouri,BFA.7.1.7_1,Centre,tanghin dassouri,317.7549896793796,333.4394226074219,340.4234619140625,61.02655792236328,59.7281494140625,158.43968200683594,0.060242943465709686,9.161250114440918,0.556177181574875,-0.49618487793366034,0.34274537255241394,-0.5500501021974608,-1.2374026975226458,BFA
2,2021,DHS 2021,71,Tanghin-Dassouri,BFA.7.1.7_1,Centre,tanghin dassouri,317.7549896793796,333.4394226074219,340.4234619140625,61.02655792236328,59.7281494140625,161.30531311035156,0.12361922115087509,9.366250038146973,0.556177181574875,-0.4640564521758396,0.8301181066703878,0.58108368984782,-1.2374026975226458,BFA
1,2010,DHS 2010,72,Bagre,BFA.3.1.1_1,Centre-Est,bagre,571.0882798756634,256.1966857910156,255.20758056640625,97.44828033447266,98.38936614990234,219.98756408691406,0.006724740378558636,9.177777290344238,-1.13184499462307,0.1938678499052197,-0.09206778637447655,-0.4588576431303652,-0.6199092100913524,BFA
2,2021,DHS 2021,72,Bagre,BFA.3.1.1_1,Centre-Est,bagre,571.0882798756634,256.1966857910156,255.20758056640625,97.44828033447266,98.38936614990234,189.02914428710938,0.011499193497002125,9.380882263183594,-1.13184499462307,-0.1532268235498592,-0.05234928491279837,0.6618203257085497,-0.6199092100913524,BFA
1,2010,DHS 2010,73,Bane,BFA.3.1.2_1,Centre-Est,bane,452.83465314004303,250.6300811767578,249.5757598876953,173.87521362304688,176.72215270996094,217.03924560546875,0,9.1576995849609375,-1.2534946463867964,0.1608123629915985,-0.14833133318376757,-0.569640957656595,0.6758321893969345,BFA
2,2021,DHS 2021,73,Bane,BFA.3.1.2_1,Centre-Est,bane,452.83465314004303,250.6300811767578,249.5757598876953,173.87521362304688,176.72215270996094,176.877197265625,0,9.358202934265137,-1.2534946463867964,-0.2894700850128409,-0.14833133318376757,0.5366819604993981,0.6758321893969345,BFA
1,2010,DHS 2010,74,Beguedo,BFA.3.1.3_1,Centre-Est,beguedo,34.211520170737764,245.1867218017578,245.46139526367188,37.6422119140625,38.36531066894531,184.72897338867188,0.030747614800930023,9.194375038146973,-1.3724509614621494,-0.2014387937810922,0.10589845404299139,-0.3672757875271494,-1.6338606465614545,BFA
2,2021,DHS 2021,74,Beguedo,BFA.3.1.3_1,Centre-Est,beguedo,34.211520170737764,245.1867218017578,245.46139526367188,37.6422119140625,38.36531066894531,150.82186889648438,0.09574248641729355,9.403124809265137,-1.3724509614621494,-0.5815930599751732,0.6192191561596664,0.7845486420860378,-1.6338606465614545,BFA
1,2010,DHS 2010,75,Bissiga,BFA.3.1.4_1,Centre-Est,bissiga,268.21914237943224,279.82879638671875,281.2044677734375,148.55523681640625,148.0627899169922,196.77017211914063,0,9.159794807434082,-0.6154012692961808,-0.06643720234372402,-0.14833133318376757,-0.5580800902261039,0.2465575767604454,BFA
2,2021,DHS 2021,75,Bissiga,BFA.3.1.4_1,Centre-Est,bissiga,268.21914237943224,279.82879638671875,281.2044677734375,148.55523681640625,148.0627899169922,147.6605682373047,0,9.3634185791015625,-0.6154012692961808,-0.617036426499915,-0.14833133318376757,0.5654604693648305,0.2465575767604454,BFA
1,2010,DHS 2010,76,Bittou,BFA.3.1.5_1,Centre-Est,bittou,1339.589461346099,231.4261932373047,232.0620574951172,85.95112609863281,87.69134521484375,230.1329803466797,0.006692424416542053,9.150888442993164,-1.6731663209944199,0.30761460980190586,-0.09233726299088486,-0.6072229855075584,-0.8148318385243181,BFA
2,2021,DHS 2021,76,Bittou,BFA.3.1.5_1,Centre-Est,bittou,1339.589461346099,231.4261932373047,232.0620574951172,85.95112609863281,87.69134521484375,192.7235565185547,0.00537390960380435,9.345697402954102,-1.6731663209944199,-0.11180640172684193,-0.10333948854874508,0.4676798418758076,-0.8148318385243181,BFA
1,2010,DHS 2010,77,Boussouma,BFA.3.1.6_1,Centre-Est,boussouma,386.9241013448907,260.8651123046875,259.24737548828125,77.5771484375,86.54197692871094,202.6441192626953,0,9.194375038146973,-1.0298236550405657,-5.806186140412092e-4,-0.14833133318376757,-0.3672757875271494,-0.9568041651248154,BFA
2,2021,DHS 2021,77,Boussouma,BFA.3.1.6_1,Centre-Est,boussouma,386.9241013448907,260.8651123046875,259.24737548828125,77.5771484375,86.54197692871094,175.1541748046875,8.735478622838855e-4,9.403124809265137,-1.0298236550405657,-0.30878799343007346,-0.141001318351372,0.7845486420860378,-0.9568041651248154,BFA
1,2010,DHS 2010,78,Garango,BFA.3.1.7_1,Centre-Est,garango,446.79130959003993,278.2900695800781,278.0335998535156,62.81563186645508,63.6554069519043,186.6364288330078,0.008501806296408176,9.193320274353027,-0.6490277962652244,-0.1800530890563933,-0.0772624752559804,-0.3730956871075422,-1.2070707572450932,BFA
2,2021,DHS 2021,78,Garango,BFA.3.1.7_1,Centre-Est,garango,446.79130959003993,278.2900695800781,278.0335998535156,62.81563186645508,63.6554069519043,157.93896484375,0.011840262450277805,9.401961326599121,-0.6490277962652244,-0.5017987387617819,-0.04951912350047094,0.7781288613554056,-1.2070707572450932,BFA
1,2010,DHS 2010,79,Komtoega,BFA.3.1.8_1,Centre-Est,komtoega,201.41769560357122,262.9660339355469,263.2637023925781,71.68968200683594,72.5713882446289,175.25814819335938,0.0011238118167966604,9.194375038146973,-0.9839112178392039,-0.30762228117400703,-0.13890251104226045,-0.3672757875271494,-1.0566202072457864,BFA
2,2021,DHS 2021,79,Komtoega,BFA.3.1.8_1,Centre-Est,komtoega,201.41769560357122,262.9660339355469,263.2637023925781,71.68968200683594,72.5713882446289,148.6903076171875,0,9.403124809265137,-0.9839112178392039,-0.6054913587569382,-0.14833133318376757,0.7845486420860378,-1.0566202072457864,BFA
1,2010,DHS 2010,80,Niaogho,BFA.3.1.9_1,Centre-Est,niaogho,287.5136903304554,251.60549926757813,253.6967315673828,80.19657897949219,93.82353210449219,183.43917846679688,0.00171957619022578,9.194375038146973,-1.2321783720517365,-0.21589951077269545,-0.13390831812891071,-0.3672757875271494,-0.9123943680768585,BFA
2,2021,DHS 2021,80,Niaogho,BFA.3.1.9_1,Centre-Est,niaogho,287.5136903304554,251.60549926757813,253.6967315673828,80.19657897949219,93.82353210449219,153.33245849609375,0.0018221096834167838,9.403124809265137,-1.2321783720517365,-0.5534452319241552,-0.13304909663146164,0.7845486420860378,-0.9123943680768585,BFA
1,2010,DHS 2010,81,Tenkodogo,BFA.3.1.10_1,Centre-Est,tenkodogo,1150.135586602851,281.4898986816406,280.8748474121094,64.1549301147461,64.9319839477539,192.805419921875,0.04168172553181648,9.164153099060059,-0.5791004127195161,-0.11088857867814858,0.19448046364896213,-0.534032223062998,-1.184364309244356,BFA
2,2021,DHS 2021,81,Tenkodogo,BFA.3.1.10_1,Centre-Est,tenkodogo,1150.135586602851,281.4898986816406,280.8748474121094,64.1549301147461,64.9319839477539,161.9608917236328,0.08738800883293152,9.368252754211426,-0.5791004127195161,-0.4567063404397611,0.5549682162325822,0.5921341320890722,-1.184364309244356,BFA
1,2010,DHS 2010,82,Zabré,BFA.3.1.11_1,Centre-Est,zabré,892.0208932912495,243.33937072753906,243.35276794433594,131.32989501953125,131.25286865234375,241.7055206298828,0.0309312641620636,9.171063423156738,-1.4128220009802883,0.43736177120804054,0.10739402204445836,-0.49590293521532497,-0.0454806815623396,BFA
2,2021,DHS 2021,82,Zabré,BFA.3.1.11_1,Centre-Est,zabré,892.0208932912495,243.33937072753906,243.35276794433594,131.32989501953125,131.25286865234375,196.3709259033203,0.026388928294181824,9.35119915008545,-1.4128220009802883,-0.07091340738921545,0.0703245992343226,0.49803698534713325,-0.0454806815623396,BFA
1,2010,DHS 2010,83,Zoaga,BFA.3.1.12_1,Centre-Est,zoaga,247.43230078288065,242.176025390625,243.15443420410156,151.13059997558594,153.41915893554688,262.104248046875,0,9.162712097167969,-1.4382451385880992,0.6660649698042667,-0.14833133318376757,-0.5419832793613466,0.2902202558773235,BFA
2,2021,DHS 2021,83,Zoaga,BFA.3.1.12_1,Centre-Est,zoaga,247.43230078288065,242.176025390625,243.15443420410156,151.13059997558594,153.41915893554688,198.68368530273438,0,9.348749160766602,-1.4382451385880992,-0.04498358042418241,-0.14833133318376757,0.4845186110053347,0.2902202558773235,BFA
1,2010,DHS 2010,84,Zonsé,BFA.3.1.13_1,Centre-Est,zonsé,245.15099431405775,241.3596954345703,241.42218017578125,106.57820129394531,105.98014831542969,229.95957946777344,2.3107335437089205e-4,9.177240371704102,-1.4560847844332516,0.3056705014840398,-0.1463917542236697,-0.4618202140740914,-0.4651206289955161,BFA
2,2021,DHS 2021,84,Zonsé,BFA.3.1.13_1,Centre-Est,zonsé,245.15099431405775,241.3596954345703,241.42218017578125,106.57820129394531,105.98014831542969,202.33314514160156,6.578572210855782e-4,9.352884292602539,-1.4560847844332516,-0.0040671486666731685,-0.14281060199770765,0.507335143175844,-0.4651206289955161,BFA
1,2010,DHS 2010,85,Comin-Yanga,BFA.3.2.1_1,Centre-Est,comin yanga,792.4616716943468,265.38177490234375,264.4247131347656,179.0858154296875,179.95729064941406,200.554931640625,0,9.12062931060791,-0.9311188843205802,-0.02400383918402207,-0.14833133318376757,-0.7741846435421731,0.7641726760107298,BFA
2,2021,DHS 2021,85,Comin-Yanga,BFA.3.2.1_1,Centre-Est,comin yanga,792.4616716943468,265.38177490234375,264.4247131347656,179.0858154296875,179.95729064941406,162.6334686279297,1.5294791955966502e-4,9.321878433227539,-0.9311188843205802,-0.4491656499755849,-0.14704747181393443,0.3362532488198481,0.7641726760107298,BFA
1,2010,DHS 2010,86,Dourtenga,BFA.3.2.2_1,Centre-Est,dourtenga,102.49469488723462,290.44207763671875,289.2845153808594,147.0772705078125,147.89801025390625,185.62066650390625,0,9.13730525970459,-0.38346419856798997,-0.191441451130665,-0.14833133318376757,-0.6821712944800131,0.22150015196671627,BFA
2,2021,DHS 2021,86,Dourtenga,BFA.3.2.2_1,Centre-Est,dourtenga,102.49469488723462,290.44207763671875,289.2845153808594,147.0772705078125,147.89801025390625,159.90438842773438,0,9.339566230773926,-0.38346419856798997,-0.4797631160944948,-0.14833133318376757,0.4338497022715169,0.22150015196671627,BFA
1,2010,DHS 2010,87,Lalgaye,BFA.3.2.3_1,Centre-Est,lalgaye,667.1477123369797,253.26577758789063,252.00497436523438,149.1319580078125,142.66650390625,201.24871826171875,0,9.156776428222656,-1.195895522183153,-0.01622535299986751,-0.14833133318376757,-0.574734685318277,0.25633530159529766,BFA
2,2021,DHS 2021,87,Lalgaye,BFA.3.2.3_1,Centre-Est,lalgaye,667.1477123369797,253.26577758789063,252.00497436523438,149.1319580078125,142.66650390625,167.56195068359375,0,9.356734275817871,-1.195895522183153,-0.39390928092309446,-0.14833133318376757,0.5285783028558131,0.25633530159529766,BFA
1,2010,DHS 2010,88,Ouargaye,BFA.3.2.4_1,Centre-Est,ouargaye,352.3495542333097,281.09051513671875,280.8959045410156,104.8184814453125,105.77743530273438,207.45455932617188,0,9.117561340332031,-0.5878283308180042,0.05335230605733237,-0.14833133318376757,-0.7911128686327009,-0.4949549002564784,BFA
2,2021,DHS 2021,88,Ouargaye,BFA.3.2.4_1,Centre-Est,ouargaye,352.3495542333097,281.09051513671875,280.8959045410156,104.8184814453125,105.77743530273438,170.20603942871094,0.010304995812475681,9.317415237426758,-0.5878283308180042,-0.3642647084446733,-0.06226616236639015,0.31162654896791464,-0.4949549002564784,BFA
1,2010,DHS 2010,89,Sangha,BFA.3.2.5_1,Centre-Est,sangha,440.57825092541844,293.9549560546875,294.3811950683594,67.09700012207031,69.81645202636719,256.38006591796875,0,9.10312557220459,-0.30669559978163885,0.6018874975793229,-0.14833133318376757,-0.8707655087307173,-1.1344844861944272,BFA
2,2021,DHS 2021,89,Sangha,BFA.3.2.5_1,Centre-Est,sangha,440.57825092541844,293.9549560546875,294.3811950683594,67.09700012207031,69.81645202636719,184.0193328857422,0.002883442211896181,9.303125381469727,-0.30669559978163885,-0.20939502798902912,-0.12416038768531534,0.23277901251890373,-1.1344844861944272,BFA
1,2010,DHS 2010,90,Soudougui,BFA.3.2.6_1,Centre-Est,soudougui,1950.5623404090652,236.70672607421875,235.92999267578125,165.37326049804688,165.99327087402344,236.22787475585938,0,9.12905502319336,-1.557768331510454,0.37594837484474425,-0.14833133318376757,-0.7276938543986192,0.5316901681676429,BFA
2,2021,DHS 2021,90,Soudougui,BFA.3.2.6_1,Centre-Est,soudougui,1950.5623404090652,236.70672607421875,235.92999267578125,165.37326049804688,165.99327087402344,166.14306640625,2.629990049172193e-4,9.315813064575195,-1.557768331510454,-0.4098173013614723,-0.14612381255968057,0.3027861951749129,0.5316901681676429,BFA
1,2010,DHS 2010,91,Yargatenga,BFA.3.2.7_1,Centre-Est,yargatenga,431.4481523497207,264.511474609375,264.4268493652344,54.92861557006836,56.390872955322266,246.0294189453125,0.010100343264639378,9.126099586486816,-0.9501379695450538,0.4858397647087457,-0.06396681812164547,-0.7440011498774957,-1.340787146140091,BFA
2,2021,DHS 2021,91,Yargatenga,BFA.3.2.7_1,Centre-Est,yargatenga,431.4481523497207,264.511474609375,264.4268493652344,54.92861557006836,56.390872955322266,185.7721405029297,0.03740307316184044,9.323680877685547,-0.9501379695450538,-0.1897431791074816,0.1599284648503486,0.3461986468369751,-1.340787146140091,BFA
1,2010,DHS 2010,92,Yondé,BFA.3.2.8_1,Centre-Est,yondé,635.9225186541127,282.7964782714844,281.91070556640625,206.03729248046875,211.63075256347656,207.14111328125,0,9.11090087890625,-0.5505471090235832,0.049838061683379196,-0.14833133318376757,-0.8278634822578939,1.2211077261218741,BFA
2,2021,DHS 2021,92,Yondé,BFA.3.2.8_1,Centre-Est,yondé,635.9225186541127,282.7964782714844,281.91070556640625,206.03729248046875,211.63075256347656,168.84913635253906,2.30979043408297e-4,9.311456680297852,-0.5505471090235832,-0.3794778179373303,-0.14639254575775884,0.2787488522425129,1.2211077261218741,BFA
1,2010,DHS 2010,93,Andemtenga,BFA.3.3.1_1,Centre-Est,andemtenga,702.7945293932632,303.6103515625,302.4209899902344,82.33257293701172,87.13148498535156,146.31216430664063,0,9.059019088745117,-0.09569166065544606,-0.632154246628523,-0.14833133318376757,-1.1141330816905615,-0.8761807496478086,BFA
2,2021,DHS 2021,93,Andemtenga,BFA.3.3.1_1,Centre-Est,andemtenga,702.7945293932632,303.6103515625,302.4209899902344,82.33257293701172,87.13148498535156,140.6814422607422,2.1520088193938136e-4,9.238740921020508,-0.09569166065544606,-0.6952838780010443,-0.14652496993640962,-0.12247691919129541,-0.8761807496478086,BFA
1,2010,DHS 2010,94,Baskouré,BFA.3.3.2_1,Centre-Est,baskouré,71.05681724637712,318.4859619140625,319.28424072265625,52.2996826171875,53.68962478637695,158.3319854736328,0.0035738032311201096,9.041874885559082,0.22939211023165437,-0.4973923327477662,-0.11838363025370553,-1.2087301293910333,-1.3853580469593705,BFA
2,2021,DHS 2021,94,Baskouré,BFA.3.3.2_1,Centre-Est,baskouré,71.05681724637712,318.4859619140625,319.28424072265625,52.2996826171875,53.68962478637695,133.90882873535156,0,9.216875076293945,0.22939211023165437,-0.7712159861394494,-0.14833133318376757,-0.2431267000043575,-1.3853580469593705,BFA
1,2010,DHS 2010,95,Dialgaye,BFA.3.3.3_1,Centre-Est,dialgaye,380.00384471858973,297.2195129394531,297.5003356933594,39.99494552612305,39.61811065673828,180.9602508544922,0.0013224193826317787,9.1470308303833,-0.23535368927888206,-0.24369235600432132,-0.1372372869330456,-0.6285082421103513,-1.5939724263759898,BFA
2,2021,DHS 2021,95,Dialgaye,BFA.3.3.3_1,Centre-Est,dialgaye,380.00384471858973,297.2195129394531,297.5003356933594,39.99494552612305,39.61811065673828,152.32696533203125,0.0020388872362673283,9.347223281860352,-0.23535368927888206,-0.5647184598117035,-0.13123280959966316,0.4760992264405711,-1.5939724263759898,BFA
1,2010,DHS 2010,96,Gounghin,BFA.3.3.4_1,Centre-Est,gounghin,419.1148231503272,321.7933349609375,321.3133544921875,61.896461486816406,61.90354537963867,163.94546508789063,0.0011868613073602319,9.05300235748291,0.30166970263952153,-0.4344560173202633,-0.13837383712683377,-1.1473317674524948,-1.2226543619094876,BFA
2,2021,DHS 2021,96,Gounghin,BFA.3.3.4_1,Centre-Est,gounghin,419.1148231503272,321.7933349609375,321.3133544921875,61.896461486816406,61.90354537963867,130.84780883789063,0,9.230669021606445,0.30166970263952153,-0.8055350408140489,-0.14833133318376757,-0.16701546353889474,-1.2226543619094876,BFA
1,2010,DHS 2010,97,Kando,BFA.3.3.5_1,Centre-Est,kando,333.45057896586115,301.5490417480469,299.5954284667969,68.45098876953125,72.25260162353516,154.82211303710938,0,9.11037826538086,-0.14073844203868024,-0.5367437607309145,-0.14833133318376757,-0.8307471214713255,-1.1115289773252186,BFA
2,2021,DHS 2021,97,Kando,BFA.3.3.5_1,Centre-Est,kando,333.45057896586115,301.5490417480469,299.5954284667969,68.45098876953125,72.25260162353516,146.79397583007813,0,9.30081558227539,-0.14073844203868024,-0.6267523490356915,-0.14833133318376757,0.22003416913399287,-1.1115289773252186,BFA
1,2010,DHS 2010,98,Koupéla,BFA.3.3.6_1,Centre-Est,koupéla,340.2648326174134,303.31591796875,303.3382873535156,40.38149642944336,41.192848205566406,162.87103271484375,0.05286514014005661,9.041874885559082,-0.10212605767647565,-0.44650216683577004,0.28412549722093555,-1.2087301293910333,-1.5874188465463435,BFA
2,2021,DHS 2021,98,Koupéla,BFA.3.3.6_1,Centre-Est,koupéla,340.2648326174134,303.31591796875,303.3382873535156,40.38149642944336,41.192848205566406,142.1011505126953,0.10633993148803711,9.216875076293945,-0.10212605767647565,-0.6793666194555594,0.7000186650162654,-0.2431267000043575,-1.5874188465463435,BFA
1,2010,DHS 2010,99,Pouytenga,BFA.3.3.7_1,Centre-Est,pouytenga,175.23744314627422,309.9372253417969,309.60614013671875,43.7269172668457,44.77598190307617,150.369384765625,0.1892031580209732,9.041874885559082,0.04257251388879446,-0.5866661493854161,1.3063400592597634,-1.2087301293910333,-1.530700617890412,BFA
2,2021,DHS 2021,99,Pouytenga,BFA.3.3.7_1,Centre-Est,pouytenga,175.23744314627422,309.9372253417969,309.60614013671875,43.7269172668457,44.77598190307617,140.93331909179688,0.2456965148448944,9.216875076293945,0.04257251388879446,-0.6924599255192585,1.6959517857738644,-0.2431267000043575,-1.530700617890412,BFA
1,2010,DHS 2010,100,Tensobentenga,BFA.3.3.8_1,Centre-Est,tensobentenga,268.1048496810986,308.4395751953125,308.72955322265625,57.96173858642578,58.41749954223633,181.58056640625,7.473450968973339e-4,9.126753807067871,0.009843654663356353,-0.236737601037214,-0.1420599010941427,-0.7403913387453533,-1.2893636113608582,BFA
2,2021,DHS 2021,100,Tensobentenga,BFA.3.3.8_1,Centre-Est,tensobentenga,268.1048496810986,308.4395751953125,308.72955322265625,57.96173858642578,58.41749954223633,148.13319396972656,0.0010344244074076414,9.322089195251465,0.009843654663356353,-0.6117375166937216,-0.13965208711752572,0.3374161763128561,-1.2893636113608582,BFA
1,2010,DHS 2010,101,Yargo,BFA.3.3.9_1,Centre-Est,yargo,115.81151066988161,312.76416015625,313.2475280761719,60.93098449707031,61.387325286865234,176.274169921875,0,9.041875839233398,0.10435086165507074,-0.2962310108067572,-0.14833133318376757,-1.2087248672756803,-1.2390230483402747,BFA
2,2021,DHS 2021,101,Yargo,BFA.3.3.9_1,Centre-Est,yargo,115.81151066988161,312.76416015625,313.2475280761719,60.93098449707031,61.387325286865234,141.46273803710938,0.001990391407161951,9.216875076293945,0.10435086165507074,-0.6865242706269072,-0.131639101430125,-0.2431267000043575,-1.2390230483402747,BFA
1,2010,DHS 2010,102,Bourzanga,BFA.4.1.1_1,Centre-Nord,bourzanga,1076.576214242829,333.05426025390625,333.14019775390625,147.31190490722656,148.0006561279297,125.7435073852539,1.394133287249133e-4,9.296335220336914,0.5477600459195666,-0.8627626337395252,-0.14716107471394227,0.19531275120570582,0.22547814103395944,BFA
2,2021,DHS 2021,102,Bourzanga,BFA.4.1.1_1,Centre-Nord,bourzanga,1076.576214242829,333.05426025390625,333.14019775390625,147.31190490722656,148.0006561279297,81.58264923095703,0.004583949223160744,9.515227317810059,0.5477600459195666,-1.3578782998388148,-0.10993815451165959,1.4030997775978058,0.22547814103395944,BFA
1,2010,DHS 2010,103,Guibare,BFA.4.1.2_1,Centre-Nord,guibare,258.76693020249604,305.75091552734375,305.3690185546875,117.72415161132813,117.34567260742188,157.1940460205078,0.001812392147257924,9.223039627075195,-0.04891290072084229,-0.5101505008147476,-0.13313052494255875,-0.20911238636271262,-0.27615230799353196,BFA
2,2021,DHS 2021,103,Guibare,BFA.4.1.2_1,Centre-Nord,guibare,258.76693020249604,305.75091552734375,305.3690185546875,117.72415161132813,117.34567260742188,116.06443786621094,0.0025602043606340885,9.43932056427002,-0.04891290072084229,-0.9712808816276949,-0.12686652304178447,0.9842669681929358,-0.27615230799353196,BFA
1,2010,DHS 2010,104,Kongoussi,BFA.4.1.3_1,Centre-Nord,kongoussi,656.3245909978484,334.728759765625,334.3487243652344,118.90645599365234,118.89644622802734,140.92007446289063,0.017024392262101173,9.232708930969238,0.58435367823133,-0.6926084195372018,-0.00661870783898564,-0.15575979879887644,-0.2561075322965991,BFA
2,2021,DHS 2021,104,Kongoussi,BFA.4.1.3_1,Centre-Nord,kongoussi,656.3245909978484,334.728759765625,334.3487243652344,118.90645599365234,118.89644622802734,97.37281799316406,0.022399185225367546,9.4487943649292,0.58435367823133,-1.180844604134701,0.03762923382815286,1.0365408221094117,-0.2561075322965991,BFA
1,2010,DHS 2010,105,Nassere,BFA.4.1.4_1,Centre-Nord,nassere,128.01512215208965,325.837646484375,325.55670166015625,105.9780044555664,107.09957885742188,139.23074340820313,0,9.26187515258789,0.390051961223158,-0.7115485920193897,-0.14833133318376757,0.005171475041226377,-0.47529635969496825,BFA
2,2021,DHS 2021,105,Nassere,BFA.4.1.4_1,Centre-Nord,nassere,128.01512215208965,325.837646484375,325.55670166015625,105.9780044555664,107.09957885742188,97.365081787109375,8.591407095082104e-4,9.475625038146973,0.390051961223158,-1.180931339695873,-0.14112215810845247,1.1845851754500731,-0.47529635969496825,BFA
1,2010,DHS 2010,106,Rollo,BFA.4.1.5_1,Centre-Nord,rollo,567.3007726259751,341.8754577636719,342.2368469238281,160.75831604003906,160.92677307128906,137.90785217285156,0,9.284834861755371,0.7405338604012898,-0.7263803729797936,-0.14833133318376757,0.13185690216415333,0.45344844979329424,BFA
2,2021,DHS 2021,106,Rollo,BFA.4.1.5_1,Centre-Nord,rollo,567.3007726259751,341.8754577636719,342.2368469238281,160.75831604003906,160.92677307128906,93.46983337402344,5.90299314353615e-4,9.502249717712402,0.7405338604012898,-1.2246034645882102,-0.14337738002230682,1.3314929118744916,0.45344844979329424,BFA
1,2010,DHS 2010,107,Rouko,BFA.4.1.6_1,Centre-Nord,rouko,126.04419556422943,327.8135681152344,327.8014831542969,112.07411193847656,111.981201171875,158.70181274414063,0,9.223125457763672,0.43323271411708447,-0.4932459623412087,-0.14833133318376757,-0.20863879598094467,-0.3719430194332059,BFA
2,2021,DHS 2021,107,Rouko,BFA.4.1.6_1,Centre-Nord,rouko,126.04419556422943,327.8135681152344,327.8014831542969,112.07411193847656,111.981201171875,107.25431823730469,0,9.439374923706055,0.43323271411708447,-1.0700567757291983,-0.14833133318376757,0.9845669087680555,-0.3719430194332059,BFA
1,2010,DHS 2010,108,Sabce,BFA.4.1.7_1,Centre-Nord,sabce,340.3324893751029,326.483154296875,326.05718994140625,119.99458312988281,119.7821044921875,148.6442413330078,0.0185798741877079,9.245922088623047,0.40415854971702386,-0.6060078373746465,0.0062107842854865645,-0.08285319058337683,-0.23765943661026817,BFA
2,2021,DHS 2021,108,Sabce,BFA.4.1.7_1,Centre-Nord,sabce,340.3324893751029,326.483154296875,326.05718994140625,119.99458312988281,119.7821044921875,108.01517486572266,0.2163362056016922,9.460700988769531,0.40415854971702386,-1.061526324734134,1.4957236255384454,1.1022383322913325,-0.23765943661026817,BFA
1,2010,DHS 2010,109,Tikare,BFA.4.1.8_1,Centre-Nord,tikare,391.61239027274866,350.05078125,349.99371337890625,90.26358795166016,90.59098052978516,156.4461212158203,0,9.22614860534668,0.9191930834077775,-0.5185359648510482,-0.14833133318376757,-0.19195789031200683,-0.7417184069597824,BFA
2,2021,DHS 2021,109,Tikare,BFA.4.1.8_1,Centre-Nord,tikare,391.61239027274866,350.05078125,349.99371337890625,90.26358795166016,90.59098052978516,108.65794372558594,3.090990649070591e-4,9.442456245422363,0.9191930834077775,-1.0543198313483588,-0.14573692474942396,1.0015688034735248,-0.7417184069597824,BFA
1,2010,DHS 2010,110,Zimtenga,BFA.4.1.9_1,Centre-Nord,zimtenga,481.1041079214683,322.8517761230469,323.70489501953125,144.77972412109375,150.4042205810547,132.738037109375,0,9.275014877319336,0.32480031954254485,-0.7843424809583108,-0.14833133318376757,0.07767290037454673,0.18254757540217584,BFA
2,2021,DHS 2021,110,Zimtenga,BFA.4.1.9_1,Centre-Nord,zimtenga,481.1041079214683,322.8517761230469,323.70489501953125,144.77972412109375,150.4042205810547,92.776519775390625,0,9.491510391235352,0.32480031954254485,-1.232376647414581,-0.14833133318376757,1.2722362308846151,0.18254757540217584,BFA
1,2010,DHS 2010,111,Boala,BFA.4.2.1_1,Centre-Nord,boala,386.7742784044488,313.9504699707031,314.1107482910156,132.5896759033203,133.042724609375,148.09640502929688,0,9.222533226013184,0.1302758528862568,-0.6121499810684465,-0.14833133318376757,-0.21190656961514354,-0.02412237009842186,BFA
2,2021,DHS 2021,111,Boala,BFA.4.2.1_1,Centre-Nord,boala,386.7742784044488,313.9504699707031,314.1107482910156,132.5896759033203,133.042724609375,108.3702163696289,0.0017830431461334229,9.429715156555176,0.1302758528862568,-1.0575457270273312,-0.1333764603476498,0.9312669423577491,-0.02412237009842186,BFA
1,2010,DHS 2010,112,Boulsa,BFA.4.2.2_1,Centre-Nord,boulsa,1166.7592858805406,309.6410217285156,309.6455383300781,97.47228240966797,97.76520538330078,155.64639282226563,0.0043087792582809925,9.216217041015625,0.03609943579114592,-0.5275022321026918,-0.11223791203200431,-0.24675755959791176,-0.6195022791683652,BFA
2,2021,DHS 2021,112,Boulsa,BFA.4.2.2_1,Centre-Nord,boulsa,1166.7592858805406,309.6410217285156,309.6455383300781,97.47228240966797,97.76520538330078,134.03106689453125,0.0037872979883104563,9.428945541381836,0.03609943579114592,-0.7698454958425095,-0.11659796735450535,0.9270204152678965,-0.6195022791683652,BFA
1,2010,DHS 2010,113,Bouroum,BFA.4.2.3_1,Centre-Nord,bouroum,1295.276080524834,303.9049987792969,303.9648132324219,174.74520874023438,174.92298889160156,115.23857116699219,1.9193565822206438e-4,9.34118366241455,-0.08925259522861763,-0.9805402021659017,-0.14672023592349895,0.4427742499101663,0.69058207719416,BFA
2,2021,DHS 2021,113,Bouroum,BFA.4.2.3_1,Centre-Nord,bouroum,1295.276080524834,303.9049987792969,303.9648132324219,174.74520874023438,174.92298889160156,63.626129150390625,2.3118950775824487e-4,9.53444766998291,-0.08925259522861763,-1.5592003477358811,-0.14639077937033929,1.509152450421709,0.69058207719416,BFA
1,2010,DHS 2010,114,Dargo,BFA.4.2.4_1,Centre-Nord,dargo,574.8110682310993,298.0781555175781,298.05413818359375,107.69908905029297,107.24307250976563,161.2842559814453,0.0014269303064793348,9.214374542236328,-0.21658936562800224,-0.46429253713524254,-0.13636114825900286,-0.2569239664598638,-0.44611711011042265,BFA
2,2021,DHS 2021,114,Dargo,BFA.4.2.4_1,Centre-Nord,dargo,574.8110682310993,298.0781555175781,298.05413818359375,107.69908905029297,107.24307250976563,134.99130249023438,0,9.436875343322754,-0.21658936562800224,-0.7590796795416199,-0.14833133318376757,0.9707749044279022,-0.44611711011042265,BFA
1,2010,DHS 2010,115,Nagbingou,BFA.4.2.5_1,Centre-Nord,nagbingou,478.5394919305802,291.4535217285156,291.6854248046875,122.90306091308594,123.45233917236328,117.05315399169922,0,9.349571228027344,-0.3613606309407114,-0.96019575186541,-0.14833133318376757,0.4890545544396011,-0.18834913576438017,BFA
2,2021,DHS 2021,115,Nagbingou,BFA.4.2.5_1,Centre-Nord,nagbingou,478.5394919305802,291.4535217285156,291.6854248046875,122.90306091308594,123.45233917236328,66.07775115966797,0,9.538399696350098,-0.3613606309407114,-1.53171364310922,-0.14833133318376757,1.5309586564444468,-0.18834913576438017,BFA
1,2010,DHS 2010,116,Tougouri,BFA.4.2.6_1,Centre-Nord,tougouri,1551.0457518912856,294.4808044433594,294.6899719238281,116.78687286376953,116.5453872680664,128.63796997070313,0,9.290324211120605,-0.29520398545023746,-0.8303109597709857,-0.14833133318376757,0.1621456381358903,-0.2920429217315787,BFA
2,2021,DHS 2021,116,Tougouri,BFA.4.2.6_1,Centre-Nord,tougouri,1551.0457518912856,294.4808044433594,294.6899719238281,116.78687286376953,116.5453872680664,82.1675796508789,0.0016469581751152873,9.48657512664795,-0.29520398545023746,-1.351320270249139,-0.13451690379998388,1.2450047839329579,-0.2920429217315787,BFA
1,2010,DHS 2010,117,Yalgo,BFA.4.2.7_1,Centre-Nord,yalgo,577.2948205355633,283.8096618652344,283.5792541503906,68.95855712890625,69.11568450927734,131.6460723876953,0.061248406767845154,9.338960647583008,-0.5284055272347997,-0.7965851968639291,0.3507026180033288,0.4305082590223764,-1.1029236688558957,BFA
2,2021,DHS 2021,117,Yalgo,BFA.4.2.7_1,Centre-Nord,yalgo,577.2948205355633,283.8096618652344,283.5792541503906,68.95855712890625,69.11568450927734,71.62158966064453,0.044769443571567535,9.526656150817871,-0.5284055272347997,-1.4695581188083224,0.21932709351737117,1.466160967987885,-1.1029236688558957,BFA
1,2010,DHS 2010,118,Zeguedeguin,BFA.4.2.8_1,Centre-Nord,zeguedeguin,378.26466262403494,298.9774169921875,299.0799255371094,123.03936767578125,122.9140853881836,152.03758239746094,0,9.21812915802002,-0.19693737796022875,-0.5679629172429187,-0.14833133318376757,-0.23620701831519242,-0.1860381923854582,BFA
2,2021,DHS 2021,118,Zeguedeguin,BFA.4.2.8_1,Centre-Nord,zeguedeguin,378.26466262403494,298.9774169921875,299.0799255371094,123.03936767578125,122.9140853881836,108.58102416992188,0,9.437228202819824,-0.19693737796022875,-1.05518222575441,-0.14833133318376757,0.9727218871085037,-0.1860381923854582,BFA
1,2010,DHS 2010,119,Barsalogho,BFA.4.3.1_1,Centre-Nord,barsalogho,1811.2956547856643,312.1298828125,311.9671630859375,196.70982360839844,198.7257537841797,136.54147338867188,0,9.299205780029297,0.09048969792320104,-0.741699720704182,-0.14833133318376757,0.2111517184181673,1.0629699198547389,BFA
2,2021,DHS 2021,119,Barsalogho,BFA.4.3.1_1,Centre-Nord,barsalogho,1811.2956547856643,312.1298828125,311.9671630859375,196.70982360839844,198.7257537841797,82.9969253540039,0,9.507468223571777,0.09048969792320104,-1.3420219443698136,-0.14833133318376757,1.360287207085983,1.0629699198547389,BFA
1,2010,DHS 2010,120,Boussouma,BFA.4.3.2_1,Centre-Nord,boussouma,773.0582628711381,314.4775695800781,313.9649658203125,137.23785400390625,137.31381225585938,132.97369384765625,0.005664713215082884,9.236223220825195,0.14179481073733713,-0.7817003823256883,-0.1009116648281257,-0.13636890372315533,0.05468279109237055,BFA
2,2021,DHS 2021,120,Boussouma,BFA.4.3.2_1,Centre-Nord,boussouma,773.0582628711381,314.4775695800781,313.9649658203125,137.23785400390625,137.31381225585938,108.47117614746094,0.00977928563952446,9.445748329162598,0.14179481073733713,-1.0564138022926286,-0.06663549053742575,1.0197336256720024,0.05468279109237055,BFA
1,2010,DHS 2010,121,Dablo,BFA.4.3.3_1,Centre-Nord,dablo,536.5550518503969,323.0160217285156,323.1741943359375,234.76597595214844,234.66836547851563,135.22470092773438,0,9.308125495910645,0.3283896566867386,-0.756462900165513,-0.14833133318376757,0.2603682833145634,1.7081735146508423,BFA
2,2021,DHS 2021,121,Dablo,BFA.4.3.3_1,Centre-Nord,dablo,536.5550518503969,323.0160217285156,323.1741943359375,234.76597595214844,234.66836547851563,79.03641510009766,0,9.529375076293945,0.3283896566867386,-1.3864257615602424,-0.14833133318376757,1.4811632588592232,1.7081735146508423,BFA
1,2010,DHS 2010,122,Kaya,BFA.4.3.4_1,Centre-Nord,kaya,909.8110513710485,322.36163330078125,322.1556701660156,124.44732666015625,125.18152618408203,136.75054931640625,0.039878714829683304,9.263460159301758,0.3140889958946638,-0.7393556365637912,0.17993769313691493,0.013917110757874544,-0.16216767100855364,BFA
2,2021,DHS 2021,122,Kaya,BFA.4.3.4_1,Centre-Nord,kaya,909.8110513710485,322.36163330078125,322.1556701660156,124.44732666015625,125.18152618408203,101.41157531738281,0.09086677432060242,9.475757598876953,0.3140889958946638,-1.1355635089212153,0.5817817842939403,1.185316609484137,-0.16216767100855364,BFA
1,2010,DHS 2010,123,Korsimoro,BFA.4.3.5_1,Centre-Nord,korsimoro,605.739244270225,296.23211669921875,296.6452331542969,141.96151733398438,141.9744873046875,134.49966430664063,0.003599518910050392,9.23062515258789,-0.2569317277962341,-0.7645917501155062,-0.11816852506712858,-0.16725752084513168,0.13476772804668327,BFA
2,2021,DHS 2021,123,Korsimoro,BFA.4.3.5_1,Centre-Nord,korsimoro,605.739244270225,296.23211669921875,296.6452331542969,141.96151733398438,141.9744873046875,127.72718048095703,0.0037198413629084826,9.439374923706055,-0.2569317277962341,-0.8405224041074222,-0.11716213123307737,0.9845669087680555,0.13476772804668327,BFA
1,2010,DHS 2010,124,Mane,BFA.4.3.6_1,Centre-Nord,mane,727.7714018989041,308.9107666015625,309.14105224609375,134.97872924804688,134.85635375976563,147.05860900878906,3.5070398007519543e-4,9.246779441833496,0.020140824025368872,-0.6237853769698036,-0.14538777707168932,-0.07812254888105029,0.01638161444142305,BFA
2,2021,DHS 2021,124,Mane,BFA.4.3.6_1,Centre-Nord,mane,727.7714018989041,308.9107666015625,309.14105224609375,134.97872924804688,134.85635375976563,122.28105163574219,0.04088030755519867,9.459328651428223,0.020140824025368872,-0.901582442873873,0.18801947589191118,1.0946661482983981,0.01638161444142305,BFA
1,2010,DHS 2010,125,Namissiguima,BFA.4.3.7_1,Centre-Nord,namissiguima,410.2652804586151,331.2824401855469,331.6033020019531,189.20838928222656,192.01296997070313,137.19395446777344,0,9.279040336608887,0.5090396213088746,-0.7343843374077837,-0.14833133318376757,0.09988428927946365,0.9357906835080079,BFA
2,2021,DHS 2021,125,Namissiguima,BFA.4.3.7_1,Centre-Nord,namissiguima,410.2652804586151,331.2824401855469,331.6033020019531,189.20838928222656,192.01296997070313,88.60405731201172,0,9.495573997497559,0.5090396213088746,-1.2791567965822466,-0.14833133318376757,1.294658104403651,0.9357906835080079,BFA
1,2010,DHS 2010,126,Pensa,BFA.4.3.8_1,Centre-Nord,pensa,947.20319810899,298.1421813964844,297.9960632324219,190.14630126953125,190.33909606933594,129.82882690429688,0,9.34133243560791,-0.2151901777185785,-0.8169594999364612,-0.14833133318376757,0.44359513990523075,0.9516920331858537,BFA
2,2021,DHS 2021,126,Pensa,BFA.4.3.8_1,Centre-Nord,pensa,947.20319810899,298.1421813964844,297.9960632324219,190.14630126953125,190.33909606933594,67.15579986572266,0,9.534886360168457,-0.2151901777185785,-1.5196269485680767,-0.14833133318376757,1.5115730234840787,0.9516920331858537,BFA
1,2010,DHS 2010,127,Pibaore,BFA.4.3.9_1,Centre-Nord,pibaore,429.50811838325274,327.9991455078125,328.0062561035156,104.9188003540039,104.89800262451172,150.60324096679688,0,9.220000267028809,0.4372882249260481,-0.584044237727583,-0.14833133318376757,-0.22588274799265107,-0.49325409456469266,BFA
2,2021,DHS 2021,127,Pibaore,BFA.4.3.9_1,Centre-Nord,pibaore,429.50811838325274,327.9991455078125,328.0062561035156,104.9188003540039,104.89800262451172,123.64822387695313,0,9.427499771118164,0.4372882249260481,-0.8862541991944927,-0.14833133318376757,0.919043048392783,-0.49325409456469266,BFA
1,2010,DHS 2010,128,Pissila,BFA.4.3.10_1,Centre-Nord,pissila,1562.78488556018,310.81451416015625,310.4959411621094,127.35992431640625,127.58943176269531,134.02325439453125,0,9.273996353149414,0.06174432267440158,-0.7699330867839691,-0.14833133318376757,0.07205296117756704,-0.11278752187963542,BFA
2,2021,DHS 2021,128,Pissila,BFA.4.3.10_1,Centre-Nord,pissila,1562.78488556018,310.81451416015625,310.4959411621094,127.35992431640625,127.58943176269531,89.11761474609375,0.0011593755334615707,9.474647521972656,0.06174432267440158,-1.2733989752517065,-0.1386043029638475,1.1791915072132715,-0.11278752187963542,BFA
1,2010,DHS 2010,129,Ziga,BFA.4.3.11_1,Centre-Nord,ziga,595.0603815940045,317.1370544433594,317.3078308105469,134.28903198242188,134.40396118164063,147.13018798828125,0,9.220001220703125,0.19991379527243705,-0.6229828591838912,-0.14833133318376757,-0.2258774858772981,0.004688494467475526,BFA
2,2021,DHS 2021,129,Ziga,BFA.4.3.11_1,Centre-Nord,ziga,595.0603815940045,317.1370544433594,317.3078308105469,134.28903198242188,134.40396118164063,127.7497329711914,1.9003546913154423e-4,9.427501678466797,0.19991379527243705,-0.8402695536943805,-0.14673618448994016,0.9190535726234889,0.004688494467475526,BFA
1,2010,DHS 2010,130,Bingo,BFA.5.1.1_1,Centre-Ouest,bingo,251.37762335257852,326.7445068359375,326.39581298828125,79.463958740234375,79.60015869140625,163.06710815429688,0,9.162130355834961,0.40987001075434737,-0.444303839496402,-0.14833133318376757,-0.5451931697266628,-0.9248152036810431,BFA
2,2021,DHS 2021,130,Bingo,BFA.5.1.1_1,Centre-Ouest,bingo,251.37762335257852,326.7445068359375,326.39581298828125,79.463958740234375,79.60015869140625,158.88082885742188,0,9.368891716003418,0.40987001075434737,-0.4912388980341686,-0.14833133318376757,0.5956597493755669,-0.9248152036810431,BFA
1,2010,DHS 2010,131,Imasgho,BFA.5.1.2_1,Centre-Ouest,imasgho,216.26267338436017,297.1872863769531,297.58160400390625,27.62203025817871,28.39009666442871,179.5840301513672,0,9.18073558807373,-0.23605795163939275,-0.2591220477858219,-0.14833133318376757,-0.44253456130542984,-1.8037426978652553,BFA
2,2021,DHS 2021,131,Imasgho,BFA.5.1.2_1,Centre-Ouest,imasgho,216.26267338436017,297.1872863769531,297.58160400390625,27.62203025817871,28.39009666442871,160.4291534423828,0,9.41418743133545,-0.23605795163939275,-0.47387963939969274,-0.14833133318376757,0.8455891801805737,-1.8037426978652553,BFA
1,2010,DHS 2010,132,Kindi,BFA.5.1.3_1,Centre-Ouest,kindi,265.3672390305042,321.8203430175781,322.2111511230469,87.12201690673828,87.621246337890625,158.20375061035156,0,9.181960105895996,0.3022599225155177,-0.49883005593531865,-0.14833133318376757,-0.43577800519220705,-0.7949805684411134,BFA
2,2021,DHS 2021,132,Kindi,BFA.5.1.3_1,Centre-Ouest,kindi,265.3672390305042,321.8203430175781,322.2111511230469,87.12201690673828,87.621246337890625,145.75099182128906,0.0015026448527351022,9.411375045776367,0.3022599225155177,-0.6384459107966117,-0.13572647323483486,0.8300712020046438,-0.7949805684411134,BFA
1,2010,DHS 2010,133,Kokologho,BFA.5.1.4_1,Centre-Ouest,kokologho,299.7961945813826,326.005126953125,326.1670227050781,53.80918884277344,55.00300216674805,175.4922637939453,0.010849105194211006,9.162273406982422,0.39371199136944846,-0.3049974612231958,-0.057746306759164985,-0.5444038524237161,-1.3597658947544433,BFA
2,2021,DHS 2021,133,Kokologho,BFA.5.1.4_1,Centre-Ouest,kokologho,299.7961945813826,326.005126953125,326.1670227050781,53.80918884277344,55.00300216674805,160.23377990722656,0.011176477186381817,9.369319915771484,0.39371199136944846,-0.47607009724041405,-0.05502803644389732,0.5980224391690537,-1.3597658947544433,BFA
1,2010,DHS 2010,134,Koudougou,BFA.5.1.5_1,Centre-Ouest,koudougou,585.9432673183493,298.2452087402344,298.15167236328125,26.156312942504883,26.68108558654785,191.36744689941406,0.19121254980564117,9.173749923706055,-0.21293867229330946,-0.12701061526450694,1.3205126642010716,-0.4810795562659881,-1.8285924533656417,BFA
2,2021,DHS 2021,134,Koudougou,BFA.5.1.5_1,Centre-Ouest,koudougou,585.9432673183493,298.2452087402344,298.15167236328125,26.156312942504883,26.68108558654785,166.50204467773438,0.35540899634361267,9.4037504196167,-0.21293867229330946,-0.4057925660318247,2.404539437163295,0.7880005897575908,-1.8285924533656417,BFA
1,2010,DHS 2010,135,Nandiala,BFA.5.1.6_1,Centre-Ouest,nandiala,213.24867380581622,312.218017578125,312.6802673339844,56.7125129699707,57.20549011230469,168.45643615722656,5.370851722545922e-4,9.173749923706055,0.09241574877277955,-0.38388063135413775,-0.1438238477719367,-0.4810795562659881,-1.3105429689366792,BFA
2,2021,DHS 2021,135,Nandiala,BFA.5.1.6_1,Centre-Ouest,nandiala,213.24867380581622,312.218017578125,312.6802673339844,56.7125129699707,57.20549011230469,163.63543701171875,0,9.4037504196167,0.09241574877277955,-0.4379319406573279,-0.14833133318376757,0.7880005897575908,-1.3105429689366792,BFA
1,2010,DHS 2010,136,Nanoro,BFA.5.1.7_1,Centre-Ouest,nanoro,354.0626420077433,298.50372314453125,298.4633483886719,81.31934356689453,80.35306549072266,157.78598022460938,0.002728146268054843,9.225689888000488,-0.2072892343615991,-0.5035139473146616,-0.12546041071694275,-0.1944889677967889,-0.8933590294183846,BFA
2,2021,DHS 2021,136,Nanoro,BFA.5.1.7_1,Centre-Ouest,nanoro,354.0626420077433,298.50372314453125,298.4633483886719,81.31934356689453,80.35306549072266,136.82969665527344,0.00412609102204442,9.477758407592773,-0.2072892343615991,-0.7384682650533397,-0.11376509332122142,1.1963565274946832,-0.8933590294183846,BFA
1,2010,DHS 2010,137,Pella,BFA.5.1.8_1,Centre-Ouest,pella,203.76685444088952,316.0735778808594,315.8175964355469,95.51068115234375,95.53944396972656,158.2526092529297,0,9.224397659301758,0.17667313737558393,-0.4982822703990808,-0.14833133318376757,-0.20161913410007304,-0.6527592456464806,BFA
2,2021,DHS 2021,137,Pella,BFA.5.1.8_1,Centre-Ouest,pella,203.76685444088952,316.0735778808594,315.8175964355469,95.51068115234375,95.53944396972656,136.40582275390625,0,9.47484016418457,0.17667313737558393,-0.743220586855698,-0.14833133318376757,1.180254454514573,-0.6527592456464806,BFA
1,2010,DHS 2010,138,Poa,BFA.5.1.9_1,Centre-Ouest,poa,234.38571249413687,324.62615966796875,324.2821960449219,41.6378059387207,42.13348388671875,175.73757934570313,0.0010942977387458086,9.173749923706055,0.363576765022823,-0.3022470714461515,-0.13914999987063117,-0.4810795562659881,-1.5661193887283125,BFA
2,2021,DHS 2021,138,Poa,BFA.5.1.9_1,Centre-Ouest,poa,234.38571249413687,324.62615966796875,324.2821960449219,41.6378059387207,42.13348388671875,165.49697875976563,0,9.4037504196167,0.363576765022823,-0.41706100378976196,-0.14833133318376757,0.7880005897575908,-1.5661193887283125,BFA
1,2010,DHS 2010,139,Ramongo,BFA.5.1.10_1,Centre-Ouest,ramongo,167.11496903163524,301.5734558105469,300.9624328613281,20.207429885864258,20.67819595336914,198.38291931152344,0.0017643681494519114,9.173749923706055,-0.14020490994738424,-0.0483556605943212,-0.1335329547013192,-0.4810795562659881,-1.929449752298452,BFA
2,2021,DHS 2021,139,Ramongo,BFA.5.1.10_1,Centre-Ouest,ramongo,167.11496903163524,301.5734558105469,300.9624328613281,20.207429885864258,20.67819595336914,166.97865295410156,6.388055044226348e-4,9.4037504196167,-0.14020490994738424,-0.4004490053746137,-0.14297043277305985,0.7880005897575908,-1.929449752298452,BFA
1,2010,DHS 2010,140,Sabou,BFA.5.1.11_1,Centre-Ouest,sabou,457.85618358403497,312.4935302734375,311.37628173828125,43.36520767211914,42.93778610229492,192.19569396972656,5.236946162767708e-4,9.167847633361816,0.09843665842305474,-0.11772460686132427,-0.14393619855215223,-0.5136467881855642,-1.5368330384431204,BFA
2,2021,DHS 2021,140,Sabou,BFA.5.1.11_1,Centre-Ouest,sabou,457.85618358403497,312.4935302734375,311.37628173828125,43.36520767211914,42.93778610229492,164.1475067138672,0.011143106035888195,9.39708137512207,0.09843665842305474,-0.4321907992423978,-0.0553050870824793,0.751202617094221,-1.5368330384431204,BFA
1,2010,DHS 2010,141,Sigle,BFA.5.1.12_1,Centre-Ouest,sigle,296.9173452058719,335.80389404296875,335.8322448730469,97.74603271484375,97.906890869140625,162.43264770507813,0,9.204323768615723,0.607849097701777,-0.4514171819688474,-0.14833133318376757,-0.31238140016489085,-0.6148611194583519,BFA
2,2021,DHS 2021,141,Sigle,BFA.5.1.12_1,Centre-Ouest,sigle,296.9173452058719,335.80389404296875,335.8322448730469,97.74603271484375,97.906890869140625,146.36431884765625,0,9.420092582702637,0.607849097701777,-0.631569508663857,-0.14833133318376757,0.8781721984462088,-0.6148611194583519,BFA
1,2010,DHS 2010,142,Soaw,BFA.5.1.13_1,Centre-Ouest,soaw,188.86429499331953,301.327392578125,300.9866027832031,61.179317474365234,61.706180572509766,167.32969665527344,0,9.212474822998047,-0.14558224651253365,-0.396513229594886,-0.14833133318376757,-0.26740610024299444,-1.2348128137319558,BFA
2,2021,DHS 2021,142,Soaw,BFA.5.1.13_1,Centre-Ouest,soaw,188.86429499331953,301.327392578125,300.9866027832031,61.179317474365234,61.706180572509766,149.5370330810547,0,9.46160888671875,-0.14558224651253365,-0.5959981772480765,-0.14833133318376757,1.1072478661073668,-1.2348128137319558,BFA
1,2010,DHS 2010,143,Sourgou,BFA.5.1.14_1,Centre-Ouest,sourgou,267.2762952135526,288.6360778808594,287.9369201660156,51.21661376953125,52.94732666015625,211.04110717773438,0,9.173749923706055,-0.4229315681064964,0.09356339122961091,-0.14833133318376757,-0.4810795562659881,-1.403720384475981,BFA
2,2021,DHS 2021,143,Sourgou,BFA.5.1.14_1,Centre-Ouest,sourgou,267.2762952135526,288.6360778808594,287.9369201660156,51.21661376953125,52.94732666015625,160.54209899902344,4.898455808870494e-4,9.4037504196167,-0.4229315681064964,-0.47261333442179376,-0.14422020881445596,0.7880005897575908,-1.403720384475981,BFA
1,2010,DHS 2010,144,Thyou,BFA.5.1.15_1,Centre-Ouest,thyou,291.7288747711206,329.8855895996094,329.48052978515625,87.30183410644531,89.07940673828125,200.70126342773438,0,9.144497871398926,0.47851358270537475,-0.022363219792229112,-0.14833133318376757,-0.6424844204878588,-0.7919319495841889,BFA
2,2021,DHS 2021,144,Thyou,BFA.5.1.15_1,Centre-Ouest,thyou,291.7288747711206,329.8855895996094,329.48052978515625,87.30183410644531,89.07940673828125,164.3111114501953,3.852972004096955e-4,9.370705604553223,0.47851358270537475,-0.4303565217534714,-0.14509748246348944,0.6056682927769296,-0.7919319495841889,BFA
1,2010,DHS 2010,145,Dassa,BFA.5.2.1_1,Centre-Ouest,dassa,245.5655133233572,272.79132080078125,272.3355407714844,103.5389404296875,107.97451782226563,212.2247772216797,0,9.209721565246582,-0.7691945622727051,0.10683427424103481,-0.14833133318376757,-0.28259782726703975,-0.5166482247815967,BFA
2,2021,DHS 2021,145,Dassa,BFA.5.2.1_1,Centre-Ouest,dassa,245.5655133233572,272.79132080078125,272.3355407714844,103.5389404296875,107.97451782226563,155.90806579589844,0.0036381776444613934,9.44021987915039,-0.7691945622727051,-0.5245684487919662,-0.1178451648475684,0.9892291429707933,-0.5166482247815967,BFA
1,2010,DHS 2010,146,Didyr,BFA.5.2.2_1,Centre-Ouest,didyr,633.9735390785287,285.61065673828125,285.7615966796875,76.3424301147461,76.73323822021484,204.28485107421875,0,9.22872257232666,-0.48904753177500904,0.017814676624886987,-0.14833133318376757,-0.17775544097432128,-0.9777375662002993,BFA
2,2021,DHS 2021,146,Didyr,BFA.5.2.2_1,Centre-Ouest,didyr,633.9735390785287,285.61065673828125,285.7615966796875,76.3424301147461,76.73323822021484,151.41873168945313,0.0014872208703309298,9.48674488067627,-0.48904753177500904,-0.5749012489085024,-0.13585576043559816,1.2459414404657878,-0.9777375662002993,BFA
1,2010,DHS 2010,147,Godyr,BFA.5.2.3_1,Centre-Ouest,godyr,248.14710700653956,290.3049011230469,290.3808898925781,90.26483154296875,90.55455017089844,203.26675415039063,0,9.233696937561035,-0.3864619820059593,0.006400139913811936,-0.14833133318376757,-0.150308247293192,-0.7416973231262011,BFA
2,2021,DHS 2021,147,Godyr,BFA.5.2.3_1,Centre-Ouest,godyr,248.14710700653956,290.3049011230469,290.3808898925781,90.26483154296875,90.55455017089844,138.0667266845703,4.3931780965067446e-4,9.498628616333008,-0.3864619820059593,-0.7245991290687042,-0.14464417985346725,1.311512659879237,-0.7416973231262011,BFA
1,2010,DHS 2010,148,Kordie,BFA.5.2.4_1,Centre-Ouest,kordie,456.77103985406285,287.7891845703125,287.0119323730469,51.110267639160156,50.7984504699707,180.1154022216797,0,9.218631744384766,-0.44143912943844,-0.25316449515810574,-0.14833133318376757,-0.2334338835241734,-1.4055233756188665,BFA
2,2021,DHS 2021,148,Kordie,BFA.5.2.4_1,Centre-Ouest,kordie,456.77103985406285,287.7891845703125,287.0119323730469,51.110267639160156,50.7984504699707,154.8884735107422,7.805660716257989e-4,9.470951080322266,-0.44143912943844,-0.5359997509566801,-0.14178123220682698,1.1587955481051317,-1.4055233756188665,BFA
1,2010,DHS 2010,149,Kyon,BFA.5.2.5_1,Centre-Ouest,kyon,191.6746706993615,279.66619873046875,279.185302734375,59.84002685546875,61.36532211303711,205.98240661621094,0.007226882968097925,9.209375381469727,-0.6189545930242121,0.036847059102088076,-0.08788162664037596,-0.28450797514017045,-1.2575191323840207,BFA
2,2021,DHS 2021,149,Kyon,BFA.5.2.5_1,Centre-Ouest,kyon,191.6746706993615,279.66619873046875,279.185302734375,59.84002685546875,61.36532211303711,150.4529571533203,0.0302926953881979,9.439374923706055,-0.6189545930242121,-0.5857291658182784,0.10219262181075366,0.9845669087680555,-1.2575191323840207,BFA
1,2010,DHS 2010,150,Pouni,BFA.5.2.6_1,Centre-Ouest,pouni,675.6610529821137,291.11419677734375,290.4482727050781,77.27433776855469,77.99271392822266,236.0858154296875,0,9.136706352233887,-0.3687760600946115,0.374355656749062,-0.14833133318376757,-0.6854759029216828,-0.9619380139275364,BFA
2,2021,DHS 2021,150,Pouni,BFA.5.2.6_1,Centre-Ouest,pouni,675.6610529821137,291.11419677734375,290.4482727050781,77.27433776855469,77.99271392822266,159.70623779296875,0.0038518705405294895,9.358275413513184,-0.3687760600946115,-0.48198470977768804,-0.11605795952631816,0.5370818812662244,-0.9619380139275364,BFA
1,2010,DHS 2010,151,Réo,BFA.5.2.7_1,Centre-Ouest,réo,434.12810482360453,297.15997314453125,296.5214538574219,33.15781021118164,34.701229095458984,195.39207458496094,0.04472146928310394,9.189048767089844,-0.23665484066653014,-0.08188793648030182,0.21894160999488702,-0.39666470177352725,-1.7098891444787874,BFA
2,2021,DHS 2021,151,Réo,BFA.5.2.7_1,Centre-Ouest,réo,434.12810482360453,297.15997314453125,296.5214538574219,33.15781021118164,34.701229095458984,158.5102081298828,0.10218484699726105,9.419048309326172,-0.23665484066653014,-0.49539416439571804,0.6684311210897733,0.8724101821346987,-1.7098891444787874,BFA
1,2010,DHS 2010,152,Tenado,BFA.5.2.8_1,Centre-Ouest,tenado,901.9721152895569,275.70074462890625,274.97064208984375,68.65387725830078,69.63899993896484,217.17884826660156,0.002621058141812682,9.207727432250977,-0.7056135429529625,0.16237753784201706,-0.1263569907716765,-0.2936009104701151,-1.108089208083325,BFA
2,2021,DHS 2021,152,Tenado,BFA.5.2.8_1,Centre-Ouest,tenado,901.9721152895569,275.70074462890625,274.97064208984375,68.65387725830078,69.63899993896484,153.04713439941406,0.0019222121918573976,9.437726974487305,-0.7056135429529625,-0.5566441831240652,-0.13221033140050453,0.9754739734381108,-1.108089208083325,BFA
1,2010,DHS 2010,153,Zamo,BFA.5.2.9_1,Centre-Ouest,zamo,664.704803404127,272.3061828613281,272.4853820800781,118.04031372070313,117.59584045410156,251.53811645507813,0,9.174307823181152,-0.7797965118418705,0.5476013008491326,-0.14833133318376757,-0.4780012187844964,-0.27079209901432416,BFA
2,2021,DHS 2021,153,Zamo,BFA.5.2.9_1,Centre-Ouest,zamo,664.704803404127,272.3061828613281,272.4853820800781,118.04031372070313,117.59584045410156,166.7324981689453,0.0012404832523316145,9.3988189697265625,-0.7797965118418705,-0.4032088043348227,-0.13792423996723702,0.7607901912673456,-0.27079209901432416,BFA
1,2010,DHS 2010,154,Zawara,BFA.5.2.10_1,Centre-Ouest,zawara,678.5260362278714,269.6029357910156,269.6561279296875,101.21780395507813,100.941650390625,265.90447998046875,1.233364764630096e-5,9.137499809265137,-0.8388718526506185,0.7086718040863125,-0.14822779593355684,-0.6810978229480058,-0.5560007474408212,BFA
2,2021,DHS 2021,154,Zawara,BFA.5.2.10_1,Centre-Ouest,zawara,678.5260362278714,269.6029357910156,269.6561279296875,101.21780395507813,100.941650390625,188.04457092285156,0,9.356249809265137,-0.8388718526506185,-0.16426550616252247,-0.14833133318376757,0.5259051482565007,-0.5560007474408212,BFA
1,2010,DHS 2010,155,Bieha,BFA.5.3.1_1,Centre-Ouest,bieha,1623.4918369077475,316.6180725097656,316.2471008300781,175.42831420898438,176.81082153320313,251.2478485107422,0,9.098435401916504,0.18857223684171265,0.5443469210065802,-0.14833133318376757,-0.8966445920366594,0.7021634399152591,BFA
2,2021,DHS 2021,155,Bieha,BFA.5.3.1_1,Centre-Ouest,bieha,1623.4918369077475,316.6180725097656,316.2471008300781,175.42831420898438,176.81082153320313,205.49331665039063,4.6424235915765166e-4,9.296415328979492,0.18857223684171265,0.03136355822981073,-0.1444350389769098,0.1957547688953559,0.7021634399152591,BFA
1,2010,DHS 2010,156,Boura,BFA.5.3.2_1,Centre-Ouest,boura,1029.070175909224,292.8857727050781,292.4181823730469,186.85348510742188,185.2910919189453,281.49530029296875,0,9.091028213500977,-0.33006097080483243,0.8834704766367163,-0.14833133318376757,-0.9375154419832336,0.8958656636252801,BFA
2,2021,DHS 2021,156,Boura,BFA.5.3.2_1,Centre-Ouest,boura,1029.070175909224,292.8857727050781,292.4181823730469,186.85348510742188,185.2910919189453,241.9277801513672,0,9.294820785522461,-0.33006097080483243,0.4398536650621444,-0.14833133318376757,0.18695651202517796,0.8958656636252801,BFA
1,2010,DHS 2010,157,Leo,BFA.5.3.3_1,Centre-Ouest,leo,809.4631380037682,334.2415466308594,334.3782043457031,130.15586853027344,130.6880645751953,257.5842590332031,0.013609415851533413,9.072110176086426,0.5737063784344045,0.6153884778881359,-0.034854128887776156,-1.041900024240243,-0.06538511394985058,BFA
2,2021,DHS 2021,157,Leo,BFA.5.3.3_1,Centre-Ouest,leo,809.4631380037682,334.2415466308594,334.3782043457031,130.15586853027344,130.6880645751953,218.51666259765625,0.021876493468880653,9.272745132446289,0.5737063784344045,0.17737663118669356,0.03333640114469124,0.06514906583446091,-0.06538511394985058,BFA
1,2010,DHS 2010,158,Nebielianayou,BFA.5.3.4_1,Centre-Ouest,nebielianayou,411.05959463943793,298.3877258300781,297.9353332519531,115.1243667602539,116.2798080444336,217.92361450195313,0,9.106559753417969,-0.20982417871036915,0.1707275891344073,-0.14833133318376757,-0.8518166313446462,-0.32022903221037247,BFA
2,2021,DHS 2021,158,Nebielianayou,BFA.5.3.4_1,Centre-Ouest,nebielianayou,411.05959463943793,298.3877258300781,297.9353332519531,115.1243667602539,116.2798080444336,171.23837280273438,0,9.327784538269043,-0.20982417871036915,-0.35269055777191494,-0.14833133318376757,0.3688415292008361,-0.32022903221037247,BFA
1,2010,DHS 2010,159,Niabouri,BFA.5.3.5_1,Centre-Ouest,niabouri,525.3045787479566,278.8319091796875,278.92822265625,214.6400909423828,213.40896606445313,295.6642150878906,0,9.1221284866333,-0.6371867184140241,1.0423272556893497,-0.14833133318376757,-0.7659125982072928,1.3669594781013386,BFA
2,2021,DHS 2021,159,Niabouri,BFA.5.3.5_1,Centre-Ouest,niabouri,525.3045787479566,278.8319091796875,278.92822265625,214.6400909423828,213.40896606445313,236.5240478515625,0,9.329195022583008,-0.6371867184140241,0.379268961121564,-0.14833133318376757,0.37662419780788947,1.3669594781013386,BFA
1,2010,DHS 2010,160,Silly,BFA.5.3.6_1,Centre-Ouest,silly,1128.8775702252688,292.6006164550781,292.6934509277344,140.3865966796875,138.6851348876953,251.5624237060547,0,9.113500595092773,-0.3362926256311696,0.5478738250087912,-0.14833133318376757,-0.8135189558056779,0.10806654032564302,BFA
2,2021,DHS 2021,160,Silly,BFA.5.3.6_1,Centre-Ouest,silly,1128.8775702252688,292.6006164550781,292.6934509277344,140.3865966796875,138.6851348876953,200.86251831054688,1.0412770643597469e-4,9.329718589782715,-0.3362926256311696,-0.02055528801616363,-0.14745725262630754,0.37951309913667397,0.10806654032564302,BFA
1,2010,DHS 2010,161,Tô,BFA.5.3.7_1,Centre-Ouest,tô,1203.9847577161408,322.674072265625,322.47119140625,117.35212707519531,117.8398666381836,272.42822265625,0,9.069192886352539,0.3209168728330242,0.7818136617262668,-0.14833133318376757,-1.0579968351050004,-0.2824596079511606,BFA
2,2021,DHS 2021,161,Tô,BFA.5.3.7_1,Centre-Ouest,tô,1203.9847577161408,322.674072265625,322.47119140625,117.35212707519531,117.8398666381836,209.1640167236328,0,9.271620750427246,0.3209168728330242,0.07251812785941339,-0.14833133318376757,0.05894503183330075,-0.2824596079511606,BFA
1,2010,DHS 2010,162,Bakata,BFA.5.4.1_1,Centre-Ouest,bakata,625.5231629700885,332.6910095214844,332.7520751953125,153.35147094726563,153.32798767089844,200.57102966308594,0,9.116250991821289,0.5398217553161965,-0.02382335394331909,-0.14833133318376757,-0.7983430151276916,0.3278728782854682,BFA
2,2021,DHS 2021,162,Bakata,BFA.5.4.1_1,Centre-Ouest,bakata,625.5231629700885,332.6910095214844,332.7520751953125,153.35147094726563,153.32798767089844,165.244873046875,0,9.331250190734863,0.5398217553161965,-0.4198875224124109,-0.14833133318376757,0.3879640563935554,0.3278728782854682,BFA
1,2010,DHS 2010,163,Bougnounou,BFA.5.4.2_1,Centre-Ouest,bougnounou,512.9937499613679,341.79803466796875,342.4197082519531,123.12928009033203,121.86614227294922,207.49282836914063,0,9.107789993286133,0.7388418967567674,0.0537813648096386,-0.14833133318376757,-0.8450285025393056,-0.18451381828265984,BFA
2,2021,DHS 2021,163,Bougnounou,BFA.5.4.2_1,Centre-Ouest,bougnounou,512.9937499613679,341.79803466796875,342.4197082519531,123.12928009033203,121.86614227294922,165.8279571533203,0,9.32807731628418,0.7388418967567674,-0.4133501930256972,-0.14833133318376757,0.3704569986142001,-0.18451381828265984,BFA
1,2010,DHS 2010,164,Cassou,BFA.5.4.3_1,Centre-Ouest,cassou,1175.1054853987916,330.8036804199219,330.63592529296875,147.5843505859375,147.2887725830078,252.58714294433594,0,9.09738826751709,0.4985770569985603,0.5593626087288379,-0.14833133318376757,-0.9024223946942284,0.23009718212101327,BFA
2,2021,DHS 2021,164,Cassou,BFA.5.4.3_1,Centre-Ouest,cassou,1175.1054853987916,330.8036804199219,330.63592529296875,147.5843505859375,147.2887725830078,192.46124267578125,0,9.307178497314453,0.4985770569985603,-0.11474737023198403,-0.14833133318376757,0.255143002769057,0.23009718212101327,BFA
1,2010,DHS 2010,165,Dalo,BFA.5.4.4_1,Centre-Ouest,dalo,324.8050197652483,328.3511962890625,327.91741943359375,68.77980041503906,70.06583404541016,204.13096618652344,0,9.106249809265137,0.44498175768253617,0.01608937458461254,-0.14833133318376757,-0.8535268188343639,-1.1059543082473735,BFA
2,2021,DHS 2021,165,Dalo,BFA.5.4.4_1,Centre-Ouest,dalo,324.8050197652483,328.3511962890625,327.91741943359375,68.77980041503906,70.06583404541016,174.23605346679688,0,9.3274993896484375,0.44498175768253617,-0.31908163981215715,-0.14833133318376757,0.36726815671029595,-1.1059543082473735,BFA
1,2010,DHS 2010,166,Gao,BFA.5.4.5_1,Centre-Ouest,gao,579.880176908813,324.12322998046875,323.61846923828125,158.73443603515625,160.4440155029297,217.79135131835938,0,9.106123924255371,0.3525860039421257,0.16924470186766472,-0.14833133318376757,-0.8542214180609569,0.4191356101033722,BFA
2,2021,DHS 2021,166,Gao,BFA.5.4.5_1,Centre-Ouest,gao,579.880176908813,324.12322998046875,323.61846923828125,158.73443603515625,160.4440155029297,181.8521270751953,0,9.327309608459473,0.3525860039421257,-0.23369296044120366,-0.14833133318376757,0.36622099575505346,0.4191356101033722,BFA
1,2010,DHS 2010,167,Sapouy,BFA.5.4.6_1,Centre-Ouest,sapouy,2096.1662944384466,319.1271667480469,318.9438171386719,203.4477081298828,203.18948364257813,207.88308715820313,0,9.1140775680542,0.2434046636944293,0.058156806057239926,-0.14833133318376757,-0.8103353760171267,1.1772039410798694,BFA
2,2021,DHS 2021,167,Sapouy,BFA.5.4.6_1,Centre-Ouest,sapouy,2096.1662944384466,319.1271667480469,318.9438171386719,203.4477081298828,203.18948364257813,182.2234344482422,0.0014785673702135682,9.322084426879883,0.2434046636944293,-0.229529995657065,-0.13592829684198712,0.3373898657360912,1.1772039410798694,BFA
1,2010,DHS 2010,168,Doulougou,BFA.6.1.1_1,Centre-Sud,doulougou,544.8562260525613,316.471923828125,316.3771057128906,132.49571228027344,132.94027709960938,177.51107788085938,1.2884782336186618e-5,9.145304679870605,0.18537838036019205,-0.28236324343058194,-0.1482231693539508,-0.6380326708992401,-0.025715428346199935,BFA
2,2021,DHS 2021,168,Doulougou,BFA.6.1.1_1,Centre-Sud,doulougou,544.8562260525613,316.471923828125,316.3771057128906,132.49571228027344,132.94027709960938,151.76315307617188,0.0016942040529102087,9.353506088256836,0.18537838036019205,-0.5710397201377463,-0.13412094794318286,0.5107660423859851,-0.025715428346199935,BFA
1,2010,DHS 2010,169,Gaongo,BFA.6.1.2_1,Centre-Sud,gaongo,627.415169772363,277.8201904296875,278.93115234375,181.99542236328125,183.53021240234375,161.1719970703125,0,9.182342529296875,-0.6592962882773298,-0.46555114369055234,-0.14833133318376757,-0.4336678969356632,0.8135021204601149,BFA
2,2021,DHS 2021,169,Gaongo,BFA.6.1.2_1,Centre-Sud,gaongo,627.415169772363,277.8201904296875,278.93115234375,181.99542236328125,183.53021240234375,144.25038146972656,1.7817302432376891e-4,9.388335227966309,-0.6592962882773298,-0.655270214599165,-0.14683574841847108,0.7029437571920668,0.8135021204601149,BFA
1,2010,DHS 2010,170,Ipelce,BFA.6.1.3_1,Centre-Sud,ipelce,183.14473532190752,315.0833435058594,315.3852844238281,123.59884643554688,122.80225372314453,187.5042724609375,0,9.116250038146973,0.15503307575261877,-0.17032313828389858,-0.14833133318376757,-0.7983482772430446,-0.17655279554995468,BFA
2,2021,DHS 2021,170,Ipelce,BFA.6.1.3_1,Centre-Sud,ipelce,183.14473532190752,315.0833435058594,315.3852844238281,123.59884643554688,122.80225372314453,153.23870849609375,0.0031187485437840223,9.331249237060547,0.15503307575261877,-0.554496323221671,-0.12219096028369683,0.38795879427820246,-0.17655279554995468,BFA
1,2010,DHS 2010,171,Kayao,BFA.6.1.4_1,Centre-Sud,kayao,676.4819166178984,318.13262939453125,317.8227233886719,130.40272521972656,133.2921142578125,178.45486450195313,0,9.146553993225098,0.22167056704037325,-0.27178184711971876,-0.14833133318376757,-0.6311392997868399,-0.06119990830961777,BFA
2,2021,DHS 2021,171,Kayao,BFA.6.1.4_1,Centre-Sud,kayao,676.4819166178984,318.13262939453125,317.8227233886719,130.40272521972656,133.2921142578125,154.2903289794922,0,9.355544090270996,0.22167056704037325,-0.5427059324121841,-0.14833133318376757,0.5220111828952975,-0.06119990830961777,BFA
1,2010,DHS 2010,172,Kombissiri,BFA.6.1.5_1,Centre-Sud,kombissiri,598.9460344492321,310.0401306152344,309.88018798828125,128.4579620361328,130.17059326171875,165.39816284179688,0.011967967264354229,9.166046142578125,0.04482135165360704,-0.41816889233838045,-0.048459685185158995,-0.5235869240873382,-0.09417140226801511,BFA
2,2021,DHS 2021,172,Kombissiri,BFA.6.1.5_1,Centre-Sud,kombissiri,598.9460344492321,310.0401306152344,309.88018798828125,128.4579620361328,130.17059326171875,143.06019592285156,0.02078910917043686,9.36936092376709,0.04482135165360704,-0.6686141470871578,0.024398746150165573,0.5982487101292318,-0.09417140226801511,BFA
1,2010,DHS 2010,173,Sapone,BFA.6.1.6_1,Centre-Sud,sapone,672.6464721764418,315.0487976074219,315.98382568359375,105.49014282226563,109.29910278320313,167.81048583984375,7.822656189091504e-4,9.155799865722656,0.15427812784343495,-0.3911227940979095,-0.14176697607222205,-0.5801230914397256,-0.4835675605437965,BFA
2,2021,DHS 2021,173,Sapone,BFA.6.1.6_1,Centre-Sud,sapone,672.6464721764418,315.0487976074219,315.98382568359375,105.49014282226563,109.29910278320313,146.82254028320313,0.0015625462401658297,9.364468574523926,0.15427812784343495,-0.6264320946559797,-0.13522438555927155,0.5712540583684584,-0.4835675605437965,BFA
1,2010,DHS 2010,174,Toece,BFA.6.1.7_1,Centre-Sud,toece,659.659777730617,303.9299621582031,303.2941589355469,135.97291564941406,137.47915649414063,166.4419708251953,0.002499672118574381,9.1431245803833,-0.08870705866526749,-0.40646609247035326,-0.12737339373005407,-0.6500618665961461,0.033237039925992765,BFA
2,2021,DHS 2021,174,Toece,BFA.6.1.7_1,Centre-Sud,toece,659.659777730617,303.9299621582031,303.2941589355469,135.97291564941406,137.47915649414063,160.6718292236328,0.005718469154089689,9.3431243896484375,-0.08870705866526749,-0.4711588457806025,-0.10046295105385121,0.453482654653475,0.033237039925992765,BFA
1,2010,DHS 2010,175,Guiaro,BFA.6.2.1_1,Centre-Sud,guiaro,1559.535653798098,298.38690185546875,298.4403991699219,184.49462890625,184.47445678710938,234.88006591796875,0,9.098295211791992,-0.2098421854184504,0.3608372266823801,-0.14833133318376757,-0.897418122993547,0.8558736411303123,BFA
2,2021,DHS 2021,175,Guiaro,BFA.6.2.1_1,Centre-Sud,guiaro,1559.535653798098,298.38690185546875,298.4403991699219,184.49462890625,184.47445678710938,199.71009826660156,3.0685204546898603e-4,9.306748390197754,-0.2098421854184504,-0.033475807261748945,-0.1457557821082692,0.2527697887448643,0.8558736411303123,BFA
1,2010,DHS 2010,176,Pô,BFA.6.2.2_1,Centre-Sud,pô,1617.9368849928455,278.6051025390625,280.928466796875,154.9417266845703,154.72589111328125,249.65130615234375,0.018261181190609932,9.108363151550293,-0.6421432315421638,0.5264470620302831,0.0035838261775609087,-0.8418659712121663,0.3548340568377876,BFA
2,2021,DHS 2021,176,Pô,BFA.6.2.2_1,Centre-Sud,pô,1617.9368849928455,278.6051025390625,280.928466796875,154.9417266845703,154.72589111328125,199.96099853515625,0.017965838313102722,9.31640911102295,-0.6421432315421638,-0.030662803647645544,0.0011486069042445158,0.30607501727052366,0.3548340568377876,BFA
1,2010,DHS 2010,177,Tiébélé,BFA.6.2.3_1,Centre-Sud,tiébélé,379.4094408498784,258.6556701660156,257.63018798828125,138.36349487304688,139.36312866210938,245.08261108398438,0.004265573341399431,9.163084983825684,-1.0781076423877383,0.47522449533848987,-0.11259906657006902,-0.5399257922583325,0.07376689420029331,BFA
2,2021,DHS 2021,177,Tiébélé,BFA.6.2.3_1,Centre-Sud,tiébélé,379.4094408498784,258.6556701660156,257.63018798828125,138.36349487304688,139.36312866210938,189.5428924560547,2.813057217281312e-4,9.345047950744629,-1.0781076423877383,-0.14746686376859985,-0.1459701740616203,0.46409634132043004,0.07376689420029331,BFA
1,2010,DHS 2010,178,Zecco,BFA.6.2.4_1,Centre-Sud,zecco,62.88170551642748,236.9195098876953,237.45616149902344,114.45437622070313,114.79497528076172,243.58819580078125,0,9.164999008178711,-1.5531182658772524,0.45846964841529714,-0.14833133318376757,-0.5293647267449072,-0.33158804456382546,BFA
2,2021,DHS 2021,178,Zecco,BFA.6.2.4_1,Centre-Sud,zecco,62.88170551642748,236.9195098876953,237.45616149902344,114.45437622070313,114.79497528076172,187.3675994873047,0.009212080389261246,9.349398612976074,-1.5531182658772524,-0.17185546653126973,-0.07135224810841216,0.4881021115607122,-0.33158804456382546,BFA
1,2010,DHS 2010,179,Ziou,BFA.6.2.5_1,Centre-Sud,ziou,257.23415795285985,233.53602600097656,233.13388061523438,140.07424926757813,141.3863067626953,246.69728088378906,0,9.177138328552246,-1.6270591445797349,0.49332759267114257,-0.14833133318376757,-0.46238326041685995,0.1027710056825743,BFA
2,2021,DHS 2021,179,Ziou,BFA.6.2.5_1,Centre-Sud,ziou,257.23415795285985,233.53602600097656,233.13388061523438,140.07424926757813,141.3863067626953,189.7333984375,0.0021325929556041956,9.352845191955566,-1.6270591445797349,-0.14533097919023333,-0.13044781081416718,0.5071193964463719,0.1027710056825743,BFA
1,2010,DHS 2010,180,Bere,BFA.6.3.1_1,Centre-Sud,bere,279.18017712363746,289.56060791015625,289.6318359375,116.8847427368164,118.0234375,165.3489532470703,0.0017180736176669598,9.144735336303711,-0.40272737472423153,-0.41872061262394167,-0.13392091020633798,-0.6411741537649676,-0.2903836369635942,BFA
2,2021,DHS 2021,180,Bere,BFA.6.3.1_1,Centre-Sud,bere,279.18017712363746,289.56060791015625,289.6318359375,116.8847427368164,118.0234375,148.3429718017578,0,9.345009803771973,-0.40272737472423153,-0.609385563054684,-0.14833133318376757,0.46388585670631094,-0.2903836369635942,BFA
1,2010,DHS 2010,181,Binde,BFA.6.3.2_1,Centre-Sud,binde,505.76477771602055,278.639404296875,277.7716369628906,75.65758514404297,75.67616271972656,170.7732391357422,0,9.17763900756836,-0.641393618953893,-0.3579054692338571,-0.14833133318376757,-0.45962064985654694,-0.9893484204186779,BFA
2,2021,DHS 2021,181,Binde,BFA.6.3.2_1,Centre-Sud,binde,505.76477771602055,278.639404296875,277.7716369628906,75.65758514404297,75.67616271972656,151.33383178710938,4.4394846190698445e-4,9.38353157043457,-0.641393618953893,-0.5758531160926459,-0.14460532384549163,0.6764384821591205,-0.9893484204186779,BFA
1,2010,DHS 2010,182,Gogo,BFA.6.3.3_1,Centre-Sud,gogo,997.0004499187273,278.13690185546875,277.6919860839844,159.5272216796875,162.25418090820313,217.091552734375,0,9.169145584106445,-0.6523750432229926,0.16139881171684003,-0.14833133318376757,-0.5064850491901621,0.4325764893371425,BFA
2,2021,DHS 2021,182,Gogo,BFA.6.3.3_1,Centre-Sud,gogo,997.0004499187273,278.13690185546875,277.6919860839844,159.5272216796875,162.25418090820313,190.84458923339844,2.6477331994101405e-4,9.362401962280273,-0.6523750432229926,-0.13287270745211668,-0.1461089215581456,0.5598510543985569,0.4325764893371425,BFA
1,2010,DHS 2010,183,Gomboussougou,BFA.6.3.4_1,Centre-Sud,gomboussougou,784.7789203398017,258.6125793457031,258.3995056152344,162.770263671875,162.7686309814453,233.3810272216797,0,9.181197166442871,-1.0790493265288756,0.3440305437137532,-0.14833133318376757,-0.4399876974745889,0.4875589881597733,BFA
2,2021,DHS 2021,183,Gomboussougou,BFA.6.3.4_1,Centre-Sud,gomboussougou,784.7789203398017,258.6125793457031,258.3995056152344,162.770263671875,162.7686309814453,207.376708984375,8.297605672851205e-4,9.362576484680176,-1.0790493265288756,0.052479476011771616,-0.14136858895900997,0.5608140215081516,0.4875589881597733,BFA
1,2010,DHS 2010,184,Guiba,BFA.6.3.5_1,Centre-Sud,guiba,277.3486084742692,303.8363952636719,303.73748779296875,93.60667419433594,94.824066162109375,192.15231323242188,0.0024461792781949043,9.142692565917969,-0.09075182040515935,-0.11821097609290586,-0.12782134500227257,-0.6524456048510447,-0.6850397589975679,BFA
2,2021,DHS 2021,184,Guiba,BFA.6.3.5_1,Centre-Sud,guiba,277.3486084742692,303.8363952636719,303.73748779296875,93.60667419433594,94.824066162109375,177.90481567382813,0.0018798557575792074,9.342808723449707,-0.09075182040515935,-0.27794879684186186,-0.13256522840638332,0.4517408944716395,-0.6850397589975679,BFA
1,2010,DHS 2010,185,Manga,BFA.6.3.6_1,Centre-Sud,manga,246.07327910448208,287.06072998046875,287.0713806152344,76.25474548339844,76.74095916748047,196.75897216796875,0.04557066410779953,9.1515045166015625,-0.457358393212484,-0.0665627721699572,0.2257624543559602,-0.603823658989535,-0.9792241704907925,BFA
2,2021,DHS 2021,185,Manga,BFA.6.3.6_1,Centre-Sud,manga,246.07327910448208,287.06072998046875,287.0713806152344,76.25474548339844,76.74095916748047,177.81735229492188,0.22359004616737366,9.352934837341309,-0.457358393212484,-0.2789294048036718,1.545638542045512,0.5076140352895518,-0.9792241704907925,BFA
1,2010,DHS 2010,186,Nobere,BFA.6.3.7_1,Centre-Sud,nobere,590.8382940287471,288.871337890625,287.8136901855469,118.2708969116211,119.31471252441406,194.75730895996094,0,9.131882667541504,-0.41779031949174544,-0.08900470047389797,-0.14833133318376757,-0.7120916823770417,-0.26688279409206067,BFA
2,2021,DHS 2021,186,Nobere,BFA.6.3.7_1,Centre-Sud,nobere,590.8382940287471,288.871337890625,287.8136901855469,118.2708969116211,119.31471252441406,179.90126037597656,4.302612505853176e-4,9.334920883178711,-0.41779031949174544,-0.2555653765495992,-0.14472017436115833,0.4082179383871648,-0.26688279409206067,BFA
1,2010,DHS 2010,187,Bilanga,BFA.8.1.1_1,Est,bilanga,2124.819498774629,287.9493713378906,288.0050964355469,118.40337371826172,119.48373413085938,184.3440399169922,5.069398321211338e-4,9.173320770263672,-0.43793849200442425,-0.20575452948461262,-0.14407677833343532,-0.48344750817482784,-0.26463678374662236,BFA
2,2021,DHS 2021,187,Bilanga,BFA.8.1.1_1,Est,bilanga,2124.819498774629,287.9493713378906,288.0050964355469,118.40337371826172,119.48373413085938,137.5190887451172,5.504442960955203e-4,9.374921798706055,-0.43793849200442425,-0.7307390487737562,-0.14371176221510734,0.628932104752442,-0.26463678374662236,BFA
1,2010,DHS 2010,188,Bogandé,BFA.8.1.2_1,Est,bogandé,1518.280554839277,294.89263916015625,294.5408020019531,140.88998413085938,141.69061279296875,151.16578674316406,0.0052799140103161335,9.246793746948242,-0.2862039659851883,-0.5777371767143159,-0.10412437702701773,-0.07804361715075563,0.11660096572255738,BFA
2,2021,DHS 2021,188,Bogandé,BFA.8.1.2_1,Est,bogandé,1518.280554839277,294.89263916015625,294.5408020019531,140.88998413085938,141.69061279296875,95.51200866699219,0.0023552163038402796,9.46077823638916,-0.2862039659851883,-1.201707329351505,-0.12858312762283927,1.1026645636349235,0.11660096572255738,BFA
1,2010,DHS 2010,189,Koalla,BFA.8.1.3_1,Est,koalla,1964.8615780980008,276.92181396484375,275.4322509765625,148.5047149658203,156.40699768066406,141.84263610839844,0,9.303849220275879,-0.6789289354067938,-0.6822649900223744,-0.14833133318376757,0.23677295807181345,0.2457010298526193,BFA
2,2021,DHS 2021,189,Koalla,BFA.8.1.3_1,Est,koalla,1964.8615780980008,276.92181396484375,275.4322509765625,148.5047149658203,156.40699768066406,82.62518310546875,7.34402856323868e-5,9.498872756958008,-0.6789289354067938,-1.346189784821592,-0.14771484298253248,1.3128597614095994,0.2457010298526193,BFA
1,2010,DHS 2010,190,Liptougou,BFA.8.1.4_1,Est,liptougou,1329.3494178947565,271.1338806152344,271.0373840332031,211.61195373535156,211.3319854736328,152.21826171875,0,9.275251388549805,-0.8054153890356754,-0.5659372056456069,-0.14833133318376757,0.0789779049820851,1.3156204726794396,BFA
2,2021,DHS 2021,190,Liptougou,BFA.8.1.4_1,Est,liptougou,1329.3494178947565,271.1338806152344,271.0373840332031,211.61195373535156,211.3319854736328,90.108612060546875,0,9.478888511657715,-0.8054153890356754,-1.2622882696188196,-0.14833133318376757,1.2025921341879613,1.3156204726794396,BFA
1,2010,DHS 2010,191,Mani,BFA.8.1.5_1,Est,mani,459.0102530522312,281.1193542480469,281.46337890625,90.32450103759766,90.98973846435547,140.58665466308594,0.0030777095817029476,9.30875015258789,-0.5871980960351609,-0.6963466024704726,-0.12253440803130303,0.2638149688707635,-0.7406856871603134,BFA
2,2021,DHS 2021,191,Mani,BFA.8.1.5_1,Est,mani,459.0102530522312,281.1193542480469,281.46337890625,90.32450103759766,90.98973846435547,81.970611572265625,0.0023418439086526632,9.5,-0.5871980960351609,-1.353528605537873,-0.12869512251410553,1.3190795817568184,-0.7406856871603134,BFA
1,2010,DHS 2010,192,Piéla,BFA.8.1.6_1,Est,piéla,828.6265707426592,286.5478820800781,286.44525146484375,111.47811889648438,111.64547729492188,174.7803497314453,4.754100227728486e-4,9.226951599121094,-0.4685659017052703,-0.312979185763706,-0.14434133325806148,-0.1875271891848,-0.3820474790142328,BFA
2,2021,DHS 2021,192,Piéla,BFA.8.1.6_1,Est,piéla,828.6265707426592,286.5478820800781,286.44525146484375,111.47811889648438,111.64547729492188,130.04029846191406,3.499204758554697e-4,9.447389602661133,-0.4685659017052703,-0.814588556855037,-0.14539435209043644,1.0287897261944763,-0.3820474790142328,BFA
1,2010,DHS 2010,193,Thion,BFA.8.1.7_1,Est,thion,335.98118969398973,290.63458251953125,291.23724365234375,125.24443054199219,125.70746612548828,142.3520965576172,0,9.286730766296387,-0.37925729802812114,-0.6765531026132834,-0.14833133318376757,0.14231798748587207,-0.14865358042627388,BFA
2,2021,DHS 2021,193,Thion,BFA.8.1.7_1,Est,thion,335.98118969398973,290.63458251953125,291.23724365234375,125.24443054199219,125.70746612548828,88.26700592041016,0,9.485271453857422,-0.37925729802812114,-1.2829356956172115,-0.14833133318376757,1.2378114722454379,-0.14865358042627388,BFA
1,2010,DHS 2010,194,Diabo,BFA.8.2.1_1,Est,diabo,679.7859525236913,305.03546142578125,305.0377197265625,110.67445373535156,111.26980590820313,218.66551208496094,0.0030450322665274143,9.117795944213867,-0.06454805865627114,0.17904547812798036,-0.12280788869747278,-0.7898183882558685,-0.3956728094546718,BFA
2,2021,DHS 2021,194,Diabo,BFA.8.2.1_1,Est,diabo,679.7859525236913,305.03546142578125,305.0377197265625,110.67445373535156,111.26980590820313,157.22903442382813,0,9.313460350036621,-0.06454805865627114,-0.5097582234148121,-0.14833133318376757,0.289804556599118,-0.3956728094546718,BFA
1,2010,DHS 2010,195,Diapangou,BFA.8.2.2_1,Est,diapangou,465.08082163961336,307.112060546875,307.257568359375,52.92530822753906,53.0419807434082,210.5093994140625,0.007598055060952902,9.141423225402832,-0.01916715280086286,0.08760207492862891,-0.08478865622221125,-0.6594494803858575,-1.374751197135215,BFA
2,2021,DHS 2021,195,Diapangou,BFA.8.2.2_1,Est,diapangou,465.08082163961336,307.112060546875,307.257568359375,52.92530822753906,53.0419807434082,149.3192596435547,0.0036236613523215055,9.330438613891602,-0.01916715280086286,-0.5984397747412641,-0.11796658462572086,0.38348599622817175,-1.374751197135215,BFA
1,2010,DHS 2010,196,Fada N'gourma,BFA.8.2.3_1,Est,fada n'gourma,3442.988875818827,286.44952392578125,286.140869140625,102.4200668334961,103.51678466796875,214.9254608154297,0.019567927345633507,9.124493598937988,-0.470715369118079,0.1371133678168658,0.014349997644951236,-0.7528625521319093,-0.5356175956172087,BFA
2,2021,DHS 2021,196,Fada N'gourma,BFA.8.2.3_1,Est,fada n'gourma,3442.988875818827,286.44952392578125,286.140869140625,102.4200668334961,103.51678466796875,160.62875366210938,0.022599248215556145,9.330961227416992,-0.470715369118079,-0.47164179349103336,0.039271757134609606,0.3863696354416033,-0.5356175956172087,BFA
1,2010,DHS 2010,197,Matiacoali,BFA.8.2.4_1,Est,matiacoali,4455.797518378081,264.2897033691406,264.87811279296875,181.62643432617188,180.41183471679688,194.45692443847656,0,9.136606216430664,-0.9549844416793638,-0.0923725037425983,-0.14833133318376757,-0.6860284250337455,0.8072463012740531,BFA
2,2021,DHS 2021,197,Matiacoali,BFA.8.2.4_1,Est,matiacoali,4455.797518378081,264.2897033691406,264.87811279296875,181.62643432617188,180.41183471679688,141.7618865966797,0,9.356573104858398,-0.9549844416793638,-0.6831703245188675,-0.14833133318376757,0.5276890053611599,0.8072463012740531,BFA
1,2010,DHS 2010,198,Tibga,BFA.8.2.5_1,Est,tibga,768.578443471793,306.0089111328125,305.6811218261719,82.6789779663086,83.134033203125,186.30404663085938,9.164575603790581e-4,9.119660377502441,-0.043274800346071965,-0.1837796388177516,-0.1406414242689715,-0.779530952740798,-0.87030780253169,BFA
2,2021,DHS 2021,198,Tibga,BFA.8.2.5_1,Est,tibga,768.578443471793,306.0089111328125,305.6811218261719,82.6789779663086,83.134033203125,137.6571502685547,0,9.305355072021484,-0.043274800346071965,-0.729191152605149,-0.14833133318376757,0.24508183821416452,-0.87030780253169,BFA
1,2010,DHS 2010,199,Yamba,BFA.8.2.6_1,Est,yamba,1408.7727372110994,293.0138244628906,292.2838439941406,100.42666625976563,99.90880584716797,208.9150848388672,0,9.134968757629395,-0.327262594985985,0.06972719305673243,-0.14833133318376757,-0.6950634770948074,-0.5694136873613794,BFA
2,2021,DHS 2021,199,Yamba,BFA.8.2.6_1,Est,yamba,1408.7727372110994,293.0138244628906,292.2838439941406,100.42666625976563,99.90880584716797,157.55331420898438,0,9.331645965576172,-0.327262594985985,-0.5061225150400067,-0.14833133318376757,0.39014783426504096,-0.5694136873613794,BFA
1,2010,DHS 2010,200,Bartiébougou,BFA.8.3.1_1,Est,bartiébougou,902.859344235574,264.5763244628906,265.0939025878906,206.86302185058594,207.12071228027344,134.400390625,0,9.296961784362793,-0.9487207749275489,-0.7657047709458508,-0.14833133318376757,0.19876996099261188,1.2351071329225416,BFA
2,2021,DHS 2021,200,Bartiébougou,BFA.8.3.1_1,Est,bartiébougou,902.859344235574,264.5763244628906,265.0939025878906,206.86302185058594,207.12071228027344,84.048553466796875,0,9.455547332763672,-0.9487207749275489,-1.330231468022298,-0.14833133318376757,1.0738018609238436,1.2351071329225416,BFA
1,2010,DHS 2010,201,Foutouri,BFA.8.3.2_1,Est,foutouri,1321.3170408976787,267.4605407714844,267.4873962402344,257.7115173339844,257.48443603515625,139.521484375,0,9.224656105041504,-0.8856906274920694,-0.7082889088190536,-0.14833133318376757,-0.20019310083941622,2.0971919748035717,BFA
2,2021,DHS 2021,201,Foutouri,BFA.8.3.2_1,Est,foutouri,1321.3170408976787,267.4605407714844,267.4873962402344,257.7115173339844,257.48443603515625,89.87178802490234,0,9.429893493652344,-0.8856906274920694,-1.2649434555698438,-0.14833133318376757,0.9322509579287558,2.0971919748035717,BFA
1,2010,DHS 2010,202,Gayéri,BFA.8.3.3_1,Est,gayéri,2904.824529837815,280.44183349609375,280.37286376953125,135.55670166015625,134.99569702148438,179.3214111328125,0,9.253227233886719,-0.6020042784837386,-0.26206643781211475,-0.14833133318376757,-0.0425453869795712,0.0261805524585289,BFA
2,2021,DHS 2021,202,Gayéri,BFA.8.3.3_1,Est,gayéri,2904.824529837815,280.44183349609375,280.37286376953125,135.55670166015625,134.99569702148438,116.240478515625,4.8131635412573814e-4,9.438740730285645,-0.6020042784837386,-0.9693071771518748,-0.1442917747898229,0.9810676020583257,0.0261805524585289,BFA
1,2010,DHS 2010,203,Kompienga,BFA.8.4.1_1,Est,kompienga,686.2694180259679,201.916748046875,200.01425170898438,122.05012512207031,121.21546173095703,289.8778381347656,3.7179276114329696e-4,9.255518913269043,-2.318050227777005,0.9774524774538796,-0.14521080595712166,-0.0299005237863669,-0.20280979993039167,BFA
2,2021,DHS 2021,203,Kompienga,BFA.8.4.1_1,Est,kompienga,686.2694180259679,201.916748046875,200.01425170898438,122.05012512207031,121.21546173095703,200.31507873535156,7.517372141592205e-4,9.367022514343262,-2.318050227777005,-0.02669298373246769,-0.14202305798314133,0.5853460032837315,-0.20280979993039167,BFA
1,2010,DHS 2010,204,Madjoari,BFA.8.4.2_1,Est,madjoari,1264.7991813289616,191.46792602539063,191.97193908691406,186.90452575683594,185.0870819091797,258.44232177734375,0,9.143169403076172,-2.5463932929552033,0.6250087689077485,-0.14833133318376757,-0.6498145471745561,0.8967310062428212,BFA
2,2021,DHS 2021,204,Madjoari,BFA.8.4.2_1,Est,madjoari,1264.7991813289616,191.46792602539063,191.97193908691406,186.90452575683594,185.0870819091797,193.066162109375,0,9.30943775177002,-2.5463932929552033,-0.10796523100693294,-0.14833133318376757,0.2676089540402601,0.8967310062428212,BFA
1,2010,DHS 2010,205,Pama,BFA.8.4.3_1,Est,pama,4997.3168274292175,210.8279266357422,210.7899627685547,248.64112854003906,252.76290893554688,234.19960021972656,0.0021039529237896204,9.19381046295166,-2.1233100140812993,0.3532080898964565,-0.13068772851038923,-0.3703909598161119,1.9434127013975218,BFA
2,2021,DHS 2021,205,Pama,BFA.8.4.3_1,Est,pama,4997.3168274292175,210.8279266357422,210.7899627685547,248.64112854003906,252.76290893554688,170.7987518310547,0.002018504310399294,9.3591890335083,-2.1233100140812993,-0.3576194300656529,-0.1314035727403472,0.5421229877743765,1.9434127013975218,BFA
1,2010,DHS 2010,206,Botou,BFA.8.5.1_1,Est,botou,1816.8153447121106,245.7245330810547,245.80819702148438,207.0049285888672,207.31321716308594,182.5290069580078,0,9.194822311401367,-1.360697916406013,-0.22610402652880163,-0.14833133318376757,-0.3648078554266031,1.2375130182269158,BFA
2,2021,DHS 2021,206,Botou,BFA.8.5.1_1,Est,botou,1816.8153447121106,245.7245330810547,245.80819702148438,207.0049285888672,207.31321716308594,134.14120483398438,0,9.402477264404297,-1.360697916406013,-0.7686106688591975,-0.14833133318376757,0.7809756657613662,1.2375130182269158,BFA
1,2010,DHS 2010,207,Diapaga,BFA.8.5.2_1,Est,diapaga,3895.7671806535473,267.0328369140625,267.3297424316406,276.0157470703125,277.859375,240.23374938964844,0.0015603604260832071,9.091689109802246,-0.8950374428164609,0.4208608011542347,-0.13524270631505889,-0.9338687960436203,2.4075216875705587,BFA
2,2021,DHS 2021,207,Diapaga,BFA.8.5.2_1,Est,diapaga,3895.7671806535473,267.0328369140625,267.3297424316406,276.0157470703125,277.859375,181.48411560058594,0.0027019577100872993,9.294794082641602,-0.8950374428164609,-0.23781897279691405,-0.12567966183603507,0.1868091727952946,2.4075216875705587,BFA
1,2010,DHS 2010,208,Kantchari,BFA.8.5.3_1,Est,kantchari,3614.4200030571783,266.99578857421875,267.1725769042969,202.0105438232422,201.24075317382813,190.29794311523438,3.30606970237568e-4,9.14654541015625,-0.8958470777650026,-0.13900150721342874,-0.14555642899303528,-0.6311866588250167,1.152838272985484,BFA
2,2021,DHS 2021,208,Kantchari,BFA.8.5.3_1,Est,kantchari,3614.4200030571783,266.99578857421875,267.1725769042969,202.0105438232422,201.24075317382813,131.5044403076172,9.599854820407927e-4,9.365983963012695,-0.8958470777650026,-0.7981731248300004,-0.14027636075853941,0.5796155596643393,1.152838272985484,BFA
1,2010,DHS 2010,209,Logobou,BFA.8.5.4_1,Est,logobou,2475.255206627061,212.64129638671875,210.57754516601563,268.3917541503906,270.2215270996094,248.8700714111328,0,9.09192180633545,-2.083681584542733,0.5176881389603761,-0.14833133318376757,-0.9325848398974939,2.278264594152351,BFA
2,2021,DHS 2021,209,Logobou,BFA.8.5.4_1,Est,logobou,2475.255206627061,212.64129638671875,210.57754516601563,268.3917541503906,270.2215270996094,207.04786682128906,0,9.2855863571167,-2.083681584542733,0.048792615895762226,-0.14833133318376757,0.1360034490622994,2.278264594152351,BFA
1,2010,DHS 2010,210,Namounou,BFA.8.5.5_1,Est,namounou,56.10004077970927,252.82962036132813,252.2039794921875,159.17149353027344,163.76405334472656,236.55079650878906,0,9.095000267028809,-1.2054270729941559,0.37956885745042873,-0.14833133318376757,-0.9155987315380834,0.4265454781435,BFA
2,2021,DHS 2021,210,Namounou,BFA.8.5.5_1,Est,namounou,56.10004077970927,252.82962036132813,252.2039794921875,159.17149353027344,163.76405334472656,173.16468811035156,0,9.292500495910645,-1.2054270729941559,-0.33109340304009865,-0.14833133318376757,0.17415378537138435,0.4265454781435,BFA
1,2010,DHS 2010,211,Partiaga,BFA.8.5.6_1,Est,partiaga,1647.7967562628885,251.11734008789063,251.74429321289063,181.17828369140625,180.34877014160156,202.41648864746094,0,9.124818801879883,-1.2428463462171997,-0.003132731240398597,-0.14833133318376757,-0.7510681707965441,0.7996483602644328,BFA
2,2021,DHS 2021,211,Partiaga,BFA.8.5.6_1,Est,partiaga,1647.7967562628885,251.11734008789063,251.74429321289063,181.17828369140625,180.34877014160156,150.19100952148438,0.039253029972314835,9.340123176574707,-1.2428463462171997,-0.5886660284980395,0.1748851339284801,0.43692277763765563,0.7996483602644328,BFA
1,2010,DHS 2010,212,Tambaga,BFA.8.5.7_1,Est,tambaga,790.4835511465262,221.59274291992188,220.73524475097656,232.4704132080078,238.9563751220703,229.44122314453125,0,9.1259002685546875,-1.8880613763539458,0.2998588767334039,-0.14833133318376757,-0.7451009319862679,1.6692545687410942,BFA
2,2021,DHS 2021,212,Tambaga,BFA.8.5.7_1,Est,tambaga,790.4835511465262,221.59274291992188,220.73524475097656,232.4704132080078,238.9563751220703,177.13624572753906,0,9.337446212768555,-1.8880613763539458,-0.286565726784012,-0.14833133318376757,0.4221520198418485,1.6692545687410942,BFA
1,2010,DHS 2010,213,Tansarga,BFA.8.5.8_1,Est,tansarga,592.5737377444276,264.1218566894531,263.2977294921875,207.3695831298828,210.0363311767578,261.26904296875,0,9.091423034667969,-0.9586524748070236,0.6567009507188465,-0.14833133318376757,-0.935336926227101,1.2436953673671236,BFA
2,2021,DHS 2021,213,Tansarga,BFA.8.5.8_1,Est,tansarga,592.5737377444276,264.1218566894531,263.2977294921875,207.3695831298828,210.0363311767578,188.16476440429688,0,9.288844108581543,-0.9586524748070236,-0.16291794005729274,-0.14833133318376757,0.15397883510806964,1.2436953673671236,BFA
1,2010,DHS 2010,214,Bama,BFA.9.1.1_1,Haut-Bassins,bama,1313.3301606299542,331.3399658203125,324.0031433105469,129.8671875,134.57489013671875,364.2081604003906,0.0018847642932087183,8.982468605041504,0.5102967562989907,1.8108173294532268,-0.13252409989346925,-1.5365178189586912,-0.07027940901151238,BFA
2,2021,DHS 2021,214,Bama,BFA.9.1.1_1,Haut-Bassins,bama,1313.3301606299542,331.3399658203125,324.0031433105469,129.8671875,134.57489013671875,248.4306640625,0.002552502788603306,9.259480476379395,0.5102967562989907,0.5127616617314438,-0.12693101095974965,-0.008041696610099461,-0.07027940901151238,BFA
1,2010,DHS 2010,215,Bobo-Dioulasso,BFA.9.1.2_1,Haut-Bassins,bobo dioulasso,1813.337874627832,380.73077392578125,379.3514099121094,94.4488525390625,96.9278335571289,399.2453308105469,0.5247277617454529,9.00363826751709,1.589657519765106,2.2036414884685995,3.392707506565082,-1.4197093823533025,-0.6707614764594686,BFA
2,2021,DHS 2021,215,Bobo-Dioulasso,BFA.9.1.2_1,Haut-Bassins,bobo dioulasso,1813.337874627832,380.73077392578125,379.3514099121094,94.4488525390625,96.9278335571289,300.21551513671875,0.6679344773292542,9.271203994750977,1.589657519765106,1.0933547956755492,4.146305421758407,0.0566454874240497,-0.6707614764594686,BFA
1,2010,DHS 2010,216,Dandé,BFA.9.1.3_1,Haut-Bassins,dandé,239.50169843544958,343.6981201171875,346.9340515136719,132.40264892578125,132.86512756347656,372.97869873046875,0,8.876837730407715,0.7803653655921057,1.9091494522614756,-0.14833133318376757,-2.1193602396851556,-0.02729322345064918,BFA
2,2021,DHS 2021,216,Dandé,BFA.9.1.3_1,Haut-Bassins,dandé,239.50169843544958,343.6981201171875,346.9340515136719,132.40264892578125,132.86512756347656,242.61195373535156,0.0020204861648380756,9.139878273010254,0.7803653655921057,0.4475243733300498,-0.131386969098752,-0.6679741072576806,-0.02729322345064918,BFA
1,2010,DHS 2010,217,Faramana,BFA.9.1.4_1,Haut-Bassins,faramana,216.71312205424363,377.13775634765625,378.361083984375,204.17401123046875,207.74130249023438,361.9570007324219,0,8.893820762634277,1.5111376018890759,1.785578136532476,-0.14833133318376757,-2.025652489479337,1.1895176759834076,BFA
2,2021,DHS 2021,217,Faramana,BFA.9.1.4_1,Haut-Bassins,faramana,216.71312205424363,377.13775634765625,378.361083984375,204.17401123046875,207.74130249023438,208.21099853515625,0.0024380097165703773,9.163541793823242,1.5111376018890759,0.06183323053373947,-0.1278897593554888,-0.5374052390042564,1.1895176759834076,BFA
1,2010,DHS 2010,218,Fo,BFA.9.1.5_1,Haut-Bassins,fo,403.18440199565856,387.74169921875,387.28948974609375,163.99526977539063,164.2342071533203,376.74591064453125,0,8.868914604187012,1.7428705965923459,1.9513860779550085,-0.14833133318376757,-2.163077894037691,0.508327728375447,BFA
2,2021,DHS 2021,218,Fo,BFA.9.1.5_1,Haut-Bassins,fo,403.18440199565856,387.74169921875,387.28948974609375,163.99526977539063,164.2342071533203,216.2394561767578,0,9.129515647888184,1.7428705965923459,0.15184541143572491,-0.14833133318376757,-0.7251522526831312,0.508327728375447,BFA
1,2010,DHS 2010,219,Karankasso-Sambla,BFA.9.1.6_1,Haut-Bassins,karankasso sambla,723.2585954604751,382.3764343261719,371.4322814941406,145.10906982421875,155.07528686523438,378.8597717285156,0,8.873125076293945,1.625620917294026,1.9750859285100288,-0.14833133318376757,-2.1398456547542963,0.18813129888708036,BFA
2,2021,DHS 2021,219,Karankasso-Sambla,BFA.9.1.6_1,Haut-Bassins,karankasso sambla,723.2585954604751,382.3764343261719,371.4322814941406,145.10906982421875,155.07528686523438,291.6138000488281,0,9.1431245803833,1.625620917294026,0.9969154583679047,-0.14833133318376757,-0.6500618665961461,0.18813129888708036,BFA
1,2010,DHS 2010,220,Karankasso-Vigué,BFA.9.1.7_1,Haut-Bassins,karankasso vigué,1973.9995383730375,316.5543212890625,315.57171630859375,139.05868530273438,137.7718048095703,386.4055480957031,0,9.046133041381836,0.187179051168316,2.059686460483903,-0.14833133318376757,-1.18523478433999,0.08555314521828113,BFA
2,2021,DHS 2021,220,Karankasso-Vigué,BFA.9.1.7_1,Haut-Bassins,karankasso vigué,1973.9995383730375,316.5543212890625,315.57171630859375,139.05868530273438,137.7718048095703,346.3388977050781,3.071702376473695e-4,9.2929840087890625,0.187179051168316,1.6104735799911936,-0.14575311178429567,0.1768216778553438,0.08555314521828113,BFA
1,2010,DHS 2010,221,Koundougou,BFA.9.1.8_1,Haut-Bassins,koundougou,394.9292437645114,351.5220642089844,353.5028381347656,162.8030242919922,162.38270568847656,380.494384765625,0,8.893911361694336,0.951345727974616,1.9934126222498842,-0.14833133318376757,-2.0251525885208044,0.4881144113585358,BFA
2,2021,DHS 2021,221,Koundougou,BFA.9.1.8_1,Haut-Bassins,koundougou,394.9292437645114,351.5220642089844,353.5028381347656,162.8030242919922,162.38270568847656,232.35818481445313,0,9.161965370178223,0.951345727974616,0.3325628023487837,-0.14833133318376757,-0.5461035156827277,0.4881144113585358,BFA
1,2010,DHS 2010,222,Lena,BFA.9.1.9_1,Haut-Bassins,lena,582.7802163437723,317.4781188964844,311.6196594238281,119.42286682128906,122.994873046875,388.3175048828125,0,9.040979385375977,0.20736723858784198,2.0811226326455756,-0.14833133318376757,-1.213671255707479,-0.24735230871610592,BFA
2,2021,DHS 2021,222,Lena,BFA.9.1.9_1,Haut-Bassins,lena,582.7802163437723,317.4781188964844,311.6196594238281,119.42286682128906,122.994873046875,294.97906494140625,0,9.30355167388916,0.20736723858784198,1.034645598553762,-0.14833133318376757,0.23513117808168457,-0.24735230871610592,BFA
1,2010,DHS 2010,223,Padéma,BFA.9.1.10_1,Haut-Bassins,padéma,931.7184923831039,308.8735046386719,308.5601501464844,212.7047576904297,212.27984619140625,340.27569580078125,0,8.983306884765625,0.019326520671028375,1.5424951399198625,-0.14833133318376757,-1.5318924195634243,1.3341478591018772,BFA
2,2021,DHS 2021,223,Padéma,BFA.9.1.10_1,Haut-Bassins,padéma,931.7184923831039,308.8735046386719,308.5601501464844,212.7047576904297,212.27984619140625,200.66099548339844,0,9.278231620788574,0.019326520671028375,-0.022814689508072868,-0.14833133318376757,0.09542201546013895,1.3341478591018772,BFA
1,2010,DHS 2010,224,Peni,BFA.9.1.11_1,Haut-Bassins,peni,1276.6699893974992,371.39141845703125,368.24560546875,110.2458267211914,105.00370025634766,380.7967834472656,1.1986612662440166e-4,9.002350807189941,1.3855601535607396,1.9968030075581795,-0.14732514731865362,-1.4268132380798217,-0.40293974721193226,BFA
2,2021,DHS 2021,224,Peni,BFA.9.1.11_1,Haut-Bassins,peni,1276.6699893974992,371.39141845703125,368.24560546875,110.2458267211914,105.00370025634766,348.38720703125,0.011690261773765087,9.191555976867676,1.3855601535607396,1.6334384878030292,-0.05076369892735662,-0.3828306005105501,-0.40293974721193226,BFA
1,2010,DHS 2010,225,Satiri,BFA.9.1.12_1,Haut-Bassins,satiri,1229.7186453703785,329.4935607910156,321.75543212890625,150.73565673828125,154.82350158691406,357.47723388671875,0,9.003817558288574,0.46994639114938946,1.7353526011040166,-0.14833133318376757,-1.4187201046669429,0.2835243925081712,BFA
2,2021,DHS 2021,225,Satiri,BFA.9.1.12_1,Haut-Bassins,satiri,1229.7186453703785,329.4935607910156,321.75543212890625,150.73565673828125,154.82350158691406,232.9735107421875,4.0710196481086314e-4,9.287046432495117,0.46994639114938946,0.33946161544507597,-0.14491450941114867,0.14405974766770754,0.2835243925081712,BFA
1,2010,DHS 2010,226,Toussiana,BFA.9.1.13_1,Haut-Bassins,toussiana,493.035153030161,474.18060302734375,473.44580078125,95.94877624511719,96.63509368896484,370.25439453125,0.0031190109439194202,8.872540473937988,3.631860973279206,1.8786055329485754,-0.12218876434901371,-2.1430713314656713,-0.6453317861869229,BFA
2,2021,DHS 2021,226,Toussiana,BFA.9.1.13_1,Haut-Bassins,toussiana,493.035153030161,474.18060302734375,473.44580078125,95.94877624511719,96.63509368896484,311.3845520019531,0.00359472562558949,9.074779510498047,3.631860973279206,1.2185780218161393,-0.11820861926816266,-1.0271713633672597,-0.6453317861869229,BFA
1,2010,DHS 2010,227,Banzon,BFA.9.2.1_1,Haut-Bassins,banzon,113.87363226554493,344.6609191894531,344.47442626953125,171.6977996826172,169.34202575683594,376.5649719238281,0,8.873125076293945,0.8014058705274769,1.9493574580647186,-0.14833133318376757,-2.1398456547542963,0.6389163370260863,BFA
2,2021,DHS 2021,227,Banzon,BFA.9.2.1_1,Haut-Bassins,banzon,113.87363226554493,344.6609191894531,344.47442626953125,171.6977996826172,169.34202575683594,291.53302001953125,0.0011166532058268785,9.143125534057617,0.8014058705274769,0.9960097817192967,-0.13896253854701038,-0.650056604480793,0.6389163370260863,BFA
1,2010,DHS 2010,228,Djigouera,BFA.9.2.2_1,Haut-Bassins,djigouera,470.53108196463995,423.98101806640625,428.86297607421875,139.5479736328125,139.06971740722656,398.1517028808594,0,8.8442535400390625,2.534825625458683,2.191380125272709,-0.14833133318376757,-2.299150934950329,0.0938485342688254,BFA
2,2021,DHS 2021,228,Djigouera,BFA.9.2.2_1,Haut-Bassins,djigouera,470.53108196463995,423.98101806640625,428.86297607421875,139.5479736328125,139.06971740722656,326.3287658691406,0,9.108220100402832,2.534825625458683,1.3861271753522972,-0.14833133318376757,-0.842655288515113,0.0938485342688254,BFA
1,2010,DHS 2010,229,Kangala,BFA.9.2.3_1,Haut-Bassins,kangala,504.3712414702474,537.71343994140625,535.959716796875,92.48717498779297,93.80074310302734,410.5524597167969,0,8.729018211364746,5.0202742021192055,2.330412952929912,-0.14833133318376757,-2.9349881193966274,-0.7040197364243067,BFA
2,2021,DHS 2021,229,Kangala,BFA.9.2.3_1,Haut-Bassins,kangala,504.3712414702474,537.71343994140625,535.959716796875,92.48717498779297,93.80074310302734,335.04583740234375,0.006862620823085308,8.9679594039917,5.0202742021192055,1.4838598476549316,-0.09091812494213246,-1.6165756419388868,-0.7040197364243067,BFA
1,2010,DHS 2010,230,Kayan,BFA.9.2.4_1,Haut-Bassins,kayan,616.577499752906,350.58428955078125,351.1939697265625,193.67213439941406,194.2698516845703,366.1526794433594,0,8.831585884094238,0.930852093432823,1.8326185779216864,-0.14833133318376757,-2.3690476131839255,1.0114689698951476,BFA
2,2021,DHS 2021,230,Kayan,BFA.9.2.4_1,Haut-Bassins,kayan,616.577499752906,350.58428955078125,351.1939697265625,193.67213439941406,194.2698516845703,216.25852966308594,0,9.081249237060547,0.930852093432823,0.15205925650764787,-0.14833133318376757,-0.9914731728126621,1.0114689698951476,BFA
1,2010,DHS 2010,231,Koloko,BFA.9.2.5_1,Haut-Bassins,koloko,778.9420969479411,460.23077392578125,459.901611328125,130.10255432128906,131.04428100585938,406.8710021972656,0,8.705625534057617,3.3270087392940493,2.2891377746797446,-0.14833133318376757,-3.064062546889806,-0.06628900247173052,BFA
2,2021,DHS 2021,231,Koloko,BFA.9.2.5_1,Haut-Bassins,koloko,778.9420969479411,460.23077392578125,459.901611328125,130.10255432128906,131.04428100585938,311.4407958984375,0.0034664946142584085,8.940625190734863,3.3270087392940493,1.2192086081642257,-0.11928129933820435,-1.7673983921859204,-0.06628900247173052,BFA
1,2010,DHS 2010,232,Kourinion,BFA.9.2.6_1,Haut-Bassins,kourinion,602.5262199243255,467.2917785644531,464.1080627441406,77.3956298828125,77.87679290771484,393.1502380371094,2.5066803209483624e-4,8.872899055480957,3.48131622382356,2.135305499437013,-0.1462273014145024,-2.1410927760929517,-0.9598816287356579,BFA
2,2021,DHS 2021,232,Kourinion,BFA.9.2.6_1,Haut-Bassins,kourinion,602.5262199243255,467.2917785644531,464.1080627441406,77.3956298828125,77.87679290771484,331.5820617675781,0.004931920673698187,9.116620063781738,3.48131622382356,1.4450252404416069,-0.10703085389171738,-0.7963065764860894,-0.9598816287356579,BFA
1,2010,DHS 2010,233,Kourouma,BFA.9.2.7_1,Haut-Bassins,kourouma,1003.44348721659,358.8881530761719,357.9324035644531,170.07083129882813,171.06185913085938,377.9715881347656,0.017102716490626335,8.839783668518066,1.1123203628999843,1.9651279333528355,-0.005972226785062111,-2.3238144696097334,0.6113327326627642,BFA
2,2021,DHS 2021,233,Kourouma,BFA.9.2.7_1,Haut-Bassins,kourouma,1003.44348721659,358.8881530761719,357.9324035644531,170.07083129882813,171.06185913085938,254.90892028808594,0.004240215290337801,9.093354225158691,1.1123203628999843,0.5853935416438761,-0.11281103957072063,-0.924681142637322,0.6113327326627642,BFA
1,2010,DHS 2010,234,Morolaba,BFA.9.2.8_1,Haut-Bassins,morolaba,891.7486637651242,333.8824462890625,333.64569091796875,315.9496154785156,316.97918701171875,372.2523193359375,0,8.82516098022461,0.5658587882865547,1.9010055476184191,-0.14833133318376757,-2.4044984843169335,3.0845600601930787,BFA
2,2021,DHS 2021,234,Morolaba,BFA.9.2.8_1,Haut-Bassins,morolaba,891.7486637651242,333.8824462890625,333.64569091796875,315.9496154785156,316.97918701171875,218.29405212402344,0,9.054551124572754,0.5658587882865547,0.1748808025832663,-0.14833133318376757,-1.1387860921192599,3.0845600601930787,BFA
1,2010,DHS 2010,235,N'dorola,BFA.9.2.9_1,Haut-Bassins,n'dorola,828.5900767464603,361.3070983886719,362.35211181640625,232.6597137451172,232.68019104003906,362.4784240722656,0.005736471153795719,8.830729484558105,1.1651827225055904,1.7914241475706771,-0.10031268938584897,-2.373772992770899,1.6724639679976605,BFA
2,2021,DHS 2021,235,N'dorola,BFA.9.2.9_1,Haut-Bassins,n'dorola,828.5900767464603,361.3070983886719,362.35211181640625,232.6597137451172,232.68019104003906,224.76829528808594,0.001105666160583496,9.079870223999023,1.1651827225055904,0.2474676894925661,-0.13905466967278843,-0.9990821916130672,1.6724639679976605,BFA
1,2010,DHS 2010,236,Orodara,BFA.9.2.10_1,Haut-Bassins,orodara,406.58841273204007,531.9927978515625,530.71234130859375,68.30188751220703,69.65910339355469,391.9727783203125,0.037206362932920456,8.834089279174805,4.895258296316959,2.122104244381007,0.15833651874959023,-2.3552345603823603,-1.114056838427551,BFA
2,2021,DHS 2021,236,Orodara,BFA.9.2.10_1,Haut-Bassins,orodara,406.58841273204007,531.9927978515625,530.71234130859375,68.30188751220703,69.65910339355469,318.6852111816406,0.04690977558493614,9.067525863647461,4.895258296316959,1.3004303880017172,0.23650712599815155,-1.0671950127420045,-1.114056838427551,BFA
1,2010,DHS 2010,237,Samogohiri,BFA.9.2.11_1,Haut-Bassins,samogohiri,455.17765505565615,519.14312744140625,518.563232421875,93.02519989013672,89.66673278808594,385.755126953125,0,8.753993034362793,4.6144483521958275,2.052394172455273,-0.14833133318376757,-2.7971838425328595,-0.6948980680552493,BFA
2,2021,DHS 2021,237,Samogohiri,BFA.9.2.11_1,Haut-Bassins,samogohiri,455.17765505565615,519.14312744140625,518.563232421875,93.02519989013672,89.66673278808594,320.90997314453125,0.0035090467426925898,8.997039794921875,4.6144483521958275,1.3253736193429264,-0.11892532640948435,-1.4561179584805521,-0.6948980680552493,BFA
1,2010,DHS 2010,238,Samorogouan,BFA.9.2.12_1,Haut-Bassins,samorogouan,1168.6809247039882,357.39794921875,358.936767578125,187.2869110107422,189.38204956054688,373.68939208984375,0,8.81214427947998,1.0797542309623913,1.9171174907173827,-0.14833133318376757,-2.47632109676972,0.9032139616974035,BFA
2,2021,DHS 2021,238,Samorogouan,BFA.9.2.12_1,Haut-Bassins,samorogouan,1168.6809247039882,357.39794921875,358.936767578125,187.2869110107422,189.38204956054688,270.3393249511719,0.004852148704230785,9.063515663146973,1.0797542309623913,0.7583936916013791,-0.10769725955395766,-1.0893222078012739,0.9032139616974035,BFA
1,2010,DHS 2010,239,Sindo,BFA.9.2.13_1,Haut-Bassins,sindo,638.593215913305,339.98101806640625,339.7610778808594,245.7043914794922,246.7217559814453,372.3764343261719,0,8.782830238342285,0.6991337708620636,1.9023970802704362,-0.14833133318376757,-2.638067998489534,1.8936232930695154,BFA
2,2021,DHS 2021,239,Sindo,BFA.9.2.13_1,Haut-Bassins,sindo,638.593215913305,339.98101806640625,339.7610778808594,245.7043914794922,246.7217559814453,251.10337829589844,0,9.013788223266602,0.6991337708620636,0.5427271728938069,-0.14833133318376757,-1.3637046886515658,1.8936232930695154,BFA
1,2010,DHS 2010,240,Bekuy,BFA.9.3.1_1,Haut-Bassins,bekuy,584.1217394962982,336.6986389160156,337.75665283203125,138.62612915039063,136.7742156982422,343.59466552734375,0,9.019771575927734,0.6274023819326607,1.579706235347148,-0.14833133318376757,-1.3306901769269865,0.07821959289479741,BFA
2,2021,DHS 2021,240,Bekuy,BFA.9.3.1_1,Haut-Bassins,bekuy,584.1217394962982,336.6986389160156,337.75665283203125,138.62612915039063,136.7742156982422,223.72457885742188,0,9.299495697021484,0.6274023819326607,0.2357659160808841,-0.14833133318376757,0.2127514014854724,0.07821959289479741,BFA
1,2010,DHS 2010,241,Bereba,BFA.9.3.2_1,Haut-Bassins,bereba,590.4047847411632,307.96490478515625,308.11383056640625,176.7792510986328,175.43373107910156,349.6415100097656,0,9.019375801086426,-5.295430216658444e-4,1.6475012818847983,-0.14833133318376757,-1.3328739547984723,0.7250672093155566,BFA
2,2021,DHS 2021,241,Bereba,BFA.9.3.2_1,Haut-Bassins,bereba,590.4047847411632,307.96490478515625,308.11383056640625,176.7792510986328,175.43373107910156,237.30239868164063,0,9.299375534057617,-5.295430216658444e-4,0.3879955508165962,-0.14833133318376757,0.21208837495099725,0.7250672093155566,BFA
1,2010,DHS 2010,242,Boni,BFA.9.3.3_1,Haut-Bassins,boni,379.87374884097346,328.58917236328125,328.81805419921875,159.16720581054688,158.67919921875,385.2178649902344,0.001556295552290976,9.099557876586914,0.4501823617424438,2.0463705844693467,-0.13527677682134442,-0.8904510822662052,0.4264727841896797,BFA
2,2021,DHS 2021,242,Boni,BFA.9.3.3_1,Haut-Bassins,boni,379.87374884097346,328.58917236328125,328.81805419921875,159.16720581054688,158.67919921875,274.33636474609375,0.0010474416194483638,9.34423828125,0.4501823617424438,0.8032070648735549,-0.13954292450757627,0.4596288053857524,0.4264727841896797,BFA
1,2010,DHS 2010,243,Founzan,BFA.9.3.4_1,Haut-Bassins,founzan,801.7494279707657,290.647705078125,290.950927734375,178.9473876953125,179.17877197265625,384.8946228027344,4.3627535342238843e-4,9.10111141204834,-0.37897052452904956,2.0427465092664536,-0.14466970933620066,-0.8818790963562052,0.7618257737009145,BFA
2,2021,DHS 2021,243,Founzan,BFA.9.3.4_1,Haut-Bassins,founzan,801.7494279707657,290.647705078125,290.950927734375,178.9473876953125,179.17877197265625,287.9703369140625,0.0014814167516306043,9.319684028625488,-0.37897052452904956,0.9560662595010081,-0.13590441234617137,0.3241451213926475,0.7618257737009145,BFA
1,2010,DHS 2010,244,Houndé,BFA.9.3.5_1,Haut-Bassins,houndé,1250.2114190635364,325.64892578125,324.99798583984375,166.2386474609375,166.463134765625,371.5953063964844,0.01798846758902073,9.048428535461426,0.38592775815744007,1.893639354732932,0.0013352192596417585,-1.1725688726853736,0.5463619293668124,BFA
2,2021,DHS 2021,244,Houndé,BFA.9.3.5_1,Haut-Bassins,houndé,1250.2114190635364,325.64892578125,324.99798583984375,166.2386474609375,166.463134765625,276.2839050292969,0.06851635128259659,9.313142776489258,0.38592775815744007,0.825042186401407,0.40799797318513353,0.28805227218657664,0.5463619293668124,BFA
1,2010,DHS 2010,245,Koti,BFA.9.3.6_1,Haut-Bassins,koti,677.0726245731772,278.3084411621094,277.8551330566406,205.97474670410156,206.40208435058594,345.7193908691406,1.8150958931073546e-4,9.11845874786377,-0.6486263133665242,1.603527892055136,-0.146807743825895,-0.7861612180855493,1.2200473257065376,BFA
2,2021,DHS 2021,245,Koti,BFA.9.3.6_1,Haut-Bassins,koti,677.0726245731772,278.3084411621094,277.8551330566406,205.97474670410156,206.40208435058594,245.1793670654297,1.8325740529689938e-4,9.335836410522461,-0.6486263133665242,0.4763092886193407,-0.14679307402315717,0.4132695691260229,1.2200473257065376,BFA
1,2010,DHS 2010,246,Koumbia,BFA.9.3.7_1,Haut-Bassins,koumbia,1364.7680978278902,308.4915466308594,308.197265625,156.2097625732422,155.90176391601563,380.2420959472656,0.0010736545082181692,9.055352210998535,0.010979411102702683,1.990584050714545,-0.13932310698634084,-1.134365915222759,0.3763323235651103,BFA
2,2021,DHS 2021,246,Koumbia,BFA.9.3.7_1,Haut-Bassins,koumbia,1364.7680978278902,308.4915466308594,308.197265625,156.2097625732422,155.90176391601563,318.37384033203125,0.001885588513687253,9.30942440032959,0.010979411102702683,1.2969394099715892,-0.132517193787826,0.2675352844253184,0.3763323235651103,BFA
1,2010,DHS 2010,247,Banh,BFA.10.1.1_1,Nord,banh,1103.5412827165658,306.2015075683594,305.9077453613281,185.52127075195313,202.0249786376953,193.861572265625,0,9.323938369750977,-0.039065899060860755,-0.09904737827957284,-0.14833133318376757,0.34761941798227897,0.8732793158667533,BFA
2,2021,DHS 2021,247,Banh,BFA.10.1.1_1,Nord,banh,1103.5412827165658,306.2015075683594,305.9077453613281,185.52127075195313,202.0249786376953,107.13207244873047,0,9.625099182128906,-0.039065899060860755,-1.071427351564167,-0.14833133318376757,2.0093428252989605,0.8732793158667533,BFA
1,2010,DHS 2010,248,Ouindigui,BFA.10.1.2_1,Nord,ouindigui,613.885892716991,335.9848327636719,335.81231689453125,135.92208862304688,135.6628875732422,145.55166625976563,0,9.285524368286133,0.6118032374133944,-0.6406806773362353,-0.14833133318376757,0.13566141156435588,0.03237531907127553,BFA
2,2021,DHS 2021,248,Ouindigui,BFA.10.1.2_1,Nord,ouindigui,613.885892716991,335.9848327636719,335.81231689453125,135.92208862304688,135.6628875732422,95.103271484375,0,9.5155668258667,0.6118032374133944,-1.2062899437047854,-0.14833133318376757,1.4049730906634659,0.03237531907127553,BFA
1,2010,DHS 2010,249,Solle,BFA.10.1.3_1,Nord,solle,379.3618877684787,322.2812805175781,322.4471740722656,180.52610778808594,179.97312927246094,149.85906982421875,0,9.318750381469727,0.31233300839918593,-0.5923876170537292,-0.14833133318376757,0.3189935104620828,0.7885913770607492,BFA
2,2021,DHS 2021,249,Solle,BFA.10.1.3_1,Nord,solle,379.3618877684787,322.2812805175781,322.4471740722656,180.52610778808594,179.97312927246094,99.7666015625,0,9.655000686645508,0.31233300839918593,-1.154006363304139,-0.14833133318376757,2.1743311900762086,0.7885913770607492,BFA
1,2010,DHS 2010,250,Titao,BFA.10.1.4_1,Nord,titao,1606.558780872152,334.99273681640625,335.0432434082031,89.92900085449219,90.41607666015625,153.9228057861328,6.318014347925782e-4,9.262755393981934,0.5901224939684678,-0.5468264703340533,-0.14302919285617421,0.010028407512024367,-0.747390992982542,BFA
2,2021,DHS 2021,250,Titao,BFA.10.1.4_1,Nord,titao,1606.558780872152,334.99273681640625,335.0432434082031,89.92900085449219,90.41607666015625,93.98588562011719,2.524728770367801e-4,9.594565391540527,0.5901224939684678,-1.2188176723222626,-0.1462121540030487,1.8408656780426882,-0.747390992982542,BFA
1,2010,DHS 2010,251,Arbolle,BFA.10.2.1_1,Nord,arbolle,644.9293561050249,327.54949951171875,327.70758056640625,92.25597381591797,92.2286148071289,147.4885711669922,0,9.2227630615234375,0.4274618976346043,-0.6189647958204875,-0.14833133318376757,-0.210638399815076,-0.7079395185890246,BFA
2,2021,DHS 2021,251,Arbolle,BFA.10.2.1_1,Nord,arbolle,644.9293561050249,327.54949951171875,327.70758056640625,92.25597381591797,92.2286148071289,115.44853210449219,0.001959114335477352,9.464498519897461,0.4274618976346043,-0.9781861956141736,-0.13190114715244905,1.1231920756268878,-0.7079395185890246,BFA
1,2010,DHS 2010,252,Bagare,BFA.10.2.2_1,Nord,bagare,465.7454845960466,295.7893371582031,295.9161682128906,124.6431655883789,125.65411376953125,202.6361541748047,0,9.23375129699707,-0.2666079991870009,-6.699203160762378e-4,-0.14833133318376757,-0.1500083067180723,-0.15884741993984502,BFA
2,2021,DHS 2021,252,Bagare,BFA.10.2.2_1,Nord,bagare,465.7454845960466,295.7893371582031,295.9161682128906,124.6431655883789,125.65411376953125,114.02957153320313,0,9.498748779296875,-0.2666079991870009,-0.9940950714328392,-0.14833133318376757,1.3121756864137122,-0.15884741993984502,BFA
1,2010,DHS 2010,253,Bokin,BFA.10.2.3_1,Nord,bokin,799.8778438865795,305.62359619140625,305.7402038574219,116.65554809570313,115.9963150024414,155.84414672851563,5.396202323026955e-4,9.21986198425293,-0.05169527057695085,-0.5252850863969944,-0.14380257802719645,-0.22664575471883278,-0.29426940042750305,BFA
2,2021,DHS 2021,253,Bokin,BFA.10.2.3_1,Nord,bokin,799.8778438865795,305.62359619140625,305.7402038574219,116.65554809570313,115.9963150024414,113.1390151977539,0.0014591229846701026,9.437298774719238,-0.05169527057695085,-1.0040796689169798,-0.13609128818867927,0.9731112836446241,-0.29426940042750305,BFA
1,2010,DHS 2010,254,Gomponsom,BFA.10.2.4_1,Nord,gomponsom,230.68920524527323,311.5704650878906,311.5680847167969,83.10929870605469,82.8846435546875,160.9571075439453,0,9.217766761779785,0.07826447696626765,-0.46796040780886516,-0.14833133318376757,-0.23820662214932375,-0.8630121493691838,BFA
2,2021,DHS 2021,254,Gomponsom,BFA.10.2.4_1,Nord,gomponsom,230.68920524527323,311.5704650878906,311.5680847167969,83.10929870605469,82.8846435546875,118.45813751220703,0,9.544960021972656,0.07826447696626765,-0.9444435817154496,-0.14833133318376757,1.5671567479575772,-0.8630121493691838,BFA
1,2010,DHS 2010,255,Kirsi,BFA.10.2.5_1,Nord,kirsi,220.57387459993512,311.5044250488281,311.35675048828125,87.50128936767578,87.96141815185547,154.5493621826172,0,9.220333099365234,0.07682127265931202,-0.5398017452594127,-0.14833133318376757,-0.224046269734462,-0.7885503872448205,BFA
2,2021,DHS 2021,255,Kirsi,BFA.10.2.5_1,Nord,kirsi,220.57387459993512,311.5044250488281,311.35675048828125,87.50128936767578,87.96141815185547,106.28877258300781,5.415264167822897e-4,9.457745552062988,0.07682127265931202,-1.0808821264981112,-0.14378658473056632,1.085931036812456,-0.7885503872448205,BFA
1,2010,DHS 2010,256,Lâ-Todin,BFA.10.2.6_1,Nord,lâ todin,305.865970553806,298.35943603515625,298.1533203125,67.70259857177734,68.37413024902344,168.32054138183594,0,9.228143692016602,-0.21044240902115838,-0.38540423472257446,-0.14833133318376757,-0.18094954499357846,-1.1242171766350022,BFA
2,2021,DHS 2021,256,Lâ-Todin,BFA.10.2.6_1,Nord,lâ todin,305.865970553806,298.35943603515625,298.1533203125,67.70259857177734,68.37413024902344,119.94407653808594,0.001827324042096734,9.4860076904296875,-0.21044240902115838,-0.9277837675422194,-0.13300540312216272,1.2418738252979364,-1.1242171766350022,BFA
1,2010,DHS 2010,257,Pilimpikou,BFA.10.2.7_1,Nord,pilimpikou,184.72870991526523,324.9298095703125,324.5442199707031,80.65547943115234,80.85208892822266,150.82620239257813,0,9.226874351501465,0.3702125704083168,-0.5815444743748324,-0.14833133318376757,-0.18795342052839115,-0.9046141747879982,BFA
2,2021,DHS 2021,257,Pilimpikou,BFA.10.2.7_1,Nord,pilimpikou,184.72870991526523,324.9298095703125,324.5442199707031,80.65547943115234,80.85208892822266,128.95172119140625,0,9.483125686645508,0.3702125704083168,-0.8267932938758817,-0.14833133318376757,1.225971712701239,-0.9046141747879982,BFA
1,2010,DHS 2010,258,Samba,BFA.10.2.8_1,Nord,samba,355.56302887889296,304.09326171875,303.4302673339844,55.80867004394531,55.97239303588867,164.03082275390625,0,9.227367401123047,-0.08513839588961146,-0.43349901785439365,-0.14833133318376757,-0.18523290689090194,-1.3258667121184669,BFA
2,2021,DHS 2021,258,Samba,BFA.10.2.8_1,Nord,samba,355.56302887889296,304.09326171875,303.4302673339844,55.80867004394531,55.97239303588867,144.0005645751953,3.307293518446386e-4,9.484244346618652,-0.08513839588961146,-0.6580710718131833,-0.145555401969642,1.2321441740102814,-1.3258667121184669,BFA
1,2010,DHS 2010,259,Yako,BFA.10.2.9_1,Nord,yako,788.1146318362394,330.0546569824219,330.0262451171875,70.177398681640625,70.56498718261719,148.86041259765625,0.02071601152420044,9.225010871887207,0.48220829243759944,-0.6035842028675004,0.023797585310023375,-0.1982355939281087,-1.0822594423674228,BFA
2,2021,DHS 2021,259,Yako,BFA.10.2.9_1,Nord,yako,788.1146318362394,330.0546569824219,330.0262451171875,70.177398681640625,70.56498718261719,116.65194702148438,0.028513850644230843,9.49578857421875,0.48220829243759944,-0.9646939401842951,0.0876861975161527,1.2958420803580708,-1.0822594423674228,BFA
1,2010,DHS 2010,260,Barga,BFA.10.3.1_1,Nord,barga,203.18190687014808,348.8948059082031,348.6590576171875,59.68690490722656,61.109275817871094,181.06268310546875,0,9.245624542236328,0.8939310058000267,-0.24254392243006626,-0.14833133318376757,-0.08449497057350572,-1.2601151602366438,BFA
2,2021,DHS 2021,260,Barga,BFA.10.3.1_1,Nord,barga,203.18190687014808,348.8948059082031,348.6590576171875,59.68690490722656,61.109275817871094,102.45878601074219,0,9.60562515258789,0.8939310058000267,-1.123822559092357,-0.14833133318376757,1.9018904297911652,-1.2601151602366438,BFA
1,2010,DHS 2010,261,Kaïn,BFA.10.3.2_1,Nord,kaïn,775.7630219672503,279.4836120605469,279.15765380859375,96.25772857666016,95.92658996582031,212.92723083496094,0,9.32082462310791,-0.6229447461519919,0.11470993162587116,-0.14833133318376757,0.3304386113548083,-0.6400938117030179,BFA
2,2021,DHS 2021,261,Kaïn,BFA.10.3.2_1,Nord,kaïn,775.7630219672503,279.4836120605469,279.15765380859375,96.25772857666016,95.92658996582031,105.02386474609375,0,9.539610862731934,-0.6229447461519919,-1.0950638184398696,-0.14833133318376757,1.537641542942728,-0.6400938117030179,BFA
1,2010,DHS 2010,262,Kalsaka,BFA.10.3.3_1,Nord,kalsaka,587.5735416772543,316.7502136230469,316.8222351074219,107.38302612304688,107.69905090332031,165.47811889648438,0.02037935145199299,9.218791961669922,0.19145997928585218,-0.4172724537968794,0.021028310320218783,-0.23254984814487323,-0.4514756375568908,BFA
2,2021,DHS 2021,262,Kalsaka,BFA.10.3.3_1,Nord,kalsaka,587.5735416772543,316.7502136230469,316.8222351074219,107.38302612304688,107.69905090332031,114.82051086425781,0.00311384629458189,9.505702018737793,0.19145997928585218,-0.9852273439903378,-0.1222319855931708,1.3505417694522692,-0.4514756375568908,BFA
1,2010,DHS 2010,263,Kossouka,BFA.10.3.4_1,Nord,kossouka,167.9998134706467,342.321533203125,342.401611328125,65.7013168334961,65.64237976074219,156.99803161621094,0,9.223125457763672,0.7502821586243815,-0.5123481438498855,-0.14833133318376757,-0.20863879598094467,-1.1581468855576362,BFA
2,2021,DHS 2021,263,Kossouka,BFA.10.3.4_1,Nord,kossouka,167.9998134706467,342.321533203125,342.401611328125,65.7013168334961,65.64237976074219,113.43106079101563,0,9.439374923706055,0.7502821586243815,-1.0008053587137242,-0.14833133318376757,0.9845669087680555,-1.1581468855576362,BFA
1,2010,DHS 2010,264,Koumbri,BFA.10.3.5_1,Nord,koumbri,615.3586203391083,338.5345458984375,336.6352233886719,93.58305358886719,95.76777648925781,193.03802490234375,0,9.254279136657715,0.6675233282830048,-0.1082806952570337,-0.14833133318376757,-0.03674127374523731,-0.685440222486941,BFA
2,2021,DHS 2021,264,Koumbri,BFA.10.3.5_1,Nord,koumbri,615.3586203391083,338.5345458984375,336.6352233886719,93.58305358886719,95.76777648925781,101.91471099853516,0,9.593484878540039,0.6675233282830048,-1.1299225325379738,-0.14833133318376757,1.834903701347765,-0.685440222486941,BFA
1,2010,DHS 2010,265,Namissiguima,BFA.10.3.6_1,Nord,namissiguima,499.68030630909345,330.3180847167969,329.7777099609375,37.34883499145508,39.93326950073242,170.74473571777344,0.0022269655019044876,9.245381355285645,0.48796510370268315,-0.35822503930933874,-0.1296573000185711,-0.08583680998851492,-1.6388345557309034,BFA
2,2021,DHS 2021,265,Namissiguima,BFA.10.3.6_1,Nord,namissiguima,499.68030630909345,330.3180847167969,329.7777099609375,37.34883499145508,39.93326950073242,111.44666290283203,0.09966784715652466,9.605291366577148,0.48796510370268315,-1.0230537144585603,0.6492385622972588,1.9000486894176232,-1.6388345557309034,BFA
1,2010,DHS 2010,266,Ouahigouya,BFA.10.3.7_1,Nord,ouahigouya,494.200231558842,338.3694152832031,338.66796875,17.764429092407227,18.93299102783203,207.07733154296875,0.19477660953998566,9.24764347076416,0.6639146506005015,0.049122963762868815,1.3455919170778918,-0.07335507237125291,-1.970868361299976,BFA
2,2021,DHS 2021,266,Ouahigouya,BFA.10.3.7_1,Nord,ouahigouya,494.200231558842,338.3694152832031,338.66796875,17.764429092407227,18.93299102783203,129.0935821533203,0.3652153015136719,9.58796501159668,0.6639146506005015,-0.8252027997689475,2.465056309705808,1.8044465776847327,-1.970868361299976,BFA
1,2010,DHS 2010,267,Oula,BFA.10.3.8_1,Nord,oula,562.3289924124928,330.29766845703125,330.0695495605469,46.348941802978516,47.712646484375,168.7579803466797,0.0013709483901038766,9.219813346862793,0.4875189374913369,-0.3804998263050645,-0.13683044593321017,-0.2269141226018346,-1.4862468422938804,BFA
2,2021,DHS 2021,267,Oula,BFA.10.3.8_1,Nord,oula,562.3289924124928,330.29766845703125,330.0695495605469,46.348941802978516,47.712646484375,113.69835662841797,5.733876605518162e-4,9.570331573486328,0.4875189374913369,-0.9978085338757958,-0.14351926657247127,1.7071500648081837,-1.4862468422938804,BFA
1,2010,DHS 2010,268,Rambo,BFA.10.3.9_1,Nord,rambo,282.5374084867195,325.0897216796875,324.6597595214844,107.15486145019531,107.56053161621094,171.6135711669922,0,9.223124504089355,0.3737072056063055,-0.348483968593104,-0.14833133318376757,-0.20864405809629766,-0.4553439389500421,BFA
2,2021,DHS 2021,268,Rambo,BFA.10.3.9_1,Nord,rambo,282.5374084867195,325.0897216796875,324.6597595214844,107.15486145019531,107.56053161621094,111.93872833251953,0,9.439374923706055,0.3737072056063055,-1.0175368537550629,-0.14833133318376757,0.9845669087680555,-0.4553439389500421,BFA
1,2010,DHS 2010,269,Seguenega,BFA.10.3.10_1,Nord,seguenega,671.9723263573738,323.32476806640625,323.23797607421875,70.82182312011719,71.45862579345703,150.2930908203125,0.0030912754591554403,9.2321195602417,0.3351368368962905,-0.5875215296731079,-0.12242087606990353,-0.15901178608701635,-1.071333877414774,BFA
2,2021,DHS 2021,269,Seguenega,BFA.10.3.10_1,Nord,seguenega,671.9723263573738,323.32476806640625,323.23797607421875,70.82182312011719,71.45862579345703,105.87503051757813,0.006178759038448334,9.518428802490234,0.3351368368962905,-1.0855208537982641,-0.0966217821067352,1.4207646988377505,-1.071333877414774,BFA
1,2010,DHS 2010,270,Tangaye,BFA.10.3.11_1,Nord,tangaye,492.2314687881995,316.8733215332031,311.7357177734375,59.82320022583008,68.29444122314453,210.73094177246094,0,9.29110336303711,0.19415031485621217,0.09008592820802849,-0.14833133318376757,0.1664447863792727,-1.2578044108807303,BFA
2,2021,DHS 2021,270,Tangaye,BFA.10.3.11_1,Nord,tangaye,492.2314687881995,316.8733215332031,311.7357177734375,59.82320022583008,68.29444122314453,117.285400390625,0,9.515840530395508,0.19415031485621217,-0.9575918887316472,-0.14833133318376757,1.4064833177697702,-1.2578044108807303,BFA
1,2010,DHS 2010,271,Thiou,BFA.10.3.12_1,Nord,thiou,1197.5946393198983,306.8600769042969,302.9979248046875,73.96595764160156,74.45819091796875,215.10243225097656,0,9.295624732971191,-0.024673870898151547,0.1390975079321958,-0.14833133318376757,0.19139247526773778,-1.0180282547795574,BFA
2,2021,DHS 2021,271,Thiou,BFA.10.3.12_1,Nord,thiou,1197.5946393198983,306.8600769042969,302.9979248046875,73.96595764160156,74.45819091796875,109.30262756347656,0,9.518125534057617,-0.024673870898151547,-1.0470918679173629,-0.14833133318376757,1.4190913461555037,-1.0180282547795574,BFA
1,2010,DHS 2010,272,Zogore,BFA.10.3.13_1,Nord,zogore,238.95503019127884,333.4657287597656,332.1500549316406,45.84942626953125,46.04114532470703,199.1698455810547,0,9.25554084777832,0.5567520624032464,-0.039532926154952436,-0.14833133318376757,-0.029779495133248422,-1.4947156232396137,BFA
2,2021,DHS 2021,272,Zogore,BFA.10.3.13_1,Nord,zogore,238.95503019127884,333.4657287597656,332.1500549316406,45.84942626953125,46.04114532470703,117.05657196044922,0.0010805827332660556,9.470118522644043,0.5567520624032464,-0.9601574308285215,-0.1392650088476358,1.1542017214019826,-1.4947156232396137,BFA
1,2010,DHS 2010,273,Bassi,BFA.10.4.1_1,Nord,bassi,196.69114401076726,330.2217102050781,330.1558532714844,80.7973403930664,80.897491455078125,165.46685791015625,0,9.21500015258789,0.48585898577229225,-0.4173987079273427,-0.14833133318376757,-0.2534720187883107,-0.9022090655756577,BFA
2,2021,DHS 2021,273,Bassi,BFA.10.4.1_1,Nord,bassi,196.69114401076726,330.2217102050781,330.1558532714844,80.7973403930664,80.897491455078125,113.7154541015625,7.368068909272552e-4,9.563750267028809,0.48585898577229225,-0.9976168431533241,-0.14214830109929733,1.6708362067572877,-0.9022090655756577,BFA
1,2010,DHS 2010,274,Boussou,BFA.10.4.2_1,Nord,boussou,500.86030784524826,313.6785888671875,313.5688171386719,108.72463989257813,110.32013702392578,196.1444091796875,0,9.243900299072266,0.12433430613456188,-0.07345303146337254,-0.14833133318376757,-0.09400887513168857,-0.4287299322341173,BFA
2,2021,DHS 2021,274,Boussou,BFA.10.4.2_1,Nord,boussou,500.86030784524826,313.6785888671875,313.5688171386719,108.72463989257813,110.32013702392578,109.92781829833984,5.138866836205125e-4,9.493159294128418,0.12433430613456188,-1.040082454149872,-0.14401849100236594,1.2813344283299126,-0.4287299322341173,BFA
1,2010,DHS 2010,275,Gourcy,BFA.10.4.3_1,Nord,gourcy,775.7754797376996,321.2751770019531,321.371826171875,59.1244010925293,59.754478454589844,177.51402282714844,0.008109938353300095,9.21882152557373,0.2903461509168784,-0.28233022575147704,-0.08052501051549393,-0.23238672256893095,-1.2696518438207056,BFA
2,2021,DHS 2021,275,Gourcy,BFA.10.4.3_1,Nord,gourcy,775.7754797376996,321.2751770019531,321.371826171875,59.1244010925293,59.754478454589844,118.10112762451172,0.03286401927471161,9.55490779876709,0.2903461509168784,-0.9484462482336748,0.12311748151283874,1.6220458732044827,-1.2696518438207056,BFA
1,2010,DHS 2010,276,Léba,BFA.10.4.4_1,Nord,léba,205.05765794834514,340.10186767578125,339.8305969238281,55.14680099487305,52.38254165649414,178.31723022460938,0.0031657933723181486,9.21500015258789,0.7017747547139788,-0.2733249531587148,-0.12179726779727124,-0.2534720187883107,-1.3370880328102797,BFA
2,2021,DHS 2021,276,Léba,BFA.10.4.4_1,Nord,léba,205.05765794834514,340.10186767578125,339.8305969238281,55.14680099487305,52.38254165649414,125.0385971069336,0.0018560760654509068,9.563750267028809,0.7017747547139788,-0.8706658343696252,-0.13276448078048822,1.6708362067572877,-1.3370880328102797,BFA
1,2010,DHS 2010,277,Tougo,BFA.10.4.5_1,Nord,tougo,310.9826522104485,315.63128662109375,315.33978271484375,108.9175033569336,109.12229919433594,159.7559814453125,0,9.21500015258789,0.16700753662664303,-0.48142700183011294,-0.14833133318376757,-0.2534720187883107,-0.4254601271475972,BFA
2,2021,DHS 2021,277,Tougo,BFA.10.4.5_1,Nord,tougo,310.9826522104485,315.63128662109375,315.33978271484375,108.9175033569336,109.12229919433594,110.46784210205078,0,9.563750267028809,0.16700753662664303,-1.0340279013975315,-0.14833133318376757,1.6708362067572877,-0.4254601271475972,BFA
1,2010,DHS 2010,278,Boudry,BFA.11.1.1_1,Plateau-Central,boudry,1068.8620773129405,281.014404296875,281.0271301269531,124.78388214111328,125.26900482177734,163.63406372070313,5.761452484875917e-4,9.186065673828125,-0.5894916171126195,-0.43794733750250636,-0.14349613060889485,-0.41312459859764006,-0.15646171302834627,BFA
2,2021,DHS 2021,278,Boudry,BFA.11.1.1_1,Plateau-Central,boudry,1068.8620773129405,281.014404296875,281.0271301269531,124.78388214111328,125.26900482177734,144.18344116210938,0.0967642143368721,9.394816398620605,-0.5894916171126195,-0.6560207252635859,0.6270432153347673,0.7387050931309,-0.15646171302834627,BFA
1,2010,DHS 2010,279,Kogho,BFA.11.1.2_1,Plateau-Central,kogho,160.31806014240476,314.9725341796875,314.7757263183594,109.16402435302734,109.96969604492188,171.2870635986328,0,9.220000267028809,0.1526115069732491,-0.35214465407231,-0.14833133318376757,-0.22588274799265107,-0.42128061284894464,BFA
2,2021,DHS 2021,279,Kogho,BFA.11.1.2_1,Plateau-Central,kogho,160.31806014240476,314.9725341796875,314.7757263183594,109.16402435302734,109.96969604492188,140.6673126220703,0,9.427499771118164,0.1526115069732491,-0.6954422944303248,-0.14833133318376757,0.919043048392783,-0.42128061284894464,BFA
1,2010,DHS 2010,280,Méguet,BFA.11.1.3_1,Plateau-Central,méguet,363.3997881446767,314.0644226074219,314.3947448730469,84.4050064086914,85.14091491699219,166.06234741210938,9.490468073636293e-4,9.181894302368164,0.1327661139223808,-0.41072229370585034,-0.1403681006307096,-0.43614109115156247,-0.8410447350075082,BFA
2,2021,DHS 2021,280,Méguet,BFA.11.1.3_1,Plateau-Central,méguet,363.3997881446767,314.0644226074219,314.3947448730469,84.4050064086914,85.14091491699219,140.43263244628906,7.589643937535584e-4,9.390643119812012,0.1327661139223808,-0.698073444195265,-0.1419624334099874,0.7156780763462717,-0.8410447350075082,BFA
1,2010,DHS 2010,281,Mogtédo,BFA.11.1.4_1,Plateau-Central,mogtédo,670.9245181324453,274.9971923828125,274.77752685546875,118.59329223632813,118.80229187011719,161.51583862304688,0.0031107880640774965,9.186012268066406,-0.7209886039938845,-0.4616961158099827,-0.1222575790188705,-0.4134192770574068,-0.26141690724760164,BFA
2,2021,DHS 2021,281,Mogtédo,BFA.11.1.4_1,Plateau-Central,mogtédo,670.9245181324453,274.9971923828125,274.77752685546875,118.59329223632813,118.80229187011719,147.78152465820313,0.007202330511063337,9.394368171691895,-0.7209886039938845,-0.6156803065918083,-0.08808626201557221,0.7362318989150007,-0.26141690724760164,BFA
1,2010,DHS 2010,282,Salogo,BFA.11.1.5_1,Plateau-Central,salogo,415.8477354093151,316.1619567871094,316.4237976074219,93.13549041748047,93.21317291259766,167.84408569335938,0,9.200610160827637,0.1786045235460754,-0.39074608461921007,-0.14833133318376757,-0.33287207734938423,-0.693028203648796,BFA
2,2021,DHS 2021,282,Salogo,BFA.11.1.5_1,Plateau-Central,salogo,415.8477354093151,316.1619567871094,316.4237976074219,93.13549041748047,93.21317291259766,140.57301330566406,0,9.408745765686035,0.1786045235460754,-0.696499544465912,-0.14833133318376757,0.8155635499764856,-0.693028203648796,BFA
1,2010,DHS 2010,283,Zam,BFA.11.1.6_1,Plateau-Central,zam,762.1287884318868,293.94366455078125,293.8739013671875,109.09310913085938,108.97724151611328,167.2782440185547,0.002028568647801876,9.187631607055664,-0.30694235837386324,-0.3970900980609054,-0.1313192557623137,-0.40448420518805145,-0.4224829087577703,BFA
2,2021,DHS 2021,283,Zam,BFA.11.1.6_1,Plateau-Central,zam,762.1287884318868,293.94366455078125,293.8739013671875,109.09310913085938,108.97724151611328,142.04835510253906,0.005003112833946943,9.396071434020996,-0.30694235837386324,-0.6799585426146422,-0.10643616761751884,0.7456300369354182,-0.4224829087577703,BFA
1,2010,DHS 2010,284,Zorgho,BFA.11.1.7_1,Plateau-Central,zorgho,395.5791555903498,311.3246154785156,310.6300354003906,63.62947463989258,66.4621353149414,162.30966186523438,0.019141580909490585,9.171825408935547,0.07289180880691708,-0.4527960549926066,0.010838882611770203,-0.49169850504829615,-1.193272875675835,BFA
2,2021,DHS 2021,284,Zorgho,BFA.11.1.7_1,Plateau-Central,zorgho,395.5791555903498,311.3246154785156,310.6300354003906,63.62947463989258,66.4621353149414,141.66793823242188,0.06978339701890945,9.378151893615723,0.07289180880691708,-0.6842236398051312,0.4179465629104444,0.6467548894529759,-1.193272875675835,BFA
1,2010,DHS 2010,285,Zoungou,BFA.11.1.8_1,Plateau-Central,zoungou,345.2473760704462,290.0190734863281,289.9629211425781,109.04915618896484,111.80245208740234,161.32569885253906,0,9.124717712402344,-0.3927083089648071,-0.46382789456296836,-0.14833133318376757,-0.7516259550239597,-0.4232280864587649,BFA
2,2021,DHS 2021,285,Zoungou,BFA.11.1.8_1,Plateau-Central,zoungou,345.2473760704462,290.0190734863281,289.9629211425781,109.04915618896484,111.80245208740234,134.40902709960938,3.319104143884033e-4,9.31968879699707,-0.3927083089648071,-0.7656079418972841,-0.14554549052869806,0.3241714319694124,-0.4232280864587649,BFA
1,2010,DHS 2010,286,Boussé,BFA.11.2.1_1,Plateau-Central,boussé,456.02210316943393,319.6442565917969,319.6456604003906,117.99760437011719,118.03209686279297,150.27407836914063,0.0041739558801054955,9.2162504196167,0.2547048733880783,-0.5877346904408006,-0.11336494044725681,-0.24657338556055758,-0.2715161928817374,BFA
2,2021,DHS 2021,286,Boussé,BFA.11.2.1_1,Plateau-Central,boussé,456.02210316943393,319.6442565917969,319.6456604003906,117.99760437011719,118.03209686279297,146.45196533203125,0.006098502315580845,9.4350004196167,0.2547048733880783,-0.6305868477893566,-0.09729140665441752,0.9604295856439489,-0.2715161928817374,BFA
1,2010,DHS 2010,287,Laye,BFA.11.2.2_1,Plateau-Central,laye,124.61058722992284,334.4768371582031,334.21917724609375,84.12306213378906,83.82763671875,168.9205780029297,0.00452963775023818,9.210243225097656,0.5788482939642695,-0.37867683983593564,-0.1103920175893286,-0.27971945016896116,-0.8458248151915483,BFA
2,2021,DHS 2021,287,Laye,BFA.11.2.2_1,Plateau-Central,laye,124.61058722992284,334.4768371582031,334.21917724609375,84.12306213378906,83.82763671875,161.23634338378906,0.0056095486506819725,9.427492141723633,0.5788482939642695,-0.46482971595591305,-0.10137216167479372,0.9190009514699591,-0.8458248151915483,BFA
1,2010,DHS 2010,288,Niou,BFA.11.2.3_1,Plateau-Central,niou,357.1024962255157,330.64984130859375,330.6486511230469,112.66039276123047,112.74188232421875,150.09426879882813,9.648663108237088e-4,9.2162504196167,0.4952151379082815,-0.5897506507028328,-0.14023542681694925,-0.24657338556055758,-0.36200322071198915,BFA
2,2021,DHS 2021,288,Niou,BFA.11.2.3_1,Plateau-Central,niou,357.1024962255157,330.64984130859375,330.6486511230469,112.66039276123047,112.74188232421875,125.63862609863281,0.006981407292187214,9.434999465942383,0.4952151379082815,-0.8639385250210152,-0.08992779729019197,0.960424323528596,-0.36200322071198915,BFA
1,2010,DHS 2010,289,Sourgoubila,BFA.11.2.4_1,Plateau-Central,sourgoubila,474.49696878008666,328.9722900390625,328.7410888671875,95.68489837646484,95.88996124267578,163.7323760986328,0,9.163483619689941,0.45855481408510607,-0.4368450944637866,-0.14833133318376757,-0.5377262280407881,-0.6498055687150083,BFA
2,2021,DHS 2021,289,Sourgoubila,BFA.11.2.4_1,Plateau-Central,sourgoubila,474.49696878008666,328.9722900390625,328.7410888671875,95.68489837646484,95.88996124267578,155.18031311035156,2.6952041662298143e-4,9.372950553894043,0.45855481408510607,-0.5327277502802013,-0.14606908151136958,0.6180553123178381,-0.6498055687150083,BFA
1,2010,DHS 2010,290,Toéghin,BFA.11.2.5_1,Plateau-Central,toéghin,190.04020238023125,320.9606018066406,321.4461669921875,134.8211669921875,134.61619567871094,146.4744415283203,0,9.2162504196167,0.28347158992052957,-0.6303348527566025,-0.14833133318376757,-0.24657338556055758,0.013710305661534066,BFA
2,2021,DHS 2021,290,Toéghin,BFA.11.2.5_1,Plateau-Central,toéghin,190.04020238023125,320.9606018066406,321.4461669921875,134.8211669921875,134.61619567871094,135.73635864257813,7.992844330146909e-4,9.4350004196167,0.28347158992052957,-0.7507263778041364,-0.1416242202700546,0.9604295856439489,0.013710305661534066,BFA
1,2010,DHS 2010,291,Absouya,BFA.11.3.1_1,Plateau-Central,absouya,306.12723158614506,299.43475341796875,300.3788757324219,150.0706329345703,149.51055908203125,151.3283233642578,0.0020809827838093042,9.224003791809082,-0.18694298806002668,-0.5759148745494173,-0.13088015444814421,-0.20379238774085265,0.2722495861403713,BFA
2,2021,DHS 2021,291,Absouya,BFA.11.3.1_1,Plateau-Central,absouya,306.12723158614506,299.43475341796875,300.3788757324219,150.0706329345703,149.51055908203125,133.69223022460938,0,9.432148933410645,-0.18694298806002668,-0.7736444107762065,-0.14833133318376757,0.9446958607385469,0.2722495861403713,BFA
1,2010,DHS 2010,292,Dapélogo,BFA.11.3.2_1,Plateau-Central,dapélogo,438.33268995284203,306.73651123046875,307.1087951660156,115.12870788574219,115.34341430664063,142.22744750976563,0.003435528837144375,9.219667434692383,-0.027374210195223354,-0.6779506229273143,-0.11954035529084067,-0.22771922625084012,-0.3201554328158462,BFA
2,2021,DHS 2021,292,Dapélogo,BFA.11.3.2_1,Plateau-Central,dapélogo,438.33268995284203,306.73651123046875,307.1087951660156,115.12870788574219,115.34341430664063,147.03173828125,0.0015087806386873126,9.436039924621582,-0.027374210195223354,-0.6240866419071287,-0.13567504228588476,0.9661652913786941,-0.3201554328158462,BFA
1,2010,DHS 2010,293,Loumbila,BFA.11.3.3_1,Plateau-Central,loumbila,177.6924557203717,291.50726318359375,292.0929260253906,84.27861022949219,91.60731506347656,142.76333618164063,0.0176723413169384,9.224719047546387,-0.3601861934247461,-0.6719424317865668,-0.0012720923666672455,-0.19984580122611972,-0.8431876544611407,BFA
2,2021,DHS 2021,293,Loumbila,BFA.11.3.3_1,Plateau-Central,loumbila,177.6924557203717,291.50726318359375,292.0929260253906,84.27861022949219,91.60731506347656,153.75003051757813,0.07061068713665009,9.433260917663574,-0.3601861934247461,-0.5487635645335602,0.4244359230910227,0.9508314872401185,-0.8431876544611407,BFA
1,2010,DHS 2010,294,Nagreongo,BFA.11.3.4_1,Plateau-Central,nagreongo,499.1623758580415,282.37945556640625,281.9148864746094,121.06273651123047,120.54254150390625,162.0561065673828,0.017673153430223465,9.201085090637207,-0.5596605040580327,-0.4556388258407217,-0.0012653932701003558,-0.33025154390360156,-0.2195499757479615,BFA
2,2021,DHS 2021,294,Nagreongo,BFA.11.3.4_1,Plateau-Central,nagreongo,499.1623758580415,282.37945556640625,281.9148864746094,121.06273651123047,120.54254150390625,146.2230224609375,0.017128977924585342,9.408799171447754,-0.5596605040580327,-0.6331536729566623,-0.005755478443548795,0.8158582284362523,-0.2195499757479615,BFA
1,2010,DHS 2010,295,Ourgou-Manega,BFA.11.3.5_1,Plateau-Central,ourgou manega,441.4256044195472,315.3921813964844,315.4552001953125,133.3942413330078,131.4920196533203,141.79800415039063,0,9.223666191101074,0.16178225670751298,-0.6827653874906742,-0.14833133318376757,-0.2056551765758066,-0.01048177651465405,BFA
2,2021,DHS 2021,295,Ourgou-Manega,BFA.11.3.5_1,Plateau-Central,ourgou manega,441.4256044195472,315.3921813964844,315.4552001953125,133.3942413330078,131.4920196533203,136.32916259765625,0,9.437256813049316,0.16178225670751298,-0.7440800729687708,-0.14833133318376757,0.972879750569093,-0.01048177651465405,BFA
1,2010,DHS 2010,296,Ziniare,BFA.11.3.6_1,Plateau-Central,ziniare,527.9940292697812,296.7344665527344,296.2093505859375,109.99321746826172,110.9947280883789,147.7399139404297,0.06626679003238678,9.230579376220703,-0.24595363810270504,-0.6161468310007154,0.3903057674029727,-0.1675101023820746,-0.40722248175106285,BFA
2,2021,DHS 2021,296,Ziniare,BFA.11.3.6_1,Plateau-Central,ziniare,527.9940292697812,296.7344665527344,296.2093505859375,109.99321746826172,110.9947280883789,141.0681915283203,0.09078865498304367,9.43932819366455,-0.24595363810270504,-0.6909477842466768,0.5811805964975131,0.9843090651157596,-0.40722248175106285,BFA
1,2010,DHS 2010,297,Zitenga,BFA.11.3.7_1,Plateau-Central,zitenga,461.35153018666375,306.56683349609375,307.00384521484375,131.6266326904297,132.761474609375,134.71707153320313,0.0030761845409870148,9.23062515258789,-0.031082258229730455,-0.7621542584476995,-0.1225471710955956,-0.16725752084513168,-0.04044979430275204,BFA
2,2021,DHS 2021,297,Zitenga,BFA.11.3.7_1,Plateau-Central,zitenga,461.35153018666375,306.56683349609375,307.00384521484375,131.6266326904297,132.761474609375,130.75531005859375,0.007625149562954903,9.439374923706055,-0.031082258229730455,-0.8065721038748466,-0.08456292284394208,0.9845669087680555,-0.04044979430275204,BFA
1,2010,DHS 2010,298,Deou,BFA.12.1.1_1,Sahel,deou,2210.9288666981915,302.6543884277344,301.8027038574219,241.23670959472656,246.02615356445313,144.41580200195313,0,9.585795402526855,-0.11658277660525448,-0.6534155790593916,-0.14833133318376757,1.7924752652567095,1.81787826276748,BFA
2,2021,DHS 2021,298,Deou,BFA.12.1.1_1,Sahel,deou,2210.9288666981915,302.6543884277344,301.8027038574219,241.23670959472656,246.02615356445313,53.00809860229492,0,9.642995834350586,-0.11658277660525448,-1.6782458891317176,-0.14833133318376757,2.108091682012931,1.81787826276748,BFA
1,2010,DHS 2010,299,Gorom-Gorom,BFA.12.1.2_1,Sahel,gorom gorom,3317.0412312295693,284.1282958984375,284.120361328125,107.7294692993164,108.39765930175781,102.18106079101563,0.01888960413634777,9.493908882141113,-0.5214422665282731,-1.1269363144156128,0.00876307332560612,1.2854704509973527,-0.4456020436974109,BFA
2,2021,DHS 2021,299,Gorom-Gorom,BFA.12.1.2_1,Sahel,gorom gorom,3317.0412312295693,284.1282958984375,284.120361328125,107.7294692993164,108.39765930175781,43.524227142333984,0.03489312902092934,9.605005264282227,-0.5214422665282731,-1.7845756465538276,0.13959318277652263,1.89847005481173,-0.4456020436974109,BFA
1,2010,DHS 2010,300,Markoye,BFA.12.1.3_1,Sahel,markoye,1503.122950781294,272.30682373046875,272.046142578125,133.1593017578125,133.76385498046875,91.45148468017578,0,9.438874244689941,-0.7797825066244739,-1.247232464561069,-0.14833133318376757,0.9818042982077424,-0.014464939528788343,BFA
2,2021,DHS 2021,300,Markoye,BFA.12.1.3_1,Sahel,markoye,1503.122950781294,272.30682373046875,272.046142578125,133.1593017578125,133.76385498046875,39.18056106567383,0,9.604735374450684,-0.7797825066244739,-1.8332752690870737,-0.14833133318376757,1.8969808761668374,-0.014464939528788343,BFA
1,2010,DHS 2010,301,Oursi,BFA.12.1.4_1,Sahel,oursi,612.842894843462,300.6483154296875,300.5713195800781,151.15292358398438,151.9703826904297,130.3262481689453,0,9.476678848266602,-0.1604224416319315,-0.811382591536768,-0.14833133318376757,1.190399812915113,0.29059873009240944,BFA
2,2021,DHS 2021,301,Oursi,BFA.12.1.4_1,Sahel,oursi,612.842894843462,300.6483154296875,300.5713195800781,151.15292358398438,151.9703826904297,47.471961975097656,0,9.632640838623047,-0.1604224416319315,-1.7403150627925728,-0.14833133318376757,2.0509556335103043,0.29059873009240944,BFA
1,2010,DHS 2010,302,Tin-Akoff,BFA.12.1.5_1,Sahel,tin akoff,2392.478041112099,264.8999938964844,264.3571472167969,228.20803833007813,229.54493713378906,132.22677612304688,0,9.506098747253418,-0.9416474732271923,-0.7900745553421915,-0.14833133318376757,1.3527308094391077,1.596990311210065,BFA
2,2021,DHS 2021,302,Tin-Akoff,BFA.12.1.5_1,Sahel,tin akoff,2392.478041112099,264.8999938964844,264.3571472167969,228.20803833007813,229.54493713378906,49.44445037841797,0,9.640223503112793,-0.9416474732271923,-1.7182002319106453,-0.14833133318376757,2.0927947126818265,1.596990311210065,BFA
1,2010,DHS 2010,303,Bani,BFA.12.2.1_1,Sahel,bani,1614.3175416754025,295.8835754394531,295.98297119140625,139.6125030517578,140.6243133544922,121.8022689819336,7.040493655949831e-4,9.376774787902832,-0.26454856531459836,-0.9069503818692831,-0.1424230943666419,0.6391563948832767,0.09494256533895426,BFA
2,2021,DHS 2021,303,Bani,BFA.12.2.1_1,Sahel,bani,1614.3175416754025,295.8835754394531,295.98297119140625,139.6125030517578,140.6243133544922,61.96094512939453,3.41287930496037e-4,9.557960510253906,-0.26454856531459836,-1.5778697923570144,-0.14546679511406813,1.6388899044493628,0.09494256533895426,BFA
1,2010,DHS 2010,304,Dori,BFA.12.2.2_1,Sahel,dori,2495.4037215338594,288.9532165527344,289.0120849609375,70.86702728271484,71.31781005859375,113.9668197631836,0.00987094547599554,9.434355735778809,-0.41600098624056153,-0.9947986217194658,-0.06587351561540208,0.9568723956653363,-1.0705674865315258,BFA
2,2021,DHS 2021,304,Dori,BFA.12.2.2_1,Sahel,dori,2495.4037215338594,288.9532165527344,289.0120849609375,70.86702728271484,71.31781005859375,55.928775787353516,0.014849568717181683,9.575855255126953,-0.41600098624056153,-1.645500306496327,-0.024589415962400555,1.7376282369326277,-1.0705674865315258,BFA
1,2010,DHS 2010,305,Falagountou,BFA.12.2.3_1,Sahel,falagountou,560.4923908646086,275.40362548828125,275.3240051269531,90.39192199707031,90.28971099853516,86.75960540771484,0,9.348750114440918,-0.7121066285040346,-1.2998361282653697,-0.14833133318376757,0.4845238731206877,-0.7395426329433912,BFA
2,2021,DHS 2021,305,Falagountou,BFA.12.2.3_1,Sahel,falagountou,560.4923908646086,275.40362548828125,275.3240051269531,90.39192199707031,90.28971099853516,39.94663619995117,0.0013408866943791509,9.565000534057617,-0.7121066285040346,-1.8246863100803312,-0.1370824646371412,1.677734839985041,-0.7395426329433912,BFA
1,2010,DHS 2010,306,Gorgadji,BFA.12.2.4_1,Sahel,gorgadji,936.6543667132161,295.33160400390625,295.3324279785156,115.07906341552734,114.84156799316406,102.8624496459961,0,9.419869422912598,-0.2766110589836865,-1.1192968275282082,-0.14833133318376757,0.8769408634536121,-0.32099710462636033,BFA
2,2021,DHS 2021,306,Gorgadji,BFA.12.2.4_1,Sahel,gorgadji,936.6543667132161,295.33160400390625,295.3324279785156,115.07906341552734,114.84156799316406,55.56640625,0,9.572117805480957,-0.2766110589836865,-1.6495630634797627,-0.14833133318376757,1.71700600686431,-0.32099710462636033,BFA
1,2010,DHS 2010,307,Sampelga,BFA.12.2.5_1,Sahel,sampelga,540.3880523242356,295.70849609375,295.2416687011719,91.8681411743164,92.67256164550781,113.32855224609375,0,9.397236824035645,-0.2683746573243047,-1.001954647668267,-0.14833133318376757,0.7520603418967563,-0.7145148289956137,BFA
2,2021,DHS 2021,307,Sampelga,BFA.12.2.5_1,Sahel,sampelga,540.3880523242356,295.70849609375,295.2416687011719,91.8681411743164,92.67256164550781,59.93766784667969,0,9.566217422485352,-0.2683746573243047,-1.6005540498964583,-0.14833133318376757,1.6844492991754398,-0.7145148289956137,BFA
1,2010,DHS 2010,308,Seytenga,BFA.12.2.6_1,Sahel,seytenga,881.8063204070403,287.4111022949219,287.4425964355469,145.52304077148438,144.7818145751953,105.28612518310547,0,9.371994972229004,-0.4497015407872725,-1.0921234487009288,-0.14833133318376757,0.6127826727341549,0.19514975784489444,BFA
2,2021,DHS 2021,308,Seytenga,BFA.12.2.6_1,Sahel,seytenga,881.8063204070403,287.4111022949219,287.4425964355469,145.52304077148438,144.7818145751953,53.547977447509766,0,9.565492630004883,-0.4497015407872725,-1.6721929616019238,-0.14833133318376757,1.6804500915071772,0.19514975784489444,BFA
1,2010,DHS 2010,309,Aribinda,BFA.12.3.1_1,Sahel,aribinda,2543.0379685236526,315.595947265625,315.68487548828125,127.43319702148438,127.5615234375,125.37718200683594,4.717851334135048e-5,9.384483337402344,0.1662352489244921,-0.8668697421908776,-0.14793529070068537,0.6816900732813918,-0.11154525723107578,BFA
2,2021,DHS 2021,309,Aribinda,BFA.12.3.1_1,Sahel,aribinda,2543.0379685236526,315.595947265625,315.68487548828125,127.43319702148438,127.5615234375,54.87588119506836,1.8865891615860164e-4,9.58780288696289,0.1662352489244921,-1.6573049821566184,-0.14674773812037642,1.8035520180747264,-0.11154525723107578,BFA
1,2010,DHS 2010,310,Baraboule,BFA.12.3.2_1,Sahel,baraboule,898.6015541362575,314.4568176269531,314.7033386230469,146.43460083007813,146.32701110839844,144.76512145996094,0,9.310818672180176,0.14134130845973553,-0.6494991348741657,-0.14833133318376757,0.2752284970713711,0.21060433720869146,BFA
2,2021,DHS 2021,310,Baraboule,BFA.12.3.2_1,Sahel,baraboule,898.6015541362575,314.4568176269531,314.7033386230469,146.43460083007813,146.32701110839844,92.5464859008789,0,9.665197372436523,0.14134130845973553,-1.2349557045200006,-0.14833133318376757,2.230593727430241,0.21060433720869146,BFA
1,2010,DHS 2010,311,Diguel,BFA.12.3.3_1,Sahel,diguel,570.9917351130948,302.0187072753906,300.3954162597656,165.50782775878906,166.41769409179688,166.7106170654297,0,9.309999465942383,-0.1304746184323737,-0.4034541274013327,-0.14833133318376757,0.2707083399831637,0.5339716200492854,BFA
2,2021,DHS 2021,311,Diguel,BFA.12.3.3_1,Sahel,diguel,570.9917351130948,302.0187072753906,300.3954162597656,165.50782775878906,166.41769409179688,101.03709411621094,0,9.666250228881836,-0.1304746184323737,-1.139762057525322,-0.14833133318376757,2.236403102779928,0.5339716200492854,BFA
1,2010,DHS 2010,312,Djibo,BFA.12.3.4_1,Sahel,djibo,1023.9565612236663,302.40863037109375,302.52996826171875,116.28911590576172,118.71246337890625,138.6533660888672,0.008564631454646587,9.319657325744629,-0.1219534440192627,-0.718021938960584,-0.07673953611221544,0.32399778216276415,-0.3004818878083518,BFA
2,2021,DHS 2021,312,Djibo,BFA.12.3.4_1,Sahel,djibo,1023.9565612236663,302.40863037109375,302.52996826171875,116.28911590576172,118.71246337890625,77.629730224609375,0.009593119844794273,9.645003318786621,-0.1219534440192627,-1.4021970066906184,-0.06818331332375785,2.1191684348309483,-0.3004818878083518,BFA
1,2010,DHS 2010,313,Kelbo,BFA.12.3.5_1,Sahel,kelbo,504.07067922832556,310.7644958496094,310.99224853515625,232.86187744140625,233.79763793945313,127.72555541992188,0,9.308124542236328,0.060651248802358934,-0.84054062370755,-0.14833133318376757,0.2603630211992104,1.6758914491156878,BFA
2,2021,DHS 2021,313,Kelbo,BFA.12.3.5_1,Sahel,kelbo,504.07067922832556,310.7644958496094,310.99224853515625,232.86187744140625,233.79763793945313,69.18220520019531,0,9.529375076293945,0.060651248802358934,-1.4969076204368374,-0.14833133318376757,1.4811632588592232,1.6758914491156878,BFA
1,2010,DHS 2010,314,Koutougou,BFA.12.3.6_1,Sahel,koutougou,1428.3934338268646,297.83843994140625,296.617431640625,263.24774169921875,270.9014587402344,148.7481689453125,5.2022507588844746e-5,9.500792503356934,-0.2218279838494147,-0.6048426383467527,-0.14789462859678754,1.3234523996151424,2.1910530627501994,BFA
2,2021,DHS 2021,314,Koutougou,BFA.12.3.6_1,Sahel,koutougou,1428.3934338268646,297.83843994140625,296.617431640625,263.24774169921875,270.9014587402344,57.90810775756836,0,9.645512580871582,-0.2218279838494147,-1.6233087480025936,-0.14833133318376757,2.121978404429438,2.1910530627501994,BFA
1,2010,DHS 2010,315,Nassoumbou,BFA.12.3.7_1,Sahel,nassoumbou,2149.0036021360806,293.7308044433594,291.8774108886719,265.8089904785156,277.9265441894531,156.36163330078125,0,9.417473793029785,-0.31159409129485016,-0.5194832129816382,-0.14833133318376757,0.8637224296869332,2.234476446823363,BFA
2,2021,DHS 2021,315,Nassoumbou,BFA.12.3.7_1,Sahel,nassoumbou,2149.0036021360806,293.7308044433594,291.8774108886719,265.8089904785156,277.9265441894531,74.31139373779297,0,9.665913581848145,-0.31159409129485016,-1.4394010024615163,-0.14833133318376757,2.2345455760603272,2.234476446823363,BFA
1,2010,DHS 2010,316,Pobe-Mengao,BFA.12.3.8_1,Sahel,pobe mengao,548.372535283276,339.1826171875,339.54229736328125,88.52239990234375,89.06190490722656,126.07327270507813,0,9.290998458862305,0.6816859376464567,-0.8590654235220347,-0.14833133318376757,0.1658659536904452,-0.7712384902957811,BFA
2,2021,DHS 2021,316,Pobe-Mengao,BFA.12.3.8_1,Sahel,pobe mengao,548.372535283276,339.1826171875,339.54229736328125,88.52239990234375,89.06190490722656,73.38895416259766,0,9.519420623779297,0.6816859376464567,-1.4497430633678832,-0.14833133318376757,1.4262372988048468,-0.7712384902957811,BFA
1,2010,DHS 2010,317,Tongomayel,BFA.12.3.9_1,Sahel,tongomayel,3003.5271094747395,313.0535583496094,312.9039001464844,171.9121856689453,171.36048889160156,130.27000427246094,0.01501392386853695,9.366042137145996,0.11067521768227054,-0.8120131778848544,-0.0232299940933131,0.579936548700871,0.6425510347171032,BFA
2,2021,DHS 2021,317,Tongomayel,BFA.12.3.9_1,Sahel,tongomayel,3003.5271094747395,313.0535583496094,312.9039001464844,171.9121856689453,171.36048889160156,65.60831451416016,0.0010368399089202285,9.58337116241455,0.11067521768227054,-1.536976798019388,-0.13963183056451584,1.7790989680294413,0.6425510347171032,BFA
1,2010,DHS 2010,318,Boundore,BFA.12.4.1_1,Sahel,boundore,959.1413167439127,259.2153015136719,258.5187683105469,238.4527130126953,233.875244140625,120.75374603271484,0,9.401211738586426,-1.065877753025006,-0.9187060442390896,-0.14833133318376757,0.7739928386879654,1.7706784148584829,BFA
2,2021,DHS 2021,318,Boundore,BFA.12.4.1_1,Sahel,boundore,959.1413167439127,259.2153015136719,258.5187683105469,238.4527130126953,233.875244140625,61.40312194824219,0,9.549826622009277,-1.065877753025006,-1.5841239053304734,-0.14833133318376757,1.5940093226038201,1.7706784148584829,BFA
1,2010,DHS 2010,319,Mansila,BFA.12.4.2_1,Sahel,mansila,1430.2138051845172,265.8380432128906,265.6543273925781,229.205078125,228.9303436279297,142.3092498779297,0,9.368827819824219,-0.9211478364493724,-0.6770334841828511,-0.14833133318376757,0.5953071876469175,1.6138941130980666,BFA
2,2021,DHS 2021,319,Mansila,BFA.12.4.2_1,Sahel,mansila,1430.2138051845172,265.8380432128906,265.6543273925781,229.205078125,228.9303436279297,74.636505126953125,0,9.532176971435547,-0.9211478364493724,-1.435755970441575,-0.14833133318376757,1.4966233537662703,1.6138941130980666,BFA
1,2010,DHS 2010,320,Sebba,BFA.12.4.3_1,Sahel,sebba,1076.0363712947242,259.2510986328125,259.3826599121094,121.96717834472656,122.0295639038086,130.24192810058594,0,9.369413375854492,-1.0650954615961434,-0.812327957830725,-0.14833133318376757,0.5985381264736455,-0.20421607869540004,BFA
2,2021,DHS 2021,320,Sebba,BFA.12.4.3_1,Sahel,sebba,1076.0363712947242,259.2510986328125,259.3826599121094,121.96717834472656,122.0295639038086,78.10459899902344,7.905805832706392e-4,9.539741516113281,-1.0650954615961434,-1.3968729487039668,-0.14169722887586916,1.5383624527460857,-0.20421607869540004,BFA
1,2010,DHS 2010,321,Solhan,BFA.12.4.4_1,Sahel,solhan,1343.3100973760922,274.76885986328125,274.9451904296875,179.73683166503906,180.9150848388672,138.39418029785156,0,9.314767837524414,-0.7259784628777303,-0.7209278368739307,-0.14833133318376757,0.2970189167480498,0.7752099982162269,BFA
2,2021,DHS 2021,321,Solhan,BFA.12.4.4_1,Sahel,solhan,1343.3100973760922,274.76885986328125,274.9451904296875,179.73683166503906,180.9150848388672,76.74262237548828,0,9.507403373718262,-0.7259784628777303,-1.4121429409857553,-0.14833133318376757,1.3599293832419808,0.7752099982162269,BFA
1,2010,DHS 2010,322,Tankougounadie,BFA.12.4.5_1,Sahel,tankougounadie,870.659897412647,272.9712829589844,272.6664733886719,150.22598266601563,148.77716064453125,122.38455200195313,0,9.348273277282715,-0.7652617638447395,-0.9004220339755902,-0.14833133318376757,0.48189281544419904,0.27488338380529964,BFA
2,2021,DHS 2021,322,Tankougounadie,BFA.12.4.5_1,Sahel,tankougounadie,870.659897412647,272.9712829589844,272.6664733886719,150.22598266601563,148.77716064453125,75.3773193359375,0,9.554534912109375,-0.7652617638447395,-1.4274502278480872,-0.14833133318376757,1.6199883861014686,0.27488338380529964,BFA
1,2010,DHS 2010,323,Titabe,BFA.12.4.6_1,Sahel,titabe,874.3916770825571,277.0592041015625,277.0616149902344,109.81172180175781,109.19239807128906,110.48739624023438,0,9.382210731506348,-0.6759264835630256,-1.0338086674297962,-0.14833133318376757,0.669150452395247,-0.41029955731588846,BFA
2,2021,DHS 2021,323,Titabe,BFA.12.4.6_1,Sahel,titabe,874.3916770825571,277.0592041015625,277.0616149902344,109.81172180175781,109.19239807128906,61.41796875,0,9.564377784729004,-0.6759264835630256,-1.5839574483264887,-0.14833133318376757,1.6742986786595466,-0.41029955731588846,BFA
1,2010,DHS 2010,324,Bondigui,BFA.13.1.1_1,Sud-Ouest,bondigui,768.132243414396,302.1471862792969,302.9013671875,165.6325225830078,165.2732391357422,381.15179443359375,0,9.073110580444336,-0.12766690580192858,2.0007832631128672,-0.14833133318376757,-1.03638006523497,0.536085694749,BFA
2,2021,DHS 2021,324,Bondigui,BFA.13.1.1_1,Sud-Ouest,bondigui,768.132243414396,302.1471862792969,302.9013671875,165.6325225830078,165.2732391357422,339.1445617675781,4.0876917773857713e-4,9.3203277587890625,-0.12766690580192858,1.5298132717745432,-0.14490051928247774,0.32769704925590715,0.536085694749,BFA
1,2010,DHS 2010,325,Diebougou,BFA.13.1.2_1,Sud-Ouest,diebougou,569.1214109021302,283.8391418457031,283.2742919921875,154.16973876953125,154.49461364746094,352.2686767578125,0.03871995583176613,9.105607986450195,-0.5277612872345598,1.6769561310154093,0.17057802861423185,-0.8570682224669175,0.3417457820846476,BFA
2,2021,DHS 2021,325,Diebougou,BFA.13.1.2_1,Sud-Ouest,diebougou,569.1214109021302,283.8391418457031,283.2742919921875,154.16973876953125,154.49461364746094,335.18157958984375,0.047907423228025436,9.319921493530273,-0.5277612872345598,1.4853817402627931,0.24450305347095178,0.3254553881155388,0.3417457820846476,BFA
1,2010,DHS 2010,326,Dolo,BFA.13.1.3_1,Sud-Ouest,dolo,207.43092173567288,301.4133605957031,301.87066650390625,167.75338745117188,166.26425170898438,376.3805236816406,0,9.1068754196167,-0.14370354663605767,1.9472894906811948,-0.14833133318376757,-0.8500748711628108,0.5720428147609223,BFA
2,2021,DHS 2021,326,Dolo,BFA.13.1.3_1,Sud-Ouest,dolo,207.43092173567288,301.4133605957031,301.87066650390625,167.75338745117188,166.26425170898438,355.3292541503906,0,9.320625305175781,-0.14370354663605767,1.7112702244843403,-0.14833133318376757,0.329338829246036,0.5720428147609223,BFA
1,2010,DHS 2010,327,Gueguere,BFA.13.1.4_1,Sud-Ouest,gueguere,642.7151095118846,296.9902038574219,297.0993347167969,189.3990936279297,190.12005615234375,334.14263916015625,0,9.101354598999023,-0.2403648894463796,1.4737335136571206,-0.14833133318376757,-0.880537256941196,0.9390238829202733,BFA
2,2021,DHS 2021,327,Gueguere,BFA.13.1.4_1,Sud-Ouest,gueguere,642.7151095118846,296.9902038574219,297.0993347167969,189.3990936279297,190.12005615234375,296.9786376953125,0.0029262774623930454,9.317558288574219,-0.2403648894463796,1.0570640894378198,-0.12380183800228634,0.3124158662708612,0.9390238829202733,BFA
1,2010,DHS 2010,328,Iolonioro,BFA.13.1.5_1,Sud-Ouest,iolonioro,683.2928189981543,325.202392578125,324.72113037109375,196.21401977539063,196.2294158935547,379.081298828125,0,9.079432487487793,0.3761694562076365,1.977569610713371,-0.14833133318376757,-1.0014975025600839,1.054564067038069,BFA
2,2021,DHS 2021,328,Iolonioro,BFA.13.1.5_1,Sud-Ouest,iolonioro,683.2928189981543,325.202392578125,324.72113037109375,196.21401977539063,196.2294158935547,365.1456604003906,0,9.322792053222656,0.3761694562076365,1.821328242428384,-0.14833133318376757,0.3412943553280003,1.054564067038069,BFA
1,2010,DHS 2010,329,Tiankoura,BFA.13.1.6_1,Sud-Ouest,tiankoura,559.8809217400055,282.7635192871094,283.5433044433594,168.20419311523438,166.4705810546875,375.1727600097656,0,9.1068754196167,-0.5512673773468327,1.9337484785749177,-0.14833133318376757,-0.8500748711628108,0.5796857691084955,BFA
2,2021,DHS 2021,329,Tiankoura,BFA.13.1.6_1,Sud-Ouest,tiankoura,559.8809217400055,282.7635192871094,283.5433044433594,168.20419311523438,166.4705810546875,347.6742858886719,0,9.320624351501465,-0.5512673773468327,1.6254454722427216,-0.14833133318376757,0.32933356713068307,0.5796857691084955,BFA
1,2010,DHS 2010,330,Dano,BFA.13.2.1_1,Sud-Ouest,dano,654.4069634851672,292.7115173339844,292.33514404296875,165.52394104003906,166.4614715576172,310.9539489746094,0.008126468397676945,9.11185073852539,-0.33386905610645756,1.2137502554724064,-0.08038736238083997,-0.8226224153663285,0.534244804445137,BFA
2,2021,DHS 2021,330,Dano,BFA.13.2.1_1,Sud-Ouest,dano,654.4069634851672,292.7115173339844,292.33514404296875,165.52394104003906,166.4614715576172,268.31951904296875,0.023877516388893127,9.324380874633789,-0.33386905610645756,0.7357483538650252,0.04975879841684339,0.3500610395060604,0.534244804445137,BFA
1,2010,DHS 2010,331,Dissin,BFA.13.2.2_1,Sud-Ouest,dissin,393.8146742057908,282.6806945800781,282.5339660644531,165.1090545654297,165.1730194091797,293.41998291015625,0.005771852098405361,9.118993759155273,-0.5530773849665543,1.0171657312987215,-0.10001737449033282,-0.7832091713725291,0.5272108236466495,BFA
2,2021,DHS 2021,331,Dissin,BFA.13.2.2_1,Sud-Ouest,dissin,393.8146742057908,282.6806945800781,282.5339660644531,165.1090545654297,165.1730194091797,283.8033447265625,0.008166824467480183,9.331012725830078,-0.5530773849665543,0.90934744109997,-0.0800513208747367,0.38665378967066405,0.5272108236466495,BFA
1,2010,DHS 2010,332,Koper,BFA.13.2.3_1,Sud-Ouest,koper,425.0600631255774,269.03009033203125,269.34600830078125,197.7550506591797,200.64907836914063,284.69219970703125,0,9.126185417175293,-0.8513905162577646,0.9193129636036951,-0.14833133318376757,-0.7435275594957277,1.0806906879568496,BFA
2,2021,DHS 2021,332,Koper,BFA.13.2.3_1,Sud-Ouest,koper,425.0600631255774,269.03009033203125,269.34600830078125,197.7550506591797,200.64907836914063,267.825439453125,0,9.333815574645996,-0.8513905162577646,0.7302089111219329,-0.14833133318376757,0.40211914669306414,1.0806906879568496,BFA
1,2010,DHS 2010,333,Niego,BFA.13.2.4_1,Sud-Ouest,niego,148.92442393730929,267.7735595703125,268.2523498535156,191.31866455078125,193.91812133789063,275.74859619140625,0,9.126250267028809,-0.8788500791665408,0.819040496150846,-0.14833133318376757,-0.7431697356517253,0.9715682675628081,BFA
2,2021,DHS 2021,333,Niego,BFA.13.2.4_1,Sud-Ouest,niego,148.92442393730929,267.7735595703125,268.2523498535156,191.31866455078125,193.91812133789063,253.020263671875,0,9.33375072479248,-0.8788500791665408,0.5642186026220645,-0.14833133318376757,0.40176132284906174,0.9715682675628081,BFA
1,2010,DHS 2010,334,Oronkua,BFA.13.2.5_1,Sud-Ouest,oronkua,390.76537183485556,302.1312255859375,302.19384765625,174.73263549804688,174.8033447265625,351.3857116699219,0.001237615942955017,9.102185249328613,-0.12801570240661334,1.6670566438698942,-0.13794828052521196,-0.8759539544687529,0.6903689105822455,BFA
2,2021,DHS 2021,334,Oronkua,BFA.13.2.5_1,Sud-Ouest,oronkua,390.76537183485556,302.1312255859375,302.19384765625,174.73263549804688,174.8033447265625,283.00238037109375,3.4850684460252523e-4,9.318107604980469,-0.12801570240661334,0.900367316687666,-0.1454062150287115,0.3154468447141761,0.6903689105822455,BFA
1,2010,DHS 2010,335,Ouessa,BFA.13.2.6_1,Sud-Ouest,ouessa,186.6529034595127,264.03472900390625,263.55609130859375,163.1544189453125,163.9794921875,266.49420166015625,0.004495125263929367,9.126249313354492,-0.9605565174578362,0.7152835515580553,-0.11068043981304371,-0.7431749977670783,0.4940719525063242,BFA
2,2021,DHS 2021,335,Ouessa,BFA.13.2.6_1,Sud-Ouest,ouessa,186.6529034595127,264.03472900390625,263.55609130859375,163.1544189453125,163.9794921875,267.9064636230469,0.011197182349860668,9.333749771118164,-0.9605565174578362,0.7311173249874615,-0.054856144696283755,0.40175606073370873,0.4940719525063242,BFA
1,2010,DHS 2010,336,Zambo,BFA.13.2.7_1,Sud-Ouest,zambo,432.3268196386312,268.22039794921875,267.8022766113281,197.6366729736328,198.3479766845703,324.6934814453125,0.001797790639102459,9.113297462463379,-0.869085108065596,1.3677929542659102,-0.13325288009107336,-0.8146397863758621,1.0786837139577814,BFA
2,2021,DHS 2021,336,Zambo,BFA.13.2.7_1,Sud-Ouest,zambo,432.3268196386312,268.22039794921875,267.8022766113281,197.6366729736328,198.3479766845703,306.3252258300781,0.0011752559803426266,9.326129913330078,-0.869085108065596,1.1618546755702575,-0.1384711460184275,0.3597117590634206,1.0786837139577814,BFA
1,2010,DHS 2010,337,Batié,BFA.13.3.1_1,Sud-Ouest,batié,1300.3552924796647,276.43670654296875,276.8099670410156,279.6173400878906,281.91802978515625,371.24713134765625,9.267539135180414e-4,9.020649909973145,-0.689530218060845,1.8897357412520215,-0.14055506854428287,-1.3258437686868947,2.4685830565955746,BFA
2,2021,DHS 2021,337,Batié,BFA.13.3.1_1,Sud-Ouest,batié,1300.3552924796647,276.43670654296875,276.8099670410156,279.6173400878906,281.91802978515625,350.3047180175781,0.0010244582081213593,9.2371673583984375,-0.689530218060845,1.6549369316496458,-0.13973566483073685,-0.13115940952370786,2.4685830565955746,BFA
1,2010,DHS 2010,338,Boussoukoula,BFA.13.3.2_1,Sud-Ouest,boussoukoula,186.86991217251546,309.40594482421875,308.4716796875,275.9161071777344,276.2108154296875,385.8450012207031,0,8.883749961853027,0.0309621886670797,2.0534018104341736,-0.14833133318376757,-2.0812204276067767,2.4058323939106057,BFA
2,2021,DHS 2021,338,Boussoukoula,BFA.13.3.2_1,Sud-Ouest,boussoukoula,186.86991217251546,309.40594482421875,308.4716796875,275.9161071777344,276.2108154296875,379.8580322265625,0,9.157500267028809,0.0309621886670797,1.986278066346304,-0.14833133318376757,-0.5707407397653672,2.4058323939106057,BFA
1,2010,DHS 2010,339,Kpuéré,BFA.13.3.3_1,Sud-Ouest,kpuéré,600.4024276932761,NA,271.484375,NA,397.5502014160156,374.22796630859375,0,8.996980667114258,NA,1.923155791244257,-0.14833133318376757,-1.4564442096324366,NA,BFA
2,2021,DHS 2021,339,Kpuéré,BFA.13.3.3_1,Sud-Ouest,kpuéré,600.4024276932761,NA,271.484375,NA,397.5502014160156,367.9652404785156,0,9.20948600769043,NA,1.852940360644554,-0.14833133318376757,-0.2838975697592251,NA,BFA
1,2010,DHS 2010,340,Legmoin,BFA.13.3.4_1,Sud-Ouest,legmoin,196.11367812299147,285.3846435546875,284.2810363769531,191.3395233154297,192.63803100585938,340.97412109375,0,9.112499237060547,-0.4939867051101816,1.5503256332255086,-0.14833133318376757,-0.819044176926304,0.9719219068328167,BFA
2,2021,DHS 2021,340,Legmoin,BFA.13.3.4_1,Sud-Ouest,legmoin,196.11367812299147,285.3846435546875,284.2810363769531,191.3395233154297,192.63803100585938,330.5476379394531,0.0036133513785898685,9.34749984741211,-0.4939867051101816,1.4334276523489657,-0.11805282222650373,0.47762523989293454,0.9719219068328167,BFA
1,2010,DHS 2010,341,Midebdo,BFA.13.3.5_1,Sud-Ouest,midebdo,583.8409115202666,307.74456787109375,307.123046875,183.37890625,183.46267700195313,372.4181213378906,0,9.001871109008789,-0.005344670145612114,1.9028644600596312,-0.14833133318376757,-1.4294600821023693,0.8369576912963511,BFA
2,2021,DHS 2021,341,Midebdo,BFA.13.3.5_1,Sud-Ouest,midebdo,583.8409115202666,307.74456787109375,307.123046875,183.37890625,183.46267700195313,405.4382629394531,0,9.231842041015625,-0.005344670145612114,2.273074417181122,-0.14833133318376757,-0.16054306165473273,0.8369576912963511,BFA
1,2010,DHS 2010,342,Bouroum-Bouroum,BFA.13.4.1_1,Sud-Ouest,bouroum bouroum,288.2579575491644,321.17559814453125,321.6043701171875,143.627197265625,142.37022399902344,375.81951904296875,0,9.094693183898926,0.28817000689950484,1.940999708349739,-0.14833133318376757,-0.9172931326817421,0.1630076475731448,BFA
2,2021,DHS 2021,342,Bouroum-Bouroum,BFA.13.4.1_1,Sud-Ouest,bouroum bouroum,288.2579575491644,321.17559814453125,321.6043701171875,143.627197265625,142.37022399902344,360.77294921875,0.0010765752522274852,9.306727409362793,0.28817000689950484,1.7723029766196137,-0.13929861440287958,0.25265402220709876,0.1630076475731448,BFA
1,2010,DHS 2010,343,Boussera,BFA.13.4.2_1,Sud-Ouest,boussera,427.45431176961023,297.502197265625,297.5138854980469,227.873046875,229.69236755371094,314.8670349121094,0,9.096687316894531,-0.22917605457678866,1.2576223682760062,-0.14833133318376757,-0.9062900494786666,1.5913108697076745,BFA
2,2021,DHS 2021,343,Boussera,BFA.13.4.2_1,Sud-Ouest,boussera,427.45431176961023,297.502197265625,297.5138854980469,227.873046875,229.69236755371094,320.01531982421875,0,9.322990417480469,-0.22917605457678866,1.3153430879373367,-0.14833133318376757,0.34238887532141954,1.5913108697076745,BFA
1,2010,DHS 2010,344,Djigouè,BFA.13.4.3_1,Sud-Ouest,djigouè,780.2594001313871,360.0261535644531,359.78826904296875,233.6595001220703,235.9149627685547,331.49066162109375,0,8.907367706298828,1.1371896275055184,1.444000494856952,-0.14833133318376757,-1.9509041408902956,1.6894143354076823,BFA
2,2021,DHS 2021,344,Djigouè,BFA.13.4.3_1,Sud-Ouest,djigouè,780.2594001313871,360.0261535644531,359.78826904296875,233.6595001220703,235.9149627685547,378.1299133300781,0,9.187711715698242,1.1371896275055184,1.9669030185258536,-0.14833133318376757,-0.4040421874984014,1.6894143354076823,BFA
1,2010,DHS 2010,345,Gaoua,BFA.13.4.4_1,Sud-Ouest,gaoua,783.3563510068558,307.580322265625,307.75384521484375,119.44441223144531,120.94522094726563,363.0030822753906,0.03375278785824776,9.063192367553711,-0.008934007289805855,1.7973064267330765,0.13033796913297604,-1.0911060649059332,-0.24698702806559233,BFA
2,2021,DHS 2021,345,Gaoua,BFA.13.4.4_1,Sud-Ouest,gaoua,783.3563510068558,307.580322265625,307.75384521484375,119.44441223144531,120.94522094726563,362.8436584472656,0.08946368098258972,9.270790100097656,-0.008934007289805855,1.7955190240839156,0.5709773492038709,0.05436172936085758,-0.24698702806559233,BFA
1,2010,DHS 2010,346,Gbomblora,BFA.13.4.5_1,Sud-Ouest,gbomblora,679.1460873077378,292.5039367675781,292.1849365234375,220.77261352539063,222.87913513183594,344.5143737792969,0,9.09025764465332,-0.33840541271270164,1.5900176736392158,-0.14833133318376757,-0.9417672311884392,1.4709301995758848,BFA
2,2021,DHS 2021,346,Gbomblora,BFA.13.4.5_1,Sud-Ouest,gbomblora,679.1460873077378,292.5039367675781,292.1849365234375,220.77261352539063,222.87913513183594,348.6295166015625,1.4485111751127988e-4,9.313024520874023,-0.33840541271270164,1.6361551755967385,-0.1471154323237264,0.28739976988280747,1.4709301995758848,BFA
1,2010,DHS 2010,347,Kampti,BFA.13.4.6_1,Sud-Ouest,kampti,1347.6696349753593,359.6175842285156,359.0657043457031,165.05203247070313,165.45199584960938,373.56103515625,0,8.962718963623047,1.12826096795768,1.91567839892137,-0.14833133318376757,-1.6454909658034969,0.5262440716700424,BFA
2,2021,DHS 2021,347,Kampti,BFA.13.4.6_1,Sud-Ouest,kampti,1347.6696349753593,359.6175842285156,359.0657043457031,165.05203247070313,165.45199584960938,409.424560546875,5.274421419017017e-4,9.213945388793945,1.12826096795768,2.3177673529087905,-0.1439047555368284,-0.2592919183687035,0.5262440716700424,BFA
1,2010,DHS 2010,348,Loropeni,BFA.13.4.7_1,Sud-Ouest,loropeni,2067.778114278773,349.5677795410156,349.8914489746094,147.14906311035156,145.28604125976563,371.4985656738281,0,9.004350662231445,0.9086378178966006,1.8925547325281389,-0.14833133318376757,-1.4157785821846285,0.22271732297285396,BFA
2,2021,DHS 2021,348,Loropeni,BFA.13.4.7_1,Sud-Ouest,loropeni,2067.778114278773,349.5677795410156,349.8914489746094,147.14906311035156,145.28604125976563,371.7618103027344,0,9.257099151611328,0.9086378178966006,1.8955061366727908,-0.14833133318376757,-0.02118119864648362,0.22271732297285396,BFA
1,2010,DHS 2010,349,Malba,BFA.13.4.8_1,Sud-Ouest,malba,179.262127374429,282.32843017578125,282.23406982421875,195.01931762695313,196.37322998046875,331.38287353515625,0,9.097930908203125,-0.5607755861288414,1.442792013586501,-0.14833133318376757,-0.8994282510583843,1.0343090997486841,BFA
2,2021,DHS 2021,349,Malba,BFA.13.4.8_1,Sud-Ouest,malba,179.262127374429,282.32843017578125,282.23406982421875,195.01931762695313,196.37322998046875,329.0022277832031,0,9.317949295043945,-0.5607755861288414,1.4161010692414797,-0.14833133318376757,0.31457333356558187,1.0343090997486841,BFA
1,2010,DHS 2010,350,Nako,BFA.13.4.9_1,Sud-Ouest,nako,700.5640333125145,279.16070556640625,281.2928771972656,210.67994689941406,207.45420837402344,336.7519226074219,0,9.111788749694824,-0.6300013749744955,1.5029878616482968,-0.14833133318376757,-0.8229644528642721,1.2998192388739371,BFA
2,2021,DHS 2021,350,Nako,BFA.13.4.9_1,Sud-Ouest,nako,700.5640333125145,279.16070556640625,281.2928771972656,210.67994689941406,207.45420837402344,318.8948059082031,0,9.325674057006836,-0.6300013749744955,1.3027802887280642,-0.14833133318376757,0.3571964679246975,1.2998192388739371,BFA
1,2010,DHS 2010,351,Perigban,BFA.13.4.10_1,Sud-Ouest,perigban,302.42428668499025,312.8116149902344,312.8849792480469,144.92715454101563,146.36538696289063,390.4979248046875,0,9.0625,0.10538791465752731,2.1055687169635786,-0.14833133318376757,-1.0949263606521946,0.18504710914527941,BFA
2,2021,DHS 2021,351,Perigban,BFA.13.4.10_1,Sud-Ouest,perigban,302.42428668499025,312.8116149902344,312.8849792480469,144.92715454101563,146.36538696289063,402.4520568847656,0,9.270000457763672,0.10538791465752731,2.2395941484166326,-0.14833133318376757,0.050004697848592426,0.18504710914527941,BFA
