time,year,label,district_id,district_name,district_code,region,name_clean,area_km2,elev_mean_pw,elev_mean_uw,travel_time_pw,travel_time_uw,rainfall_sep_dec,nightlights,temp_sep_dec,elev_std,rainfall_std,ntl_std,temp_std,travel_std,country,poverty_H,mpi_index,literacy_rate,census_pop,census_pop_density,avg_hh_size,households,pop_dens_std,poverty_std
1,2014,DHS 2014,1,Asunafo North,GHA1.1_2,Ahafo,asunafo north,1417.5245785172697,230.9906768798828,231.10789489746097,123.286865234375,124.16492462158205,324.17681884765625,0.03097204305231571,8.709345817565918,0.6389953942996531,-0.10087098921373935,-0.6004585634415182,-0.6625680867149131,0.2639549572582641,GHA,0.262,0.1,0.6908514900687963,151258,106.70573356704392,NA,NA,-0.45926404136453486,-0.10297798518856105
2,2022,DHS 2022,1,Asunafo North,GHA1.1_2,Ahafo,asunafo north,1417.5245785172697,230.9906768798828,231.10789489746097,123.286865234375,124.16492462158205,498.60443115234375,0.15810589492321014,8.790083885192871,0.6389953942996531,0.4268231842389682,-0.4889394037720091,-0.13759036720884202,0.2639549572582641,GHA,0.262,0.1,0.6908514900687963,151258,106.70573356704392,NA,NA,-0.45926404136453486,-0.10297798518856105
1,2014,DHS 2014,2,Asunafo South,GHA1.2_2,Ahafo,asunafo south,927.404248101604,209.552001953125,213.5439910888672,101.25437927246094,106.18099212646484,347.8316955566406,0.01645754650235176,8.704545021057129,0.4112162952533416,-0.029308118816425765,-0.6140561175276554,-0.6937839837146008,-0.04261126545500915,GHA,0.261,0.1,0.6595255230555699,91693,98.87058441633788,NA,NA,-0.507020685381197,-0.11040702962502774
2,2022,DHS 2022,2,Asunafo South,GHA1.2_2,Ahafo,asunafo south,927.404248101604,209.552001953125,213.5439910888672,101.25437927246094,106.18099212646484,573.7142333984375,0.08523442596197128,8.771869659423828,0.4112162952533416,0.6540521446699288,-0.5512663290404407,-0.2560235052297073,-0.04261126545500915,GHA,0.261,0.1,0.6595255230555699,91693,98.87058441633788,NA,NA,-0.507020685381197,-0.11040702962502774
1,2014,DHS 2014,3,Asutifi North,GHA1.3_2,Ahafo,asutifi north,940.1355478956202,256.3790283203125,256.49298095703125,101.65795135498048,101.95581817626952,318.09124755859375,0.2529907524585724,8.610567092895508,0.9087385494680009,-0.1192816093497295,-0.4134185039874036,-1.3048503599641492,-0.03699584969373669,GHA,0.23199999999999998,0.1,0.7004844775929113,73556,78.23978166195951,NA,NA,-0.653334444466144,-0.32584931828256186
2,2022,DHS 2022,3,Asutifi North,GHA1.3_2,Ahafo,asutifi north,940.1355478956202,256.3790283203125,256.49298095703125,101.65795135498048,101.95581817626952,500.54595947265625,0.4510170817375183,8.713536262512207,0.9087385494680009,0.4326968711437267,-0.2726991819729018,-0.6353208377247209,-0.03699584969373669,GHA,0.23199999999999998,0.1,0.7004844775929113,73556,78.23978166195951,NA,NA,-0.653334444466144,-0.32584931828256186
1,2014,DHS 2014,4,Asutifi South,GHA1.4_2,Ahafo,asutifi south,599.7596913577988,200.98391723632813,201.39442443847656,76.958892822265625,77.93331146240234,324.8949890136719,0.05590240284800529,8.679309844970703,0.32018312160749207,-0.09869831593600152,-0.5775439041205405,-0.8578689758696936,-0.38066551511585095,GHA,0.266,0.1,0.6535052235393436,67334,112.26829840391947,NA,NA,-0.42742327146819276,-0.07326180744269427
2,2022,DHS 2022,4,Asutifi South,GHA1.4_2,Ahafo,asutifi south,599.7596913577988,200.98391723632813,201.39442443847656,76.958892822265625,77.93331146240234,506.434326171875,0.34049248695373535,8.732683181762695,0.32018312160749207,0.45051089013575973,-0.3486806042751714,-0.5108231094643454,-0.38066551511585095,GHA,0.266,0.1,0.6535052235393436,67334,112.26829840391947,NA,NA,-0.42742327146819276,-0.07326180744269427
1,2014,DHS 2014,5,Tano North,GHA1.5_2,Ahafo,tano north,841.0711354108049,271.2559509277344,271.4891662597656,57.303585052490234,57.58964538574219,337.7601318359375,0.0515081062912941,8.5706939697265625,1.0668011181517982,-0.05977752341785472,-0.5815433642268588,-1.5641146932094696,-0.6541550101126024,GHA,0.21600000000000003,0.1,0.7261663286004056,93838,111.56963549125562,NA,NA,-0.4313355533511506,-0.44471402926602854
2,2022,DHS 2022,5,Tano North,GHA1.5_2,Ahafo,tano north,841.0711354108049,271.2559509277344,271.4891662597656,57.303585052490234,57.58964538574219,456.0090637207031,0.2657714784145355,8.685652732849121,1.0668011181517982,0.2979598299066798,-0.4036858205848866,-0.8166260416335149,-0.6541550101126024,GHA,0.21600000000000003,0.1,0.7261663286004056,93838,111.56963549125562,NA,NA,-0.4313355533511506,-0.44471402926602854
1,2014,DHS 2014,6,Tano South,GHA1.6_2,Ahafo,tano south,491.213456441849,297.5416564941406,296.81390380859375,69.84822845458984,68.97888946533203,352.0978698730469,0.06585519760847092,8.59488582611084,1.3460783753595085,-0.016401702796875247,-0.5685465878734226,-1.4068136087456082,-0.4796053042957213,GHA,0.237,0.1,0.6726009845572865,86989,177.0900183193535,NA,NA,-0.14128552074166287,-0.2887040961002284
2,2022,DHS 2022,6,Tano South,GHA1.6_2,Ahafo,tano south,491.213456441849,297.5416564941406,296.81390380859375,69.84822845458984,68.97888946533203,449.6359558105469,0.3531927466392517,8.632251739501953,1.3460783753595085,0.27867932800368816,-0.3396372510938414,-1.1638517374017934,-0.4796053042957213,GHA,0.237,0.1,0.6726009845572865,86989,177.0900183193535,NA,NA,-0.14128552074166287,-0.2887040961002284
1,2014,DHS 2014,7,Adansi Akrofuom,GHA2.1_2,Ashanti,adansi akrofuom,570.8592388209779,159.87557983398438,158.759521484375,81.63334655761719,81.15028381347656,355.55572509765625,0.03343765065073967,8.720550537109375,-0.11657988211298642,-0.005940686730898089,-0.5981677548930847,-0.5897123906780973,-0.3156238476720658,GHA,0.37,0.2,0.6475238095238095,49291,86.34527856955243,NA,NA,-0.5917537432676933,0.6993588139498411
2,2022,DHS 2022,7,Adansi Akrofuom,GHA2.1_2,Ashanti,adansi akrofuom,570.8592388209779,159.87557983398438,158.759521484375,81.63334655761719,81.15028381347656,516.64093017578125,0.15663227438926697,8.76009464263916,-0.11657988211298642,0.4813888308037331,-0.4901604844765056,-0.33258740675039544,-0.3156238476720658,GHA,0.37,0.2,0.6475238095238095,49291,86.34527856955243,NA,NA,-0.5917537432676933,0.6993588139498411
1,2014,DHS 2014,8,Adansi Asokwa,GHA2.2_2,Ashanti,adansi asokwa,598.6514356838657,192.9258575439453,186.77346801757813,67.12586975097656,65.36528015136719,335.75433349609375,0.02198806405067444,8.723310470581055,0.2345688015497956,-0.06584564579292788,-0.6088522260568698,-0.57176666046016,-0.5174849709878961,GHA,0.324,0.1,0.6694559307133787,71844,120.0097347431055,NA,NA,-0.3856204038449359,0.35762276987237357
2,2022,DHS 2022,8,Adansi Asokwa,GHA2.2_2,Ashanti,adansi asokwa,598.6514356838657,192.9258575439453,186.77346801757813,67.12586975097656,65.36528015136719,576.4664306640625,0.2326153814792633,8.701547622680664,0.2345688015497956,0.6623783405174412,-0.42914179524138785,-0.7132737660487325,-0.5174849709878961,GHA,0.324,0.1,0.6694559307133787,71844,120.0097347431055,NA,NA,-0.3856204038449359,0.35762276987237357
1,2014,DHS 2014,9,Adansi North,GHA2.3_2,Ashanti,adansi north,259.0451784491107,261.3394775390625,263.4306945800781,29.379810333251953,29.478504180908203,315.7808532714844,0.1825079619884491,8.726622581481934,0.9614417439411647,-0.12627122290676424,-0.46894202381483197,-0.5502305439961324,-1.0426942859061354,GHA,0.19699999999999998,0.1,0.7895333904109589,54155,209.05619754910327,NA,NA,-0.03690052063538469,-0.585865873558896
2,2022,DHS 2022,9,Adansi North,GHA2.3_2,Ashanti,adansi north,259.0451784491107,261.3394775390625,263.4306945800781,29.379810333251953,29.478504180908203,563.7161865234375,0.9561267495155334,8.752702713012695,0.9614417439411647,0.6238051498728626,0.01376353462671841,-0.38065145475289436,-1.0426942859061354,GHA,0.19699999999999998,0.1,0.7895333904109589,54155,209.05619754910327,NA,NA,-0.03690052063538469,-0.585865873558896
1,2014,DHS 2014,10,Adansi South,GHA2.4_2,Ashanti,adansi south,763.6903398807265,127.24115753173828,129.2974090576172,82.76898193359375,81.26263427734375,368.09417724609375,0.02968264743685722,8.714406967163086,-0.4633102343991124,0.031991771642083056,-0.6016587300577106,-0.629659313298675,-0.29982229680783196,GHA,0.35,0.2,0.6822221303682884,85200,111.5635429057628,NA,NA,-0.4313697765093094,0.5507779252205072
2,2022,DHS 2022,10,Adansi South,GHA2.4_2,Ashanti,adansi south,763.6903398807265,127.24115753173828,129.2974090576172,82.76898193359375,81.26263427734375,579.45849609375,0.26083460450172424,8.71285343170166,-0.4633102343991124,0.6714302072085782,-0.4074336133572982,-0.6397607626853439,-0.29982229680783196,GHA,0.35,0.2,0.6822221303682884,85200,111.5635429057628,NA,NA,-0.4313697765093094,0.5507779252205072
1,2014,DHS 2014,11,Afigya-Kwabre North,GHA2.5_2,Ashanti,afigya kwabre north,187.25902867300888,295.3217468261719,300.8684387207031,82.23289489746094,81.54840087890625,356.4051818847656,0.0563567653298378,8.634865760803223,1.3224925415399467,-0.0033708333043977485,-0.5771313168881932,-1.146854762098626,-0.3072815630021635,GHA,0.252,0.1,0.7128111321617561,73330,391.59660561974084,NA,NA,0.35854901293883984,-0.177268429553228
2,2022,DHS 2022,11,Afigya-Kwabre North,GHA2.5_2,Ashanti,afigya kwabre north,187.25902867300888,295.3217468261719,300.8684387207031,82.23289489746094,81.54840087890625,476.5752258300781,0.42412516474723816,8.622232437133789,1.3224925415399467,0.3601784418111058,-0.29063972603990823,-1.2289995748826672,-0.3072815630021635,GHA,0.252,0.1,0.7128111321617561,73330,391.59660561974084,NA,NA,0.35854901293883984,-0.177268429553228
1,2014,DHS 2014,12,Afigya-Kwabre South,GHA2.6_2,Ashanti,afigya kwabre south,224.01131751966423,273.770751953125,277.8235778808594,66.49312591552734,71.08880615234375,360.12359619140625,1.508090615272522,8.661874771118164,1.0935200788059045,0.007878449639806816,0.2521346867176148,-0.9712358866659372,-0.5262891471445991,GHA,0.13,0.1,0.8408671889601107,234667,1047.5676077366063,NA,NA,0.9797259072371836,-1.083611850802164
2,2022,DHS 2022,12,Afigya-Kwabre South,GHA2.6_2,Ashanti,afigya kwabre south,224.01131751966423,273.770751953125,277.8235778808594,66.49312591552734,71.08880615234375,556.677978515625,4.9931769371032715,8.710624694824219,1.0935200788059045,0.6025125270581717,1.0875424041239516,-0.6542525289325172,-0.5262891471445991,GHA,0.13,0.1,0.8408671889601107,234667,1047.5676077366063,NA,NA,0.9797259072371836,-1.083611850802164
1,2014,DHS 2014,13,Ahafo-Ano North,GHA2.7_2,Ashanti,ahafo ano north,596.2397379469718,228.0140380859375,228.0541229248047,77.62138366699219,78.001434326171875,342.0356140136719,0.053227249532938,8.673580169677734,0.6073695543171211,-0.04684294841518645,-0.5799767026840122,-0.8951246590588322,-0.37144743068357094,GHA,0.265,0.1,0.7046485767967382,92742,155.54481544510585,NA,NA,-0.22281948794091738,-0.08069085187916096
2,2022,DHS 2022,13,Ahafo-Ano North,GHA2.7_2,Ashanti,ahafo ano north,596.2397379469718,228.0140380859375,228.0541229248047,77.62138366699219,78.001434326171875,512.7149658203125,0.2674870491027832,8.726922988891602,0.6073695543171211,0.4695116486982701,-0.4023868787957151,-0.5482772250539588,-0.37144743068357094,GHA,0.265,0.1,0.7046485767967382,92742,155.54481544510585,NA,NA,-0.22281948794091738,-0.08069085187916096
1,2014,DHS 2014,14,Ahafo-Ano South East,GHA2.8_2,Ashanti,ahafo ano south east,689.293224871085,272.5342712402344,273.49652099609375,103.69374084472656,103.64142608642578,347.23443603515625,0.02997949905693531,8.653644561767578,1.0803828646948381,-0.031115002287237268,-0.6013822881014936,-1.0247506246689775,-0.008669300652031602,GHA,0.318,0.1,0.6145411383461763,63468,92.07692417384501,NA,NA,-0.5515660142913867,0.3130485032535734
2,2022,DHS 2022,14,Ahafo-Ano South East,GHA2.8_2,Ashanti,ahafo ano south east,689.293224871085,272.5342712402344,273.49652099609375,103.69374084472656,103.64142608642578,513.38385009765625,0.18730509281158447,8.68243408203125,1.0803828646948381,0.4715352178522861,-0.46505937074457476,-0.8375544588710887,-0.008669300652031602,GHA,0.318,0.1,0.6145411383461763,63468,92.07692417384501,NA,NA,-0.5515660142913867,0.3130485032535734
1,2014,DHS 2014,15,Ahafo-Ano South West,GHA2.9_2,Ashanti,ahafo ano south west,506.8048793740951,322.2128601074219,326.96649169921875,120.97371673583984,122.70854949951172,353.6690368652344,0.01258015353232622,8.664861679077148,1.6082020630696783,-0.011648466446598846,-0.6177214278444662,-0.9518143154694688,0.23176915675456114,GHA,0.319,0.1,0.627574277940938,65770,129.7738097573687,NA,NA,-0.33655452668431335,0.3204775476900401
2,2022,DHS 2022,15,Ahafo-Ano South West,GHA2.9_2,Ashanti,ahafo ano south west,506.8048793740951,322.2128601074219,326.96649169921875,120.97371673583984,122.70854949951172,529.84832763671875,0.05994448065757751,8.711735725402832,1.6082020630696783,0.5213450429797999,-0.573879684633221,-0.6470283493527325,0.23176915675456114,GHA,0.319,0.1,0.627574277940938,65770,129.7738097573687,NA,NA,-0.33655452668431335,0.3204775476900401
1,2014,DHS 2014,16,Amansie Central,GHA2.10_2,Ashanti,amansie central,853.540387686188,178.8441162109375,172.7322235107422,62.51527404785156,69.16490936279297,334.38568115234375,0.04714442789554596,8.727499961853027,0.08495478087016946,-0.06998621653018987,-0.5855315312650331,-0.5445256124824825,-0.581638099763669,GHA,0.28600000000000003,0.1,0.6563170373715705,93052,109.01885996543075,NA,NA,-0.4458281596425645,0.07531908128663961
2,2022,DHS 2022,16,Amansie Central,GHA2.10_2,Ashanti,amansie central,853.540387686188,178.8441162109375,172.7322235107422,62.51527404785156,69.16490936279297,564.21112060546875,0.2568141520023346,8.7662506103515625,0.08495478087016946,0.6253024691784485,-0.4104965688244858,-0.2925598709671248,-0.581638099763669,GHA,0.28600000000000003,0.1,0.6563170373715705,93052,109.01885996543075,NA,NA,-0.4458281596425645,0.07531908128663961
1,2014,DHS 2014,17,Amansie South,GHA2.11_2,Ashanti,amansie south,595.6983216185465,177.00125122070313,176.7686767578125,119.98611450195313,120.60235595703124,337.7502746582031,0.01599450409412384,8.738961219787598,0.06537492677127356,-0.05980734424259909,-0.614493096949367,-0.47000184407917567,0.21802738077389283,GHA,0.303,0.1,0.6446391956451596,113155,189.9535316677599,NA,NA,-0.09718782323315962,0.201612836706573
2,2022,DHS 2022,17,Amansie South,GHA2.11_2,Ashanti,amansie south,595.6983216185465,177.00125122070313,176.7686767578125,119.98611450195313,120.60235595703124,625.44244384765625,0.32169651985168457,8.790704727172852,0.06537492677127356,0.8105450009128198,-0.3622229384203435,-0.13355350806168337,0.21802738077389283,GHA,0.303,0.1,0.6446391956451596,113155,189.9535316677599,NA,NA,-0.09718782323315962,0.201612836706573
1,2014,DHS 2014,18,Amansie West,GHA2.12_2,Ashanti,amansie west,640.866658518286,230.87750244140625,230.11685180664065,93.45603942871094,96.2277603149414,329.0644226074219,0.05189523100852966,8.704855918884277,0.6377929519043403,-0.086084568691806,-0.5811903527168347,-0.6917624536347641,-0.15111956512965755,GHA,0.31,0.1,0.6796704628059123,112627,175.741706177068,NA,NA,-0.146090904197178,0.2536161477618399
2,2022,DHS 2022,18,Amansie West,GHA2.12_2,Ashanti,amansie west,640.866658518286,230.87750244140625,230.11685180664065,93.45603942871094,96.2277603149414,638.29571533203125,0.6436012983322144,8.747056007385254,0.6377929519043403,0.8494298791869246,-0.15318052614307295,-0.41736764985324215,-0.15111956512965755,GHA,0.31,0.1,0.6796704628059123,112627,175.741706177068,NA,NA,-0.146090904197178,0.2536161477618399
1,2014,DHS 2014,19,Asante-Akim Central,GHA2.13_2,Ashanti,asante akim central,301.6786823017916,221.710205078125,225.57861328125,96.681915283203125,96.75023651123048,342.76702880859375,0.3748716711997986,8.666998863220215,0.5403933345664409,-0.044630206289340085,-0.3243948714845071,-0.9379178464237199,-0.10623381881110147,GHA,0.16899999999999998,0.1,0.7997005532152464,91673,303.8762941436236,NA,NA,0.19865342124352214,-0.7938791177799632
2,2022,DHS 2022,19,Asante-Akim Central,GHA2.13_2,Ashanti,asante akim central,301.6786823017916,221.710205078125,225.57861328125,96.681915283203125,96.75023651123048,552.1224365234375,1.2515915632247925,8.620508193969727,0.5403933345664409,0.588730689799531,0.1486706844390707,-1.240211005509492,-0.10623381881110147,GHA,0.16899999999999998,0.1,0.7997005532152464,91673,303.8762941436236,NA,NA,0.19865342124352214,-0.7938791177799632
1,2014,DHS 2014,20,Asante-Akim North,GHA2.14_2,Ashanti,asante akim north,1131.0895384927271,215.74826049804688,210.9490203857422,150.18345642089844,151.7208251953125,350.1906433105469,0.02138680405914783,8.680749893188477,0.47704957056732844,-0.02217161692450468,-0.6094166101823876,-0.8485054469722902,0.6382017117175269,GHA,0.26,0.1,0.7211746946617263,85202,75.32736985043545,NA,NA,-0.6770123664091185,-0.11783607406149443
2,2022,DHS 2022,20,Asante-Akim North,GHA2.14_2,Ashanti,asante akim north,1131.0895384927271,215.74826049804688,210.9490203857422,150.18345642089844,151.7208251953125,483.0232849121094,0.15196000039577484,8.670324325561523,0.47704957056732844,0.3796856927715964,-0.49404236510535293,-0.9162949157844845,0.6382017117175269,GHA,0.26,0.1,0.7211746946617263,85202,75.32736985043545,NA,NA,-0.6770123664091185,-0.11783607406149443
1,2014,DHS 2014,21,Asante-Akim South,GHA2.15_2,Ashanti,asante akim south,1158.8797292568893,217.0597686767578,218.8386688232422,108.76172637939452,108.8323211669922,356.93621826171875,0.02103478461503982,8.692858695983887,0.49098392762807164,-0.0017642940741289343,-0.6097471941465795,-0.7697711910714092,0.06184807922123299,GHA,0.24600000000000002,0.1,0.6985963743636104,123633,106.68320178425887,NA,NA,-0.45939633231072746,-0.22184269617202795
2,2022,DHS 2022,21,Asante-Akim South,GHA2.15_2,Ashanti,asante akim south,1158.8797292568893,217.0597686767578,218.8386688232422,108.76172637939452,108.8323211669922,559.60113525390625,0.23958423733711243,8.652774810791016,0.49098392762807164,0.6113559249497026,-0.4237350038274778,-1.0304059480825085,0.06184807922123299,GHA,0.24600000000000002,0.1,0.6985963743636104,123633,106.68320178425887,NA,NA,-0.45939633231072746,-0.22184269617202795
1,2014,DHS 2014,22,Asokore-Mampong,GHA2.16_2,Ashanti,asokore mampong,24.027505732504668,270.5222473144531,271.6413879394531,54.98640823364258,55.35892105102539,318.9343566894531,11.669371604919434,8.66187572479248,1.059005750734214,-0.11673095942647013,1.8054366557995984,-0.9712296856534224,-0.6863968618010975,GHA,0.113,0,0.7759075508228461,191402,7965.953775263044,NA,NA,2.261966739705164,-1.2099056062220976
2,2022,DHS 2022,22,Asokore-Mampong,GHA2.16_2,Ashanti,asokore mampong,24.027505732504668,270.5222473144531,271.6413879394531,54.98640823364258,55.35892105102539,544.8956298828125,24.963050842285156,8.710624694824219,1.059005750734214,0.5668675013597001,2.4935255769013653,-0.6542525289325172,-0.6863968618010975,GHA,0.113,0,0.7759075508228461,191402,7965.953775263044,NA,NA,2.261966739705164,-1.2099056062220976
1,2014,DHS 2014,23,Asokwa,GHA2.17_2,Ashanti,asokwa,26.826532774033833,245.83486938476565,245.0314788818359,54.07610321044922,54.50312042236328,329.25201416015625,11.20913028717041,8.661874771118164,0.796710216059095,-0.08551704977631479,1.7699494791143242,-0.9712358866659372,-0.6990631025947924,GHA,0.063,0,0.8767222227301401,125642,4683.497530534862,NA,NA,1.9261842098914832,-1.581357828045432
2,2022,DHS 2022,23,Asokwa,GHA2.17_2,Ashanti,asokwa,26.826532774033833,245.83486938476565,245.0314788818359,54.07610321044922,54.50312042236328,612.43450927734375,23.699743270874023,8.710625648498535,0.796710216059095,0.7711922218962862,2.4456878520746552,-0.6542463279200024,-0.6990631025947924,GHA,0.063,0,0.8767222227301401,125642,4683.497530534862,NA,NA,1.9261842098914832,-1.581357828045432
1,2014,DHS 2014,24,Atwima-Kwanwoma,GHA2.18_2,Ashanti,atwima kwanwoma,252.68213379249005,238.08338928222656,237.3687744140625,55.051048278808594,65.03966522216797,338.5812072753906,1.4115580320358276,8.661874771118164,0.7143532065860855,-0.05729353180872982,0.21449412416227392,-0.9712358866659372,-0.6854974419845223,GHA,0.138,0.1,0.8404694196339167,234846,929.4127624902138,NA,NA,0.9041323395201541,-1.0241794953104302
2,2022,DHS 2022,24,Atwima-Kwanwoma,GHA2.18_2,Ashanti,atwima kwanwoma,252.68213379249005,238.08338928222656,237.3687744140625,55.051048278808594,65.03966522216797,630.93695068359375,5.435115814208984,8.710624694824219,0.7143532065860855,0.8271674794585654,1.1557753936928172,-0.6542525289325172,-0.6854974419845223,GHA,0.138,0.1,0.8404694196339167,234846,929.4127624902138,NA,NA,0.9041323395201541,-1.0241794953104302
1,2014,DHS 2014,25,Atwima-Mponua,GHA2.19_2,Ashanti,atwima mponua,1891.514638178744,246.31883239746097,249.43519592285156,132.78329467773438,137.4940185546875,361.89947509765625,0.01817307993769645,8.695610046386719,0.8018521690659896,0.013250998969604116,-0.6124388784351619,-0.7518812699661055,0.3960909544737539,GHA,0.251,0.1,0.6522921999294944,155254,82.07919561726851,NA,NA,-0.6234163030794139,-0.1846974739896947
2,2022,DHS 2022,25,Atwima-Mponua,GHA2.19_2,Ashanti,atwima mponua,1891.514638178744,246.31883239746097,249.43519592285156,132.78329467773438,137.4940185546875,613.46124267578125,0.06836136430501938,8.748771667480469,0.8018521690659896,0.7742983885455113,-0.5662942570157927,-0.406212028339051,0.3960909544737539,GHA,0.251,0.1,0.6522921999294944,155254,82.07919561726851,NA,NA,-0.6234163030794139,-0.1846974739896947
1,2014,DHS 2014,26,Atwima-Nwabiagya North,GHA2.20_2,Ashanti,atwima nwabiagya north,213.8959290922914,251.88543701171875,247.3788299560547,78.44208526611328,85.874176025390625,356.3039855957031,0.4613550305366516,8.661874771118164,0.8609955717303086,-0.0036769814618353314,-0.2658907068385615,-0.9712358866659372,-0.36002795720008757,GHA,0.135,0.1,0.8150374913758464,155025,724.7683518703627,NA,NA,0.7470689174361206,-1.0464666286198303
2,2022,DHS 2022,26,Atwima-Nwabiagya North,GHA2.20_2,Ashanti,atwima nwabiagya north,213.8959290922914,251.88543701171875,247.3788299560547,78.44208526611328,85.874176025390625,551.2158203125,1.5239903926849363,8.710625648498535,0.8609955717303086,0.5859879125193272,0.25819514385968706,-0.6542463279200024,-0.36002795720008757,GHA,0.135,0.1,0.8150374913758464,155025,724.7683518703627,NA,NA,0.7470689174361206,-1.0464666286198303
1,2014,DHS 2014,27,Atwima-Nwabiagya South,GHA2.21_2,Ashanti,atwima nwabiagya south,367.95914318576774,232.42507934570313,222.1543884277344,69.05760192871094,82.350128173828125,375.4463195800781,1.2288943529129028,8.661874771118164,0.6542354640544572,0.054234136946388053,0.1389541454239765,-0.9712358866659372,-0.4906063047291085,GHA,0.125,0.1,0.8383147073262295,161893,439.9754782510371,NA,NA,0.4320272753467803,-1.1207570729844973
2,2022,DHS 2022,27,Atwima-Nwabiagya South,GHA2.21_2,Ashanti,atwima nwabiagya south,367.95914318576774,232.42507934570313,222.1543884277344,69.05760192871094,82.350128173828125,629.2281494140625,3.4366774559020996,8.710624694824219,0.6542354640544572,0.8219978594562855,0.7991479728258608,-0.6542525289325172,-0.4906063047291085,GHA,0.125,0.1,0.8383147073262295,161893,439.9754782510371,NA,NA,0.4320272753467803,-1.1207570729844973
1,2014,DHS 2014,28,Bekwai,GHA2.22_2,Ashanti,bekwai,537.7718105058365,229.24034118652344,229.40045166015625,48.18505859375,49.8741569519043,318.8096923828125,0.28170692920684814,8.718229293823242,0.6203986345360919,-0.11710810515117837,-0.39168751206114566,-0.6048056551392097,-0.7810327586335497,GHA,0.19399999999999998,0.1,0.7913309863922551,137967,256.5530533670519,NA,NA,0.09199565003220239,-0.608153006868296
2,2022,DHS 2022,28,Bekwai,GHA2.22_2,Ashanti,bekwai,537.7718105058365,229.24034118652344,229.40045166015625,48.18505859375,49.8741569519043,597.8260498046875,1.160916805267334,8.74328899383545,0.6203986345360919,0.7269973903269868,0.10925014853155463,-0.44186164928684696,-0.7810327586335497,GHA,0.19399999999999998,0.1,0.7913309863922551,137967,256.5530533670519,NA,NA,0.09199565003220239,-0.608153006868296
1,2014,DHS 2014,29,Bosome Freho,GHA2.23_2,Ashanti,bosome freho,571.4715660020668,262.8572692871094,252.59365844726565,86.730743408203125,86.571746826171875,350.1026916503906,0.02659208700060844,8.721636772155762,0.977567798284129,-0.022437696233833727,-0.6045415462107827,-0.5826494374236983,-0.24469723045528996,GHA,0.313,0.1,0.6628279800413591,62259,108.94505291935178,NA,NA,-0.4462524902497617,0.27590328107123996
2,2022,DHS 2022,29,Bosome Freho,GHA2.23_2,Ashanti,bosome freho,571.4715660020668,262.8572692871094,252.59365844726565,86.730743408203125,86.571746826171875,608.979736328125,0.15949136018753052,8.679119110107422,0.977567798284129,0.7607405306083251,-0.4877927871210398,-0.8591091783726609,-0.24469723045528996,GHA,0.313,0.1,0.6628279800413591,62259,108.94505291935178,NA,NA,-0.4462524902497617,0.27590328107123996
1,2014,DHS 2014,30,Bosomtwe,GHA2.24_2,Ashanti,bosomtwe,424.4651040057184,237.9442596435547,219.5644989013672,67.23124694824219,71.91133880615234,360.11602783203125,0.7079650163650513,8.6609649658203125,0.712874998447962,0.007855553155173367,-0.11634157790206497,-0.9771516526050914,-0.5160187229493554,GHA,0.161,0.1,0.837302601681436,165180,389.14859770845777,NA,NA,0.3545939648089283,-0.8533114732716965
2,2022,DHS 2022,30,Bosomtwe,GHA2.24_2,Ashanti,bosomtwe,424.4651040057184,237.9442596435547,219.5644989013672,67.23124694824219,71.91133880615234,648.890869140625,2.105138063430786,8.64670181274414,0.712874998447962,0.8814832958321283,0.45692173850979884,-1.0698939957769884,-0.5160187229493554,GHA,0.161,0.1,0.837302601681436,165180,389.14859770845777,NA,NA,0.3545939648089283,-0.8533114732716965
1,2014,DHS 2014,31,Ejisu,GHA2.25_2,Ashanti,ejisu,413.25241129824775,257.1640625,242.58871459960935,68.3330078125,76.117919921875,333.4107360839844,0.8923806548118591,8.660311698913574,0.9170792878196329,-0.07293570844383838,-0.018009705005325494,-0.9813993461777545,-0.5006885115936012,GHA,0.135,0.1,0.826290746853724,180723,437.31868238167567,NA,NA,0.42820622047060514,-1.0464666286198303
2,2022,DHS 2022,31,Ejisu,GHA2.25_2,Ashanti,ejisu,413.25241129824775,257.1640625,242.58871459960935,68.3330078125,76.117919921875,563.41326904296875,3.5046300888061523,8.621482849121094,0.9170792878196329,0.6228887365403157,0.813725173603175,-1.233873570719329,-0.5006885115936012,GHA,0.135,0.1,0.826290746853724,180723,437.31868238167567,NA,NA,0.42820622047060514,-1.0464666286198303
1,2014,DHS 2014,32,Ejura-Sekyedumase,GHA2.26_2,Ashanti,ejura sekyedumase,1346.4440844405524,223.7565155029297,217.59515380859375,145.43467712402344,148.62564086914065,381.0065307617187,0.03382882475852966,8.728676795959473,0.5621347316688026,0.07105539021558431,-0.597804815454959,-0.5368735630391741,0.5721258574513073,GHA,0.25,0.1,0.5658795511068538,137672,102.24858320589134,NA,NA,-0.48598742588796834,-0.19212651842616138
2,2022,DHS 2022,32,Ejura-Sekyedumase,GHA2.26_2,Ashanti,ejura sekyedumase,1346.4440844405524,223.7565155029297,217.59515380859375,145.43467712402344,148.62564086914065,398.5220947265625,0.1603291481733322,8.695662498474121,0.5621347316688026,0.12404505697110346,-0.48710009494549533,-0.7515402142777894,0.5721258574513073,GHA,0.25,0.1,0.5658795511068538,137672,102.24858320589134,NA,NA,-0.48598742588796834,-0.19212651842616138
1,2014,DHS 2014,33,Juaben,GHA2.27_2,Ashanti,juaben,171.9714263497221,271.3448486328125,277.3347473144531,97.93858337402344,96.41169738769533,324.3228454589844,0.14072126150131226,8.653124809265137,1.0677456279799082,-0.1004292163146625,-0.5034447472238656,-1.0281301764895636,-0.08874818462197544,GHA,0.209,0.1,0.7417350053322547,63929,371.7419885207768,NA,NA,0.32573470026967877,-0.4967173403212956
2,2022,DHS 2022,33,Juaben,GHA2.27_2,Ashanti,juaben,171.9714263497221,271.3448486328125,277.3347473144531,97.93858337402344,96.41169738769533,526.4713134765625,1.1228617429733276,8.60562515258789,1.0677456279799082,0.5111285946065405,0.09221062805400305,-1.3369840068160328,-0.08874818462197544,GHA,0.209,0.1,0.7417350053322547,63929,371.7419885207768,NA,NA,0.32573470026967877,-0.4967173403212956
1,2014,DHS 2014,34,Kumasi,GHA2.28_2,Ashanti,kumasi,21.72023290540901,266.1792907714844,266.1066589355469,49.14202499389648,49.13141632080078,306.85888671875,23.22914695739746,8.661874771118164,1.0128632194474492,-0.15326276228181387,2.4272395217711953,-0.9712358866659372,-0.7677172582826788,GHA,0.08900000000000001,0,0.8769217762451675,443981,20440.894991021712,NA,NA,2.8577796330894065,-1.3882026726972978
2,2022,DHS 2022,34,Kumasi,GHA2.28_2,Ashanti,kumasi,21.72023290540901,266.1792907714844,266.1066589355469,49.14202499389648,49.13141632080078,557.60858154296875,40.10627365112305,8.710624694824219,1.0128632194474492,0.605327871422738,2.9341850743836844,-0.6542525289325172,-0.7677172582826788,GHA,0.08900000000000001,0,0.8769217762451675,443981,20440.894991021712,NA,NA,2.8577796330894065,-1.3882026726972978
1,2014,DHS 2014,35,Kwabre East,GHA2.29_2,Ashanti,kwabre east,123.53778076051118,293.8596496582031,307.631103515625,66.379669189453125,72.674957275390625,336.5869445800781,2.9630472660064697,8.659586906433105,1.3069582243876108,-0.06332675550964394,0.6908810616799953,-0.9861121156890303,-0.5278678160253651,GHA,0.106,0,0.8480408709712021,296814,2402.6172250527957,NA,NA,1.5042559715727502,-1.2619089172773645
2,2022,DHS 2022,35,Kwabre East,GHA2.29_2,Ashanti,kwabre east,123.53778076051118,293.8596496582031,307.631103515625,66.379669189453125,72.674957275390625,547.19451904296875,9.317204475402832,8.683177947998047,1.3069582243876108,0.5738223085671106,1.6084770519361935,-0.8327176691095161,-0.5278678160253651,GHA,0.106,0,0.8480408709712021,296814,2402.6172250527957,NA,NA,1.5042559715727502,-1.2619089172773645
1,2014,DHS 2014,36,Kwadaso,GHA2.30_2,Ashanti,kwadaso,64.36058273496694,248.6877288818359,246.9894866943359,50.59440231323242,50.9280891418457,338.3121337890625,12.50658893585205,8.66187572479248,0.8270209404004267,-0.05810755723216986,1.866804979382731,-0.9712296856534224,-0.7475084706990661,GHA,0.095,0,0.9041410534840063,154526,2400.9415924080254,NA,NA,1.5038150179773542,-1.343628406078498
2,2022,DHS 2022,36,Kwadaso,GHA2.30_2,Ashanti,kwadaso,64.36058273496694,248.6877288818359,246.9894866943359,50.59440231323242,50.9280891418457,613.62762451171875,25.681549072265625,8.710625648498535,0.8270209404004267,0.774801741909308,2.5197049570276144,-0.6542463279200024,-0.7475084706990661,GHA,0.095,0,0.9041410534840063,154526,2400.9415924080254,NA,NA,1.5038150179773542,-1.343628406078498
1,2014,DHS 2014,37,Mampong,GHA2.31_2,Ashanti,mampong,673.3540085238462,312.3288269042969,292.0931396484375,138.01544189453125,145.1741943359375,345.2501220703125,0.0917123481631279,8.743433952331543,1.5031873555076134,-0.03711812818980257,-0.5455587791358968,-0.4409190953845918,0.4688925262848469,GHA,0.225,0.1,0.7586548665478645,116632,173.21052302886764,NA,NA,-0.155211874684338,-0.37785262933782854
2,2022,DHS 2022,37,Mampong,GHA2.31_2,Ashanti,mampong,673.3540085238462,312.3288269042969,292.0931396484375,138.01544189453125,145.1741943359375,412.2213745117187,0.4811158776283264,8.694244384765625,1.5031873555076134,0.16548935599927467,-0.25300938510690824,-0.7607611198873515,0.4688925262848469,GHA,0.225,0.1,0.7586548665478645,116632,173.21052302886764,NA,NA,-0.155211874684338,-0.37785262933782854
1,2014,DHS 2014,38,Obuasi,GHA2.32_2,Ashanti,obuasi,146.36893505745024,219.8722686767578,214.1681671142578,7.289840221405029,7.92663049697876,298.6266784667969,3.3287973403930664,8.727499961853027,0.5208658451559212,-0.17816758252103596,0.775540559428667,-0.5445256124824825,-1.3500603592917868,GHA,0.111,0,0.8590598872040203,104297,712.5624023913484,NA,NA,0.7363443612459762,-1.2247636950950311
2,2022,DHS 2022,38,Obuasi,GHA2.32_2,Ashanti,obuasi,146.36893505745024,219.8722686767578,214.1681671142578,7.289840221405029,7.92663049697876,493.16900634765625,4.955258846282959,8.7662506103515625,0.5208658451559212,0.4103794459926193,1.0814554870509447,-0.2925598709671248,-1.3500603592917868,GHA,0.111,0,0.8590598872040203,104297,712.5624023913484,NA,NA,0.7363443612459762,-1.2247636950950311
1,2014,DHS 2014,39,Obuasi East,GHA2.33_2,Ashanti,obuasi east,75.34026892462748,180.1160125732422,181.08624267578125,13.733400344848633,14.313010215759276,309.2045593261719,0.84981769323349,8.727499961853027,0.09846827498656427,-0.14616642156253615,-0.039826165052213466,-0.5445256124824825,-1.2604028466858708,GHA,0.131,0.1,0.8214272340319299,92401,1226.449033417183,NA,NA,1.0793224787194449,-1.076182806365697
2,2022,DHS 2022,39,Obuasi East,GHA2.33_2,Ashanti,obuasi east,75.34026892462748,180.1160125732422,181.08624267578125,13.733400344848633,14.313010215759276,507.58056640625,2.3064510822296143,8.766249656677246,0.09846827498656427,0.4539785996633097,0.5171651382729041,-0.2925660719796397,-1.2604028466858708,GHA,0.131,0.1,0.8214272340319299,92401,1226.449033417183,NA,NA,1.0793224787194449,-1.076182806365697
1,2014,DHS 2014,40,Offinso,GHA2.34_2,Ashanti,offinso,588.3678989989616,301.849365234375,314.8317565917969,75.96795654296875,76.4209976196289,364.0352783203125,0.1303141713142395,8.631457328796387,1.391846409958506,0.01971242386297767,-0.5122343442890782,-1.1690171808266523,-0.3944536819445385,GHA,0.235,0.1,0.7049261168979479,137272,233.30980536761453,NA,NA,0.03219108624798075,-0.3035621849731618
2,2022,DHS 2022,40,Offinso,GHA2.34_2,Ashanti,offinso,588.3678989989616,301.849365234375,314.8317565917969,75.96795654296875,76.4209976196289,476.3155822753906,0.6396801471710205,8.611074447631836,1.391846409958506,0.35939294466892274,-0.15547121549650875,-1.301551421306256,-0.3944536819445385,GHA,0.235,0.1,0.7049261168979479,137272,233.30980536761453,NA,NA,0.03219108624798075,-0.3035621849731618
1,2014,DHS 2014,41,Offinso North,GHA2.35_2,Ashanti,offinso north,950.1957881690414,326.4615173339844,319.0514221191406,86.57823944091797,81.27498626708984,372.5355529785156,0.02730664610862732,8.6107330322265625,1.653342694126831,0.04542822281599098,-0.6038742484488704,-1.3037713837865677,-0.24681921366137105,GHA,0.34299999999999997,0.1,0.5515660260740826,83440,87.81348122031024,NA,NA,-0.5812135209567854,0.4987746141652403
2,2022,DHS 2022,41,Offinso North,GHA2.35_2,Ashanti,offinso north,950.1957881690414,326.4615173339844,319.0514221191406,86.57823944091797,81.27498626708984,426.1457214355469,0.1453162580728531,8.597387313842773,1.653342694126831,0.2076145484716869,-0.499589404943786,-1.3905483529191918,-0.24681921366137105,GHA,0.34299999999999997,0.1,0.5515660260740826,83440,87.81348122031024,NA,NA,-0.5812135209567854,0.4987746141652403
1,2014,DHS 2014,42,Oforikrom,GHA2.36_2,Ashanti,oforikrom,45.55913451992756,258.64056396484375,258.5877380371094,55.26287460327149,56.08110427856445,335.983154296875,10.994414329528809,8.66187572479248,0.9327666460426408,-0.06515339643090526,1.7529334875785922,-0.9712296856534224,-0.6825500307720935,GHA,0.1,0,0.8875905243756624,213126,4678.008093125182,NA,NA,1.9254428187942756,-1.3064831838961644
2,2022,DHS 2022,42,Oforikrom,GHA2.36_2,Ashanti,oforikrom,45.55913451992756,258.64056396484375,258.5877380371094,55.26287460327149,56.08110427856445,594.0213623046875,23.611839294433594,8.710625648498535,0.9327666460426408,0.7154871059228679,2.442268683138283,-0.6542463279200024,-0.6825500307720935,GHA,0.1,0,0.8875905243756624,213126,4678.008093125182,NA,NA,1.9254428187942756,-1.3064831838961644
1,2014,DHS 2014,43,Old Tafo,GHA2.37_2,Ashanti,old tafo,29.236986803482704,278.8359680175781,279.1450500488281,54.26520538330078,54.885353088378906,330.1182861328125,13.95472812652588,8.661874771118164,1.1473363876765628,-0.08289632553113288,1.9644816911149938,-0.9712358866659372,-0.6964318816359688,GHA,0.092,0,0.8646114089014062,114368,3911.7574177095603,NA,NA,1.812358643767856,-1.3659155393878981
2,2022,DHS 2022,43,Old Tafo,GHA2.37_2,Ashanti,old tafo,29.236986803482704,278.8359680175781,279.1450500488281,54.26520538330078,54.885353088378906,572.15655517578125,30.107603073120117,8.710625648498535,1.1473363876765628,0.6493397157640394,2.6668962967985284,-0.6542463279200024,-0.6964318816359688,GHA,0.092,0,0.8646114089014062,114368,3911.7574177095603,NA,NA,1.812358643767856,-1.3659155393878981
1,2014,DHS 2014,44,Sekyere Afram Plains North,GHA2.38_2,Ashanti,sekyere afram plains north,3541.8185555887662,134.2164306640625,135.68959045410156,269.7303466796875,276.4140319824219,382.7949523925781,2.3136154050007465e-4,8.779932975769043,-0.38920017698601495,0.07646588492918964,-0.6294890125834262,-0.20359394441676337,2.3016108543402733,GHA,0.505,0.2,0.3665794034143284,33226,9.381056504876984,NA,NA,-1.9384956830249582,1.702279812872844
2,2022,DHS 2022,44,Sekyere Afram Plains North,GHA2.38_2,Ashanti,sekyere afram plains north,3541.8185555887662,134.2164306640625,135.68959045410156,269.7303466796875,276.4140319824219,444.4146423339844,0.00753196328878402,8.80843734741211,-0.38920017698601495,0.26288333869358227,-0.6225145849275213,-0.018251881360810622,2.3016108543402733,GHA,0.505,0.2,0.3665794034143284,33226,9.381056504876984,NA,NA,-1.9384956830249582,1.702279812872844
1,2014,DHS 2014,45,Sekyere Central,GHA2.39_2,Ashanti,sekyere central,1638.8280512397555,204.28038024902344,194.66049194335935,201.55335998535156,206.4219512939453,352.45428466796875,0.01870742253959179,8.76503849029541,0.35520699214223606,-0.015323444554802406,-0.6119357083904703,-0.30044135787348225,1.3529770359420559,GHA,0.39799999999999996,0.2,0.6063590778848659,73228,44.68315022103986,NA,NA,-1.0015768304154344,0.9073720581709082
2,2022,DHS 2022,45,Sekyere Central,GHA2.39_2,Ashanti,sekyere central,1638.8280512397555,204.28038024902344,194.66049194335935,201.55335998535156,206.4219512939453,409.7803039550781,0.1198149472475052,8.729384422302246,0.35520699214223606,0.15810440878417384,-0.5211841464410244,-0.5322724117531653,1.3529770359420559,GHA,0.39799999999999996,0.2,0.6063590778848659,73228,44.68315022103986,NA,NA,-1.0015768304154344,0.9073720581709082
1,2014,DHS 2014,46,Sekyere East,GHA2.40_2,Ashanti,sekyere east,240.2629452525185,269.5086364746094,267.0190124511719,106.90752410888672,106.66322326660156,324.5365295410156,0.28320762515068054,8.653124809265137,1.0482364581043313,-0.09978275992190679,-0.3905652859358275,-1.0281301764895636,0.03604818595460099,GHA,0.17300000000000001,0.1,0.7972311036209857,74789,311.2797935669859,NA,NA,0.21382465215660912,-0.7641629400340962
2,2022,DHS 2022,46,Sekyere East,GHA2.40_2,Ashanti,sekyere east,240.2629452525185,269.5086364746094,267.0190124511719,106.90752410888672,106.66322326660156,527.5008544921875,1.1248829364776611,8.60562515258789,1.0482364581043313,0.5142432551129682,0.09312329020551173,-1.3369840068160328,0.03604818595460099,GHA,0.17300000000000001,0.1,0.7972311036209857,74789,311.2797935669859,NA,NA,0.21382465215660912,-0.7641629400340962
1,2014,DHS 2014,47,Sekyere Kumawu,GHA2.41_2,Ashanti,sekyere kumawu,579.3330579236442,329.04974365234375,317.3187255859375,142.9863739013672,147.10528564453125,327.0683898925781,0.05873339250683784,8.65713119506836,1.6808417751538975,-0.09212314721573922,-0.5749760905986909,-1.0020797229147347,0.5380594760032986,GHA,0.239,0.1,0.760567759872693,64396,111.15540382038299,NA,NA,-0.4336665963373668,-0.273846007227295
2,2022,DHS 2022,47,Sekyere Kumawu,GHA2.41_2,Ashanti,sekyere kumawu,579.3330579236442,329.04974365234375,317.3187255859375,142.9863739013672,147.10528564453125,484.0267639160156,0.41742751002311707,8.609545707702637,1.6808417751538975,0.38272150812529443,-0.29516066212034187,-1.3114916443675393,0.5380594760032986,GHA,0.239,0.1,0.760567759872693,64396,111.15540382038299,NA,NA,-0.4336665963373668,-0.273846007227295
1,2014,DHS 2014,48,Sekyere South,GHA2.42_2,Ashanti,sekyere south,418.74968065767337,321.7223205566406,326.3283996582031,98.10154724121094,98.313446044921875,343.495361328125,0.12377715110778809,8.650904655456543,1.6029902364383561,-0.04242678894150976,-0.517796844703212,-1.0425661336241032,-0.08648065941901921,GHA,0.226,0.1,0.7921193132460738,120076,286.74887539355944,NA,NA,0.16209472168673972,-0.37042358490136185
2,2022,DHS 2022,48,Sekyere South,GHA2.42_2,Ashanti,sekyere south,418.74968065767337,321.7223205566406,326.3283996582031,98.10154724121094,98.313446044921875,480.1705322265625,0.7983272671699524,8.630572319030762,1.6029902364383561,0.37105528758187756,-0.06689962478353718,-1.1747717204404207,-0.08648065941901921,GHA,0.226,0.1,0.7921193132460738,120076,286.74887539355944,NA,NA,0.16209472168673972,-0.37042358490136185
1,2014,DHS 2014,49,Suame,GHA2.43_2,Ashanti,suame,27.58015174306825,261.75408935546875,255.0341339111328,52.95683670043945,55.31053924560547,372.8718872070313,11.056309700012209,8.661874771118164,0.9658468625558929,0.0464457315141575,1.757869673273046,-0.9712358866659372,-0.7146368924420347,GHA,0.087,0,0.8800639749544859,136290,4941.59717718935,NA,NA,1.9600962724172808,-1.4030607615702315
2,2022,DHS 2022,49,Suame,GHA2.43_2,Ashanti,suame,27.58015174306825,261.75408935546875,255.0341339111328,52.95683670043945,55.31053924560547,642.956787109375,25.79804229736328,8.710625648498535,0.9658468625558929,0.8635309746869463,2.5238830085761297,-0.6542463279200024,-0.7146368924420347,GHA,0.087,0,0.8800639749544859,136290,4941.59717718935,NA,NA,1.9600962724172808,-1.4030607615702315
1,2014,DHS 2014,50,Banda,GHA3.1_2,Bono,banda,2307.8339328576512,219.71142578125,216.82571411132813,228.79855346679688,231.5352325439453,348.41912841796875,0.01013441383838653,8.843111991882324,0.5191569405733416,-0.027530963845823823,-0.6200406180063556,0.20721073266613527,1.732074341036781,GHA,0.35700000000000004,0.2,0.5097981866042702,28179,12.210150652004517,NA,NA,-1.7861078935531836,0.6027812362757745
2,2022,DHS 2022,50,Banda,GHA3.1_2,Bono,banda,2307.8339328576512,219.71142578125,216.82571411132813,228.79855346679688,231.5352325439453,347.0274963378906,0.02872520685195923,8.800846099853516,0.5191569405733416,-0.03174105495779946,-0.6025508863693405,-0.06761194097891039,1.732074341036781,GHA,0.35700000000000004,0.2,0.5097981866042702,28179,12.210150652004517,NA,NA,-1.7861078935531836,0.6027812362757745
1,2014,DHS 2014,51,Berekum East,GHA3.2_2,Bono,berekum east,463.64568903064105,291.0967102050781,289.07611083984375,78.29520416259766,78.63298797607422,348.0943908691406,0.18338805437088013,8.609642028808594,1.2776028718995316,-0.028513389220761496,-0.46822852517832275,-1.3108653421035408,-0.36207170229406294,GHA,0.126,0.1,0.8309991368148468,106252,229.16637103246765,NA,NA,0.020909595472946508,-1.1133280285480307
2,2022,DHS 2022,51,Berekum East,GHA3.2_2,Bono,berekum east,463.64568903064105,291.0967102050781,289.07611083984375,78.29520416259766,78.63298797607422,478.0662536621094,0.6752443313598633,8.668343544006348,1.2776028718995316,0.3646892339329651,-0.13489258856064087,-0.9291744187778003,-0.36207170229406294,GHA,0.126,0.1,0.8309991368148468,106252,229.16637103246765,NA,NA,0.020909595472946508,-1.1133280285480307
1,2014,DHS 2014,52,Berekum West,GHA3.3_2,Bono,berekum west,403.028771640955,314.0929260253906,313.2644348144531,76.61454010009766,77.15684509277344,346.2790222167969,0.02914959378540516,8.606937408447266,1.5219303473111603,-0.03400540649860591,-0.6021553343742482,-1.3284514135956176,-0.38545693599765946,GHA,0.14800000000000002,0.1,0.7357174516527866,49464,122.73069190222937,NA,NA,-0.37156019276844615,-0.9498890509457634
2,2022,DHS 2022,52,Berekum West,GHA3.3_2,Bono,berekum west,403.028771640955,314.0929260253906,313.2644348144531,76.61454010009766,77.15684509277344,488.3792724609375,0.2975600063800812,8.692445755004883,1.5219303473111603,0.39588911025382895,-0.379898340971644,-0.7724562294903334,-0.38545693599765946,GHA,0.14800000000000002,0.1,0.7357174516527866,49464,122.73069190222937,NA,NA,-0.37156019276844615,-0.9498890509457634
1,2014,DHS 2014,53,Dormaa,GHA3.4_2,Bono,dormaa,1214.7823261976707,271.3061218261719,270.5123291015625,151.9927978515625,152.3949737548828,317.03466796875,0.03571011871099472,8.612019538879395,1.0673341679826986,-0.12247806939400092,-0.596061228165467,-1.295406217904053,0.6633773986080644,GHA,0.158,0.1,0.7417228123837474,112702,92.77546896221554,NA,NA,-0.5468382526735437,-0.8755986065810966
2,2022,DHS 2022,53,Dormaa,GHA3.4_2,Bono,dormaa,1214.7823261976707,271.3061218261719,270.5123291015625,151.9927978515625,152.3949737548828,501.24615478515625,0.22620761394500732,8.718952178955078,1.0673341679826986,0.43481516527046005,-0.4341403100520797,-0.6001052876529636,0.6633773986080644,GHA,0.158,0.1,0.7417228123837474,112702,92.77546896221554,NA,NA,-0.5468382526735437,-0.8755986065810966
1,2014,DHS 2014,54,Dormaa East,GHA3.5_2,Bono,dormaa east,572.3284887236911,282.97650146484375,281.79656982421875,79.48146057128906,78.90015411376953,320.5340270996094,0.02399316430091858,8.607549667358398,1.191328237985005,-0.11189149196067905,-0.6069724976530434,-1.3244703635610924,-0.3455657961057835,GHA,0.195,0.1,0.7147404255319149,67899,118.63641481733107,NA,NA,-0.3928373833799709,-0.6007239624318291
2,2022,DHS 2022,54,Dormaa East,GHA3.5_2,Bono,dormaa east,572.3284887236911,282.97650146484375,281.79656982421875,79.48146057128906,78.90015411376953,472.6798706054687,0.26703163981437683,8.718857765197754,1.191328237985005,0.34839386121405935,-0.40273151976998506,-0.6007191878919323,-0.3455657961057835,GHA,0.195,0.1,0.7147404255319149,67899,118.63641481733107,NA,NA,-0.3928373833799709,-0.6007239624318291
1,2014,DHS 2014,55,Dormaa West,GHA3.6_2,Bono,dormaa west,382.38305470240545,226.77960205078125,226.52822875976565,152.36187744140625,152.75791931152344,317.0404968261719,0.01357207912951707,8.723540306091309,0.5942540642563409,-0.12246043540785177,-0.6167824235503488,-0.5702722164440843,0.6685128760995537,GHA,0.23199999999999998,0.1,0.6407810515304725,47913,125.30105455977622,NA,NA,-0.35855932014698044,-0.32584931828256186
2,2022,DHS 2022,55,Dormaa West,GHA3.6_2,Bono,dormaa west,382.38305470240545,226.77960205078125,226.52822875976565,152.36187744140625,152.75791931152344,511.9640197753906,0.1063411682844162,8.762761116027832,0.5942540642563409,0.4672398188701439,-0.5327932750637838,-0.31524937575891215,0.6685128760995537,GHA,0.23199999999999998,0.1,0.6407810515304725,47913,125.30105455977622,NA,NA,-0.35855932014698044,-0.32584931828256186
1,2014,DHS 2014,56,Jaman North,GHA3.7_2,Bono,jaman north,1035.2868748832643,307.3611145019531,307.32342529296875,159.17027282714844,156.8437042236328,374.5376281738281,0.0175174456089735,8.6289520263671875,1.4504069920200007,0.05148508159781704,-0.6130566251764393,-1.1853072407031282,0.7632468094266186,GHA,0.145,0.1,0.6882610369349839,116529,112.55720788804499,NA,NA,-0.42581252161804756,-0.9721761842551636
2,2022,DHS 2022,56,Jaman North,GHA3.7_2,Bono,jaman north,1035.2868748832643,307.3611145019531,307.32342529296875,159.17027282714844,156.8437042236328,448.5362548828125,0.14264532923698425,8.64376449584961,1.4504069920200007,0.27535241339172695,-0.5018285091398982,-1.0889931143226852,0.7632468094266186,GHA,0.145,0.1,0.6882610369349839,116529,112.55720788804499,NA,NA,-0.42581252161804756,-0.9721761842551636
1,2014,DHS 2014,57,Jaman South,GHA3.8_2,Bono,jaman south,758.2121652708967,290.4396057128906,290.8240661621094,111.10736846923828,111.94306182861328,375.0864562988281,0.02576998434960842,8.604828834533691,1.2706213457687845,0.05314544603188143,-0.6053098493546153,-1.3421618522659213,0.094486004717417,GHA,0.156,0.1,0.6908778005814948,109768,144.77214298029855,NA,NA,-0.2679014510092258,-0.89045669545403
2,2022,DHS 2022,57,Jaman South,GHA3.8_2,Bono,jaman south,758.2121652708967,290.4396057128906,290.8240661621094,111.10736846923828,111.94306182861328,504.9952087402344,0.20738576352596283,8.644661903381348,1.2706213457687845,0.4461571420476162,-0.44897517103781753,-1.083157961546224,0.094486004717417,GHA,0.156,0.1,0.6908778005814948,109768,144.77214298029855,NA,NA,-0.2679014510092258,-0.89045669545403
1,2014,DHS 2014,58,Sunyani,GHA3.9_2,Bono,sunyani,508.8464826690871,270.6358337402344,270.52655029296875,34.44760513305664,36.49428176879883,299.93267822265625,0.8013643622398376,8.570625305175781,1.0602125703635397,-0.17421655405374362,-0.06528134462189131,-1.5645611661105379,-0.9721795599715445,GHA,0.109,0,0.8329894448088735,193595,380.4585598873023,NA,NA,0.3403509562048773,-1.2396217839679644
2,2022,DHS 2022,58,Sunyani,GHA3.9_2,Bono,sunyani,508.8464826690871,270.6358337402344,270.52655029296875,34.44760513305664,36.49428176879883,436.341552734375,2.1154329776763916,8.685625076293945,1.0602125703635397,0.23845989857887154,0.46009607816212167,-0.8168058709964452,-0.9721795599715445,GHA,0.109,0,0.8329894448088735,193595,380.4585598873023,NA,NA,0.3403509562048773,-1.2396217839679644
1,2014,DHS 2014,59,Sunyani West,GHA3.10_2,Bono,sunyani west,1063.7875826151967,276.1269836425781,272.8746032714844,39.916351318359375,41.360557556152344,324.843994140625,0.10273595154285432,8.617530822753906,1.118554290724391,-0.09885259023367288,-0.535923542228392,-1.259570566580812,-0.8960858833930603,GHA,0.17600000000000002,0.1,0.760289040817708,136022,127.86575273383612,NA,NA,-0.34584817543112745,-0.7418758067246961
2,2022,DHS 2022,59,Sunyani West,GHA3.10_2,Bono,sunyani west,1063.7875826151967,276.1269836425781,272.8746032714844,39.916351318359375,41.360557556152344,423.7613525390625,0.43097984790802,8.69332504272461,1.118554290724391,0.20040114024226718,-0.2860347576657463,-0.7667388959516541,-0.8960858833930603,GHA,0.17600000000000002,0.1,0.760289040817708,136022,127.86575273383612,NA,NA,-0.34584817543112745,-0.7418758067246961
1,2014,DHS 2014,60,Tain,GHA3.11_2,Bono,tain,1837.4718863557896,239.4160614013672,242.5476531982422,98.27784729003906,100.28136444091795,381.1926879882813,0.01194810308516025,8.740839004516602,0.7285124237792675,0.07161856987793967,-0.6183202370013313,-0.4577920504374623,-0.08402757082398585,GHA,0.215,0.1,0.5686036178666639,115568,62.89511195145577,NA,NA,-0.7894294134891241,-0.45214307370249546
2,2022,DHS 2022,60,Tain,GHA3.11_2,Bono,tain,1837.4718863557896,239.4160614013672,242.5476531982422,98.27784729003906,100.28136444091795,417.5816650390625,0.06813644617795944,8.702153205871582,0.7285124237792675,0.1817057912409159,-0.5664961784984096,-0.7093361231018112,-0.08402757082398585,GHA,0.215,0.1,0.5686036178666639,115568,62.89511195145577,NA,NA,-0.7894294134891241,-0.45214307370249546
1,2014,DHS 2014,61,Wenchi,GHA3.12_2,Bono,wenchi,1150.0457275068777,251.7078857421875,241.64352416992188,57.22978591918945,59.54425430297851,380.3243408203125,0.05106846988201141,8.762731552124023,0.8591091459905406,0.06899156756439036,-0.581944417767785,-0.3154416071468721,-0.6551818720642969,GHA,0.23600000000000002,0.1,0.598271932250589,124758,108.48090385975883,NA,NA,-0.4489275166763718,-0.29613314053669487
2,2022,DHS 2022,61,Wenchi,GHA3.12_2,Bono,wenchi,1150.0457275068777,251.7078857421875,241.64352416992188,57.22978591918945,59.54425430297851,396.2970581054687,0.21764051914215088,8.717416763305664,0.8591091459905406,0.11731367513793857,-0.4408642164032586,-0.6100889178018505,-0.6551818720642969,GHA,0.23600000000000002,0.1,0.598271932250589,124758,108.48090385975883,NA,NA,-0.4489275166763718,-0.29613314053669487
1,2014,DHS 2014,62,Atebubu-Amantin,GHA4.1_2,Bono East,atebubu amantin,2636.727986369348,135.4930877685547,134.76319885253906,210.45130920410156,211.48233032226565,391.4675598144531,0.00890765059739351,8.823029518127441,-0.3756361014988048,0.102703040530288,-0.621206020543053,0.07662981112870501,1.4767856105442172,GHA,0.28800000000000003,0.1,0.5005464021519839,144947,54.97229928506402,NA,NA,-0.8731379707773248,0.09017717015957301
2,2022,DHS 2022,62,Atebubu-Amantin,GHA4.1_2,Bono East,atebubu amantin,2636.727986369348,135.4930877685547,134.76319885253906,210.45130920410156,211.48233032226565,407.3078308105469,0.05889894440770149,8.8272857666015625,-0.3756361014988048,0.150624459622751,-0.5748261414063522,0.104304929982421,1.4767856105442172,GHA,0.28800000000000003,0.1,0.5005464021519839,144947,54.97229928506402,NA,NA,-0.8731379707773248,0.09017717015957301
1,2014,DHS 2014,63,Kintampo North,GHA4.2_2,Bono East,kintampo north,4910.300733227013,138.05970764160156,135.66383361816406,144.31298828125,149.11778259277344,308.2908630371094,0.0095094945281744,8.983935356140137,-0.34836658207774657,-0.1489306181348164,-0.620634102905523,1.122877044656975,0.556518362582907,GHA,0.281,0.1,0.5100307777193451,140250,28.56240536367897,NA,NA,-1.2767732958826308,0.038173859104306145
2,2022,DHS 2022,63,Kintampo North,GHA4.2_2,Bono East,kintampo north,4910.300733227013,138.05970764160156,135.66383361816406,144.31298828125,149.11778259277344,288.1048583984375,0.041330736130476,8.895819664001465,-0.34836658207774657,-0.2099991433090856,-0.5908708313166752,0.5499282923361275,0.556518362582907,GHA,0.281,0.1,0.5100307777193451,140250,28.56240536367897,NA,NA,-1.2767732958826308,0.038173859104306145
1,2014,DHS 2014,64,Kintampo South,GHA4.3_2,Bono East,kintampo south,1520.2069171665191,289.548095703125,283.9947204589844,69.5385971069336,69.756500244140625,383.911865234375,0.01143708918243646,8.74105453491211,1.2611493356044934,0.07984487057878496,-0.6188046487593418,-0.4563906216091092,-0.4839136021813381,GHA,0.26,0.1,0.5129941658847048,88384,58.13945391377184,NA,NA,-0.8383349310318396,-0.11783607406149443
2,2022,DHS 2022,64,Kintampo South,GHA4.3_2,Bono East,kintampo south,1520.2069171665191,289.548095703125,283.9947204589844,69.5385971069336,69.756500244140625,367.6574401855469,0.0952896997332573,8.706822395324707,1.2611493356044934,0.030670515224384243,-0.5424213542331062,-0.678975965829171,-0.4839136021813381,GHA,0.26,0.1,0.5129941658847048,88384,58.13945391377184,NA,NA,-0.8383349310318396,-0.11783607406149443
1,2014,DHS 2014,65,Nkoranza North,GHA4.4_2,Bono East,nkoranza north,1393.0378481365235,237.75575256347656,236.3994903564453,110.81777954101564,109.65245819091795,372.5759582519531,0.00875848717987537,8.699393272399902,0.7108721707074072,0.04555046050008246,-0.6213478196641342,-0.7272818533197485,0.09045658270765082,GHA,0.258,0.1,0.588074742809154,56468,40.535869198053476,NA,NA,-1.0617548452551637,-0.13269416293442782
2,2022,DHS 2022,65,Nkoranza North,GHA4.4_2,Bono East,nkoranza north,1393.0378481365235,237.75575256347656,236.3994903564453,110.81777954101564,109.65245819091795,388.2662658691406,0.03224930539727211,8.691670417785645,0.7108721707074072,0.09301819682847784,-0.5992711694143432,-0.7774976526648957,0.09045658270765082,GHA,0.258,0.1,0.588074742809154,56468,40.535869198053476,NA,NA,-1.0617548452551637,-0.13269416293442782
1,2014,DHS 2014,66,Nkoranza South,GHA4.5_2,Bono East,nkoranza south,926.9235390062638,248.5556640625,247.0677947998047,97.76646423339844,99.29217529296876,388.4417724609375,0.06408680230379105,8.645368576049805,0.8256177937196353,0.09354915522818337,-0.5701390612998428,-1.07856301127273,-0.09114309888127752,GHA,0.18,0.1,0.6456710782847299,114642,123.68010431896616,NA,NA,-0.36672688433753314,-0.7121596289788296
2,2022,DHS 2022,66,Nkoranza South,GHA4.5_2,Bono East,nkoranza south,926.9235390062638,248.5556640625,247.0677947998047,97.76646423339844,99.29217529296876,408.9427490234375,0.2564239501953125,8.609537124633789,0.8256177937196353,0.1555705619262503,-0.4107943629751498,-1.3115474534801728,-0.09114309888127752,GHA,0.18,0.1,0.6456710782847299,114642,123.68010431896616,NA,NA,-0.36672688433753314,-0.7121596289788296
1,2014,DHS 2014,67,Pru East,GHA4.6_2,Bono East,pru east,1659.434794348841,107.76366424560548,106.00784301757813,265.001953125,268.5031433105469,344.8749694824219,0.00869424641132354,9.050844192504885,-0.6702524025859433,-0.03825307369625016,-0.6214088952832609,1.5579338816854111,2.235818653039517,GHA,0.303,0.1,0.46673096630297184,100840,60.76767845498227,NA,NA,-0.8108409949495642,0.201612836706573
2,2022,DHS 2022,67,Pru East,GHA4.6_2,Bono East,pru east,1659.434794348841,107.76366424560548,106.00784301757813,265.001953125,268.5031433105469,337.6863708496094,0.09032107144594193,8.921478271484375,-0.6702524025859433,-0.06000067181849605,-0.5467817403868376,0.7167665340478077,2.235818653039517,GHA,0.303,0.1,0.46673096630297184,100840,60.76767845498227,NA,NA,-0.8108409949495642,0.201612836706573
1,2014,DHS 2014,68,Pru West,GHA4.7_2,Bono East,pru west,1576.344311041778,159.15785217285156,158.54176330566406,151.66905212402344,156.33316040039065,325.3735046386719,0,8.881561279296875,-0.12420551012273824,-0.09725066723014468,-0.6297108687249097,0.45721695422680464,0.6588727092605811,GHA,0.38299999999999995,0.2,0.43041050563540484,69820,44.29235384105723,NA,NA,-1.0070091672125259,0.7959363916239077
2,2022,DHS 2022,68,Pru West,GHA4.7_2,Bono East,pru west,1576.344311041778,159.15785217285156,158.54176330566406,151.66905212402344,156.33316040039065,304.999755859375,0.03552532941102981,8.834521293640137,-0.12420551012273824,-0.15888717294257915,-0.5962323509622696,0.15135201193248668,0.6588727092605811,GHA,0.38299999999999995,0.2,0.43041050563540484,69820,44.29235384105723,NA,NA,-1.0070091672125259,0.7959363916239077
1,2014,DHS 2014,69,Sene East,GHA4.8_2,Bono East,sene east,4412.345428107698,112.7296905517578,110.53182220458984,428.076416015625,419.2560729980469,410.7681884765625,0.00175028247758746,8.914306640625,-0.617489953333828,0.16109304630058277,-0.6280337690463423,0.670134919936236,4.504882715796402,GHA,0.495,0.2,0.38107694160973343,72081,16.336209658660618,NA,NA,-1.6142393795903698,1.627989368508177
2,2022,DHS 2022,69,Sene East,GHA4.8_2,Bono East,sene east,4412.345428107698,112.7296905517578,110.53182220458984,428.076416015625,419.2560729980469,400.1182556152344,0.01162101607769727,8.901435852050781,-0.617489953333828,0.12887390711539112,-0.6186302684663452,0.5864460550360004,4.504882715796402,GHA,0.495,0.2,0.38107694160973343,72081,16.336209658660618,NA,NA,-1.6142393795903698,1.627989368508177
1,2014,DHS 2014,70,Sene West,GHA4.9_2,Bono East,sene west,3277.3936080216768,122.55389404296876,121.62745666503906,369.6518249511719,372.954833984375,437.683837890625,0.00361133855767548,8.930728912353516,-0.5131109174222984,0.2425207009180557,-0.6262537387086162,0.7769163554417231,3.6919464803140105,GHA,0.268,0.1,0.42388059701492536,70104,21.390168037313245,NA,NA,-1.4524797197616999,-0.05840371856976088
2,2022,DHS 2022,70,Sene West,GHA4.9_2,Bono East,sene west,3277.3936080216768,122.55389404296876,121.62745666503906,369.6518249511719,372.954833984375,421.7102966308594,0.01830316334962845,8.875894546508789,-0.5131109174222984,0.19419610058206738,-0.6123163595347705,0.42037053786364525,3.6919464803140105,GHA,0.268,0.1,0.42388059701492536,70104,21.390168037313245,NA,NA,-1.4524797197616999,-0.05840371856976088
1,2014,DHS 2014,71,Techiman,GHA4.10_2,Bono East,techiman,651.9763608018063,359.1368103027344,357.9873962402344,26.00385093688965,26.850313186645508,378.77154541015625,0.275398313999176,8.68057918548584,2.0005072842390113,0.06429391058407095,-0.39641953493658816,-0.849615428212446,-1.0896683369490012,GHA,0.098,0,0.7206337785081216,243335,373.22672205591084,NA,NA,0.3282483492740454,-1.3213412727690979
2,2022,DHS 2022,71,Techiman,GHA4.10_2,Bono East,techiman,651.9763608018063,359.1368103027344,357.9873962402344,26.00385093688965,26.850313186645508,399.90631103515625,1.0989068746566772,8.65637493133545,2.0005072842390113,0.1282327132211197,0.08132722933847701,-1.0069971258390003,-1.0896683369490012,GHA,0.098,0,0.7206337785081216,243335,373.22672205591084,NA,NA,0.3282483492740454,-1.3213412727690979
1,2014,DHS 2014,72,Techiman North,GHA4.11_2,Bono East,techiman north,391.14804224477734,401.3736877441406,398.1676330566406,31.81953239440918,32.737518310546875,397.6001281738281,0.08806996792554855,8.707195281982422,2.4492606667591845,0.1212558404498891,-0.5487638163659543,-0.6765513699358697,-1.0087473051590643,GHA,0.15,0.1,0.6824326660443246,102529,262.1232600618212,NA,NA,0.10552503372084968,-0.9350309620728302
2,2022,DHS 2022,72,Techiman North,GHA4.11_2,Bono East,techiman north,391.14804224477734,401.3736877441406,398.1676330566406,31.81953239440918,32.737518310546875,407.8813171386719,0.49220627546310425,8.668620109558105,2.4492606667591845,0.15235942228094373,-0.24585507614564844,-0.9273761251484975,-1.0087473051590643,GHA,0.15,0.1,0.6824326660443246,102529,262.1232600618212,NA,NA,0.10552503372084968,-0.9350309620728302
1,2014,DHS 2014,73,Abura-Asebu-Kwamankese,GHA5.1_2,Central,abura asebu kwamankese,378.5179519338074,73.03126525878906,78.63397216796875,85.42364501953125,87.5400390625,244.971435546875,0.2573224604129791,8.705000877380371,-1.0392730895436004,-0.34049027151464967,-0.4101087767333296,-0.6908198997325089,-0.2628845660297877,GHA,0.28,0.1,0.6850629817634893,124465,328.8219207678836,NA,NA,0.24838232310348876,0.03074481466783945
2,2022,DHS 2022,73,Abura-Asebu-Kwamankese,GHA5.1_2,Central,abura asebu kwamankese,378.5179519338074,73.03126525878906,78.63397216796875,85.42364501953125,87.5400390625,441.5726013183594,0.9205576777458192,8.69124984741211,-1.0392730895436004,0.2542853394155825,-0.0038353355548711478,-0.7802322991839387,-0.2628845660297877,GHA,0.28,0.1,0.6850629817634893,124465,328.8219207678836,NA,NA,0.24838232310348876,0.03074481466783945
1,2014,DHS 2014,74,Agona East,GHA5.2_2,Central,agona east,328.8989709037679,92.96893310546876,94.75321197509766,25.304088592529297,25.127099990844727,320.0256042480469,0.16304047405719757,8.761249542236328,-0.8274417130841734,-0.11342961871065195,-0.48486176487591603,-0.32507798059492826,-1.0994050275375424,GHA,0.259,0.1,0.7365473352980545,98637,299.900603911771,NA,NA,0.19035369014287135,-0.12526511849796113
2,2022,DHS 2022,74,Agona East,GHA5.2_2,Central,agona east,328.8989709037679,92.96893310546876,94.75321197509766,25.304088592529297,25.127099990844727,496.2698364257813,0.9738686084747314,8.751250267028809,-0.8274417130841734,0.4197603573258275,0.022422590738631783,-0.39009559681299055,-1.0994050275375424,GHA,0.259,0.1,0.7365473352980545,98637,299.900603911771,NA,NA,0.19035369014287135,-0.12526511849796113
1,2014,DHS 2014,75,Agona West,GHA5.3_2,Central,agona west,357.9443064667235,108.61339569091795,110.0229949951172,33.297306060791016,34.08864974975586,331.3494873046875,0.28577423095703125,8.761249542236328,-0.6612242763745131,-0.07917158449866549,-0.3886490066794467,-0.32507798059492826,-0.9881851456410256,GHA,0.21,0.1,0.7754900637673335,136569,381.53700878238783,NA,NA,0.34213607438745935,-0.4892882958848289
2,2022,DHS 2022,75,Agona West,GHA5.3_2,Central,agona west,357.9443064667235,108.61339569091795,110.0229949951172,33.297306060791016,34.08864974975586,526.00506591796875,0.9661176204681396,8.751249313354492,-0.6612242763745131,0.5097180603636782,0.018649272456909498,-0.3901017978255054,-0.9881851456410256,GHA,0.21,0.1,0.7754900637673335,136569,381.53700878238783,NA,NA,0.34213607438745935,-0.4892882958848289
1,2014,DHS 2014,76,Ajumako-Enyan-Essiam,GHA5.4_2,Central,ajumako enyan essiam,523.7007221617388,64.15570831298828,64.98775482177734,66.04139709472656,66.61385345458984,309.8810119628906,0.08015529066324234,8.736424446105957,-1.1335730577811651,-0.14411995592388674,-0.5557653190289857,-0.4864965373686412,-0.5325746293422505,GHA,0.29600000000000004,0.1,0.7156357891041021,120586,230.25746365642482,NA,NA,0.02389993402636102,0.14960952565130656
2,2022,DHS 2022,76,Ajumako-Enyan-Essiam,GHA5.4_2,Central,ajumako enyan essiam,523.7007221617388,64.15570831298828,64.98775482177734,66.04139709472656,66.61385345458984,476.6988525390625,0.7587277889251709,8.727723121643066,-1.1335730577811651,0.36055244850163043,-0.08825353132164186,-0.5430745755540108,-0.5325746293422505,GHA,0.29600000000000004,0.1,0.7156357891041021,120586,230.25746365642482,NA,NA,0.02389993402636102,0.14960952565130656
1,2014,DHS 2014,77,Asikuma-Odoben-Brakwa,GHA5.5_2,Central,asikuma odoben brakwa,776.3136468987457,118.4264144897461,119.11754608154295,75.15910339355469,76.0892105102539,351.2893981933594,0.06529700011014938,8.73142147064209,-0.5569640742604441,-0.01884756437312267,-0.5690489697315928,-0.5190270490214742,-0.40570829275760095,GHA,0.29,0.1,0.702295015297021,126993,163.58465487154274,NA,NA,-0.1911518310162267,0.10503525903250598
2,2022,DHS 2022,77,Asikuma-Odoben-Brakwa,GHA5.5_2,Central,asikuma odoben brakwa,776.3136468987457,118.4264144897461,119.11754608154295,75.15910339355469,76.0892105102539,569.52978515625,0.26581093668937683,8.747563362121582,-0.5569640742604441,0.6413929737546056,-0.4036559250352997,-0.41406871119534905,-0.40570829275760095,GHA,0.29,0.1,0.702295015297021,126993,163.58465487154274,NA,NA,-0.1911518310162267,0.10503525903250598
1,2014,DHS 2014,78,Assin Central,GHA5.6_2,Central,assin central,280.09106577182786,156.08267211914065,156.2163848876953,82.71812438964844,83.41552734375,372.521484375,0.14299866557121277,8.7056245803833,-0.15687831963323676,0.04538566120544251,-0.501531998532761,-0.6867644375478057,-0.3005299430158332,GHA,0.18100000000000002,0.1,0.8273658478257981,88753,316.8719421857652,NA,NA,0.22504749609846206,-0.7047305845423626
2,2022,DHS 2022,78,Assin Central,GHA5.6_2,Central,assin central,280.09106577182786,156.08267211914065,156.2163848876953,82.71812438964844,83.41552734375,618.96466064453125,0.930207371711731,8.744375228881836,-0.15687831963323676,0.790947825855422,9.711533744164738e-4,-0.434798696032448,-0.3005299430158332,GHA,0.18100000000000002,0.1,0.8273658478257981,88753,316.8719421857652,NA,NA,0.22504749609846206,-0.7047305845423626
1,2014,DHS 2014,79,Assin North,GHA5.7_2,Central,assin north,729.3760482606858,121.74911499023438,120.51190185546876,88.0073013305664,88.415191650390625,377.905029296875,0.0208181794732809,8.705625534057617,-0.5216614387669917,0.06167244774261054,-0.609950666222923,-0.6867582365352909,-0.22693484354125254,GHA,0.319,0.1,0.6772431274856868,80539,110.4217778909222,NA,NA,-0.4378162008659152,0.3204775476900401
2,2022,DHS 2022,79,Assin North,GHA5.7_2,Central,assin north,729.3760482606858,121.74911499023438,120.51190185546876,88.0073013305664,88.415191650390625,590.1883544921875,0.4114109575748443,8.744903564453125,-0.5216614387669917,0.7038911443504432,-0.2992401038229367,-0.4313633350992285,-0.22693484354125254,GHA,0.319,0.1,0.6772431274856868,80539,110.4217778909222,NA,NA,-0.4378162008659152,0.3204775476900401
1,2014,DHS 2014,80,Assin South,GHA5.8_2,Central,assin south,1106.2328549033875,130.36416625976565,132.33187866210938,124.81279754638672,128.77734375,352.4112548828125,0.022212665528059,8.705366134643555,-0.4301292604436749,-0.015453622148887748,-0.608641484788331,-0.6884449119393264,0.2851872097520687,GHA,0.27399999999999997,0.1,0.6965014837457328,105995,95.81617426220544,NA,NA,-0.5266608489953242,-0.013829451950961127
2,2022,DHS 2022,80,Assin South,GHA5.8_2,Central,assin south,1106.2328549033875,130.36416625976565,132.33187866210938,124.81279754638672,128.77734375,582.52850341796875,0.15770846605300903,8.722375869750977,-0.4301292604436749,0.6807178707616258,-0.4892685706982851,-0.5778436527247,0.2851872097520687,GHA,0.27399999999999997,0.1,0.6965014837457328,105995,95.81617426220544,NA,NA,-0.5266608489953242,-0.013829451950961127
1,2014,DHS 2014,81,Awutu Senya East,GHA5.10_2,Central,awutu senya east,108.52129219312074,41.544288635253906,43.073509216308594,45.12851333618164,45.26133728027344,260.76324462890625,3.1121952533721924,8.810491561889648,-1.3738121966247745,-0.2927154637834686,0.7263111090499472,-0.004894900403852471,-0.8235623912762157,GHA,0.106,0,0.880216436238393,236527,2179.5446333156883,NA,NA,1.4426692093426652,-1.2619089172773645
2,2022,DHS 2022,81,Awutu Senya East,GHA5.10_2,Central,awutu senya east,108.52129219312074,41.544288635253906,43.073509216308594,45.12851333618164,45.26133728027344,396.936767578125,11.136642456054688,8.763192176818848,-1.3738121966247745,0.11924898203667415,1.7642385950508377,-0.312446518102206,-0.8235623912762157,GHA,0.106,0,0.880216436238393,236527,2179.5446333156883,NA,NA,1.4426692093426652,-1.2619089172773645
1,2014,DHS 2014,82,Awutu Senya West,GHA5.9_2,Central,awutu senya west,245.64582233684428,96.69823455810548,98.730804443359375,37.74497604370117,37.32503128051758,312.78704833984375,0.3004963994026184,8.773650169372559,-0.7878190718595761,-0.13532835209638558,-0.3777305055354589,-0.24444621486450724,-0.9262990112804742,GHA,0.225,0.1,0.6994511396577349,161460,657.2877912761585,NA,NA,0.6853629157266682,-0.37785262933782854
2,2022,DHS 2022,82,Awutu Senya West,GHA5.9_2,Central,awutu senya west,245.64582233684428,96.69823455810548,98.730804443359375,37.74497604370117,37.32503128051758,467.8001098632813,2.329948902130127,8.753891944885254,-0.7878190718595761,0.3336311680975731,0.52395650762741,-0.37291879214689305,-0.9262990112804742,GHA,0.225,0.1,0.6994511396577349,161460,657.2877912761585,NA,NA,0.6853629157266682,-0.37785262933782854
1,2014,DHS 2014,83,Cape Coast,GHA5.11_2,Central,cape coast,122.97541305387824,36.569244384765625,41.11708450317383,76.33229064941406,78.68743896484375,-255.0509033203125,4.703531265258789,8.704999923706055,-1.4266704586658385,-1.8532030314388381,1.040035940764583,-0.6908261007450237,-0.38938423444725523,GHA,0.129,0.1,0.877737041342514,189925,1544.414410031619,NA,NA,1.2249769415664702,-1.0910408952386306
2,2022,DHS 2022,83,Cape Coast,GHA5.11_2,Central,cape coast,122.97541305387824,36.569244384765625,41.11708450317383,76.33229064941406,78.68743896484375,-95.31117248535156,7.429380893707275,8.69124984741211,-1.4266704586658385,-1.369943964157279,1.41466789372917,-0.7802322991839387,-0.38938423444725523,GHA,0.129,0.1,0.877737041342514,189925,1544.414410031619,NA,NA,1.2249769415664702,-1.0910408952386306
1,2014,DHS 2014,84,Effutu,GHA5.12_2,Central,effutu,85.60422507641532,18.233840942382813,18.539066314697266,31.643386840820313,31.021692276000977,-98.675872802734375,1.3973400592803955,8.760000228881836,-1.6214782856898848,-1.3801231595807415,0.2088231993675251,-0.3332013069893643,-1.0111982440637717,GHA,0.217,0.1,0.7917730379642592,108816,1271.1522112706996,NA,NA,1.1019414020344265,-0.4372849848295621
2,2022,DHS 2022,84,Effutu,GHA5.12_2,Central,effutu,85.60422507641532,18.233840942382813,18.539066314697266,31.643386840820313,31.021692276000977,21.785053253173828,4.797007083892822,8.751250267028809,-1.6214782856898848,-1.0156938816211076,1.0556261229097046,-0.39009559681299055,-1.0111982440637717,GHA,0.217,0.1,0.7917730379642592,108816,1271.1522112706996,NA,NA,1.1019414020344265,-0.4372849848295621
1,2014,DHS 2014,85,Ekumfi,GHA5.13_2,Central,ekumfi,278.000885558858,25.92716407775879,26.273006439208984,52.89573287963867,52.807491302490234,290.00469970703125,0.0779619961977005,8.756793022155762,-1.53973917548672,-0.20425157171888073,-0.5577146364641117,-0.35405531207675994,-0.7154871082355962,GHA,0.315,0.1,0.6183251800937106,56741,204.10366638197945,NA,NA,-0.05198708720561526,0.29076136994417334
2,2022,DHS 2022,85,Ekumfi,GHA5.13_2,Central,ekumfi,278.000885558858,25.92716407775879,26.273006439208984,52.89573287963867,52.807491302490234,407.17718505859375,0.8427624702453613,8.747750282287598,-1.53973917548672,0.15022921828921956,-0.043490894005057956,-0.4128533127424411,-0.7154871082355962,GHA,0.315,0.1,0.6183251800937106,56741,204.10366638197945,NA,NA,-0.05198708720561526,0.29076136994417334
1,2014,DHS 2014,86,Gomoa Central,GHA5.14_2,Central,gomoa central,122.0571031289606,24.60816192626953,25.72741317749023,35.212318420410156,34.81766891479492,286.06903076171875,0.1472070962190628,8.760000228881836,-1.5537531536235585,-0.21615811302641405,-0.4980074241607101,-0.3332013069893643,-0.9615391236463895,GHA,0.188,0.1,0.751311945082688,82592,676.6668869138786,NA,NA,0.703708443055392,-0.652727273487096
2,2022,DHS 2022,86,Gomoa Central,GHA5.14_2,Central,gomoa central,122.0571031289606,24.60816192626953,25.72741317749023,35.212318420410156,34.81766891479492,414.0823059082031,0.8680140376091003,8.751250267028809,-1.5537531536235585,0.171119213807594,-0.030438482311034326,-0.39009559681299055,-0.9615391236463895,GHA,0.188,0.1,0.751311945082688,82592,676.6668869138786,NA,NA,0.703708443055392,-0.652727273487096
1,2014,DHS 2014,87,Gomoa East,GHA5.15_2,Central,gomoa east,542.2910953864082,47.79496383666992,50.643253326416016,32.058799743652344,31.28726577758789,141.86871337890625,0.9134346842765808,8.778467178344727,-1.307400761651588,-0.6524059426419573,-0.0073987991059139575,-0.2131249006520673,-1.0054180717896255,GHA,0.14400000000000002,0.1,0.8359093153077887,308697,569.2459319842578,NA,NA,0.5945797727038864,-0.9796052286916301
2,2022,DHS 2022,87,Gomoa East,GHA5.15_2,Central,gomoa east,542.2910953864082,47.79496383666992,50.643253326416016,32.058799743652344,31.28726577758789,273.65875244140625,4.096072673797607,8.756648063659668,-1.307400761651588,-0.25370280835318354,0.9320348817700437,-0.3549978659790151,-1.0054180717896255,GHA,0.14400000000000002,0.1,0.8359093153077887,308697,569.2459319842578,NA,NA,0.5945797727038864,-0.9796052286916301
1,2014,DHS 2014,88,Gomoa West,GHA5.16_2,Central,gomoa west,338.65939356647425,56.672725677490234,56.81382369995117,38.64786148071289,38.58502197265625,347.722900390625,0.07549595087766647,8.76014518737793,-1.2130773671060655,-0.02963725578303161,-0.5599111069233041,-0.3322587530871091,-0.9137360087011929,GHA,0.28300000000000003,0.1,0.642941240399942,129512,382.425535686724,NA,NA,0.34360304427492955,0.05303194797723953
2,2022,DHS 2022,88,Gomoa West,GHA5.16_2,Central,gomoa west,338.65939356647425,56.672725677490234,56.81382369995117,38.64786148071289,38.58502197265625,495.399169921875,0.4584771394729614,8.751250267028809,-1.2130773671060655,0.41712633834763246,-0.26778120874889727,-0.39009559681299055,-0.9137360087011929,GHA,0.28300000000000003,0.1,0.642941240399942,129512,382.425535686724,NA,NA,0.34360304427492955,0.05303194797723953
1,2014,DHS 2014,89,Komenda-Edina-Eguafo-Abirem-,GHA5.17_2,Central,komenda edina eguafo abirem,454.6593910918979,35.30366516113281,38.52720642089844,97.1494140625,100.01841735839844,-25.667133331298828,0.3140014111995697,8.696266174316406,-1.440116835194036,-1.1592505241008375,-0.3678228461749098,-0.7476149733558979,-0.09972890896389426,GHA,0.251,0.1,0.695991341747955,166017,365.14587238877436,NA,NA,0.3144450821027264,-0.1846974739896947
2,2022,DHS 2022,89,Komenda-Edina-Eguafo-Abirem-,GHA5.17_2,Central,komenda edina eguafo abirem,454.6593910918979,35.30366516113281,38.52720642089844,97.1494140625,100.01841735839844,160.2750244140625,1.043568134307861,8.700728416442871,-1.440116835194036,-0.5967215073643369,0.05570271002363736,-0.7186004357989771,-0.09972890896389426,GHA,0.251,0.1,0.695991341747955,166017,365.14587238877436,NA,NA,0.3144450821027264,-0.1846974739896947
1,2014,DHS 2014,90,Mfantseman,GHA5.18_2,Central,mfantseman,302.1283521050971,45.18031692504883,45.739784240722656,68.57878875732422,68.90583038330078,-92.16390228271484,0.3941300511360169,8.704999923706055,-1.3351805530747018,-1.3604225579632203,-0.31105461911262766,-0.6908261007450237,-0.4972686462184498,GHA,0.24,0.1,0.7278133829508648,168905,559.0504791197001,NA,NA,0.5831724453036503,-0.2664169627908283
2,2022,DHS 2022,90,Mfantseman,GHA5.18_2,Central,mfantseman,302.1283521050971,45.18031692504883,45.739784240722656,68.57878875732422,68.90583038330078,56.56458282470703,1.6275886297225952,8.69124984741211,-1.3351805530747018,-0.9104757061967629,0.29677237669652945,-0.7802322991839387,-0.4972686462184498,GHA,0.24,0.1,0.7278133829508648,168905,559.0504791197001,NA,NA,0.5831724453036503,-0.2664169627908283
1,2014,DHS 2014,91,Twifo-Atti-Morkwa,GHA5.19_2,Central,twifo atti morkwa,959.9359881661644,111.89864349365234,110.35780334472656,145.27850341796875,146.10385131835938,403.9071044921875,0.02600081264972686,8.7056245803833,-0.6263195638767859,0.14033627508594249,-0.6050940646142493,-0.6867644375478057,0.569952812465141,GHA,0.341,0.1,0.6796564079222249,100851,105.06013030375391,NA,NA,-0.46899943059666177,0.4839165252923074
2,2022,DHS 2022,91,Twifo-Atti-Morkwa,GHA5.19_2,Central,twifo atti morkwa,959.9359881661644,111.89864349365234,110.35780334472656,145.27850341796875,146.10385131835938,605.1727294921875,0.13346141576766968,8.7464017868042,-0.6263195638767859,0.7492232295395604,-0.509567744115653,-0.4216215444384201,0.569952812465141,GHA,0.341,0.1,0.6796564079222249,100851,105.06013030375391,NA,NA,-0.46899943059666177,0.4839165252923074
1,2014,DHS 2014,92,Twifo-Hemang-Lower Denkyira,GHA5.20_2,Central,twifo hemang lower denkyira,578.2730199007883,104.56533813476564,114.08600616455078,132.19448852539065,139.80157470703125,361.3631896972656,0.02684022858738899,8.698458671569824,-0.7042335997668442,0.011628579919347588,-0.6043097642228994,-0.7333588455842883,0.38789813962996456,GHA,0.321,0.1,0.6983205729809829,66075,114.2626367236296,NA,NA,-0.4163869887511957,0.3353356365629735
2,2022,DHS 2022,92,Twifo-Hemang-Lower Denkyira,GHA5.20_2,Central,twifo hemang lower denkyira,578.2730199007883,104.56533813476564,114.08600616455078,132.19448852539065,139.80157470703125,576.40533447265625,0.19109311699867249,8.703309059143066,-0.7042335997668442,0.6621935067987469,-0.46200452658635954,-0.7018204959338291,0.38789813962996456,GHA,0.321,0.1,0.6983205729809829,66075,114.2626367236296,NA,NA,-0.4163869887511957,0.3353356365629735
1,2014,DHS 2014,93,Upper Denkyira East,GHA5.21_2,Central,upper denkyira east,504.2637988372515,148.5251922607422,149.64088439941406,80.726776123046875,83.22935485839844,367.7294006347656,0.14750441908836365,8.7056245803833,-0.23717413824551994,0.030888216477471645,-0.49775890450620186,-0.6867644375478057,-0.32823812434652633,GHA,0.243,0.1,0.7498393591501028,110141,218.41940717133937,NA,NA,-0.009325679244697982,-0.24412982948142822
2,2022,DHS 2022,93,Upper Denkyira East,GHA5.21_2,Central,upper denkyira east,504.2637988372515,148.5251922607422,149.64088439941406,80.726776123046875,83.22935485839844,515.354736328125,0.46303650736808777,8.746874809265137,-0.23717413824551994,0.47749772095953397,-0.2647878581388568,-0.4185458422310611,-0.32823812434652633,GHA,0.243,0.1,0.7498393591501028,110141,218.41940717133937,NA,NA,-0.009325679244697982,-0.24412982948142822
1,2014,DHS 2014,94,Upper Denkyira West,GHA5.22_2,Central,upper denkyira west,581.8114866238785,145.06130981445313,144.9062957763672,99.70054626464844,99.66141510009766,353.62420654296875,0.17079958319664,8.74166488647461,-0.2739767869872711,-0.011784091188238114,-0.47848496350313885,-0.4524219735996138,-0.06423173609802774,GHA,0.245,0.1,0.6659543695519043,91025,156.45101908901395,NA,NA,-0.21916975507775063,-0.22927174060849484
2,2022,DHS 2022,94,Upper Denkyira West,GHA5.22_2,Central,upper denkyira west,581.8114866238785,145.06130981445313,144.9062957763672,99.70054626464844,99.66141510009766,573.9029541015625,0.44801101088523865,8.799614906311035,-0.2739767869872711,0.654623079593208,-0.27468805685439435,-0.07561744813556451,-0.06423173609802774,GHA,0.245,0.1,0.6659543695519043,91025,156.45101908901395,NA,NA,-0.21916975507775063,-0.22927174060849484
1,2014,DHS 2014,95,Abuakwa North,GHA6.1_2,Eastern,abuakwa north,159.656010942866,231.64903259277344,233.74842834472656,21.451066970825195,22.853456497192383,418.0738220214844,0.47448304295539856,8.660624504089355,0.6459902142522171,0.18319470901383383,-0.25731380788263575,-0.9793654140728881,-1.1530170569127234,GHA,0.157,0.1,0.8343894528199892,76195,477.24479366622097,NA,NA,0.4833285220184273,-0.8830276510175633
2,2022,DHS 2022,95,Abuakwa North,GHA6.1_2,Eastern,abuakwa north,159.656010942866,231.64903259277344,233.74842834472656,21.451066970825195,22.853456497192383,537.67840576171875,2.320643424987793,8.650625228881836,0.6459902142522171,0.5450333028238002,0.5212727757694305,-1.0443830302909505,-1.1530170569127234,GHA,0.157,0.1,0.8343894528199892,76195,477.24479366622097,NA,NA,0.4833285220184273,-0.8830276510175633
1,2014,DHS 2014,96,Abuakwa South,GHA6.2_2,Eastern,abuakwa south,351.0672371444439,279.5751647949219,279.89898681640625,46.63054275512695,47.01540756225586,428.7091979980469,0.1034807413816452,8.67241382598877,1.1551901182143185,0.21536980939592001,-0.5352760327775525,-0.9027084973644773,-0.8026627303770207,GHA,0.21100000000000002,0.1,0.776845551087741,89051,253.65796228760777,NA,NA,0.08484779235342965,-0.48185925144836206
2,2022,DHS 2022,96,Abuakwa South,GHA6.2_2,Eastern,abuakwa south,351.0672371444439,279.5751647949219,279.89898681640625,46.63054275512695,47.01540756225586,587.68048095703125,1.2335878610610962,8.662413597106934,1.1551901182143185,0.6963040987286381,0.14097149776504664,-0.9677323145950545,-0.8026627303770207,GHA,0.21100000000000002,0.1,0.776845551087741,89051,253.65796228760777,NA,NA,0.08484779235342965,-0.48185925144836206
1,2014,DHS 2014,97,Achiase,GHA6.3_2,Eastern,achiase,416.4228283294191,169.58074951171875,169.7184600830078,38.33732604980469,39.12888717651367,376.5105590820313,0.03621599450707435,8.732566833496094,-0.013465542591619655,0.057453770448897525,-0.5955929216889781,-0.5115796329911555,-0.9180568862561239,GHA,0.299,0.1,0.6995768688293371,56348,135.3143876046701,NA,NA,-0.3103171368950573,0.17189665896070622
2,2022,DHS 2022,97,Achiase,GHA6.3_2,Eastern,achiase,416.4228283294191,169.58074951171875,169.7184600830078,38.33732604980469,39.12888717651367,619.373779296875,0.2907494008541107,8.747705459594727,-0.013465542591619655,0.7921855285691157,-0.3849453148440794,-0.4131447603306384,-0.9180568862561239,GHA,0.299,0.1,0.6995768688293371,56348,135.3143876046701,NA,NA,-0.3103171368950573,0.17189665896070622
1,2014,DHS 2014,98,Akwapem North,GHA6.4_2,Eastern,akwapem north,307.9614934251466,247.1994476318359,248.788330078125,23.339170455932617,24.606779098510746,363.0372924804687,0.4659707248210907,8.812028884887695,0.8112084257086064,0.016693226925545698,-0.2628663929722857,0.005101131770064215,-1.126745452586197,GHA,0.201,0.1,0.8349818252418807,105315,341.9745723034622,NA,NA,0.27310769794075124,-0.556149695813029
2,2022,DHS 2022,98,Akwapem North,GHA6.4_2,Eastern,akwapem north,307.9614934251466,247.1994476318359,248.788330078125,23.339170455932617,24.606779098510746,525.57720947265625,2.2348086833953857,8.750670433044434,0.8112084257086064,0.5084236703856098,0.49615704642022407,-0.39386581242201124,-1.126745452586197,GHA,0.201,0.1,0.8349818252418807,105315,341.9745723034622,NA,NA,0.27310769794075124,-0.556149695813029
1,2014,DHS 2014,99,Akwapem South,GHA6.5_2,Eastern,akwapem south,225.2655694959473,227.78599548339844,209.0041046142578,32.496849060058594,31.895416259765625,371.6285095214844,0.7009607553482056,8.83750057220459,0.6049466742311093,0.04268415299229983,-0.1202825731103672,0.1707239750288364,-0.9993229300736641,GHA,0.19399999999999998,0.1,0.8269427592447008,76922,341.47251251986773,NA,NA,0.27218142381373833,-0.608153006868296
2,2022,DHS 2022,99,Akwapem South,GHA6.5_2,Eastern,akwapem south,225.2655694959473,227.78599548339844,209.0041046142578,32.496849060058594,31.895416259765625,537.4119873046875,2.5905117988586426,8.767499923706055,0.6049466742311093,0.544227309634889,0.5962074358444102,-0.2844365445726888,-0.9993229300736641,GHA,0.19399999999999998,0.1,0.8269427592447008,76922,341.47251251986773,NA,NA,0.27218142381373833,-0.608153006868296
1,2014,DHS 2014,100,Akyemansa,GHA6.6_2,Eastern,akyemansa,614.6668199891537,137.1477813720703,137.0585174560547,61.54941177368164,62.32732009887695,372.3038024902344,0.01467436738312244,8.717866897583008,-0.358055508505342,0.04472711029862638,-0.6157400220761191,-0.6071620398948476,-0.5950773798142893,GHA,0.23600000000000002,0.1,0.6762979045955009,91038,148.10950752410295,NA,NA,-0.2535883941125451,-0.29613314053669487
2,2022,DHS 2022,100,Akyemansa,GHA6.6_2,Eastern,akyemansa,614.6668199891537,137.1477813720703,137.0585174560547,61.54941177368164,62.32732009887695,585.46820068359375,0.19131486117839813,8.68968391418457,-0.358055508505342,0.6896113085510249,-0.4618260025841666,-0.7904143617333004,-0.5950773798142893,GHA,0.23600000000000002,0.1,0.6762979045955009,91038,148.10950752410295,NA,NA,-0.2535883941125451,-0.29613314053669487
1,2014,DHS 2014,101,Asene-Manso-Akroso,GHA6.7_2,Eastern,asene manso akroso,420.880622352393,161.35494995117188,161.21316528320313,35.50747299194336,35.3895263671875,383.11322021484375,0.05119135603308678,8.761231422424316,-0.10086204537166664,0.0774287375027471,-0.581832299321745,-0.32519579983271013,-0.9574322597061196,GHA,0.257,0.1,0.718140545106261,77498,184.13297235412475,NA,NA,-0.11676137342454475,-0.1401232073708945
2,2022,DHS 2022,101,Asene-Manso-Akroso,GHA6.7_2,Eastern,asene manso akroso,420.880622352393,161.35494995117188,161.21316528320313,35.50747299194336,35.3895263671875,610.30950927734375,0.4114816188812256,8.75123119354248,-0.10086204537166664,0.7647634798882362,-0.2991920920405138,-0.3902196170632873,-0.9574322597061196,GHA,0.257,0.1,0.718140545106261,77498,184.13297235412475,NA,NA,-0.11676137342454475,-0.1401232073708945
1,2014,DHS 2014,102,Asuogyaman,GHA6.8_2,Eastern,asuogyaman,769.3365029360577,132.41860961914065,120.57649230957033,93.01311492919922,104.6767578125,343.6321105957031,0.33261963725090027,8.926713943481445,-0.4083014534995036,-0.04201308270101584,-0.3543296691086634,0.7508100927542608,-0.15728254151812307,GHA,0.218,0.1,0.7867779783393501,101256,131.61470905588337,NA,NA,-0.32771562671350163,-0.4298559403930954
2,2022,DHS 2022,102,Asuogyaman,GHA6.8_2,Eastern,asuogyaman,769.3365029360577,132.41860961914065,120.57649230957033,93.01311492919922,104.6767578125,447.1403198242187,0.6179238557815552,8.85582160949707,-0.4083014534995036,0.2711293045203426,-0.16828134595261593,0.28985162645136336,-0.15728254151812307,GHA,0.218,0.1,0.7867779783393501,101256,131.61470905588337,NA,NA,-0.32771562671350163,-0.4298559403930954
1,2014,DHS 2014,103,Atiwa East,GHA6.9_2,Eastern,atiwa east,582.5636799728335,236.36561584472656,238.60183715820313,95.74497985839844,96.5462875366211,384.9651184082031,0.04172978922724724,8.684033393859863,0.6961024104293191,0.08303126724876184,-0.5905033888733923,-0.8271553608837076,-0.1192706025224424,GHA,0.184,0.1,0.7640682405150777,64647,110.96984282132841,NA,NA,-0.43471361392198826,-0.6824434512329628
2,2022,DHS 2022,103,Atiwa East,GHA6.9_2,Eastern,atiwa east,582.5636799728335,236.36561584472656,238.60183715820313,95.74497985839844,96.5462875366211,519.86138916015625,0.4310557246208191,8.674198150634766,0.6961024104293191,0.49113165431340544,-0.28598390730960316,-0.891106402949218,-0.1192706025224424,GHA,0.184,0.1,0.7640682405150777,64647,110.96984282132841,NA,NA,-0.43471361392198826,-0.6824434512329628
1,2014,DHS 2014,104,Atiwa West,GHA6.10_2,Eastern,atiwa west,588.3124578152365,384.86529541015625,339.370361328125,122.92930603027344,110.64806365966795,419.7232666015625,0.02856311202049255,8.6850004196167,2.273864251384428,0.1881847577959038,-0.602702010747341,-0.8208675341936632,0.2589797776626767,GHA,0.18899999999999997,0.1,0.7599693398486155,61219,104.05864976469059,NA,NA,-0.4749984029329228,-0.6452982290506295
2,2022,DHS 2022,104,Atiwa West,GHA6.10_2,Eastern,atiwa west,588.3124578152365,384.86529541015625,339.370361328125,122.92930603027344,110.64806365966795,562.08099365234375,0.42543262243270874,8.675000190734863,2.273864251384428,0.61885821664855,-0.28975966920010154,-0.8858913514242404,0.2589797776626767,GHA,0.18899999999999997,0.1,0.7599693398486155,61219,104.05864976469059,NA,NA,-0.4749984029329228,-0.6452982290506295
1,2014,DHS 2014,105,Ayensuano,GHA6.11_2,Eastern,ayensuano,501.3733505669487,171.59120178222656,168.40614318847656,60.719444274902344,59.4271125793457,394.6194152832031,0.01348890271037817,8.79133129119873,0.007894873031844227,0.11223831848570223,-0.6168611270282142,-0.1294794428394357,-0.6066257816385494,GHA,0.29100000000000004,0.1,0.678784045244828,94594,188.66978049996857,NA,NA,-0.10145307890525054,0.11246430346897308
2,2022,DHS 2022,105,Ayensuano,GHA6.11_2,Eastern,ayensuano,501.3733505669487,171.59120178222656,168.40614318847656,60.719444274902344,59.4271125793457,615.01116943359375,0.6004993319511414,8.74776840209961,0.007894873031844227,0.7789873670195583,-0.17866577281616997,-0.4127354935046592,-0.6066257816385494,GHA,0.29100000000000004,0.1,0.678784045244828,94594,188.66978049996857,NA,NA,-0.10145307890525054,0.11246430346897308
1,2014,DHS 2014,106,Birim Central,GHA6.12_2,Eastern,birim central,106.89608631612552,128.97349548339844,129.7095489501953,17.574472427368164,18.476215362548828,356.9599914550781,0.6318163871765137,8.7248992919921875,-0.4449046949140022,-0.0016923732615101536,-0.16008168486033192,-0.5614357736104422,-1.2069570865686081,GHA,0.11900000000000001,0.1,0.8498021924923745,76302,713.7960109629353,NA,NA,0.7374365513670587,-1.1653313396032974
2,2022,DHS 2022,106,Birim Central,GHA6.12_2,Eastern,birim central,106.89608631612552,128.97349548339844,129.7095489501953,17.574472427368164,18.476215362548828,566.96160888671875,2.1991569995880127,8.735771179199219,-0.4449046949140022,0.6336234948520114,0.4855286860971422,-0.4907442309413043,-1.2069570865686081,GHA,0.11900000000000001,0.1,0.8498021924923745,76302,713.7960109629353,NA,NA,0.7374365513670587,-1.1653313396032974
1,2014,DHS 2014,107,Birim North,GHA6.13_2,Eastern,birim north,569.0373741787052,184.8699493408203,183.94195556640625,101.9614028930664,102.41685485839844,367.3432922363281,0.31480932235717773,8.703639030456543,0.14897734038083302,0.02972012646302644,-0.3672333719517462,-0.6996749456036957,-0.032773539421153505,GHA,0.183,0.1,0.7498579464742315,82669,145.2786824754993,NA,NA,-0.2657080741080798,-0.6898724956694294
2,2022,DHS 2022,107,Birim North,GHA6.13_2,Eastern,birim north,569.0373741787052,184.8699493408203,183.94195556640625,101.9614028930664,102.41685485839844,566.11566162109375,0.7031528353691101,8.680140495300293,0.14897734038083302,0.6310642587470144,-0.11904744234685212,-0.8524678939692708,-0.032773539421153505,GHA,0.183,0.1,0.7498579464742315,82669,145.2786824754993,NA,NA,-0.2657080741080798,-0.6898724956694294
1,2014,DHS 2014,108,Birim South,GHA6.14_2,Eastern,birim south,313.15103203531095,139.77825927734375,139.16552734375,36.46815490722656,37.964874267578125,355.2756042480469,0.1541072279214859,8.718076705932617,-0.3301075178122892,-0.006788133635940182,-0.4922564255929395,-0.6057978171415835,-0.9440650606298816,GHA,0.249,0.1,0.7637407179221116,35654,113.85560433337372,NA,NA,-0.41862383602352604,-0.19955556286262807
2,2022,DHS 2022,108,Birim South,GHA6.14_2,Eastern,birim south,313.15103203531095,139.77825927734375,139.16552734375,36.46815490722656,37.964874267578125,581.6534423828125,0.718497633934021,8.745914459228516,-0.3301075178122892,0.678070557050418,-0.11044564951689331,-0.42479026183350166,-0.9440650606298816,GHA,0.249,0.1,0.7637407179221116,35654,113.85560433337372,NA,NA,-0.41862383602352604,-0.19955556286262807
1,2014,DHS 2014,109,Denkyembour,GHA6.15_2,Eastern,denkyembour,438.3568230642736,162.652587890625,160.23141479492188,58.76230239868164,59.50153732299805,413.7369689941406,0.1319933980703354,8.694055557250977,-0.08707505518935667,0.17007446937165804,-0.5108106449116043,-0.7619889203652892,-0.6338580056074703,GHA,0.18100000000000002,0.1,0.7718673127096534,77029,175.72214220720753,NA,NA,-0.1461608996679496,-0.7047305845423626
2,2022,DHS 2022,109,Denkyembour,GHA6.15_2,Eastern,denkyembour,438.3568230642736,162.652587890625,160.23141479492188,58.76230239868164,59.50153732299805,620.48760986328125,0.7365875244140625,8.684056282043457,-0.08707505518935667,0.7955551894406949,-0.10040315349186443,-0.8270065365833515,-0.6338580056074703,GHA,0.18100000000000002,0.1,0.7718673127096534,77029,175.72214220720753,NA,NA,-0.1461608996679496,-0.7047305845423626
1,2014,DHS 2014,110,Fanteakwa North,GHA6.16_2,Eastern,fanteakwa north,840.5986203912248,407.8209838867187,381.5255737304687,112.73512268066406,115.25828552246094,368.6599426269531,0.03722483664751053,8.777669906616211,2.5177611366650123,0.033703376192968267,-0.5946596843190958,-0.21830894711447074,0.1171350358328814,GHA,0.289,0.1,0.6668099478047282,56987,67.79335418547029,NA,NA,-0.7427245148711674,0.09760621459603928
2,2022,DHS 2022,110,Fanteakwa North,GHA6.16_2,Eastern,fanteakwa north,840.5986203912248,407.8209838867187,381.5255737304687,112.73512268066406,115.25828552246094,447.2433776855469,0.14343957602977753,8.739279747009277,2.5177611366650123,0.2714410844744039,-0.5011621265382681,-0.46793070589922026,0.1171350358328814,GHA,0.289,0.1,0.6668099478047282,56987,67.79335418547029,NA,NA,-0.7427245148711674,0.09760621459603928
1,2014,DHS 2014,111,Fanteakwa South,GHA6.17_2,Eastern,fanteakwa south,263.31332364037195,340.30078125,346.3269348144531,53.88179016113281,55.17580032348633,397.4512939453125,0.08312191069126129,8.663004875183105,1.8003804694102166,0.12080557369360952,-0.5531349871907533,-0.9638876868358558,-0.7017668291581863,GHA,0.217,0.1,0.7930354796320631,54634,207.48665219317965,NA,NA,-0.041642874248123615,-0.4372849848295621
2,2022,DHS 2022,111,Fanteakwa South,GHA6.17_2,Eastern,fanteakwa south,263.31332364037195,340.30078125,346.3269348144531,53.88179016113281,55.17580032348633,498.7808837890625,0.7948557138442993,8.653005599975586,1.8003804694102166,0.4273570046992529,-0.06875275168366848,-1.0289053030539181,-0.7017668291581863,GHA,0.217,0.1,0.7930354796320631,54634,207.48665219317965,NA,NA,-0.041642874248123615,-0.4372849848295621
1,2014,DHS 2014,112,Kwaebibirem,GHA6.18_2,Eastern,kwaebibirem,807.3522835481721,183.19886779785156,181.85256958007813,97.58336639404295,97.2248306274414,391.0045776367187,0.04547281190752983,8.686305046081543,0.13122263074552507,0.10130238501265044,-0.5870637025833114,-0.8123845490733667,-0.09369077385064788,GHA,0.196,0.1,0.7638743455497382,121698,150.73717196309718,NA,NA,-0.24254268301213883,-0.5932949179953625
2,2022,DHS 2022,112,Kwaebibirem,GHA6.18_2,Eastern,kwaebibirem,807.3522835481721,183.19886779785156,181.85256958007813,97.58336639404295,97.2248306274414,575.68865966796875,0.28971239924430847,8.675154685974121,0.13122263074552507,0.6600253574232149,-0.385716116320892,-0.8848867873968368,-0.09369077385064788,GHA,0.196,0.1,0.7638743455497382,121698,150.73717196309718,NA,NA,-0.24254268301213883,-0.5932949179953625
1,2014,DHS 2014,113,Kwahu Afram Plains North,GHA6.19_2,Eastern,kwahu afram plains north,2351.7475265741114,108.69708251953124,98.84698486328124,264.4123840332031,237.9638671875,349.5245361328125,0.0016471374547109,8.84583568572998,-0.6603351304506768,-0.02418678454585273,-0.6281325200879679,0.22492082440850875,2.227615222441032,GHA,0.485,0.2,0.4935575138310717,66555,28.300231741692716,NA,NA,-1.2824059113795838,1.5536989241435102
2,2022,DHS 2022,113,Kwahu Afram Plains North,GHA6.19_2,Eastern,kwahu afram plains north,2351.7475265741114,108.69708251953124,98.84698486328124,264.4123840332031,237.9638671875,405.8830871582031,0.02544786222279071,8.821743965148926,-0.6603351304506768,0.14631419639050403,-0.6056110592903938,0.0682708462587052,2.227615222441032,GHA,0.485,0.2,0.4935575138310717,66555,28.300231741692716,NA,NA,-1.2824059113795838,1.5536989241435102
1,2014,DHS 2014,114,Kwahu Afram Plains South,GHA6.20_2,Eastern,kwahu afram plains south,3108.9509268268507,122.30359649658205,119.45825958251952,236.42373657226565,231.6636505126953,348.5476379394531,0.00118239957373589,8.82741641998291,-0.5157702492048943,-0.02714218522972923,-0.628577586286479,0.10515446869695362,1.8381732890257418,GHA,0.391,0.2,0.5126276981046272,74002,23.80288455550828,NA,NA,-1.3877706756631183,0.8553687471156417
2,2022,DHS 2022,114,Kwahu Afram Plains South,GHA6.20_2,Eastern,kwahu afram plains south,3108.9509268268507,122.30359649658205,119.45825958251952,236.42373657226565,231.6636505126953,430.7937927246094,0.02042428217828273,8.801777839660645,-0.5157702492048943,0.22167631371987853,-0.610320791655854,-0.06155355175191497,1.8381732890257418,GHA,0.391,0.2,0.5126276981046272,74002,23.80288455550828,NA,NA,-1.3877706756631183,0.8553687471156417
1,2014,DHS 2014,115,Kwahu East,GHA6.21_2,Eastern,kwahu east,626.1034858742722,271.39971923828125,270.3403015136719,103.9225082397461,104.84835815429688,317.6599426269531,0.04658394306898117,8.696249961853027,1.0683286107025112,-0.12058643200023174,-0.5860449882316472,-0.74772039056865,-0.005486166606589539,GHA,0.294,0.1,0.7231398390196674,80233,128.14654735225605,NA,NA,-0.3444718963905328,0.13475143677837276
2,2022,DHS 2022,115,Kwahu East,GHA6.21_2,Eastern,kwahu east,626.1034858742722,271.39971923828125,270.3403015136719,103.9225082397461,104.84835815429688,438.6692199707031,0.3721356987953186,8.71250057220459,1.0683286107025112,0.24550176782261002,-0.32630521975788157,-0.6420551373158335,-0.005486166606589539,GHA,0.294,0.1,0.7231398390196674,80233,128.14654735225605,NA,NA,-0.3444718963905328,0.13475143677837276
1,2014,DHS 2014,116,Kwahu South,GHA6.22_2,Eastern,kwahu south,799.5398750685098,368.8117370605469,340.0099792480469,113.9170379638672,116.12622833251952,358.4677429199219,0.0729174092411995,8.736177444458008,2.103300302359878,0.002869012705426288,-0.5622131690030858,-0.48810259960998387,0.13358053837694372,GHA,0.28800000000000003,0.1,0.7226122257558659,79851,99.87119153145157,NA,NA,-0.5007171038205916,0.09017717015957301
2,2022,DHS 2022,116,Kwahu South,GHA6.22_2,Eastern,kwahu south,799.5398750685098,368.8117370605469,340.0099792480469,113.9170379638672,116.12622833251952,451.46087646484375,0.4545858800411224,8.734498977661133,2.103300302359878,0.2842002428609288,-0.27034333828579493,-0.4990163816360964,0.13358053837694372,GHA,0.28800000000000003,0.1,0.7226122257558659,79851,99.87119153145157,NA,NA,-0.5007171038205916,0.09017717015957301
1,2014,DHS 2014,117,Kwahu West,GHA6.23_2,Eastern,kwahu west,402.77973513054786,248.7604827880859,249.86363220214844,74.17903900146484,74.19287872314453,384.6157531738281,0.24414700269699097,8.692779541015625,0.8277939275031437,0.08197433597423064,-0.4202114205276992,-0.7702858751101407,-0.4193451850818778,GHA,0.151,0.1,0.8062399625537684,145429,361.0633488123824,NA,NA,0.3073552649907851,-0.9276019176363635
2,2022,DHS 2022,117,Kwahu West,GHA6.23_2,Eastern,kwahu west,402.77973513054786,248.7604827880859,249.86363220214844,74.17903900146484,74.19287872314453,542.1990966796875,1.287563681602478,8.700931549072266,0.8277939275031437,0.5587097054636854,0.1638712794386983,-0.7172796201333169,-0.4193451850818778,GHA,0.151,0.1,0.8062399625537684,145429,361.0633488123824,NA,NA,0.3073552649907851,-0.9276019176363635
1,2014,DHS 2014,118,Lower Manya-Krobo,GHA6.24_2,Eastern,lower manya krobo,305.70045181629365,155.82830810546875,149.89353942871094,70.27986145019531,70.84877014160156,329.3410339355469,0.4688807427883148,8.810066223144531,-0.15958085633673777,-0.08524773910826731,-0.26096456949325353,-0.007660551985469619,-0.47359944107674895,GHA,0.198,0.1,0.7747018263138278,121849,398.5895319291953,NA,NA,0.3697125276498281,-0.5784368291224291
2,2022,DHS 2022,118,Lower Manya-Krobo,GHA6.24_2,Eastern,lower manya krobo,305.70045181629365,155.82830810546875,149.89353942871094,70.27986145019531,70.84877014160156,436.0749816894531,1.3228784799575806,8.762547492980957,-0.15958085633673777,0.23765344376728612,0.1785633553964054,-0.3166384025622356,-0.47359944107674895,GHA,0.198,0.1,0.7747018263138278,121849,398.5895319291953,NA,NA,0.3697125276498281,-0.5784368291224291
1,2014,DHS 2014,119,New Juaben North,GHA6.25_2,Eastern,new juaben north,105.97108970797365,204.94894409179688,208.89308166503903,12.964248657226564,14.526915550231934,401.1595764160156,0.913131058216095,8.660625457763672,0.36231027022645224,0.13202420489225639,-0.007550990601525605,-0.9793592130603732,-1.2711050401639667,GHA,0.106,0,0.8884175393003644,88716,837.1717252740932,NA,NA,0.8381161319705737,-1.2619089172773645
2,2022,DHS 2022,119,New Juaben North,GHA6.25_2,Eastern,new juaben north,105.97108970797365,204.94894409179688,208.89308166503903,12.964248657226564,14.526915550231934,559.47161865234375,3.61666488647461,8.650625228881836,0.36231027022645224,0.6109640996239593,0.8372853638793502,-1.0443830302909505,-1.2711050401639667,GHA,0.106,0,0.8884175393003644,88716,837.1717252740932,NA,NA,0.8381161319705737,-1.2619089172773645
1,2014,DHS 2014,120,New Juaben South,GHA6.26_2,Eastern,new juaben south,54.47694421146031,201.7653045654297,210.5786895751953,3.701594829559326,4.7576093673706055,373.435302734375,6.254573345184326,8.660625457763672,0.3284851133321212,0.04815022707586199,1.2707264335810844,-0.9793592130603732,-1.3999882175392855,GHA,0.085,0,0.897344148963888,129741,2381.5763141264156,NA,NA,1.4986964805366052,-1.4179188504431646
2,2022,DHS 2022,120,New Juaben South,GHA6.26_2,Eastern,new juaben south,54.47694421146031,201.7653045654297,210.5786895751953,3.701594829559326,4.7576093673706055,534.85125732421875,13.32595920562744,8.650625228881836,0.3284851133321212,0.5364803579187889,1.923287394989538,-1.0443830302909505,-1.3999882175392855,GHA,0.085,0,0.897344148963888,129741,2381.5763141264156,NA,NA,1.4986964805366052,-1.4179188504431646
1,2014,DHS 2014,121,Nsawam Adoagyiri,GHA6.27_2,Eastern,nsawam adoagyiri,175.84461839077977,77.702117919921875,78.41448974609375,51.37846755981445,50.05256271362305,366.4288024902344,0.9047752022743224,8.83750057220459,-0.9896467663419269,0.026953529452841088,-0.011748840395415551,0.1707239750288364,-0.7365987657560601,GHA,0.13,0.1,0.8192600010462519,155597,884.8550579706485,NA,NA,0.873101893031316,-1.083611850802164
2,2022,DHS 2022,121,Nsawam Adoagyiri,GHA6.27_2,Eastern,nsawam adoagyiri,175.84461839077977,77.702117919921875,78.41448974609375,51.37846755981445,50.05256271362305,566.120361328125,4.5846757888793945,8.767499923706055,-0.9896467663419269,0.6310784767253755,1.019839687947126,-0.2844365445726888,-0.7365987657560601,GHA,0.13,0.1,0.8192600010462519,155597,884.8550579706485,NA,NA,0.873101893031316,-1.083611850802164
1,2014,DHS 2014,122,Okere,GHA6.28_2,Eastern,okere,308.07056201486654,218.4153289794922,213.29135131835935,28.6820125579834,30.94053840637207,370.4916076660156,0.15064392983913422,8.681302070617676,0.5053863244886353,0.039244694772402444,-0.49513864259664614,-0.8449150607261998,-1.0524036409263358,GHA,0.24,0.1,0.7517901358495617,51675,167.73754578182098,NA,NA,-0.17539507861398884,-0.2664169627908283
2,2022,DHS 2022,122,Okere,GHA6.28_2,Eastern,okere,308.07056201486654,218.4153289794922,213.29135131835935,28.6820125579834,30.94053840637207,534.46026611328125,1.115252137184143,8.664287567138672,0.5053863244886353,0.5352974959787737,0.08876672813695735,-0.9555473250034006,-1.0524036409263358,GHA,0.24,0.1,0.7517901358495617,51675,167.73754578182098,NA,NA,-0.17539507861398884,-0.2664169627908283
1,2014,DHS 2014,123,Suhum,GHA6.29_2,Eastern,suhum,360.68278081764163,182.9468688964844,186.85890197753903,31.443788528442383,34.14976501464844,404.1126403808594,0.13023608922958374,8.689921379089355,0.12854522260765408,0.14095808082790331,-0.5123005960995665,-0.7888703096171061,-1.0139755112678186,GHA,0.17600000000000002,0.1,0.781191371752281,126403,350.4547672429873,NA,NA,0.28855160996146023,-0.7418758067246961
2,2022,DHS 2022,123,Suhum,GHA6.29_2,Eastern,suhum,360.68278081764163,182.9468688964844,186.85890197753903,31.443788528442383,34.14976501464844,598.40008544921875,1.2943849563598633,8.670732498168945,0.12854522260765408,0.7287340148268062,0.16672673999717252,-0.9136408824281343,-1.0139755112678186,GHA,0.17600000000000002,0.1,0.781191371752281,126403,350.4547672429873,NA,NA,0.28855160996146023,-0.7418758067246961
1,2014,DHS 2014,124,Upper Manya,GHA6.30_2,Eastern,upper manya,863.0561373375441,259.3540954589844,237.92669677734375,77.929107666015625,83.97687530517578,360.2312927246094,0.01361452881246805,8.685931205749512,0.9403476911133727,0.008204262923159419,-0.6167422591542905,-0.8148153459791827,-0.3671656721846928,GHA,0.327,0.1,0.5874079589641764,70612,81.81623065427947,NA,NA,-0.6254208756968805,0.37990990318177364
2,2022,DHS 2022,124,Upper Manya,GHA6.30_2,Eastern,upper manya,863.0561373375441,259.3540954589844,237.92669677734375,77.929107666015625,83.97687530517578,452.2684020996094,0.08616676181554794,8.669734001159668,0.9403476911133727,0.28664324237659705,-0.5504427735635272,-0.9201333425311684,-0.3671656721846928,GHA,0.327,0.1,0.5874079589641764,70612,81.81623065427947,NA,NA,-0.6254208756968805,0.37990990318177364
1,2014,DHS 2014,125,Upper West Akim,GHA6.31_2,Eastern,upper west akim,344.11633593518314,108.94043731689452,118.88157653808594,52.79043197631836,54.45337677001953,368.83831787109375,0.05217723548412323,8.775860786437988,-0.6577495631671867,0.03424301309894615,-0.5809332800939152,-0.23007226785511586,-0.7169522946986675,GHA,0.297,0.1,0.6684976319515649,95855,278.554052772592,NA,NA,0.14382580911966664,0.15703857008777283
2,2022,DHS 2022,125,Upper West Akim,GHA6.31_2,Eastern,upper west akim,344.11633593518314,108.94043731689452,118.88157653808594,52.79043197631836,54.45337677001953,586.66204833984375,0.7205843925476074,8.754364013671875,-0.6577495631671867,0.6932230443528821,-0.10928181762922713,-0.3698492909520489,-0.7169522946986675,GHA,0.297,0.1,0.6684976319515649,95855,278.554052772592,NA,NA,0.14382580911966664,0.15703857008777283
1,2014,DHS 2014,126,West Akim,GHA6.32_2,Eastern,west akim,477.3142221497948,215.1494903564453,215.93374633789065,68.04346466064453,68.3955307006836,411.8931579589844,0.08085034042596817,8.753151893615723,0.4706878283488478,0.16449640562736856,-0.5551484108412647,-0.37773077785840625,-0.5047172966580858,GHA,0.237,0.1,0.7320420564876353,117681,246.54827897222881,NA,NA,0.06694358406103505,-0.2887040961002284
2,2022,DHS 2022,126,West Akim,GHA6.32_2,Eastern,west akim,477.3142221497948,215.1494903564453,215.93374633789065,68.04346466064453,68.3955307006836,648.645751953125,0.6731262803077698,8.743152618408203,0.4706878283488478,0.8807417451685158,-0.13610587537752067,-0.4427483940764686,-0.5047172966580858,GHA,0.237,0.1,0.7320420564876353,117681,246.54827897222881,NA,NA,0.06694358406103505,-0.2887040961002284
1,2014,DHS 2014,127,Yilo-Krobo,GHA6.33_2,Eastern,yilo krobo,485.6849578649172,296.4372253417969,272.3747863769531,41.30921936035156,41.1212272644043,350.7716979980469,0.19184359908103943,8.697603225708008,1.3343441458094556,-0.020413757781678508,-0.4614004550784553,-0.7389211538100968,-0.8767051246756957,GHA,0.215,0.1,0.7567504042721221,122398,252.01109900142794,NA,NA,0.08074540817089976,-0.45214307370249546
2,2022,DHS 2022,127,Yilo-Krobo,GHA6.33_2,Eastern,yilo krobo,485.6849578649172,296.4372253417969,272.3747863769531,41.30921936035156,41.1212272644043,483.3435363769531,0.885323166847229,8.678319931030273,1.3343441458094556,0.3806545464399167,-0.021593005788124973,-0.8643056268600939,-0.8767051246756957,GHA,0.215,0.1,0.7567504042721221,122398,252.01109900142794,NA,NA,0.08074540817089976,-0.45214307370249546
1,2014,DHS 2014,128,Ablekuma Central,GHA7.1_2,Greater Accra,ablekuma central,14.154637507231136,21.89466667175293,22.30959129333496,45.47600555419922,45.534481048583984,202.8694305419922,26.086334228515625,8.837499618530273,-1.5825831772351766,-0.46786106125489507,2.5341450623844706,0.17071777401632157,-0.8187272865638352,GHA,0.094,0,0.8651559134750445,169145,11949.793833546737,NA,NA,2.5183643631677297,-1.3510574505149646
2,2022,DHS 2022,128,Ablekuma Central,GHA7.1_2,Greater Accra,ablekuma central,14.154637507231136,21.89466667175293,22.30959129333496,45.47600555419922,45.534481048583984,298.7024841308594,44.91197204589844,8.767499923706055,-1.5825831772351766,-0.17793824837656222,3.0402199706135753,-0.2844365445726888,-0.8187272865638352,GHA,0.094,0,0.8651559134750445,169145,11949.793833546737,NA,NA,2.5183643631677297,-1.3510574505149646
1,2014,DHS 2014,129,Ablekuma North,GHA7.2_2,Greater Accra,ablekuma north,29.61972070512832,31.81253433227539,32.48994445800781,44.20707702636719,44.3472900390625,228.0695037841797,25.42932891845703,8.83750057220459,-1.477208989329805,-0.3916235226864303,2.5105961796348697,0.1707239750288364,-0.8363835159309178,GHA,0.083,0,0.919091826724861,159208,5375.067563430297,NA,NA,2.0132519364807107,-1.432776939316098
2,2022,DHS 2022,129,Ablekuma North,GHA7.2_2,Greater Accra,ablekuma north,29.61972070512832,31.81253433227539,32.48994445800781,44.20707702636719,44.3472900390625,337.7507629394531,46.94011306762695,8.767499923706055,-1.477208989329805,-0.0598058670500421,3.0816754898898475,-0.2844365445726888,-0.8363835159309178,GHA,0.083,0,0.919091826724861,159208,5375.067563430297,NA,NA,2.0132519364807107,-1.432776939316098
1,2014,DHS 2014,130,Ablekuma West,GHA7.3_2,Greater Accra,ablekuma west,12.95675141006073,17.880653381347656,17.940465927124023,49.78162384033203,49.90066909790039,229.80255126953125,18.49725914001465,8.837499618530273,-1.62523079113725,-0.38638055084124207,2.2188599547957617,0.17071777401632157,-0.7588176995700368,GHA,0.08900000000000001,0,0.9071181457779626,153490,11846.333632735843,NA,NA,2.5128665342454983,-1.3882026726972978
2,2022,DHS 2022,130,Ablekuma West,GHA7.3_2,Greater Accra,ablekuma west,12.95675141006073,17.880653381347656,17.940465927124023,49.78162384033203,49.90066909790039,339.5150451660156,34.61643981933594,8.767499923706055,-1.62523079113725,-0.054468401043473474,2.796705363550473,-0.2844365445726888,-0.7588176995700368,GHA,0.08900000000000001,0,0.9071181457779626,153490,11846.333632735843,NA,NA,2.5128665342454983,-1.3882026726972978
1,2014,DHS 2014,131,Accra,GHA7.4_2,Greater Accra,accra,5.64259246186301,17.921489715576172,17.921489715576172,45.79651641845703,45.7965202331543,-1102.4854736328125,27.75644302368164,8.837499618530273,-1.624796918080697,-4.416938664964377,2.5915260220693077,0.17071777401632157,-0.8142676080162607,GHA,0.111,0,0.8166919611286363,284124,50353.45046099449,NA,NA,3.4278046916854756,-1.2247636950950311
2,2022,DHS 2022,131,Accra,GHA7.4_2,Greater Accra,accra,5.64259246186301,17.921489715576172,17.921489715576172,45.79651641845703,45.7965202331543,-1020.36279296875,45.38956069946289,8.767499923706055,-1.624796918080697,-4.16849371108262,3.050144489938534,-0.2844365445726888,-0.8142676080162607,GHA,0.111,0,0.8166919611286363,284124,50353.45046099449,NA,NA,3.4278046916854756,-1.2247636950950311
1,2014,DHS 2014,132,Ada East,GHA7.5_2,Greater Accra,ada east,290.9753184328601,5.519522666931152,5.575595378875732,113.822509765625,114.04922485351564,177.3982391357422,0.25402387976646423,8.981457710266113,-1.7565638715138407,-0.5449188109906322,-0.41262808472496504,1.1067668141434293,0.13226524637017256,GHA,0.282,0.1,0.6550470026198182,76411,262.60302905255224,NA,NA,0.10667690846139083,0.04560290354077243
2,2022,DHS 2022,132,Ada East,GHA7.5_2,Greater Accra,ada east,290.9753184328601,5.519522666931152,5.575595378875732,113.822509765625,114.04922485351564,217.09133911132813,1.0468765497207642,8.9164581298828125,-1.7565638715138407,-0.4248356584057957,0.057254061218829554,0.6841244041697074,0.13226524637017256,GHA,0.282,0.1,0.6550470026198182,76411,262.60302905255224,NA,NA,0.10667690846139083,0.04560290354077243
1,2014,DHS 2014,133,Ada West,GHA7.6_2,Greater Accra,ada west,325.09183342536915,18.4268741607666,18.327213287353516,101.78289794921876,101.8934326171875,187.5459442138672,0.04176054894924164,8.929141998291016,-1.6194273691701055,-0.5142190566748466,-0.5904750716000056,0.766597870617035,-0.035257307547256624,GHA,0.401,0.2,0.5979776069412103,76087,234.04771260569726,NA,NA,0.03417926901171219,0.9296591914803086
2,2022,DHS 2022,133,Ada West,GHA7.6_2,Greater Accra,ada west,325.09183342536915,18.4268741607666,18.327213287353516,101.78289794921876,101.8934326171875,245.59393310546875,0.575631856918335,8.864136695861816,-1.6194273691701055,-0.3386070356535484,-0.19368344607204876,0.3439182545682241,-0.035257307547256624,GHA,0.401,0.2,0.5979776069412103,76087,234.04771260569726,NA,NA,0.03417926901171219,0.9296591914803086
1,2014,DHS 2014,134,Adenta,GHA7.7_2,Greater Accra,adenta,78.29816416969413,51.45619583129883,50.90283966064453,39.49184036254883,39.13934326171875,236.0850524902344,12.344277381896973,8.83750057220459,-1.2685013367577835,-0.3673741604821081,1.8552103481155844,0.1707239750288364,-0.9019926485419503,GHA,0.083,0,0.9189772566988234,265971,3396.899567447917,NA,NA,1.723149692232024,-1.432776939316098
2,2022,DHS 2022,134,Adenta,GHA7.7_2,Greater Accra,adenta,78.29816416969413,51.45619583129883,50.90283966064453,39.49184036254883,39.13934326171875,313.09161376953125,35.24677276611328,8.767499923706055,-1.2685013367577835,-0.13440695323895882,2.813529587323948,-0.2844365445726888,-0.9019926485419503,GHA,0.083,0,0.9189772566988234,265971,3396.899567447917,NA,NA,1.723149692232024,-1.432776939316098
1,2014,DHS 2014,135,Ashaiman,GHA7.8_2,Greater Accra,ashaiman,18.630458521925956,31.916603088378903,31.902441024780273,50.95823287963867,50.95834732055664,182.7901153564453,13.534950256347656,8.83750057220459,-1.4761032919121655,-0.5286068198554604,1.9371768685905106,0.1707239750288364,-0.7424460295998818,GHA,0.075,0,0.8698228777392035,208060,11167.733727816563,NA,NA,2.4755701681079025,-1.4922092948078316
2,2022,DHS 2022,135,Ashaiman,GHA7.8_2,Greater Accra,ashaiman,18.630458521925956,31.916603088378903,31.902441024780273,50.95823287963867,50.95834732055664,240.3505096435547,32.98612976074219,8.767499923706055,-1.4761032919121655,-0.35446991408912576,2.7517703479826134,-0.2844365445726888,-0.7424460295998818,GHA,0.075,0,0.8698228777392035,208060,11167.733727816563,NA,NA,2.4755701681079025,-1.4922092948078316
1,2014,DHS 2014,136,Ayawaso Central,GHA7.9_2,Greater Accra,ayawaso central,1.563559892532901,28.012706756591797,28.030649185180664,43.250770568847656,43.2500114440918,184.3102569580078,31.33732032775879,8.83750057220459,-1.517580948169494,-0.5240079501273902,2.7040774882061203,0.1707239750288364,-0.8496898336539771,GHA,0.122,0.1,0.8977796694332127,94831,60650.69873746747,NA,NA,3.545452127324953,-1.1430442062938975
2,2022,DHS 2022,136,Ayawaso Central,GHA7.9_2,Greater Accra,ayawaso central,1.563559892532901,28.012706756591797,28.030649185180664,43.250770568847656,43.2500114440918,273.4919738769531,62.68708801269531,8.767499923706055,-1.517580948169494,-0.25420736193593274,3.3540670184502153,-0.2844365445726888,-0.8496898336539771,GHA,0.122,0.1,0.8977796694332127,94831,60650.69873746747,NA,NA,3.545452127324953,-1.1430442062938975
1,2014,DHS 2014,137,Ayawaso East,GHA7.10_2,Greater Accra,ayawaso east,6.221482408667499,46.2012939453125,46.261619567871094,40.71084976196289,40.700923919677734,144.61598205566406,32.027835845947266,8.837499618530273,-1.3243329971218667,-0.644094657206817,2.724340491478652,0.17071777401632157,-0.8850310080045934,GHA,0.154,0.1,0.7851054762412103,53004,8519.51295822313,NA,NA,2.304441540250203,-0.9053147843269634
2,2022,DHS 2022,137,Ayawaso East,GHA7.10_2,Greater Accra,ayawaso east,6.221482408667499,46.2012939453125,46.261619567871094,40.71084976196289,40.700923919677734,207.22561645507813,58.32147979736328,8.767500877380371,-1.3243329971218667,-0.45468233401991565,3.285966196445769,-0.284430343560174,-0.8850310080045934,GHA,0.154,0.1,0.7851054762412103,53004,8519.51295822313,NA,NA,2.304441540250203,-0.9053147843269634
1,2014,DHS 2014,138,Ayawaso North,GHA7.11_2,Greater Accra,ayawaso north,4.956904403859984,25.584457397460938,25.611093521118164,41.212650299072266,41.187870025634766,185.3083343505859,29.453779220581055,8.83750057220459,-1.5433803249113969,-0.520988476216354,2.6465245042022,0.1707239750288364,-0.8780488138262772,GHA,0.139,0.1,0.8396438895490095,63386,12787.416265409673,NA,NA,2.5611981491110196,-1.0167504508739635
2,2022,DHS 2022,138,Ayawaso North,GHA7.11_2,Greater Accra,ayawaso north,4.956904403859984,25.584457397460938,25.611093521118164,41.212650299072266,41.187870025634766,268.04254150390625,55.54104232788086,8.767499923706055,-1.5433803249113969,-0.2706934771437605,3.239928449391634,-0.2844365445726888,-0.8780488138262772,GHA,0.139,0.1,0.8396438895490095,63386,12787.416265409673,NA,NA,2.5611981491110196,-1.0167504508739635
1,2014,DHS 2014,139,Ayawaso West,GHA7.12_2,Greater Accra,ayawaso west,32.7656126896672,57.46314239501953,59.05356979370117,38.29863739013672,38.26220703125,188.88690185546875,22.352542877197266,8.837499618530273,-1.2046794410026544,-0.5101622704529267,2.3918989731834364,0.17071777401632157,-0.918595211176732,GHA,0.09300000000000001,0,0.9411747726944725,75303,2298.2326231228135,NA,NA,1.47618195079542,-1.358486494951431
2,2022,DHS 2022,139,Ayawaso West,GHA7.12_2,Greater Accra,ayawaso west,32.7656126896672,57.46314239501953,59.05356979370117,38.29863739013672,38.26220703125,255.62420654296875,44.774078369140625,8.767499923706055,-1.2046794410026544,-0.3082625461477205,3.0373352621237877,-0.2844365445726888,-0.918595211176732,GHA,0.09300000000000001,0,0.9411747726944725,75303,2298.2326231228135,NA,NA,1.47618195079542,-1.358486494951431
1,2014,DHS 2014,140,Ga Central,GHA7.13_2,Greater Accra,ga central,49.204691673835136,45.659271240234375,45.87871170043945,50.02920913696289,52.509498596191406,253.28428649902344,10.50069522857666,8.83750057220459,-1.3300918158850192,-0.31534148369218606,1.712622177706268,0.1707239750288364,-0.7553727279350305,GHA,0.083,0,0.9197711296161452,332232,6752.039057622348,NA,NA,2.15744034621831,-1.432776939316098
2,2022,DHS 2022,140,Ga Central,GHA7.13_2,Greater Accra,ga central,49.204691673835136,45.659271240234375,45.87871170043945,50.02920913696289,52.509498596191406,367.4030456542969,28.083145141601563,8.767499923706055,-1.3300918158850192,0.02990089790218892,2.602360098501441,-0.2844365445726888,-0.7553727279350305,GHA,0.083,0,0.9197711296161452,332232,6752.039057622348,NA,NA,2.15744034621831,-1.432776939316098
1,2014,DHS 2014,141,Ga East,GHA7.14_2,Greater Accra,ga east,86.06428024909081,71.37736511230469,85.53900909423828,41.29620361328125,40.975101470947266,250.6434326171875,11.478934288024902,8.83750057220459,-1.056845252308594,-0.32333083347443575,1.7909117896221802,0.1707239750288364,-0.8768862294508007,GHA,0.10099999999999999,0,0.9242439421200476,283379,3292.6435819811973,NA,NA,1.7034450835560313,-1.299054139459698
2,2022,DHS 2022,141,Ga East,GHA7.14_2,Greater Accra,ga east,86.06428024909081,71.37736511230469,85.53900909423828,41.29620361328125,40.975101470947266,348.7455139160156,33.16423034667969,8.767499923706055,-1.056845252308594,-0.026543552946006285,2.7567828977831597,-0.2844365445726888,-0.8768862294508007,GHA,0.10099999999999999,0,0.9242439421200476,283379,3292.6435819811973,NA,NA,1.7034450835560313,-1.299054139459698
1,2014,DHS 2014,142,Ga North,GHA7.15_2,Greater Accra,ga north,125.34219483182176,96.98589324951172,109.50060272216795,47.83225631713867,48.53804016113281,320.454345703125,5.853236675262451,8.83750057220459,-0.7847627897999244,-0.11213255132107396,1.216147260071208,0.1707239750288364,-0.7859417489986107,GHA,0.105,0,0.9082621303668933,235292,1877.197062934024,NA,NA,1.348289574728559,-1.2693379617138312
2,2022,DHS 2022,142,Ga North,GHA7.15_2,Greater Accra,ga north,125.34219483182176,96.98589324951172,109.50060272216795,47.83225631713867,48.53804016113281,442.107666015625,18.64969062805176,8.767499923706055,-0.7847627897999244,0.25590406548444655,2.2263285595036386,-0.2844365445726888,-0.7859417489986107,GHA,0.105,0,0.9082621303668933,235292,1877.197062934024,NA,NA,1.348289574728559,-1.2693379617138312
1,2014,DHS 2014,143,Ga South,GHA7.16_2,Greater Accra,ga south,179.03315819740632,55.04086685180664,56.794525146484375,57.294288635253906,56.70964050292969,307.73248291015625,0.28914007544517517,8.833075523376465,-1.2304153478513706,-0.150619880148277,-0.3861417890547116,0.14195127695999432,-0.654284363083567,GHA,0.158,0.1,0.8333088809010943,350121,1955.6209783996999,NA,NA,1.3741551575920374,-0.8755986065810966
2,2022,DHS 2022,143,Ga South,GHA7.16_2,Greater Accra,ga south,179.03315819740632,55.04086685180664,56.794525146484375,57.294288635253906,56.70964050292969,444.823974609375,3.1790761947631836,8.766556739807129,-1.2304153478513706,0.26412168767901967,0.7417832773870682,-0.2905693459498623,-0.654284363083567,GHA,0.158,0.1,0.8333088809010943,350121,1955.6209783996999,NA,NA,1.3741551575920374,-0.8755986065810966
1,2014,DHS 2014,144,Ga West,GHA7.17_2,Greater Accra,ga west,175.6960705145166,44.08665084838867,43.83241653442383,59.51313400268555,60.46781539916992,313.4291687011719,2.898465156555176,8.837499618530273,-1.3468004071211963,-0.1333857515594,0.6751239573832784,0.17071777401632157,-0.6234107229389997,GHA,0.105,0,0.8675930332867299,314299,1788.8789378134188,NA,NA,1.3178349385619814,-1.2693379617138312
2,2022,DHS 2022,144,Ga West,GHA7.17_2,Greater Accra,ga west,175.6960705145166,44.08665084838867,43.83241653442383,59.51313400268555,60.46781539916992,456.5719299316406,12.697464942932127,8.767499923706055,-1.3468004071211963,0.2996626636267578,1.8802631292632834,-0.2844365445726888,-0.6234107229389997,GHA,0.105,0,0.8675930332867299,314299,1788.8789378134188,NA,NA,1.3178349385619814,-1.2693379617138312
1,2014,DHS 2014,145,Korle-Klottey,GHA7.18_2,Greater Accra,korle klottey,9.915642296243949,27.476781845092773,27.463436126708984,43.96075820922851,43.958030700683594,-4351.36962890625,37.00205993652344,8.83750057220459,-1.5232749798162615,-14.245756570044087,2.8588819578544777,0.1707239750288364,-0.8398108654131297,GHA,0.106,0,0.8945601523224158,68633,6921.689785642855,NA,NA,2.1731289928341035,-1.2619089172773645
2,2022,DHS 2022,145,Korle-Klottey,GHA7.18_2,Greater Accra,korle klottey,9.915642296243949,27.476781845092773,27.463436126708984,43.96075820922851,43.958030700683594,-4287.66064453125,59.025028228759766,8.767499923706055,-1.5232749798162615,-14.053018393977375,3.297273259966066,-0.2844365445726888,-0.8398108654131297,GHA,0.106,0,0.8945601523224158,68633,6921.689785642855,NA,NA,2.1731289928341035,-1.2619089172773645
1,2014,DHS 2014,146,Kpone-Katamanso,GHA7.19_2,Greater Accra,kpone katamanso,240.97973502912188,51.52326583862305,54.45162582397461,50.72712707519531,50.07268524169922,246.98390197753903,4.975656986236572,8.856599807739258,-1.2677887392724663,-0.3344019762287201,1.0847347612108935,0.2949116526634701,-0.7456617009334655,GHA,0.105,0,0.8916729956131899,412828,1713.1233045389092,NA,NA,1.2904900479004078,-1.2693379617138312
2,2022,DHS 2022,146,Kpone-Katamanso,GHA7.19_2,Greater Accra,kpone katamanso,240.97973502912188,51.52326583862305,54.45162582397461,50.72712707519531,50.07268524169922,329.5773620605469,17.700576782226563,8.78764533996582,-1.2677887392724663,-0.08453277791068087,2.17884982643471,-0.15344635620927935,-0.7456617009334655,GHA,0.105,0,0.8916729956131899,412828,1713.1233045389092,NA,NA,1.2904900479004078,-1.2693379617138312
1,2014,DHS 2014,147,Krowor,GHA7.20_2,Greater Accra,krowor,18.423804753138416,25.23773765563965,27.00244903564453,48.92240905761719,48.3521842956543,205.0108337402344,20.47873306274414,8.83750057220459,-1.5470641118377546,-0.4613826948093834,2.3116835236291546,0.1707239750288364,-0.7707730563505484,GHA,0.124,0.1,0.9197357555739059,143012,7762.348869640432,NA,NA,2.2455973167994836,-1.128186117420964
2,2022,DHS 2022,147,Krowor,GHA7.20_2,Greater Accra,krowor,18.423804753138416,25.23773765563965,27.00244903564453,48.92240905761719,48.3521842956543,297.1593933105469,39.10476303100586,8.767499923706055,-1.5470641118377546,-0.18260654615481128,2.910530069570062,-0.2844365445726888,-0.7707730563505484,GHA,0.124,0.1,0.9197357555739059,143012,7762.348869640432,NA,NA,2.2455973167994836,-1.128186117420964
1,2014,DHS 2014,148,La-Dade-Kotopon,GHA7.21_2,Greater Accra,la dade kotopon,36.2004149117849,34.46162033081055,34.67494201660156,42.757293701171875,42.76075744628906,155.4064178466797,20.66050720214844,8.837499618530273,-1.449063293567171,-0.6114504558633496,2.3197655952295637,0.17071777401632157,-0.8565562099485657,GHA,0.08900000000000001,0,0.9385073047131838,140264,3874.651722688892,NA,NA,1.8063336992263088,-1.3882026726972978
2,2022,DHS 2022,148,La-Dade-Kotopon,GHA7.21_2,Greater Accra,la dade kotopon,36.2004149117849,34.46162033081055,34.67494201660156,42.757293701171875,42.76075744628906,224.54592895507813,41.08941650390625,8.767499923706055,-1.449063293567171,-0.4022833596381258,2.956852204270503,-0.2844365445726888,-0.8565562099485657,GHA,0.08900000000000001,0,0.9385073047131838,140264,3874.651722688892,NA,NA,1.8063336992263088,-1.3882026726972978
1,2014,DHS 2014,149,La-Nkwantanang-Madina,GHA7.22_2,Greater Accra,la nkwantanang madina,71.21508563875449,79.37703704833984,82.16322326660156,34.56948471069336,34.58818435668945,302.18756103515625,8.78500747680664,8.837499618530273,-0.971851283582388,-0.16739487882553247,1.55768560460951,0.17071777401632157,-0.9704836931589402,GHA,0.113,0,0.9124488410834379,220757,3099.86287343403,NA,NA,1.6653081188776082,-1.2099056062220976
2,2022,DHS 2022,149,La-Nkwantanang-Madina,GHA7.22_2,Greater Accra,la nkwantanang madina,71.21508563875449,79.37703704833984,82.16322326660156,34.56948471069336,34.58818435668945,408.4161376953125,28.532047271728516,8.767499923706055,-0.971851283582388,0.15397740975352928,2.6170497157739874,-0.2844365445726888,-0.9704836931589402,GHA,0.113,0,0.9124488410834379,220757,3099.86287343403,NA,NA,1.6653081188776082,-1.2099056062220976
1,2014,DHS 2014,150,Ledzokuku,GHA7.23_2,Greater Accra,ledzokuku,29.371074324494582,27.771663665771484,29.958223342895508,46.880615234375,46.44894027709961,208.162109375,16.408586502075195,8.83750057220459,-1.5201419543065786,-0.45184917102013067,2.1101923600311,0.1707239750288364,-0.7991831513817071,GHA,0.113,0,0.9036316472114138,217304,7398.571723975894,NA,NA,2.2152518481067878,-1.2099056062220976
2,2022,DHS 2022,150,Ledzokuku,GHA7.23_2,Greater Accra,ledzokuku,29.371074324494582,27.771663665771484,29.958223342895508,46.880615234375,46.44894027709961,306.0032958984375,37.43769836425781,8.767499923706055,-1.5201419543065786,-0.1558511729398115,2.869813265002416,-0.2844365445726888,-0.7991831513817071,GHA,0.113,0,0.9036316472114138,217304,7398.571723975894,NA,NA,2.2152518481067878,-1.2099056062220976
1,2014,DHS 2014,151,Ningo-Prampram,GHA7.24_2,Greater Accra,ningo prampram,624.9538486188635,27.484081268310547,23.924083709716797,71.21430206298828,80.86754608154297,194.64207458496097,0.8752564191818237,8.921148300170898,-1.523197425767339,-0.4927512018930819,-0.02672747973269187,0.7146209837176741,-0.46059737088326225,GHA,0.19399999999999998,0.1,0.7964454096065378,204673,327.50098339633166,NA,NA,0.2458448479418062,-0.608153006868296
2,2022,DHS 2022,151,Ningo-Prampram,GHA7.24_2,Greater Accra,ningo prampram,624.9538486188635,27.484081268310547,23.924083709716797,71.21430206298828,80.86754608154297,264.7835388183594,4.031857967376709,8.855731964111328,-1.523197425767339,-0.28055290654090076,0.919873578436492,0.2892687312749687,-0.46059737088326225,GHA,0.19399999999999998,0.1,0.7964454096065378,204673,327.50098339633166,NA,NA,0.2458448479418062,-0.608153006868296
1,2014,DHS 2014,152,Okaikwei North,GHA7.25_2,Greater Accra,okaikwei north,22.530778567514044,51.978370666503906,53.525115966796875,41.13481903076172,41.21805953979492,185.41082763671875,18.836261749267575,8.837499618530273,-1.2629533952961955,-0.5206784042661868,2.2353914254165694,0.17071777401632157,-0.8791317800415374,GHA,0.111,0,0.9105247300677546,160446,7121.191996060834,NA,NA,2.1910935613570497,-1.2247636950950311
2,2022,DHS 2022,152,Okaikwei North,GHA7.25_2,Greater Accra,okaikwei north,22.530778567514044,51.978370666503906,53.525115966796875,41.13481903076172,41.21805953979492,262.0707702636719,36.17765426635742,8.767500877380371,-1.2629533952961955,-0.2887598190894356,2.8378481342769857,-0.284430343560174,-0.8791317800415374,GHA,0.111,0,0.9105247300677546,160446,7121.191996060834,NA,NA,2.1910935613570497,-1.2247636950950311
1,2014,DHS 2014,153,Shai Osudoku,GHA7.26_2,Greater Accra,shai osudoku,972.800484075975,42.73530960083008,39.60144805908203,78.82581329345703,85.380157470703125,255.804443359375,0.09619666635990144,8.925339698791504,-1.3611579778630725,-0.307717277445119,-0.5416275506097703,0.7418744337203812,-0.35468865721844495,GHA,0.235,0.1,0.7476460345802788,105610,108.56285716213927,NA,NA,-0.4484543724488986,-0.3035621849731618
2,2022,DHS 2022,153,Shai Osudoku,GHA7.26_2,Greater Accra,shai osudoku,972.800484075975,42.73530960083008,39.60144805908203,78.82581329345703,85.380157470703125,364.5198974609375,0.8388828039169312,8.853582382202148,-1.3611579778630725,0.021178537475796975,-0.045512111798678825,0.27529164906652687,-0.35468865721844495,GHA,0.235,0.1,0.7476460345802788,105610,108.56285716213927,NA,NA,-0.4484543724488986,-0.3035621849731618
1,2014,DHS 2014,154,Tema,GHA7.27_2,Greater Accra,tema,42.83202310896013,16.99384307861328,17.41116714477539,53.52804946899414,53.37959289550781,180.3877716064453,22.091419219970703,8.862587928771973,-1.634652868409839,-0.5358746072358846,2.3811149192194483,0.3338478102441294,-0.7066888769015228,GHA,0.11599999999999999,0.1,0.8736906569361691,177924,4153.994770393642,NA,NA,1.850340577928671,-1.1876184729126975
2,2022,DHS 2022,154,Tema,GHA7.27_2,Greater Accra,tema,42.83202310896013,16.99384307861328,17.41116714477539,53.52804946899414,53.37959289550781,242.6602325439453,36.27601623535156,8.793962478637695,-1.634652868409839,-0.3474823316718569,2.840382106628798,-0.11237084931100136,-0.7066888769015228,GHA,0.11599999999999999,0.1,0.8736906569361691,177924,4153.994770393642,NA,NA,1.850340577928671,-1.1876184729126975
1,2014,DHS 2014,155,Tema West,GHA7.28_2,Greater Accra,tema west,45.37900452313031,23.68500328063965,23.440502166748047,47.77531814575195,47.514190673828125,185.1143035888672,16.909391403198242,8.83750057220459,-1.5635614204729213,-0.5215754756086906,2.1373919507227708,0.1707239750288364,-0.7867340027715349,GHA,0.08199999999999999,0,0.9377722068830073,196224,4324.114247591789,NA,NA,1.8757134031969485,-1.440205983752565
2,2022,DHS 2022,155,Tema West,GHA7.28_2,Greater Accra,tema west,45.37900452313031,23.68500328063965,23.440502166748047,47.77531814575195,47.514190673828125,259.3172607421875,36.90791702270508,8.767499923706055,-1.5635614204729213,-0.29708998489194494,2.8565032039312284,-0.2844365445726888,-0.7867340027715349,GHA,0.08199999999999999,0,0.9377722068830073,196224,4324.114247591789,NA,NA,1.8757134031969485,-1.440205983752565
1,2014,DHS 2014,156,Weija Gbawe,GHA7.29_2,Greater Accra,weija gbawe,164.42146254076226,23.66759490966797,32.29573440551758,50.4306640625,49.65352249145508,281.7268981933594,7.113815784454346,8.837973594665527,-1.5637463788749373,-0.22929432481311238,1.3780761801770078,0.17379967723619538,-0.7497867708930382,GHA,0.087,0,0.9101620029455081,213674,1299.5505373699457,NA,NA,1.115901186919271,-1.4030607615702315
2,2022,DHS 2022,156,Weija Gbawe,GHA7.29_2,Greater Accra,weija gbawe,164.42146254076226,23.66759490966797,32.29573440551758,50.4306640625,49.65352249145508,410.9850769042969,20.359111785888672,8.768243789672852,-1.5637463788749373,0.16174919676949379,2.30632750020654,-0.2795997548111162,-0.7497867708930382,GHA,0.087,0,0.9101620029455081,213674,1299.5505373699457,NA,NA,1.115901186919271,-1.4030607615702315
1,2014,DHS 2014,157,Bunkpurugu Nakpanduri,GHA8.1_2,North East,bunkpurugu nakpanduri,772.4984480548159,281.3302307128906,280.6486511230469,92.40159606933594,92.39740753173828,351.4050598144531,0.03247236460447311,9.085379600524902,1.1738371351091388,-0.018497654386184056,-0.5990639553836712,1.7824911478851795,-0.16579138737919755,GHA,0.38299999999999995,0.2,0.5420606549815498,82384,106.64616894370006,NA,NA,-0.45961382352265023,0.7959363916239077
2,2022,DHS 2022,157,Bunkpurugu Nakpanduri,GHA8.1_2,North East,bunkpurugu nakpanduri,772.4984480548159,281.3302307128906,280.6486511230469,92.40159606933594,92.39740753173828,254.7864532470703,0.11486588418483734,8.978365898132324,1.1738371351091388,-0.31079699311512027,-0.5254319919419188,1.0866631315703288,-0.16579138737919755,GHA,0.38299999999999995,0.2,0.5420606549815498,82384,106.64616894370006,NA,NA,-0.45961382352265023,0.7959363916239077
1,2014,DHS 2014,158,Chereponi,GHA8.2_2,North East,chereponi,1380.3905931926297,155.23373413085938,156.77774047851565,139.8685302734375,139.61605834960938,401.03118896484375,0.01545256096869707,9.105578422546388,-0.1658980156161984,0.13163579557430105,-0.6150047890710059,1.9138285929494314,0.49467692054962364,GHA,0.5379999999999999,0.2,0.27150892711378916,87176,63.153139719950865,NA,NA,-0.7868811089015444,1.9474382792762441
2,2022,DHS 2022,158,Chereponi,GHA8.2_2,North East,chereponi,1380.3905931926297,155.23373413085938,156.77774047851565,139.8685302734375,139.61605834960938,293.7362365722656,0.07004950195550919,8.943445205688477,-0.1658980156161984,-0.19296258922470685,-0.5647800776900244,0.8596006563145551,0.49467692054962364,GHA,0.5379999999999999,0.2,0.27150892711378916,87176,63.153139719950865,NA,NA,-0.7868811089015444,1.9474382792762441
1,2014,DHS 2014,159,East Mamprusi,GHA8.3_2,North East,east mamprusi,1714.307537911218,256.64111328125,256.49127197265625,101.67346954345705,103.06726837158205,332.0293273925781,0.0195404551923275,9.105817794799805,0.9115231187792984,-0.0771148708366519,-0.6111517995380189,1.9153850470906437,-0.03677992524323046,GHA,0.547,0.3,0.3394110056721955,188006,109.66877053406307,NA,NA,-0.4421039440160403,2.014299679204445
2,2022,DHS 2022,159,East Mamprusi,GHA8.3_2,North East,east mamprusi,1714.307537911218,256.64111328125,256.49127197265625,101.67346954345705,103.06726837158205,250.8404998779297,0.11019504070281982,8.999216079711914,0.9115231187792984,-0.32273464779088534,-0.5294583701227319,1.2222358681822025,-0.03677992524323046,GHA,0.547,0.3,0.3394110056721955,188006,109.66877053406307,NA,NA,-0.4421039440160403,2.014299679204445
1,2014,DHS 2014,160,Mamprugu Moagduri,GHA8.4_2,North East,mamprugu moagduri,2130.896998412886,156.01724243164065,156.61354064941406,181.9618377685547,183.8512725830078,260.6950378417969,6.0007609135936946e-5,9.166522026062012,-0.1575734892423916,-0.2929218091187741,-0.6296533215754289,2.310098096697541,1.0803750711166207,GHA,0.445,0.2,0.23601253397765026,68746,32.26153120080544,NA,NA,-1.202225541984408,1.2565371466848427
2,2022,DHS 2022,160,Mamprugu Moagduri,GHA8.4_2,North East,mamprugu moagduri,2130.896998412886,156.01724243164065,156.61354064941406,181.9618377685547,183.8512725830078,254.0791778564453,0.03279129415750503,9.138049125671388,-0.1575734892423916,-0.31293670653393013,-0.5987677589786777,2.1249606670545895,1.0803750711166207,GHA,0.445,0.2,0.23601253397765026,68746,32.26153120080544,NA,NA,-1.202225541984408,1.2565371466848427
1,2014,DHS 2014,161,West Mamprusi,GHA8.5_2,North East,west mamprusi,2622.2860946118185,152.77496337890625,150.9047088623047,79.98412322998047,81.57659912109375,282.0696716308594,0.00955067947506904,9.147199630737305,-0.19202167244455456,-0.22825733563810063,-0.620594978318495,2.184459382134436,-0.33857160612466125,GHA,0.415,0.2,0.4103166979684879,175755,67.02357929637624,NA,NA,-0.7498397036162239,1.0336658135908419
2,2022,DHS 2022,161,West Mamprusi,GHA8.5_2,North East,west mamprusi,2622.2860946118185,152.77496337890625,150.9047088623047,79.98412322998047,81.57659912109375,254.80604553222656,0.09107529371976852,9.119969367980955,-0.19202167244455456,-0.31073772076377076,-0.5461185697258232,2.0074018717982933,-0.33857160612466125,GHA,0.415,0.2,0.4103166979684879,175755,67.02357929637624,NA,NA,-0.7498397036162239,1.0336658135908419
1,2014,DHS 2014,162,Yunyoo-Nasuan,GHA8.6_2,North East,yunyoo nasuan,489.9967513961059,212.02235412597656,215.14695739746097,79.71168518066406,79.89534759521484,343.06280517578125,0,9.102865219116213,0.4374630009933928,-0.04373539689793928,-0.6297108687249097,1.8961867123447211,-0.34236238596887303,GHA,0.569,0.3,0.2615691013247404,56879,116.0803614267636,NA,NA,-0.40649313843044277,2.1777386568067114
2,2022,DHS 2022,162,Yunyoo-Nasuan,GHA8.6_2,North East,yunyoo nasuan,489.9967513961059,212.02235412597656,215.14695739746097,79.71168518066406,79.89534759521484,243.41546630859375,0.02651563845574855,8.946778297424316,0.4374630009933928,-0.3451975302465895,-0.6046129659080338,0.8812731950539092,-0.34236238596887303,GHA,0.569,0.3,0.2615691013247404,56879,116.0803614267636,NA,NA,-0.40649313843044277,2.1777386568067114
1,2014,DHS 2014,163,Gushegu,GHA9.1_2,Northern,gushegu,2685.7869964409906,186.4481964111328,186.06300354003903,65.1697769165039,68.00724029541016,421.9803771972656,0.00789669994264841,9.053387641906738,0.16574571328524126,0.19501317271515622,-0.6221674706303997,1.574471982062469,-0.5447025982941108,GHA,0.515,0.2,0.19295846264443392,153965,57.3258416263178,NA,NA,-0.8470943000581708,1.7765702572375108
2,2022,DHS 2022,163,Gushegu,GHA9.1_2,Northern,gushegu,2685.7869964409906,186.4481964111328,186.06300354003903,65.1697769165039,68.00724029541016,294.1844482421875,0.02671996317803859,8.956149101257324,0.16574571328524126,-0.19160661878191862,-0.6044220937203404,0.9422043440246941,-0.5447025982941108,GHA,0.515,0.2,0.19295846264443392,153965,57.3258416263178,NA,NA,-0.8470943000581708,1.7765702572375108
1,2014,DHS 2014,164,Karaga,GHA9.2_2,Northern,karaga,3133.3182207584036,150.58448791503906,151.72467041015625,90.61193084716795,91.18805694580078,374.79779052734375,0.00518818059936165,9.116841316223145,-0.21529477721186377,0.05227214825709189,-0.6247481297073956,1.9870625507496407,-0.1906932939561386,GHA,0.505,0.2,0.19039353200214357,114225,36.45496306224282,NA,NA,-1.1271468581429813,1.702279812872844
2,2022,DHS 2022,164,Karaga,GHA9.2_2,Northern,karaga,3133.3182207584036,150.58448791503906,151.72467041015625,90.61193084716795,91.18805694580078,266.6869201660156,0.03137596696615219,8.9881439208984375,-0.21529477721186377,-0.27479462530465765,-0.600082900687619,1.1502421128849492,-0.1906932939561386,GHA,0.505,0.2,0.19039353200214357,114225,36.45496306224282,NA,NA,-1.1271468581429813,1.702279812872844
1,2014,DHS 2014,165,Kpandai,GHA9.3_2,Northern,kpandai,1137.8669284724256,145.61471557617188,144.39456176757813,153.34303283691406,155.05555725097656,450.1241455078125,0.01541648339480161,9.03250789642334,-0.2680970268695409,0.28015624358708047,-0.6150388625064622,1.4387070140626355,0.682164948953045,GHA,0.486,0.2,0.36716423777282065,126213,110.9207033281472,NA,NA,-0.43499117136570725,1.5611279685799768
2,2022,DHS 2022,165,Kpandai,GHA9.3_2,Northern,kpandai,1137.8669284724256,145.61471557617188,144.39456176757813,153.34303283691406,155.05555725097656,434.2681579589844,0.04412680864334106,8.880706787109375,-0.2680970268695409,0.23218727735918915,-0.5882992050332314,0.451660847013511,0.682164948953045,GHA,0.486,0.2,0.36716423777282065,126213,110.9207033281472,NA,NA,-0.43499117136570725,1.5611279685799768
1,2014,DHS 2014,166,Kumbungu,GHA9.4_2,Northern,kumbungu,1548.145918479978,132.79112243652344,128.8699951171875,115.07884979248048,132.9857635498047,306.4141845703125,0.01660513132810592,9.143409729003906,-0.4043436233529794,-0.1546081154030987,-0.6139168815533004,2.159816558400475,0.14974631578477973,GHA,0.45,0.2,0.34414399663165773,110586,71.43125120180989,NA,NA,-0.7101412894222359,1.2936823688671761
2,2022,DHS 2022,166,Kumbungu,GHA9.4_2,Northern,kumbungu,1548.145918479978,132.79112243652344,128.8699951171875,115.07884979248048,132.9857635498047,234.0112762451172,0.13248971104621887,9.086920738220217,-0.4043436233529794,-0.3736479357584757,-0.5103902600487713,1.792511984109167,0.14974631578477973,GHA,0.45,0.2,0.34414399663165773,110586,71.43125120180989,NA,NA,-0.7101412894222359,1.2936823688671761
1,2014,DHS 2014,167,Mion,GHA9.5_2,Northern,mion,2726.1899502553474,182.57423400878903,182.863525390625,63.059085845947266,63.945465087890625,458.8530578613281,0.00163416750729084,9.028627395629885,0.12458609550290298,0.30656373795490754,-0.6281449382349488,1.4134750941397765,-0.5740713490530456,GHA,0.534,0.2,0.22292169364948844,94930,34.82149143389969,NA,NA,-1.1553421799754893,1.917722101530378
2,2022,DHS 2022,167,Mion,GHA9.5_2,Northern,mion,2726.1899502553474,182.57423400878903,182.863525390625,63.059085845947266,63.945465087890625,357.6338806152344,0.02267670631408691,8.9132843017578125,0.12458609550290298,3.463371162150317e-4,-0.6082062266882823,0.6634874345203311,-0.5740713490530456,GHA,0.534,0.2,0.22292169364948844,94930,34.82149143389969,NA,NA,-1.1553421799754893,1.917722101530378
1,2014,DHS 2014,168,Nanton,GHA9.6_2,Northern,nanton,478.7027559566012,150.9781036376953,153.92446899414065,46.865604400634766,47.51801681518555,417.068603515625,0.00732746673747897,9.151174545288086,-0.21111273541201347,0.18015363116165153,-0.6227092561499575,2.210305202296275,-0.7993920163553409,GHA,0.39899999999999997,0.2,0.2866661560848587,50767,106.05119642261364,NA,NA,-0.4631183493081744,0.9148011026073748
2,2022,DHS 2022,168,Nanton,GHA9.6_2,Northern,nanton,478.7027559566012,150.9781036376953,153.92446899414065,46.865604400634766,47.51801681518555,296.3796691894531,0.23424631357192993,8.991715431213379,-0.21111273541201347,-0.18496543801926554,-0.4278737006243317,1.1734649047530124,-0.7993920163553409,GHA,0.39899999999999997,0.2,0.2866661560848587,50767,106.05119642261364,NA,NA,-0.4631183493081744,0.9148011026073748
1,2014,DHS 2014,169,Nanumba North,GHA9.7_2,Northern,nanumba north,2270.6802797001137,156.77516174316406,156.48159790039065,96.41844177246094,96.982879638671875,467.0044250488281,0.0096528148278594,9.009888648986816,-0.149520837736718,0.3312239905014118,-0.6204979593790001,1.2916313992357396,-0.10989986353764128,GHA,0.415,0.2,0.3223284924677577,188680,83.09404088580835,NA,NA,-0.615739217699121,1.0336658135908419
2,2022,DHS 2022,169,Nanumba North,GHA9.7_2,Northern,nanumba north,2270.6802797001137,156.77516174316406,156.48159790039065,96.41844177246094,96.982879638671875,442.2412414550781,0.04422804713249206,8.872611045837402,-0.149520837736718,0.25630816997332,-0.5882062223921672,0.3990204517750626,-0.10989986353764128,GHA,0.415,0.2,0.3223284924677577,188680,83.09404088580835,NA,NA,-0.615739217699121,1.0336658135908419
1,2014,DHS 2014,170,Nanumba South,GHA9.8_2,Northern,nanumba south,1796.9309014465769,147.33184814453125,148.79318237304688,97.15857696533205,97.19632720947266,479.75042724609375,0.00904550589621067,8.969453811645508,-0.24985303974346115,0.3697843480356514,-0.6210749898908997,1.0287146696191802,-0.09960141375000126,GHA,0.46299999999999997,0.2,0.2811386150782921,106374,59.19760181894925,NA,NA,-0.8271214515008185,1.3902599465412429
2,2022,DHS 2022,170,Nanumba South,GHA9.8_2,Northern,nanumba south,1796.9309014465769,147.33184814453125,148.79318237304688,97.15857696533205,97.19632720947266,445.4585876464844,0.04729234054684639,8.879658699035645,-0.24985303974346115,0.2660415763804414,-0.5853960751587561,0.44484593425970553,-0.09960141375000126,GHA,0.46299999999999997,0.2,0.2811386150782921,106374,59.19760181894925,NA,NA,-0.8271214515008185,1.3902599465412429
1,2014,DHS 2014,171,Saboba,GHA9.9_2,Northern,saboba,1758.4740831880763,135.59649658203125,136.51161193847656,88.85540008544922,88.5995101928711,471.7917785644531,0.00732349138706922,9.049662590026855,-0.37453741576157473,0.3457071249264868,-0.6227130408905628,1.550250827179517,-0.21513415830665422,GHA,0.46,0.2,0.4388822875541416,95683,54.41251646230051,NA,NA,-0.8794935507564787,1.3679728132318432
2,2022,DHS 2022,171,Saboba,GHA9.9_2,Northern,saboba,1758.4740831880763,135.59649658203125,136.51161193847656,88.85540008544922,88.5995101928711,361.9313049316406,0.03711011260747909,8.950047492980957,-0.37453741576157473,0.013347293459413344,-0.5947657649433362,0.9025302659547693,-0.21513415830665422,GHA,0.46,0.2,0.4388822875541416,95683,54.41251646230051,NA,NA,-0.8794935507564787,1.3679728132318432
1,2014,DHS 2014,172,Sagnerigu,GHA9.10_2,Northern,sagnerigu,201.3444412345442,167.55271911621094,167.7723388671875,20.883302688598633,21.50415802001953,384.4916076660156,1.5619475841522217,9.132458686828612,-0.0350127201996326,0.08159875976661421,0.2725101517867528,2.088610331692594,-1.1609170892420115,GHA,0.187,0.1,0.6631406190650241,341711,1697.1464317802752,NA,NA,1.2845688503521886,-0.6601563179235627
2,2022,DHS 2022,172,Sagnerigu,GHA9.10_2,Northern,sagnerigu,201.3444412345442,167.55271911621094,167.7723388671875,20.883302688598633,21.50415802001953,296.80731201171875,6.945913314819336,8.974337577819824,-0.0350127201996326,-0.18367169431294078,1.358022447950301,1.0604700547076589,-1.1609170892420115,GHA,0.187,0.1,0.6631406190650241,341711,1697.1464317802752,NA,NA,1.2845688503521886,-0.6601563179235627
1,2014,DHS 2014,173,Savelugu,GHA9.11_2,Northern,savelugu,1553.198091807525,131.37277221679688,130.96466064453125,46.93267822265625,54.15247344970703,348.4898376464844,0.02637423574924469,9.15457534790039,-0.41941314310105987,-0.027317047898663724,-0.6047450810478469,2.2324180129241826,-0.798458732281287,GHA,0.41100000000000003,0.2,0.3785494127405101,122888,79.11933490530484,NA,NA,-0.6463545704189947,1.0039496358449755
2,2022,DHS 2022,173,Savelugu,GHA9.11_2,Northern,savelugu,1553.198091807525,131.37277221679688,130.96466064453125,46.93267822265625,54.15247344970703,252.74807739257813,0.16520090401172638,9.027982711791992,-0.41941314310105987,-0.3169636719311056,-0.4830819582060758,1.4092832096797354,-0.798458732281287,GHA,0.41100000000000003,0.2,0.3785494127405101,122888,79.11933490530484,NA,NA,-0.6463545704189947,1.0039496358449755
1,2014,DHS 2014,174,Tamale,GHA9.12_2,Northern,tamale,649.8820135469352,139.73480224609375,138.32611083984375,39.79901885986328,41.956417083740234,396.1921997070313,0.7268682718276978,9.123750686645508,-0.3305692349407577,0.11699644803632386,-0.10578566389863273,2.031988886419632,-0.8977184803076794,GHA,0.21,0.1,0.597146036397336,374744,576.6338999824244,NA,NA,0.6027191753289286,-0.4892882958848289
2,2022,DHS 2022,174,Tamale,GHA9.12_2,Northern,tamale,649.8820135469352,139.73480224609375,138.32611083984375,39.79901885986328,41.956417083740234,314.2035827636719,2.469977378845215,8.9662504196167,-0.3305692349407577,-0.1310429241640031,0.563459871418447,1.007885468581844,-0.8977184803076794,GHA,0.21,0.1,0.597146036397336,374744,576.6338999824244,NA,NA,0.6027191753289286,-0.4892882958848289
1,2014,DHS 2014,175,Tatale Sanguli,GHA9.13_2,Northern,tatale sanguli,1094.8347962831092,157.8683319091797,158.80686950683594,138.57862854003906,139.8634796142578,505.403564453125,0.00620291382074356,8.984712600708008,-0.1379062525830169,0.44739253664793954,-0.6237804850315453,1.1279308698565669,0.47672886408596216,GHA,0.524,0.2,0.29953112700639994,74805,68.32537680932134,NA,NA,-0.7378532962183039,1.8434316571657112
2,2022,DHS 2022,175,Tatale Sanguli,GHA9.13_2,Northern,tatale sanguli,1094.8347962831092,157.8683319091797,158.80686950683594,138.57862854003906,139.8634796142578,462.253662109375,0.05576906725764274,8.862797737121582,-0.1379062525830169,0.31685155319357683,-0.5776650141904521,0.3352120329973935,0.47672886408596216,GHA,0.524,0.2,0.29953112700639994,74805,68.32537680932134,NA,NA,-0.7378532962183039,1.8434316571657112
1,2014,DHS 2014,176,Tolon,GHA9.14_2,Northern,tolon,1359.8889998331072,132.29830932617188,130.21267700195313,110.02378845214844,116.61663818359376,299.0167541503906,0.01738040894269943,9.124201774597168,-0.4095796058312615,-0.17698749031706515,-0.6131857931035716,2.03492196533915,0.07940876679605631,GHA,0.575,0.3,0.27810818774075974,118090,86.83796987437404,NA,NA,-0.5881970908691648,2.2223129234255117
2,2022,DHS 2022,176,Tolon,GHA9.14_2,Northern,tolon,1359.8889998331072,132.29830932617188,130.21267700195313,110.02378845214844,116.61663818359376,246.81716918945313,0.16974978148937225,9.084206581115724,-0.4095796058312615,-0.334906391324667,-0.47934526368960256,1.774863902491942,0.07940876679605631,GHA,0.575,0.3,0.27810818774075974,118090,86.83796987437404,NA,NA,-0.5881970908691648,2.2223129234255117
1,2014,DHS 2014,177,Yendi,GHA9.15_2,Northern,yendi,1452.5862313893688,159.50076293945313,159.2651824951172,39.86201858520508,39.944610595703125,478.3372192382813,0.04505050927400589,9.029468536376951,-0.1205621923460273,0.36550898347756366,-0.5874511647452392,1.4189443871778393,-0.8968418843636995,GHA,0.38299999999999995,0.2,0.4254117419884302,154421,106.3076302549691,NA,NA,-0.4616055123916304,0.7959363916239077
2,2022,DHS 2022,177,Yendi,GHA9.15_2,Northern,yendi,1452.5862313893688,159.50076293945313,159.2651824951172,39.86201858520508,39.944610595703125,376.8126220703125,0.18571998178958893,8.91808795928955,-0.1205621923460273,0.05836759869446949,-0.4663405737291531,0.6947219345575633,-0.8968418843636995,GHA,0.38299999999999995,0.2,0.4254117419884302,154421,106.3076302549691,NA,NA,-0.4616055123916304,0.7959363916239077
1,2014,DHS 2014,178,Zabzugu,GHA9.16_2,Northern,zabzugu,1104.6706666451882,143.88775634765625,143.3247833251953,117.78630065917967,117.5629653930664,507.0096740722656,0.01712110824882984,9.008201599121094,-0.2864454191328164,0.452251484590576,-0.6134302521884647,1.2806618080969936,0.1874185506302044,GHA,0.42700000000000005,0.2,0.2687663211205191,82846,74.99610743860686,NA,NA,-0.6797625643570562,1.1228143468284426
2,2022,DHS 2022,178,Zabzugu,GHA9.16_2,Northern,zabzugu,1104.6706666451882,143.88775634765625,143.3247833251953,117.78630065917967,117.5629653930664,461.7541809082031,0.05061584711074829,8.892802238464355,-0.2864454191328164,0.31534047753230393,-0.5823574932714352,0.5303082887391842,0.1874185506302044,GHA,0.42700000000000005,0.2,0.2687663211205191,82846,74.99610743860686,NA,NA,-0.6797625643570562,1.1228143468284426
1,2014,DHS 2014,179,Biakoye,GHA10.1_2,Oti,biakoye,1110.5862611686036,226.103515625,179.1686553955078,82.18580627441406,96.623016357421875,432.5984191894531,0.01395408064126968,8.847505569458008,0.5870708611214452,0.227135832761469,-0.6164210476897604,0.23577879732198773,-0.30793676738196907,GHA,0.342,0.1,0.6294808914052471,71827,64.67485013223623,NA,NA,-0.7720579240862675,0.4913455697287741
2,2022,DHS 2022,179,Biakoye,GHA10.1_2,Oti,biakoye,1110.5862611686036,226.103515625,179.1686553955078,82.18580627441406,96.623016357421875,414.7448425292969,0.14154550433158877,8.84035873413086,0.5870708611214452,0.173123579458369,-0.5027520406497499,0.18930840953580186,-0.30793676738196907,GHA,0.342,0.1,0.6294808914052471,71827,64.67485013223623,NA,NA,-0.7720579240862675,0.4913455697287741
1,2014,DHS 2014,180,Jasikan,GHA10.2_2,Oti,jasikan,558.0792474457912,270.3376159667969,266.4753723144531,53.08599090576172,54.55869674682617,468.4069519042969,0.02960622124373912,8.64228343963623,1.057044101417336,0.3354670414723155,-0.6017299145634826,-1.0986232867582266,-0.7128398044084089,GHA,0.302,0.1,0.7171595095612171,59695,106.96509550070387,NA,NA,-0.45774323825516616,0.19418379227010632
2,2022,DHS 2022,180,Jasikan,GHA10.2_2,Oti,jasikan,558.0792474457912,270.3376159667969,266.4753723144531,53.08599090576172,54.55869674682617,459.3606567382813,0.2675158679485321,8.633745193481445,1.057044101417336,0.3080993719424407,-0.4023650736678572,-1.1541409518035592,-0.7128398044084089,GHA,0.302,0.1,0.7171595095612171,59695,106.96509550070387,NA,NA,-0.45774323825516616,0.19418379227010632
1,2014,DHS 2014,181,Kadjebi,GHA10.3_2,Oti,kadjebi,692.6952431978642,244.9345245361328,247.0170135498047,66.18572998046875,66.93171691894531,462.7164916992187,0.01917218789458275,8.612256050109863,0.7871443385431943,0.31825174708854,-0.6114982711543293,-1.2938683668003734,-0.5305663408689582,GHA,0.272,0.1,0.6599948637282912,73959,106.76989733402003,NA,NA,-0.45888746794707025,-0.028687540823894103
2,2022,DHS 2022,181,Kadjebi,GHA10.3_2,Oti,kadjebi,692.6952431978642,244.9345245361328,247.0170135498047,66.18572998046875,66.93171691894531,434.9948120117187,0.16601131856441498,8.594429016113281,0.7871443385431943,0.23438561685760462,-0.482415172999955,-1.409783893740215,-0.5305663408689582,GHA,0.272,0.1,0.6599948637282912,73959,106.76989733402003,NA,NA,-0.45888746794707025,-0.028687540823894103
1,2014,DHS 2014,182,Krachi East,GHA10.4_2,Oti,krachi east,2771.22859293159,135.05723571777344,122.7926788330078,175.70555114746094,192.7661895751953,451.0186767578125,0.00298485136590898,8.920938491821289,-0.3802668908448632,0.2828624603514986,-0.6268525813893044,0.71325676096441,0.9933233348324925,GHA,0.41200000000000003,0.2,0.46269174008318054,110435,39.85055591649136,NA,NA,-1.072274499410216,1.0113786802814422
2,2022,DHS 2022,182,Krachi East,GHA10.4_2,Oti,krachi east,2771.22859293159,135.05723571777344,122.7926788330078,175.70555114746094,192.7661895751953,415.8613586425781,0.0567995123565197,8.881595611572266,-0.3802668908448632,0.17650136488901177,-0.5767294478367112,0.45744019067733876,0.9933233348324925,GHA,0.41200000000000003,0.2,0.46269174008318054,110435,39.85055591649136,NA,NA,-1.072274499410216,1.0113786802814422
1,2014,DHS 2014,183,Krachi Nchumuru,GHA10.5_2,Oti,krachi nchumuru,1200.228477795757,123.6026382446289,120.28538513183594,196.9859161376953,201.755859375,414.5487060546875,0.00243489211425185,9.04876708984375,-0.5019683440029851,0.17253020967313037,-0.6273785814029608,1.5444280764280856,1.2894243342518599,GHA,0.47200000000000003,0.2,0.4149885916420379,79934,66.59898634200077,NA,NA,-0.7537988376173739,1.4571213464694435
2,2022,DHS 2022,183,Krachi Nchumuru,GHA10.5_2,Oti,krachi nchumuru,1200.228477795757,123.6026382446289,120.28538513183594,196.9859161376953,201.755859375,438.2006530761719,0.04156069457530975,8.893115043640137,-0.5019683440029851,0.244084216915102,-0.5906590716474331,0.5323422208440507,1.2894243342518599,GHA,0.47200000000000003,0.2,0.4149885916420379,79934,66.59898634200077,NA,NA,-0.7537988376173739,1.4571213464694435
1,2014,DHS 2014,184,Krachi West,GHA10.6_2,Oti,krachi west,932.477963128381,112.30313873291016,103.98600006103516,247.24404907226565,258.83746337890625,446.5538330078125,0.00513013359159231,8.966019630432129,-0.6220219306750402,0.26935501161032,-0.6248035125862371,1.0063848235532535,1.9887301684190302,GHA,0.374,0.2,0.5136687031165417,61128,65.55436419636231,NA,NA,-0.7636463024250228,0.7290749916957079
2,2022,DHS 2022,184,Krachi West,GHA10.6_2,Oti,krachi west,932.477963128381,112.30313873291016,103.98600006103516,247.24404907226565,258.83746337890625,409.7337341308594,0.08856238424777985,8.91744327545166,-0.6220219306750402,0.15796352154405027,-0.5483298981461979,0.6905300500975338,1.9887301684190302,GHA,0.374,0.2,0.5136687031165417,61128,65.55436419636231,NA,NA,-0.7636463024250228,0.7290749916957079
1,2014,DHS 2014,185,Nkwanta North,GHA10.7_2,Oti,nkwanta north,1103.565635693982,133.09458923339844,133.29698181152344,107.10391235351564,108.71865844726564,480.630615234375,0.00454909494146704,8.960134506225586,-0.40111938520305607,0.37244717226870777,-0.6253580601593242,0.9681183753241965,0.03878078737076674,GHA,0.552,0.2,0.30584226876440523,126096,114.26234735979614,NA,NA,-0.4163885761432548,2.0514449013867786
2,2022,DHS 2022,185,Nkwanta North,GHA10.7_2,Oti,nkwanta north,1103.565635693982,133.09458923339844,133.29698181152344,107.10391235351564,108.71865844726564,432.0126953125,0.06996836513280869,8.883323669433594,-0.40111938520305607,0.22536384796481657,-0.5648527989033342,0.46867642535422277,0.03878078737076674,GHA,0.552,0.2,0.30584226876440523,126096,114.26234735979614,NA,NA,-0.4163885761432548,2.0514449013867786
1,2014,DHS 2014,186,Nkwanta South,GHA10.8_2,Oti,nkwanta south,2744.1207365437676,269.299072265625,274.2920837402344,138.36988830566406,138.9358367919922,465.9344482421875,0.00229295366443693,8.805866241455078,1.0460099050697855,0.32798699998635783,-0.627514383086573,-0.03496981110081024,0.47382439360127665,GHA,0.428,0.2,0.4541745134965474,135936,49.53717895489249,NA,NA,-0.9377266279712033,1.130243391264909
2,2022,DHS 2022,186,Nkwanta South,GHA10.8_2,Oti,nkwanta south,2744.1207365437676,269.299072265625,274.2920837402344,138.36988830566406,138.9358367919922,423.70501708984375,0.05342240259051323,8.704641342163086,1.0460099050697855,0.20023070915100366,-0.5797990206309208,-0.6931576814506023,0.47382439360127665,GHA,0.428,0.2,0.4541745134965474,135936,49.53717895489249,NA,NA,-0.9377266279712033,1.130243391264909
1,2014,DHS 2014,187,Bole,GHA11.1_2,Savannah,bole,6195.04831240027,212.531005859375,207.94366455078125,191.7266082763672,192.77748107910156,334.83203125,0.00826432090252637,8.860998153686523,0.44286726380150293,-0.06863587788402518,-0.6218177384674215,0.3235107223818967,1.2162448415736076,GHA,0.37200000000000005,0.2,0.4064508675377053,115800,18.692348172363698,NA,NA,-1.533662743486418,0.714216902822775
2,2022,DHS 2022,187,Bole,GHA11.1_2,Savannah,bole,6195.04831240027,212.531005859375,207.94366455078125,191.7266082763672,192.77748107910156,332.372314453125,0.03263087198138237,8.834507942199707,0.44286726380150293,-0.07607723538989647,-0.5989167349031183,0.15126519775727898,1.2162448415736076,GHA,0.37200000000000005,0.2,0.4064508675377053,115800,18.692348172363698,NA,NA,-1.533662743486418,0.714216902822775
1,2014,DHS 2014,188,Central Gonja,GHA11.2_2,Savannah,central gonja,7589.712891323904,133.11720275878906,132.7281951904297,158.87989807128906,165.1318359375,332.32220458984375,0.00629130098968744,9.02731990814209,-0.40087912369168305,-0.07622883227605827,-0.6236962456631899,1.404973505981924,0.7592064531895159,GHA,0.618,0.3,0.25746998300407536,142762,18.80993418910441,NA,NA,-1.5298983698138626,2.5417618341935797
2,2022,DHS 2022,188,Central Gonja,GHA11.2_2,Savannah,central gonja,7589.712891323904,133.11720275878906,132.7281951904297,158.87989807128906,165.1318359375,305.7502746582031,0.02192702516913414,8.963890075683594,-0.40087912369168305,-0.15661663565794026,-0.6089095062186475,0.9925379626076233,0.7592064531895159,GHA,0.618,0.3,0.25746998300407536,142762,18.80993418910441,NA,NA,-1.5298983698138626,2.5417618341935797
1,2014,DHS 2014,189,East Gonja,GHA11.3_2,Savannah,east gonja,2263.892114449526,119.35154724121094,118.7409439086914,282.73419189453125,285.5627136230469,285.869384765625,0,9.038853645324709,-0.5471348331647695,-0.2167621001331561,-0.6297108687249097,1.47996855133637,2.482550023672048,GHA,0.38799999999999996,0.2,0.36700594345852683,117755,52.01440441813305,NA,NA,-0.9074679733199005,0.8330816138062411
2,2022,DHS 2022,189,East Gonja,GHA11.3_2,Savannah,east gonja,2263.892114449526,119.35154724121094,118.7409439086914,282.73419189453125,285.5627136230469,269.8075866699219,0.00265713408589363,8.898446083068848,-0.5471348331647695,-0.2653537030238216,-0.627165986772311,0.5670058808019875,2.482550023672048,GHA,0.38799999999999996,0.2,0.36700594345852683,117755,52.01440441813305,NA,NA,-0.9074679733199005,0.8330816138062411
1,2014,DHS 2014,190,North East Gonja,GHA11.4_2,Savannah,north east gonja,6114.85909050721,126.42237854003906,126.8919906616211,158.53057861328125,165.45423889160156,396.8098754882813,0.00398554885759949,9.029452323913574,-0.4720095006403539,0.11886509662092479,-0.6258962191982508,1.4188389699650987,0.7543459237446398,GHA,0.604,0.3,0.19821410382643534,39404,6.443975145914859,NA,NA,-2.1487868477635397,2.437755212083046
2,2022,DHS 2022,190,North East Gonja,GHA11.4_2,Savannah,north east gonja,6114.85909050721,126.42237854003906,126.8919906616211,158.53057861328125,165.45423889160156,395.87298583984375,0.02177538350224495,8.917862892150879,-0.4720095006403539,0.11603073340218704,-0.6090518247364812,0.6932584956040618,0.7543459237446398,GHA,0.604,0.3,0.19821410382643534,39404,6.443975145914859,NA,NA,-2.1487868477635397,2.437755212083046
1,2014,DHS 2014,191,North Gonja,GHA11.5_2,Savannah,north gonja,4867.349245013536,227.7716827392578,233.1509246826172,243.2839508056641,243.00296020507813,282.07574462890625,9.311343892477452e-4,9.065580368041992,0.6047946058791066,-0.22823896305567298,-0.6288183018307824,1.6537519270646557,1.9336282444117243,GHA,0.584,0.3,0.2271203486423064,61443,12.623503452715385,NA,NA,-1.7666259008124654,2.289174323353712
2,2022,DHS 2022,191,North Gonja,GHA11.5_2,Savannah,north gonja,4867.349245013536,227.7716827392578,233.1509246826172,243.2839508056641,243.00296020507813,252.11334228515625,0.00935984030365943,9.0272369384765625,0.6047946058791066,-0.3188839299306666,-0.6207762838152396,1.4044340178931332,1.9336282444117243,GHA,0.584,0.3,0.2271203486423064,61443,12.623503452715385,NA,NA,-1.7666259008124654,2.289174323353712
1,2014,DHS 2014,192,Sawla-Tuna-Kalba,GHA11.6_2,Savannah,sawla tuna kalba,4244.089362173821,274.0502014160156,274.1484069824219,257.36016845703125,253.7823944091797,324.8593444824219,0.00568108353763818,8.949284553527832,1.0964891404248553,-0.0988061509926623,-0.624277977912754,0.8975694559428999,2.1294887062283827,GHA,0.542,0.3,0.2793291221956001,112664,26.546095142137517,NA,NA,-1.3214411516528908,1.9771544570221116
2,2022,DHS 2022,192,Sawla-Tuna-Kalba,GHA11.6_2,Savannah,sawla tuna kalba,4244.089362173821,274.0502014160156,274.1484069824219,257.36016845703125,253.7823944091797,279.6333923339844,0.02672233618795871,8.931330680847168,1.0964891404248553,-0.2356277879012361,-0.604419877170157,0.7808291943385851,2.1294887062283827,GHA,0.542,0.3,0.2793291221956001,112664,26.546095142137517,NA,NA,-1.3214411516528908,1.9771544570221116
1,2014,DHS 2014,193,West Gonja,GHA11.7_2,Savannah,west gonja,4736.721297001046,198.38783264160156,196.83872985839844,216.60682678222656,209.63507080078125,319.95062255859375,0.00609191134572029,8.97006893157959,0.2926005488946246,-0.11365646009268576,-0.6238862889058577,1.0327143226912499,1.562435217948165,GHA,0.397,0.2,0.5130795081341175,63449,13.395130517848154,NA,NA,-1.7317899008894808,0.8999430137344419
2,2022,DHS 2022,193,West Gonja,GHA11.7_2,Savannah,west gonja,4736.721297001046,198.38783264160156,196.83872985839844,216.60682678222656,209.63507080078125,281.13385009765625,0.03056539967656135,8.940008163452148,0.2926005488946246,-0.2310884674981198,-0.6008369040857647,0.8372522072110838,1.562435217948165,GHA,0.397,0.2,0.5130795081341175,63449,13.395130517848154,NA,NA,-1.7317899008894808,0.8999430137344419
1,2014,DHS 2014,194,Bawku,GHA12.1_2,Upper East,bawku,248.30191784882336,204.2962853567941,217.21722412109375,60.800666196005686,26.287954330444336,252.2277984619141,0.22354765236377716,9.141556739807127,0.3553759788510981,-0.31853766676285294,-0.43622294596561917,2.1477679910841356,-0.6054956369241848,GHA,0.23600000000000002,0.1,0.5024520597301734,119458,481.0997878507368,NA,NA,0.4884049347481104,-0.29613314053669487
2,2022,DHS 2022,194,Bawku,GHA12.1_2,Upper East,bawku,248.30191784882336,204.2962853567941,217.21722412109375,60.800666196005686,26.287954330444336,200.28518676757813,1.0590128898620603,9.08340072631836,0.3553759788510981,-0.4756791490250679,0.06292352874744103,1.7696240469168933,-0.6054956369241848,GHA,0.23600000000000002,0.1,0.5024520597301734,119458,481.0997878507368,NA,NA,0.4884049347481104,-0.29613314053669487
1,2014,DHS 2014,195,Bawku West,GHA12.2_2,Upper East,bawku west,1075.8938336049498,202.64187622070313,204.10206604003903,89.05859375,89.35801696777344,267.1593017578125,0.01728967018425464,9.106048583984377,0.33779840823350127,-0.2733655338302981,-0.6132713311550131,1.9168856921192459,-0.21230686435860494,GHA,0.47600000000000003,0.2,0.37791713102347013,144189,134.01787006890103,NA,NA,-0.31635993698346027,1.4868375242153102
2,2022,DHS 2022,195,Bawku West,GHA12.2_2,Upper East,bawku west,1075.8938336049498,202.64187622070313,204.10206604003903,89.05859375,89.35801696777344,230.5316619873047,0.14201277494430542,9.065884590148926,0.33779840823350127,-0.38417477921777404,-0.5023595612259841,1.6557300500568886,-0.21230686435860494,GHA,0.47600000000000003,0.2,0.37791713102347013,144189,134.01787006890103,NA,NA,-0.31635993698346027,1.4868375242153102
1,2014,DHS 2014,196,Binduri,GHA12.3_2,Upper East,binduri,393.6167926195173,202.23394775390625,201.1535797119141,45.4647331237793,46.09707260131836,254.90792846679688,0.00256586307659745,9.099860191345217,0.33346429808164835,-0.3104294953042999,-0.6272532900793699,1.8766473219104707,-0.8188841343394611,GHA,0.5379999999999999,0.3,0.37641247298548935,76679,194.80622127349224,NA,NA,-0.08131983076582631,1.9474382792762441
2,2022,DHS 2022,196,Binduri,GHA12.3_2,Upper East,binduri,393.6167926195173,202.23394775390625,201.1535797119141,45.4647331237793,46.09707260131836,212.69960021972656,0.24237509071826935,9.050481796264648,0.33346429808164835,-0.4381219437238314,-0.4215782376597358,1.5555774969297618,-0.8188841343394611,GHA,0.5379999999999999,0.3,0.37641247298548935,76679,194.80622127349224,NA,NA,-0.08131983076582631,1.9474382792762441
1,2014,DHS 2014,197,Bolga East,GHA12.4_2,Upper East,bolga east,72.14528719413865,198.12551879882813,202.47596740722656,10.509469032287598,11.723214149475098,296.7733459472656,0.5931087136268616,9.145000457763672,0.28981354778665336,-0.18377445152018687,-0.1831045204574262,2.1701598472752224,-1.3052615360996467,GHA,0.249,0.1,0.6234188651969642,38824,538.136328926475,NA,NA,0.559107820967218,-0.19955556286262807
2,2022,DHS 2022,197,Bolga East,GHA12.4_2,Upper East,bolga east,72.14528719413865,198.12551879882813,202.47596740722656,10.509469032287598,11.723214149475098,300.23748779296875,3.059936761856079,9.11875057220459,0.28981354778665336,-0.1732944166000384,0.7140455334412535,1.9994769778043435,-1.3052615360996467,GHA,0.249,0.1,0.6234188651969642,38824,538.136328926475,NA,NA,0.559107820967218,-0.19955556286262807
1,2014,DHS 2014,198,Bolgatanga,GHA12.5_2,Upper East,bolgatanga,326.73281071600223,176.8369140625,176.81297302246094,26.3100528717041,26.915651321411133,269.9627990722656,0.520600438117981,9.146195411682127,0.06362889675947375,-0.26488414043976627,-0.22777787574555003,2.177929715956301,-1.0854077568807405,GHA,0.20199999999999999,0.1,0.6662281572676727,142509,436.16372560718895,NA,NA,0.42653791139005764,-0.5487206513765625
2,2022,DHS 2022,198,Bolgatanga,GHA12.5_2,Upper East,bolgatanga,326.73281071600223,176.8369140625,176.81297302246094,26.3100528717041,26.915651321411133,267.2828063964844,1.9932992458343504,9.119586944580078,0.06362889675947375,-0.2729918964379127,0.4217427607429829,2.0049152657798555,-1.0854077568807405,GHA,0.20199999999999999,0.1,0.6662281572676727,142509,436.16372560718895,NA,NA,0.42653791139005764,-0.5487206513765625
1,2014,DHS 2014,199,Bongo,GHA12.6_2,Upper East,bongo,416.6189424435103,225.89080810546875,226.05062866210935,41.287628173828125,42.541236877441406,264.3399353027344,0.00975168216973543,9.145106315612791,0.5848109114125791,-0.28189493597893234,-0.6204040540891005,2.1708481596643576,-0.8770055505335781,GHA,0.54,0.3,0.47125314124673157,116431,279.4664095615071,NA,NA,0.145886055459869,1.9622963681491783
2,2022,DHS 2022,199,Bongo,GHA12.6_2,Upper East,bongo,416.6189424435103,225.89080810546875,226.05062866210935,41.287628173828125,42.541236877441406,225.553466796875,0.5405150055885315,9.11872100830078,0.5848109114125791,-0.3992352651212977,-0.21529950699419415,1.999284746416372,-0.8770055505335781,GHA,0.54,0.3,0.47125314124673157,116431,279.4664095615071,NA,NA,0.145886055459869,1.9622963681491783
1,2014,DHS 2014,200,Builsa North,GHA12.7_2,Upper East,builsa north,820.1149034438017,182.11167907714844,182.7994384765625,91.227203369140625,92.50062561035156,254.23956298828125,0.01715431176126003,9.19499969482422,0.11967159654489964,-0.3124514949412241,-0.6133989456684434,2.49526653140309,-0.18213221858196213,GHA,0.397,0.2,0.5344148749768094,56571,68.97935857822942,NA,NA,-0.7319163801747661,0.8999430137344419
2,2022,DHS 2022,200,Builsa North,GHA12.7_2,Upper East,builsa north,820.1149034438017,182.11167907714844,182.7994384765625,91.227203369140625,92.50062561035156,256.53790283203125,0.13925616443157196,9.1537504196167,0.11967159654489964,-0.30549834957544025,-0.5046772741930381,2.227054137098849,-0.18213221858196213,GHA,0.397,0.2,0.5344148749768094,56571,68.97935857822942,NA,NA,-0.7319163801747661,0.8999430137344419
1,2014,DHS 2014,201,Builsa South,GHA12.8_2,Upper East,builsa south,1246.9780711509034,174.81484985351565,175.14256286621094,131.85305786132813,131.42010498046875,244.3558807373047,0.00417752098292112,9.179049491882324,0.04214510798475859,-0.34235250354408114,-0.6257128612601146,2.3915545970924357,0.3831473770886394,GHA,0.551,0.3,0.39495417300903585,36575,29.330908735422234,NA,NA,-1.2605458853579894,2.044015856950312
2,2022,DHS 2022,201,Builsa South,GHA12.8_2,Upper East,builsa south,1246.9780711509034,174.81484985351565,175.14256286621094,131.85305786132813,131.42010498046875,264.2599182128906,0.05078310891985893,9.14300537109375,0.04214510798475859,-0.2821370109092102,-0.58220482499695,2.1571873290941843,0.3831473770886394,GHA,0.551,0.3,0.39495417300903585,36575,29.330908735422234,NA,NA,-1.2605458853579894,2.044015856950312
1,2014,DHS 2014,202,Garu,GHA12.9_2,Upper East,garu,678.131589807725,209.618896484375,210.2903594970703,66.95924377441406,68.20442962646484,273.8182067871094,0.0092098843306303,9.073124885559082,0.4119270283612088,-0.25322041265878925,-0.6209187725510252,1.7028081370695285,-0.5198034518133907,GHA,0.447,0.2,0.38922274646138566,71774,105.8408147898707,NA,NA,-0.4643622088787477,1.2713952355577762
2,2022,DHS 2022,202,Garu,GHA12.9_2,Upper East,garu,678.131589807725,209.618896484375,210.2903594970703,66.95924377441406,68.20442962646484,226.5603790283203,0.11938386410474776,9.029375076293944,0.4119270283612088,-0.3961890632574333,-0.5215534035875404,1.4183366879513855,-0.5198034518133907,GHA,0.447,0.2,0.38922274646138566,71774,105.8408147898707,NA,NA,-0.4643622088787477,1.2713952355577762
1,2014,DHS 2014,203,Kasena Nankana East,GHA12.10_2,Upper East,kasena nankana east,770.506286576822,170.40328979492188,170.4357452392578,64.52397918701172,64.80308532714844,263.61431884765625,0.08658937364816666,9.184710502624512,-0.004726313825038418,-0.28409013644316433,-0.5500697028209371,2.428363807380506,-0.5536884100136535,GHA,0.33799999999999997,0.2,0.620723305877296,99895,129.64852038237086,NA,NA,-0.33716060612132576,0.46162939198290687
2,2022,DHS 2022,203,Kasena Nankana East,GHA12.10_2,Upper East,kasena nankana east,770.506286576822,170.40328979492188,170.4357452392578,64.52397918701172,64.80308532714844,249.10745239257813,0.37536442279815674,9.146503448486328,-0.004726313825038418,-0.3279776196360736,-0.3240512197127056,2.179932642998605,-0.5536884100136535,GHA,0.33799999999999997,0.2,0.620723305877296,99895,129.64852038237086,NA,NA,-0.33716060612132576,0.46162939198290687
1,2014,DHS 2014,204,Kasena Nankana West,GHA12.11_2,Upper East,kasena nankana west,876.732799915243,234.2803955078125,237.8621826171875,87.75782012939453,93.7660140991211,254.25289916992188,0.01471700146794319,9.188264846801758,0.6739476078924087,-0.3124111491195111,-0.6156997270302491,2.4514749810233023,-0.2304061953266771,GHA,0.536,0.3,0.5149531010471068,90735,103.49219284230233,NA,NA,-0.4784169100602226,1.9325801904033115
2,2022,DHS 2022,204,Kasena Nankana West,GHA12.11_2,Upper East,kasena nankana west,876.732799915243,234.2803955078125,237.8621826171875,87.75782012939453,93.7660140991211,241.10650634765625,0.09705714136362076,9.148454666137695,0.6739476078924087,-0.35218280455048806,-0.5408750447127898,2.1926199146039607,-0.2304061953266771,GHA,0.536,0.3,0.5149531010471068,90735,103.49219284230233,NA,NA,-0.4784169100602226,1.9325801904033115
1,2014,DHS 2014,205,Nabdam,GHA12.12_2,Upper East,nabdam,246.0357359842622,230.30308532714844,228.40928649902344,50.20795440673828,50.23887634277344,275.18292236328125,0.0185248777270317,9.145000457763672,0.6316899528519537,-0.24909175178651807,-0.6121075741898259,2.1701598472752224,-0.7528856158461982,GHA,0.6859999999999999,0.4,0.460199059389697,53039,215.57437494930682,NA,NA,-0.01757790333873794,3.046936855873314
2,2022,DHS 2022,205,Nabdam,GHA12.12_2,Upper East,nabdam,246.0357359842622,230.30308532714844,228.40928649902344,50.20795440673828,50.23887634277344,256.4338073730469,0.2042895704507828,9.118749618530272,0.6316899528519537,-0.30581326856368496,-0.4514376353807308,1.9994707767918172,-0.7528856158461982,GHA,0.6859999999999999,0.4,0.460199059389697,53039,215.57437494930682,NA,NA,-0.01757790333873794,3.046936855873314
1,2014,DHS 2014,206,Pusiga,GHA12.13_2,Upper East,pusiga,256.8340305424044,236.95120239257813,237.80178833007813,30.514484405517575,30.803119659423828,246.24734497070313,0.02798601984977722,9.164306640625,0.7023240811593879,-0.33663027503868226,-0.6032402391633431,2.295693144625576,-1.026906110892818,GHA,0.408,0.2,0.32615530187412245,80533,313.56047261308566,NA,NA,0.2184258102681521,0.9816625025355751
2,2022,DHS 2022,206,Pusiga,GHA12.13_2,Upper East,pusiga,256.8340305424044,236.95120239257813,237.80178833007813,30.514484405517575,30.803119659423828,205.5412139892578,0.5334543585777283,9.10195541381836,0.7023240811593879,-0.4597781405566131,-0.2197051190032176,1.8902709464055554,-1.026906110892818,GHA,0.408,0.2,0.32615530187412245,80533,313.56047261308566,NA,NA,0.2184258102681521,0.9816625025355751
1,2014,DHS 2014,207,Talensi,GHA12.14_2,Upper East,talensi,842.1564482073081,182.2393341064453,185.19259643554688,61.10540771484375,66.8912353515625,285.1968078613281,0.02308970689773559,9.144991874694824,0.1210278906097759,-0.21879684055588436,-0.6078190090377057,2.170104038162589,-0.601255377495649,GHA,0.562,0.3,0.5185396695900469,87021,103.33115680018948,NA,NA,-0.4793921288744567,2.1257353457514454
2,2022,DHS 2022,207,Talensi,GHA12.14_2,Upper East,talensi,842.1564482073081,182.2393341064453,185.19259643554688,61.10540771484375,66.8912353515625,289.1789855957031,0.24424731731414795,9.118741035461426,0.1210278906097759,-0.20674959665729709,-0.4201340980899845,1.9994149676791952,-0.601255377495649,GHA,0.562,0.3,0.5185396695900469,87021,103.33115680018948,NA,NA,-0.4793921288744567,2.1257353457514454
1,2014,DHS 2014,208,Tempane,GHA12.15_2,Upper East,tempane,387.35000695209567,233.69619750976565,233.9855499267578,54.4296989440918,53.06461715698242,260.6876525878906,5.648002261295915e-4,9.079644203186035,0.6677406900621614,-0.29294415165619864,-0.6291693633536714,1.7451982586209518,-0.6941430718448481,GHA,0.507,0.2,0.3436286524744568,86993,224.58499661459564,NA,NA,0.008196819617535994,1.7171379017457773
2,2022,DHS 2022,208,Tempane,GHA12.15_2,Upper East,tempane,387.35000695209567,233.69619750976565,233.9855499267578,54.4296989440918,53.06461715698242,209.4861602783203,0.11565595120191574,9.030943870544434,0.6677406900621614,-0.44784353259049686,-0.524752603757962,1.4285373535383032,-0.6941430718448481,GHA,0.507,0.2,0.3436286524744568,86993,224.58499661459564,NA,NA,0.008196819617535994,1.7171379017457773
1,2014,DHS 2014,209,Daffiama-Bussie-Issa,GHA13.1_2,Upper West,daffiama bussie issa,1462.0169663920442,284.246337890625,282.91400146484375,275.73541259765625,275.618408203125,250.6848907470703,7.097439956851304e-4,9.102102279663086,1.2048198459313355,-0.32320541059389324,-0.6290304469921502,1.8912259023328402,2.385167034918271,GHA,0.387,0.2,0.3346907296004936,38754,26.507216325701656,NA,NA,-1.3223342260016775,0.8256525693697749
2,2022,DHS 2022,209,Daffiama-Bussie-Issa,GHA13.1_2,Upper West,daffiama bussie issa,1462.0169663920442,284.246337890625,282.91400146484375,275.73541259765625,275.618408203125,302.50042724609375,0.03958438336849212,9.06736183166504,1.2048198459313355,-0.1664483676946368,-0.5924805064319276,1.665335418442382,2.385167034918271,GHA,0.387,0.2,0.3346907296004936,38754,26.507216325701656,NA,NA,-1.3223342260016775,0.8256525693697749
1,2014,DHS 2014,210,Jirapa,GHA13.2_2,Upper West,jirapa,1193.0609443540689,289.7682189941406,289.0742492675781,266.45867919921875,266.61981201171875,247.07997131347656,0.01402970217168331,9.134068489074709,1.2634880755255913,-0.3341113385931309,-0.6163495253846137,2.0990776408176615,2.256087950424894,GHA,0.501,0.2,0.4231689742138041,91279,76.50824581255492,NA,NA,-0.6673047216920592,1.6725636351269773
2,2022,DHS 2022,210,Jirapa,GHA13.2_2,Upper West,jirapa,1193.0609443540689,289.7682189941406,289.0742492675781,266.45867919921875,266.61981201171875,296.24237060546875,0.11279699951410294,9.1011381149292,1.2634880755255913,-0.18538080610138608,-0.5272133345510047,1.8849566786803402,2.256087950424894,GHA,0.501,0.2,0.4231689742138041,91279,76.50824581255492,NA,NA,-0.6673047216920592,1.6725636351269773
1,2014,DHS 2014,211,Lambussie-Karni,GHA13.3_2,Upper West,lambussie karni,814.9025868372062,300.51385498046875,300.94342041015625,251.8228759765625,249.76007080078125,258.97357177734375,0.0036028574686497398,9.149731636047363,1.3776570384865685,-0.298129743803001,-0.6262618430629481,2.200923070361327,2.0524412571692823,GHA,0.442,0.2,0.40000935803855514,51118,62.72897009493957,NA,NA,-0.7910756969984415,1.2342500133754426
2,2022,DHS 2022,211,Lambussie-Karni,GHA13.3_2,Upper West,lambussie karni,814.9025868372062,300.51385498046875,300.94342041015625,251.8228759765625,249.76007080078125,311.97613525390625,0.0793791115283966,9.10982894897461,1.3776570384865685,-0.13778159963541797,-0.5564547048934922,1.9414665057280467,2.0524412571692823,GHA,0.442,0.2,0.40000935803855514,51118,62.72897009493957,NA,NA,-0.7910756969984415,1.2342500133754426
1,2014,DHS 2014,212,Lawra,GHA13.4_2,Upper West,lawra,529.23680725047,267.12530517578125,266.4943542480469,246.70944213867188,247.0679168701172,313.90618896484375,0.02759667113423347,9.152302742004396,1.0229143214596648,-0.13194262675574894,-0.6036035382599467,2.2176410001013385,1.9812914967888076,GHA,0.395,0.2,0.46031968592260236,58433,110.40993218815491,NA,NA,-0.4378834275659025,0.8850849248615085
2,2022,DHS 2022,212,Lawra,GHA13.4_2,Upper West,lawra,529.23680725047,267.12530517578125,266.4943542480469,246.70944213867188,247.0679168701172,341.44537353515625,0.24464212357997897,9.113821029663086,1.0229143214596648,-0.04862859724299113,-0.4198298422286116,1.9674239441151529,1.9812914967888076,GHA,0.395,0.2,0.46031968592260236,58433,110.40993218815491,NA,NA,-0.4378834275659025,0.8850849248615085
1,2014,DHS 2014,213,Nadowli-Kaleo,GHA13.5_2,Upper West,nadowli kaleo,1136.2779002204466,285.5001525878906,285.96533203125,252.30841064453125,252.32904052734375,256.5554504394531,0.01052531693130731,9.092315673828123,1.2181412281104989,-0.3054452629679232,-0.6196695645819511,1.8275911119055748,2.059197123457491,GHA,0.406,0.2,0.4753399790782106,77057,67.81527651382673,NA,NA,-0.7425230501701658,0.966804413662642
2,2022,DHS 2022,213,Nadowli-Kaleo,GHA13.5_2,Upper West,nadowli kaleo,1136.2779002204466,285.5001525878906,285.96533203125,252.30841064453125,252.32904052734375,307.2811279296875,0.1404450386762619,9.093770027160645,1.2181412281104989,-0.1519853600181509,-0.5036770011884647,1.8370476559907123,2.059197123457491,GHA,0.406,0.2,0.4753399790782106,77057,67.81527651382673,NA,NA,-0.7425230501701658,0.966804413662642
1,2014,DHS 2014,214,Nandom,GHA13.6_2,Upper West,nandom,406.05185560298264,267.67486572265625,267.3421936035156,222.48477172851565,222.5150146484375,284.0093994140625,0.01610419899225235,9.15432834625244,1.0287532273932751,-0.2223890958808961,-0.6143895583824975,2.230811950682828,1.6442226014788013,GHA,0.318,0.1,0.48713624866121275,51328,126.40750015482251,NA,NA,-0.3530441913260946,0.3130485032535734
2,2022,DHS 2022,214,Nandom,GHA13.6_2,Upper West,nandom,406.05185560298264,267.67486572265625,267.3421936035156,222.48477172851565,222.5150146484375,317.1980895996094,0.29479652643203735,9.11431884765625,1.0287532273932751,-0.12198367151008106,-0.3819430064749517,1.9706608726478978,1.6442226014788013,GHA,0.318,0.1,0.48713624866121275,51328,126.40750015482251,NA,NA,-0.3530441913260946,0.3130485032535734
1,2014,DHS 2014,215,Sissala East,GHA13.7_2,Upper West,sissala east,5114.880264240658,272.44476318359375,275.08013916015625,201.9089508056641,200.69091796875,245.6658935546875,0.00247258925810456,9.113103866577148,1.0794318700755978,-0.338389334400461,-0.6273425173419588,1.962760782703996,1.3579248268905293,GHA,0.28800000000000003,0.1,0.43866334679500807,80619,15.761659283331921,NA,NA,-1.6355501886357997,0.09017717015957301
2,2022,DHS 2022,215,Sissala East,GHA13.7_2,Upper West,sissala east,5114.880264240658,272.44476318359375,275.08013916015625,201.9089508056641,200.69091796875,280.6099853515625,0.03022558242082595,9.071579933166504,1.0794318700755978,-0.2326733104627077,-0.6011531842863218,1.692762496795493,1.3579248268905293,GHA,0.28800000000000003,0.1,0.43866334679500807,80619,15.761659283331921,NA,NA,-1.6355501886357997,0.09017717015957301
1,2014,DHS 2014,216,Sissala West,GHA13.8_2,Upper West,sissala west,2058.614571462229,295.7644348144531,294.3809814453125,232.75491333007813,236.99366760253903,237.46697998046875,0.00511339539662003,9.117816925048828,1.327195960546663,-0.3631934285722028,-0.6248194831581275,1.9934061865523185,1.787124247846079,GHA,0.32299999999999995,0.1,0.38981588032220943,63828,31.005318278041297,NA,NA,-1.2265689960914024,0.3501937254359065
2,2022,DHS 2022,216,Sissala West,GHA13.8_2,Upper West,sissala west,2058.614571462229,295.7644348144531,294.3809814453125,232.75491333007813,236.99366760253903,304.76153564453125,0.0579850785434246,9.0789155960083,1.327195960546663,-0.15960785826132395,-0.5756541711469104,1.7404606850596165,1.787124247846079,GHA,0.32299999999999995,0.1,0.38981588032220943,63828,31.005318278041297,NA,NA,-1.2265689960914024,0.3501937254359065
1,2014,DHS 2014,217,Wa East,GHA13.10_2,Upper West,wa east,4315.34189007743,266.9814758300781,251.68370056152344,272.47314453125,278.5890197753906,270.2486572265625,0.00112502928823232,9.069231033325195,1.021386180429839,-0.26401933652217946,-0.6286325424960614,1.6774894029714504,2.33977491710074,GHA,0.48700000000000004,0.2,0.2867919977488644,91457,21.193454036699507,NA,NA,-1.4580595462645756,1.568557013016444
2,2022,DHS 2022,217,Wa East,GHA13.10_2,Upper West,wa east,4315.34189007743,266.9814758300781,251.68370056152344,272.47314453125,278.5890197753906,280.6407165527344,0.01221413817256689,9.028985977172852,1.021386180429839,-0.2325803396561517,-0.6180681478702583,1.4158066748453435,2.33977491710074,GHA,0.48700000000000004,0.2,0.2867919977488644,91457,21.193454036699507,NA,NA,-1.4580595462645756,1.568557013016444
1,2014,DHS 2014,218,Wa Municipal,GHA13.9_2,Upper West,wa,582.14003198375,312.85980224609375,311.6645812988281,224.0468292236328,224.4287109375,268.2718505859375,0.3920646905899048,9.074806213378906,1.5088287995513099,-0.2699997505891809,-0.31247644038100886,1.7137405221331854,1.6659575099574369,GHA,0.165,0.1,0.6768541858189259,200672,344.71431094709806,NA,NA,0.27813860516703015,-0.8235952955258298
2,2022,DHS 2022,218,Wa Municipal,GHA13.9_2,Upper West,wa,582.14003198375,312.85980224609375,311.6645812988281,224.0468292236328,224.4287109375,310.3161315917969,1.4622777700424194,9.043220520019531,1.5088287995513099,-0.14280359270653298,0.23445512460758638,1.5083629876417954,1.6659575099574369,GHA,0.165,0.1,0.6768541858189259,200672,344.71431094709806,NA,NA,0.27813860516703015,-0.8235952955258298
1,2014,DHS 2014,219,Wa West,GHA13.11_2,Upper West,wa west,1497.6482483553154,272.0302429199219,271.5278015136719,242.1450653076172,242.9304351806641,289.1882629394531,0.00252665067091584,9.062644958496094,1.0750277241795392,-0.20672152999871415,-0.6272908002975393,1.6346652105439885,1.9177814704324874,GHA,0.619,0.3,0.3241538707416924,96957,64.73950081835041,NA,NA,-0.7714357837870508,2.5491908786300463
2,2022,DHS 2022,219,Wa West,GHA13.11_2,Upper West,wa west,1497.6482483553154,272.0302429199219,271.5278015136719,242.1450653076172,242.9304351806641,298.35333251953125,0.04103424027562141,9.02838134765625,1.0750277241795392,-0.17899453337934973,-0.5911439316918958,1.4118752329109372,1.9177814704324874,GHA,0.619,0.3,0.3241538707416924,96957,64.73950081835041,NA,NA,-0.7714357837870508,2.5491908786300463
1,2014,DHS 2014,220,Adaklu,GHA14.1_2,Volta,adaklu,804.1013891174575,74.0340347290039,68.67796325683594,63.959903717041016,74.64029693603516,331.25714111328125,0.02240557037293911,8.845135688781738,-1.0286189830161676,-0.0794509585410075,-0.6084605211059164,0.22036928122261865,-0.5615371151689891,GHA,0.332,0.1,0.6660829660044684,38649,48.064834264767605,NA,NA,-0.9564218647076006,0.4170551253641071
2,2022,DHS 2022,220,Adaklu,GHA14.1_2,Volta,adaklu,804.1013891174575,74.0340347290039,68.67796325683594,63.959903717041016,74.64029693603516,467.9532470703125,0.18019334971904755,8.785727500915527,-1.0286189830161676,0.33409445261326104,-0.4708210381177697,-0.16591659237661585,-0.5615371151689891,GHA,0.332,0.1,0.6660829660044684,38649,48.064834264767605,NA,NA,-0.9564218647076006,0.4170551253641071
1,2014,DHS 2014,221,Afadzato South,GHA14.2_2,Volta,afadzato south,555.3404538367881,204.2074432373047,200.76638793945313,41.74580383300781,42.24943161010742,410.63671875,0.03574763983488083,8.792106628417969,0.3544320596021801,0.1606953122046114,-0.5960264857287192,-0.12443801966487349,-0.8706303652087497,GHA,0.325,0.1,0.7769216164045442,73146,131.71379735555382,NA,NA,-0.3272433501017021,0.36505181430884026
2,2022,DHS 2022,221,Afadzato South,GHA14.2_2,Volta,afadzato south,555.3404538367881,204.2074432373047,200.76638793945313,41.74580383300781,42.24943161010742,486.0226135253906,0.5086599588394165,8.775822639465332,0.3544320596021801,0.3887595327020188,-0.2353383305202484,-0.23032030835570935,-0.8706303652087497,GHA,0.325,0.1,0.7769216164045442,73146,131.71379735555382,NA,NA,-0.3272433501017021,0.36505181430884026
1,2014,DHS 2014,222,Agotime Ziope,GHA14.3_2,Volta,agotime ziope,316.89820533555564,76.64714050292969,74.98138427734375,83.43888092041016,79.08750915527344,318.0519714355469,0.07200028002262115,8.73740291595459,-1.0008555656906573,-0.11940043102603294,-0.5630332947453072,-0.48013429852841877,-0.29050113339745876,GHA,0.257,0.1,0.6512657674716695,39553,124.81295044924066,NA,NA,-0.3610076729050113,-0.1401232073708945
2,2022,DHS 2022,222,Agotime Ziope,GHA14.3_2,Volta,agotime ziope,316.89820533555564,76.64714050292969,74.98138427734375,83.43888092041016,79.08750915527344,462.0673522949219,0.31590595841407776,8.700379371643066,-1.0008555656906573,0.31628791190854777,-0.3664338153428349,-0.7208700063794073,-0.29050113339745876,GHA,0.257,0.1,0.6512657674716695,39553,124.81295044924066,NA,NA,-0.3610076729050113,-0.1401232073708945
1,2014,DHS 2014,223,Akatsi North,GHA14.4_2,Volta,akatsi north,315.3353167929643,61.581748962402344,62.4668083190918,164.3894805908203,162.42237854003906,309.13134765625,0.02521536685526371,8.877500534057617,-1.1609205568155638,-0.14638790812155086,-0.6058285198394779,0.43081304293863015,0.835868338038076,GHA,0.39299999999999996,0.2,0.5869959140166993,32755,103.87355381923659,NA,NA,-0.47611340560606874,0.8702268359885746
2,2022,DHS 2022,223,Akatsi North,GHA14.4_2,Volta,akatsi north,315.3353167929643,61.581748962402344,62.4668083190918,164.3894805908203,162.42237854003906,407.61370849609375,0.16669225692749023,8.80625057220459,-1.1609205568155638,0.1515498284351747,-0.4818552751778552,-0.03247080305733107,0.835868338038076,GHA,0.39299999999999996,0.2,0.5869959140166993,32755,103.87355381923659,NA,NA,-0.47611340560606874,0.8702268359885746
1,2014,DHS 2014,224,Akatsi South,GHA14.5_2,Volta,akatsi south,538.0613143544646,30.56587791442871,31.114011764526367,140.00018310546875,138.89353942871094,270.0630798339844,0.11751408874988556,8.885714530944824,-1.4904543170679947,-0.26458076201837305,-0.5231566632969544,0.48422236372891825,0.49650877517987707,GHA,0.301,0.1,0.6623850440952609,92133,171.23141460288025,NA,NA,-0.16243627508713332,0.1867547478336396
2,2022,DHS 2022,224,Akatsi South,GHA14.5_2,Volta,akatsi south,538.0613143544646,30.56587791442871,31.114011764526367,140.00018310546875,138.89353942871094,342.0086364746094,0.5217772126197815,8.814929008483887,-1.4904543170679947,-0.046924563303960526,-0.2270359837803471,0.023958410827682478,0.49650877517987707,GHA,0.301,0.1,0.6623850440952609,92133,171.23141460288025,NA,NA,-0.16243627508713332,0.1867547478336396
1,2014,DHS 2014,225,Anloga,GHA14.6_2,Volta,anloga,237.21038178064967,0.756853461265564,0.7648009657859802,165.96371459960938,165.7599639892578,218.06820678710935,0.09125716239213943,8.98812484741211,-1.8071657162840193,-0.4218803500464541,-0.5459587252969014,1.1501180926346524,0.857772673961652,GHA,0.316,0.1,0.6467405743545154,94895,400.04572855394736,NA,NA,0.3720126118836283,0.29819041438064003
2,2022,DHS 2022,225,Anloga,GHA14.6_2,Volta,anloga,237.21038178064967,0.756853461265564,0.7648009657859802,165.96371459960938,165.7599639892578,245.30941772460935,0.5815690159797668,8.923125267028809,-1.8071657162840193,-0.33946777729160355,-0.19007651784605453,0.7274756826609305,0.857772673961652,GHA,0.316,0.1,0.6467405743545154,94895,400.04572855394736,NA,NA,0.3720126118836283,0.29819041438064003
1,2014,DHS 2014,226,Central Tongu,GHA14.7_2,Volta,central tongu,684.8488424637454,35.635658264160156,36.8150520324707,113.19642639160156,112.4074249267578,281.9547119140625,0.03537505865097046,8.891282081604004,-1.436589514118666,-0.22860512216073856,-0.5963715306291846,0.5204238747905346,0.12355374575196125,GHA,0.36,0.2,0.5918170238378522,83284,121.60931702882873,NA,NA,-0.3773169355165513,0.6250683695851742
2,2022,DHS 2022,226,Central Tongu,GHA14.7_2,Volta,central tongu,684.8488424637454,35.635658264160156,36.8150520324707,113.19642639160156,112.4074249267578,392.2927551269531,0.29782336950302124,8.817790985107422,-1.436589514118666,0.10519949595161257,-0.3797037090973777,0.04256764938470728,0.12355374575196125,GHA,0.36,0.2,0.5918170238378522,83284,121.60931702882873,NA,NA,-0.3773169355165513,0.6250683695851742
1,2014,DHS 2014,227,Ho Municipal,GHA14.8_2,Volta,ho,576.0122316331137,176.7630157470703,173.93161010742188,34.06013488769531,35.3011360168457,353.0608215332031,0.5909703969955444,8.684579849243164,0.06284375067338774,-0.013488494425407964,-0.1843926179891812,-0.8236021807127062,-0.9775709302299684,GHA,0.125,0.1,0.8804593657335277,180142,312.73988659799846,NA,NA,0.21677417174081534,-1.1207570729844973
2,2022,DHS 2022,227,Ho Municipal,GHA14.8_2,Volta,ho,576.0122316331137,176.7630157470703,173.93161010742188,34.06013488769531,35.3011360168457,465.0509948730469,1.8572767972946167,8.677079200744629,0.06284375067338774,0.32531429702807657,0.3771411290475842,-0.8723731441418965,-0.9775709302299684,GHA,0.125,0.1,0.8804593657335277,180142,312.73988659799846,NA,NA,0.21677417174081534,-1.1207570729844973
1,2014,DHS 2014,228,Ho West,GHA14.9_2,Volta,ho west,1007.0747100573484,252.86241149902344,172.9593048095703,57.639259338378906,83.16596984863281,351.3750915527344,0.03809662535786629,8.8742036819458,0.8713756147726026,-0.018588317079369733,-0.5938539601202744,0.40937614267483985,-0.6494843434404551,GHA,0.27899999999999997,0.1,0.7837845281044311,83172,82.58771585601998,NA,NA,-0.6195578061653748,0.023315770231372344
2,2022,DHS 2022,228,Ho West,GHA14.9_2,Volta,ho west,1007.0747100573484,252.86241149902344,172.9593048095703,57.639259338378906,83.16596984863281,466.2745971679687,0.2982211112976074,8.8242769241333,0.8713756147726026,0.32901604925137556,-0.37940984290802926,0.08474073549811136,-0.6494843434404551,GHA,0.27899999999999997,0.1,0.7837845281044311,83172,82.58771585601998,NA,NA,-0.6195578061653748,0.023315770231372344
1,2014,DHS 2014,229,Hohoe,GHA14.10_2,Volta,hohoe,686.9766097534965,274.3656921386719,280.02984619140625,38.08106231689453,39.691307067871094,475.65631103515625,0.10447586327791214,8.644366264343262,1.0998411289600432,0.35739845774337264,-0.5344115700023108,-1.0850802754258233,-0.9216226121007913,GHA,0.188,0.1,0.8146377381708879,114472,166.63158304774782,NA,NA,-0.17955307284959982,-0.652727273487096
2,2022,DHS 2022,229,Hohoe,GHA14.10_2,Volta,hohoe,686.9766097534965,274.3656921386719,280.02984619140625,38.08106231689453,39.691307067871094,512.86602783203125,0.9739322662353516,8.636897087097168,1.0998411289600432,0.469968655145591,0.02245351908043857,-1.133646605442024,-0.9216226121007913,GHA,0.188,0.1,0.8146377381708879,114472,166.63158304774782,NA,NA,-0.17955307284959982,-0.652727273487096
1,2014,DHS 2014,230,Keta Municipal,GHA14.11_2,Volta,keta,518.7177627387615,3.1676924228668213,3.380154848098755,161.48013305664065,161.91529846191406,246.84901428222656,0.11761172115802764,8.963953971862793,-1.7815513194756656,-0.33481005067259034,-0.5230728809452124,0.9929534304461173,0.7953868560275844,GHA,0.252,0.1,0.7139165583946875,78862,152.0325804607481,NA,NA,-0.23716747284378561,-0.177268429553228
2,2022,DHS 2022,230,Keta Municipal,GHA14.11_2,Volta,keta,518.7177627387615,3.1676924228668213,3.380154848098755,161.48013305664065,161.91529846191406,275.03057861328125,0.6763551831245422,8.897622108459473,-1.7815513194756656,-0.24955263586430107,-0.13425687053660676,0.5616482059891688,0.7953868560275844,GHA,0.252,0.1,0.7139165583946875,78862,152.0325804607481,NA,NA,-0.23716747284378561,-0.177268429553228
1,2014,DHS 2014,231,Ketu North,GHA14.12_2,Volta,ketu north,425.31277786132046,31.228496551513672,32.91273880004883,144.86392211914065,145.75375366210938,274.91888427734375,0.1068793758749962,8.870539665222168,-1.4834142049023809,-0.2498905436617141,-0.5323268459477541,0.3855518525928374,0.5641842113636132,GHA,0.272,0.1,0.6325739558137417,114993,270.3727844205404,NA,NA,0.12504490085516806,-0.028687540823894103
2,2022,DHS 2022,231,Ketu North,GHA14.12_2,Volta,ketu north,425.31277786132046,31.228496551513672,32.91273880004883,144.86392211914065,145.75375366210938,315.46063232421875,0.9556437134742736,8.800361633300781,-1.4834142049023809,-0.1272399842505497,0.013526688277949795,-0.0707620553364474,0.5641842113636132,GHA,0.272,0.1,0.6325739558137417,114993,270.3727844205404,NA,NA,0.12504490085516806,-0.028687540823894103
1,2014,DHS 2014,232,Ketu South,GHA14.13_2,Volta,ketu south,279.29480111503545,13.808403968811035,12.492998123168944,117.56414794921876,121.63129425048828,232.36404418945313,0.7654779553413391,8.845921516418457,-1.6684971453055177,-0.3786312910117718,-0.08457974176937516,0.22547891553484406,0.1843274551779726,GHA,0.256,0.1,0.6464295340688347,253122,906.2896945788281,NA,NA,0.8882193735309386,-0.1475522518073612
2,2022,DHS 2022,232,Ketu South,GHA14.13_2,Volta,ketu south,279.29480111503545,13.808403968811035,12.492998123168944,117.56414794921876,121.63129425048828,260.2847900390625,2.607424020767212,8.779529571533203,-1.6684971453055177,-0.2941629278402558,0.6007140877685653,-0.20621697271053926,0.1843274551779726,GHA,0.256,0.1,0.6464295340688347,253122,906.2896945788281,NA,NA,0.8882193735309386,-0.1475522518073612
1,2014,DHS 2014,233,Kpando,GHA14.14_2,Volta,kpando,315.4125308824545,119.82819366455078,111.33484649658205,61.79096221923828,72.38053894042969,359.1839904785156,0.1866677403450012,8.83363151550293,-0.542070616591548,0.005035869537470944,-0.4655743200243494,0.14556646725614408,-0.5917163787989244,GHA,0.23399999999999999,0.1,0.7855093956719418,58552,185.63625178804548,NA,NA,-0.11164777519661949,-0.3109912294096285
2,2022,DHS 2022,233,Kpando,GHA14.14_2,Volta,kpando,315.4125308824545,119.82819366455078,111.33484649658205,61.79096221923828,72.38053894042969,395.3850708007813,1.2105133533477783,8.822792053222656,-0.542070616591548,0.11455464873960818,0.13101256216436277,0.07508575901251069,-0.5917163787989244,GHA,0.23399999999999999,0.1,0.7855093956719418,58552,185.63625178804548,NA,NA,-0.11164777519661949,-0.3109912294096285
1,2014,DHS 2014,234,North Dayi,GHA14.15_2,Volta,north dayi,464.74380934685655,143.7481231689453,118.3119888305664,79.14701843261719,90.3196792602539,356.4116516113281,0.04891238734126091,8.834375381469727,-0.2879289772236224,-0.003351260503017541,-0.5839137124948538,0.15040325701771667,-0.3502193183340976,GHA,0.301,0.1,0.7794920966992097,39268,84.49386352275809,NA,NA,-0.6053005287409934,0.1867547478336396
2,2022,DHS 2022,234,North Dayi,GHA14.15_2,Volta,north dayi,464.74380934685655,143.7481231689453,118.3119888305664,79.14701843261719,90.3196792602539,441.491455078125,0.3773674666881562,8.813124656677246,-0.2879289772236224,0.2540398484775166,-0.32265553556236176,0.012226095149611529,-0.3502193183340976,GHA,0.301,0.1,0.7794920966992097,39268,84.49386352275809,NA,NA,-0.6053005287409934,0.1867547478336396
1,2014,DHS 2014,235,North Tongu,GHA14.16_2,Volta,north tongu,1136.5885537730858,30.580108642578125,30.59104347229004,122.83409881591795,125.04582977294922,277.6803894042969,0.02546692639589309,8.953277587890625,-1.4903031201098003,-0.24153618883108396,-0.6055932301307149,0.923533095342521,0.2576550376342266,GHA,0.384,0.2,0.6359093228989452,111410,98.02139888718469,NA,NA,-0.5124200903295381,0.8033654360603748
2,2022,DHS 2022,235,North Tongu,GHA14.16_2,Volta,north tongu,1136.5885537730858,30.580108642578125,30.59104347229004,122.83409881591795,125.04582977294922,394.3792419433594,0.23818784952163696,8.870296478271484,-1.4903031201098003,0.11151172439672945,-0.4248159529640278,0.38397059440155407,0.2576550376342266,GHA,0.384,0.2,0.6359093228989452,111410,98.02139888718469,NA,NA,-0.5124200903295381,0.8033654360603748
1,2014,DHS 2014,236,South Dayi,GHA14.17_2,Volta,south dayi,359.753006794938,170.20736694335938,149.05348205566406,65.01482391357422,86.66553497314453,363.2848510742187,0.07058943063020706,8.843029975891113,-0.006807931777824807,0.017442163551943068,-0.5642962914625813,0.20667744558985932,-0.5468586580727643,GHA,0.29,0.1,0.7551469558432204,57518,159.88191596348688,NA,NA,-0.205539597955378,0.10503525903250598
2,2022,DHS 2022,236,South Dayi,GHA14.17_2,Volta,south dayi,359.753006794938,170.20736694335938,149.05348205566406,65.01482391357422,86.66553497314453,455.3676452636719,0.5416404008865356,8.817272186279297,-0.006807931777824807,0.2960193528339949,-0.21459916349550504,0.03919429857663614,-0.5468586580727643,GHA,0.29,0.1,0.7551469558432204,57518,159.88191596348688,NA,NA,-0.205539597955378,0.10503525903250598
1,2014,DHS 2014,237,South Tongu,GHA14.18_2,Volta,south tongu,646.1562648348638,8.113564491271973,8.720300674438477,131.29481506347656,130.58770751953125,226.72500610351565,0.12127510458230972,8.945631980895996,-1.729003002586287,-0.3956910185543883,-0.5199344603776614,0.8738195780110756,0.37537982937795084,GHA,0.324,0.1,0.6657019856636731,113114,175.05672568060328,NA,NA,-0.1485462352728202,0.35762276987237357
2,2022,DHS 2022,237,South Tongu,GHA14.18_2,Volta,south tongu,646.1562648348638,8.113564491271973,8.720300674438477,131.29481506347656,130.58770751953125,267.0617980957031,0.6714797616004944,8.878226280212402,-1.729003002586287,-0.27366051071902336,-0.13705011507072906,0.4355320134624209,0.37537982937795084,GHA,0.324,0.1,0.6657019856636731,113114,175.05672568060328,NA,NA,-0.1485462352728202,0.35762276987237357
1,2014,DHS 2014,238,Ahanta West,GHA15.1_2,Western,ahanta west,556.7794671514299,70.67647801912747,37.05782699584961,191.0914523784931,151.8085174560547,286.86785888671875,0.302875280380249,8.644527435302734,-1.0642919546426939,-0.2137414260031673,-0.3759778475466219,-1.084032304310816,1.2074071033001368,GHA,0.272,0.1,0.7077146348915369,153140,275.0460622829502,NA,NA,0.13584108700554554,-0.028687540823894103
2,2022,DHS 2022,238,Ahanta West,GHA15.1_2,Western,ahanta west,556.7794671514299,70.67647801912747,37.05782699584961,191.0914523784931,151.8085174560547,491.9053955078125,0.976977288722992,8.667980194091797,-1.0642919546426939,0.40655665630418125,0.02393178995687502,-0.931537004545953,1.2074071033001368,GHA,0.272,0.1,0.7077146348915369,153140,275.0460622829502,NA,NA,0.13584108700554554,-0.028687540823894103
1,2014,DHS 2014,239,Effia Kwesimintsim,GHA15.2_2,Western,effia kwesimintsim,105.36847424500816,29.558940887451172,29.34805679321289,126.41146850585938,128.90354919433594,320.0897521972656,3.366790294647217,8.651975631713867,-1.5011527025598634,-0.11323555253847649,0.7839210108021958,-1.0356023965699417,0.3074315682985411,GHA,0.09300000000000001,0,0.8974752543440188,173975,1651.1105550932098,NA,NA,1.2671906985165808,-1.358486494951431
2,2022,DHS 2022,239,Effia Kwesimintsim,GHA15.2_2,Western,effia kwesimintsim,105.36847424500816,29.558940887451172,29.34805679321289,126.41146850585938,128.90354919433594,555.40313720703125,8.318877220153809,8.660229682922363,-1.5011527025598634,0.5986557619409227,1.5108762846238923,-0.9819326332540305,0.3074315682985411,GHA,0.09300000000000001,0,0.8974752543440188,173975,1651.1105550932098,NA,NA,1.2671906985165808,-1.358486494951431
1,2014,DHS 2014,240,Ellembelle,GHA15.3_2,Western,ellembelle,1000.0960243044703,59.81222152709961,59.009796142578125,279.9436340332031,278.37164306640625,425.31695556640625,0.10757388919591904,8.67829418182373,-1.1797212227302245,0.2051072910797893,-0.5317252919828814,-0.8644730541979946,2.4437214146676434,GHA,0.33299999999999996,0.1,0.6902535804467149,120893,120.88139244836674,NA,NA,-0.38108209400753595,0.4244841698005734
2,2022,DHS 2022,240,Ellembelle,GHA15.3_2,Western,ellembelle,1000.0960243044703,59.81222152709961,59.009796142578125,279.9436340332031,278.37164306640625,727.0311889648436,0.8053616285324097,8.721273422241211,-1.1797212227302245,1.117880451868089,-0.06315560225553923,-0.5850120231918511,2.4437214146676434,GHA,0.33299999999999996,0.1,0.6902535804467149,120893,120.88139244836674,NA,NA,-0.38108209400753595,0.4244841698005734
1,2014,DHS 2014,241,Jomoro,GHA15.4_2,Western,jomoro,1501.4498321203816,55.774147033691406,55.92424774169922,260.90106201171875,261.5924987792969,403.5830993652344,0.02372239902615547,8.674891471862793,-1.222624479257633,0.1393560654998403,-0.6072261178619303,-0.8865982668509318,2.1787576976607057,GHA,0.312,0.1,0.6615964977645306,126576,84.30251700201431,NA,NA,-0.6067173009962274,0.26847423663477327
2,2022,DHS 2022,241,Jomoro,GHA15.4_2,Western,jomoro,1501.4498321203816,55.774147033691406,55.92424774169922,260.90106201171875,261.5924987792969,767.30584716796875,0.14565953612327576,8.723212242126465,-1.222624479257633,1.2397229869505764,-0.4993020054120472,-0.5724053647491881,2.1787576976607057,GHA,0.312,0.1,0.6615964977645306,126576,84.30251700201431,NA,NA,-0.6067173009962274,0.26847423663477327
1,2014,DHS 2014,242,Mpohor,GHA15.5_2,Western,mpohor,526.9810571531286,52.63396835327149,63.31778335571289,149.4550018310547,163.77862548828125,375.7276916503906,0.02993194013833999,8.67014217376709,-1.255987878493551,0.05508536915735745,-0.6014265718055943,-0.9174793091748182,0.628065789134275,GHA,0.314,0.1,0.6953673373888629,52028,98.7284064460819,NA,NA,-0.5079214928886855,0.28333232550770665
2,2022,DHS 2022,242,Mpohor,GHA15.5_2,Western,mpohor,526.9810571531286,52.63396835327149,63.31778335571289,149.4550018310547,163.77862548828125,704.80816650390625,0.16983233392238617,8.7085418701171875,-1.255987878493551,1.050649356319634,-0.47927758497474804,-0.6677955402649204,0.628065789134275,GHA,0.314,0.1,0.6953673373888629,52028,98.7284064460819,NA,NA,-0.5079214928886855,0.28333232550770665
1,2014,DHS 2014,243,Nzema East,GHA15.6_2,Western,nzema east,1088.756852195399,57.38227081298828,56.717037200927734,294.1933288574219,290.787109375,403.949462890625,0.01894515007734298,8.674945831298828,-1.2055386758274027,0.14046442154026195,-0.6117119342614072,-0.8862448091375861,2.6419956867869625,GHA,0.382,0.2,0.5935943682364542,94621,86.90737496549724,NA,NA,-0.5876976713916101,0.7885073471874414
2,2022,DHS 2022,243,Nzema East,GHA15.6_2,Western,nzema east,1088.756852195399,57.38227081298828,56.717037200927734,294.1933288574219,290.787109375,696.39093017578125,0.08036071062088013,8.718306541442871,-1.2055386758274027,1.025184772425845,-0.5555829522750128,-0.604303373125508,2.6419956867869625,GHA,0.382,0.2,0.5935943682364542,94621,86.90737496549724,NA,NA,-0.5876976713916101,0.7885073471874414
1,2014,DHS 2014,244,Prestea-Huni Valley,GHA15.7_2,Western,prestea huni valley,1817.4639614987448,90.95265197753906,90.19673919677734,187.24851989746097,189.35736083984375,456.6394348144531,0.10614361613988876,8.692217826843262,-0.8488640584629306,0.29986688549776264,-0.532964537443965,-0.7739382714813794,1.1539354570733475,GHA,0.295,0.1,0.6968046850919553,229301,126.16536275685506,NA,NA,-0.35424703129387775,0.14218048121483945
2,2022,DHS 2022,244,Prestea-Huni Valley,GHA15.7_2,Western,prestea huni valley,1817.4639614987448,90.95265197753906,90.19673919677734,187.24851989746097,189.35736083984375,670.258544921875,0.30707448720932007,8.740987777709961,-0.8488640584629306,0.9461267193188644,-0.3728918469157845,-0.4568246924851478,1.1539354570733475,GHA,0.295,0.1,0.6968046850919553,229301,126.16536275685506,NA,NA,-0.35424703129387775,0.14218048121483945
1,2014,DHS 2014,245,Sekondi Takoradi,GHA15.8_2,Western,sekondi takoradi,87.20065416502426,29.09341049194336,30.014123916625977,113.65890502929688,114.77400970458984,305.4916687011719,6.272481441497803,8.651769638061523,-1.5060988148746266,-0.1573989937659397,1.2730908969246688,-1.0369418152731464,0.12998880393327214,GHA,0.10400000000000001,0,0.890000185818344,245382,2813.992651197581,NA,NA,1.6041509045046842,-1.2767670061502976
2,2022,DHS 2022,245,Sekondi Takoradi,GHA15.8_2,Western,sekondi takoradi,87.20065416502426,29.09341049194336,30.014123916625977,113.65890502929688,114.77400970458984,514.72674560546875,12.7015962600708,8.659680366516113,-1.5060988148746266,0.47559786668216647,1.8805523393089065,-0.9855044164625764,0.12998880393327214,GHA,0.10400000000000001,0,0.890000185818344,245382,2813.992651197581,NA,NA,1.6041509045046842,-1.2767670061502976
1,2014,DHS 2014,246,Shama,GHA15.9_2,Western,shama,194.59328107702837,22.238740921020508,21.180269241333008,111.22660064697266,111.65269470214844,320.4972229003906,0.6598769426345825,8.672667503356934,-1.5789274978253738,-0.11200283534966268,-0.1437305487001374,-0.9010590280355308,0.09614503486122784,GHA,0.22,0.1,0.7539857615562018,117224,602.4051773586042,NA,NA,0.6303185077020317,-0.414997851520162
2,2022,DHS 2022,246,Shama,GHA15.9_2,Western,shama,194.59328107702837,22.238740921020508,21.180269241333008,111.22660064697266,111.65269470214844,563.76824951171875,2.1868162155151367,8.71525764465332,-1.5789274978253738,0.6239626555292525,0.48182207757441553,-0.6241280101354407,0.09614503486122784,GHA,0.22,0.1,0.7539857615562018,117224,602.4051773586042,NA,NA,0.6303185077020317,-0.414997851520162
1,2014,DHS 2014,247,Tarkwa Nsuaem,GHA15.10_2,Western,tarkwa nsuaem,909.3725879680288,81.07524871826172,81.132171630859375,200.06076049804688,201.3581390380859,411.381103515625,0.522240400314331,8.678021430969238,-0.9538083249813437,0.16294729225775298,-0.22674412660571952,-0.8662465437772379,1.3322085857708972,GHA,0.182,0.1,0.7932796695440343,219109,240.94524389567735,NA,NA,0.052467426028856026,-0.6973015401058962
2,2022,DHS 2022,247,Tarkwa Nsuaem,GHA15.10_2,Western,tarkwa nsuaem,909.3725879680288,81.07524871826172,81.132171630859375,200.06076049804688,201.3581390380859,702.940673828125,1.2349783182144165,8.720766067504883,-0.9538083249813437,1.0449996487363302,0.14156832680847367,-0.5883109618497442,1.3322085857708972,GHA,0.182,0.1,0.7932796695440343,219109,240.94524389567735,NA,NA,0.052467426028856026,-0.6973015401058962
1,2014,DHS 2014,248,Wassa Amenfi Central,GHA15.11_2,Western,wassa amenfi central,1853.9668013984451,114.90814971923828,116.08162689208984,195.77674865722656,198.0938262939453,401.9545593261719,0.00446826498955488,8.718807220458984,-0.594344517891894,0.1344292590241168,-0.6254352302747148,-0.6010478415552187,1.272599636950075,GHA,0.376,0.2,0.5941095213607994,117999,63.646770757164305,NA,NA,-0.7820343995306012,0.7439330805686413
2,2022,DHS 2022,248,Wassa Amenfi Central,GHA15.11_2,Western,wassa amenfi central,1853.9668013984451,114.90814971923828,116.08162689208984,195.77674865722656,198.0938262939453,613.1424560546875,0.03821812570095062,8.787854194641113,-0.594344517891894,0.773333966454862,-0.5937417208501548,-0.15208833446853012,1.272599636950075,GHA,0.376,0.2,0.5941095213607994,117999,63.646770757164305,NA,NA,-0.7820343995306012,0.7439330805686413
1,2014,DHS 2014,249,Wassa Amenfi East,GHA15.12_2,Western,wassa amenfi east,1564.9534392684518,128.54322814941406,126.2804183959961,133.60140991210938,136.47471618652344,354.8987731933594,0.04012994840741157,8.71772289276123,-0.4494761484212195,-0.007928156991802448,-0.5919773495979556,-0.608098392784588,0.4074744405488196,GHA,0.355,0.2,0.6220784477580759,179696,114.82514143296181,NA,NA,-0.41330870961785354,0.5879231474028407
2,2022,DHS 2022,249,Wassa Amenfi East,GHA15.12_2,Western,wassa amenfi east,1564.9534392684518,128.54322814941406,126.2804183959961,133.60140991210938,136.47471618652344,520.5885009765625,0.16391730308532715,8.778203010559082,-0.4494761484212195,0.4933313786798433,-0.4841390167819163,-0.21484258111867705,0.4074744405488196,GHA,0.355,0.2,0.6220784477580759,179696,114.82514143296181,NA,NA,-0.41330870961785354,0.5879231474028407
1,2014,DHS 2014,250,Wassa Amenfi West,GHA15.13_2,Western,wassa amenfi west,1454.635972049192,111.20932006835938,110.32536315917967,248.52908325195313,247.13633728027344,415.359619140625,0.02435148134827614,8.704615592956543,-0.6336434059193171,0.17498345721216277,-0.6066369725930588,-0.693325108788503,2.0066104963677343,GHA,0.249,0.1,0.6466702117112652,131000,90.05689568879293,NA,NA,-0.5654399382296039,-0.19955556286262807
2,2022,DHS 2022,250,Wassa Amenfi West,GHA15.13_2,Western,wassa amenfi west,1454.635972049192,111.20932006835938,110.32536315917967,248.52908325195313,247.13633728027344,643.6195068359375,0.11368110030889512,8.773537635803223,-0.6336434059193171,0.8655358942849302,-0.5264517048098263,-0.24517793434125795,2.0066104963677343,GHA,0.249,0.1,0.6466702117112652,131000,90.05689568879293,NA,NA,-0.5654399382296039,-0.19955556286262807
1,2014,DHS 2014,251,Wassa East,GHA15.14_2,Western,wassa east,1659.824462157596,85.6119155883789,92.08287811279295,183.1823577880859,192.665771484375,407.7009887695313,0.04018943011760712,8.683347702026367,-0.9056076831096392,0.15181387660473802,-0.5919225075138219,-0.8316138888818752,1.097357730848274,GHA,0.38,0.2,0.6265132957006426,99641,60.03104681953973,NA,NA,-0.8184271143129195,0.773649258314508
2,2022,DHS 2022,251,Wassa East,GHA15.14_2,Western,wassa east,1659.824462157596,85.6119155883789,92.08287811279295,183.1823577880859,192.665771484375,640.8485107421875,0.08175623416900635,8.724766731262207,-0.9056076831096392,0.8571528265239734,-0.5543449581960168,-0.5622977143500044,1.097357730848274,GHA,0.38,0.2,0.6265132957006426,99641,60.03104681953973,NA,NA,-0.8184271143129195,0.773649258314508
1,2014,DHS 2014,252,Aowin,GHA16.1_2,Western North,aowin,2620.492692092326,133.0750274658203,133.1461639404297,250.23373413085935,250.74044799804688,411.1534118652344,0.01029223762452602,8.678589820861816,-0.4013272227587782,0.16225845890351842,-0.6198907910737068,-0.8625507403183952,2.030329489398956,GHA,0.371,0.2,0.5447370277611203,133257,50.85188766300328,NA,NA,-0.9214876841228398,0.7067878583863078
2,2022,DHS 2022,252,Aowin,GHA16.1_2,Western North,aowin,2620.492692092326,133.0750274658203,133.1461639404297,250.23373413085935,250.74044799804688,683.95684814453125,0.03756243363022804,8.756451606750488,-0.4013272227587782,0.9875680639619218,-0.5943475902583126,-0.3562752745570715,2.030329489398956,GHA,0.371,0.2,0.5447370277611203,133257,50.85188766300328,NA,NA,-0.9214876841228398,0.7067878583863078
1,2014,DHS 2014,253,Bia East,GHA16.2_2,Western North,bia east,786.3121377668783,221.16632080078125,221.64471435546875,198.29750061035156,199.53811645507813,337.251220703125,0.00583901721984148,8.704163551330566,0.5346147371903414,-0.06131712736038462,-0.624127382791106,-0.6962643887205355,1.307674090463967,GHA,0.375,0.2,0.5659667462713468,53073,67.49609658923363,NA,NA,-0.7454626471654974,0.7365040361321745
2,2022,DHS 2022,253,Bia East,GHA16.2_2,Western North,bia east,786.3121377668783,221.16632080078125,221.64471435546875,198.29750061035156,199.53811645507813,518.4080810546875,0.03143868967890739,8.8008451461792,0.5346147371903414,0.4867349753165741,-0.6000245796632526,-0.06761814199142523,1.307674090463967,GHA,0.375,0.2,0.5659667462713468,53073,67.49609658923363,NA,NA,-0.7454626471654974,0.7365040361321745
1,2014,DHS 2014,254,Bia West,GHA16.3_2,Western North,bia west,1291.7411915580617,184.4887924194336,196.1895294189453,176.20111846923828,214.80392456054688,364.02935791015625,0.02203902602195739,8.702727317810059,0.14492766937992743,0.019694512903224083,-0.6088044048986943,-0.7056031135678795,1.0002187982949466,GHA,0.33299999999999996,0.1,0.561965481311834,115881,89.70914665981009,NA,NA,-0.5678593604193094,0.4244841698005734
2,2022,DHS 2022,254,Bia West,GHA16.3_2,Western North,bia west,1291.7411915580617,184.4887924194336,196.1895294189453,176.20111846923828,214.80392456054688,537.45806884765625,0.07165125757455826,8.8084135055542,0.14492766937992743,0.5443667196824555,-0.5633455859067641,-0.01840690667368154,1.0002187982949466,GHA,0.33299999999999996,0.1,0.561965481311834,115881,89.70914665981009,NA,NA,-0.5678593604193094,0.4244841698005734
1,2014,DHS 2014,255,Bibiani-Anhwiaso-Bekwai-,GHA16.4_2,Western North,bibiani anhwiaso bekwai,837.3442203398749,190.61416625976565,190.67770385742188,144.44656372070313,144.01437377929688,371.970458984375,0.21088087558746335,8.755624771118164,0.21000781726403384,0.04371864940487164,-0.44620301455932565,-0.36165155240743485,0.558376968914993,GHA,0.18899999999999997,0.1,0.7204452477023089,167971,200.59970072023808,NA,NA,-0.06288267775459729,-0.6452982290506295
2,2022,DHS 2022,255,Bibiani-Anhwiaso-Bekwai-,GHA16.4_2,Western North,bibiani anhwiaso bekwai,837.3442203398749,190.61416625976565,190.67770385742188,144.44656372070313,144.01437377929688,650.95562744140625,0.5211772322654724,8.823124885559082,0.21000781726403384,0.8877297892084587,-0.22741416686819552,0.07724991238018868,0.558376968914993,GHA,0.18899999999999997,0.1,0.7204452477023089,167971,200.59970072023808,NA,NA,-0.06288267775459729,-0.6452982290506295
1,2014,DHS 2014,256,Bodi,GHA16.5_2,Western North,bodi,664.9085484243976,181.6751708984375,175.20840454101565,145.02621459960938,145.5869598388672,383.404296875,0.00923280138522386,8.690369606018066,0.11503383604837626,0.0783093289157868,-0.6208969953080934,-0.7859558337351329,0.566442394702437,GHA,0.258,0.1,0.597477349440398,65748,98.88277140638353,NA,NA,-0.5069435310470306,-0.13269416293442782
2,2022,DHS 2022,256,Bodi,GHA16.5_2,Western North,bodi,664.9085484243976,181.6751708984375,175.20840454101565,145.02621459960938,145.5869598388672,604.94036865234375,0.07140455394983292,8.761651992797852,0.11503383604837626,0.7485202705314996,-0.5635663876863658,-0.3224611533136672,0.566442394702437,GHA,0.258,0.1,0.597477349440398,65748,98.88277140638353,NA,NA,-0.5069435310470306,-0.13269416293442782
1,2014,DHS 2014,257,Juaboso,GHA16.6_2,Western North,juaboso,1374.985961011023,211.53919982910156,211.12657165527344,179.55548095703125,179.8445281982422,394.0918273925781,0.01376782543957233,8.703086853027344,0.43232964033474575,0.11064221192786722,-0.616597229284671,-0.7032653318497861,1.0468923438617699,GHA,0.245,0.1,0.6096606607003583,88814,64.59265950227982,NA,NA,-0.7728497379012929,-0.22927174060849484
2,2022,DHS 2022,257,Juaboso,GHA16.6_2,Western North,juaboso,1374.985961011023,211.53919982910156,211.12657165527344,179.55548095703125,179.8445281982422,610.06597900390625,0.07543350756168365,8.787184715270996,0.43232964033474575,0.7640267301004341,-0.5599667896262713,-0.15644144525394546,1.0468923438617699,GHA,0.245,0.1,0.6096606607003583,88814,64.59265950227982,NA,NA,-0.7728497379012929,-0.22927174060849484
1,2014,DHS 2014,258,Sefwi-Akontombra,GHA16.8_2,Western North,sefwi akontombra,1124.4428656388732,205.47935485839844,205.73455810546875,192.70944213867188,194.66958618164065,386.9667053222656,0.01112157851457595,8.69005012512207,0.36794571583835317,0.0890866488380309,-0.6191038569252777,-0.7880331729276031,1.229920269087429,GHA,0.32899999999999996,0.1,0.6012725157742607,66689,59.308482483109,NA,NA,-0.8259578482623691,0.39476799205470664
2,2022,DHS 2022,258,Sefwi-Akontombra,GHA16.8_2,Western North,sefwi akontombra,1124.4428656388732,205.47935485839844,205.73455810546875,192.70944213867188,194.66958618164065,584.058349609375,0.04799772799015045,8.761186599731445,0.36794571583835317,0.6853460996917663,-0.584750355356828,-0.32548724742090746,1.229920269087429,GHA,0.32899999999999996,0.1,0.6012725157742607,66689,59.308482483109,NA,NA,-0.8259578482623691,0.39476799205470664
1,2014,DHS 2014,259,Sefwi-Wiawso,GHA16.7_2,Western North,sefwi wiawso,1015.7256581934138,189.02239990234375,189.3379364013672,131.20501708984375,134.30081176757813,377.5915832519531,0.06488711386919022,8.7167205810546875,0.19309580623609188,0.06072418244555342,-0.5694180380129517,-0.6146156569376813,0.3741303550502919,GHA,0.18600000000000003,0.1,0.7037803648786943,151220,148.87878314402568,NA,NA,-0.2503346252274221,-0.6675853623600292
2,2022,DHS 2022,259,Sefwi-Wiawso,GHA16.7_2,Western North,sefwi wiawso,1015.7256581934138,189.02239990234375,189.3379364013672,131.20501708984375,134.30081176757813,613.9266357421875,0.27363818883895874,8.785930633544922,0.19309580623609188,0.7757063377013989,-0.3977439621136092,-0.16459577671095565,0.3741303550502919,GHA,0.18600000000000003,0.1,0.7037803648786943,151220,148.87878314402568,NA,NA,-0.2503346252274221,-0.6675853623600292
1,2014,DHS 2014,260,Suaman,GHA16.9_2,Western North,suaman,401.5771648049845,143.3386993408203,143.41612243652344,168.13499450683594,167.74505615234375,356.58465576171875,0.03126400709152222,8.707989692687988,-0.2922789751137442,-0.002827872715166618,-0.6001870123766608,-0.6713859265110108,0.887984474879729,GHA,0.245,0.1,0.6373506729169817,38268,95.29426310528353,NA,NA,-0.5300786741809194,-0.22927174060849484
2,2022,DHS 2022,260,Suaman,GHA16.9_2,Western North,suaman,401.5771648049845,143.3386993408203,143.41612243652344,168.13499450683594,167.74505615234375,583.64501953125,0.15884089469909668,8.802023887634277,-0.2922789751137442,0.6840956561922685,-0.4883309442671312,-0.05995369052308712,0.887984474879729,GHA,0.245,0.1,0.6373506729169817,38268,95.29426310528353,NA,NA,-0.5300786741809194,-0.22927174060849484
1,2011,DHS 2011-12,1,Abidjan,CIV.1.1.1_1,Abidjan,abidjan,2116.690886417332,43.13526153564453,43.235782623291016,108.65635681152344,114.41189575195313,575.2764892578125,3.257343053817749,8.751517295837402,-1.5443095038860444,0.822503452608826,5.2424782530120355,0.00449579796172693,-0.6468702617273114,CIV,0.1534,NA,NA,5372892,2538.3451284632533,NA,NA,4.0426769302885415,-2.63711052542644
2,2021,DHS 2021,1,Abidjan,CIV.1.1.1_1,Abidjan,abidjan,2116.690886417332,43.13526153564453,43.235782623291016,108.65635681152344,114.41189575195313,664.119384765625,7.135715484619141,8.89706802368164,-1.5443095038860444,1.4961416164039887,7.797760724497922,0.7801203607690864,-0.6468702617273114,CIV,0.1534,NA,NA,5372892,2538.3451284632533,NA,NA,4.0426769302885415,-2.63711052542644
1,2011,DHS 2011-12,2,Fresco,CIV.2.1.1_1,Gbôkle,fresco,1874.026642808,81.81778717041016,87.8304214477539,187.42959594726565,196.51918029785156,547.6632080078125,0.01302305422723293,8.669007301330566,-1.2331355161014173,0.6131298164695844,-0.42233145668341737,-0.43519130882545914,0.498913995339096,CIV,0.4779,NA,NA,115622,61.69709509932824,NA,NA,-0.17999469503026816,-0.16682360860480805
2,2021,DHS 2021,2,Fresco,CIV.2.1.1_1,Gbôkle,fresco,1874.026642808,81.81778717041016,87.8304214477539,187.42959594726565,196.51918029785156,638.14044189453125,0.04183105751872063,8.864211082458496,-1.2331355161014173,1.2991601101958292,-0.31169192236242854,0.6050291671430326,0.498913995339096,CIV,0.4779,NA,NA,115622,61.69709509932824,NA,NA,-0.17999469503026816,-0.16682360860480805
1,2011,DHS 2011-12,3,Sassandra,CIV.2.1.2_1,Gbôkle,sassandra,4323.71789674545,82.02912902832031,87.94157409667969,114.04048919677734,121.01095581054688,632.35247802734375,0.01152108702808618,8.627240180969238,-1.231435417991675,1.2552737270549053,-0.4281858648433485,-0.6577639125478244,-0.5685561769864922,CIV,0.4779,NA,NA,341836,79.060662180876065,NA,NA,0.09890772250106807,-0.16682360860480805
2,2021,DHS 2021,3,Sassandra,CIV.2.1.2_1,Gbôkle,sassandra,4323.71789674545,82.02912902832031,87.94157409667969,114.04048919677734,121.01095581054688,629.09393310546875,0.04550937190651893,8.815465927124023,-1.231435417991675,1.2305662903457661,-0.29778581013360356,0.3452713469297424,-0.5685561769864922,CIV,0.4779,NA,NA,341836,79.060662180876065,NA,NA,0.09890772250106807,-0.16682360860480805
1,2011,DHS 2011-12,4,Buyo,CIV.2.2.1_1,Nawa,buyo,2567.0106167117087,199.97216796875,200.5673370361328,229.74444580078125,228.87290954589844,592.24224853515625,0.02260822430253029,8.58875560760498,-0.28266578218623795,0.9511438223497647,-0.38517334488222305,-0.8628441676079288,1.1143982554028435,CIV,0.4779,NA,NA,209873,81.75774522851147,NA,NA,0.13670740225723893,-0.16682360860480805
2,2021,DHS 2021,4,Buyo,CIV.2.2.1_1,Nawa,buyo,2567.0106167117087,199.97216796875,200.5673370361328,229.74444580078125,228.87290954589844,586.2779541015625,0.02442824468016624,8.774882316589355,-0.28266578218623795,0.9059204386721527,-0.3781571683991725,0.12900554294295694,1.1143982554028435,CIV,0.4779,NA,NA,209873,81.75774522851147,NA,NA,0.13670740225723893,-0.16682360860480805
1,2011,DHS 2011-12,5,Guéyo,CIV.2.2.2_1,Nawa,guéyo,663.9732364796092,166.6810760498047,163.6051483154297,81.291107177734375,84.463104248046875,659.2498779296875,0.02522693574428558,8.612130165100098,-0.5504694392673161,1.45921929836382,-0.3750821496898776,-0.7382836023226248,-1.0449073688095445,CIV,0.4779,NA,NA,NA,81.75774522851147,NA,NA,0.13670740225723893,-0.16682360860480805
2,2021,DHS 2021,5,Guéyo,CIV.2.2.2_1,Nawa,guéyo,663.9732364796092,166.6810760498047,163.6051483154297,81.291107177734375,84.463104248046875,669.65826416015625,0.0926039069890976,8.751306533813477,-0.5504694392673161,1.5381393532346932,-0.1239417842951016,0.003372669241692161,-1.0449073688095445,CIV,0.4779,NA,NA,NA,81.75774522851147,NA,NA,0.13670740225723893,-0.16682360860480805
1,2011,DHS 2011-12,6,Méagui,CIV.2.2.3_1,Nawa,méagui,556.5373539883578,114.09522247314452,112.18292999267578,49.445499420166016,51.12647247314453,738.71356201171875,0.07404337078332901,8.545187950134277,-0.9734860207854941,2.061740973591202,-0.191544267122527,-1.0950116447394598,-1.5081128485595539,CIV,0.4779,NA,NA,NA,81.75774522851147,NA,NA,0.13670740225723893,-0.16682360860480805
2,2021,DHS 2021,6,Méagui,CIV.2.2.3_1,Nawa,méagui,556.5373539883578,114.09522247314452,112.18292999267578,49.445499420166016,51.12647247314453,645.81817626953125,0.1500517725944519,8.694975852966309,-0.9734860207854941,1.3573753997462152,0.07824652262489334,-0.29680762083203494,-1.5081128485595539,CIV,0.4779,NA,NA,NA,81.75774522851147,NA,NA,0.13670740225723893,-0.16682360860480805
1,2011,DHS 2011-12,7,Oupoyo,CIV.2.2.4_1,Nawa,oupoyo,808.1365813577623,135.04833984375,139.60586547851565,69.12137603759766,75.82608795166016,680.5048828125,0.03223461657762527,8.577070236206055,-0.8049327791928409,1.6203822408689519,-0.34820433321625716,-0.925114286189766,-1.2219203557843639,CIV,0.4779,NA,NA,NA,81.75774522851147,NA,NA,0.13670740225723893,-0.16682360860480805
2,2021,DHS 2021,7,Oupoyo,CIV.2.2.4_1,Nawa,oupoyo,808.1365813577623,135.04833984375,139.60586547851565,69.12137603759766,75.82608795166016,656.202392578125,0.08002346009016037,8.723443031311035,-0.8049327791928409,1.436112189746016,-0.16963643866070052,-0.14510901317123018,-1.2219203557843639,CIV,0.4779,NA,NA,NA,81.75774522851147,NA,NA,0.13670740225723893,-0.16682360860480805
1,2011,DHS 2011-12,8,Soubré,CIV.2.2.5_1,Nawa,soubré,4572.198792357335,170.10787963867188,173.80323791503906,78.6751480102539,106.92366027832033,596.80059814453125,0.08070066571235657,8.605281829833984,-0.5229031901508386,0.9857068365699142,-0.16716317186139784,-0.7747776626781436,-1.082957407935937,CIV,0.4779,NA,NA,NA,81.75774522851147,NA,NA,0.13670740225723893,-0.16682360860480805
2,2021,DHS 2021,8,Soubré,CIV.2.2.5_1,Nawa,soubré,4572.198792357335,170.10787963867188,173.80323791503906,78.6751480102539,106.92366027832033,601.69110107421875,0.17811855673789978,8.751202583312988,-0.5229031901508386,1.022788354397075,0.17338334988862106,0.0028187279272858727,-1.082957407935937,CIV,0.4779,NA,NA,NA,81.75774522851147,NA,NA,0.13670740225723893,-0.16682360860480805
1,2011,DHS 2011-12,9,San-Pedro,CIV.2.3.1_1,San-Pédro,san pedro,6786.5077061000275,68.10578918457031,88.9302749633789,85.262786865234375,121.6492156982422,735.121826171875,0.05494685098528862,8.50560474395752,-1.3434389935432778,2.0345071658437175,-0.2623293798301998,-1.3059463988288857,-0.9871379015389886,CIV,0.4779,NA,NA,720383,106.14929374536574,NA,NA,0.43139460195859564,-0.16682360860480805
2,2021,DHS 2021,9,San-Pedro,CIV.2.3.1_1,San-Pédro,san pedro,6786.5077061000275,68.10578918457031,88.9302749633789,85.262786865234375,121.6492156982422,660.2109375,0.2037828266620636,8.686522483825684,-1.3434389935432778,1.4665063909393443,0.25841324912421737,-0.3418547383632032,-0.9871379015389886,CIV,0.4779,NA,NA,720383,106.14929374536574,NA,NA,0.43139460195859564,-0.16682360860480805
1,2011,DHS 2011-12,10,Tabou,CIV.2.3.2_1,San-Pédro,tabou,5750.641139166368,68.10578918457031,118.85134887695313,85.262786865234375,265.1634216308594,974.26800537109375,0.01098806597292423,8.433897972106934,-1.3434389935432778,3.8477978303766434,-0.43026557876290406,-1.6880642651610769,-0.9871379015389886,CIV,0.4779,NA,NA,223144,38.80332550751858,NA,NA,-0.6983554544950384,-0.16682360860480805
2,2021,DHS 2021,10,Tabou,CIV.2.3.2_1,San-Pédro,tabou,5750.641139166368,68.10578918457031,118.85134887695313,85.262786865234375,265.1634216308594,887.03790283203125,0.0127278184518218,8.6572265625,-1.3434389935432778,3.1863884316148643,-0.42348154891574136,-0.49796963044803605,-0.9871379015389886,CIV,0.4779,NA,NA,223144,38.80332550751858,NA,NA,-0.6983554544950384,-0.16682360860480805
1,2011,DHS 2011-12,11,Abengourou,CIV.3.1.1_1,Indénié-Djuablin,abengourou,4152.602241307591,172.41334533691406,173.36599731445313,187.89691162109375,195.32467651367188,444.8893432617187,0.08569549769163132,8.761618614196777,-0.5043573236839931,-0.16613786878503461,-0.14896894963975735,0.05832466403687747,0.5057112649198217,CIV,0.2839,NA,NA,383672,92.39314957340763,NA,NA,0.2746363048012976,-1.643666942544397
2,2021,DHS 2021,11,Abengourou,CIV.3.1.1_1,Indénié-Djuablin,abengourou,4152.602241307591,172.41334533691406,173.36599731445313,187.89691162109375,195.32467651367188,534.48394775390625,0.17397934198379517,8.931914329528809,-0.5043573236839931,0.5132000176165149,0.15949621245994555,0.9658126698249706,0.5057112649198217,CIV,0.2839,NA,NA,383672,92.39314957340763,NA,NA,0.2746363048012976,-1.643666942544397
1,2011,DHS 2011-12,12,Agnibilékrou,CIV.3.1.2_1,Indénié-Djuablin,agnibilékrou,1898.378439589629,212.00437927246097,208.9351806640625,197.22308349609375,196.18421936035156,419.62066650390625,0.06238605827093124,8.746757507324219,-0.18587501912711607,-0.35773388685008556,-0.2346032649129548,-0.020868615801592213,0.6413636899096934,CIV,0.2839,NA,NA,NA,92.39314957340763,NA,NA,0.2746363048012976,-1.643666942544397
2,2021,DHS 2021,12,Agnibilékrou,CIV.3.1.2_1,Indénié-Djuablin,agnibilékrou,1898.378439589629,212.00437927246097,208.9351806640625,197.22308349609375,196.18421936035156,474.2931823730469,0.13549558818340302,8.86461353302002,-0.18587501912711607,0.0568124084911231,0.027987629993208682,0.6071737839749541,0.6413636899096934,CIV,0.2839,NA,NA,NA,92.39314957340763,NA,NA,0.2746363048012976,-1.643666942544397
1,2011,DHS 2011-12,13,Bettié,CIV.3.1.3_1,Indénié-Djuablin,bettié,974.2510576371708,139.455322265625,138.28663635253906,272.21490478515625,299.1929931640625,531.6517333984375,0.01595723070204258,8.7436676025390625,-0.7694816737696956,0.49172516960546037,-0.41091954437129447,-0.03733439432155896,1.7321459045864325,CIV,0.2839,NA,NA,NA,92.39314957340763,NA,NA,0.2746363048012976,-1.643666942544397
2,2021,DHS 2021,13,Bettié,CIV.3.1.3_1,Indénié-Djuablin,bettié,974.2510576371708,139.455322265625,138.28663635253906,272.21490478515625,299.1929931640625,628.134033203125,0.04382966086268425,8.900845527648926,-0.7694816737696956,1.2232879907817324,-0.30412998979031025,0.8002502832127865,1.7321459045864325,CIV,0.2839,NA,NA,NA,92.39314957340763,NA,NA,0.2746363048012976,-1.643666942544397
1,2011,DHS 2011-12,14,Aboisso,CIV.3.2.1_1,Sud Comoé,aboisso,1237.9564531993162,56.76905059814453,57.8210334777832,188.6389312744141,192.2145843505859,555.3052978515625,0.1048227995634079,8.699703216552734,-1.4346351627830514,0.6710748366141464,-0.08006127658261794,-0.27161599610256726,0.5165041997608438,CIV,0.2839,NA,NA,351369,283.829854508968,NA,NA,1.546765648933292,-1.643666942544397
2,2021,DHS 2021,14,Aboisso,CIV.3.2.1_1,Sud Comoé,aboisso,1237.9564531993162,56.76905059814453,57.8210334777832,188.6389312744141,192.2145843505859,722.88037109375,0.3013477623462677,8.838342666625977,-1.4346351627830514,1.9416881365462768,0.5659045509473585,0.4671790923423851,0.5165041997608438,CIV,0.2839,NA,NA,351369,283.829854508968,NA,NA,1.546765648933292,-1.643666942544397
1,2011,DHS 2011-12,15,Adiake,CIV.3.2.2_1,Sud Comoé,adiake,639.0793254983041,32.385765075683594,26.40653610229492,208.3975067138672,214.55374145507813,555.38555908203125,0.14887270331382751,8.681748390197754,-1.6307817190589988,0.6716834055673291,0.07419923212143505,-0.3672953825826333,0.8038995757662998,CIV,0.2839,NA,NA,95356,149.2083943188881,NA,NA,0.8167734384925132,-1.643666942544397
2,2021,DHS 2021,15,Adiake,CIV.3.2.2_1,Sud Comoé,adiake,639.0793254983041,32.385765075683594,26.40653610229492,208.3975067138672,214.55374145507813,706.28106689453125,0.7798745036125183,8.816927909851074,-1.6307817190589988,1.8158263584364474,1.801458139936367,0.3530620995442822,0.8038995757662998,CIV,0.2839,NA,NA,95356,149.2083943188881,NA,NA,0.8167734384925132,-1.643666942544397
1,2011,DHS 2011-12,16,Ayame,CIV.3.2.3_1,Sud Comoé,ayame,1943.0606072296944,125.75875091552734,125.87567138671876,246.1612091064453,262.31414794921875,552.43060302734375,0.02601256035268306,8.730085372924805,-0.8796610546671029,0.6492778867084796,-0.37205977398748685,-0.10971267138370908,1.3531858075460506,CIV,0.2839,NA,NA,NA,527.1977035546992,NA,NA,2.251328685510846,-1.643666942544397
2,2021,DHS 2021,16,Ayame,CIV.3.2.3_1,Sud Comoé,ayame,1943.0606072296944,125.75875091552734,125.87567138671876,246.1612091064453,262.31414794921875,693.9078369140625,0.03635423257946968,8.877156257629395,-0.8796610546671029,1.7220081653595989,-0.3324886650256332,0.6740126478930414,1.3531858075460506,CIV,0.2839,NA,NA,NA,527.1977035546992,NA,NA,2.251328685510846,-1.643666942544397
1,2011,DHS 2011-12,17,Bonoua,CIV.3.2.4_1,Sud Comoé,bonoua,1265.174997334483,60.20207214355469,61.174922943115234,183.16256713867188,181.2647247314453,530.192626953125,0.13992156088352203,8.725279808044434,-1.4070188945351547,0.4806617099896539,0.04333726210863882,-0.1353210226065833,0.43684857201797694,CIV,0.2839,NA,NA,NA,527.1977035546992,NA,NA,2.251328685510846,-1.643666942544397
2,2021,DHS 2021,17,Bonoua,CIV.3.2.4_1,Sud Comoé,bonoua,1265.174997334483,60.20207214355469,61.174922943115234,183.16256713867188,181.2647247314453,700.04339599609375,0.3731577694416046,8.869184494018555,-1.4070188945351547,1.7685301379973866,0.7778360861831113,0.6315319557176087,0.43684857201797694,CIV,0.2839,NA,NA,NA,527.1977035546992,NA,NA,2.251328685510846,-1.643666942544397
1,2011,DHS 2011-12,18,Grand-Bassam,CIV.3.2.5_1,Sud Comoé,grand bassam,128.04025813214346,7.1640625,7.05900764465332,127.09680938720705,130.0384979248047,516.75616455078125,1.6451603174209597,8.7193756103515625,-1.8336727568184266,0.37878171374592895,3.364684739828504,-0.166783872858779,-0.3786474428333365,CIV,0.2839,NA,NA,204375,1596.1776630368518,NA,NA,3.5137023407767347,-1.643666942544397
2,2021,DHS 2021,18,Grand-Bassam,CIV.3.2.5_1,Sud Comoé,grand bassam,128.04025813214346,7.1640625,7.05900764465332,127.09680938720705,130.0384979248047,675.9591064453125,7.755216598510742,8.868124961853027,-1.8336727568184266,1.5859145614049663,8.087317040357618,0.6258858199349905,-0.3786474428333365,CIV,0.2839,NA,NA,204375,1596.1776630368518,NA,NA,3.5137023407767347,-1.643666942544397
1,2011,DHS 2011-12,19,Mafere,CIV.3.2.6_1,Sud Comoé,mafere,1371.4109648962228,85.94116973876953,89.14298248291016,228.6772003173828,232.3251953125,599.16107177734375,0.046843022108078,8.70224380493164,-1.1999657740563208,1.0036047800645054,-0.2927559387151949,-0.2580774670972613,1.0988747973513604,CIV,0.2839,NA,NA,NA,527.1977035546992,NA,NA,2.251328685510846,-1.643666942544397
2,2021,DHS 2021,19,Mafere,CIV.3.2.6_1,Sud Comoé,mafere,1371.4109648962228,85.94116973876953,89.14298248291016,228.6772003173828,232.3251953125,766.53594970703125,0.0980839729309082,8.835522651672363,-1.1999657740563208,2.2727001285392676,-0.10420138630409148,0.4521515284277117,1.0988747973513604,CIV,0.2839,NA,NA,NA,527.1977035546992,NA,NA,2.251328685510846,-1.643666942544397
1,2011,DHS 2011-12,20,Tiapoum,CIV.3.2.7_1,Sud Comoé,tiapoum,1034.9996991955886,41.7281494140625,39.422637939453125,241.7499542236328,247.8311309814453,588.79034423828125,0.03270991519093513,8.691044807434082,-1.55562874126643,0.9249702666720456,-0.3463879483103749,-0.31775575017132596,1.2890225656369014,CIV,0.2839,NA,NA,82360,79.57490235408856,NA,NA,0.10621210246732259,-1.643666942544397
2,2021,DHS 2021,20,Tiapoum,CIV.3.2.7_1,Sud Comoé,tiapoum,1034.9996991955886,41.7281494140625,39.422637939453125,241.7499542236328,247.8311309814453,788.9354858398436,0.12025972455739976,8.814972877502441,-1.55562874126643,2.4425413105957916,-0.02531288578075008,0.34264393720911807,1.2890225656369014,CIV,0.2839,NA,NA,82360,79.57490235408856,NA,NA,0.10621210246732259,-1.643666942544397
1,2011,DHS 2011-12,21,Kaniasso,CIV.4.1.1_1,Folon,kaniasso,3763.99664242536,393.0601501464844,403.0308532714844,264.8601989746094,266.183837890625,402.4552612304687,0.00233874679543077,8.600154876708984,1.2705926057183154,-0.48788804293768684,-0.4641671664565227,-0.8020986581483107,1.6251691415951561,CIV,0.6612,NA,NA,66445,17.65277876475088,NA,NA,-1.5630668721557355,1.2285649641329583
2,2021,DHS 2021,21,Kaniasso,CIV.4.1.1_1,Folon,kaniasso,3763.99664242536,393.0601501464844,403.0308532714844,264.8601989746094,266.183837890625,299.9046630859375,0.03018159978091716,8.747819900512695,1.2705926057183154,-1.2654628420852767,-0.35605969245360586,-0.015207233927751796,1.6251691415951561,CIV,0.6612,NA,NA,66445,17.65277876475088,NA,NA,-1.5630668721557355,1.2285649641329583
1,2011,DHS 2011-12,22,Minignan,CIV.4.1.2_1,Folon,minignan,3440.898770625069,406.7735290527344,405.8086242675781,222.63003540039065,224.33265686035156,391.6559143066406,0.00255321851000189,8.586875915527344,1.3809071917034725,-0.5697724996561732,-0.46332299868146576,-0.8728608495409086,1.0109166730214179,CIV,0.6612,NA,NA,43595,12.669654908819242,NA,NA,-1.9176613428383118,1.2285649641329583
2,2021,DHS 2021,22,Minignan,CIV.4.1.2_1,Folon,minignan,3440.898770625069,406.7735290527344,405.8086242675781,222.63003540039065,224.33265686035156,376.584716796875,0.01969299279153347,8.751323699951172,1.3809071917034725,-0.6840476339664904,-0.39643762049028464,0.0034641457890253096,1.0109166730214179,CIV,0.6612,NA,NA,43595,12.669654908819242,NA,NA,-1.9176613428383118,1.2285649641329583
1,2011,DHS 2011-12,23,Gbeleban,CIV.4.2.1_1,Kabadougou,gbeleban,262.8335537695566,430.9098510742187,430.1788635253906,296.00408935546875,296.2860412597656,535.3880615234375,0.00388421420939266,8.445947647094727,1.5750670985511552,0.5200553270488306,-0.45808819000073164,-1.6238528109636141,2.078167897183961,CIV,0.6612,NA,NA,20747,78.93588814078987,NA,NA,0.09712833194147467,1.2285649641329583
2,2021,DHS 2021,23,Gbeleban,CIV.4.2.1_1,Kabadougou,gbeleban,262.8335537695566,430.9098510742187,430.1788635253906,296.00408935546875,296.2860412597656,521.74285888671875,0.14360809326171875,8.607961654663086,1.5750670985511552,0.41659258873675226,0.05607702935790443,-0.7604971572333576,2.078167897183961,CIV,0.6612,NA,NA,20747,78.93588814078987,NA,NA,0.09712833194147467,1.2285649641329583
1,2011,DHS 2011-12,24,Madinani,CIV.4.2.2_1,Kabadougou,madinani,4118.314456982142,471.98394775390625,469.7872619628906,246.62979125976565,250.02993774414065,415.1672668457031,0.00195400416851043,8.550569534301758,1.9054796103697396,-0.39150113353031285,-0.4656819789386092,-1.0663337471505179,1.3600014985130242,CIV,0.6612,NA,NA,45317,11.00377362470952,NA,NA,-2.0659228406162544,1.2285649641329583
2,2021,DHS 2021,24,Madinani,CIV.4.2.2_1,Kabadougou,madinani,4118.314456982142,471.98394775390625,469.7872619628906,246.62979125976565,250.02993774414065,344.06097412109375,0.03217067942023277,8.693416595458984,1.9054796103697396,-0.9306541202885513,-0.34844873708660506,-0.30511674054812926,1.3600014985130242,CIV,0.6612,NA,NA,45317,11.00377362470952,NA,NA,-2.0659228406162544,1.2285649641329583
1,2011,DHS 2011-12,25,Odienné,CIV.4.2.3_1,Kabadougou,odienné,8434.669054802278,431.7529602050781,425.218994140625,193.9611968994141,196.77723693847656,479.9774169921875,0.00893894024193286,8.463054656982422,1.581849324532578,0.09991227989369428,-0.43827097439018126,-1.5326913495157242,0.5939184108807183,CIV,0.6612,NA,NA,NA,54.59580822613078,NA,NA,-0.3171328989156562,1.2285649641329583
2,2021,DHS 2021,25,Odienné,CIV.4.2.3_1,Kabadougou,odienné,8434.669054802278,431.7529602050781,425.218994140625,193.9611968994141,196.77723693847656,417.5626220703125,0.12357331067323685,8.629120826721191,1.581849324532578,-0.3733387055058782,-0.01365934878115924,-0.6477421485844372,0.5939184108807183,CIV,0.6612,NA,NA,NA,54.59580822613078,NA,NA,-0.3171328989156562,1.2285649641329583
1,2011,DHS 2011-12,26,Samatiguila,CIV.4.2.4_1,Kabadougou,samatiguila,199.10312024279267,397.7326049804687,396.8757934570313,179.48043823242188,178.7323760986328,476.0354309082031,0.02261691726744175,8.488750457763672,1.3081792518738016,0.07002275128093303,-0.38513980384231233,-1.3957611222188155,0.38329072192119046,CIV,0.6612,NA,NA,19957,100.23449143169529,NA,NA,0.36661316764787016,1.2285649641329583
2,2021,DHS 2021,26,Samatiguila,CIV.4.2.4_1,Kabadougou,samatiguila,199.10312024279267,397.7326049804687,396.8757934570313,179.48043823242188,178.7323760986328,388.2210083007813,0.15788930654525757,8.62874984741211,1.3081792518738016,-0.5958171682970391,0.1050447524205585,-0.6497190584129148,0.38329072192119046,CIV,0.6612,NA,NA,19957,100.23449143169529,NA,NA,0.36661316764787016,1.2285649641329583
1,2011,DHS 2011-12,27,Seguelon,CIV.4.2.5_1,Kabadougou,seguelon,1064.373609898369,408.6605529785156,407.5064392089844,246.9801025390625,249.02859497070313,439.7219848632813,0.00379298906773328,8.5207061767578125,1.3960869854319002,-0.20531860240811622,-0.45844675705105153,-1.2254724473277518,1.3650968983378233,CIV,0.6612,NA,NA,30025,28.20907970732844,NA,NA,-1.0514144928340539,1.2285649641329583
2,2021,DHS 2021,27,Seguelon,CIV.4.2.5_1,Kabadougou,seguelon,1064.373609898369,408.6605529785156,407.5064392089844,246.9801025390625,249.02859497070313,408.08441162109375,0.02771297469735145,8.665637016296387,1.3960869854319002,-0.44520583958093074,-0.36552602906125414,-0.45315120428520067,1.3650968983378233,CIV,0.6612,NA,NA,30025,28.20907970732844,NA,NA,-1.0514144928340539,1.2285649641329583
1,2011,DHS 2011-12,28,Gagnoa,CIV.5.1.1_1,Gôh,gagnoa,4563.061465131457,218.35548400878903,218.38087463378903,50.7183952331543,58.00706100463867,537.2540283203125,0.21198348701000216,8.662278175354004,-0.13478480319083153,0.534203745327691,0.28520155761511595,-0.47105011538005337,-1.489598134687061,CIV,0.4148,NA,NA,687221,150.60524721207145,NA,NA,0.8273336467461236,-0.6471783218604166
2,2021,DHS 2021,28,Gagnoa,CIV.5.1.1_1,Gôh,gagnoa,4563.061465131457,218.35548400878903,218.38087463378903,50.7183952331543,58.00706100463867,569.25885009765625,0.260689377784729,8.818930625915527,-0.13478480319083153,0.7768755904026347,0.44066229562973924,0.36373436339981624,-1.489598134687061,CIV,0.4148,NA,NA,687221,150.60524721207145,NA,NA,0.8273336467461236,-0.6471783218604166
1,2011,DHS 2011-12,29,Oumé,CIV.5.1.2_1,Gôh,oumé,2366.2662461205045,207.86582946777344,204.3928680419922,63.56159973144531,64.445526123046875,413.75250244140625,0.10234411060810088,8.691792488098145,-0.2191667710289748,-0.40222837615411383,-0.08892337884488258,-0.3137714383319266,-1.3027892426587866,CIV,0.4148,NA,NA,NA,150.60524721207145,NA,NA,0.8273336467461236,-0.6471783218604166
2,2021,DHS 2021,29,Oumé,CIV.5.1.2_1,Gôh,oumé,2366.2662461205045,207.86582946777344,204.3928680419922,63.56159973144531,64.445526123046875,524.63958740234375,0.12471787631511688,8.898298263549805,-0.2191667710289748,0.43855660586074524,-0.00964201511854801,0.7866761799946287,-1.3027892426587866,CIV,0.4148,NA,NA,NA,150.60524721207145,NA,NA,0.8273336467461236,-0.6471783218604166
1,2011,DHS 2011-12,30,Divo,CIV.5.2.1_1,Lôh-Djiboua,divo,3132.0344335898,147.75416564941406,146.7838592529297,58.73430252075195,68.5016860961914,551.67266845703125,0.08115506917238235,8.745210647583008,-0.7027232564389303,0.6435309595140897,-0.16550448407660182,-0.029111669122390382,-1.3730039654361745,CIV,0.4148,NA,NA,433960,138.5553094008019,NA,NA,0.7328497108209232,-0.6471783218604166
2,2021,DHS 2021,30,Divo,CIV.5.2.1_1,Lôh-Djiboua,divo,3132.0344335898,147.75416564941406,146.7838592529297,58.73430252075195,68.5016860961914,658.09332275390625,0.18529050052165985,8.925101280212402,-0.7027232564389303,1.450449889166969,0.19733023517910747,0.9295066445945254,-1.3730039654361745,CIV,0.4148,NA,NA,433960,138.5553094008019,NA,NA,0.7328497108209232,-0.6471783218604166
1,2011,DHS 2011-12,31,Guitry,CIV.5.2.2_1,Lôh-Djiboua,guitry,3049.369236822776,76.45652770996094,66.41863250732422,134.02957153320313,142.8287811279297,542.7767333984375,0.01532414741814136,8.7330780029296875,-1.2762631159279572,0.5760788427876021,-0.4133790085010858,-0.09376525996529685,-0.2778079977118777,CIV,0.4148,NA,NA,167498,54.92873672934436,NA,NA,-0.3103214518785188,-0.6471783218604166
2,2021,DHS 2021,31,Guitry,CIV.5.2.2_1,Lôh-Djiboua,guitry,3049.369236822776,76.45652770996094,66.41863250732422,134.02957153320313,142.8287811279297,652.20849609375,0.03772163018584251,8.92455768585205,-1.2762631159279572,1.4058290581715196,-0.32728607073000343,0.9266098872623091,-0.2778079977118777,CIV,0.4148,NA,NA,167498,54.92873672934436,NA,NA,-0.3103214518785188,-0.6471783218604166
1,2011,DHS 2011-12,32,Lakota,CIV.5.2.3_1,Lôh-Djiboua,lakota,2684.651994541066,215.3615570068359,214.286865234375,107.42073822021484,112.78386688232422,610.65313720703125,0.06995247304439545,8.651745796203613,-0.15886886153619795,1.0907416727785413,-0.20660149180506737,-0.5271760591993474,-0.6648427653997875,CIV,0.4148,NA,NA,230783,85.96384204331547,NA,NA,0.1932647049168314,-0.6471783218604166
2,2021,DHS 2021,32,Lakota,CIV.5.2.3_1,Lôh-Djiboua,lakota,2684.651994541066,215.3615570068359,214.286865234375,107.42073822021484,112.78386688232422,697.79022216796875,0.09912283718585968,8.84257698059082,-0.15886886153619795,1.7514457794607383,-0.10047028003381495,0.4897433073512284,-0.6648427653997875,CIV,0.4148,NA,NA,230783,85.96384204331547,NA,NA,0.1932647049168314,-0.6471783218604166
1,2011,DHS 2011-12,33,Didievi,CIV.6.1.1_1,Bélier,didievi,1688.085082098038,206.01451110839844,202.1389923095703,77.441162109375,78.65438079833984,314.04547119140625,0.04688297584652901,8.804656028747559,-0.23405933833403886,-1.1582422483360548,-0.29260535177941793,0.28766653226189576,-1.1009061635562634,CIV,0.4351,NA,NA,106949,63.355218960337204,NA,NA,-0.150215248387307,-0.49264265341209884
2,2021,DHS 2021,33,Didievi,CIV.6.1.1_1,Bélier,didievi,1688.085082098038,206.01451110839844,202.1389923095703,77.441162109375,78.65438079833984,294.13983154296875,0.15743209421634674,8.989117622375488,-0.23405933833403886,-1.309173827786462,0.10348643339868742,1.270643017721466,-1.1009061635562634,CIV,0.4351,NA,NA,106949,63.355218960337204,NA,NA,-0.150215248387307,-0.49264265341209884
1,2011,DHS 2011-12,34,Djekanou,CIV.6.1.2_1,Bélier,djekanou,761.9719510492984,183.89996337890625,184.63687133789065,93.04661560058594,90.0701904296875,406.3238830566406,0.05578478798270225,8.702878952026367,-0.41195547857093395,-0.45855478799924126,-0.259196612879526,-0.2546928348459348,-0.8739193958317597,CIV,0.4351,NA,NA,30258,39.7101231329214,NA,NA,-0.6726563562457385,-0.49264265341209884
2,2021,DHS 2021,34,Djekanou,CIV.6.1.2_1,Bélier,djekanou,761.9719510492984,183.89996337890625,184.63687133789065,93.04661560058594,90.0701904296875,492.1231994628906,0.12342458218336104,8.906558990478516,-0.41195547857093395,0.19200588574313945,-0.014181674274774006,0.8306967273835028,-0.8739193958317597,CIV,0.4351,NA,NA,30258,39.7101231329214,NA,NA,-0.6726563562457385,-0.49264265341209884
1,2011,DHS 2011-12,35,Tiebissou,CIV.6.1.3_1,Bélier,tiebissou,2323.4365910049496,203.63662719726565,201.57420349121097,74.80607604980469,80.07264709472656,376.0227355957031,0.0875345841050148,8.736685752868652,-0.25318775890570605,-0.6883087736139654,-0.14229095215263846,-0.07453993893411345,-1.1392344100038678,CIV,0.4351,NA,NA,112685,48.49927922985007,NA,NA,-0.44964198728790283,-0.49264265341209884
2,2021,DHS 2021,35,Tiebissou,CIV.6.1.3_1,Bélier,tiebissou,2323.4365910049496,203.63662719726565,201.57420349121097,74.80607604980469,80.07264709472656,305.65557861328125,0.09923264384269714,8.939473152160645,-0.25318775890570605,-1.2218573725219815,-0.1000761128462478,1.0060928428340004,-1.1392344100038678,CIV,0.4351,NA,NA,112685,48.49927922985007,NA,NA,-0.44964198728790283,-0.49264265341209884
1,2011,DHS 2011-12,36,Toumodi,CIV.6.1.4_1,Bélier,toumodi,1927.8599759127617,136.42770385742188,133.69544982910156,66.5544662475586,68.23766326904297,391.4629821777344,0.08810646831989288,8.775468826293945,-0.7938367560222358,-0.571235379094204,-0.14021665680197123,0.1321309916435062,-1.2592569545964079,CIV,0.4351,NA,NA,145892,75.67562054444655,NA,NA,0.049622175074779756,-0.49264265341209884
2,2021,DHS 2021,36,Toumodi,CIV.6.1.4_1,Bélier,toumodi,1927.8599759127617,136.42770385742188,133.69544982910156,66.5544662475586,68.23766326904297,486.43646240234375,0.15283417701721191,8.96804428100586,-0.7938367560222358,0.14888703994735117,0.08778101895246379,1.1583453918092115,-1.2592569545964079,CIV,0.4351,NA,NA,145892,75.67562054444655,NA,NA,0.049622175074779756,-0.49264265341209884
1,2011,DHS 2011-12,37,Daoukro,CIV.6.2.1_1,Iffou,daoukro,3826.409282942487,202.9245452880859,196.8004608154297,148.85562133789065,159.76205444335938,364.4146423339844,0.05142378062009811,8.814162254333496,-0.2589159621104525,-0.7763254302671649,-0.2755282467769997,0.3383242113628305,-0.062157928639300426,CIV,0.4351,NA,NA,181574,47.45284327252379,NA,NA,-0.4740185744149621,-0.49264265341209884
2,2021,DHS 2021,37,Daoukro,CIV.6.2.1_1,Iffou,daoukro,3826.409282942487,202.9245452880859,196.8004608154297,148.85562133789065,159.76205444335938,428.3847961425781,0.08923134207725525,8.987192153930664,-0.2589159621104525,-0.2912811652980452,-0.13613977867556662,1.2603823983289313,-0.062157928639300426,CIV,0.4351,NA,NA,181574,47.45284327252379,NA,NA,-0.4740185744149621,-0.49264265341209884
1,2011,DHS 2011-12,38,M'Bahiakro,CIV.6.2.2_1,Iffou,m'bahiakro,2581.183674623919,181.67288208007813,181.158447265625,150.40293884277344,149.8939666748047,316.88922119140625,0.01503183133900165,8.846787452697754,-0.4298707971160622,-1.1366799330001702,-0.41451514428508196,0.5121804715998868,-0.03965165547814583,CIV,0.4351,NA,NA,91049,35.274126709818866,NA,NA,-0.8042782811142163,-0.49264265341209884
2,2021,DHS 2021,38,M'Bahiakro,CIV.6.2.2_1,Iffou,m'bahiakro,2581.183674623919,181.67288208007813,181.158447265625,150.40293884277344,149.8939666748047,379.581787109375,0.04871629551053047,9.024615287780762,-0.4298707971160622,-0.6613227899534994,-0.285701685521333,1.4598063535456025,-0.03965165547814583,CIV,0.4351,NA,NA,91049,35.274126709818866,NA,NA,-0.8042782811142163,-0.49264265341209884
1,2011,DHS 2011-12,39,Prikro,CIV.6.2.3_1,Iffou,prikro,2644.599848454471,216.69207763671875,214.75125122070313,172.88124084472656,175.5324249267578,348.9793701171875,0.01040020119398832,8.8568754196167,-0.1481657493831937,-0.8933611073955313,-0.4325605509785532,0.5659381892493338,0.28730309263168674,CIV,0.4351,NA,NA,103289,39.056570339124484,NA,NA,-0.6911199155963835,-0.49264265341209884
2,2021,DHS 2021,39,Prikro,CIV.6.2.3_1,Iffou,prikro,2644.599848454471,216.69207763671875,214.75125122070313,172.88124084472656,175.5324249267578,430.2790222167969,0.05506457388401031,8.976366996765137,-0.1481657493831937,-0.2769184752128551,-0.2618891029702032,1.2026962711745663,0.28730309263168674,CIV,0.4351,NA,NA,103289,39.056570339124484,NA,NA,-0.6911199155963835,-0.49264265341209884
1,2011,DHS 2011-12,40,Arrah,CIV.6.3.1_1,Moronou,arrah,1551.957846755582,165.1442413330078,166.1634521484375,133.9622344970703,142.8570098876953,405.59912109375,0.04229867458343506,8.788766860961914,-0.5628322046127552,-0.4640501887859849,-0.30992134328055676,0.20299482364425195,-0.2787874384047447,CIV,0.4351,NA,NA,91704,59.08923376476376,NA,NA,-0.22846294865086006,-0.49264265341209884
2,2021,DHS 2021,40,Arrah,CIV.6.3.1_1,Moronou,arrah,1551.957846755582,165.1442413330078,166.1634521484375,133.9622344970703,142.8570098876953,481.81005859375,0.1546923965215683,8.968766212463379,-0.5628322046127552,0.11380801478971224,0.09413579304897908,1.162192488827611,-0.2787874384047447,CIV,0.4351,NA,NA,91704,59.08923376476376,NA,NA,-0.22846294865086006,-0.49264265341209884
1,2011,DHS 2011-12,41,Bongouanou,CIV.6.3.2_1,Moronou,bongouanou,1555.273615969605,186.08201599121097,175.81600952148438,112.12364959716795,110.2119369506836,404.2229309082031,0.10707192122936247,8.788951873779297,-0.39440238445971393,-0.4744849480801954,-0.07203713900363935,0.203980737543287,-0.5964372779879284,CIV,0.4351,NA,NA,164634,105.85532880486893,NA,NA,0.4282603765130925,-0.49264265341209884
2,2021,DHS 2021,41,Bongouanou,CIV.6.3.2_1,Moronou,bongouanou,1555.273615969605,186.08201599121097,175.81600952148438,112.12364959716795,110.2119369506836,496.9876708984375,0.20347756147384644,8.969073295593262,-0.39440238445971393,0.22889002360183472,0.2574125490465468,1.163828902618793,-0.5964372779879284,CIV,0.4351,NA,NA,164634,105.85532880486893,NA,NA,0.4282603765130925,-0.49264265341209884
1,2011,DHS 2011-12,42,M’Batto,CIV.6.3.3_1,Moronou,m’batto,2446.451556744047,117.24301147460938,115.20710754394533,140.68905639648438,137.41990661621094,416.915771484375,0.05574319511651993,8.80348014831543,-0.9481642497734668,-0.3782433547574601,-0.2593520560791418,0.28140038876957507,-0.18094346604813477,CIV,0.4351,NA,NA,NA,82.47228128481635,NA,NA,0.1465152773199131,-0.49264265341209884
2,2021,DHS 2021,42,M’Batto,CIV.6.3.3_1,Moronou,m’batto,2446.451556744047,117.24301147460938,115.20710754394533,140.68905639648438,137.41990661621094,554.9881591796875,0.12412022054195404,8.986560821533203,-0.9481642497734668,0.6686701793664374,-0.011739228687243256,1.2570180941992344,-0.18094346604813477,CIV,0.4351,NA,NA,NA,82.47228128481635,NA,NA,0.1465152773199131,-0.49264265341209884
1,2011,DHS 2011-12,43,Bocanda,CIV.6.4.1_1,N'zi,bocanda,2201.176134364731,144.7742462158203,142.77679443359375,120.67445373535156,119.6282730102539,374.8551330566406,0.05642277747392654,8.814833641052246,-0.7266946336489771,-0.6971619478150186,-0.2568130497210411,0.3419019607696381,-0.47206284735284676,CIV,0.4351,NA,NA,144852,65.80663752371862,NA,NA,-0.10756534345465152,-0.49264265341209884
2,2021,DHS 2021,43,Bocanda,CIV.6.4.1_1,N'zi,bocanda,2201.176134364731,144.7742462158203,142.77679443359375,120.67445373535156,119.6282730102539,461.2365112304687,0.1064511612057686,8.995545387268066,-0.7266946336489771,-0.04218787648934802,-0.07425017978351395,1.3048959026673228,-0.47206284735284676,CIV,0.4351,NA,NA,144852,65.80663752371862,NA,NA,-0.10756534345465152,-0.49264265341209884
1,2011,DHS 2011-12,44,Dimbokro,CIV.6.4.2_1,N'zi,dimbokro,1616.6265789280822,112.30621337890624,123.87092590332033,61.28998565673828,67.825592041015625,381.621826171875,0.12930840253829956,8.826214790344238,-0.9878773534325218,-0.6458544943708542,0.006429388850329598,0.4025509116515156,-1.3358306622257117,CIV,0.4351,NA,NA,103934,64.29066635098522,NA,NA,-0.13375161287487083,-0.49264265341209884
2,2021,DHS 2021,44,Dimbokro,CIV.6.4.2_1,N'zi,dimbokro,1616.6265789280822,112.30621337890624,123.87092590332033,61.28998565673828,67.825592041015625,444.0711059570313,0.23242199420928955,9.015830039978027,-0.9878773534325218,-0.172342032576948,0.3511851207841891,1.41299068943266,-1.3358306622257117,CIV,0.4351,NA,NA,103934,64.29066635098522,NA,NA,-0.13375161287487083,-0.49264265341209884
1,2011,DHS 2011-12,45,Kouassi-Kouassikro,CIV.6.4.3_1,N'zi,kouassi kouassikro,1154.7300817806513,163.45550537109375,161.57899475097656,112.28884887695313,115.66016387939452,313.615966796875,0.02692980878055095,8.8126859664917,-0.576416909720837,-1.1614989021182196,-0.3685339553701902,0.3304572282921797,-0.5940343968047592,CIV,0.4351,NA,NA,33797,29.268311732109154,NA,NA,-1.010775523477061,-0.49264265341209884
2,2021,DHS 2021,45,Kouassi-Kouassikro,CIV.6.4.3_1,N'zi,kouassi kouassikro,1154.7300817806513,163.45550537109375,161.57899475097656,112.28884887695313,115.66016387939452,357.4520263671875,0.10923359543085098,8.993793487548828,-0.576416909720837,-0.829118439863205,-0.06434033426003707,1.2955602128089343,-0.5940343968047592,CIV,0.4351,NA,NA,33797,29.268311732109154,NA,NA,-1.010775523477061,-0.49264265341209884
1,2011,DHS 2011-12,46,Agboville,CIV.7.1.1_1,Agnéby-Tiassa,agboville,3912.269017464578,76.5176773071289,78.04094696044922,122.60006713867188,123.74513244628906,482.7594299316406,0.0777222290635109,8.7911529541015625,-1.2757712099913634,0.12100648306521053,-0.17805251851237355,0.2157100637235596,-0.4440541283141576,CIV,0.3716,NA,NA,333412,85.22215586699969,NA,NA,0.18349306085940378,-0.9760424044696447
2,2021,DHS 2021,46,Agboville,CIV.7.1.1_1,Agnéby-Tiassa,agboville,3912.269017464578,76.5176773071289,78.04094696044922,122.60006713867188,123.74513244628906,617.8275146484375,0.15141181647777557,8.959904670715332,-1.2757712099913634,1.145140332551819,0.0829098787600132,1.1149702622820767,-0.4440541283141576,CIV,0.3716,NA,NA,333412,85.22215586699969,NA,NA,0.18349306085940378,-0.9760424044696447
1,2011,DHS 2011-12,47,Sikensi,CIV.7.1.2_1,Agnéby-Tiassa,sikensi,791.7832226322445,83.994781494140625,83.95771026611328,101.94805908203124,100.8683853149414,507.6966552734375,0.09052608162164688,8.779021263122559,-1.215623112400174,0.3100893196091527,-0.13145246499733326,0.15106155491106055,-0.7444447935670078,CIV,0.3716,NA,NA,89527,113.0700896924437,NA,NA,0.5028001882627443,-0.9760424044696447
2,2021,DHS 2021,47,Sikensi,CIV.7.1.2_1,Agnéby-Tiassa,sikensi,791.7832226322445,83.994781494140625,83.95771026611328,101.94805908203124,100.8683853149414,608.529296875,0.16575898230075836,8.95191478729248,-1.215623112400174,1.0746379664181624,0.13177099007446896,1.0723930115289035,-0.7444447935670078,CIV,0.3716,NA,NA,89527,113.0700896924437,NA,NA,0.5028001882627443,-0.9760424044696447
1,2011,DHS 2011-12,48,Taabo,CIV.7.1.3_1,Agnéby-Tiassa,taabo,1158.3595603978192,109.97798919677734,105.25666809082033,93.57164764404295,91.32279205322266,432.9949951171875,0.07460128515958786,8.77209186553955,-1.0066062960576778,-0.256325010906239,-0.18949521651787865,0.11413552197091291,-0.8662826215103201,CIV,0.3716,NA,NA,64395,55.5915470476927,NA,NA,-0.2968807780865993,-0.9760424044696447
2,2021,DHS 2021,48,Taabo,CIV.7.1.3_1,Agnéby-Tiassa,taabo,1158.3595603978192,109.97798919677734,105.25666809082033,93.57164764404295,91.32279205322266,597.99462890625,0.11349407583475112,8.959663391113281,-1.0066062960576778,0.9947603988749432,-0.04921438750269059,1.1136845085890053,-0.8662826215103201,CIV,0.3716,NA,NA,64395,55.5915470476927,NA,NA,-0.2968807780865993,-0.9760424044696447
1,2011,DHS 2011-12,49,Tiassalé,CIV.7.1.4_1,Agnéby-Tiassa,tiassalé,2435.2281204680353,72.32169342041016,76.30180358886719,91.4056167602539,104.02088928222656,454.3970031738281,0.04069528356194496,8.790486335754395,-1.309524979097299,-0.09404743849712185,-0.31599571328672726,0.212157724468789,-0.8977882967141603,CIV,0.3716,NA,NA,NA,84.62793086904536,NA,NA,0.17560336124370163,-0.9760424044696447
2,2021,DHS 2021,49,Tiassalé,CIV.7.1.4_1,Agnéby-Tiassa,tiassalé,2435.2281204680353,72.32169342041016,76.30180358886719,91.4056167602539,104.02088928222656,567.0750732421875,0.09875115752220154,8.969788551330566,-1.309524979097299,0.7603174241852022,-0.10180477129037292,1.1676404254243409,-0.8977882967141603,CIV,0.3716,NA,NA,NA,84.62793086904536,NA,NA,0.17560336124370163,-0.9760424044696447
1,2011,DHS 2011-12,50,Dabou,CIV.7.2.1_1,Grands Ponts,dabou,1505.5951772686117,42.48819351196289,46.74580764770508,115.6318359375,124.66458892822266,506.03857421875,0.13091576099395752,8.743549346923828,-1.5495147156449158,0.29751716433754727,0.012041302997414644,-0.037964566092076206,-0.5454094832227386,CIV,0.3716,NA,NA,169920,112.85902250846858,NA,NA,0.500687289850598,-0.9760424044696447
2,2021,DHS 2021,50,Dabou,CIV.7.2.1_1,Grands Ponts,dabou,1505.5951772686117,42.48819351196289,46.74580764770508,115.6318359375,124.66458892822266,605.67010498046875,0.24928465485572815,8.88654899597168,-1.5495147156449158,1.052958565192426,0.4048057689208553,0.7240655653754959,-0.5454094832227386,CIV,0.3716,NA,NA,169920,112.85902250846858,NA,NA,0.500687289850598,-0.9760424044696447
1,2011,DHS 2011-12,51,Grand-Lahou,CIV.7.2.2_1,Grands Ponts,grand lahou,2179.177795384586,27.90131187438965,27.906614303588867,131.6924285888672,132.0605926513672,370.8650512695313,0.02682450599968433,8.7424468994140625,-1.666856022967067,-0.7274161550096105,-0.36893856952458465,-0.043839393243027304,-0.31180255755877506,CIV,0.3716,NA,NA,172705,79.25236773510748,NA,NA,0.10163622060306217,-0.9760424044696447
2,2021,DHS 2021,51,Grand-Lahou,CIV.7.2.2_1,Grands Ponts,grand lahou,2179.177795384586,27.90131187438965,27.906614303588867,131.6924285888672,132.0605926513672,489.4263916015625,0.06111761182546615,8.9132232666015625,-1.666856022967067,0.17155773752116163,-0.23931704037227952,0.866209955870394,-0.31180255755877506,CIV,0.3716,NA,NA,172705,79.25236773510748,NA,NA,0.10163622060306217,-0.9760424044696447
1,2011,DHS 2011-12,52,Jacqueville,CIV.7.2.3_1,Grands Ponts,jacqueville,624.7439303661273,9.140555381774902,9.465750694274902,135.6565704345703,144.81292724609375,471.2413940429687,0.0776154026389122,8.739666938781738,-1.8177732476277166,0.03367267317278701,-0.17844364128359086,-0.058653511880589974,-0.25414273082805067,CIV,0.3716,NA,NA,64263,102.86294412230474,NA,NA,0.39585612480086013,-0.9760424044696447
2,2021,DHS 2021,52,Jacqueville,CIV.7.2.3_1,Grands Ponts,jacqueville,624.7439303661273,9.140555381774902,9.465750694274902,135.6565704345703,144.81292724609375,557.8712158203125,0.1305852085351944,8.879573822021484,-1.8177732476277166,0.690530531512854,0.010887867437684204,0.6868955949757932,-0.25414273082805067,CIV,0.3716,NA,NA,64263,102.86294412230474,NA,NA,0.39585612480086013,-0.9760424044696447
1,2011,DHS 2011-12,53,Adzope,CIV.7.3.1_1,La Mé,adzope,1914.033962226691,106.9375228881836,107.18017578125,157.00479125976565,158.17575073242188,470.2341918945313,0.13450157642364502,8.7766571044921875,-1.031064730724095,0.026035711297943114,0.02453208975116742,0.13846320153112304,0.0563745921391532,CIV,0.3716,NA,NA,220882,115.40129608935307,NA,NA,0.5258802039919627,-0.9760424044696447
2,2021,DHS 2021,53,Adzope,CIV.7.3.1_1,La Mé,adzope,1914.033962226691,106.9375228881836,107.18017578125,157.00479125976565,158.17575073242188,617.3056640625,0.23681814968585968,8.936457633972168,-1.031064730724095,1.1411834773809353,0.36523458922116203,0.9900234626858107,0.0563745921391532,CIV,0.3716,NA,NA,220882,115.40129608935307,NA,NA,0.5258802039919627,-0.9760424044696447
1,2011,DHS 2011-12,54,Akoupe,CIV.7.3.2_1,La Mé,akoupe,1729.073649798907,137.7979278564453,132.9525146484375,143.62852478027344,146.66928100585938,405.610107421875,0.07778345048427582,8.778631210327148,-0.7828142579061583,-0.463966886571861,-0.1778283864681391,0.14898300447443513,-0.13818787245769978,CIV,0.3716,NA,NA,135856,78.57155189184694,NA,NA,0.09191662762115511,-0.9760424044696447
2,2021,DHS 2021,54,Akoupe,CIV.7.3.2_1,La Mé,akoupe,1729.073649798907,137.7979278564453,132.9525146484375,143.62852478027344,146.66928100585938,582.902587890625,0.12172570079565048,8.954194068908691,-0.7828142579061583,0.8803272217528298,-0.02015295438592306,1.0845390642025827,-0.13818787245769978,CIV,0.3716,NA,NA,135856,78.57155189184694,NA,NA,0.09191662762115511,-0.9760424044696447
1,2011,DHS 2011-12,55,Alépé,CIV.7.3.3_1,La Mé,alépé,2217.9633908335672,55.735652923583984,67.18891906738281,211.04588317871097,228.27978515625,528.34918212890625,0.03226945921778679,8.778302192687988,-1.4429481276188159,0.46668406124974743,-0.34807115137010386,0.1472297039838831,0.8424211357972918,CIV,0.3716,NA,NA,NA,82.99918657534087,NA,NA,0.15369405891986987,-0.9760424044696447
2,2021,DHS 2021,55,Alépé,CIV.7.3.3_1,La Mé,alépé,2217.9633908335672,55.735652923583984,67.18891906738281,211.04588317871097,228.27978515625,711.92315673828125,0.06316445767879486,8.921197891235352,-1.4429481276188159,1.8586066732898379,-0.23171337828821048,0.9087058941370489,0.8424211357972918,CIV,0.3716,NA,NA,NA,82.99918657534087,NA,NA,0.15369405891986987,-0.9760424044696447
1,2011,DHS 2011-12,56,Yakasse-Attobrou,CIV.7.3.4_1,La Mé,yakasse attobrou,1582.1073339505713,129.9798583984375,126.80963897705078,245.27235412597656,262.6358337402344,498.9850769042969,0.0168636254966259,8.766393661499023,-0.8457051837209673,0.24403506031467148,-0.40740095940121357,0.08377039028671497,1.3402571016224414,CIV,0.3716,NA,NA,87055,55.02471174482262,NA,NA,-0.30836540888067043,-0.9760424044696447
2,2021,DHS 2021,56,Yakasse-Attobrou,CIV.7.3.4_1,La Mé,yakasse attobrou,1582.1073339505713,129.9798583984375,126.80963897705078,245.27235412597656,262.6358337402344,630.79547119140625,0.04295704513788223,8.92667007446289,-0.8457051837209673,1.2434679521532395,-0.3074298437381692,0.9378665846146937,1.3402571016224414,CIV,0.3716,NA,NA,87055,55.02471174482262,NA,NA,-0.30836540888067043,-0.9760424044696447
1,2011,DHS 2011-12,57,Blolequin,CIV.8.1.1_1,Cavally,blolequin,2980.8335239186076,274.094482421875,272.59747314453125,175.22332763671875,176.58917236328125,579.09613037109375,0.00291947019286453,8.408918380737305,0.31359663330287824,0.8514653185093022,-0.4618818373484765,-1.8211778876220304,0.32136956246827114,CIV,0.5822,NA,NA,140772,47.225716857525455,NA,NA,-0.47937895773225353,0.6271699982503426
2,2021,DHS 2021,57,Blolequin,CIV.8.1.1_1,Cavally,blolequin,2980.8335239186076,274.094482421875,272.59747314453125,175.22332763671875,176.58917236328125,605.25787353515625,0.01379267033189535,8.634326934814453,0.31359663330287824,1.049832881002467,-0.41933498883317843,-0.6199993445904562,0.32136956246827114,CIV,0.5822,NA,NA,140772,47.225716857525455,NA,NA,-0.47937895773225353,0.6271699982503426
1,2011,DHS 2011-12,58,Guiglo,CIV.8.1.2_1,Cavally,guiglo,3279.5054633867016,244.17054748535156,245.74754333496097,156.06787109375,158.27435302734375,572.1796875,0.01651932299137115,8.44904899597168,0.07287940991565875,0.7990224096076217,-0.4087371571297813,-1.6073260480787586,0.042746761315808374,CIV,0.5822,NA,NA,201674,61.49524745469823,NA,NA,-0.18367347549860133,0.6271699982503426
2,2021,DHS 2021,58,Guiglo,CIV.8.1.2_1,Cavally,guiglo,3279.5054633867016,244.17054748535156,245.74754333496097,156.06787109375,158.27435302734375,540.6995849609375,0.05410286411643028,8.67812728881836,0.07287940991565875,0.5603291708372496,-0.26548728159012863,-0.38659185203952023,0.042746761315808374,CIV,0.5822,NA,NA,201674,61.49524745469823,NA,NA,-0.18367347549860133,0.6271699982503426
1,2011,DHS 2011-12,59,Taï,CIV.8.1.3_1,Cavally,taï,4253.084509163929,216.1890106201172,211.52281188964844,414.5097351074219,459.68560791015625,694.9371337890625,0.00215837801806628,8.494704246520996,-0.15221257329425017,1.7298126572428485,-0.4648772437815339,-1.364034006385435,3.8018738760900317,CIV,0.5822,NA,NA,NA,63.15405302090618,NA,NA,-0.1537869725909142,0.6271699982503426
2,2021,DHS 2021,59,Taï,CIV.8.1.3_1,Cavally,taï,4253.084509163929,216.1890106201172,211.52281188964844,414.5097351074219,459.68560791015625,647.40838623046875,0.00538727361708879,8.732209205627441,-0.15221257329425017,1.3694329324505665,-0.45218499233977527,-0.09839498966643564,3.8018738760900317,CIV,0.5822,NA,NA,NA,63.15405302090618,NA,NA,-0.1537869725909142,0.6271699982503426
1,2011,DHS 2011-12,60,Toulepleu,CIV.8.1.4_1,Cavally,toulepleu,805.6729925909513,244.8180135091146,268.07708740234375,248.60031127929688,131.0706329345703,543.35272216796875,0.02676274627447128,8.395063400268555,0.07808782330809567,0.5804461927580851,-0.3691758936641286,-1.895009625380696,1.388663399958037,CIV,0.5822,NA,NA,65051,80.74119475049487,NA,NA,0.12260708289507603,0.6271699982503426
2,2021,DHS 2021,60,Toulepleu,CIV.8.1.4_1,Cavally,toulepleu,805.6729925909513,244.8180135091146,268.07708740234375,248.60031127929688,131.0706329345703,632.02325439453125,0.05795161426067352,8.626238822937012,0.07808782330809567,1.25277743737166,-0.2511070856961259,-0.6631000444755915,1.388663399958037,CIV,0.5822,NA,NA,65051,80.74119475049487,NA,NA,0.12260708289507603,0.6271699982503426
1,2011,DHS 2011-12,61,Bangolo,CIV.8.2.1_1,Guémon,bangolo,2124.832308872352,295.9925842285156,295.99224853515625,111.1842803955078,115.69935607910156,554.054443359375,0.00469430023804307,8.441471099853516,0.4897516167810504,0.6615904167460657,-0.45490551661557443,-1.6477078616959362,-0.6101007308894975,CIV,0.5822,NA,NA,363104,170.8859557922946,NA,NA,0.9705683281078454,0.6271699982503426
2,2021,DHS 2021,61,Bangolo,CIV.8.2.1_1,Guémon,bangolo,2124.832308872352,295.9925842285156,295.99224853515625,111.1842803955078,115.69935607910156,526.6531982421875,0.04092909395694733,8.659489631652832,0.4897516167810504,0.4538245133394147,-0.31510935119890826,-0.48590997229128263,-0.6101007308894975,CIV,0.5822,NA,NA,363104,170.8859557922946,NA,NA,0.9705683281078454,0.6271699982503426
1,2011,DHS 2011-12,62,Duékoué,CIV.8.2.2_1,Guémon,duékoué,3044.3329034282874,241.79129028320313,239.4032745361328,97.50983428955078,108.4756088256836,559.36114501953125,0.01410098932683467,8.514033317565918,0.05373994217386196,0.7018277001182858,-0.4181351999678772,-1.2610314140883097,-0.8090003222254525,CIV,0.5822,NA,NA,NA,125.63466438443291,NA,NA,0.6220109914757411,0.6271699982503426
2,2021,DHS 2021,62,Duékoué,CIV.8.2.2_1,Guémon,duékoué,3044.3329034282874,241.79129028320313,239.4032745361328,97.50983428955078,108.4756088256836,516.7225341796875,0.10367318242788316,8.733572959899902,0.05373994217386196,0.37852671641269425,-0.08416904899457553,-0.09112768618385772,-0.8090003222254525,CIV,0.5822,NA,NA,NA,125.63466438443291,NA,NA,0.6220109914757411,0.6271699982503426
1,2011,DHS 2011-12,63,Facobly,CIV.8.2.3_1,Guémon,facobly,1038.9441742054505,310.0359191894531,302.2371826171875,40.525543212890625,46.00454330444336,466.0696716308594,0.00943654403090477,8.444803237915039,0.60272046950929,-0.005541149940905328,-0.4363254734524376,-1.6299512474524906,-1.6378567248829103,CIV,0.5822,NA,NA,77418,74.51603456865878,NA,NA,0.0322370390101286,0.6271699982503426
2,2021,DHS 2021,63,Facobly,CIV.8.2.3_1,Guémon,facobly,1038.9441742054505,310.0359191894531,302.2371826171875,40.525543212890625,46.00454330444336,447.4751281738281,0.0802602618932724,8.61430835723877,0.60272046950929,-0.1465315357157859,-0.16877142307400353,-0.7266762448721297,-1.6378567248829103,CIV,0.5822,NA,NA,77418,74.51603456865878,NA,NA,0.0322370390101286,0.6271699982503426
1,2011,DHS 2011-12,64,Kouibly,CIV.8.2.4_1,Guémon,kouibly,1012.129071601847,292.6447448730469,290.0807189941406,88.99443817138672,87.92736053466797,517.26129150390625,0.00438017724081873,8.455355644226074,0.46282057994701153,0.382611764435313,-0.4561393411991115,-1.5737185809946412,-0.9328597308510623,CIV,0.5822,NA,NA,133097,131.50200279234537,NA,NA,0.6736816593451245,0.6271699982503426
2,2021,DHS 2021,64,Kouibly,CIV.8.2.4_1,Guémon,kouibly,1012.129071601847,292.6447448730469,290.0807189941406,88.99443817138672,87.92736053466797,472.221435546875,0.14368374645709991,8.690570831298828,0.46282057994701153,0.041103693462714856,0.056338038317361186,-0.32028151928380233,-0.9328597308510623,CIV,0.5822,NA,NA,133097,131.50200279234537,NA,NA,0.6736816593451245,0.6271699982503426
1,2011,DHS 2011-12,65,Biankouma,CIV.8.3.1_1,Tonkpi,biankouma,3543.134386880896,566.23699951171875,540.96929931640625,95.39742279052734,115.91188049316406,490.2024536132813,0.00481346994638443,8.291963577270508,2.6636797923658726,0.17744211336885632,-0.4544375381095037,-2.4444177686635866,-0.8397260847633662,CIV,0.5822,NA,NA,151996,42.89873976070257,NA,NA,-0.5866263892132523,0.6271699982503426
2,2021,DHS 2021,65,Biankouma,CIV.8.3.1_1,Tonkpi,biankouma,3543.134386880896,566.23699951171875,540.96929931640625,95.39742279052734,115.91188049316406,477.8223876953125,0.0214534979313612,8.46826171875,2.6636797923658726,0.08357208780321926,-0.3896312913018497,-1.5049434634913357,-0.8397260847633662,CIV,0.5822,NA,NA,151996,42.89873976070257,NA,NA,-0.5866263892132523,0.6271699982503426
1,2011,DHS 2011-12,66,Danané,CIV.8.3.2_1,Tonkpi,danané,3226.6583235853213,410.2860412597656,442.6899108886719,81.02214050292969,92.701324462890625,616.22210693359375,0.00977620854973793,8.224346160888672,1.4091629069823572,1.1329675651179296,-0.4349980245085363,-2.8047438886088587,-1.0488195829706972,CIV,0.5822,NA,NA,NA,98.37719696952747,NA,NA,0.3454882747826899,0.6271699982503426
2,2021,DHS 2021,66,Danané,CIV.8.3.2_1,Tonkpi,danané,3226.6583235853213,410.2860412597656,442.6899108886719,81.02214050292969,92.701324462890625,662.10089111328125,0.08836159110069275,8.359283447265625,1.4091629069823572,1.4808366857190418,-0.1392916463000057,-2.085677242205422,-1.0488195829706972,CIV,0.5822,NA,NA,NA,98.37719696952747,NA,NA,0.3454882747826899,0.6271699982503426
1,2011,DHS 2011-12,67,Man,CIV.8.3.3_1,Tonkpi,man,2703.1980851789617,426.4403991699219,418.3512268066406,49.55259323120117,61.63636779785156,535.380859375,0.0689508244395256,8.325359344482422,1.539113469633459,0.5200007178195717,-0.21029699848595987,-2.266455227857353,-1.5065551316996202,CIV,0.5822,NA,NA,381384,141.08622009280202,NA,NA,0.75335422069307445,0.6271699982503426
2,2021,DHS 2021,67,Man,CIV.8.3.3_1,Tonkpi,man,2703.1980851789617,426.4403991699219,418.3512268066406,49.55259323120117,61.63636779785156,584.1116943359375,0.31662872433662415,8.468653678894043,1.539113469633459,0.88949509320724,0.6119662130991812,-1.5028547489938955,-1.5065551316996202,CIV,0.5822,NA,NA,381384,141.08622009280202,NA,NA,0.75335422069307445,0.6271699982503426
1,2011,DHS 2011-12,68,Sipilou,CIV.8.3.4_1,Tonkpi,sipilou,1207.1666197484017,505.9284057617187,505.69378662109375,120.49603271484376,124.9147491455078,531.7734375,0.00149922701530158,8.039900779724121,2.1785391427593654,0.4926479730219214,-0.467473282367033,-3.787633979551503,-0.4746580433695458,CIV,0.5822,NA,NA,47787,39.586084653301455,NA,NA,-0.6761376771614237,0.6271699982503426
2,2021,DHS 2021,68,Sipilou,CIV.8.3.4_1,Tonkpi,sipilou,1207.1666197484017,505.9284057617187,505.69378662109375,120.49603271484376,124.9147491455078,497.3011474609375,0.01486532017588615,8.30531120300293,2.1785391427593654,0.23126691344483574,-0.4151624643080277,-2.3732896710816562,-0.4746580433695458,CIV,0.5822,NA,NA,47787,39.586084653301455,NA,NA,-0.6761376771614237,0.6271699982503426
1,2011,DHS 2011-12,69,Zouan-Hounien,CIV.8.3.5_1,Tonkpi,zouan hounien,1310.1856926128708,271.2033386230469,270.66619873046875,99.94002532958984,102.04308319091795,552.12005615234375,0.03967956826090813,8.38143539428711,0.2903393942685275,0.646923210789245,-0.31984854600821216,-1.9676318399024013,-0.7736523453504329,CIV,0.5822,NA,NA,222650,169.93774337130384,NA,NA,0.9642573963166828,0.6271699982503426
2,2021,DHS 2021,69,Zouan-Hounien,CIV.8.3.5_1,Tonkpi,zouan hounien,1310.1856926128708,271.2033386230469,270.66619873046875,99.94002532958984,102.04308319091795,585.06884765625,0.22372128069400787,8.567117691040039,0.2903393942685275,0.8967525672177427,0.3232305577400663,-0.9781503555213625,-0.7736523453504329,CIV,0.5822,NA,NA,222650,169.93774337130384,NA,NA,0.9642573963166828,0.6271699982503426
1,2011,DHS 2011-12,70,Daloa,CIV.9.1.1_1,Haut-Sassandra,daloa,3774.82704765822,245.5240936279297,244.54310607910156,108.29063415527344,120.39925384521484,398.256103515625,0.1684974730014801,8.59550666809082,0.08376774628783179,-0.5197275375460638,0.14102889296072438,-0.8268684743539644,-0.6521898254088514,CIV,0.5822,NA,NA,675278,178.8897852734526,NA,NA,1.0224918898547237,0.6271699982503426
2,2021,DHS 2021,70,Daloa,CIV.9.1.1_1,Haut-Sassandra,daloa,3774.82704765822,245.5240936279297,244.54310607910156,108.29063415527344,120.39925384521484,404.3176879882813,0.3045893907546997,8.777520179748535,0.08376774628783179,-0.47376646648337667,0.5757208828847438,0.14306243904981744,-0.6521898254088514,CIV,0.5822,NA,NA,675278,178.8897852734526,NA,NA,1.0224918898547237,0.6271699982503426
1,2011,DHS 2011-12,71,Issia,CIV.9.1.2_1,Haut-Sassandra,issia,3710.233023805707,221.15150451660156,221.4177398681641,112.5719985961914,126.21829986572266,527.16448974609375,0.06972786784172058,8.62580680847168,-0.11229276480744137,0.45770130582672375,-0.20742985469883232,-0.6654022042501423,-0.5899158853120817,CIV,0.5822,NA,NA,374260,100.87237044106446,NA,NA,0.37377910023873956,0.6271699982503426
2,2021,DHS 2021,71,Issia,CIV.9.1.2_1,Haut-Sassandra,issia,3710.233023805707,221.15150451660156,221.4177398681641,112.5719985961914,126.21829986572266,504.1918640136719,0.0566895343363285,8.77631664276123,-0.11229276480744137,0.2835147563284429,-0.2558168584268643,0.13664891667568224,-0.5899158853120817,CIV,0.5822,NA,NA,374260,100.87237044106446,NA,NA,0.37377910023873956,0.6271699982503426
1,2011,DHS 2011-12,72,Vavoua,CIV.9.1.3_1,Haut-Sassandra,vavoua,6255.592942863742,271.2021789550781,276.5925598144531,150.9072723388672,160.24205017089844,463.223388671875,0.0083384970203042,8.58815860748291,0.2903300655470849,-0.027122671065046212,-0.4406198285254664,-0.8660255186429594,-0.03231594875241736,CIV,0.5822,NA,NA,457582,73.1476622886725,NA,NA,0.011374965239874558,0.6271699982503426
2,2021,DHS 2021,72,Vavoua,CIV.9.1.3_1,Haut-Sassandra,vavoua,6255.592942863742,271.2021789550781,276.5925598144531,150.9072723388672,160.24205017089844,384.3757019042969,0.05759849771857262,8.7802276611328125,0.2903300655470849,-0.6249736374255107,-0.2524242636995363,0.15749032337641794,-0.03231594875241736,CIV,0.5822,NA,NA,457582,73.1476622886725,NA,NA,0.011374965239874558,0.6271699982503426
1,2011,DHS 2011-12,73,Zoukougbeu,CIV.9.1.4_1,Haut-Sassandra,zoukougbeu,1517.398324966074,233.5495147705078,238.56068420410156,171.83084106445313,201.375732421875,498.3005065917969,0.01619631797075271,8.569029808044434,-0.012559403864860806,0.23884440679459762,-0.40999111332988486,-0.9679608845545313,0.27202466121172963,CIV,0.5822,NA,NA,126138,83.1278102292753,NA,NA,0.15543964410662306,0.6271699982503426
2,2021,DHS 2021,73,Zoukougbeu,CIV.9.1.4_1,Haut-Sassandra,zoukougbeu,1517.398324966074,233.5495147705078,238.56068420410156,171.83084106445313,201.375732421875,485.10601806640625,0.05746370553970337,8.745817184448242,-0.012559403864860806,0.13879914181695086,-0.2529271748552677,-0.0258794977832858,0.27202466121172963,CIV,0.5822,NA,NA,126138,83.1278102292753,NA,NA,0.15543964410662306,0.6271699982503426
1,2011,DHS 2011-12,74,Bouaflé,CIV.9.2.1_1,Marahoué,bouaflé,4151.1264000856345,228.14495849609375,226.6602478027344,79.87068939208984,87.94044494628906,381.6180114746094,0.06335115432739258,8.682699203491211,-0.056035296416312635,-0.6458834187507583,-0.23102056267365495,-0.36222859826645837,-1.0655678412631926,CIV,0.5822,NA,NA,NA,162.40995773704356,NA,NA,0.9128767127786255,0.6271699982503426
2,2021,DHS 2021,74,Bouaflé,CIV.9.2.1_1,Marahoué,bouaflé,4151.1264000856345,228.14495849609375,226.6602478027344,79.87068939208984,87.94044494628906,354.41278076171875,0.1942964345216751,8.893166542053223,-0.056035296416312635,-0.852163071820416,0.22719636697433418,0.7593297743724247,-1.0655678412631926,CIV,0.5822,NA,NA,NA,162.40995773704356,NA,NA,0.9128767127786255,0.6271699982503426
1,2011,DHS 2011-12,75,Sinfra,CIV.9.2.2_1,Marahoué,sinfra,1672.6745316924505,224.4243927001953,225.317138671875,53.76679992675781,54.03425979614258,386.9038391113281,0.07925726473331451,8.670945167541504,-0.08596465796979634,-0.6058044095853735,-0.17243658124043787,-0.4248646230376281,-1.4452580244488693,CIV,0.5822,NA,NA,271659,162.40995773704356,NA,NA,0.9128767127786255,0.6271699982503426
2,2021,DHS 2021,75,Sinfra,CIV.9.2.2_1,Marahoué,sinfra,1672.6745316924505,224.4243927001953,225.317138671875,53.76679992675781,54.03425979614258,452.6790771484375,0.17556169629096985,8.888753890991211,-0.08596465796979634,-0.10707335944066311,0.16481081124270772,0.735815219677398,-1.4452580244488693,CIV,0.5822,NA,NA,271659,162.40995773704356,NA,NA,0.9128767127786255,0.6271699982503426
1,2011,DHS 2011-12,76,Zuénoula,CIV.9.2.3_1,Marahoué,zuénoula,3314.7915840259698,247.51043701171875,249.82391357421875,116.636962890625,117.89083862304688,429.5759582519531,0.02929014712572097,8.668081283569336,0.09974649590928208,-0.2822493541267041,-0.35947549054183936,-0.4401259603510418,-0.5307895608750082,CIV,0.5822,NA,NA,NA,162.40995773704356,NA,NA,0.9128767127786255,0.6271699982503426
2,2021,DHS 2021,76,Zuénoula,CIV.9.2.3_1,Marahoué,zuénoula,3314.7915840259698,247.51043701171875,249.82391357421875,116.636962890625,117.89083862304688,320.1692810058594,0.23505814373493197,8.933469772338867,0.09974649590928208,-1.111809362788372,0.35961587172437315,0.9741014614194353,-0.5307895608750082,CIV,0.5822,NA,NA,NA,162.40995773704356,NA,NA,0.9128767127786255,0.6271699982503426
1,2011,DHS 2011-12,77,Boundiali,CIV.10.1.1_1,Bagoué,boundiali,4474.818602256187,396.6572570800781,397.5149230957031,218.01495361328125,219.2647705078125,326.8512878417969,0.01308292709290981,8.64158821105957,1.2995288266771692,-1.061144030578079,-0.4220982625576635,-0.5813047650685345,0.9437886976485662,CIV,0.6043,NA,NA,145733,32.567353663570174,NA,NA,-0.8927518536843476,0.7954083368073774
2,2021,DHS 2021,77,Boundiali,CIV.10.1.1_1,Bagoué,boundiali,4474.818602256187,396.6572570800781,397.5149230957031,218.01495361328125,219.2647705078125,336.5374755859375,0.10889334976673126,8.811910629272461,1.2995288266771692,-0.987699939310654,-0.06555080954037297,0.32632553757096583,0.9437886976485662,CIV,0.6043,NA,NA,145733,32.567353663570174,NA,NA,-0.8927518536843476,0.7954083368073774
1,2011,DHS 2011-12,78,Kouto,CIV.10.1.2_1,Bagoué,kouto,3504.197007002618,383.98382568359375,389.12115478515625,235.9170684814453,238.88999938964844,327.4289855957031,0.00961406528949737,8.656244277954102,1.1975798943919767,-1.0567637224853992,-0.435631643756196,-0.5032041217676552,1.2041812066933015,CIV,0.6043,NA,NA,147920,42.212238554054984,NA,NA,-0.604608264463888,0.7954083368073774
2,2021,DHS 2021,78,Kouto,CIV.10.1.2_1,Bagoué,kouto,3504.197007002618,383.98382568359375,389.12115478515625,235.9170684814453,238.88999938964844,282.6572570800781,0.13349324464797974,8.82813549041748,1.1975798943919767,-1.3962387566432966,0.021023673265650626,0.41278612089201344,1.2041812066933015,CIV,0.6043,NA,NA,147920,42.212238554054984,NA,NA,-0.604608264463888,0.7954083368073774
1,2011,DHS 2011-12,79,Tengréla,CIV.10.1.3_1,Bagoué,tengréla,2327.8924025048454,352.2201843261719,350.33367919921875,269.1476745605469,278.37060546875,330.6219482421875,0.01240449305623769,8.752988815307617,0.9420635136604537,-1.0325535537155717,-0.42474144909535405,0.012337370880340722,1.6875319704291778,CIV,0.6043,NA,NA,NA,37.389796108812575,NA,NA,-0.7396070912152485,0.7954083368073774
2,2021,DHS 2021,79,Tengréla,CIV.10.1.3_1,Bagoué,tengréla,2327.8924025048454,352.2201843261719,350.33367919921875,269.1476745605469,278.37060546875,308.72607421875,0.1432404667139053,8.959024429321289,0.9420635136604537,-1.1985757920445959,0.054808445491941526,1.1102795482160492,1.6875319704291778,CIV,0.6043,NA,NA,NA,37.389796108812575,NA,NA,-0.7396070912152485,0.7954083368073774
1,2011,DHS 2011-12,80,Dikodougou,CIV.10.2.1_1,Poro,dikodougou,2488.2055340330357,359.16900634765625,359.678955078125,234.88189697265625,235.13180541992188,319.9141540527344,0.00569850858300924,8.725295066833496,0.997961949022378,-1.1137438253163596,-0.4509637340925994,-0.13523971012006494,1.1891242757971334,CIV,0.6043,NA,NA,91967,36.96117492791452,NA,NA,-0.7524162674704472,0.7954083368073774
2,2021,DHS 2021,80,Dikodougou,CIV.10.2.1_1,Poro,dikodougou,2488.2055340330357,359.16900634765625,359.678955078125,234.88189697265625,235.13180541992188,331.25079345703125,0.11425123363733292,8.965506553649902,0.997961949022378,-1.0277854275371374,-0.046532314463762194,1.1448221088951276,1.1891242757971334,CIV,0.6043,NA,NA,91967,36.96117492791452,NA,NA,-0.7524162674704472,0.7954083368073774
1,2011,DHS 2011-12,81,Korhogo,CIV.10.2.2_1,Poro,korhogo,7321.704880470631,363.8932495117187,357.6607666015625,207.99009704589844,228.4132537841797,306.9707946777344,0.09792839735746384,8.729452133178711,1.035965196238076,-1.2118849405161585,-0.10476044363730842,-0.11308713957422079,0.7979736599494974,CIV,0.6043,NA,NA,612727,83.68638315842834,NA,NA,0.16298935092242234,0.7954083368073774
2,2021,DHS 2021,81,Korhogo,CIV.10.2.2_1,Poro,korhogo,7321.704880470631,363.8932495117187,357.6607666015625,207.99009704589844,228.4132537841797,334.26458740234375,0.631365954875946,8.934215545654297,1.035965196238076,-1.0049337790426467,1.4576917303407788,0.97807560919802,0.7979736599494974,CIV,0.6043,NA,NA,612727,83.68638315842834,NA,NA,0.16298935092242234,0.7954083368073774
1,2011,DHS 2011-12,82,M'bengue,CIV.10.2.3_1,Poro,m'bengue,2446.5809707220287,350.407958984375,350.71270751953125,228.23211669921875,225.0202789306641,278.9314880371094,0.01592521555721759,8.749005317687988,0.9274854224650723,-1.4244888514030922,-0.41104388315419876,-0.008890270131357146,1.0924009007798132,CIV,0.6043,NA,NA,100217,40.96206142338474,NA,NA,-0.6381010866556086,0.7954083368073774
2,2021,DHS 2021,82,M'bengue,CIV.10.2.3_1,Poro,m'bengue,2446.5809707220287,350.407958984375,350.71270751953125,228.23211669921875,225.0202789306641,303.4056091308594,0.1256200224161148,8.965761184692383,0.9274854224650723,-1.2389174345795102,-0.006478434654824858,1.1461790110139027,1.0924009007798132,CIV,0.6043,NA,NA,100217,40.96206142338474,NA,NA,-0.6381010866556086,0.7954083368073774
1,2011,DHS 2011-12,83,Sinematiali,CIV.10.2.4_1,Poro,sinematiali,493.33432493478614,335.6404724121094,333.6672668457031,187.40711975097656,190.04774475097656,315.2635192871094,0.1255757361650467,8.844706535339355,0.8086912741812831,-1.1490065781351495,-0.006633675277338303,0.5010914812509462,0.49858707121931467,CIV,0.6043,NA,NA,66898,135.60378149005393,NA,NA,0.7084625263839346,0.7954083368073774
2,2021,DHS 2021,83,Sinematiali,CIV.10.2.4_1,Poro,sinematiali,493.33432493478614,335.6404724121094,333.6672668457031,187.40711975097656,190.04774475097656,328.06292724609375,1.191658854484558,9.090673446655272,0.8086912741812831,-1.0519569533354127,2.6226127129107994,1.811823353774771,0.49858707121931467,CIV,0.6043,NA,NA,66898,135.60378149005393,NA,NA,0.7084625263839346,0.7954083368073774
1,2011,DHS 2011-12,84,Ferkessedougou,CIV.10.3.1_1,Tchologo,ferkessedougou,3591.2006170609975,334.05889892578125,334.9532165527344,195.32565307617188,215.3982391357422,312.5462646484375,0.05450206622481346,8.8902130126953125,0.7959686165822961,-1.1696097610334135,-0.2639932928185898,0.7435907262007158,0.6137649022011029,CIV,0.6043,NA,NA,163520,45.53351857402584,NA,NA,-0.5201295054400508,0.7954083368073774
2,2021,DHS 2021,84,Ferkessedougou,CIV.10.3.1_1,Tchologo,ferkessedougou,3591.2006170609975,334.05889892578125,334.9532165527344,195.32565307617188,215.3982391357422,348.3406982421875,0.17440740764141083,9.13966464996338,0.7959686165822961,-0.8982037427765989,0.16093464828282097,2.0728923378331885,0.6137649022011029,CIV,0.6043,NA,NA,163520,45.53351857402584,NA,NA,-0.5201295054400508,0.7954083368073774
1,2011,DHS 2011-12,85,Kong,CIV.10.3.2_1,Tchologo,kong,8993.1336624743235,333.93898010253906,279.23779296875,189.2879638671875,280.9403991699219,289.6554870605469,0.001278119510971,8.898951530456543,0.7950039531373329,-1.3431757090364715,-0.46834448771669274,0.7901573708236957,0.5259446053513934,CIV,0.6043,NA,NA,95986,10.673254018287427,NA,NA,-2.0977762434351934,0.7954083368073774
2,2021,DHS 2021,85,Kong,CIV.10.3.2_1,Tchologo,kong,8993.1336624743235,333.93898010253906,279.23779296875,189.2879638671875,280.9403991699219,350.4543762207031,0.03004626370966434,9.144685745239258,0.7950039531373329,-0.8821770909642845,-0.35657807220450183,2.099649227928125,0.5259446053513934,CIV,0.6043,NA,NA,95986,10.673254018287427,NA,NA,-2.0977762434351934,0.7954083368073774
1,2011,DHS 2011-12,86,Ouangolodougou,CIV.10.3.3_1,Tchologo,ouangolodougou,4824.955347168757,333.8190612792969,336.6125183105469,183.25027465820313,188.2256622314453,276.2790832519531,0.03012543730437755,8.827116966247559,0.7940392896923696,-1.444600319842986,-0.3562748041493961,0.4073585124169133,0.4381243085016841,CIV,0.6043,NA,NA,270233,56.00735769680655,NA,NA,-0.28852896091576147,0.7954083368073774
2,2021,DHS 2021,86,Ouangolodougou,CIV.10.3.3_1,Tchologo,ouangolodougou,4824.955347168757,333.8190612792969,336.6125183105469,183.25027465820313,188.2256622314453,324.86248779296875,0.08559031039476395,9.053913116455078,0.7940392896923696,-1.076223813889852,-0.14935124235355376,1.6159314096912503,0.4381243085016841,CIV,0.6043,NA,NA,270233,56.00735769680655,NA,NA,-0.28852896091576147,0.7954083368073774
1,2011,DHS 2011-12,87,Béoumi,CIV.11.1.1_1,Gbeke,béoumi,1925.694088473064,238.09671020507813,237.58433532714844,115.29137420654295,115.1467056274414,397.2745056152344,0.02972654066979885,8.736560821533203,0.024019617628492824,-0.5271703589829921,-0.3578029826462058,-0.07520568491748247,-0.5503616179291958,CIV,0.4443,NA,NA,NA,100.30301567603041,NA,NA,0.3673851304731255,-0.42260678396754114
2,2021,DHS 2021,87,Béoumi,CIV.11.1.1_1,Gbeke,béoumi,1925.694088473064,238.09671020507813,237.58433532714844,115.29137420654295,115.1467056274414,327.7117614746094,0.25311607122421265,8.911154747009277,0.024019617628492824,-1.0546196160518664,0.41688815062683626,0.8551870319167496,-0.5503616179291958,CIV,0.4443,NA,NA,NA,100.30301567603041,NA,NA,0.3673851304731255,-0.42260678396754114
1,2011,DHS 2011-12,88,Botro,CIV.11.1.2_1,Gbeke,botro,645.4967261411118,273.0712890625,273.1628723144531,107.56257629394533,111.16763305664064,391.2210083007813,0.00811424572020769,8.754619598388672,0.3053657550784917,-0.5730701103602818,-0.441497428581879,0.021027642876989838,-0.6627796811123309,CIV,0.4443,NA,NA,92940,143.9821400111678,NA,NA,0.7763725356433303,-0.42260678396754114
2,2021,DHS 2021,88,Botro,CIV.11.1.2_1,Gbeke,botro,645.4967261411118,273.0712890625,273.1628723144531,107.56257629394533,111.16763305664064,312.5776672363281,0.18585509061813352,8.805489540100098,0.3053657550784917,-1.1693716555380427,0.19920922645051667,0.2921082268379609,-0.6627796811123309,CIV,0.4443,NA,NA,92940,143.9821400111678,NA,NA,0.7763725356433303,-0.42260678396754114
1,2011,DHS 2011-12,89,Bouaké,CIV.11.1.3_1,Gbeke,bouaké,3500.642243684317,273.9132080078125,254.0852813720703,96.9730453491211,99.00865173339844,309.2140197753906,0.22097845375537872,8.77369499206543,0.31213840684580185,-1.1948760167623,0.3143768989110203,0.1226784150857475,-0.8168081047168116,CIV,0.4443,NA,NA,NA,100.30301567603041,NA,NA,0.3673851304731255,-0.42260678396754114
2,2021,DHS 2021,89,Bouaké,CIV.11.1.3_1,Gbeke,bouaké,3500.642243684317,273.9132080078125,254.0852813720703,96.9730453491211,99.00865173339844,272.4617919921875,0.8224026560783386,8.936558723449707,0.31213840684580185,-1.4735443683254412,1.8946266799126505,0.9905621579089947,-0.8168081047168116,CIV,0.4443,NA,NA,NA,100.30301567603041,NA,NA,0.3673851304731255,-0.42260678396754114
1,2011,DHS 2011-12,90,Diabo,CIV.11.1.4_1,Gbeke,diabo,533.2037115141355,309.6109313964844,309.66461181640625,86.75472259521484,87.70580291748047,368.5791015625,0.07240236550569534,8.754375457763672,0.5993017385932555,-0.7447490318183954,-0.1975773580148394,0.01972664309269617,-0.9654371756234174,CIV,0.4443,NA,NA,NA,100.30301567603041,NA,NA,0.3673851304731255,-0.42260678396754114
2,2021,DHS 2021,90,Diabo,CIV.11.1.4_1,Gbeke,diabo,533.2037115141355,309.6109313964844,309.66461181640625,86.75472259521484,87.70580291748047,292.943603515625,0.431759774684906,8.799375534057617,0.5993017385932555,-1.3182440505343158,0.9427302556239977,0.2595273298961378,-0.9654371756234174,CIV,0.4443,NA,NA,NA,100.30301567603041,NA,NA,0.3673851304731255,-0.42260678396754114
1,2011,DHS 2011-12,91,Sakassou,CIV.11.1.5_1,Gbeke,sakassou,1905.379468720534,236.78292846679688,233.116455078125,104.32743072509766,106.86180877685548,387.8057556152344,0.03128476440906525,8.72863483428955,0.013451158204732326,-0.5989657605958825,-0.3518367629048339,-0.11744243963336014,-0.7098360025582,CIV,0.4443,NA,NA,107890,56.623891340893024,NA,NA,-0.2762569560255263,-0.42260678396754114
2,2021,DHS 2021,91,Sakassou,CIV.11.1.5_1,Gbeke,sakassou,1905.379468720534,236.78292846679688,233.116455078125,104.32743072509766,106.86180877685548,297.10693359375,0.1463337391614914,8.894315719604492,0.013451158204732326,-1.2866762137019978,0.06546982574411157,0.7654536210133382,-0.7098360025582,CIV,0.4443,NA,NA,107890,56.623891340893024,NA,NA,-0.2762569560255263,-0.42260678396754114
1,2011,DHS 2011-12,92,Dabakala,CIV.11.2.1_1,Hambol,dabakala,9797.279810753374,275.0043640136719,276.6925964355469,174.83447265625,199.046875,287.86346435546875,0.00355535722337663,8.82091236114502,0.3209159972452573,-1.3567634571352705,-0.4593809393109445,0.37429482258638747,0.31571353105720784,CIV,0.4443,NA,NA,216011,22.048058662457407,NA,NA,-1.3216790507135463,-0.42260678396754114
2,2021,DHS 2021,92,Dabakala,CIV.11.2.1_1,Hambol,dabakala,9797.279810753374,275.0043640136719,276.6925964355469,174.83447265625,199.046875,340.4475402832031,0.09144636988639832,9.043001174926758,0.3209159972452573,-0.9580524499089305,-0.12812415042651684,1.557782817769812,0.31571353105720784,CIV,0.4443,NA,NA,216011,22.048058662457407,NA,NA,-1.3216790507135463,-0.42260678396754114
1,2011,DHS 2011-12,93,Katiola,CIV.11.2.2_1,Hambol,katiola,2770.1928749890385,275.4815368652344,272.6034851074219,130.93927001953125,139.90924072265625,352.228515625,0.04701046273112297,8.745585441589355,0.3247545206262078,-0.8687249403584761,-0.29212488800082653,-0.027114431172283304,-0.3227575118210052,CIV,0.4443,NA,NA,122020,44.047474492361054,NA,NA,-0.5571568050806914,-0.42260678396754114
2,2021,DHS 2021,93,Katiola,CIV.11.2.2_1,Hambol,katiola,2770.1928749890385,275.4815368652344,272.6034851074219,130.93927001953125,139.90924072265625,308.91387939453125,0.27339088916778564,8.868857383728027,0.3247545206262078,-1.1971517869731563,0.4802161118412845,0.6297888192878714,-0.3227575118210052,CIV,0.4443,NA,NA,122020,44.047474492361054,NA,NA,-0.5571568050806914,-0.42260678396754114
1,2011,DHS 2011-12,94,Niakarmadougou,CIV.11.2.3_1,Hambol,niakarmadougou,6625.663612727372,330.0980529785156,329.13641357421875,195.03875732421875,191.6674041748047,335.4266052246094,0.01154649537056684,8.738452911376953,0.7641063684951775,-0.996122950133773,-0.4280867552570684,-0.06512293658920654,0.6095919033551285,CIV,0.4443,NA,NA,NA,33.047766577409234,NA,NA,-0.8765398858940958,-0.42260678396754114
2,2021,DHS 2021,94,Niakarmadougou,CIV.11.2.3_1,Hambol,niakarmadougou,6625.663612727372,330.0980529785156,329.13641357421875,195.03875732421875,191.6674041748047,330.1101379394531,0.07738964259624481,8.989211082458496,0.7641063684951775,-1.0364342799185478,-0.17927034237004266,1.271141056701391,0.6095919033551285,CIV,0.4443,NA,NA,NA,33.047766577409234,NA,NA,-0.8765398858940958,-0.42260678396754114
1,2011,DHS 2011-12,95,Koro,CIV.12.1.1_1,Bafing,koro,3185.795161019604,448.1216125488281,447.54638671875,135.87242126464844,131.2230224609375,473.4154968261719,0.00985732302069664,8.366621971130371,1.7135237367092,0.05015748716278305,-0.43468108565165975,-2.0465710182205012,-0.25100310516720853,CIV,0.7338,NA,NA,67584,21.214169958865135,NA,NA,-1.3637206159166009,1.7812393251845777
2,2021,DHS 2021,95,Koro,CIV.12.1.1_1,Bafing,koro,3185.795161019604,448.1216125488281,447.54638671875,135.87242126464844,131.2230224609375,415.8522338867187,0.04282034188508987,8.565091133117676,1.7135237367092,-0.38630747187472936,-0.3079470462363943,-0.9889496701370815,-0.25100310516720853,CIV,0.7338,NA,NA,67584,21.214169958865135,NA,NA,-1.3637206159166009,1.7812393251845777
1,2011,DHS 2011-12,96,Ouaninou,CIV.12.1.2_1,Bafing,ouaninou,2178.234066941279,527.35845947265625,530.87969970703125,199.92393493652344,210.6376953125,465.9638366699219,0.00236125709488987,8.118927001953125,2.350929005164781,-0.006343627936965248,-0.46407855668823234,-3.3665115298425388,0.6806485167756657,CIV,0.7338,NA,NA,86775,39.83731652946336,NA,NA,-0.6690974859319614,1.7812393251845777
2,2021,DHS 2021,96,Ouaninou,CIV.12.1.2_1,Bafing,ouaninou,2178.234066941279,527.35845947265625,530.87969970703125,199.92393493652344,210.6376953125,443.7971496582031,0.03600448369979858,8.402402877807617,2.350929005164781,-0.17441926584414275,-0.3338204715055665,-1.8558983193653675,0.6806485167756657,CIV,0.7338,NA,NA,86775,39.83731652946336,NA,NA,-0.6690974859319614,1.7812393251845777
1,2011,DHS 2011-12,97,Touba,CIV.12.1.3_1,Bafing,touba,3613.304697940376,437.6506652832031,418.0950317382813,99.14464569091795,110.36568450927734,452.83941650390625,0.01046514511108398,8.293403625488281,1.6292922558774854,-0.10585760990453312,-0.43230695005980485,-2.436743902748417,-0.7852214198023671,CIV,0.7338,NA,NA,85645,23.702678616840313,NA,NA,-1.2425839356904216,1.7812393251845777
2,2021,DHS 2021,97,Touba,CIV.12.1.3_1,Bafing,touba,3613.304697940376,437.6506652832031,418.0950317382813,99.14464569091795,110.36568450927734,380.0054016113281,0.08296830207109451,8.545467376708984,1.6292922558774854,-0.6581107954139066,-0.15889265837783997,-1.0935226098300925,-0.7852214198023671,CIV,0.7338,NA,NA,85645,23.702678616840313,NA,NA,-1.2425839356904216,1.7812393251845777
1,2011,DHS 2011-12,98,Dianra,CIV.12.2.1_1,Béré,dianra,3138.3521723269287,357.53997802734375,356.707763671875,210.14227294921875,209.00192260742188,306.5488586425781,0.00236855284310877,8.646427154541016,0.9848575503222541,-1.2150842083285933,-0.4640498380588496,-0.5555185427814013,0.8292778096266841,CIV,0.7338,NA,NA,110234,35.12480242721361,NA,NA,-0.8089843305591914,1.7812393251845777
2,2021,DHS 2021,98,Dianra,CIV.12.2.1_1,Béré,dianra,3138.3521723269287,357.53997802734375,356.707763671875,210.14227294921875,209.00192260742188,315.7608337402344,0.06536388397216797,8.889373779296875,0.9848575503222541,-1.1452357645758091,-0.22355920663615778,0.7391185394422062,0.8292778096266841,CIV,0.7338,NA,NA,110234,35.12480242721361,NA,NA,-0.8089843305591914,1.7812393251845777
1,2011,DHS 2011-12,99,Kounahiri,CIV.12.2.2_1,Béré,kounahiri,1493.2911012688703,270.82464599609375,268.90673828125,130.89639282226565,132.89248657226565,426.47271728515625,0.00251188315451145,8.6899566650390625,0.2872930757321873,-0.3057792214811866,-0.4634856819608905,-0.3235543468661661,-0.32338117562045104,CIV,0.7338,NA,NA,88656,59.36953613710532,NA,NA,-0.22315353320438314,1.7812393251845777
2,2021,DHS 2021,99,Kounahiri,CIV.12.2.2_1,Béré,kounahiri,1493.2911012688703,270.82464599609375,268.90673828125,130.89639282226565,132.89248657226565,334.61395263671875,0.13488171994686127,8.972784996032715,0.2872930757321873,-1.0022847686335077,0.02585396193909732,1.1836081649643826,-0.32338117562045104,CIV,0.7338,NA,NA,88656,59.36953613710532,NA,NA,-0.22315353320438314,1.7812393251845777
1,2011,DHS 2011-12,100,Mankono,CIV.12.2.3_1,Béré,mankono,6599.694937319697,315.16864013671875,315.52435302734375,195.4667205810547,196.78952026367188,357.0302734375,0.00345697626471519,8.677271842956543,0.6440096361068012,-0.8323163193054046,-0.4597677609214524,-0.39115043331495547,0.6158167782957222,CIV,0.7338,NA,NA,245959,37.268237749772446,NA,NA,-0.7432252289224095,1.7812393251845777
2,2021,DHS 2021,100,Mankono,CIV.12.2.3_1,Béré,mankono,6599.694937319697,315.16864013671875,315.52435302734375,195.4667205810547,196.78952026367188,312.4283752441406,0.10547825694084167,8.903907775878906,0.6440096361068012,-1.1705036400699704,-0.07772113164183903,0.8165686828509386,0.6158167782957222,CIV,0.7338,NA,NA,245959,37.268237749772446,NA,NA,-0.7432252289224095,1.7812393251845777
1,2011,DHS 2011-12,101,Kani,CIV.12.3.1_1,Worodougou,kani,4769.378009842324,366.5696411132813,369.2105407714844,160.359130859375,169.788330078125,370.2062377929687,0.00266027427278459,8.520090103149414,1.0574949033568644,-0.7324115111165727,-0.46290169121877334,-1.2287554389709305,0.10516463236415852,CIV,0.7338,NA,NA,84330,17.681550891116714,NA,NA,-1.5613084576298175,1.7812393251845777
2,2021,DHS 2021,101,Kani,CIV.12.3.1_1,Worodougou,kani,4769.378009842324,366.5696411132813,369.2105407714844,160.359130859375,169.788330078125,364.0985412597656,0.0364682711660862,8.709695816040039,1.0574949033568644,-0.77872222008354,-0.3320545153997596,-0.21836648149386,0.10516463236415852,CIV,0.7338,NA,NA,84330,17.681550891116714,NA,NA,-1.5613084576298175,1.7812393251845777
1,2011,DHS 2011-12,102,Séguéla,CIV.12.3.2_1,Worodougou,séguéla,6669.522839054717,322.1318359375,327.2474060058594,113.5793914794922,122.19416809082033,394.51861572265625,0.012760148383677,8.584022521972656,0.7000236985160796,-0.548066488000925,-0.4233555911810579,-0.8880662845198408,-0.5752630042190778,CIV,0.7338,NA,NA,NA,17.681550891116714,NA,NA,-1.5613084576298175,1.7812393251845777
2,2021,DHS 2021,102,Séguéla,CIV.12.3.2_1,Worodougou,séguéla,6669.522839054717,322.1318359375,327.2474060058594,113.5793914794922,122.19416809082033,363.7659912109375,0.13290762901306152,8.727032661437988,0.7000236985160796,-0.7812437318260617,0.018984633650842356,-0.12598025071778735,-0.5752630042190778,CIV,0.7338,NA,NA,NA,17.681550891116714,NA,NA,-1.5613084576298175,1.7812393251845777
1,2011,DHS 2011-12,103,Attiégoukaro,CIV.13.1.1_1,Yamoussoukro,attiégoukaro,824.121465946874,197.45616149902344,194.1189117431641,47.23851013183594,52.84056091308594,352.184326171875,0.09163763374090196,8.6983489990234375,-0.3029053025802501,-0.8690600003752854,-0.12743277780555992,-0.27883247928107124,-1.5402142780529542,CIV,0.2343,NA,NA,NA,285.78363238889995,NA,NA,1.5545645244450343,-2.0212516299846217
2,2021,DHS 2021,103,Attiégoukaro,CIV.13.1.1_1,Yamoussoukro,attiégoukaro,824.121465946874,197.45616149902344,194.1189117431641,47.23851013183594,52.84056091308594,326.59210205078125,0.16653436422348022,8.908624649047852,-0.3029053025802501,-1.0631092686462846,0.13439449711392965,0.8417044052459249,-1.5402142780529542,CIV,0.2343,NA,NA,NA,285.78363238889995,NA,NA,1.5545645244450343,-2.0212516299846217
1,2011,DHS 2011-12,104,Yamoussoukro,CIV.13.1.2_1,Yamoussoukro,yamoussoukro,1238.3039470868775,198.9484100341797,200.7603302001953,32.21725082397461,37.538970947265625,350.78277587890625,1.3629156351089478,8.684754371643066,-0.2909012020250111,-0.8796870489470986,2.919474628517602,-0.3512768227385175,-1.7587037374822092,CIV,0.2343,NA,NA,353887,285.78363238889995,NA,NA,1.5545645244450343,-2.0212516299846217
2,2021,DHS 2021,104,Yamoussoukro,CIV.13.1.2_1,Yamoussoukro,yamoussoukro,1238.3039470868775,198.9484100341797,200.7603302001953,32.21725082397461,37.538970947265625,368.9908142089844,1.8549896478652952,8.89822769165039,-0.2909012020250111,-0.7416272813441035,3.6658828257027927,0.7863001097444813,-1.7587037374822092,CIV,0.2343,NA,NA,353887,285.78363238889995,NA,NA,1.5545645244450343,-2.0212516299846217
1,2011,DHS 2011-12,105,Bouna,CIV.14.1.1_1,Bounkani,bouna,15599.339608647764,316.79140218098956,298.88446044921875,236.1073964436849,345.9003601074219,274.95758056640625,6.215166067704558e-4,8.805951118469238,0.6570636269787792,-1.454620419226891,-0.47093276162179254,0.2945679295551411,1.2069495933333108,CIV,0.5732,NA,NA,130824,8.38650887038035,NA,NA,-2.346511577983999,0.5586566477067534
2,2021,DHS 2021,105,Bouna,CIV.14.1.1_1,Bounkani,bouna,15599.339608647764,316.79140218098956,298.88446044921875,236.1073964436849,345.9003601074219,368.0106506347656,0.02339049987494945,9.047737121582031,0.6570636269787792,-0.7490592272141878,-0.382156144519889,1.5830201807729463,1.2069495933333108,CIV,0.5732,NA,NA,130824,8.38650887038035,NA,NA,-2.346511577983999,0.5586566477067534
1,2011,DHS 2011-12,106,Doropo,CIV.14.1.2_1,Bounkani,doropo,858.0620417991533,333.288330078125,331.8111877441406,215.8197479248047,219.4583740234375,246.0559234619141,0.00251810322515666,8.90000057220459,0.7897699266763738,-1.6737629754349501,-0.46346120124212803,0.7957476042718326,0.9118586647278072,CIV,0.5732,NA,NA,76093,88.68006774947294,NA,NA,0.2283527356458311,0.5586566477067534
2,2021,DHS 2021,106,Doropo,CIV.14.1.2_1,Bounkani,doropo,858.0620417991533,333.288330078125,331.8111877441406,215.8197479248047,219.4583740234375,369.8315124511719,0.05885906517505646,9.157499313354492,0.7897699266763738,-0.7352528108033138,-0.24772417236983904,2.167931388481913,0.9118586647278072,CIV,0.5732,NA,NA,76093,88.68006774947294,NA,NA,0.2283527356458311,0.5586566477067534
1,2011,DHS 2011-12,107,Nassian,CIV.14.1.3_1,Bounkani,nassian,2465.52770474322,288.3824157714844,283.3084411621094,223.98504638671875,221.6591796875,326.0447998046875,0.00267995498143136,8.752961158752441,0.42853310977749276,-1.0672591072798887,-0.4628242446136199,0.012189991998526205,1.0306257807503942,CIV,0.5732,NA,NA,50829,20.61587055063887,NA,NA,-1.3948686939267851,0.5586566477067534
2,2021,DHS 2021,107,Nassian,CIV.14.1.3_1,Bounkani,nassian,2465.52770474322,288.3824157714844,283.3084411621094,223.98504638671875,221.6591796875,392.7671813964844,0.02621015906333923,8.967851638793945,0.42853310977749276,-0.561346480697544,-0.3712999564101485,1.1573188216669172,1.0306257807503942,CIV,0.5732,NA,NA,50829,20.61587055063887,NA,NA,-1.3948686939267851,0.5586566477067534
1,2011,DHS 2011-12,108,Tehini,CIV.14.1.4_1,Bounkani,tehini,2944.237025363097,328.7034606933594,324.89764404296875,268.51739501953125,274.1018371582031,258.4214172363281,0,8.91455078125,0.7528878444824713,-1.5800034410005475,-0.473384293447336,0.8732841421974908,1.6783643345217307,CIV,0.5732,NA,NA,47194,16.02928011347178,NA,NA,-1.666953478134593,0.5586566477067534
2,2021,DHS 2021,108,Tehini,CIV.14.1.4_1,Bounkani,tehini,2944.237025363097,328.7034606933594,324.89764404296875,268.51739501953125,274.1018371582031,362.4494934082031,0.02125445753335952,9.182229042053224,0.7528878444824713,-0.7912258824235324,-0.39040021752483545,2.2997135189761377,1.6783643345217307,CIV,0.5732,NA,NA,47194,16.02928011347178,NA,NA,-1.666953478134593,0.5586566477067534
1,2011,DHS 2011-12,109,Bondoukou,CIV.14.2.1_1,Gontougo,bondoukou,6935.940273715923,237.7485809326172,329.8026123046875,210.11987686157227,279.4869384765625,321.5312194824219,0.02059531025588512,8.677297592163086,0.02121916000069845,-1.1014826649774834,-0.39294768361780263,-0.39101321849395576,0.8289520507150694,CIV,0.5732,NA,NA,380884,54.91454438317154,NA,NA,-0.31061098741455195,0.5586566477067534
2,2021,DHS 2021,109,Bondoukou,CIV.14.2.1_1,Gontougo,bondoukou,6935.940273715923,237.7485809326172,329.8026123046875,210.11987686157227,279.4869384765625,435.6894226074219,0.10849380493164064,8.88603401184082,0.02121916000069845,-0.2358949114973213,-0.06697272480937347,0.7213212689555014,0.8289520507150694,CIV,0.5732,NA,NA,380884,54.91454438317154,NA,NA,-0.31061098741455195,0.5586566477067534
1,2011,DHS 2011-12,110,Koun-Fao,CIV.14.2.2_1,Gontougo,koun fao,3877.9592971021207,215.3181915283203,208.6385498046875,223.95057678222656,229.747314453125,386.7669067382813,0.0210901815444231,8.792657852172852,-0.15921770661961615,-0.6068426791264113,-0.39103495593695564,0.2237295077064323,1.0301244083222985,CIV,0.5732,NA,NA,132663,34.209487474284465,NA,NA,-0.838263154399871,0.5586566477067534
2,2021,DHS 2021,110,Koun-Fao,CIV.14.2.2_1,Gontougo,koun fao,3877.9592971021207,215.3181915283203,208.6385498046875,223.95057678222656,229.747314453125,471.7855224609375,0.05652731657028198,8.864418983459473,-0.15921770661961615,0.03779844672231119,-0.25642262327986615,0.6061370497718451,1.0301244083222985,CIV,0.5732,NA,NA,132663,34.209487474284465,NA,NA,-0.838263154399871,0.5586566477067534
1,2011,DHS 2011-12,111,Sandégué,CIV.14.2.3_1,Gontougo,sandégué,2801.0939607165465,227.6535797119141,225.8633270263672,194.7718963623047,194.3664398193359,339.7386779785156,0.00834593269973993,8.801405906677246,-0.05998809663493447,-0.9634272938802337,-0.44059073258277237,0.2703469726334863,0.6057103175229166,CIV,0.5732,NA,NA,NA,59.84841589263554,NA,NA,-0.21413949549857217,0.5586566477067534
2,2021,DHS 2021,111,Sandégué,CIV.14.2.3_1,Gontougo,sandégué,2801.0939607165465,227.6535797119141,225.8633270263672,194.7718963623047,194.3664398193359,405.9921569824219,0.03760914877057075,8.97447681427002,-0.05998809663493447,-0.46107005207570356,-0.3277137745853384,1.1926236869071052,0.6057103175229166,CIV,0.5732,NA,NA,NA,59.84841589263554,NA,NA,-0.21413949549857217,0.5586566477067534
1,2011,DHS 2011-12,112,Tanda,CIV.14.2.4_1,Gontougo,tanda,1503.843927456873,253.7860565185547,248.35997009277344,207.5944366455078,209.3525390625,357.68719482421875,0.0546753816306591,8.794398307800293,0.15022948572745623,-0.8273353096908758,-0.26334484688675525,0.2330042131999321,0.7922186413304082,CIV,0.5732,NA,NA,88520,58.86249123583907,NA,NA,-0.232775999528158,0.5586566477067534
2,2021,DHS 2021,112,Tanda,CIV.14.2.4_1,Gontougo,tanda,1503.843927456873,253.7860565185547,248.35997009277344,207.5944366455078,209.3525390625,503.85052490234375,0.12829992175102234,8.857767105102539,0.15022948572745623,0.28092660281462223,0.0029043104577443895,0.5706898876802501,0.7922186413304082,CIV,0.5732,NA,NA,88520,58.86249123583907,NA,NA,-0.232775999528158,0.5586566477067534
1,2011,DHS 2011-12,113,Transua,CIV.14.2.5_1,Gontougo,transua,1042.4240327670918,254.2364959716797,254.3131103515625,214.16259765625,215.05661010742188,397.7162170410156,0.0295715220272541,8.723301887512207,0.1538529575298884,-0.5238211471851342,-0.35839702093588255,-0.14586115367152497,0.8877548356846543,CIV,0.5732,NA,NA,95285,91.4071404772471,NA,NA,0.2625276419687045,0.5586566477067534
2,2021,DHS 2021,113,Transua,CIV.14.2.5_1,Gontougo,transua,1042.4240327670918,254.2364959716797,254.3131103515625,214.16259765625,215.05661010742188,504.3058166503906,0.11374124139547348,8.80433177947998,0.1538529575298884,0.2843787854049388,-0.04833865478754211,0.28593864192338075,0.8877548356846543,CIV,0.5732,NA,NA,95285,91.4071404772471,NA,NA,0.2625276419687045,0.5586566477067534
1,2010,DHS 2010,1,Bagassi,BFA.1.1.1_1,Boucle du Mouhoun,bagassi,640.855891981585,294.70965576171875,294.42523193359375,148.78228759765625,147.83518981933594,367.2662048339844,0.00119769247248768,9.098124504089355,-0.29339651508125847,1.845103024296606,-0.13828302048185512,-0.8983600416417299,0.2495801231599377,BFA,0.42200000000000004,NA,0.23399999999999999,42424,66.19897005053836,4.385362828199297,9674,-0.08954146950302648,-0.24402393303063188
2,2021,DHS 2021,1,Bagassi,BFA.1.1.1_1,Boucle du Mouhoun,bagassi,640.855891981585,294.70965576171875,294.42523193359375,148.78228759765625,147.83518981933594,239.00588989257813,0.04105652123689651,9.36687469482422,-0.29339651508125847,0.4070944818801794,0.1894405274716867,0.5845303754040299,0.2495801231599377,BFA,0.42200000000000004,NA,0.23399999999999999,42424,66.19897005053836,4.385362828199297,9674,-0.08954146950302648,-0.24402393303063188
1,2010,DHS 2010,2,Bana,BFA.1.1.2_1,Boucle du Mouhoun,bana,151.95337954691786,365.0789794921875,364.5014953613281,189.65574645996097,190.24656677246097,369.1576232910156,0.1125270500779152,9.098125457763672,1.2452863957050913,1.8663089280848322,0.7468348544424253,-0.898354779526377,0.9435210901180797,BFA,0.42200000000000004,NA,0.23399999999999999,19787,130.21757106685786,5.134146341463414,3854,0.8834088761074371,-0.24402393303063188
2,2021,DHS 2021,2,Bana,BFA.1.1.2_1,Boucle du Mouhoun,bana,151.95337954691786,365.0789794921875,364.5014953613281,189.65574645996097,190.24656677246097,215.0963134765625,0.28639447689056396,9.36687469482422,1.2452863957050913,0.1390289064331226,1.965830430099583,0.5845303754040299,0.9435210901180797,BFA,0.42200000000000004,NA,0.23399999999999999,19787,130.21757106685786,5.134146341463414,3854,0.8834088761074371,-0.24402393303063188
1,2010,DHS 2010,3,Boromo,BFA.1.1.3_1,Boucle du Mouhoun,boromo,966.1485781204176,270.09637451171875,271.44842529296875,150.44740295410156,152.87730407714844,338.67791748046875,0.01066074706614017,9.122477531433104,-0.8315860731166886,1.5245814237829045,-0.05931070121449143,-0.763986663988113,0.2778501006150181,BFA,0.42200000000000004,NA,0.23399999999999999,40229,41.638523215821564,4.704595953689627,8551,-0.7509216835697252,-0.24402393303063188
2,2021,DHS 2021,3,Boromo,BFA.1.1.3_1,Boucle du Mouhoun,boromo,966.1485781204176,270.09637451171875,271.44842529296875,150.44740295410156,152.87730407714844,222.46713256835935,0.03262221813201904,9.36030387878418,-0.8315860731166886,0.22166788033126156,0.12115197807097447,0.5482744006220069,0.2778501006150181,BFA,0.42200000000000004,NA,0.23399999999999999,40229,41.638523215821564,4.704595953689627,8551,-0.7509216835697252,-0.24402393303063188
1,2010,DHS 2010,4,Fara,BFA.1.1.4_1,Boucle du Mouhoun,fara,730.5453008648192,274.43682861328125,274.4913635253906,168.78231811523438,169.2926788330078,276.7246398925781,0.00140178215224295,9.128674507141112,-0.7366784884323836,0.8299835472473449,-0.13657196256052734,-0.729793438424467,0.589136424556299,BFA,0.42200000000000004,NA,0.23399999999999999,61001,83.50063976564772,5.074958402662229,12020,0.24354946356707782,-0.24402393303063188
2,2021,DHS 2021,4,Fara,BFA.1.1.4_1,Boucle du Mouhoun,fara,730.5453008648192,274.43682861328125,274.4913635253906,168.78231811523438,169.2926788330078,212.1080017089844,0.00617312127724289,9.338597297668455,-0.7366784884323836,0.10552502917269367,-0.09666881920437237,0.4285033930728822,0.589136424556299,BFA,0.42200000000000004,NA,0.23399999999999999,61001,83.50063976564772,5.074958402662229,12020,0.24354946356707782,-0.24402393303063188
1,2010,DHS 2010,5,Oury,BFA.1.1.5_1,Boucle du Mouhoun,oury,665.5612629304007,291.1259460449219,290.39764404296875,153.1239776611328,152.98707580566406,298.2616271972656,0,9.131595611572266,-0.371757263858311,1.0714485065077608,-0.14833133318376757,-0.7136755790982878,0.32329242167206795,BFA,0.42200000000000004,NA,0.23399999999999999,35964,54.03559672576803,4.9866888519134775,7212,-0.37985355166075313,-0.24402393303063188
2,2021,DHS 2021,5,Oury,BFA.1.1.5_1,Boucle du Mouhoun,oury,665.5612629304007,291.1259460449219,290.39764404296875,153.1239776611328,152.98707580566406,187.1618499755859,0.00178005674388259,9.390750885009766,-0.371757263858311,-0.17416225609111774,-0.1334014858637688,0.7162726953811581,0.32329242167206795,BFA,0.42200000000000004,NA,0.23399999999999999,35964,54.03559672576803,4.9866888519134775,7212,-0.37985355166075313,-0.24402393303063188
1,2010,DHS 2010,6,Pa,BFA.1.1.6_1,Boucle du Mouhoun,pa,405.0593456892401,289.45196533203125,289.093505859375,146.37232971191406,146.30674743652344,392.9915161132813,0.01919312961399555,9.098198890686035,-0.4083602234913522,2.1335259662864994,0.011263482639950292,-0.8979495966441977,0.20866436628224744,BFA,0.42200000000000004,NA,0.23399999999999999,27011,66.68405577468822,4.9003991291727145,5512,-0.07908395349877269,-0.24402393303063188
2,2021,DHS 2021,6,Pa,BFA.1.1.6_1,Boucle du Mouhoun,pa,405.0593456892401,289.45196533203125,289.093505859375,146.37232971191406,146.30674743652344,268.263671875,0.01196054276078939,9.365705490112305,-0.4083602234913522,0.7351222154944345,-0.04852127515839045,0.5780790219812699,0.20866436628224744,BFA,0.42200000000000004,NA,0.23399999999999999,27011,66.68405577468822,4.9003991291727145,5512,-0.07908395349877269,-0.24402393303063188
1,2010,DHS 2010,7,Pompoï,BFA.1.1.7_1,Boucle du Mouhoun,pompoï,230.03485459198103,325.3802185058594,323.91748046875,176.2285614013672,175.71875,351.44305419921875,0,9.098124504089355,0.37724046502341463,1.667699547694123,-0.14833133318376757,-0.8983600416417299,0.7155571731303826,BFA,0.46330952380952384,NA,NA,NA,60.56925008821819,NA,NA,-0.2167512511548842,0.04245830137908239
2,2021,DHS 2021,7,Pompoï,BFA.1.1.7_1,Boucle du Mouhoun,pompoï,230.03485459198103,325.3802185058594,323.91748046875,176.2285614013672,175.71875,221.27769470214844,0.01287021581083536,9.36687469482422,0.37724046502341463,0.2083323305700885,-0.04097844390926154,0.5845303754040299,0.7155571731303826,BFA,0.46330952380952384,NA,NA,NA,60.56925008821819,NA,NA,-0.2167512511548842,0.04245830137908239
1,2010,DHS 2010,8,Poura,BFA.1.1.8_1,Boucle du Mouhoun,poura,113.81419867998108,263.67578125,262.3825378417969,105.27579498291016,105.06228637695313,268.8968811035156,0.02592157199978828,9.137499809265137,-0.9719776046135172,0.7422215297301616,0.06650126029568443,-0.6810978229480058,-0.4890639357082382,BFA,0.42200000000000004,NA,0.23399999999999999,19056,167.4307794722609,4.88866085171883,3898,1.246402065015306,-0.24402393303063188
2,2021,DHS 2021,8,Poura,BFA.1.1.8_1,Boucle du Mouhoun,poura,113.81419867998108,263.67578125,262.3825378417969,105.27579498291016,105.06228637695313,192.33387756347656,0.06409862637519836,9.356249809265137,-0.9719776046135172,-0.11617534208425712,0.3732183719472228,0.5259051482565007,-0.4890639357082382,BFA,0.42200000000000004,NA,0.23399999999999999,19056,167.4307794722609,4.88866085171883,3898,1.246402065015306,-0.24402393303063188
1,2010,DHS 2010,9,Siby,BFA.1.1.9_1,Boucle du Mouhoun,siby,275.68009433865643,271.22674560546875,270.6310119628906,126.10922241210938,126.15210723876952,313.1435852050781,0,9.13085651397705,-0.8068695831378754,1.2382996697291622,-0.14833133318376757,-0.7177537184968452,-0.13535839725663884,BFA,0.42200000000000004,NA,0.23399999999999999,18559,67.3207836950367,4.806785806785807,3861,-0.0654705042542879,-0.24402393303063188
2,2021,DHS 2021,9,Siby,BFA.1.1.9_1,Boucle du Mouhoun,siby,275.68009433865643,271.22674560546875,270.6310119628906,126.10922241210938,126.15210723876952,198.9440155029297,0.00684745702892541,9.35804271697998,-0.8068695831378754,-0.042064851806520615,-0.09104455452361188,0.5357979251200978,-0.13535839725663884,BFA,0.42200000000000004,NA,0.23399999999999999,18559,67.3207836950367,4.806785806785807,3861,-0.0654705042542879,-0.24402393303063188
1,2010,DHS 2010,10,Yaho,BFA.1.1.10_1,Boucle du Mouhoun,yaho,381.0941598428096,312.3253173828125,311.6799011230469,194.6027984619141,194.49224853515625,352.63165283203125,9.656599104346242e-6,9.06701374053955,0.09178435723165732,1.6810256882721317,-0.14825026883973955,-1.0700207686865533,1.027511095989435,BFA,0.42200000000000004,NA,0.23399999999999999,19370,50.82733361222216,4.46622089001614,4337,-0.46717861378522874,-0.24402393303063188
2,2021,DHS 2021,10,Yaho,BFA.1.1.10_1,Boucle du Mouhoun,yaho,381.0941598428096,312.3253173828125,311.6799011230469,194.6027984619141,194.49224853515625,230.55430603027344,0,9.340208053588867,0.09178435723165732,0.31233836190265496,-0.14833133318376757,0.4373911059040706,1.027511095989435,BFA,0.42200000000000004,NA,0.23399999999999999,19370,50.82733361222216,4.46622089001614,4337,-0.46717861378522874,-0.24402393303063188
1,2010,DHS 2010,11,Balavé,BFA.1.2.1_1,Boucle du Mouhoun,balavé,545.69890222207,374.6372375488281,376.1484680175781,308.7879943847656,309.6675109863281,315.9737548828125,0,8.953703880310059,1.454285538356663,1.2700305147292636,-0.14833133318376757,-1.6952337422351906,2.966123277991116,BFA,0.46330952380952384,NA,NA,NA,60.56925008821819,NA,NA,-0.2167512511548842,0.04245830137908239
2,2021,DHS 2021,11,Balavé,BFA.1.2.1_1,Boucle du Mouhoun,balavé,545.69890222207,374.6372375488281,376.1484680175781,308.7879943847656,309.6675109863281,149.27491760253906,0,9.202311515808104,1.454285538356663,-0.5989369217644709,-0.14833133318376757,-0.32348446355968263,2.966123277991116,BFA,0.46330952380952384,NA,NA,NA,60.56925008821819,NA,NA,-0.2167512511548842,0.04245830137908239
1,2010,DHS 2010,12,Kouka,BFA.1.2.2_1,Boucle du Mouhoun,kouka,789.3818423446646,319.8291320800781,320.31201171875,190.2557830810547,190.7809295654297,351.96173095703125,0,8.976083755493164,0.25586141280510516,1.6735147650419673,-0.14833133318376757,-1.5717476812468738,0.9537083853615484,BFA,0.527,NA,0.23399999999999999,73747,93.42373493283387,5.775471845876733,12769,0.4049812227402475,0.4841528126447803
2,2021,DHS 2021,12,Kouka,BFA.1.2.2_1,Boucle du Mouhoun,kouka,789.3818423446646,319.8291320800781,320.31201171875,190.2557830810547,190.7809295654297,200.51251220703125,0,9.26201343536377,0.25586141280510516,-0.024479430623979056,-0.14833133318376757,0.005934481767408077,0.9537083853615484,BFA,0.527,NA,0.23399999999999999,73747,93.42373493283387,5.775471845876733,12769,0.4049812227402475,0.4841528126447803
1,2010,DHS 2010,13,Sami,BFA.1.2.3_1,Boucle du Mouhoun,sami,665.1020277988424,421.6929016113281,430.6795043945313,298.0458679199219,305.0508728027344,348.3473815917969,0,8.924944877624512,2.483196181664757,1.6329919792928538,-0.14833133318376757,-1.8539180928195722,2.783745719700469,BFA,0.527,NA,0.23399999999999999,13596,20.44197646637165,5.727042965459141,2374,-1.7503457953783583,0.4841528126447803
2,2021,DHS 2021,13,Sami,BFA.1.2.3_1,Boucle du Mouhoun,sami,665.1020277988424,421.6929016113281,430.6795043945313,298.0458679199219,305.0508728027344,175.68959045410156,0,9.179547309875488,2.483196181664757,-0.30278510564711,-0.14833133318376757,-0.4490911570352395,2.783745719700469,BFA,0.527,NA,0.23399999999999999,13596,20.44197646637165,5.727042965459141,2374,-1.7503457953783583,0.4841528126447803
1,2010,DHS 2010,14,Sanaba,BFA.1.2.4_1,Boucle du Mouhoun,sanaba,925.1824378363926,278.4988098144531,278.3009033203125,189.2705535888672,189.3730010986328,304.44158935546875,0,9.105216026306152,-0.6478599418435611,1.1407360205713755,-0.14833133318376757,-0.8592309518769912,0.9369813667652632,BFA,0.527,NA,0.23399999999999999,38037,41.112972365701545,5.409129692832765,7032,-0.7689534557060033,0.4841528126447803
2,2021,DHS 2021,14,Sanaba,BFA.1.2.4_1,Boucle du Mouhoun,sanaba,925.1824378363926,278.4988098144531,278.3009033203125,189.2705535888672,189.3730010986328,128.4569091796875,0,9.366847038269045,-0.6478599418435611,-0.8323409482697363,-0.14833133318376757,0.5843777740587935,0.9369813667652632,BFA,0.527,NA,0.23399999999999999,38037,41.112972365701545,5.409129692832765,7032,-0.7689534557060033,0.4841528126447803
1,2010,DHS 2010,15,Solenzo,BFA.1.2.5_1,Boucle du Mouhoun,solenzo,1910.735447450117,312.9250183105469,313.0984802246094,278.04266357421875,278.031982421875,342.8762512207031,0.00402869889512658,8.994305610656738,0.10489730929898076,1.5716516324061263,-0.11457935581053667,-1.4712044431975377,2.4441355337193595,BFA,0.527,NA,0.23399999999999999,158763,83.089995641139,5.47628574385154,28991,0.23646676928262356,0.4841528126447803
2,2021,DHS 2021,15,Solenzo,BFA.1.2.5_1,Boucle du Mouhoun,solenzo,1910.735447450117,312.9250183105469,313.0984802246094,278.04266357421875,278.031982421875,163.54652404785156,0.00130449573043733,9.249524116516112,0.10489730929898076,-0.4389288008446043,-0.13738755414289067,-0.06297818089519161,2.4441355337193595,BFA,0.527,NA,0.23399999999999999,158763,83.089995641139,5.47628574385154,28991,0.23646676928262356,0.4841528126447803
1,2010,DHS 2010,16,Tansila,BFA.1.2.6_1,Boucle du Mouhoun,tansila,1091.4097657596485,408.4667663574219,409.844970703125,298.63458251953125,299.0832214355469,291.4172058105469,0,9.004666328430176,2.1939958993246433,0.9947113144425801,-0.14833133318376757,-1.414036822002793,2.793740792050269,BFA,0.527,NA,0.23399999999999999,38743,35.49812473322877,5.250440439083887,7379,-0.9769996438786374,0.4841528126447803
2,2021,DHS 2021,16,Tansila,BFA.1.2.6_1,Boucle du Mouhoun,tansila,1091.4097657596485,408.4667663574219,409.844970703125,298.63458251953125,299.0832214355469,140.51605224609375,0,9.260849952697754,2.1939958993246433,-0.697138171388703,-0.14833133318376757,-4.8529896322415094e-4,2.793740792050269,BFA,0.527,NA,0.23399999999999999,38743,35.49812473322877,5.250440439083887,7379,-0.9769996438786374,0.4841528126447803
1,2010,DHS 2010,17,Barani,BFA.1.3.1_1,Boucle du Mouhoun,barani,1905.5625060973368,270.0149230957031,269.5951232910156,258.4988708496094,259.8938293457031,251.35308837890625,0,9.193766593933104,-0.8333670750538769,0.545526832575422,-0.14833133318376757,-0.3706330171223587,2.1123251413805644,BFA,0.504,NA,0.23399999999999999,54748,28.730624067601934,5.237038454180218,10454,-1.275170832093758,0.32464743025873743
2,2021,DHS 2021,17,Barani,BFA.1.3.1_1,Boucle du Mouhoun,barani,1905.5625060973368,270.0149230957031,269.5951232910156,258.4988708496094,259.8938293457031,114.5015869140625,0,9.482839584350586,-0.8333670750538769,-0.9888030046689477,-0.14833133318376757,1.224393078095346,2.1123251413805644,BFA,0.504,NA,0.23399999999999999,54748,28.730624067601934,5.237038454180218,10454,-1.275170832093758,0.32464743025873743
1,2010,DHS 2010,18,Bomborokuy,BFA.1.3.2_1,Boucle du Mouhoun,bomborokuy,444.04783054459705,280.14324951171875,279.7554931640625,175.29176330566406,174.6572723388672,250.87582397460935,0,9.160930633544922,-0.6119029207175256,0.5401759156477366,-0.14833133318376757,-0.551812910840708,0.6996524125725159,BFA,0.504,NA,0.23399999999999999,19904,44.82400009834297,5.136516129032258,3875,-0.646168212025767,0.32464743025873743
2,2021,DHS 2021,18,Bomborokuy,BFA.1.3.2_1,Boucle du Mouhoun,bomborokuy,444.04783054459705,280.14324951171875,279.7554931640625,175.29176330566406,174.6572723388672,107.16521453857422,0,9.445908546447754,-0.6119029207175256,-1.071055774367194,-0.14833133318376757,1.0206176610513025,0.6996524125725159,BFA,0.504,NA,0.23399999999999999,19904,44.82400009834297,5.136516129032258,3875,-0.646168212025767,0.32464743025873743
1,2010,DHS 2010,19,Bourasso,BFA.1.3.3_1,Boucle du Mouhoun,bourasso,698.9809474417182,266.0068054199219,266.5083312988281,168.8205108642578,168.4670867919922,268.08782958984375,2.3199518909677863e-4,9.2032470703125,-0.9210078515343677,0.7331507350073623,-0.14638401744292504,-0.3183223283984022,0.5897848529968036,BFA,0.504,NA,0.23399999999999999,20115,28.777608422119705,5.283687943262412,3807,-1.2728749912614632,0.32464743025873743
2,2021,DHS 2021,19,Bourasso,BFA.1.3.3_1,Boucle du Mouhoun,bourasso,698.9809474417182,266.0068054199219,266.5083312988281,168.8205108642578,168.4670867919922,119.2621078491211,0,9.49045467376709,-0.9210078515343677,-0.9354297553198108,-0.14833133318376757,1.2664110691888693,0.5897848529968036,BFA,0.504,NA,0.23399999999999999,20115,28.777608422119705,5.283687943262412,3807,-1.2728749912614632,0.32464743025873743
1,2010,DHS 2010,20,Djibasso,BFA.1.3.4_1,Boucle du Mouhoun,djibasso,896.079061163278,368.4476013183594,368.36431884765625,215.8187713623047,216.5803375244141,246.17425537109375,0,9.013084411621094,1.31894407155097,0.4874636186468996,-0.14833133318376757,-1.3675881297820631,1.3877114107964756,BFA,0.504,NA,0.23399999999999999,63283,70.62211666663302,4.783295540438398,13230,0.003139036726014836,0.32464743025873743
2,2021,DHS 2021,20,Djibasso,BFA.1.3.4_1,Boucle du Mouhoun,djibasso,896.079061163278,368.4476013183594,368.36431884765625,215.8187713623047,216.5803375244141,119.0111083984375,6.891225348226726e-4,9.31166648864746,1.31894407155097,-0.9382438709282882,-0.14254831415307936,0.27990651762015806,1.3877114107964756,BFA,0.504,NA,0.23399999999999999,63283,70.62211666663302,4.783295540438398,13230,0.003139036726014836,0.32464743025873743
1,2010,DHS 2010,21,Dokuy,BFA.1.3.5_1,Boucle du Mouhoun,dokuy,769.0785259546611,306.6933288574219,306.9949951171875,231.1961212158203,231.79855346679688,295.9303283691406,0,9.04406452178955,-0.03136368567061092,1.0453108221328187,-0.14833133318376757,-1.1966483125405976,1.648784814506958,BFA,0.504,NA,0.23399999999999999,40588,52.77484499988854,5.25275009706225,7727,-0.41354687934263934,0.32464743025873743
2,2021,DHS 2021,21,Dokuy,BFA.1.3.5_1,Boucle du Mouhoun,dokuy,769.0785259546611,306.6933288574219,306.9949951171875,231.1961212158203,231.79855346679688,127.42854309082033,0,9.306110382080078,-0.03136368567061092,-0.8438706191675345,-0.14833133318376757,0.24924943357372248,1.648784814506958,BFA,0.504,NA,0.23399999999999999,40588,52.77484499988854,5.25275009706225,7727,-0.41354687934263934,0.32464743025873743
1,2010,DHS 2010,22,Doumbala,BFA.1.3.6_1,Boucle du Mouhoun,doumbala,517.2496323211077,324.25286865234375,324.19818115234375,222.0663299560547,222.0577850341797,258.41693115234375,0,9.037927627563477,0.35259003693736324,0.6247240983480044,-0.14833133318376757,-1.230510024837006,1.4937811433894481,BFA,0.504,NA,0.23399999999999999,33326,64.42923864528004,4.9710620525059666,6704,-0.1283442371323078,0.32464743025873743
2,2021,DHS 2021,22,Doumbala,BFA.1.3.6_1,Boucle du Mouhoun,doumbala,517.2496323211077,324.25286865234375,324.19818115234375,222.0663299560547,222.0577850341797,100.98126220703124,0,9.300374031066896,0.35259003693736324,-1.1403880248198552,-0.14833133318376757,0.21759780972557421,1.4937811433894481,BFA,0.504,NA,0.23399999999999999,33326,64.42923864528004,4.9710620525059666,6704,-0.1283442371323078,0.32464743025873743
1,2010,DHS 2010,23,Kombori,BFA.1.3.7_1,Boucle du Mouhoun,kombori,216.6115149976812,325.5189208984375,325.86895751953125,286.4151306152344,287.3871154785156,238.7264404296875,0,9.183075904846191,0.38027330646384944,0.40396139496242167,-0.14833133318376757,-0.4296213302292237,2.586281513922317,BFA,0.504,NA,0.23399999999999999,15118,69.79315019407825,6.039952057530963,2503,-0.013786825230485827,0.32464743025873743
2,2021,DHS 2021,23,Kombori,BFA.1.3.7_1,Boucle du Mouhoun,kombori,216.6115149976812,325.5189208984375,325.86895751953125,286.4151306152344,287.3871154785156,118.70713806152344,0,9.475255012512209,0.38027330646384944,-0.94165187707051,-0.14833133318376757,1.1825434746931278,2.586281513922317,BFA,0.504,NA,0.23399999999999999,15118,69.79315019407825,6.039952057530963,2503,-0.013786825230485827,0.32464743025873743
1,2010,DHS 2010,24,Madouba,BFA.1.3.8_1,Boucle du Mouhoun,madouba,173.56839409976183,364.9397277832031,364.09722900390625,188.14341735839844,187.43179321289065,238.72735595703125,0,9.011250495910645,1.2422415430114269,0.403971659525874,-0.14833133318376757,-1.3777071776058383,0.9178450854855209,BFA,0.504,NA,0.23399999999999999,10150,58.47838860666124,5.33929510783798,1901,-0.26698292024740555,0.32464743025873743
2,2021,DHS 2021,24,Madouba,BFA.1.3.8_1,Boucle du Mouhoun,madouba,173.56839409976183,364.9397277832031,364.09722900390625,188.14341735839844,187.43179321289065,115.92276000976564,0,9.3125,1.2422415430114269,-0.9728693228219388,-0.14833133318376757,0.28450560643866996,0.9178450854855209,BFA,0.504,NA,0.23399999999999999,10150,58.47838860666124,5.33929510783798,1901,-0.26698292024740555,0.32464743025873743
1,2010,DHS 2010,25,Nouna,BFA.1.3.9_1,Boucle du Mouhoun,nouna,1493.8105231229115,268.6002502441406,268.3747253417969,171.81509399414065,173.34652709960938,262.2232971191406,0.00777565594762563,9.186429977416992,-0.864300055870774,0.6673997052051807,-0.08330911419887907,-0.41111447053280276,0.64062625400933,BFA,0.504,NA,0.23399999999999999,89742,60.07589223055432,4.856694447451023,18478,-0.22844838642593657,0.32464743025873743
2,2021,DHS 2021,25,Nouna,BFA.1.3.9_1,Boucle du Mouhoun,nouna,1493.8105231229115,268.6002502441406,268.3747253417969,171.81509399414065,173.34652709960938,108.040283203125,0.00669212033972144,9.47108554840088,-0.864300055870774,-1.061244819081455,-0.09233979867032037,1.1595375063699114,0.64062625400933,BFA,0.504,NA,0.23399999999999999,89742,60.07589223055432,4.856694447451023,18478,-0.22844838642593657,0.32464743025873743
1,2010,DHS 2010,26,Sono,BFA.1.3.10_1,Boucle du Mouhoun,sono,391.0164357987336,257.30487060546875,257.4415283203125,190.61773681640625,191.2627716064453,238.0431976318359,0,9.214957237243652,-1.1112827849849272,0.3963011223340258,-0.14833133318376757,-0.2537088139791947,0.9598535595673855,BFA,0.504,NA,0.23399999999999999,10115,25.868477828401197,5.213917525773196,1940,-1.4223405153187743,0.32464743025873743
2,2021,DHS 2021,26,Sono,BFA.1.3.10_1,Boucle du Mouhoun,sono,391.0164357987336,257.30487060546875,257.4415283203125,190.61773681640625,191.2627716064453,103.04242706298828,0,9.486583709716797,-1.1112827849849272,-1.1172789854295435,-0.14833133318376757,1.2450521429711345,0.9598535595673855,BFA,0.504,NA,0.23399999999999999,10115,25.868477828401197,5.213917525773196,1940,-1.4223405153187743,0.32464743025873743
1,2010,DHS 2010,27,Bondokuy,BFA.1.4.1_1,Boucle du Mouhoun,bondokuy,1078.4248409529207,322.1830139160156,322.1394958496094,168.65155029296875,168.48947143554688,344.31536865234375,0.0019100735662505,9.021162033081056,0.30733096747696875,1.5877864996968,-0.13231203724501414,-1.323018012742336,0.5869162760404681,BFA,0.33,NA,0.23399999999999999,62214,57.68969485627417,5.454975887768523,11405,-0.2863908909648021,-0.8820454625748029
2,2021,DHS 2021,27,Bondokuy,BFA.1.4.1_1,Boucle du Mouhoun,bondokuy,1078.4248409529207,322.1830139160156,322.1394958496094,168.65155029296875,168.48947143554688,198.720947265625,8.170714718289673e-4,9.300739288330078,0.30733096747696875,-0.04456581269167403,-0.14147502310364246,0.2196131999057547,0.5869162760404681,BFA,0.33,NA,0.23399999999999999,62214,57.68969485627417,5.454975887768523,11405,-0.2863908909648021,-0.8820454625748029
1,2010,DHS 2010,28,Dedougou,BFA.1.4.2_1,Boucle du Mouhoun,dedougou,1358.8696488278229,283.431884765625,282.6844177246094,143.2548370361328,144.3798828125,289.0716552734375,0.02607514895498752,9.150330543518066,-0.5399942168002232,0.9684138450298971,0.0677578316493096,-0.61030132298905,0.15573623291324334,BFA,0.33,NA,0.23399999999999999,123973,91.23244463289072,4.814111525318422,25752,0.37084283802688034,-0.8820454625748029
2,2021,DHS 2021,28,Dedougou,BFA.1.4.2_1,Boucle du Mouhoun,dedougou,1358.8696488278229,283.431884765625,282.6844177246094,143.2548370361328,144.3798828125,140.4097900390625,0.06034236401319504,9.41610622406006,-0.5399942168002232,-0.6983295450534002,0.34353252375985743,0.8561765562707737,0.15573623291324334,BFA,0.33,NA,0.23399999999999999,123973,91.23244463289072,4.814111525318422,25752,0.37084283802688034,-0.8820454625748029
1,2010,DHS 2010,29,Douroula,BFA.1.4.3_1,Boucle du Mouhoun,douroula,478.2484846707506,272.6750183105469,272.11907958984375,121.1181182861328,120.41305541992188,261.6446228027344,0.00125565275084227,9.20100212097168,-0.7752019139984438,0.6609118167990955,-0.1377970545554992,-0.3307093479393106,-0.22009631080188025,BFA,0.33,NA,0.23399999999999999,18418,38.511360914566914,5.9663103336572725,3087,-0.8616653361551191,-0.8820454625748029
2,2021,DHS 2021,29,Douroula,BFA.1.4.3_1,Boucle du Mouhoun,douroula,478.2484846707506,272.6750183105469,272.11907958984375,121.1181182861328,120.41305541992188,134.71725463867188,0.00137829431332647,9.46107006072998,-0.7752019139984438,-0.7621522055350094,-0.13676886339683106,1.1042747709329346,-0.22009631080188025,BFA,0.33,NA,0.23399999999999999,18418,38.511360914566914,5.9663103336572725,3087,-0.8616653361551191,-0.8820454625748029
1,2010,DHS 2010,30,Kona,BFA.1.4.4_1,Boucle du Mouhoun,kona,613.7973835845833,313.285888671875,313.5744323730469,193.8971710205078,192.85675048828125,339.9003601074219,0.02163394540548324,9.1369171142578125,0.11278803537887998,1.5382870110565332,0.031343624079771544,-0.6843129754286749,1.0155311020610702,BFA,0.33,NA,0.23399999999999999,27164,44.25564645023729,5.112742330133634,5313,-0.6643136904918289,-0.8820454625748029
2,2021,DHS 2021,30,Kona,BFA.1.4.4_1,Boucle du Mouhoun,kona,613.7973835845833,313.285888671875,313.5744323730469,193.8971710205078,192.85675048828125,182.10577392578125,0.01972728408873081,9.410297393798828,0.11278803537887998,-0.23084916313674367,0.01566198034953835,0.8241250116557796,1.0155311020610702,BFA,0.33,NA,0.23399999999999999,27164,44.25564645023729,5.112742330133634,5313,-0.6643136904918289,-0.8820454625748029
1,2010,DHS 2010,31,Ouarkoye,BFA.1.4.5_1,Boucle du Mouhoun,ouarkoye,1074.3584582354592,304.4130859375,305.03302001953125,214.948974609375,213.40713500976565,341.1619873046875,0,9.086071968078612,-0.08122306511788281,1.5524319216459208,-0.14833133318376757,-0.964862655472666,1.3729441849099056,BFA,0.33,NA,0.23399999999999999,44616,41.5280390432053,5.227416520210896,8535,-0.7546939005505047,-0.8820454625748029
2,2021,DHS 2021,31,Ouarkoye,BFA.1.4.5_1,Boucle du Mouhoun,ouarkoye,1074.3584582354592,304.4130859375,305.03302001953125,214.948974609375,213.40713500976565,169.03907775878906,2.0360262715257704e-4,9.344633102416992,-0.08122306511788281,-0.377348263173093,-0.1466223140018832,0.46180732114188494,1.3729441849099056,BFA,0.33,NA,0.23399999999999999,44616,41.5280390432053,5.227416520210896,8535,-0.7546939005505047,-0.8820454625748029
1,2010,DHS 2010,32,Safane,BFA.1.4.6_1,Boucle du Mouhoun,safane,986.9847119678722,310.7419128417969,310.4523010253906,155.359130859375,155.22291564941406,308.7849426269531,1.1877216456923634e-4,9.14057731628418,0.05716191979778237,1.189432136045442,-0.14733432976098626,-0.6641169767039483,0.36124038142054493,BFA,0.33,NA,0.23399999999999999,62048,62.86622198664791,5.40440728159568,11481,-0.1634976065124973,-0.8820454625748029
2,2021,DHS 2021,32,Safane,BFA.1.4.6_1,Boucle du Mouhoun,safane,986.9847119678722,310.7419128417969,310.4523010253906,155.359130859375,155.22291564941406,185.09844970703125,0.00881775375455617,9.416236877441406,0.05716191979778237,-0.19729635812385846,-0.07463294644781301,0.8568974660741218,0.36124038142054493,BFA,0.33,NA,0.23399999999999999,62048,62.86622198664791,5.40440728159568,11481,-0.1634976065124973,-0.8820454625748029
1,2010,DHS 2010,33,Tchériba,BFA.1.4.7_1,Boucle du Mouhoun,tchériba,1313.7561837244532,277.0514221191406,277.0854187011719,101.2934341430664,100.73116302490234,247.29324340820313,0,9.179481506347656,-0.6795082595194563,0.5000093102504183,-0.14833133318376757,-0.4494542429945949,-0.5566756184211502,BFA,0.46330952380952384,NA,NA,NA,60.56925008821819,NA,NA,-0.2167512511548842,0.04245830137908239
2,2021,DHS 2021,33,Tchériba,BFA.1.4.7_1,Boucle du Mouhoun,tchériba,1313.7561837244532,277.0514221191406,277.0854187011719,101.2934341430664,100.73116302490234,160.92857360839844,0,9.43447494506836,-0.6795082595194563,-0.46828032003646225,-0.14833133318376757,0.9575301600844585,-0.5566756184211502,BFA,0.46330952380952384,NA,NA,NA,60.56925008821819,NA,NA,-0.2167512511548842,0.04245830137908239
1,2010,DHS 2010,34,Gassan,BFA.1.5.1_1,Boucle du Mouhoun,gassan,1034.2928935139437,271.7501525878906,271.58575439453125,155.14703369140625,155.11184692382813,243.0418243408203,0.00220001069828867,9.229374885559082,-0.7954248606857526,0.4523439280230204,-0.12988307909721147,-0.17415615407288484,0.35763944042053925,BFA,0.478,NA,0.23399999999999999,44139,42.67553250805058,5.49813153961136,8028,-0.7159845320518192,0.14433699799625424
2,2021,DHS 2021,34,Gassan,BFA.1.5.1_1,Boucle du Mouhoun,gassan,1034.2928935139437,271.7501525878906,271.58575439453125,155.14703369140625,155.11184692382813,121.82023620605467,0.00164820358622819,9.479374885559082,-0.7954248606857526,-0.9067489398115322,-0.1345064660820156,1.2052758130179797,0.35763944042053925,BFA,0.478,NA,0.23399999999999999,44139,42.67553250805058,5.49813153961136,8028,-0.7159845320518192,0.14433699799625424
1,2010,DHS 2010,35,Gossina,BFA.1.5.2_1,Boucle du Mouhoun,gossina,417.6434700167076,275.3507995605469,275.27069091796875,139.5119171142578,139.97642517089844,225.7467041015625,0,9.222919464111328,-0.7166937649341255,0.2584372573779835,-0.14833133318376757,-0.20977541289718776,0.09218972762278371,BFA,0.478,NA,0.23399999999999999,26241,62.83110328278386,7.207085965394122,3641,-0.16429729742510363,0.14433699799625424
2,2021,DHS 2021,35,Gossina,BFA.1.5.2_1,Boucle du Mouhoun,gossina,417.6434700167076,275.3507995605469,275.27069091796875,139.5119171142578,139.97642517089844,150.56500244140625,6.138518219813704e-4,9.472369194030762,-0.7166937649341255,-0.5844729543277745,-0.14317978157784358,1.1666203136350088,0.09218972762278371,BFA,0.478,NA,0.23399999999999999,26241,62.83110328278386,7.207085965394122,3641,-0.16429729742510363,0.14433699799625424
1,2010,DHS 2010,36,Kougny,BFA.1.5.3_1,Boucle du Mouhoun,kougny,334.7112536162395,289.89508056640625,289.34722900390625,123.08509063720705,123.31459045410156,240.42135620117188,0,9.230024337768556,-0.3986711458862666,0.4229641812816686,-0.14833133318376757,-0.17057265351749754,-0.1867014689343812,BFA,0.478,NA,0.23399999999999999,22323,66.69330582351515,6.059446254071661,3684,-0.07888526924396033,0.14433699799625424
2,2021,DHS 2021,36,Kougny,BFA.1.5.3_1,Boucle du Mouhoun,kougny,334.7112536162395,289.89508056640625,289.34722900390625,123.08509063720705,123.31459045410156,131.76593017578125,3.421340952627361e-4,9.48225212097168,-0.3986711458862666,-0.7952413944319656,-0.1454596941988451,1.221151615037912,-0.1867014689343812,BFA,0.478,NA,0.23399999999999999,22323,66.69330582351515,6.059446254071661,3684,-0.07888526924396033,0.14433699799625424
1,2010,DHS 2010,37,Toma,BFA.1.5.4_1,Boucle du Mouhoun,toma,439.35561121708906,285.8786315917969,285.971435546875,89.89311218261719,90.48524475097656,237.2091522216797,0.00939343217760324,9.233736038208008,-0.4864940930407374,0.38695010502897886,-0.06984387718436241,-0.15009250056371995,-0.750227881064728,BFA,0.478,NA,0.23399999999999999,39109,89.0144543543247,5.482826300294406,7133,0.3354523618645739,0.14433699799625424
2,2021,DHS 2021,37,Toma,BFA.1.5.4_1,Boucle du Mouhoun,toma,439.35561121708906,285.8786315917969,285.971435546875,89.89311218261719,90.48524475097656,141.2519989013672,0.0247819572687149,9.498686790466309,-0.4864940930407374,-0.6888870020575699,0.05717101667572709,1.3118336489157687,-0.750227881064728,BFA,0.478,NA,0.23399999999999999,39109,89.0144543543247,5.482826300294406,7133,0.3354523618645739,0.14433699799625424
1,2010,DHS 2010,38,Yaba,BFA.1.5.5_1,Boucle du Mouhoun,yaba,742.7363652301855,289.9822082519531,290.08953857421875,96.61199188232422,97.10688018798828,229.70132446289065,4.4539739610627294e-4,9.233283996582031,-0.39676602766570745,0.30277503921020293,-0.1445931658114559,-0.15258674324103116,-0.6361561581063832,BFA,0.478,NA,0.23399999999999999,41381,55.71425062400895,6.281268973891924,6588,-0.3361705608375674,0.14433699799625424
2,2021,DHS 2021,38,Yaba,BFA.1.5.5_1,Boucle du Mouhoun,yaba,742.7363652301855,289.9822082519531,290.08953857421875,96.61199188232422,97.10688018798828,125.84078216552734,3.0622800113633275e-4,9.496685028076172,-0.39676602766570745,-0.8616720238727185,-0.14576101919905923,1.3007884687898694,-0.6361561581063832,BFA,0.478,NA,0.23399999999999999,41381,55.71425062400895,6.281268973891924,6588,-0.3361705608375674,0.14433699799625424
1,2010,DHS 2010,39,Ye,BFA.1.5.6_1,Boucle du Mouhoun,ye,766.6656622410279,282.25274658203125,281.4877624511719,151.86068725585938,151.29452514648438,241.8609161376953,0,9.210421562194824,-0.5657770391490728,0.43910400977801095,-0.14833133318376757,-0.2787354345979544,0.3018445435187249,BFA,0.478,NA,0.23399999999999999,49958,65.16269406662688,6.086500974658869,8208,-0.11213679698091082,0.14433699799625424
2,2021,DHS 2021,39,Ye,BFA.1.5.6_1,Boucle du Mouhoun,ye,766.6656622410279,282.25274658203125,281.4877624511719,151.86068725585938,151.29452514648438,139.0560302734375,0,9.46379280090332,-0.5657770391490728,-0.7135074128782043,-0.14833133318376757,1.1192981102656847,0.3018445435187249,BFA,0.478,NA,0.23399999999999999,49958,65.16269406662688,6.086500974658869,8208,-0.11213679698091082,0.14433699799625424
1,2010,DHS 2010,40,Di,BFA.1.6.1_1,Boucle du Mouhoun,di,290.2926918974123,258.8444519042969,259.0146789550781,174.42031860351565,175.23548889160156,255.00579833984375,0.02646350674331188,9.257500648498535,-1.0776185786420234,0.5864797035331869,0.07093454803160572,-0.018965848082880203,0.6848572081515578,BFA,0.523,NA,0.23399999999999999,38087,131.20206282512865,5.3673900789177,7096,0.8942764208457752,0.4564127461428598
2,2021,DHS 2021,40,Di,BFA.1.6.1_1,Boucle du Mouhoun,di,290.2926918974123,258.8444519042969,259.0146789550781,174.42031860351565,175.23548889160156,120.06537628173828,0.00520304590463638,9.489999771118164,-1.0776185786420234,-0.9264237984228184,-0.10476630092702013,1.263901040165499,0.6848572081515578,BFA,0.523,NA,0.23399999999999999,38087,131.20206282512865,5.3673900789177,7096,0.8942764208457752,0.4564127461428598
1,2010,DHS 2010,41,Gomboro,BFA.1.6.2_1,Boucle du Mouhoun,gomboro,484.8542708941714,304.10650634765625,303.81683349609375,112.56065368652344,112.65766143798828,215.84408569335935,0,9.26405429840088,-0.08792667900360523,0.1474126597088476,-0.14833133318376757,0.017195408622789163,-0.3653831405504538,BFA,0.523,NA,0.23399999999999999,12656,26.10268849784436,5.734481196193928,2207,-1.4097218602230372,0.4564127461428598
2,2021,DHS 2021,41,Gomboro,BFA.1.6.2_1,Boucle du Mouhoun,gomboro,484.8542708941714,304.10650634765625,303.81683349609375,112.56065368652344,112.65766143798828,112.24383544921876,0,9.476369857788086,-0.08792667900360523,-1.0141161024465546,-0.14833133318376757,1.1886948875407484,-0.3653831405504538,BFA,0.523,NA,0.23399999999999999,12656,26.10268849784436,5.734481196193928,2207,-1.4097218602230372,0.4564127461428598
1,2010,DHS 2010,42,Kassoum,BFA.1.6.3_1,Boucle du Mouhoun,kassoum,685.7169305840324,267.19744873046875,267.1982116699219,145.85923767089844,144.42308044433594,225.06399536132813,0.00319698033854365,9.2544527053833,-0.8949734601595459,0.2507829724116018,-0.12153629127947184,-0.03578356875099545,0.19995319778827692,BFA,0.523,NA,0.23399999999999999,25694,37.47027214001577,5.493692537951678,4677,-0.9004881235644921,0.4564127461428598
2,2021,DHS 2021,42,Kassoum,BFA.1.6.3_1,Boucle du Mouhoun,kassoum,685.7169305840324,267.19744873046875,267.1982116699219,145.85923767089844,144.42308044433594,110.44843292236328,0,9.488848686218262,-0.8949734601595459,-1.0342455101427208,-0.14833133318376757,1.2575496669344555,0.19995319778827692,BFA,0.523,NA,0.23399999999999999,25694,37.47027214001577,5.493692537951678,4677,-0.9004881235644921,0.4564127461428598
1,2010,DHS 2010,43,Kiembara,BFA.1.6.4_1,Boucle du Mouhoun,kiembara,743.5979035882809,308.26898193359375,307.3966369628906,74.74952697753906,75.63780975341797,221.5950164794922,0,9.256875038146973,0.003089259634359636,0.2118900282626564,-0.14833133318376757,-0.02241779575443327,-1.0073324778600963,BFA,0.523,NA,0.23399999999999999,39289,52.836351219400065,5.8197304103095835,6751,-0.4118848943656567,0.4564127461428598
2,2021,DHS 2021,43,Kiembara,BFA.1.6.4_1,Boucle du Mouhoun,kiembara,743.5979035882809,308.26898193359375,307.3966369628906,74.74952697753906,75.63780975341797,120.072265625,8.702485356479883e-4,9.466875076293944,0.003089259634359636,-0.9263465575828399,-0.1410289912457358,1.1363052670864973,-1.0073324778600963,BFA,0.523,NA,0.23399999999999999,39289,52.836351219400065,5.8197304103095835,6751,-0.4118848943656567,0.4564127461428598
1,2010,DHS 2010,44,Lanfièra,BFA.1.6.5_1,Boucle du Mouhoun,lanfièra,283.319396928862,262.173583984375,262.3094787597656,181.0804443359375,181.85275268554688,226.02769470214844,0.01617300324141979,9.233710289001465,-1.0048243784449726,0.26158762297755256,-0.013649209081663855,-0.15023457767825033,0.7979314186408,BFA,0.46330952380952384,NA,NA,NA,60.56925008821819,NA,NA,-0.2167512511548842,0.04245830137908239
2,2021,DHS 2021,44,Lanfièra,BFA.1.6.5_1,Boucle du Mouhoun,lanfièra,283.319396928862,262.173583984375,262.3094787597656,181.0804443359375,181.85275268554688,101.98944854736328,0,9.481013298034668,-1.0048243784449726,-1.1290846020081513,-0.14833133318376757,1.2143161271943945,0.7979314186408,BFA,0.46330952380952384,NA,NA,NA,60.56925008821819,NA,NA,-0.2167512511548842,0.04245830137908239
1,2010,DHS 2010,45,Lankouè,BFA.1.6.6_1,Boucle du Mouhoun,lankouè,293.580038971288,326.70404052734375,326.851806640625,74.84801483154297,75.38834381103516,206.0661773681641,0,9.252647399902344,0.4061869180145308,0.037786266657973716,-0.14833133318376757,-0.04574475311418136,-1.005660371839626,BFA,0.46330952380952384,NA,NA,NA,60.56925008821819,NA,NA,-0.2167512511548842,0.04245830137908239
2,2021,DHS 2021,45,Lankouè,BFA.1.6.6_1,Boucle du Mouhoun,lankouè,293.580038971288,326.70404052734375,326.851806640625,74.84801483154297,75.38834381103516,117.74475860595705,7.495222962461412e-4,9.476655006408691,0.4061869180145308,-0.9524417295574836,-0.14204163771881245,1.1902682600312886,-1.005660371839626,BFA,0.46330952380952384,NA,NA,NA,60.56925008821819,NA,NA,-0.2167512511548842,0.04245830137908239
1,2010,DHS 2010,46,Toeni,BFA.1.6.7_1,Boucle du Mouhoun,toeni,1496.7405562424633,267.7996826171875,267.8182067871094,181.80577087402344,180.45932006835935,227.941162109375,0,9.270124435424805,-0.8818051228689978,0.2830407316689216,-0.14833133318376757,0.050688772844479466,0.8102458596793085,BFA,0.523,NA,0.23399999999999999,32708,21.85281868897357,5.2891332470892625,6184,-1.6576973468994833,0.4564127461428598
2,2021,DHS 2021,46,Toeni,BFA.1.6.7_1,Boucle du Mouhoun,toeni,1496.7405562424633,267.7996826171875,267.8182067871094,181.80577087402344,180.45932006835935,116.0645523071289,0.00171236204914748,9.50019645690918,-0.8818051228689978,-0.9712795985572638,-0.13396877529716827,1.3201635775195317,0.8102458596793085,BFA,0.523,NA,0.23399999999999999,32708,21.85281868897357,5.2891332470892625,6184,-1.6576973468994833,0.4564127461428598
1,2010,DHS 2010,47,Tougan,BFA.1.6.8_1,Boucle du Mouhoun,tougan,1766.8643828819495,293.6648864746094,293.3740234375,108.6996612548828,109.08980560302734,215.78497314453125,0.00465582776814699,9.251909255981444,-0.31624125143181664,0.14674991106194427,-0.10933752692760687,-0.04981763039739554,-0.4309342560177513,BFA,0.523,NA,0.23399999999999999,89181,50.474162512991526,5.473577610016571,16293,-0.4771199716905332,0.4564127461428598
2,2021,DHS 2021,47,Tougan,BFA.1.6.8_1,Boucle du Mouhoun,tougan,1766.8643828819495,293.6648864746094,293.3740234375,108.6996612548828,109.08980560302734,111.60919189453124,0.01245093438774347,9.4800443649292,-0.31624125143181664,-1.0212314978316908,-0.04445420159908893,1.2089698179957697,-0.4309342560177513,BFA,0.523,NA,0.23399999999999999,89181,50.474162512991526,5.473577610016571,16293,-0.4771199716905332,0.4564127461428598
1,2010,DHS 2010,48,Banfora,BFA.2.1.1_1,Cascades,banfora,939.1246647006908,304.2352600097656,306.196533203125,43.3814811706543,44.51513671875,344.5513916015625,0.07944352924823761,8.894329071044922,-0.08511137470499257,1.5904327041548036,0.49341085218167297,-2.0228477819962003,-1.5398925460487933,BFA,0.21100000000000002,NA,0.255,160302,170.69299319392275,4.74631373245692,33774,1.274292430919437,-1.7073124410069367
2,2021,DHS 2021,48,Banfora,BFA.2.1.1_1,Cascades,banfora,939.1246647006908,304.2352600097656,306.196533203125,43.3814811706543,44.51513671875,295.99859619140625,0.2078050673007965,9.105395317077637,-0.08511137470499257,1.0460762164142452,1.436637078231079,-0.8582416741906315,-1.5398925460487933,BFA,0.21100000000000002,NA,0.255,160302,170.69299319392275,4.74631373245692,33774,1.274292430919437,-1.7073124410069367
1,2010,DHS 2010,49,Beregadougou,BFA.2.1.2_1,Cascades,beregadougou,287.63783319227514,369.8451843261719,370.9455871582031,49.64379119873047,47.2815055847168,363.173095703125,0.02944253571331501,8.8725004196167,1.349503368934062,1.7992125561661687,0.09526272301893501,-2.1432923403104964,-1.433572366713968,BFA,0.21100000000000002,NA,0.255,15164,52.71907325857038,4.791153238546603,3165,-0.4150555547859807,-1.7073124410069367
2,2021,DHS 2021,49,Beregadougou,BFA.2.1.2_1,Cascades,beregadougou,287.63783319227514,369.8451843261719,370.9455871582031,49.64379119873047,47.2815055847168,297.7970275878906,0.02410235255956649,9.06999969482422,1.349503368934062,1.0662395827078326,0.05160202303273754,-1.0535450855163717,-1.433572366713968,BFA,0.21100000000000002,NA,0.255,15164,52.71907325857038,4.791153238546603,3165,-0.4150555547859807,-1.7073124410069367
1,2010,DHS 2010,50,Mangodara,BFA.2.1.3_1,Cascades,mangodara,2575.8986001273306,275.21759033203125,274.4786682128906,260.7687683105469,261.71588134765625,322.9667663574219,0,8.971575736999512,-0.7196064938422659,1.348433645442753,-0.14833133318376757,-1.5966217005203973,2.150862981895733,BFA,0.21100000000000002,NA,0.255,67598,26.2424926185598,5.735448837603937,11786,-1.4022414509196017,-1.7073124410069367
2,2021,DHS 2021,50,Mangodara,BFA.2.1.3_1,Cascades,mangodara,2575.8986001273306,275.21759033203125,274.4786682128906,260.7687683105469,261.71588134765625,380.9124145507813,6.182166398502886e-4,9.245442390441896,-0.7196064938422659,1.9980994219222057,-0.14314316258154886,-0.08550003460591457,2.150862981895733,BFA,0.21100000000000002,NA,0.255,67598,26.2424926185598,5.735448837603937,11786,-1.4022414509196017,-1.7073124410069367
1,2010,DHS 2010,51,Moussodougou,BFA.2.1.4_1,Cascades,moussodougou,299.72696033340094,491.5146484375,492.1473388671875,84.99787139892578,84.835052490234375,362.3464660644531,0,8.861673355102539,4.009905874856888,1.789944681825085,-0.14833133318376757,-2.2030331359128468,-0.8333382469961177,BFA,0.21100000000000002,NA,0.255,17288,57.679162330841756,5.959324370906584,2901,-0.2866518336417841,-1.7073124410069367
2,2021,DHS 2021,51,Moussodougou,BFA.2.1.4_1,Cascades,moussodougou,299.72696033340094,491.5146484375,492.1473388671875,84.99787139892578,84.835052490234375,315.0165100097656,8.27925163321197e-4,9.063957214355469,4.009905874856888,1.2592982293356516,-0.14138398395642118,-1.0868858483928454,-0.8333382469961177,BFA,0.21100000000000002,NA,0.255,17288,57.679162330841756,5.959324370906584,2901,-0.2866518336417841,-1.7073124410069367
1,2010,DHS 2010,52,Niangoloko,BFA.2.1.5_1,Cascades,niangoloko,2835.4330549798983,289.9740295410156,289.79168701171875,187.42706298828125,190.8948974609375,325.8890380859375,0.00388490851037204,8.97127628326416,-0.39694486188045697,1.3811971055261563,-0.11578168277471033,-1.598274004741232,0.9056829720231276,BFA,0.21100000000000002,NA,0.255,76855,27.105207038839737,5.361727361518069,14334,-1.356913286839717,-1.7073124410069367
2,2021,DHS 2021,52,Niangoloko,BFA.2.1.5_1,Cascades,niangoloko,2835.4330549798983,289.9740295410156,289.79168701171875,187.42706298828125,190.8948974609375,334.46429443359375,0.01040525455027818,9.23896598815918,-0.39694486188045697,1.477339796950029,-0.06143314136227925,-0.12123505996799279,0.9056829720231276,BFA,0.21100000000000002,NA,0.255,76855,27.105207038839737,5.361727361518069,14334,-1.356913286839717,-1.7073124410069367
1,2010,DHS 2010,53,Ouo,BFA.2.1.6_1,Cascades,ouo,2736.608220822045,337.0555114746094,336.34576416015625,191.58560180664065,192.3044281005859,335.0377197265625,0,8.968528747558594,0.632530310329421,1.483768835192321,-0.14833133318376757,-1.6134341590731596,0.9762857673105773,BFA,0.21100000000000002,NA,0.255,45170,16.505833628765266,6.039577483620805,7479,-2.0452211133340623,-1.7073124410069367
2,2021,DHS 2021,53,Ouo,BFA.2.1.6_1,Cascades,ouo,2736.608220822045,337.0555114746094,336.34576416015625,191.58560180664065,192.3044281005859,369.228759765625,1.11472443677485e-4,9.24264144897461,0.632530310329421,1.867106484665076,-0.14739560203921165,-0.10095486739761851,0.9762857673105773,BFA,0.21100000000000002,NA,0.255,45170,16.505833628765266,6.039577483620805,7479,-2.0452211133340623,-1.7073124410069367
1,2010,DHS 2010,54,Sidéradougou,BFA.2.1.7_1,Cascades,sidéradougou,3888.511896752027,323.1322326660156,323.25653076171875,142.74034118652344,143.53076171875,354.1949768066406,9.638673509471118e-5,9.00974464416504,0.32808641305744957,1.6985531146711679,-0.14752222963114048,-1.3860160577481795,0.14700123085294184,BFA,0.3692857142857143,NA,NA,NA,56.783792415926655,NA,NA,-0.30900755674239394,-0.6095983808595127
2,2021,DHS 2021,54,Sidéradougou,BFA.2.1.7_1,Cascades,sidéradougou,3888.511896752027,323.1322326660156,323.25653076171875,142.74034118652344,143.53076171875,362.9031677246094,5.456302897073328e-4,9.238760948181152,0.32808641305744957,1.796186220708315,-0.14375215245992362,-0.1223664147688829,0.14700123085294184,BFA,0.3692857142857143,NA,NA,NA,56.783792415926655,NA,NA,-0.30900755674239394,-0.6095983808595127
1,2010,DHS 2010,55,Soubakaniédougou,BFA.2.1.8_1,Cascades,soubakaniédougou,871.6736253545795,310.1673889160156,310.9836120605469,85.44000244140625,85.20612335205078,317.4922790527344,0,8.886190414428711,0.04459948350347516,1.287055661823367,-0.14833133318376757,-2.067754674418508,-0.8258318393741274,BFA,0.3692857142857143,NA,NA,NA,56.783792415926655,NA,NA,-0.30900755674239394,-0.6095983808595127
2,2021,DHS 2021,55,Soubakaniédougou,BFA.2.1.8_1,Cascades,soubakaniédougou,871.6736253545795,310.1673889160156,310.9836120605469,85.44000244140625,85.20612335205078,342.59716796875,0.00105205259751528,9.137979507446287,0.04459948350347516,1.5685226513137496,-0.13950425709041098,-0.678450978925468,-0.8258318393741274,BFA,0.3692857142857143,NA,NA,NA,56.783792415926655,NA,NA,-0.30900755674239394,-0.6095983808595127
1,2010,DHS 2010,56,Tiéfora,BFA.2.1.9_1,Cascades,tiéfora,1090.255910943205,300.1435546875,300.3434753417969,89.58431243896484,90.39422607421876,358.0879821777344,0,8.926384925842285,-0.17457986355189728,1.7422000913830469,-0.14833133318376757,-1.8459722986365765,-0.755470618006283,BFA,0.3692857142857143,NA,NA,NA,56.783792415926655,NA,NA,-0.30900755674239394,-0.6095983808595127
2,2021,DHS 2021,56,Tiéfora,BFA.2.1.9_1,Cascades,tiéfora,1090.255910943205,300.1435546875,300.3434753417969,89.58431243896484,90.39422607421876,316.892822265625,6.259612273424864e-4,9.137733459472656,-0.17457986355189728,1.2803347678269148,-0.1430781891248873,-0.6798086046865264,-0.755470618006283,BFA,0.3692857142857143,NA,NA,NA,56.783792415926655,NA,NA,-0.30900755674239394,-0.6095983808595127
1,2010,DHS 2010,57,Dakoro,BFA.2.2.1_1,Cascades,dakoro,415.7424098605688,316.1860046386719,316.29638671875,98.1763687133789,97.65867614746094,301.28253173828125,0,8.831443786621094,0.17620144680373437,1.105317802227092,-0.14833133318376757,-2.3698316683715195,-0.6095964980960537,BFA,0.488,NA,0.255,18003,43.30325598977941,5.735266008282893,3139,-0.6952371531136047,0.2136871642510555
2,2021,DHS 2021,57,Dakoro,BFA.2.2.1_1,Cascades,dakoro,415.7424098605688,316.1860046386719,316.29638671875,98.1763687133789,97.65867614746094,343.428955078125,0,9.079534530639648,0.17620144680373437,1.577848349362281,-0.14833133318376757,-1.0009344562173152,-0.6095964980960537,BFA,0.488,NA,0.255,18003,43.30325598977941,5.735266008282893,3139,-0.6952371531136047,0.2136871642510555
1,2010,DHS 2010,58,Douna,BFA.2.2.2_1,Cascades,douna,174.6867299679845,334.1535339355469,335.8782043457031,40.44246292114258,41.14366149902344,333.40667724609375,0,8.765000343322754,0.5690761941019558,1.4654821732499297,-0.14833133318376757,-2.7364485071287965,-1.589790578237469,BFA,0.488,NA,0.255,14195,81.25974996842389,4.610263072426112,3079,0.20447264375064356,0.2136871642510555
2,2021,DHS 2021,58,Douna,BFA.2.2.2_1,Cascades,douna,174.6867299679845,334.1535339355469,335.8782043457031,40.44246292114258,41.14366149902344,309.61529541015625,0,9.00999927520752,0.5690761941019558,1.198741752944565,-0.14833133318376757,-1.3846110729489445,-1.589790578237469,BFA,0.488,NA,0.255,14195,81.25974996842389,4.610263072426112,3079,0.20447264375064356,0.2136871642510555
1,2010,DHS 2010,59,Kankalaba,BFA.2.2.3_1,Cascades,kankalaba,314.72635407822054,505.27398681640625,507.5757141113281,71.97404479980469,71.48491668701172,351.61785888671875,0,8.765000343322754,4.310765080331716,1.6696593950092826,-0.14833133318376757,-2.7364485071287965,-1.0544540291014655,BFA,0.488,NA,0.255,12592,40.009359994271236,6.13047711781889,2054,-0.8075625693885752,0.2136871642510555
2,2021,DHS 2021,59,Kankalaba,BFA.2.2.3_1,Cascades,kankalaba,314.72635407822054,505.27398681640625,507.5757141113281,71.97404479980469,71.48491668701172,327.6921081542969,0,9.010000228881836,4.310765080331716,1.401412478941235,-0.14833133318376757,-1.3846058108335915,-1.0544540291014655,BFA,0.488,NA,0.255,12592,40.009359994271236,6.13047711781889,2054,-0.8075625693885752,0.2136871642510555
1,2010,DHS 2010,60,Loumana,BFA.2.2.4_1,Cascades,loumana,439.2199046192257,364.9018249511719,369.2967834472656,117.44548797607422,117.23810577392578,311.89910888671875,0,8.766862869262695,1.2414127665385952,1.2243470486284478,-0.14833133318376757,-2.726171595844432,-0.28244945388251763,BFA,0.488,NA,0.255,33787,76.9250201201402,6.075705808307858,5561,0.125765830455858,0.2136871642510555
2,2021,DHS 2021,60,Loumana,BFA.2.2.4_1,Cascades,loumana,439.2199046192257,364.9018249511719,369.2967834472656,117.44548797607422,117.23810577392578,314.51983642578125,0,9.01194953918457,1.2414127665385952,1.2537297036627777,-0.14833133318376757,-1.373850047052106,-0.28244945388251763,BFA,0.488,NA,0.255,33787,76.9250201201402,6.075705808307858,5561,0.125765830455858,0.2136871642510555
1,2010,DHS 2010,61,Niankorodougou,BFA.2.2.5_1,Cascades,niankorodougou,658.7924600693324,365.3478145599365,328.7150573730469,105.90343308448792,120.67048645019533,288.501953125,0.00100698880851268,8.836016654968262,1.2511646946944335,0.9620265493456446,-0.13988216726731595,-2.3445998252539932,-0.4784080283485036,BFA,0.488,NA,0.255,51601,78.32664022076001,5.69421761200618,9062,0.15168446096385904,0.2136871642510555
2,2021,DHS 2021,61,Niankorodougou,BFA.2.2.5_1,Cascades,niankorodougou,658.7924600693324,365.3478145599365,328.7150573730469,105.90343308448792,120.67048645019533,316.5142517089844,0.14037957787513733,9.084525108337402,1.2511646946944335,1.2760903708393878,0.9544128503147614,-0.9733978065751853,-0.4784080283485036,BFA,0.488,NA,0.255,51601,78.32664022076001,5.69421761200618,9062,0.15168446096385904,0.2136871642510555
1,2010,DHS 2010,62,Oueleni,BFA.2.2.6_1,Cascades,oueleni,460.5827285009262,512.3001708984375,511.58978271484375,116.73161315917967,114.0894775390625,381.59033203125,0,8.762001037597656,4.4643983512221626,2.0056999890065197,-0.14833133318376757,-2.7529978599139096,-0.2945694700130765,BFA,0.488,NA,0.255,17993,39.065728883413435,5.973771580345286,3012,-0.8414079888561745,0.2136871642510555
2,2021,DHS 2021,62,Oueleni,BFA.2.2.6_1,Cascades,oueleni,460.5827285009262,512.3001708984375,511.58978271484375,116.73161315917967,114.0894775390625,348.2994384765625,2.9637274565175176e-4,9.00649642944336,4.4643983512221626,1.6324544583200682,-0.14584372668534373,-1.4039388226404297,-0.2945694700130765,BFA,0.488,NA,0.255,17993,39.065728883413435,5.973771580345286,3012,-0.8414079888561745,0.2136871642510555
1,2010,DHS 2010,63,Sindou,BFA.2.2.7_1,Cascades,sindou,404.53599496563606,409.6984558105469,414.4743347167969,64.65340423583984,66.04869842529297,333.10955810546875,8.196934359148145e-4,8.765000343322754,2.2209277982324434,1.4621509802575425,-0.14145303036907392,-2.7364485071287965,-1.178742321140186,BFA,0.488,NA,0.255,25748,63.64822987429636,5.602262837249782,4596,-0.1458034445865497,0.2136871642510555
2,2021,DHS 2021,63,Sindou,BFA.2.2.7_1,Cascades,sindou,404.53599496563606,409.6984558105469,414.4743347167969,64.65340423583984,66.04869842529297,305.8892822265625,0.011796192266047,9.010000228881836,2.2209277982324434,1.156967032606386,-0.049884760498875615,-1.3846058108335915,-1.178742321140186,BFA,0.488,NA,0.255,25748,63.64822987429636,5.602262837249782,4596,-0.1458034445865497,0.2136871642510555
1,2010,DHS 2010,64,Wolonkoto,BFA.2.2.8_1,Cascades,wolonkoto,256.114993221034,401.7656555175781,412.5090942382813,49.46231460571289,50.320106506347656,347.649169921875,0,8.818439483642578,2.047470621178645,1.625163881052013,-0.14833133318376757,-2.441585873324717,-1.4366534380483793,BFA,0.488,NA,0.255,5504,21.490346702388884,5.266985645933015,1045,-1.6809427636206868,0.2136871642510555
2,2021,DHS 2021,64,Wolonkoto,BFA.2.2.8_1,Cascades,wolonkoto,256.114993221034,401.7656555175781,412.5090942382813,49.46231460571289,50.320106506347656,310.6876525878906,0,9.03982639312744,2.047470621178645,1.2107646361162465,-0.14833133318376757,-1.220033153169238,-1.4366534380483793,BFA,0.488,NA,0.255,5504,21.490346702388884,5.266985645933015,1045,-1.6809427636206868,0.2136871642510555
1,2010,DHS 2010,65,Komki-Ipala,BFA.7.1.1_1,Centre,komki ipala,221.9822365960825,332.1571044921875,333.3410949707031,61.35115432739258,61.215919494628906,167.90664672851565,0,9.161250114440918,0.5254226288232303,-0.39004467278330274,-0.14833133318376757,-0.5500501021974608,-1.2348072238518748,BFA,0.064,NA,0.57,22553,101.59821950545214,5.552191038897095,4062,0.5256960499812207,-2.726759884952514
2,2021,DHS 2021,65,Komki-Ipala,BFA.7.1.1_1,Centre,komki ipala,221.9822365960825,332.1571044921875,333.3410949707031,61.35115432739258,61.215919494628906,153.7695770263672,0.00655673211440444,9.366250038146973,0.5254226288232303,-0.5485444161038538,-0.09346886953127959,0.58108368984782,-1.2348072238518748,BFA,0.064,NA,0.57,22553,101.59821950545214,5.552191038897095,4062,0.5256960499812207,-2.726759884952514
1,2010,DHS 2010,66,Komsilga,BFA.7.1.2_1,Centre,komsilga,318.77344082541146,314.8974914550781,317.37615966796875,72.03535461425781,74.68981170654297,158.31655883789065,0.09071165323257446,9.1636810302734375,0.1480270504785331,-0.49756529064193744,0.5805879672474727,-0.5366369701627217,-1.0534131239980105,BFA,0.064,NA,0.57,137278,430.64440890853757,3.868402513596528,35487,2.6146372542256833,-2.726759884952514
2,2021,DHS 2021,66,Komsilga,BFA.7.1.2_1,Centre,komsilga,318.77344082541146,314.8974914550781,317.37615966796875,72.03535461425781,74.68981170654297,149.7010040283203,0.467764675617218,9.368861198425291,0.1480270504785331,-0.5941597939337695,3.073075195415028,0.5954913616842619,-1.0534131239980105,BFA,0.064,NA,0.57,137278,430.64440890853757,3.868402513596528,35487,2.6146372542256833,-2.726759884952514
1,2010,DHS 2010,67,Koubri,BFA.7.1.3_1,Centre,koubri,640.2903876325829,292.8915100097656,284.5863037109375,116.86711120605467,140.60658264160156,152.56004333496094,0.0036560024600476,9.195000648498535,-0.3331517613951829,-0.5621052730328053,-0.11769607372548743,-0.36382383985559635,-0.29226901274113043,BFA,0.064,NA,0.57,60817,94.98346558795842,4.651040073416947,13076,0.4288012045792412,-2.726759884952514
2,2021,DHS 2021,67,Koubri,BFA.7.1.3_1,Centre,koubri,640.2903876325829,292.8915100097656,284.5863037109375,116.86711120605467,140.60658264160156,140.2667694091797,0.03238490223884582,9.40250015258789,-0.3331517613951829,-0.6999330409407073,0.11922248583264808,0.7811019565298377,-0.29226901274113043,BFA,0.064,NA,0.57,60817,94.98346558795842,4.651040073416947,13076,0.4288012045792412,-2.726759884952514
1,2010,DHS 2010,68,Ouagadougou,BFA.7.1.4_1,Centre,ouagadougou,521.7971569686707,306.9972839355469,307.3838806152344,64.92740631103516,65.46589660644531,152.97418212890625,6.067052364349365,9.1724214553833,-0.024717458883651407,-0.5574620977551564,16.267127768263606,-0.4884096829526854,-1.1740903716770852,BFA,0.064,NA,NA,NA,262.7834208651219,NA,NA,1.8986281480523035,-2.726759884952514
2,2021,DHS 2021,68,Ouagadougou,BFA.7.1.4_1,Centre,ouagadougou,521.7971569686707,306.9972839355469,307.3838806152344,64.92740631103516,65.46589660644531,154.53787231445313,8.044994354248047,9.37824821472168,-0.024717458883651407,-0.5399305655307395,18.338683634234755,0.6472863631036265,-1.1740903716770852,BFA,0.064,NA,NA,NA,262.7834208651219,NA,NA,1.8986281480523035,-2.726759884952514
1,2010,DHS 2010,69,Pabre,BFA.7.1.5_1,Centre,pabre,410.04044403821206,306.9527282714844,307.8952331542969,77.93241119384766,87.31861114501953,155.02230834960938,0.01122288312762975,9.203207015991213,-0.025691704978928604,-0.5344992428560114,-0.05464278486255261,-0.31854333724321743,-0.953294140702925,BFA,0.064,NA,0.57,40387,98.49516209244057,4.9792873874984585,8111,0.4810444191492959,-2.726759884952514
2,2021,DHS 2021,69,Pabre,BFA.7.1.5_1,Centre,pabre,410.04044403821206,306.9527282714844,307.8952331542969,77.93241119384766,87.31861114501953,163.8828582763672,0.09953267872333528,9.417536735534668,-0.025691704978928604,-0.4351579423843436,0.6482066371099195,0.8640697293002297,-0.953294140702925,BFA,0.064,NA,0.57,40387,98.49516209244057,4.9792873874984585,8111,0.4810444191492959,-2.726759884952514
1,2010,DHS 2010,70,Saaba,BFA.7.1.6_1,Centre,saaba,449.67817945864186,294.8068542480469,292.2125244140625,80.91478729248047,90.21795654296876,150.02261352539065,0.10164712369441986,9.195487022399902,-0.2912711905514928,-0.590554023869033,0.664334572122651,-0.36114016102557794,-0.9026599880932771,BFA,0.064,NA,0.57,285235,634.3091860569896,3.989802912254689,71491,3.1765848729972914,-2.726759884952514
2,2021,DHS 2021,70,Saaba,BFA.7.1.6_1,Centre,saaba,449.67817945864186,294.8068542480469,292.2125244140625,80.91478729248047,90.21795654296876,144.91151428222656,0.5001475214958191,9.40300464630127,-0.2912711905514928,-0.6478578311781429,3.2562724507257346,0.7838856155515627,-0.9026599880932771,BFA,0.064,NA,0.57,285235,634.3091860569896,3.989802912254689,71491,3.1765848729972914,-2.726759884952514
1,2010,DHS 2010,71,Tanghin-Dassouri,BFA.7.1.7_1,Centre,tanghin dassouri,317.7549896793796,333.4394226074219,340.4234619140625,61.02655792236328,59.7281494140625,158.43968200683594,0.06024294346570968,9.161250114440918,0.5534615649036774,-0.4961848779336607,0.34274537255241383,-0.5500501021974608,-1.2403181531797791,BFA,0.064,NA,0.57,68848,216.67008303935322,4.961660420870568,13876,1.6192637772856115,-2.726759884952514
2,2021,DHS 2021,71,Tanghin-Dassouri,BFA.7.1.7_1,Centre,tanghin dassouri,317.7549896793796,333.4394226074219,340.4234619140625,61.02655792236328,59.7281494140625,161.30531311035156,0.12361922115087508,9.366250038146973,0.5534615649036774,-0.4640564521758399,0.8301181066703877,0.58108368984782,-1.2403181531797791,BFA,0.064,NA,0.57,68848,216.67008303935322,4.961660420870568,13876,1.6192637772856115,-2.726759884952514
1,2010,DHS 2010,72,Bagre,BFA.3.1.1_1,Centre-Est,bagre,571.0882798756634,256.1966857910156,255.20758056640625,97.44828033447266,98.38936614990234,219.9875640869141,0.00672474037855863,9.177777290344238,-1.13551415379164,0.1938678499052197,-0.09206778637447662,-0.4588576431303652,-0.6219578290857133,BFA,0.408,NA,0.221,37855,66.28572382581856,5.7269288956127085,6610,-0.08766569315109622,-0.341114165787354
2,2021,DHS 2021,72,Bagre,BFA.3.1.1_1,Centre-Est,bagre,571.0882798756634,256.1966857910156,255.20758056640625,97.44828033447266,98.38936614990234,189.02914428710935,0.01149919349700212,9.380882263183594,-1.13551415379164,-0.15322682354985984,-0.05234928491279841,0.6618203257085497,-0.6219578290857133,BFA,0.408,NA,0.221,37855,66.28572382581856,5.7269288956127085,6610,-0.08766569315109622,-0.341114165787354
1,2010,DHS 2010,73,Bane,BFA.3.1.2_1,Centre-Est,bane,452.83465314004303,250.6300811767578,249.5757598876953,173.87521362304688,176.72215270996094,217.03924560546875,0,9.1576995849609375,-1.2572325239136812,0.1608123629915982,-0.14833133318376757,-0.569640957656595,0.6756025307210393,BFA,0.408,NA,0.221,34507,76.2022070544332,5.766544117647059,5984,0.11221685115453967,-0.341114165787354
2,2021,DHS 2021,73,Bane,BFA.3.1.2_1,Centre-Est,bane,452.83465314004303,250.6300811767578,249.5757598876953,173.87521362304688,176.72215270996094,176.877197265625,0,9.358202934265137,-1.2572325239136812,-0.28947008501284116,-0.14833133318376757,0.5366819604993981,0.6756025307210393,BFA,0.408,NA,0.221,34507,76.2022070544332,5.766544117647059,5984,0.11221685115453967,-0.341114165787354
1,2010,DHS 2010,74,Beguedo,BFA.3.1.3_1,Centre-Est,beguedo,34.211520170737764,245.1867218017578,245.46139526367188,37.6422119140625,38.36531066894531,184.72897338867188,0.03074761480093002,9.194375038146973,-1.3762560359153273,-0.2014387937810925,0.10589845404299135,-0.3672757875271494,-1.6373326494413027,BFA,0.408,NA,0.221,28094,821.185374394141,4.399310992796743,6386,3.5514797576059864,-0.341114165787354
2,2021,DHS 2021,74,Beguedo,BFA.3.1.3_1,Centre-Est,beguedo,34.211520170737764,245.1867218017578,245.46139526367188,37.6422119140625,38.36531066894531,150.82186889648438,0.09574248641729356,9.403124809265137,-1.3762560359153273,-0.5815930599751735,0.6192191561596665,0.7845486420860378,-1.6373326494413027,BFA,0.408,NA,0.221,28094,821.185374394141,4.399310992796743,6386,3.5514797576059864,-0.341114165787354
1,2010,DHS 2010,75,Bissiga,BFA.3.1.4_1,Centre-Est,bissiga,268.21914237943224,279.82879638671875,281.2044677734375,148.55523681640625,148.0627899169922,196.77017211914065,0,9.159794807434082,-0.6187786958995367,-0.06643720234372402,-0.14833133318376757,-0.5580800902261039,0.24572530286640645,BFA,0.408,NA,0.221,26183,97.61793944952895,5.95203455330757,4399,0.4681688941589803,-0.341114165787354
2,2021,DHS 2021,75,Bissiga,BFA.3.1.4_1,Centre-Est,bissiga,268.21914237943224,279.82879638671875,281.2044677734375,148.55523681640625,148.0627899169922,147.6605682373047,0,9.3634185791015625,-0.6187786958995367,-0.6170364264999153,-0.14833133318376757,0.5654604693648305,0.24572530286640645,BFA,0.408,NA,0.221,26183,97.61793944952895,5.95203455330757,4399,0.4681688941589803,-0.341114165787354
1,2010,DHS 2010,76,Bittou,BFA.3.1.5_1,Centre-Est,bittou,1339.589461346099,231.4261932373047,232.0620574951172,85.95112609863281,87.69134521484375,230.1329803466797,0.00669242441654205,9.150888442993164,-1.6771412657721527,0.3076146098019055,-0.09233726299088489,-0.6072229855075584,-0.817154089685121,BFA,0.408,NA,0.221,102394,76.43685095664192,5.873910050481872,17432,0.11662905818212381,-0.341114165787354
2,2021,DHS 2021,76,Bittou,BFA.3.1.5_1,Centre-Est,bittou,1339.589461346099,231.4261932373047,232.0620574951172,85.95112609863281,87.69134521484375,192.7235565185547,0.00537390960380435,9.345697402954102,-1.6771412657721527,-0.11180640172684225,-0.10333948854874508,0.4676798418758076,-0.817154089685121,BFA,0.408,NA,0.221,102394,76.43685095664192,5.873910050481872,17432,0.11662905818212381,-0.341114165787354
1,2010,DHS 2010,77,Boussouma,BFA.3.1.6_1,Centre-Est,boussouma,386.9241013448907,260.8651123046875,259.24737548828125,77.5771484375,86.54197692871094,202.6441192626953,0,9.194375038146973,-1.0334351836375104,-5.806186140415279e-4,-0.14833133318376757,-0.3672757875271494,-0.9593257168779344,BFA,0.5061363636363636,NA,NA,NA,164.01698795970563,NA,NA,1.2166313115655285,0.3394631475949902
2,2021,DHS 2021,77,Boussouma,BFA.3.1.6_1,Centre-Est,boussouma,386.9241013448907,260.8651123046875,259.24737548828125,77.5771484375,86.54197692871094,175.1541748046875,8.735478622838855e-4,9.403124809265137,-1.0334351836375104,-0.3087879934300738,-0.141001318351372,0.7845486420860378,-0.9593257168779344,BFA,0.5061363636363636,NA,NA,NA,164.01698795970563,NA,NA,1.2166313115655285,0.3394631475949902
1,2010,DHS 2010,78,Garango,BFA.3.1.7_1,Centre-Est,garango,446.79130959003993,278.2900695800781,278.0335998535156,62.81563186645508,63.6554069519043,186.6364288330078,0.00850180629640817,9.193320274353027,-0.6524242180707501,-0.18005308905639364,-0.07726247525598046,-0.3730956871075422,-1.2099436329585984,BFA,0.408,NA,0.221,91188,204.0952857468757,4.61384335154827,19764,1.532748025726623,-0.341114165787354
2,2021,DHS 2021,78,Garango,BFA.3.1.7_1,Centre-Est,garango,446.79130959003993,278.2900695800781,278.0335998535156,62.81563186645508,63.6554069519043,157.93896484375,0.0118402624502778,9.40196132659912,-0.6524242180707501,-0.5017987387617823,-0.04951912350047099,0.7781288613553957,-1.2099436329585984,BFA,0.408,NA,0.221,91188,204.0952857468757,4.61384335154827,19764,1.532748025726623,-0.341114165787354
1,2010,DHS 2010,79,Komtoega,BFA.3.1.8_1,Centre-Est,komtoega,201.4176956035712,262.9660339355469,263.2637023925781,71.68968200683594,72.5713882446289,175.25814819335938,0.00112381181679666,9.194375038146973,-0.9874968110778061,-0.30762228117400736,-0.13890251104226048,-0.3672757875271494,-1.059281880646509,BFA,0.408,NA,0.221,27144,134.7647232218594,4.799151343705799,5656,0.9329384390654847,-0.341114165787354
2,2021,DHS 2021,79,Komtoega,BFA.3.1.8_1,Centre-Est,komtoega,201.4176956035712,262.9660339355469,263.2637023925781,71.68968200683594,72.5713882446289,148.6903076171875,0,9.403124809265137,-0.9874968110778061,-0.6054913587569385,-0.14833133318376757,0.7845486420860378,-1.059281880646509,BFA,0.408,NA,0.221,27144,134.7647232218594,4.799151343705799,5656,0.9329384390654847,-0.341114165787354
1,2010,DHS 2010,80,Niaogho,BFA.3.1.9_1,Centre-Est,niaogho,287.5136903304554,251.60549926757813,253.6967315673828,80.19657897949219,93.8235321044922,183.43917846679688,0.00171957619022578,9.194375038146973,-1.2359042082833407,-0.21589951077269576,-0.13390831812891071,-0.3672757875271494,-0.9148535774068574,BFA,0.5061363636363636,NA,NA,NA,164.01698795970563,NA,NA,1.2166313115655285,0.3394631475949902
2,2021,DHS 2021,80,Niaogho,BFA.3.1.9_1,Centre-Est,niaogho,287.5136903304554,251.60549926757813,253.6967315673828,80.19657897949219,93.8235321044922,153.33245849609375,0.00182210968341678,9.403124809265137,-1.2359042082833407,-0.5534452319241555,-0.1330490966314617,0.7845486420860378,-0.9148535774068574,BFA,0.5061363636363636,NA,NA,NA,164.01698795970563,NA,NA,1.2166313115655285,0.3394631475949902
1,2010,DHS 2010,81,Tenkodogo,BFA.3.1.10_1,Centre-Est,tenkodogo,1150.135586602851,281.4898986816406,280.8748474121094,64.1549301147461,64.9319839477539,192.805419921875,0.04168172553181648,9.16415309906006,-0.5824573334255414,-0.1108885786781489,0.19448046364896213,-0.5340322230629883,-1.1872053096717101,BFA,0.408,NA,0.221,159105,138.33586392187686,5.014181715042072,31731,0.9706874269721125,-0.341114165787354
2,2021,DHS 2021,81,Tenkodogo,BFA.3.1.10_1,Centre-Est,tenkodogo,1150.135586602851,281.4898986816406,280.8748474121094,64.1549301147461,64.9319839477539,161.9608917236328,0.08738800883293152,9.368252754211426,-0.5824573334255414,-0.45670634043976144,0.5549682162325822,0.5921341320890722,-1.1872053096717101,BFA,0.408,NA,0.221,159105,138.33586392187686,5.014181715042072,31731,0.9706874269721125,-0.341114165787354
1,2010,DHS 2010,82,Zabré,BFA.3.1.11_1,Centre-Est,zabré,892.0208932912495,243.33937072753903,243.3527679443359,131.32989501953125,131.25286865234375,241.7055206298828,0.0309312641620636,9.171063423156738,-1.4166498805259513,0.4373617712080402,0.10739402204445836,-0.49590293521532497,-0.046722918434772845,BFA,0.5061363636363636,NA,NA,NA,164.01698795970563,NA,NA,1.2166313115655285,0.3394631475949902
2,2021,DHS 2021,82,Zabré,BFA.3.1.11_1,Centre-Est,zabré,892.0208932912495,243.33937072753903,243.3527679443359,131.32989501953125,131.25286865234375,196.3709259033203,0.02638892829418182,9.35119915008545,-1.4166498805259513,-0.07091340738921577,0.07032459923432258,0.49803698534713325,-0.046722918434772845,BFA,0.5061363636363636,NA,NA,NA,164.01698795970563,NA,NA,1.2166313115655285,0.3394631475949902
1,2010,DHS 2010,83,Zoaga,BFA.3.1.12_1,Centre-Est,zoaga,247.43230078288065,242.176025390625,243.15443420410156,151.13059997558594,153.41915893554688,262.104248046875,0,9.162712097167969,-1.4420873793444535,0.6660649698042663,-0.14833133318376757,-0.5419832793613466,0.2894492756030939,BFA,0.408,NA,0.221,13233,53.48129552257538,4.892051756007394,2705,-0.39457104643036783,-0.341114165787354
2,2021,DHS 2021,83,Zoaga,BFA.3.1.12_1,Centre-Est,zoaga,247.43230078288065,242.176025390625,243.15443420410156,151.13059997558594,153.41915893554688,198.6836853027344,0,9.348749160766602,-1.4420873793444535,-0.04498358042418241,-0.14833133318376757,0.4845186110053347,0.2894492756030939,BFA,0.408,NA,0.221,13233,53.48129552257538,4.892051756007394,2705,-0.39457104643036783,-0.341114165787354
1,2010,DHS 2010,84,Zonsé,BFA.3.1.13_1,Centre-Est,zonsé,245.15099431405775,241.3596954345703,241.42218017578125,106.57820129394533,105.98014831542967,229.95957946777344,2.3107335437089205e-4,9.177240371704102,-1.4599371025811778,0.3056705014840395,-0.1463917542236697,-0.4618202140740914,-0.4669519559539226,BFA,0.5061363636363636,NA,NA,NA,164.01698795970563,NA,NA,1.2166313115655285,0.3394631475949902
2,2021,DHS 2021,84,Zonsé,BFA.3.1.13_1,Centre-Est,zonsé,245.15099431405775,241.3596954345703,241.42218017578125,106.57820129394533,105.98014831542967,202.33314514160156,6.578572210855782e-4,9.35288429260254,-1.4599371025811778,-0.004067148666673487,-0.14281060199770765,0.5073351431758538,-0.4669519559539226,BFA,0.5061363636363636,NA,NA,NA,164.01698795970563,NA,NA,1.2166313115655285,0.3394631475949902
1,2010,DHS 2010,85,Comin-Yanga,BFA.3.2.1_1,Centre-Est,comin yanga,792.4616716943468,265.38177490234375,264.4247131347656,179.0858154296875,179.95729064941406,200.554931640625,0,9.12062931060791,-0.9346746558339378,-0.02400383918402239,-0.14833133318376757,-0.7741846435421731,0.7640670296105309,BFA,0.7829999999999999,NA,0.221,48260,60.89884435270697,6.211867679237997,7769,-0.2089889336391629,2.2595170687676895
2,2021,DHS 2021,85,Comin-Yanga,BFA.3.2.1_1,Centre-Est,comin yanga,792.4616716943468,265.38177490234375,264.4247131347656,179.0858154296875,179.95729064941406,162.6334686279297,1.5294791955966502e-4,9.32187843322754,-0.9346746558339378,-0.4491656499755852,-0.14704747181393443,0.3362532488198579,0.7640670296105309,BFA,0.7829999999999999,NA,0.221,48260,60.89884435270697,6.211867679237997,7769,-0.2089889336391629,2.2595170687676895
1,2010,DHS 2010,86,Dourtenga,BFA.3.2.2_1,Centre-Est,dourtenga,102.49469488723462,290.44207763671875,289.2845153808594,147.0772705078125,147.89801025390625,185.62066650390625,0,9.13730525970459,-0.3867106068371238,-0.1914414511306653,-0.14833133318376757,-0.6821712944800131,0.22063270248794972,BFA,0.7829999999999999,NA,0.221,13770,134.34841691221044,6.139099420419082,2243,0.9284733694019955,2.2595170687676895
2,2021,DHS 2021,86,Dourtenga,BFA.3.2.2_1,Centre-Est,dourtenga,102.49469488723462,290.44207763671875,289.2845153808594,147.0772705078125,147.89801025390625,159.90438842773438,0,9.339566230773926,-0.3867106068371238,-0.4797631160944951,-0.14833133318376757,0.4338497022715169,0.22063270248794972,BFA,0.7829999999999999,NA,0.221,13770,134.34841691221044,6.139099420419082,2243,0.9284733694019955,2.2595170687676895
1,2010,DHS 2010,87,Lalgaye,BFA.3.2.3_1,Centre-Est,lalgaye,667.1477123369797,253.26577758789065,252.0049743652344,149.1319580078125,142.66650390625,201.24871826171875,0,9.156776428222656,-1.1996008626891888,-0.01622535299986783,-0.14833133318376757,-0.574734685318277,0.2555167536603787,BFA,0.7829999999999999,NA,0.221,19436,29.132978560200442,5.719835197174809,3398,-1.2556266267467244,2.2595170687676895
2,2021,DHS 2021,87,Lalgaye,BFA.3.2.3_1,Centre-Est,lalgaye,667.1477123369797,253.26577758789065,252.0049743652344,149.1319580078125,142.66650390625,167.56195068359375,0,9.356734275817873,-1.1996008626891888,-0.3939092809230948,-0.14833133318376757,0.5285783028558229,0.2555167536603787,BFA,0.7829999999999999,NA,0.221,19436,29.132978560200442,5.719835197174809,3398,-1.2556266267467244,2.2595170687676895
1,2010,DHS 2010,88,Ouargaye,BFA.3.2.4_1,Centre-Est,ouargaye,352.3495542333097,281.09051513671875,280.8959045410156,104.8184814453125,105.77743530273438,207.45455932617188,0,9.117561340332031,-0.5911901818151939,0.05335230605733205,-0.14833133318376757,-0.7911128686327009,-0.49682810853130793,BFA,0.7829999999999999,NA,0.221,42626,120.97645502277271,5.627937681542118,7574,0.7772321339012396,2.2595170687676895
2,2021,DHS 2021,88,Ouargaye,BFA.3.2.4_1,Centre-Est,ouargaye,352.3495542333097,281.09051513671875,280.8959045410156,104.8184814453125,105.77743530273438,170.20603942871094,0.01030499581247568,9.317415237426758,-0.5911901818151939,-0.3642647084446736,-0.06226616236639016,0.31162654896791464,-0.49682810853130793,BFA,0.7829999999999999,NA,0.221,42626,120.97645502277271,5.627937681542118,7574,0.7772321339012396,2.2595170687676895
1,2010,DHS 2010,89,Sangha,BFA.3.2.5_1,Centre-Est,sangha,440.5782509254184,293.9549560546875,294.3811950683594,67.09700012207031,69.81645202636719,256.38006591796875,0,9.10312557220459,-0.3098986424348236,0.6018874975793226,-0.14833133318376757,-0.8707655087307173,-1.137255465382315,BFA,0.5061363636363636,NA,NA,NA,164.01698795970563,NA,NA,1.2166313115655285,0.3394631475949902
2,2021,DHS 2021,89,Sangha,BFA.3.2.5_1,Centre-Est,sangha,440.5782509254184,293.9549560546875,294.3811950683594,67.09700012207031,69.81645202636719,184.0193328857422,0.00288344221189618,9.303125381469728,-0.3098986424348236,-0.20939502798902943,-0.12416038768531536,0.23277901251891353,-1.137255465382315,BFA,0.5061363636363636,NA,NA,NA,164.01698795970563,NA,NA,1.2166313115655285,0.3394631475949902
1,2010,DHS 2010,90,Soudougui,BFA.3.2.6_1,Centre-Est,soudougui,1950.5623404090652,236.70672607421875,235.92999267578125,165.37326049804688,165.99327087402344,236.22787475585935,0,9.12905502319336,-1.561678089415268,0.3759483748447436,-0.14833133318376757,-0.7276938543986192,0.5312581630845533,BFA,0.7829999999999999,NA,0.221,92179,47.257653903370525,6.071198050451162,15183,-0.5709338538609583,2.2595170687676895
2,2021,DHS 2021,90,Soudougui,BFA.3.2.6_1,Centre-Est,soudougui,1950.5623404090652,236.70672607421875,235.92999267578125,165.37326049804688,165.99327087402344,166.14306640625,2.629990049172193e-4,9.315813064575195,-1.561678089415268,-0.40981730136147265,-0.14612381255968057,0.3027861951749129,0.5312581630845533,BFA,0.7829999999999999,NA,0.221,92179,47.257653903370525,6.071198050451162,15183,-0.5709338538609583,2.2595170687676895
1,2010,DHS 2010,91,Yargatenga,BFA.3.2.7_1,Centre-Est,yargatenga,431.4481523497207,264.511474609375,264.4268493652344,54.92861557006836,56.390872955322266,246.0294189453125,0.01010034326463937,9.126099586486816,-0.953704484700455,0.48583976470874535,-0.06396681812164552,-0.7440011498774957,-1.3438477327698521,BFA,0.7829999999999999,NA,0.221,57754,133.86081197813567,5.653288958496476,10216,0.9232260940242932,2.2595170687676895
2,2021,DHS 2021,91,Yargatenga,BFA.3.2.7_1,Centre-Est,yargatenga,431.4481523497207,264.511474609375,264.4268493652344,54.92861557006836,56.390872955322266,185.7721405029297,0.03740307316184044,9.323680877685549,-0.953704484700455,-0.18974317910748192,0.1599284648503486,0.34619864683698487,-1.3438477327698521,BFA,0.7829999999999999,NA,0.221,57754,133.86081197813567,5.653288958496476,10216,0.9232260940242932,2.2595170687676895
1,2010,DHS 2010,92,Yondé,BFA.3.2.8_1,Centre-Est,yondé,635.9225186541127,282.7964782714844,281.91070556640625,206.03729248046875,211.63075256347656,207.14111328125,0,9.11090087890625,-0.5538879003274606,0.04983806168337888,-0.14833133318376757,-0.8278634822578939,1.2216435246308188,BFA,0.5061363636363636,NA,NA,NA,164.01698795970563,NA,NA,1.2166313115655285,0.3394631475949902
2,2021,DHS 2021,92,Yondé,BFA.3.2.8_1,Centre-Est,yondé,635.9225186541127,282.7964782714844,281.91070556640625,206.03729248046875,211.63075256347656,168.84913635253906,2.30979043408297e-4,9.311456680297852,-0.5538879003274606,-0.3794778179373306,-0.14639254575775884,0.2787488522425129,1.2216435246308188,BFA,0.5061363636363636,NA,NA,NA,164.01698795970563,NA,NA,1.2166313115655285,0.3394631475949902
1,2010,DHS 2010,93,Andemtenga,BFA.3.3.1_1,Centre-Est,andemtenga,702.7945293932632,303.6103515625,302.4209899902344,82.33257293701172,87.13148498535156,146.31216430664065,0,9.059019088745115,-0.09877550983717831,-0.632154246628523,-0.14833133318376757,-1.1141330816905712,-0.8785891223410089,BFA,0.395,NA,0.221,69428,98.7884752887001,5.92186966905493,11724,0.4853242415383213,-0.4312693819185952
2,2021,DHS 2021,93,Andemtenga,BFA.3.3.1_1,Centre-Est,andemtenga,702.7945293932632,303.6103515625,302.4209899902344,82.33257293701172,87.13148498535156,140.6814422607422,2.1520088193938136e-4,9.238740921020508,-0.09877550983717831,-0.6952838780010446,-0.14652496993640962,-0.12247691919129541,-0.8785891223410089,BFA,0.395,NA,0.221,69428,98.7884752887001,5.92186966905493,11724,0.4853242415383213,-0.4312693819185952
1,2010,DHS 2010,94,Baskouré,BFA.3.3.2_1,Centre-Est,baskouré,71.05681724637712,318.4859619140625,319.28424072265625,52.2996826171875,53.68962478637695,158.3319854736328,0.0035738032311201,9.041874885559082,0.22649189678357412,-0.4973923327477665,-0.11838363025370563,-1.2087301293910333,-1.3884812021695445,BFA,0.5061363636363636,NA,NA,NA,164.01698795970563,NA,NA,1.2166313115655285,0.3394631475949902
2,2021,DHS 2021,94,Baskouré,BFA.3.3.2_1,Centre-Est,baskouré,71.05681724637712,318.4859619140625,319.28424072265625,52.2996826171875,53.68962478637695,133.90882873535156,0,9.216875076293944,0.22649189678357412,-0.7712159861394496,-0.14833133318376757,-0.24312670000436729,-1.3884812021695445,BFA,0.5061363636363636,NA,NA,NA,164.01698795970563,NA,NA,1.2166313115655285,0.3394631475949902
1,2010,DHS 2010,95,Dialgaye,BFA.3.3.3_1,Centre-Est,dialgaye,380.00384471858973,297.2195129394531,297.5003356933594,39.99494552612305,39.61811065673828,180.9602508544922,0.00132241938263177,9.1470308303833,-0.2385164317840786,-0.24369235600432165,-0.13723728693304568,-0.6285082421103513,-1.597388434217229,BFA,0.395,NA,0.221,54073,142.29592871630953,5.805561520292033,9314,1.0114325068013326,-0.4312693819185952
2,2021,DHS 2021,95,Dialgaye,BFA.3.3.3_1,Centre-Est,dialgaye,380.00384471858973,297.2195129394531,297.5003356933594,39.99494552612305,39.61811065673828,152.32696533203125,0.00203888723626732,9.347223281860352,-0.2385164317840786,-0.5647184598117039,-0.1312328095996632,0.4760992264405711,-1.597388434217229,BFA,0.395,NA,0.221,54073,142.29592871630953,5.805561520292033,9314,1.0114325068013326,-0.4312693819185952
1,2010,DHS 2010,96,Gounghin,BFA.3.3.4_1,Centre-Est,gounghin,419.1148231503272,321.7933349609375,321.3133544921875,61.896461486816406,61.90354537963867,163.94546508789065,0.00118686130736023,9.05300235748291,0.29881031789436974,-0.4344560173202633,-0.1383738371268338,-1.1473317674524948,-1.2255491138696841,BFA,0.395,NA,0.221,46379,110.65941226174404,6.051539665970773,7664,0.6487437949022474,-0.4312693819185952
2,2021,DHS 2021,96,Gounghin,BFA.3.3.4_1,Centre-Est,gounghin,419.1148231503272,321.7933349609375,321.3133544921875,61.896461486816406,61.90354537963867,130.84780883789065,0,9.230669021606444,0.29881031789436974,-0.8055350408140489,-0.14833133318376757,-0.16701546353890454,-1.2255491138696841,BFA,0.395,NA,0.221,46379,110.65941226174404,6.051539665970773,7664,0.6487437949022474,-0.4312693819185952
1,2010,DHS 2010,97,Kando,BFA.3.3.5_1,Centre-Est,kando,333.45057896586115,301.5490417480469,299.5954284667969,68.45098876953125,72.25260162353516,154.82211303710938,0,9.11037826538086,-0.14384773758067032,-0.5367437607309148,-0.14833133318376757,-0.8307471214713255,-1.1142677315955882,BFA,0.395,NA,0.221,38882,116.60498572407865,6.11160012574662,6362,0.7241696061014892,-0.4312693819185952
2,2021,DHS 2021,97,Kando,BFA.3.3.5_1,Centre-Est,kando,333.45057896586115,301.5490417480469,299.5954284667969,68.45098876953125,72.25260162353516,146.79397583007813,0,9.30081558227539,-0.14384773758067032,-0.6267523490356919,-0.14833133318376757,0.22003416913399287,-1.1142677315955882,BFA,0.395,NA,0.221,38882,116.60498572407865,6.11160012574662,6362,0.7241696061014892,-0.4312693819185952
1,2010,DHS 2010,98,Koupéla,BFA.3.3.6_1,Centre-Est,koupéla,340.2648326174134,303.31591796875,303.3382873535156,40.38149642944336,41.192848205566406,162.87103271484375,0.05286514014005661,9.041874885559082,-0.10521354156816078,-0.4465021668357703,0.28412549722093555,-1.2087301293910333,-1.590825654479593,BFA,0.5061363636363636,NA,NA,NA,164.01698795970563,NA,NA,1.2166313115655285,0.3394631475949902
2,2021,DHS 2021,98,Koupéla,BFA.3.3.6_1,Centre-Est,koupéla,340.2648326174134,303.31591796875,303.3382873535156,40.38149642944336,41.192848205566406,142.1011505126953,0.10633993148803712,9.216875076293944,-0.10521354156816078,-0.6793666194555597,0.7000186650162655,-0.24312670000436729,-1.590825654479593,BFA,0.5061363636363636,NA,NA,NA,164.01698795970563,NA,NA,1.2166313115655285,0.3394631475949902
1,2010,DHS 2010,99,Pouytenga,BFA.3.3.7_1,Centre-Est,pouytenga,175.23744314627422,309.9372253417969,309.60614013671875,43.7269172668457,44.77598190307617,150.369384765625,0.1892031580209732,9.041874885559082,0.039566768400337744,-0.5866661493854163,1.3063400592597634,-1.2087301293910333,-1.5340278048381009,BFA,0.395,NA,0.221,118495,676.1968097257037,5.475233342574623,21642,3.269416809378824,-0.4312693819185952
2,2021,DHS 2021,99,Pouytenga,BFA.3.3.7_1,Centre-Est,pouytenga,175.23744314627422,309.9372253417969,309.60614013671875,43.7269172668457,44.77598190307617,140.93331909179688,0.2456965148448944,9.216875076293944,0.039566768400337744,-0.6924599255192587,1.6959517857738644,-0.24312670000436729,-1.5340278048381009,BFA,0.395,NA,0.221,118495,676.1968097257037,5.475233342574623,21642,3.269416809378824,-0.4312693819185952
1,2010,DHS 2010,100,Tensobentenga,BFA.3.3.8_1,Centre-Est,tensobentenga,268.1048496810986,308.4395751953125,308.72955322265625,57.96173858642578,58.41749954223633,181.58056640625,7.473450968973339e-4,9.126753807067873,0.0068194210539483605,-0.23673760103721433,-0.1420599010941427,-0.7403913387453435,-1.2923520096903647,BFA,0.395,NA,0.221,25887,96.55550815582667,6.076760563380281,4260,0.4524207149769838,-0.4312693819185952
2,2021,DHS 2021,100,Tensobentenga,BFA.3.3.8_1,Centre-Est,tensobentenga,268.1048496810986,308.4395751953125,308.72955322265625,57.96173858642578,58.41749954223633,148.13319396972656,0.00103442440740764,9.322089195251465,0.0068194210539483605,-0.6117375166937218,-0.13965208711752572,0.3374161763128561,-1.2923520096903647,BFA,0.395,NA,0.221,25887,96.55550815582667,6.076760563380281,4260,0.4524207149769838,-0.4312693819185952
1,2010,DHS 2010,101,Yargo,BFA.3.3.9_1,Centre-Est,yargo,115.8115106698816,312.76416015625,313.2475280761719,60.93098449707031,61.387325286865234,176.274169921875,0,9.041875839233398,0.10138001397829165,-0.2962310108067575,-0.14833133318376757,-1.2087248672756803,-1.2419407786440624,BFA,0.395,NA,0.221,19965,172.39219041801323,5.443020719738277,3668,1.2886105661054552,-0.4312693819185952
2,2021,DHS 2021,101,Yargo,BFA.3.3.9_1,Centre-Est,yargo,115.8115106698816,312.76416015625,313.2475280761719,60.93098449707031,61.387325286865234,141.46273803710938,0.00199039140716195,9.216875076293944,0.10138001397829165,-0.6865242706269075,-0.131639101430125,-0.24312670000436729,-1.2419407786440624,BFA,0.395,NA,0.221,19965,172.39219041801323,5.443020719738277,3668,1.2886105661054552,-0.4312693819185952
1,2010,DHS 2010,102,Bourzanga,BFA.4.1.1_1,Centre-Nord,bourzanga,1076.576214242829,333.05426025390625,333.14019775390625,147.31190490722656,148.0006561279297,125.7435073852539,1.394133287249133e-4,9.296335220336914,0.5450396745142982,-0.8627626337395256,-0.14716107471394227,0.19531275120570582,0.22461627585176894,BFA,0.61,NA,0.195,103266,95.92075194846136,6.137287531201712,16826,0.44292981543941035,1.0597591925596297
2,2021,DHS 2021,102,Bourzanga,BFA.4.1.1_1,Centre-Nord,bourzanga,1076.576214242829,333.05426025390625,333.14019775390625,147.31190490722656,148.0006561279297,81.58264923095703,0.00458394922316074,9.51522731781006,0.5450396745142982,-1.357878299838815,-0.10993815451165961,1.4030997775978158,0.22461627585176894,BFA,0.61,NA,0.195,103266,95.92075194846136,6.137287531201712,16826,0.44292981543941035,1.0597591925596297
1,2010,DHS 2010,103,Guibare,BFA.4.1.2_1,Centre-Nord,guibare,258.76693020249604,305.75091552734375,305.3690185546875,117.72415161132813,117.34567260742188,157.1940460205078,0.00181239214725792,9.223039627075195,-0.051970325169415826,-0.5101505008147479,-0.13313052494255878,-0.20911238636271262,-0.2777183614355677,BFA,0.61,NA,0.195,37431,144.6514049175784,4.249176978090589,8809,1.0351372427301082,1.0597591925596297
2,2021,DHS 2021,103,Guibare,BFA.4.1.2_1,Centre-Nord,guibare,258.76693020249604,305.75091552734375,305.3690185546875,117.72415161132813,117.34567260742188,116.06443786621094,0.00256020436063408,9.43932056427002,-0.051970325169415826,-0.9712808816276952,-0.12686652304178456,0.9842669681929358,-0.2777183614355677,BFA,0.61,NA,0.195,37431,144.6514049175784,4.249176978090589,8809,1.0351372427301082,1.0597591925596297
1,2010,DHS 2010,104,Kongoussi,BFA.4.1.3_1,Centre-Nord,kongoussi,656.3245909978484,334.728759765625,334.3487243652344,118.90645599365234,118.89644622802734,140.92007446289065,0.01702439226210117,9.232708930969238,0.5816539781087228,-0.6926084195372018,-0.00661870783898567,-0.15575979879887644,-0.2576454469050685,BFA,0.61,NA,0.195,121595,185.26656119212606,5.767716535433071,21082,1.39274310336151,1.0597591925596297
2,2021,DHS 2021,104,Kongoussi,BFA.4.1.3_1,Centre-Nord,kongoussi,656.3245909978484,334.728759765625,334.3487243652344,118.90645599365234,118.89644622802734,97.37281799316406,0.02239918522536754,9.4487943649292,0.5816539781087228,-1.1808446041347012,0.0376292338281528,1.0365408221094117,-0.2576454469050685,BFA,0.61,NA,0.195,121595,185.26656119212606,5.767716535433071,21082,1.39274310336151,1.0597591925596297
1,2010,DHS 2010,105,Nassere,BFA.4.1.4_1,Centre-Nord,nassere,128.01512215208965,325.837646484375,325.55670166015625,105.9780044555664,107.09957885742188,139.23074340820313,0,9.26187515258789,0.3872425025043118,-0.71154859201939,-0.14833133318376757,0.005171475041226377,-0.4771419713326799,BFA,0.61,NA,0.195,13154,102.75348551690837,5.6406518010291595,2332,0.5419756580070397,1.0597591925596297
2,2021,DHS 2021,105,Nassere,BFA.4.1.4_1,Centre-Nord,nassere,128.01512215208965,325.837646484375,325.55670166015625,105.9780044555664,107.09957885742188,97.365081787109375,8.591407095082104e-4,9.475625038146973,0.3872425025043118,-1.1809313396958732,-0.14112215810845247,1.1845851754500731,-0.4771419713326799,BFA,0.61,NA,0.195,13154,102.75348551690837,5.6406518010291595,2332,0.5419756580070397,1.0597591925596297
1,2010,DHS 2010,106,Rollo,BFA.4.1.5_1,Centre-Nord,rollo,567.3007726259751,341.8754577636719,342.2368469238281,160.75831604003906,160.92677307128906,137.90785217285156,0,9.284834861755373,0.7379223844993392,-0.726380372979794,-0.14833133318376757,0.13185690216416313,0.45290660907399843,BFA,0.61,NA,0.195,42191,74.37148341029457,6.424699253844983,6567,0.07732456263354878,1.0597591925596297
2,2021,DHS 2021,106,Rollo,BFA.4.1.5_1,Centre-Nord,rollo,567.3007726259751,341.8754577636719,342.2368469238281,160.75831604003906,160.92677307128906,93.46983337402344,5.90299314353615e-4,9.502249717712402,0.7379223844993392,-1.2246034645882105,-0.14337738002230682,1.3314929118744916,0.45290660907399843,BFA,0.61,NA,0.195,42191,74.37148341029457,6.424699253844983,6567,0.07732456263354878,1.0597591925596297
1,2010,DHS 2010,107,Rouko,BFA.4.1.6_1,Centre-Nord,rouko,126.04419556422944,327.8135681152344,327.8014831542969,112.07411193847656,111.981201171875,158.70181274414065,0,9.223125457763672,0.43044764766247123,-0.4932459623412087,-0.14833133318376757,-0.20863879598094467,-0.3736435437681646,BFA,0.61,NA,0.195,21025,166.80657055156584,5.83541493200111,3603,1.2410038523801263,1.0597591925596297
2,2021,DHS 2021,107,Rouko,BFA.4.1.6_1,Centre-Nord,rouko,126.04419556422944,327.8135681152344,327.8014831542969,112.07411193847656,111.981201171875,107.25431823730467,0,9.439374923706056,0.43044764766247123,-1.0700567757291988,-0.14833133318376757,0.9845669087680653,-0.3736435437681646,BFA,0.61,NA,0.195,21025,166.80657055156584,5.83541493200111,3603,1.2410038523801263,1.0597591925596297
1,2010,DHS 2010,108,Sabce,BFA.4.1.7_1,Centre-Nord,sabce,340.3324893751029,326.483154296875,326.05718994140625,119.9945831298828,119.7821044921875,148.6442413330078,0.0185798741877079,9.245922088623049,0.40135705963260176,-0.6060078373746468,0.0062107842854865645,-0.08285319058336703,-0.23917145380277355,BFA,0.61,NA,0.195,35742,105.02082850105558,5.636650370604006,6341,0.573405868990614,1.0597591925596297
2,2021,DHS 2021,108,Sabce,BFA.4.1.7_1,Centre-Nord,sabce,340.3324893751029,326.483154296875,326.05718994140625,119.9945831298828,119.7821044921875,108.01517486572266,0.2163362056016922,9.460700988769531,0.40135705963260176,-1.0615263247341342,1.4957236255384454,1.1022383322913325,-0.23917145380277355,BFA,0.61,NA,0.195,35742,105.02082850105558,5.636650370604006,6341,0.573405868990614,1.0597591925596297
1,2010,DHS 2010,109,Tikare,BFA.4.1.8_1,Centre-Nord,tikare,391.61239027274866,350.05078125,349.99371337890625,90.26358795166016,90.59098052978516,156.4461212158203,0,9.22614860534668,0.9166825298539374,-0.5185359648510486,-0.14833133318376757,-0.19195789031200683,-0.7439380215676318,BFA,0.61,NA,0.195,52263,133.45594086949106,5.955218778486782,8776,0.9188547074285109,1.0597591925596297
2,2021,DHS 2021,109,Tikare,BFA.4.1.8_1,Centre-Nord,tikare,391.61239027274866,350.05078125,349.99371337890625,90.26358795166016,90.59098052978516,108.65794372558594,3.090990649070591e-4,9.442456245422363,0.9166825298539374,-1.0543198313483593,-0.14573692474942396,1.0015688034735248,-0.7439380215676318,BFA,0.61,NA,0.195,52263,133.45594086949106,5.955218778486782,8776,0.9188547074285109,1.0597591925596297
1,2010,DHS 2010,110,Zimtenga,BFA.4.1.9_1,Centre-Nord,zimtenga,481.1041079214683,322.8517761230469,323.70489501953125,144.77972412109375,150.4042205810547,132.738037109375,0,9.275014877319336,0.32195400099197186,-0.7843424809583112,-0.14833133318376757,0.07767290037454673,0.18162544434026248,BFA,0.61,NA,0.195,49387,102.65345730130733,5.640360895386021,8756,0.5405732811475955,1.0597591925596297
2,2021,DHS 2021,110,Zimtenga,BFA.4.1.9_1,Centre-Nord,zimtenga,481.1041079214683,322.8517761230469,323.70489501953125,144.77972412109375,150.4042205810547,92.776519775390625,0,9.491510391235352,0.32195400099197186,-1.2323766474145814,-0.14833133318376757,1.2722362308846151,0.18162544434026248,BFA,0.61,NA,0.195,49387,102.65345730130733,5.640360895386021,8756,0.5405732811475955,1.0597591925596297
1,2010,DHS 2010,111,Boala,BFA.4.2.1_1,Centre-Nord,boala,386.7742784044488,313.9504699707031,314.1107482910156,132.5896759033203,133.042724609375,148.09640502929688,0,9.222533226013184,0.12731964991097008,-0.6121499810684469,-0.14833133318376757,-0.21190656961514354,-0.025334624197257197,BFA,0.43200000000000005,NA,0.195,38224,98.82766805922205,6.961209251502458,5491,0.48589516222747997,-0.17467376677583066
2,2021,DHS 2021,111,Boala,BFA.4.2.1_1,Centre-Nord,boala,386.7742784044488,313.9504699707031,314.1107482910156,132.5896759033203,133.042724609375,108.3702163696289,0.00178304314613342,9.429715156555176,0.12731964991097008,-1.0575457270273314,-0.13337646034764983,0.9312669423577491,-0.025334624197257197,BFA,0.43200000000000005,NA,0.195,38224,98.82766805922205,6.961209251502458,5491,0.48589516222747997,-0.17467376677583066
1,2010,DHS 2010,112,Boulsa,BFA.4.2.2_1,Centre-Nord,boulsa,1166.7592858805406,309.6410217285156,309.6455383300781,97.47228240966795,97.76520538330078,155.64639282226565,0.00430877925828099,9.216217041015623,0.033090033742282615,-0.5275022321026918,-0.11223791203200432,-0.24675755959792156,-0.6215503269135547,BFA,0.43200000000000005,NA,0.195,113416,97.20599730595345,6.247438581028974,18154,0.4620829997034499,-0.17467376677583066
2,2021,DHS 2021,112,Boulsa,BFA.4.2.2_1,Centre-Nord,boulsa,1166.7592858805406,309.6410217285156,309.6455383300781,97.47228240966795,97.76520538330078,134.03106689453125,0.00378729798831045,9.428945541381836,0.033090033742282615,-0.7698454958425098,-0.11659796735450541,0.9270204152678965,-0.6215503269135547,BFA,0.43200000000000005,NA,0.195,113416,97.20599730595345,6.247438581028974,18154,0.4620829997034499,-0.17467376677583066
1,2010,DHS 2010,113,Bouroum,BFA.4.2.3_1,Centre-Nord,bouroum,1295.276080524834,303.9049987792969,303.9648132324219,174.74520874023438,174.92298889160156,115.2385711669922,1.919356582220644e-4,9.34118366241455,-0.09233280706327328,-0.9805402021659018,-0.14672023592349895,0.4427742499101663,0.690373124394156,BFA,0.43200000000000005,NA,0.195,78149,60.33385559651093,5.9724111578142915,13085,-0.2223205361365179,-0.17467376677583066
2,2021,DHS 2021,113,Bouroum,BFA.4.2.3_1,Centre-Nord,bouroum,1295.276080524834,303.9049987792969,303.9648132324219,174.74520874023438,174.92298889160156,63.626129150390625,2.3118950775824487e-4,9.53444766998291,-0.09233280706327328,-1.5592003477358813,-0.14639077937033929,1.509152450421709,0.690373124394156,BFA,0.43200000000000005,NA,0.195,78149,60.33385559651093,5.9724111578142915,13085,-0.2223205361365179,-0.17467376677583066
1,2010,DHS 2010,114,Dargo,BFA.4.2.4_1,Centre-Nord,dargo,574.8110682310993,298.0781555175781,298.05413818359375,107.69908905029295,107.24307250976564,161.2842559814453,0.00142693030647933,9.214374542236328,-0.21974150840276407,-0.4642925371352429,-0.1363611482590029,-0.2569239664598638,-0.44792175995040395,BFA,0.43200000000000005,NA,0.195,42905,74.64191692069211,6.212713582392123,6906,0.08253184292500375,-0.17467376677583066
2,2021,DHS 2021,114,Dargo,BFA.4.2.4_1,Centre-Nord,dargo,574.8110682310993,298.0781555175781,298.05413818359375,107.69908905029295,107.24307250976564,134.99130249023438,0,9.436875343322754,-0.21974150840276407,-0.7590796795416203,-0.14833133318376757,0.9707749044279022,-0.44792175995040395,BFA,0.43200000000000005,NA,0.195,42905,74.64191692069211,6.212713582392123,6906,0.08253184292500375,-0.17467376677583066
1,2010,DHS 2010,115,Nagbingou,BFA.4.2.5_1,Centre-Nord,nagbingou,478.5394919305802,291.4535217285156,291.6854248046875,122.90306091308594,123.45233917236328,117.05315399169922,0,9.349571228027344,-0.36459455318248535,-0.9601957518654103,-0.14833133318376757,0.4890545544396011,-0.18979193121204818,BFA,0.43200000000000005,NA,0.195,32210,67.30896936019771,6.155169119052169,5233,-0.06572194141551671,-0.17467376677583066
2,2021,DHS 2021,115,Nagbingou,BFA.4.2.5_1,Centre-Nord,nagbingou,478.5394919305802,291.4535217285156,291.6854248046875,122.90306091308594,123.45233917236328,66.07775115966797,0,9.538399696350098,-0.36459455318248535,-1.5317136431092204,-0.14833133318376757,1.5309586564444468,-0.18979193121204818,BFA,0.43200000000000005,NA,0.195,32210,67.30896936019771,6.155169119052169,5233,-0.06572194141551671,-0.17467376677583066
1,2010,DHS 2010,116,Tougouri,BFA.4.2.6_1,Centre-Nord,tougouri,1551.0457518912856,294.4808044433594,294.6899719238281,116.78687286376952,116.5453872680664,128.63796997070313,0,9.290324211120604,-0.2984005366350144,-0.830310959770986,-0.14833133318376757,0.1621456381358805,-0.29363128239929803,BFA,0.43200000000000005,NA,0.195,116140,74.87851332456398,6.332606324972737,18340,0.08707233340213875,-0.17467376677583066
2,2021,DHS 2021,116,Tougouri,BFA.4.2.6_1,Centre-Nord,tougouri,1551.0457518912856,294.4808044433594,294.6899719238281,116.78687286376952,116.5453872680664,82.1675796508789,0.00164695817511528,9.48657512664795,-0.2984005366350144,-1.3513202702491394,-0.13451690379998393,1.2450047839329579,-0.29363128239929803,BFA,0.43200000000000005,NA,0.195,116140,74.87851332456398,6.332606324972737,18340,0.08707233340213875,-0.17467376677583066
1,2010,DHS 2010,117,Yalgo,BFA.4.2.7_1,Centre-Nord,yalgo,577.2948205355633,283.8096618652344,283.5792541503906,68.95855712890625,69.11568450927734,131.6460723876953,0.06124840676784515,9.338960647583008,-0.5317338110375955,-0.7965851968639295,0.3507026180033287,0.4305082590223764,-1.10565034300392,BFA,0.43200000000000005,NA,0.195,55375,95.92152576153022,5.509402049547309,10051,0.4429414233225603,-0.17467376677583066
2,2021,DHS 2021,117,Yalgo,BFA.4.2.7_1,Centre-Nord,yalgo,577.2948205355633,283.8096618652344,283.5792541503906,68.95855712890625,69.11568450927734,71.62158966064453,0.04476944357156753,9.526656150817873,-0.5317338110375955,-1.4695581188083227,0.21932709351737112,1.4661609679878949,-1.10565034300392,BFA,0.43200000000000005,NA,0.195,55375,95.92152576153022,5.509402049547309,10051,0.4429414233225603,-0.17467376677583066
1,2010,DHS 2010,118,Zeguedeguin,BFA.4.2.8_1,Centre-Nord,zeguedeguin,378.26466262403494,298.9774169921875,299.0799255371094,123.03936767578124,122.9140853881836,152.03758239746094,0,9.21812915802002,-0.20007841957431666,-0.567962917242919,-0.14833133318376757,-0.23620701831519242,-0.18747774373341167,BFA,0.43200000000000005,NA,0.195,37377,98.81176777316303,6.728532853285328,5555,0.48566356994849497,-0.17467376677583066
2,2021,DHS 2021,118,Zeguedeguin,BFA.4.2.8_1,Centre-Nord,zeguedeguin,378.26466262403494,298.9774169921875,299.0799255371094,123.03936767578124,122.9140853881836,108.58102416992188,0,9.437228202819824,-0.20007841957431666,-1.0551822257544101,-0.14833133318376757,0.9727218871085037,-0.18747774373341167,BFA,0.43200000000000005,NA,0.195,37377,98.81176777316303,6.728532853285328,5555,0.48566356994849497,-0.17467376677583066
1,2010,DHS 2010,119,Barsalogho,BFA.4.3.1_1,Centre-Nord,barsalogho,1811.2956547856645,312.1298828125,311.9671630859375,196.70982360839844,198.7257537841797,136.54147338867188,0,9.299205780029297,0.08751102024935925,-0.7416997207041822,-0.14833133318376757,0.2111517184181673,1.0632837246892028,BFA,0.595,NA,0.195,98553,54.41022272626279,6.065546528803545,16248,-0.3699903986328552,0.9557339431774279
2,2021,DHS 2021,119,Barsalogho,BFA.4.3.1_1,Centre-Nord,barsalogho,1811.2956547856645,312.1298828125,311.9671630859375,196.70982360839844,198.7257537841797,82.9969253540039,0,9.507468223571776,0.08751102024935925,-1.3420219443698138,-0.14833133318376757,1.3602872070859733,1.0632837246892028,BFA,0.595,NA,0.195,98553,54.41022272626279,6.065546528803545,16248,-0.3699903986328552,0.9557339431774279
1,2010,DHS 2010,120,Boussouma,BFA.4.3.2_1,Centre-Nord,boussouma,773.0582628711381,314.4775695800781,313.9649658203125,137.23785400390625,137.31381225585938,132.97369384765625,0.00566471321508288,9.236223220825195,0.13884511467646854,-0.7817003823256886,-0.10091166482812573,-0.13636890372315533,0.05358116359013308,BFA,0.5500384615384616,NA,NA,NA,101.94214487008333,NA,NA,0.530561611425072,0.6439249264394955
2,2021,DHS 2021,120,Boussouma,BFA.4.3.2_1,Centre-Nord,boussouma,773.0582628711381,314.4775695800781,313.9649658203125,137.23785400390625,137.31381225585938,108.47117614746094,0.00977928563952446,9.445748329162598,0.13884511467646854,-1.0564138022926288,-0.06663549053742575,1.0197336256720024,0.05358116359013308,BFA,0.5500384615384616,NA,NA,NA,101.94214487008333,NA,NA,0.530561611425072,0.6439249264394955
1,2010,DHS 2010,121,Dablo,BFA.4.3.3_1,Centre-Nord,dablo,536.5550518503969,323.0160217285156,323.1741943359375,234.76597595214844,234.66836547851565,135.22470092773438,0,9.308125495910645,0.32554536570757586,-0.7564629001655133,-0.14833133318376757,0.2603682833145634,1.7093930555656145,BFA,0.595,NA,0.195,28416,52.960082850777056,6.065314834578442,4685,-0.4085472350343969,0.9557339431774279
2,2021,DHS 2021,121,Dablo,BFA.4.3.3_1,Centre-Nord,dablo,536.5550518503969,323.0160217285156,323.1741943359375,234.76597595214844,234.66836547851565,79.03641510009766,0,9.529375076293944,0.32554536570757586,-1.3864257615602427,-0.14833133318376757,1.4811632588592134,1.7093930555656145,BFA,0.595,NA,0.195,28416,52.960082850777056,6.065314834578442,4685,-0.4085472350343969,0.9557339431774279
1,2010,DHS 2010,122,Kaya,BFA.4.3.4_1,Centre-Nord,kaya,909.8110513710484,322.36163330078125,322.1556701660156,124.44732666015624,125.18152618408205,136.75054931640625,0.0398787148296833,9.263460159301758,0.3112366266520766,-0.7393556365637916,0.17993769313691488,0.013917110757874544,-0.16357371294546041,BFA,0.595,NA,0.195,207740,228.33312442945623,5.162139999503019,40243,1.695150400870695,0.9557339431774279
2,2021,DHS 2021,122,Kaya,BFA.4.3.4_1,Centre-Nord,kaya,909.8110513710484,322.36163330078125,322.1556701660156,124.44732666015624,125.18152618408205,101.4115753173828,0.09086677432060242,9.475757598876951,0.3112366266520766,-1.1355635089212157,0.5817817842939403,1.1853166094841272,-0.16357371294546041,BFA,0.595,NA,0.195,207740,228.33312442945623,5.162139999503019,40243,1.695150400870695,0.9557339431774279
1,2010,DHS 2010,123,Korsimoro,BFA.4.3.5_1,Centre-Nord,korsimoro,605.739244270225,296.23211669921875,296.6452331542969,141.96151733398438,141.9744873046875,134.49966430664065,0.00359951891005039,9.23062515258789,-0.26010665946400585,-0.7645917501155062,-0.11816852506712859,-0.16725752084513168,0.13377852368882034,BFA,0.595,NA,0.195,64349,106.23217928949872,5.355722014148981,12015,0.5899233913668022,0.9557339431774279
2,2021,DHS 2021,123,Korsimoro,BFA.4.3.5_1,Centre-Nord,korsimoro,605.739244270225,296.23211669921875,296.6452331542969,141.96151733398438,141.9744873046875,127.72718048095705,0.00371984136290848,9.439374923706056,-0.26010665946400585,-0.8405224041074223,-0.11716213123307741,0.9845669087680653,0.13377852368882034,BFA,0.595,NA,0.195,64349,106.23217928949872,5.355722014148981,12015,0.5899233913668022,0.9557339431774279
1,2010,DHS 2010,124,Mane,BFA.4.3.6_1,Centre-Nord,mane,727.7714018989041,308.9107666015625,309.14105224609375,134.97872924804688,134.85635375976565,147.05860900878906,3.5070398007519543e-4,9.246779441833496,0.01712240715742777,-0.623785376969804,-0.14538777707168932,-0.07812254888105029,0.015226219790504425,BFA,0.595,NA,0.195,72901,100.17019054305571,5.779830333782606,12613,0.5053175252587231,0.9557339431774279
2,2021,DHS 2021,124,Mane,BFA.4.3.6_1,Centre-Nord,mane,727.7714018989041,308.9107666015625,309.14105224609375,134.97872924804688,134.85635375976565,122.2810516357422,0.04088030755519867,9.459328651428224,0.01712240715742777,-0.9015824428738731,0.18801947589191118,1.094666148298408,0.015226219790504425,BFA,0.595,NA,0.195,72901,100.17019054305571,5.779830333782606,12613,0.5053175252587231,0.9557339431774279
1,2010,DHS 2010,125,Namissiguima,BFA.4.3.7_1,Centre-Nord,namissiguima,410.2652804586151,331.2824401855469,331.6033020019531,189.20838928222656,192.01296997070313,137.19395446777344,0,9.279040336608888,0.5062973772227236,-0.7343843374077841,-0.14833133318376757,0.09988428927947345,0.9359259542736068,BFA,0.5500384615384616,NA,NA,NA,101.94214487008333,NA,NA,0.530561611425072,0.6439249264394955
2,2021,DHS 2021,125,Namissiguima,BFA.4.3.7_1,Centre-Nord,namissiguima,410.2652804586151,331.2824401855469,331.6033020019531,189.20838928222656,192.01296997070313,88.60405731201172,0,9.49557399749756,0.5062973772227236,-1.279156796582247,-0.14833133318376757,1.294658104403661,0.9359259542736068,BFA,0.5500384615384616,NA,NA,NA,101.94214487008333,NA,NA,0.530561611425072,0.6439249264394955
1,2010,DHS 2010,126,Pensa,BFA.4.3.8_1,Centre-Nord,pensa,947.20319810899,298.1421813964844,297.9960632324219,190.14630126953125,190.3390960693359,129.82882690429688,0,9.34133243560791,-0.21834153010968765,-0.8169594999364616,-0.14833133318376757,0.44359513990523075,0.9518496262482362,BFA,0.595,NA,0.195,52480,55.40521833622587,6.065649560795192,8652,-0.34411444772250854,0.9557339431774279
2,2021,DHS 2021,126,Pensa,BFA.4.3.8_1,Centre-Nord,pensa,947.20319810899,298.1421813964844,297.9960632324219,190.14630126953125,190.3390960693359,67.15579986572266,0,9.534886360168455,-0.21834153010968765,-1.5196269485680771,-0.14833133318376757,1.5115730234840687,0.9518496262482362,BFA,0.595,NA,0.195,52480,55.40521833622587,6.065649560795192,8652,-0.34411444772250854,0.9557339431774279
1,2010,DHS 2010,127,Pibaore,BFA.4.3.9_1,Centre-Nord,pibaore,429.50811838325274,327.9991455078125,328.0062561035156,104.9188003540039,104.89800262451172,150.60324096679688,0,9.220000267028809,0.43450544937848534,-0.5840442377275833,-0.14833133318376757,-0.22588274799265107,-0.495124915250406,BFA,0.595,NA,0.195,42531,99.02257531264945,6.662124060150376,6384,0.48873104927816624,0.9557339431774279
2,2021,DHS 2021,127,Pibaore,BFA.4.3.9_1,Centre-Nord,pibaore,429.50811838325274,327.9991455078125,328.0062561035156,104.9188003540039,104.89800262451172,123.64822387695313,0,9.427499771118164,0.43450544937848534,-0.886254199194493,-0.14833133318376757,0.919043048392783,-0.495124915250406,BFA,0.595,NA,0.195,42531,99.02257531264945,6.662124060150376,6384,0.48873104927816624,0.9557339431774279
1,2010,DHS 2010,128,Pissila,BFA.4.3.10_1,Centre-Nord,pissila,1562.78488556018,310.81451416015625,310.4959411621094,127.35992431640624,127.58943176269533,134.02325439453125,0,9.273996353149414,0.05874940709960734,-0.7699330867839694,-0.14833133318376757,0.07205296117756704,-0.11412424401876396,BFA,0.595,NA,0.195,146671,93.8523282092185,6.741634491634492,21756,0.411565617694744,0.9557339431774279
2,2021,DHS 2021,128,Pissila,BFA.4.3.10_1,Centre-Nord,pissila,1562.78488556018,310.81451416015625,310.4959411621094,127.35992431640624,127.58943176269533,89.11761474609375,0.00115937553346157,9.474647521972656,0.05874940709960734,-1.2733989752517068,-0.1386043029638475,1.1791915072132715,-0.11412424401876396,BFA,0.595,NA,0.195,146671,93.8523282092185,6.741634491634492,21756,0.411565617694744,0.9557339431774279
1,2010,DHS 2010,129,Ziga,BFA.4.3.11_1,Centre-Nord,ziga,595.0603815940045,317.1370544433594,317.3078308105469,134.28903198242188,134.40396118164065,147.13018798828125,0,9.220001220703123,0.19699692989498,-0.6229828591838914,-0.14833133318376757,-0.2258774858773079,0.003516685027896084,BFA,0.595,NA,0.195,48366,81.27914661440016,6.008198757763975,8050,0.20481543011068296,0.9557339431774279
2,2021,DHS 2021,129,Ziga,BFA.4.3.11_1,Centre-Nord,ziga,595.0603815940045,317.1370544433594,317.3078308105469,134.28903198242188,134.40396118164065,127.7497329711914,1.9003546913154423e-4,9.427501678466797,0.19699692989498,-0.8402695536943807,-0.14673618448994016,0.9190535726234889,0.003516685027896084,BFA,0.595,NA,0.195,48366,81.27914661440016,6.008198757763975,8050,0.20481543011068296,0.9557339431774279
1,2010,DHS 2010,130,Bingo,BFA.5.1.1_1,Centre-Ouest,bingo,251.37762335257852,326.7445068359375,326.39581298828125,79.463958740234375,79.60015869140625,163.06710815429688,0,9.16213035583496,0.4070717470024332,-0.4443038394964023,-0.14833133318376757,-0.5451931697266725,-0.9272918493660856,BFA,0.5429999999999999,NA,0.225,17154,68.23996412735613,5.9253886010362695,2895,-0.0460402636816908,0.5951130786524614
2,2021,DHS 2021,130,Bingo,BFA.5.1.1_1,Centre-Ouest,bingo,251.37762335257852,326.7445068359375,326.39581298828125,79.463958740234375,79.60015869140625,158.88082885742188,0,9.368891716003418,0.4070717470024332,-0.4912388980341689,-0.14833133318376757,0.5956597493755669,-0.9272918493660856,BFA,0.5429999999999999,NA,0.225,17154,68.23996412735613,5.9253886010362695,2895,-0.0460402636816908,0.5951130786524614
1,2010,DHS 2010,131,Imasgho,BFA.5.1.2_1,Centre-Ouest,imasgho,216.26267338436017,297.1872863769531,297.58160400390625,27.62203025817871,28.39009666442871,179.5840301513672,0,9.18073558807373,-0.23922109197353938,-0.2591220477858222,-0.14833133318376757,-0.44253456130542984,-1.8074531809775505,BFA,0.5429999999999999,NA,0.225,27762,128.37166749834375,5.628953771289538,4932,0.8628108659366984,0.5951130786524614
2,2021,DHS 2021,131,Imasgho,BFA.5.1.2_1,Centre-Ouest,imasgho,216.26267338436017,297.1872863769531,297.58160400390625,27.62203025817871,28.39009666442871,160.4291534423828,0,9.41418743133545,-0.23922109197353938,-0.4738796393996931,-0.14833133318376757,0.8455891801805737,-1.8074531809775505,BFA,0.5429999999999999,NA,0.225,27762,128.37166749834375,5.628953771289538,4932,0.8628108659366984,0.5951130786524614
1,2010,DHS 2010,132,Kindi,BFA.5.1.3_1,Centre-Ouest,kindi,265.3672390305042,321.8203430175781,322.2111511230469,87.12201690673828,87.621246337890625,158.20375061035156,0,9.181960105895996,0.2994008711781508,-0.49883005593531893,-0.14833133318376757,-0.43577800519220705,-0.7972749524113127,BFA,0.5429999999999999,NA,0.225,41881,157.8227973920539,6.637242472266244,6310,1.1610059556776247,0.5951130786524614
2,2021,DHS 2021,132,Kindi,BFA.5.1.3_1,Centre-Ouest,kindi,265.3672390305042,321.8203430175781,322.2111511230469,87.12201690673828,87.621246337890625,145.75099182128906,0.0015026448527351,9.411375045776367,0.2994008711781508,-0.638445910796612,-0.1357264732348349,0.8300712020046438,-0.7972749524113127,BFA,0.5429999999999999,NA,0.225,41881,157.8227973920539,6.637242472266244,6310,1.1610059556776247,0.5951130786524614
1,2010,DHS 2010,133,Kokologho,BFA.5.1.4_1,Centre-Ouest,kokologho,299.7961945813826,326.005126953125,326.1670227050781,53.80918884277344,55.00300216674805,175.4922637939453,0.010849105194211,9.162273406982422,0.39090460015560036,-0.30499746122319615,-0.05774630675916505,-0.5444038524237161,-1.3628531237301518,BFA,0.5267999999999999,NA,NA,NA,93.01195593908565,NA,NA,0.39862693046844616,0.48276580931968366
2,2021,DHS 2021,133,Kokologho,BFA.5.1.4_1,Centre-Ouest,kokologho,299.7961945813826,326.005126953125,326.1670227050781,53.80918884277344,55.00300216674805,160.23377990722656,0.01117647718638181,9.369319915771484,0.39090460015560036,-0.4760700972404143,-0.05502803644389738,0.5980224391690537,-1.3628531237301518,BFA,0.5267999999999999,NA,NA,NA,93.01195593908565,NA,NA,0.39862693046844616,0.48276580931968366
1,2010,DHS 2010,134,Koudougou,BFA.5.1.5_1,Centre-Ouest,koudougou,585.9432673183493,298.2452087402344,298.15167236328125,26.156312942504883,26.68108558654785,191.3674468994141,0.19121254980564115,9.173749923706056,-0.21608875283732065,-0.12701061526450694,1.3205126642010714,-0.48107955626597826,-1.8323378205367442,BFA,0.5429999999999999,NA,0.225,216830,370.05289094344,4.33425949987007,50027,2.3947234903317303,0.5951130786524614
2,2021,DHS 2021,134,Koudougou,BFA.5.1.5_1,Centre-Ouest,koudougou,585.9432673183493,298.2452087402344,298.15167236328125,26.156312942504883,26.68108558654785,166.50204467773438,0.35540899634361267,9.4037504196167,-0.21608875283732065,-0.405792566031825,2.404539437163295,0.7880005897575908,-1.8323378205367442,BFA,0.5429999999999999,NA,0.225,216830,370.05289094344,4.33425949987007,50027,2.3947234903317303,0.5951130786524614
1,2010,DHS 2010,135,Nandiala,BFA.5.1.6_1,Centre-Ouest,nandiala,213.24867380581625,312.218017578125,312.6802673339844,56.7125129699707,57.20549011230469,168.45643615722656,5.370851722545922e-4,9.173749923706056,0.08943815910083908,-0.3838806313541381,-0.1438238477719367,-0.48107955626597826,-1.3135610988245168,BFA,0.5429999999999999,NA,0.225,31314,146.84264826197446,6.264052810562112,4999,1.056847493777065,0.5951130786524614
2,2021,DHS 2021,135,Nandiala,BFA.5.1.6_1,Centre-Ouest,nandiala,213.24867380581625,312.218017578125,312.6802673339844,56.7125129699707,57.20549011230469,163.63543701171875,0,9.4037504196167,0.08943815910083908,-0.4379319406573282,-0.14833133318376757,0.7880005897575908,-1.3135610988245168,BFA,0.5429999999999999,NA,0.225,31314,146.84264826197446,6.264052810562112,4999,1.056847493777065,0.5951130786524614
1,2010,DHS 2010,136,Nanoro,BFA.5.1.7_1,Centre-Ouest,nanoro,354.0626420077433,298.50372314453125,298.4633483886719,81.31934356689453,80.35306549072266,157.78598022460938,0.00272814626805484,9.225689888000488,-0.21043612360917466,-0.5035139473146619,-0.12546041071694278,-0.1944889677967889,-0.8957915169613957,BFA,0.5429999999999999,NA,0.225,47914,135.32633583791687,6.222597402597403,7700,0.9389403379244263,0.5951130786524614
2,2021,DHS 2021,136,Nanoro,BFA.5.1.7_1,Centre-Ouest,nanoro,354.0626420077433,298.50372314453125,298.4633483886719,81.31934356689453,80.35306549072266,136.82969665527344,0.00412609102204442,9.477758407592772,-0.21043612360917466,-0.7384682650533401,-0.11376509332122142,1.1963565274946735,-0.8957915169613957,BFA,0.5429999999999999,NA,0.225,47914,135.32633583791687,6.222597402597403,7700,0.9389403379244263,0.5951130786524614
1,2010,DHS 2010,137,Pella,BFA.5.1.8_1,Centre-Ouest,pella,203.76685444088952,316.0735778808594,315.8175964355469,95.51068115234376,95.53944396972656,158.2526092529297,0,9.224397659301758,0.17374314364277466,-0.4982822703990811,-0.14833133318376757,-0.20161913410007304,-0.6548539794837864,BFA,0.5429999999999999,NA,0.225,24606,120.75565512122054,6.5354581673306775,3765,0.7745979158742538,0.5951130786524614
2,2021,DHS 2021,137,Pella,BFA.5.1.8_1,Centre-Ouest,pella,203.76685444088952,316.0735778808594,315.8175964355469,95.51068115234376,95.53944396972656,136.40582275390625,0,9.47484016418457,0.17374314364277466,-0.7432205868556984,-0.14833133318376757,1.180254454514573,-0.6548539794837864,BFA,0.5429999999999999,NA,0.225,24606,120.75565512122054,6.5354581673306775,3765,0.7745979158742538,0.5951130786524614
1,2010,DHS 2010,138,Poa,BFA.5.1.9_1,Centre-Ouest,poa,234.38571249413687,324.62615966796875,324.2821960449219,41.6378059387207,42.13348388671875,175.73757934570313,0.0010942977387458,9.173749923706056,0.36075235079861717,-0.3022470714461518,-0.13914999987063123,-0.48107955626597826,-1.5694962965066457,BFA,0.5429999999999999,NA,0.225,32097,136.94094088948745,6.986721811057902,4594,0.9560587233898876,0.5951130786524614
2,2021,DHS 2021,138,Poa,BFA.5.1.9_1,Centre-Ouest,poa,234.38571249413687,324.62615966796875,324.2821960449219,41.6378059387207,42.13348388671875,165.49697875976565,0,9.4037504196167,0.36075235079861717,-0.41706100378976196,-0.14833133318376757,0.7880005897575908,-1.5694962965066457,BFA,0.5429999999999999,NA,0.225,32097,136.94094088948745,6.986721811057902,4594,0.9560587233898876,0.5951130786524614
1,2010,DHS 2010,139,Ramongo,BFA.5.1.10_1,Centre-Ouest,ramongo,167.11496903163524,301.5734558105469,300.9624328613281,20.207429885864254,20.67819595336914,198.38291931152344,0.00176436814945191,9.173749923706056,-0.14331390410380612,-0.04835566059432152,-0.1335329547013192,-0.48107955626597826,-1.9333367028322987,BFA,0.5429999999999999,NA,0.225,29524,176.66879377161624,6.088678077954217,4849,1.324035036186196,0.5951130786524614
2,2021,DHS 2021,139,Ramongo,BFA.5.1.10_1,Centre-Ouest,ramongo,167.11496903163524,301.5734558105469,300.9624328613281,20.207429885864254,20.67819595336914,166.97865295410156,6.388055044226348e-4,9.4037504196167,-0.14331390410380612,-0.40044900537461403,-0.14297043277305985,0.7880005897575908,-1.9333367028322987,BFA,0.5429999999999999,NA,0.225,29524,176.66879377161624,6.088678077954217,4849,1.324035036186196,0.5951130786524614
1,2010,DHS 2010,140,Sabou,BFA.5.1.11_1,Centre-Ouest,sabou,457.85618358403497,312.4935302734375,311.37628173828125,43.36520767211914,42.93778610229492,192.19569396972656,5.236946162767708e-4,9.167847633361816,0.09546246988725178,-0.11772460686132459,-0.14393619855215223,-0.5136467881855642,-1.5401688340758801,BFA,0.5429999999999999,NA,0.225,61836,135.0555091687445,6.136350104197678,10077,0.9360491329260481,0.5951130786524614
2,2021,DHS 2021,140,Sabou,BFA.5.1.11_1,Centre-Ouest,sabou,457.85618358403497,312.4935302734375,311.37628173828125,43.36520767211914,42.93778610229492,164.1475067138672,0.01114310603588819,9.39708137512207,0.09546246988725178,-0.4321907992423981,-0.05530508708247934,0.751202617094221,-1.5401688340758801,BFA,0.5429999999999999,NA,0.225,61836,135.0555091687445,6.136350104197678,10077,0.9360491329260481,0.5951130786524614
1,2010,DHS 2010,141,Sigle,BFA.5.1.12_1,Centre-Ouest,sigle,296.9173452058719,335.80389404296875,335.8322448730469,97.74603271484376,97.906890869140625,162.43264770507813,0,9.204323768615724,0.6051626698461308,-0.45141718196884767,-0.14833133318376757,-0.3123814001648811,-0.6169026519487627,BFA,0.5429999999999999,NA,0.225,35287,118.84452211955906,5.841251448435689,6041,0.7515957784490488,0.5951130786524614
2,2021,DHS 2021,141,Sigle,BFA.5.1.12_1,Centre-Ouest,sigle,296.9173452058719,335.80389404296875,335.8322448730469,97.74603271484376,97.906890869140625,146.36431884765625,0,9.420092582702637,0.6051626698461308,-0.6315695086638573,-0.14833133318376757,0.8781721984462088,-0.6169026519487627,BFA,0.5429999999999999,NA,0.225,35287,118.84452211955906,5.841251448435689,6041,0.7515957784490488,0.5951130786524614
1,2010,DHS 2010,142,Soaw,BFA.5.1.13_1,Centre-Ouest,soaw,188.86429499331953,301.327392578125,300.9866027832031,61.179317474365234,61.706180572509766,167.32969665527344,0,9.212474822998049,-0.14869427825875134,-0.39651322959488633,-0.14833133318376757,-0.26740610024298467,-1.2377246337131385,BFA,0.5429999999999999,NA,0.225,22039,116.69225250214477,6.1699328107502796,3572,0.725248050114492,0.5951130786524614
2,2021,DHS 2021,142,Soaw,BFA.5.1.13_1,Centre-Ouest,soaw,188.86429499331953,301.327392578125,300.9866027832031,61.179317474365234,61.706180572509766,149.5370330810547,0,9.46160888671875,-0.14869427825875134,-0.5959981772480768,-0.14833133318376757,1.1072478661073668,-1.2377246337131385,BFA,0.5429999999999999,NA,0.225,22039,116.69225250214477,6.1699328107502796,3572,0.725248050114492,0.5951130786524614
1,2010,DHS 2010,143,Sourgou,BFA.5.1.14_1,Centre-Ouest,sourgou,267.2762952135526,288.6360778808594,287.9369201660156,51.21661376953125,52.94732666015625,211.0411071777344,0,9.173749923706056,-0.42620027099630825,0.09356339122961091,-0.14833133318376757,-0.48107955626597826,-1.4068693167148971,BFA,0.5429999999999999,NA,0.225,17532,65.59504271036086,6.683949675943576,2623,-0.10266698692690837,0.5951130786524614
2,2021,DHS 2021,143,Sourgou,BFA.5.1.14_1,Centre-Ouest,sourgou,267.2762952135526,288.6360778808594,287.9369201660156,51.21661376953125,52.94732666015625,160.54209899902344,4.898455808870494e-4,9.4037504196167,-0.42620027099630825,-0.47261333442179404,-0.14422020881445596,0.7880005897575908,-1.4068693167148971,BFA,0.5429999999999999,NA,0.225,17532,65.59504271036086,6.683949675943576,2623,-0.10266698692690837,0.5951130786524614
1,2010,DHS 2010,144,Thyou,BFA.5.1.15_1,Centre-Ouest,thyou,291.7288747711206,329.8855895996094,329.48052978515625,87.30183410644531,89.07940673828125,200.7012634277344,0,9.144497871398926,0.47575409484393744,-0.022363219792229112,-0.14833133318376757,-0.6424844204878588,-0.7942220539066677,BFA,0.5429999999999999,NA,0.225,32263,110.59241230513203,6.822372594628885,4729,0.6478711350638703,0.5951130786524614
2,2021,DHS 2021,144,Thyou,BFA.5.1.15_1,Centre-Ouest,thyou,291.7288747711206,329.8855895996094,329.48052978515625,87.30183410644531,89.07940673828125,164.3111114501953,3.852972004096955e-4,9.370705604553224,0.47575409484393744,-0.4303565217534717,-0.14509748246348944,0.6056682927769395,-0.7942220539066677,BFA,0.5429999999999999,NA,0.225,32263,110.59241230513203,6.822372594628885,4729,0.6478711350638703,0.5951130786524614
1,2010,DHS 2010,145,Dassa,BFA.5.2.1_1,Centre-Ouest,dassa,245.5655133233572,272.79132080078125,272.3355407714844,103.5389404296875,107.97451782226564,212.2247772216797,0,9.209721565246582,-0.7726588647730319,0.10683427424103449,-0.14833133318376757,-0.28259782726703975,-0.5185518861209824,BFA,0.726,NA,0.225,20411,83.11834884209935,6.83785594639866,2985,0.23695690915731546,1.8642211211153232
2,2021,DHS 2021,145,Dassa,BFA.5.2.1_1,Centre-Ouest,dassa,245.5655133233572,272.79132080078125,272.3355407714844,103.5389404296875,107.97451782226564,155.90806579589844,0.00363817764446139,9.44021987915039,-0.7726588647730319,-0.5245684487919665,-0.11784516484756845,0.9892291429707933,-0.5185518861209824,BFA,0.726,NA,0.225,20411,83.11834884209935,6.83785594639866,2985,0.23695690915731546,1.8642211211153232
1,2010,DHS 2010,146,Didyr,BFA.5.2.2_1,Centre-Ouest,didyr,633.9735390785287,285.61065673828125,285.7615966796875,76.3424301147461,76.73323822021484,204.28485107421875,0,9.22872257232666,-0.49235358274116825,0.01781467662488667,-0.14833133318376757,-0.17775544097432128,-0.9802885042382912,BFA,0.726,NA,0.225,53361,84.16912806417668,7.70778564206269,6923,0.25500609819690107,1.8642211211153232
2,2021,DHS 2021,146,Didyr,BFA.5.2.2_1,Centre-Ouest,didyr,633.9735390785287,285.61065673828125,285.7615966796875,76.3424301147461,76.73323822021484,151.41873168945313,0.00148722087033092,9.48674488067627,-0.49235358274116825,-0.5749012489085027,-0.13585576043559824,1.2459414404657878,-0.9802885042382912,BFA,0.726,NA,0.225,53361,84.16912806417668,7.70778564206269,6923,0.25500609819690107,1.8642211211153232
1,2010,DHS 2010,147,Godyr,BFA.5.2.3_1,Centre-Ouest,godyr,248.14710700653956,290.3049011230469,290.3808898925781,90.26483154296876,90.55455017089844,203.26675415039065,0,9.233696937561035,-0.3897100836852546,0.006400139913811936,-0.14833133318376757,-0.150308247293192,-0.7439169081365883,BFA,0.726,NA,0.225,23824,96.00756699280058,7.517828968128748,3169,0.4442315404802674,1.8642211211153232
2,2021,DHS 2021,147,Godyr,BFA.5.2.3_1,Centre-Ouest,godyr,248.14710700653956,290.3049011230469,290.3808898925781,90.26483154296876,90.55455017089844,138.0667266845703,4.3931780965067446e-4,9.498628616333008,-0.3897100836852546,-0.7245991290687045,-0.14464417985346725,1.311512659879237,-0.7439169081365883,BFA,0.726,NA,0.225,23824,96.00756699280058,7.517828968128748,3169,0.4442315404802674,1.8642211211153232
1,2010,DHS 2010,148,Kordie,BFA.5.2.4_1,Centre-Ouest,kordie,456.7710398540629,287.7891845703125,287.0119323730469,51.11026763916016,50.7984504699707,180.1154022216797,0,9.218631744384766,-0.44471828701688193,-0.2531644951581061,-0.14833133318376757,-0.2334338835241734,-1.4086748388947201,BFA,0.726,NA,0.225,26227,57.418263663080424,6.551836122907819,4003,-0.29313057590444763,1.8642211211153232
2,2021,DHS 2021,148,Kordie,BFA.5.2.4_1,Centre-Ouest,kordie,456.7710398540629,287.7891845703125,287.0119323730469,51.11026763916016,50.7984504699707,154.8884735107422,7.805660716257989e-4,9.470951080322266,-0.44471828701688193,-0.5359997509566804,-0.14178123220682698,1.1587955481051317,-1.4086748388947201,BFA,0.726,NA,0.225,26227,57.418263663080424,6.551836122907819,4003,-0.29313057590444763,1.8642211211153232
1,2010,DHS 2010,149,Kyon,BFA.5.2.5_1,Centre-Ouest,kyon,191.6746706993615,279.66619873046875,279.185302734375,59.84002685546875,61.36532211303711,205.98240661621097,0.00722688296809792,9.209375381469728,-0.6223340268554524,0.036847059102088076,-0.08788162664037599,-0.2845079751401607,-1.260462827469775,BFA,0.726,NA,0.225,24484,127.73727436528502,5.735301007261654,4269,0.8556638990620877,1.8642211211153232
2,2021,DHS 2021,149,Kyon,BFA.5.2.5_1,Centre-Ouest,kyon,191.6746706993615,279.66619873046875,279.185302734375,59.84002685546875,61.36532211303711,150.4529571533203,0.0302926953881979,9.439374923706056,-0.6223340268554524,-0.5857291658182787,0.10219262181075366,0.9845669087680653,-1.260462827469775,BFA,0.726,NA,0.225,24484,127.73727436528502,5.735301007261654,4269,0.8556638990620877,1.8642211211153232
1,2010,DHS 2010,150,Pouni,BFA.5.2.6_1,Centre-Ouest,pouni,675.6610529821137,291.11419677734375,290.4482727050781,77.27433776855469,77.99271392822266,236.0858154296875,0,9.136706352233888,-0.3720141712190519,0.3743556567490617,-0.14833133318376757,-0.685475902921673,-0.9644667725718274,BFA,0.726,NA,0.225,57067,84.46098786977247,6.246387915936952,9136,0.25997985445123245,1.8642211211153232
2,2021,DHS 2021,150,Pouni,BFA.5.2.6_1,Centre-Ouest,pouni,675.6610529821137,291.11419677734375,290.4482727050781,77.27433776855469,77.99271392822266,159.70623779296875,0.00385187054052948,9.358275413513184,-0.3720141712190519,-0.48198470977768837,-0.11605795952631823,0.5370818812662244,-0.9644667725718274,BFA,0.726,NA,0.225,57067,84.46098786977247,6.246387915936952,9136,0.25997985445123245,1.8642211211153232
1,2010,DHS 2010,151,Réo,BFA.5.2.7_1,Centre-Ouest,réo,434.1281048236046,297.15997314453125,296.5214538574219,33.15781021118164,34.701229095458984,195.39207458496097,0.04472146928310394,9.189048767089844,-0.23981831817578123,-0.08188793648030182,0.21894160999488702,-0.39666470177352725,-1.713467876078455,BFA,0.5267999999999999,NA,NA,NA,93.01195593908565,NA,NA,0.39862693046844616,0.48276580931968366
2,2021,DHS 2021,151,Réo,BFA.5.2.7_1,Centre-Ouest,réo,434.1281048236046,297.15997314453125,296.5214538574219,33.15781021118164,34.701229095458984,158.5102081298828,0.10218484699726103,9.419048309326172,-0.23981831817578123,-0.4953941643957183,0.6684311210897732,0.8724101821346987,-1.713467876078455,BFA,0.5267999999999999,NA,NA,NA,93.01195593908565,NA,NA,0.39862693046844616,0.48276580931968366
1,2010,DHS 2010,152,Tenado,BFA.5.2.8_1,Centre-Ouest,tenado,901.9721152895568,275.70074462890625,274.97064208984375,68.65387725830078,69.63899993896484,217.17884826660156,0.00262105814181268,9.207727432250977,-0.709041929335123,0.16237753784201675,-0.1263569907716765,-0.2936009104701151,-1.1108231336095036,BFA,0.726,NA,0.225,60190,66.73155298229749,5.517968463513018,10908,-0.07806403647446743,1.8642211211153232
2,2021,DHS 2021,152,Tenado,BFA.5.2.8_1,Centre-Ouest,tenado,901.9721152895568,275.70074462890625,274.97064208984375,68.65387725830078,69.63899993896484,153.04713439941406,0.00192221219185739,9.437726974487305,-0.709041929335123,-0.5566441831240655,-0.1322103314005046,0.9754739734381108,-1.1108231336095036,BFA,0.726,NA,0.225,60190,66.73155298229749,5.517968463513018,10908,-0.07806403647446743,1.8642211211153232
1,2010,DHS 2010,153,Zamo,BFA.5.2.9_1,Centre-Ouest,zamo,664.704803404127,272.3061828613281,272.4853820800781,118.04031372070313,117.59584045410156,251.53811645507813,0,9.174307823181152,-0.7832668032501701,0.5476013008491323,-0.14833133318376757,-0.4780012187844964,-0.2723506278010269,BFA,0.726,NA,0.225,22865,34.398728402295816,5.415679772619612,4222,-1.0214672475003292,1.8642211211153232
2,2021,DHS 2021,153,Zamo,BFA.5.2.9_1,Centre-Ouest,zamo,664.704803404127,272.3061828613281,272.4853820800781,118.04031372070313,117.59584045410156,166.7324981689453,0.00124048325233161,9.3988189697265625,-0.7832668032501701,-0.403208804334823,-0.13792423996723704,0.7607901912673456,-0.2723506278010269,BFA,0.726,NA,0.225,22865,34.398728402295816,5.415679772619612,4222,-1.0214672475003292,1.8642211211153232
1,2010,DHS 2010,154,Zawara,BFA.5.2.10_1,Centre-Ouest,zawara,678.5260362278714,269.6029357910156,269.6561279296875,101.21780395507813,100.941650390625,265.90447998046875,1.233364764630096e-5,9.137499809265137,-0.8423755149759605,0.7086718040863121,-0.14822779593355684,-0.6810978229480058,-0.5579596518072314,BFA,0.726,NA,0.225,27322,40.26669359939546,6.374708352776482,4286,-0.7984678366804129,1.8642211211153232
2,2021,DHS 2021,154,Zawara,BFA.5.2.10_1,Centre-Ouest,zawara,678.5260362278714,269.6029357910156,269.6561279296875,101.21780395507813,100.941650390625,188.04457092285156,0,9.356249809265137,-0.8423755149759605,-0.16426550616252278,-0.14833133318376757,0.5259051482565007,-0.5579596518072314,BFA,0.726,NA,0.225,27322,40.26669359939546,6.374708352776482,4286,-0.7984678366804129,1.8642211211153232
1,2010,DHS 2010,155,Bieha,BFA.5.3.1_1,Centre-Ouest,bieha,1623.4918369077477,316.6180725097656,316.2471008300781,175.42831420898438,176.81082153320313,251.2478485107422,0,9.098435401916504,0.18564896476053888,0.5443469210065799,-0.14833133318376757,-0.8966445920366594,0.7019707450192102,BFA,0.365,NA,0.225,52733,32.4812227577566,6.2502074196989454,8437,-1.1024367589891875,-0.6393198806829989
2,2021,DHS 2021,155,Bieha,BFA.5.3.1_1,Centre-Ouest,bieha,1623.4918369077477,316.6180725097656,316.2471008300781,175.42831420898438,176.81082153320313,205.49331665039065,4.6424235915765166e-4,9.296415328979492,0.18564896476053888,0.03136355822981073,-0.1444350389769098,0.1957547688953559,0.7019707450192102,BFA,0.365,NA,0.225,52733,32.4812227577566,6.2502074196989454,8437,-1.1024367589891875,-0.6393198806829989
1,2010,DHS 2010,156,Boura,BFA.5.3.2_1,Centre-Ouest,boura,1029.070175909224,292.8857727050781,292.4181823730469,186.85348510742188,185.2910919189453,281.49530029296875,0,9.091028213500977,-0.333277212262246,0.883470476636716,-0.14833133318376757,-0.9375154419832336,0.8959448876928965,BFA,0.365,NA,0.225,40448,39.30538552850645,5.466684687119881,7399,-0.8327372472508674,-0.6393198806829989
2,2021,DHS 2021,156,Boura,BFA.5.3.2_1,Centre-Ouest,boura,1029.070175909224,292.8857727050781,292.4181823730469,186.85348510742188,185.2910919189453,241.9277801513672,0,9.29482078552246,-0.333277212262246,0.43985366506214413,-0.14833133318376757,0.18695651202516816,0.8959448876928965,BFA,0.365,NA,0.225,40448,39.30538552850645,5.466684687119881,7399,-0.8327372472508674,-0.6393198806829989
1,2010,DHS 2010,157,Leo,BFA.5.3.3_1,Centre-Ouest,leo,809.4631380037682,334.2415466308594,334.3782043457031,130.15586853027344,130.6880645751953,257.5842590332031,0.01360941585153341,9.072110176086426,0.5710006637860512,0.6153884778881356,-0.034854128887776184,-1.041900024240243,-0.06665529264207037,BFA,0.365,NA,0.225,85574,105.71698201234413,5.099761620977354,16780,0.5829212756779562,-0.6393198806829989
2,2021,DHS 2021,157,Leo,BFA.5.3.3_1,Centre-Ouest,leo,809.4631380037682,334.2415466308594,334.3782043457031,130.15586853027344,130.6880645751953,218.51666259765625,0.02187649346888065,9.272745132446287,0.5710006637860512,0.17737663118669322,0.03333640114469121,0.06514906583445111,-0.06665529264207037,BFA,0.365,NA,0.225,85574,105.71698201234413,5.099761620977354,16780,0.5829212756779562,-0.6393198806829989
1,2010,DHS 2010,158,Nebielianayou,BFA.5.3.4_1,Centre-Ouest,nebielianayou,411.05959463943793,298.3877258300781,297.9353332519531,115.1243667602539,116.2798080444336,217.92361450195313,0,9.106559753417969,-0.21297249991612577,0.170727589134407,-0.14833133318376757,-0.8518166313446462,-0.321856960508263,BFA,0.365,NA,0.225,13137,31.958869641573884,7.143556280587275,1839,-1.1252984516580127,-0.6393198806829989
2,2021,DHS 2021,158,Nebielianayou,BFA.5.3.4_1,Centre-Ouest,nebielianayou,411.05959463943793,298.3877258300781,297.9353332519531,115.1243667602539,116.2798080444336,171.23837280273438,0,9.327784538269045,-0.21297249991612577,-0.35269055777191527,-0.14833133318376757,0.36884152920084595,-0.321856960508263,BFA,0.365,NA,0.225,13137,31.958869641573884,7.143556280587275,1839,-1.1252984516580127,-0.6393198806829989
1,2010,DHS 2010,159,Niabouri,BFA.5.3.5_1,Centre-Ouest,niabouri,525.3045787479566,278.8319091796875,278.92822265625,214.6400909423828,213.40896606445313,295.6642150878906,0,9.1221284866333,-0.6405764513435949,1.0423272556893495,-0.14833133318376757,-0.7659125982072928,1.3677000231355807,BFA,0.365,NA,0.225,30371,57.815981867868196,5.808185121438133,5229,-0.2832657797503052,-0.6393198806829989
2,2021,DHS 2021,159,Niabouri,BFA.5.3.5_1,Centre-Ouest,niabouri,525.3045787479566,278.8319091796875,278.92822265625,214.6400909423828,213.40896606445313,236.5240478515625,0,9.329195022583008,-0.6405764513435949,0.37926896112156366,-0.14833133318376757,0.37662419780788947,1.3677000231355807,BFA,0.365,NA,0.225,30371,57.815981867868196,5.808185121438133,5229,-0.2832657797503052,-0.6393198806829989
1,2010,DHS 2010,160,Silly,BFA.5.3.6_1,Centre-Ouest,silly,1128.8775702252688,292.6006164550781,292.6934509277344,140.3865966796875,138.6851348876953,251.5624237060547,0,9.113500595092772,-0.33951238727202004,0.5478738250087909,-0.14833133318376757,-0.8135189558056878,0.10703985287050491,BFA,0.365,NA,0.225,50795,44.996022013143374,6.302109181141439,8060,-0.6407205222989606,-0.6393198806829989
2,2021,DHS 2021,160,Silly,BFA.5.3.6_1,Centre-Ouest,silly,1128.8775702252688,292.6006164550781,292.6934509277344,140.3865966796875,138.6851348876953,200.86251831054688,1.0412770643597467e-4,9.329718589782717,-0.33951238727202004,-0.020555288016163947,-0.14745725262630754,0.37951309913668374,0.10703985287050491,BFA,0.365,NA,0.225,50795,44.996022013143374,6.302109181141439,8060,-0.6407205222989606,-0.6393198806829989
1,2010,DHS 2010,161,Tô,BFA.5.3.7_1,Centre-Ouest,tô,1203.9847577161408,322.674072265625,322.47119140625,117.35212707519533,117.8398666381836,272.42822265625,0,9.06919288635254,0.3180683605722464,0.7818136617262664,-0.14833133318376757,-1.0579968351049904,-0.28403451557377885,BFA,0.5267999999999999,NA,NA,NA,93.01195593908565,NA,NA,0.39862693046844616,0.48276580931968366
2,2021,DHS 2021,161,Tô,BFA.5.3.7_1,Centre-Ouest,tô,1203.9847577161408,322.674072265625,322.47119140625,117.35212707519533,117.8398666381836,209.1640167236328,0,9.271620750427246,0.3180683605722464,0.07251812785941307,-0.14833133318376757,0.05894503183330075,-0.28403451557377885,BFA,0.5267999999999999,NA,NA,NA,93.01195593908565,NA,NA,0.39862693046844616,0.48276580931968366
1,2010,DHS 2010,162,Bakata,BFA.5.4.1_1,Centre-Ouest,bakata,625.5231629700885,332.6910095214844,332.7520751953125,153.35147094726565,153.32798767089844,200.5710296630859,0,9.116250991821287,0.5370968996704047,-0.02382335394331973,-0.14833133318376757,-0.7983430151277014,0.32715475472020406,BFA,0.35200000000000004,NA,0.225,32480,51.92453600883384,6.176079102490968,5259,-0.4367202675447812,-0.7294750968142402
2,2021,DHS 2021,162,Bakata,BFA.5.4.1_1,Centre-Ouest,bakata,625.5231629700885,332.6910095214844,332.7520751953125,153.35147094726565,153.32798767089844,165.244873046875,0,9.331250190734863,0.5370968996704047,-0.41988752241241123,-0.14833133318376757,0.3879640563935554,0.32715475472020406,BFA,0.35200000000000004,NA,0.225,32480,51.92453600883384,6.176079102490968,5259,-0.4367202675447812,-0.7294750968142402
1,2010,DHS 2010,163,Bougnounou,BFA.5.4.2_1,Centre-Ouest,bougnounou,512.9937499613679,341.79803466796875,342.4197082519531,123.12928009033205,121.86614227294922,207.49282836914065,0,9.107789993286133,0.7362294650858336,0.0537813648096386,-0.14833133318376757,-0.8450285025393056,-0.18595122971596276,BFA,0.35200000000000004,NA,0.225,28938,56.4100439862654,6.4363879003558715,4496,-0.3184420185354548,-0.7294750968142402
2,2021,DHS 2021,163,Bougnounou,BFA.5.4.2_1,Centre-Ouest,bougnounou,512.9937499613679,341.79803466796875,342.4197082519531,123.12928009033205,121.86614227294922,165.8279571533203,0,9.32807731628418,0.7362294650858336,-0.41335019302569753,-0.14833133318376757,0.3704569986142001,-0.18595122971596276,BFA,0.35200000000000004,NA,0.225,28938,56.4100439862654,6.4363879003558715,4496,-0.3184420185354548,-0.7294750968142402
1,2010,DHS 2010,164,Cassou,BFA.5.4.3_1,Centre-Ouest,cassou,1175.1054853987916,330.8036804199219,330.63592529296875,147.5843505859375,147.2887725830078,252.5871429443359,0,9.09738826751709,0.49582890274141633,0.5593626087288373,-0.14833133318376757,-0.9024223946942284,0.22924180114350282,BFA,0.35200000000000004,NA,0.225,54284,46.19500178877799,6.109622960045019,8885,-0.6033071193979093,-0.7294750968142402
2,2021,DHS 2021,164,Cassou,BFA.5.4.3_1,Centre-Ouest,cassou,1175.1054853987916,330.8036804199219,330.63592529296875,147.5843505859375,147.2887725830078,192.46124267578125,0,9.307178497314451,0.49582890274141633,-0.11474737023198435,-0.14833133318376757,0.25514300276904717,0.22924180114350282,BFA,0.35200000000000004,NA,0.225,54284,46.19500178877799,6.109622960045019,8885,-0.6033071193979093,-0.7294750968142402
1,2010,DHS 2010,165,Dalo,BFA.5.4.4_1,Centre-Ouest,dalo,324.8050197652483,328.3511962890625,327.91741943359375,68.77980041503906,70.06583404541016,204.13096618652344,0,9.106249809265137,0.4422033281148674,0.01608937458461222,-0.14833133318376757,-0.8535268188343639,-1.1086852368035651,BFA,0.35200000000000004,NA,0.225,12831,39.50369981742758,6.658536585365853,1927,-0.825601159866441,-0.7294750968142402
2,2021,DHS 2021,165,Dalo,BFA.5.4.4_1,Centre-Ouest,dalo,324.8050197652483,328.3511962890625,327.91741943359375,68.77980041503906,70.06583404541016,174.23605346679688,0,9.3274993896484375,0.4422033281148674,-0.3190816398121575,-0.14833133318376757,0.36726815671029595,-1.1086852368035651,BFA,0.35200000000000004,NA,0.225,12831,39.50369981742758,6.658536585365853,1927,-0.825601159866441,-0.7294750968142402
1,2010,DHS 2010,166,Gao,BFA.5.4.5_1,Centre-Ouest,gao,579.880176908813,324.12322998046875,323.61846923828125,158.73443603515625,160.4440155029297,217.79135131835935,0,9.106123924255373,0.34975538117521426,0.16924470186766408,-0.14833133318376757,-0.8542214180609471,0.4185456010583329,BFA,0.35200000000000004,NA,0.225,26453,45.61804499166346,6.481989708404803,4081,-0.6211905568709152,-0.7294750968142402
2,2021,DHS 2021,166,Gao,BFA.5.4.5_1,Centre-Ouest,gao,579.880176908813,324.12322998046875,323.61846923828125,158.73443603515625,160.4440155029297,181.8521270751953,0,9.327309608459473,0.34975538117521426,-0.23369296044120397,-0.14833133318376757,0.36622099575505346,0.4185456010583329,BFA,0.35200000000000004,NA,0.225,26453,45.61804499166346,6.481989708404803,4081,-0.6211905568709152,-0.7294750968142402
1,2010,DHS 2010,167,Sapouy,BFA.5.4.6_1,Centre-Ouest,sapouy,2096.1662944384466,319.1271667480469,318.9438171386719,203.4477081298828,203.18948364257813,207.88308715820313,0,9.1140775680542,0.24051236576156673,0.05815680605723961,-0.14833133318376757,-0.8103353760171267,1.1776781075047784,BFA,0.35200000000000004,NA,0.225,86745,41.382690023283,5.412429026018594,16027,-0.759671448286818,-0.7294750968142402
2,2021,DHS 2021,167,Sapouy,BFA.5.4.6_1,Centre-Ouest,sapouy,2096.1662944384466,319.1271667480469,318.9438171386719,203.4477081298828,203.18948364257813,182.2234344482422,0.00147856737021356,9.322084426879885,0.24051236576156673,-0.2295299956570653,-0.13592829684198718,0.33738986573610097,1.1776781075047784,BFA,0.35200000000000004,NA,0.225,86745,41.382690023283,5.412429026018594,16027,-0.759671448286818,-0.7294750968142402
1,2010,DHS 2010,168,Doulougou,BFA.6.1.1_1,Centre-Sud,doulougou,544.8562260525613,316.471923828125,316.3771057128906,132.49571228027344,132.94027709960938,177.51107788085938,1.2884782336186618e-5,9.145304679870604,0.18245330410966046,-0.2823632434305823,-0.1482231693539508,-0.6380326708992499,-0.026929918778410784,BFA,0.527,NA,0.287,30155,55.34487550682958,5.837204800619435,5166,-0.3456706794707317,0.4841528126447803
2,2021,DHS 2021,168,Doulougou,BFA.6.1.1_1,Centre-Sud,doulougou,544.8562260525613,316.471923828125,316.3771057128906,132.49571228027344,132.94027709960938,151.76315307617188,0.0016942040529102,9.353506088256836,0.18245330410966046,-0.5710397201377466,-0.13412094794318294,0.5107660423859851,-0.026929918778410784,BFA,0.527,NA,0.287,30155,55.34487550682958,5.837204800619435,5166,-0.3456706794707317,0.4841528126447803
1,2010,DHS 2010,169,Gaongo,BFA.6.1.2_1,Centre-Sud,gaongo,627.415169772363,277.8201904296875,278.93115234375,181.99542236328125,183.53021240234375,161.1719970703125,0,9.182342529296877,-0.6626985106248481,-0.46555114369055267,-0.14833133318376757,-0.4336678969356534,0.8134657226785222,BFA,0.527,NA,0.287,35765,57.00372213342587,6.281173164734809,5694,-0.3034843896930864,0.4841528126447803
2,2021,DHS 2021,169,Gaongo,BFA.6.1.2_1,Centre-Sud,gaongo,627.415169772363,277.8201904296875,278.93115234375,181.99542236328125,183.53021240234375,144.25038146972656,1.7817302432376891e-4,9.388335227966309,-0.6626985106248481,-0.6552702145991653,-0.14683574841847108,0.7029437571920668,0.8134657226785222,BFA,0.527,NA,0.287,35765,57.00372213342587,6.281173164734809,5694,-0.3034843896930864,0.4841528126447803
1,2010,DHS 2010,170,Ipelce,BFA.6.1.3_1,Centre-Sud,ipelce,183.14473532190752,315.0833435058594,315.3852844238281,123.59884643554688,122.80225372314452,187.5042724609375,0,9.116250038146973,0.15209085782116197,-0.1703231382838989,-0.14833133318376757,-0.7983482772430446,-0.17797903130850443,BFA,0.527,NA,0.287,13857,75.6614705612149,5.477075098814229,2530,0.10199765274326571,0.4841528126447803
2,2021,DHS 2021,170,Ipelce,BFA.6.1.3_1,Centre-Sud,ipelce,183.14473532190752,315.0833435058594,315.3852844238281,123.59884643554688,122.80225372314452,153.23870849609375,0.00311874854378402,9.331249237060549,0.15209085782116197,-0.5544963232216713,-0.12219096028369686,0.3879587942782122,-0.17797903130850443,BFA,0.527,NA,0.287,13857,75.6614705612149,5.477075098814229,2530,0.10199765274326571,0.4841528126447803
1,2010,DHS 2010,171,Kayao,BFA.6.1.4_1,Centre-Sud,kayao,676.4819166178984,318.13262939453125,317.8227233886719,130.40272521972656,133.2921142578125,178.45486450195313,0,9.146553993225098,0.21876599178965672,-0.27178184711971903,-0.14833133318376757,-0.6311392997868399,-0.06246421181486954,BFA,0.527,NA,0.287,40691,60.150905738081626,6.384905068256708,6373,-0.226663795975508,0.4841528126447803
2,2021,DHS 2021,171,Kayao,BFA.6.1.4_1,Centre-Sud,kayao,676.4819166178984,318.13262939453125,317.8227233886719,130.40272521972656,133.2921142578125,154.2903289794922,0,9.355544090270996,0.21876599178965672,-0.5427059324121845,-0.14833133318376757,0.5220111828952975,-0.06246421181486954,BFA,0.527,NA,0.287,40691,60.150905738081626,6.384905068256708,6373,-0.226663795975508,0.4841528126447803
1,2010,DHS 2010,172,Kombissiri,BFA.6.1.5_1,Centre-Sud,kombissiri,598.9460344492321,310.0401306152344,309.88018798828125,128.4579620361328,130.17059326171875,165.39816284179688,0.01196796726435422,9.166046142578123,0.04181687650532042,-0.4181688923383807,-0.048459685185159064,-0.523586924087348,-0.09548199111938188,BFA,0.527,NA,0.287,77756,129.82137876829162,5.627560251863646,13817,0.8790123872015416,0.4841528126447803
2,2021,DHS 2021,172,Kombissiri,BFA.6.1.5_1,Centre-Sud,kombissiri,598.9460344492321,310.0401306152344,309.88018798828125,128.4579620361328,130.17059326171875,143.06019592285156,0.02078910917043686,9.36936092376709,0.04181687650532042,-0.6686141470871582,0.024398746150165573,0.5982487101292318,-0.09548199111938188,BFA,0.527,NA,0.287,77756,129.82137876829162,5.627560251863646,13817,0.8790123872015416,0.4841528126447803
1,2010,DHS 2010,173,Sapone,BFA.6.1.6_1,Centre-Sud,sapone,672.6464721764418,315.0487976074219,315.98382568359375,105.49014282226564,109.29910278320313,167.81048583984375,7.822656189091504e-4,9.155799865722656,0.1513354834513991,-0.39112279409790984,-0.14176697607222205,-0.5801230914397256,-0.48542478328395167,BFA,0.527,NA,0.287,44140,65.62139522887685,4.833023103032957,9133,-0.10209177247669246,0.4841528126447803
2,2021,DHS 2021,173,Sapone,BFA.6.1.6_1,Centre-Sud,sapone,672.6464721764418,315.0487976074219,315.98382568359375,105.49014282226564,109.29910278320313,146.82254028320313,0.00156254624016582,9.364468574523926,0.1513354834513991,-0.62643209465598,-0.1352243855592716,0.5712540583684584,-0.48542478328395167,BFA,0.527,NA,0.287,44140,65.62139522887685,4.833023103032957,9133,-0.10209177247669246,0.4841528126447803
1,2010,DHS 2010,174,Toece,BFA.6.1.7_1,Centre-Sud,toece,659.659777730617,303.9299621582031,303.2941589355469,135.97291564941406,137.47915649414065,166.4419708251953,0.00249967211857438,9.1431245803833,-0.09178696233317961,-0.40646609247035353,-0.1273733937300541,-0.6500618665961461,0.03210530690240147,BFA,0.527,NA,0.287,38506,58.37251458997484,5.824534866132204,6611,-0.26957323470752265,0.4841528126447803
2,2021,DHS 2021,174,Toece,BFA.6.1.7_1,Centre-Sud,toece,659.659777730617,303.9299621582031,303.2941589355469,135.97291564941406,137.47915649414065,160.6718292236328,0.00571846915408968,9.3431243896484375,-0.09178696233317961,-0.47115884578060285,-0.1004629510538513,0.453482654653475,0.03210530690240147,BFA,0.527,NA,0.287,38506,58.37251458997484,5.824534866132204,6611,-0.26957323470752265,0.4841528126447803
1,2010,DHS 2010,175,Guiaro,BFA.6.2.1_1,Centre-Sud,guiaro,1559.535653798098,298.38690185546875,298.4403991699219,184.49462890625,184.47445678710935,234.88006591796875,0,9.098295211791992,-0.21299051679596995,0.3608372266823798,-0.14833133318376757,-0.897418122993547,0.8558967244417544,BFA,0.247,NA,0.287,29231,18.743399632326923,5.501788067005458,5313,-1.870338280369108,-1.4576518424896527
2,2021,DHS 2021,175,Guiaro,BFA.6.2.1_1,Centre-Sud,guiaro,1559.535653798098,298.38690185546875,298.4403991699219,184.49462890625,184.47445678710935,199.71009826660156,3.0685204546898603e-4,9.306748390197754,-0.21299051679596995,-0.033475807261749264,-0.1457557821082692,0.2527697887448643,0.8558967244417544,BFA,0.247,NA,0.287,29231,18.743399632326923,5.501788067005458,5313,-1.870338280369108,-1.4576518424896527
1,2010,DHS 2010,176,Pô,BFA.6.2.2_1,Centre-Sud,pô,1617.9368849928455,278.6051025390625,280.928466796875,154.9417266845703,154.72589111328125,249.65130615234375,0.01826118119060993,9.108363151550291,-0.6455357643436634,0.5264470620302828,0.0035838261775608797,-0.8418659712121761,0.3541537813446345,BFA,0.31823529411764706,NA,NA,NA,90.9863305231692,NA,NA,0.3669580408253635,-0.9636338934628043
2,2021,DHS 2021,176,Pô,BFA.6.2.2_1,Centre-Sud,pô,1617.9368849928455,278.6051025390625,280.928466796875,154.9417266845703,154.72589111328125,199.96099853515625,0.01796583831310272,9.31640911102295,-0.6455357643436634,-0.030662803647645863,0.0011486069042444865,0.30607501727052366,0.3541537813446345,BFA,0.31823529411764706,NA,NA,NA,90.9863305231692,NA,NA,0.3669580408253635,-0.9636338934628043
1,2010,DHS 2010,177,Tiébélé,BFA.6.2.3_1,Centre-Sud,tiébélé,379.4094408498784,258.6556701660156,257.63018798828125,138.36349487304688,139.36312866210938,245.0826110839844,0.00426557334139943,9.163084983825684,-1.081746446001876,0.47522449533848987,-0.11259906657006902,-0.5399257922583325,0.07269205694052285,BFA,0.31823529411764706,NA,NA,NA,90.9863305231692,NA,NA,0.3669580408253635,-0.9636338934628043
2,2021,DHS 2021,177,Tiébélé,BFA.6.2.3_1,Centre-Sud,tiébélé,379.4094408498784,258.6556701660156,257.63018798828125,138.36349487304688,139.36312866210938,189.5428924560547,2.813057217281312e-4,9.345047950744627,-1.081746446001876,-0.1474668637686002,-0.1459701740616203,0.46409634132042027,0.07269205694052285,BFA,0.31823529411764706,NA,NA,NA,90.9863305231692,NA,NA,0.3669580408253635,-0.9636338934628043
1,2010,DHS 2010,178,Zecco,BFA.6.2.4_1,Centre-Sud,zecco,62.88170551642748,236.9195098876953,237.45616149902344,114.45437622070313,114.79497528076172,243.58819580078125,0,9.164999008178713,-1.5570253970184733,0.4584696484152968,-0.14833133318376757,-0.5293647267448974,-0.3332319186304752,BFA,0.247,NA,0.287,13440,213.7346608146447,5.25,2560,1.5995235444207534,-1.4576518424896527
2,2021,DHS 2021,178,Zecco,BFA.6.2.4_1,Centre-Sud,zecco,62.88170551642748,236.9195098876953,237.45616149902344,114.45437622070313,114.79497528076172,187.3675994873047,0.00921208038926124,9.349398612976074,-1.5570253970184733,-0.17185546653127007,-0.0713522481084122,0.4881021115607122,-0.3332319186304752,BFA,0.247,NA,0.287,13440,213.7346608146447,5.25,2560,1.5995235444207534,-1.4576518424896527
1,2010,DHS 2010,179,Ziou,BFA.6.2.5_1,Centre-Sud,ziou,257.23415795285985,233.53602600097656,233.1338806152344,140.07424926757813,141.3863067626953,246.69728088378903,0,9.177138328552246,-1.6310080439933932,0.4933275926711419,-0.14833133318376757,-0.46238326041685995,0.10173688436186348,BFA,0.247,NA,0.287,27529,107.01922411503725,4.81023938493797,5723,0.60055553618571,-1.4576518424896527
2,2021,DHS 2021,179,Ziou,BFA.6.2.5_1,Centre-Sud,ziou,257.23415795285985,233.53602600097656,233.1338806152344,140.07424926757813,141.3863067626953,189.7333984375,0.00213259295560419,9.352845191955566,-1.6310080439933932,-0.14533097919023366,-0.1304478108141672,0.5071193964463719,0.10173688436186348,BFA,0.247,NA,0.287,27529,107.01922411503725,4.81023938493797,5723,0.60055553618571,-1.4576518424896527
1,2010,DHS 2010,180,Bere,BFA.6.3.1_1,Centre-Sud,bere,279.18017712363746,289.56060791015625,289.6318359375,116.8847427368164,118.0234375,165.3489532470703,0.00171807361766695,9.144735336303713,-0.4059846645193064,-0.418720612623942,-0.1339209102063381,-0.6411741537649577,-0.2919696683292232,BFA,0.14,NA,0.287,33489,119.95479172279876,6.257286995515695,5352,0.7650030916311512,-2.199698621416025
2,2021,DHS 2021,180,Bere,BFA.6.3.1_1,Centre-Sud,bere,279.18017712363746,289.56060791015625,289.6318359375,116.8847427368164,118.0234375,148.3429718017578,0,9.345009803771973,-0.4059846645193064,-0.6093855630546844,-0.14833133318376757,0.46388585670631094,-0.2919696683292232,BFA,0.14,NA,0.287,33489,119.95479172279876,6.257286995515695,5352,0.7650030916311512,-2.199698621416025
1,2010,DHS 2010,181,Binde,BFA.6.3.2_1,Centre-Sud,binde,505.76477771602055,278.639404296875,277.7716369628906,75.65758514404297,75.67616271972656,170.7732391357422,0,9.17763900756836,-0.6447857283086693,-0.35790546923385735,-0.14833133318376757,-0.45962064985654694,-0.9919156577607555,BFA,0.14,NA,0.287,42789,84.60256997972562,6.02492255702619,7102,0.26238652393195333,-2.199698621416025
2,2021,DHS 2021,181,Binde,BFA.6.3.2_1,Centre-Sud,binde,505.76477771602055,278.639404296875,277.7716369628906,75.65758514404297,75.67616271972656,151.33383178710938,4.439484619069845e-4,9.38353157043457,-0.6447857283086693,-0.5758531160926462,-0.14460532384549163,0.6764384821591205,-0.9919156577607555,BFA,0.14,NA,0.287,42789,84.60256997972562,6.02492255702619,7102,0.26238652393195333,-2.199698621416025
1,2010,DHS 2010,182,Gogo,BFA.6.3.3_1,Centre-Sud,gogo,997.0004499187272,278.13690185546875,277.6919860839844,159.5272216796875,162.25418090820313,217.091552734375,0,9.169145584106444,-0.6557733558462271,0.16139881171683973,-0.14833133318376757,-0.506485049190172,0.43200534858324613,BFA,0.14,NA,0.287,49619,49.768282455684755,5.892992874109264,8420,-0.4971957345918155,-2.199698621416025
2,2021,DHS 2021,182,Gogo,BFA.6.3.3_1,Centre-Sud,gogo,997.0004499187272,278.13690185546875,277.6919860839844,159.5272216796875,162.25418090820313,190.84458923339844,2.6477331994101405e-4,9.362401962280272,-0.6557733558462271,-0.13287270745211702,-0.1461089215581456,0.559851054398547,0.43200534858324613,BFA,0.14,NA,0.287,49619,49.768282455684755,5.892992874109264,8420,-0.4971957345918155,-2.199698621416025
1,2010,DHS 2010,183,Gomboussougou,BFA.6.3.4_1,Centre-Sud,gomboussougou,784.7789203398017,258.6125793457031,258.3995056152344,162.770263671875,162.7686309814453,233.3810272216797,0,9.181197166442873,-1.0826886620885414,0.3440305437137529,-0.14833133318376757,-0.43998769747457905,0.4870650317758507,BFA,0.14,NA,0.287,70710,90.10180850599714,4.8731909028256375,14510,0.3529099506017269,-2.199698621416025
2,2021,DHS 2021,183,Gomboussougou,BFA.6.3.4_1,Centre-Sud,gomboussougou,784.7789203398017,258.6125793457031,258.3995056152344,162.770263671875,162.7686309814453,207.376708984375,8.297605672851205e-4,9.362576484680176,-1.0826886620885414,0.052479476011771296,-0.14136858895900997,0.5608140215081516,0.4870650317758507,BFA,0.14,NA,0.287,70710,90.10180850599714,4.8731909028256375,14510,0.3529099506017269,-2.199698621416025
1,2010,DHS 2010,184,Guiba,BFA.6.3.5_1,Centre-Sud,guiba,277.3486084742692,303.8363952636719,303.73748779296875,93.60667419433594,94.824066162109375,192.15231323242188,0.0024461792781949,9.142692565917969,-0.09383287913326173,-0.11821097609290618,-0.12782134500227263,-0.6524456048510447,-0.68717980818319,BFA,0.14,NA,0.287,31872,114.91674746569676,6.01131648434553,5302,0.7031473428301087,-2.199698621416025
2,2021,DHS 2021,184,Guiba,BFA.6.3.5_1,Centre-Sud,guiba,277.3486084742692,303.8363952636719,303.73748779296875,93.60667419433594,94.824066162109375,177.90481567382813,0.0018798557575792,9.342808723449709,-0.09383287913326173,-0.2779487968418622,-0.13256522840638343,0.45174089447164933,-0.68717980818319,BFA,0.14,NA,0.287,31872,114.91674746569676,6.01131648434553,5302,0.7031473428301087,-2.199698621416025
1,2010,DHS 2010,185,Manga,BFA.6.3.6_1,Centre-Sud,manga,246.07327910448208,287.06072998046875,287.0713806152344,76.25474548339844,76.74095916748047,196.75897216796875,0.04557066410779953,9.1515045166015625,-0.460646543382818,-0.06656277216995751,0.2257624543559602,-0.603823658989535,-0.9817771954222144,BFA,0.14,NA,0.287,44074,179.1092481085128,4.62670585765274,9526,1.343869899438185,-2.199698621416025
2,2021,DHS 2021,185,Manga,BFA.6.3.6_1,Centre-Sud,manga,246.07327910448208,287.06072998046875,287.0713806152344,76.25474548339844,76.74095916748047,177.81735229492188,0.22359004616737368,9.352934837341309,-0.460646543382818,-0.2789294048036721,1.545638542045512,0.5076140352895518,-0.9817771954222144,BFA,0.14,NA,0.287,44074,179.1092481085128,4.62670585765274,9526,1.343869899438185,-2.199698621416025
1,2010,DHS 2010,186,Nobere,BFA.6.3.7_1,Centre-Sud,nobere,590.8382940287471,288.871337890625,287.8136901855469,118.2708969116211,119.31471252441406,194.75730895996097,0,9.131882667541504,-0.4210561181548754,-0.08900470047389797,-0.14833133318376757,-0.7120916823770417,-0.26843583500091284,BFA,0.14,NA,0.287,39492,66.84062356675636,6.070089148478328,6506,-0.07572464643079962,-2.199698621416025
2,2021,DHS 2021,186,Nobere,BFA.6.3.7_1,Centre-Sud,nobere,590.8382940287471,288.871337890625,287.8136901855469,118.2708969116211,119.31471252441406,179.90126037597656,4.302612505853176e-4,9.334920883178713,-0.4210561181548754,-0.25556537654959954,-0.14472017436115833,0.4082179383871746,-0.26843583500091284,BFA,0.14,NA,0.287,39492,66.84062356675636,6.070089148478328,6506,-0.07572464643079962,-2.199698621416025
1,2010,DHS 2010,187,Bilanga,BFA.8.1.1_1,Est,bilanga,2124.819498774629,287.9493713378906,288.0050964355469,118.40337371826172,119.48373413085938,184.3440399169922,5.069398321211338e-4,9.173320770263672,-0.44121567211680657,-0.20575452948461295,-0.14407677833343532,-0.48344750817482784,-0.2661866717086791,BFA,0.35700000000000004,NA,0.18,139905,65.84323989905137,6.386606409202958,21906,-0.09725841777629847,-0.6948000136868395
2,2021,DHS 2021,187,Bilanga,BFA.8.1.1_1,Est,bilanga,2124.819498774629,287.9493713378906,288.0050964355469,118.40337371826172,119.48373413085938,137.5190887451172,5.504442960955203e-4,9.374921798706056,-0.44121567211680657,-0.7307390487737565,-0.14371176221510734,0.6289321047524518,-0.2661866717086791,BFA,0.35700000000000004,NA,0.18,139905,65.84323989905137,6.386606409202958,21906,-0.09725841777629847,-0.6948000136868395
1,2010,DHS 2010,188,Bogandé,BFA.8.1.2_1,Est,bogandé,1518.280554839277,294.89263916015625,294.5408020019531,140.88998413085938,141.69061279296875,151.16578674316406,0.00527991401031613,9.246793746948242,-0.28939543317216115,-0.5777371767143162,-0.10412437702701775,-0.07804361715075563,0.11558625888418742,BFA,0.5024285714285714,NA,NA,NA,83.98130493310657,NA,NA,0.2517962709033342,0.3137495469901259
2,2021,DHS 2021,188,Bogandé,BFA.8.1.2_1,Est,bogandé,1518.280554839277,294.89263916015625,294.5408020019531,140.88998413085938,141.69061279296875,95.5120086669922,0.00235521630384027,9.46077823638916,-0.28939543317216115,-1.201707329351505,-0.12858312762283935,1.1026645636349235,0.11558625888418742,BFA,0.5024285714285714,NA,NA,NA,83.98130493310657,NA,NA,0.2517962709033342,0.3137495469901259
1,2010,DHS 2010,189,Koalla,BFA.8.1.3_1,Est,koalla,1964.8615780980008,276.92181396484375,275.4322509765625,148.5047149658203,156.40699768066406,141.84263610839844,0,9.30384922027588,-0.6823422479897592,-0.6822649900223747,-0.14833133318376757,0.23677295807182328,0.24486755353899503,BFA,0.5024285714285714,NA,NA,NA,83.98130493310657,NA,NA,0.2517962709033342,0.3137495469901259
2,2021,DHS 2021,189,Koalla,BFA.8.1.3_1,Est,koalla,1964.8615780980008,276.92181396484375,275.4322509765625,148.5047149658203,156.40699768066406,82.62518310546875,7.34402856323868e-5,9.498872756958008,-0.6823422479897592,-1.3461897848215922,-0.14771484298253248,1.3128597614095994,0.24486755353899503,BFA,0.5024285714285714,NA,NA,NA,83.98130493310657,NA,NA,0.2517962709033342,0.3137495469901259
1,2010,DHS 2010,190,Liptougou,BFA.8.1.4_1,Est,liptougou,1329.3494178947565,271.1338806152344,271.0373840332031,211.61195373535156,211.3319854736328,152.21826171875,0,9.275251388549805,-0.8089001522254976,-0.5659372056456072,-0.14833133318376757,0.0789779049820851,1.316288948075644,BFA,0.35700000000000004,NA,0.18,75570,56.84735629529032,6.203924144158936,12181,-0.30740909932901056,-0.6948000136868395
2,2021,DHS 2021,190,Liptougou,BFA.8.1.4_1,Est,liptougou,1329.3494178947565,271.1338806152344,271.0373840332031,211.61195373535156,211.3319854736328,90.108612060546875,0,9.478888511657717,-0.8089001522254976,-1.26228826961882,-0.14833133318376757,1.202592134187971,1.316288948075644,BFA,0.35700000000000004,NA,0.18,75570,56.84735629529032,6.203924144158936,12181,-0.30740909932901056,-0.6948000136868395
1,2010,DHS 2010,191,Mani,BFA.8.1.5_1,Est,mani,459.0102530522312,281.1193542480469,281.46337890625,90.32450103759766,90.98973846435548,140.58665466308594,0.00307770958170294,9.30875015258789,-0.590559591020648,-0.696346602470473,-0.12253440803130311,0.2638149688707635,-0.7429038520372704,BFA,0.35700000000000004,NA,0.18,124433,271.0898050154027,5.8342554388597145,21328,1.9437046505516327,-0.6948000136868395
2,2021,DHS 2021,191,Mani,BFA.8.1.5_1,Est,mani,459.0102530522312,281.1193542480469,281.46337890625,90.32450103759766,90.98973846435548,81.970611572265625,0.00234184390865266,9.5,-0.590559591020648,-1.3535286055378732,-0.12869512251410556,1.3190795817568184,-0.7429038520372704,BFA,0.35700000000000004,NA,0.18,124433,271.0898050154027,5.8342554388597145,21328,1.9437046505516327,-0.6948000136868395
1,2010,DHS 2010,192,Piéla,BFA.8.1.6_1,Est,piéla,828.6265707426592,286.5478820800781,286.44525146484375,111.47811889648438,111.64547729492188,174.7803497314453,4.754100227728486e-4,9.226951599121094,-0.471860382856197,-0.3129791857637063,-0.14434133325806148,-0.1875271891848,-0.3837621879781805,BFA,0.5024285714285714,NA,NA,NA,83.98130493310657,NA,NA,0.2517962709033342,0.3137495469901259
2,2021,DHS 2021,192,Piéla,BFA.8.1.6_1,Est,piéla,828.6265707426592,286.5478820800781,286.44525146484375,111.47811889648438,111.64547729492188,130.04029846191406,3.499204758554697e-4,9.447389602661133,-0.471860382856197,-0.8145885568550373,-0.14539435209043644,1.0287897261944763,-0.3837621879781805,BFA,0.5024285714285714,NA,NA,NA,83.98130493310657,NA,NA,0.2517962709033342,0.3137495469901259
1,2010,DHS 2010,193,Thion,BFA.8.1.7_1,Est,thion,335.98118969398973,290.63458251953125,291.23724365234375,125.2444305419922,125.70746612548828,142.3520965576172,0,9.286730766296388,-0.38250132987204943,-0.6765531026132837,-0.14833133318376757,0.14231798748588187,-0.1500406512980286,BFA,0.35700000000000004,NA,0.18,41216,122.67353430571325,6.029256875365711,6836,0.7973211082122519,-0.6948000136868395
2,2021,DHS 2021,193,Thion,BFA.8.1.7_1,Est,thion,335.98118969398973,290.63458251953125,291.23724365234375,125.2444305419922,125.70746612548828,88.26700592041016,0,9.485271453857422,-0.38250132987204943,-1.282935695617212,-0.14833133318376757,1.2378114722454379,-0.1500406512980286,BFA,0.35700000000000004,NA,0.18,41216,122.67353430571325,6.029256875365711,6836,0.7973211082122519,-0.6948000136868395
1,2010,DHS 2010,194,Diabo,BFA.8.2.1_1,Est,diabo,679.7859525236913,305.03546142578125,305.0377197265625,110.67445373535156,111.26980590820313,218.66551208496097,0.00304503226652741,9.117795944213867,-0.06761431520892174,0.17904547812798036,-0.1228078886974728,-0.7898183882558685,-0.39740664564215883,BFA,0.442,NA,0.18,57463,84.53102007576031,6.1150367138448445,9397,0.2611707878927271,-0.10532360052102979
2,2021,DHS 2021,194,Diabo,BFA.8.2.1_1,Est,diabo,679.7859525236913,305.03546142578125,305.0377197265625,110.67445373535156,111.26980590820313,157.22903442382813,0,9.31346035003662,-0.06761431520892174,-0.5097582234148124,-0.14833133318376757,0.28980455659910825,-0.39740664564215883,BFA,0.442,NA,0.18,57463,84.53102007576031,6.1150367138448445,9397,0.2611707878927271,-0.10532360052102979
1,2010,DHS 2010,195,Diapangou,BFA.8.2.2_1,Est,diapangou,465.08082163961336,307.112060546875,307.257568359375,52.92530822753906,53.0419807434082,210.5093994140625,0.0075980550609529,9.141423225402832,-0.022207774250543502,0.08760207492862859,-0.08478865622221127,-0.6594494803858575,-1.3778594624615423,BFA,0.442,NA,0.18,34087,73.29263735242492,6.3147462022971474,5398,0.05636342862804883,-0.10532360052102979
2,2021,DHS 2021,195,Diapangou,BFA.8.2.2_1,Est,diapangou,465.08082163961336,307.112060546875,307.257568359375,52.92530822753906,53.0419807434082,149.3192596435547,0.0036236613523215,9.330438613891602,-0.022207774250543502,-0.5984397747412644,-0.1179665846257209,0.38348599622817175,-1.3778594624615423,BFA,0.442,NA,0.18,34087,73.29263735242492,6.3147462022971474,5398,0.05636342862804883,-0.10532360052102979
1,2010,DHS 2010,196,Fada N'gourma,BFA.8.2.3_1,Est,fada n'gourma,3442.988875818827,286.44952392578125,286.140869140625,102.4200668334961,103.51678466796876,214.9254608154297,0.0195679273456335,9.124493598937988,-0.47401106447611374,0.13711336781686548,0.014349997644951177,-0.7528625521319093,-0.5375478861380266,BFA,0.442,NA,0.18,187692,54.51426268560402,5.409459031040147,34697,-0.3672630644845927,-0.10532360052102979
2,2021,DHS 2021,196,Fada N'gourma,BFA.8.2.3_1,Est,fada n'gourma,3442.988875818827,286.44952392578125,286.140869140625,102.4200668334961,103.51678466796876,160.62875366210938,0.02259924821555614,9.330961227416992,-0.47401106447611374,-0.47164179349103363,0.03927175713460957,0.3863696354416033,-0.5375478861380266,BFA,0.442,NA,0.18,187692,54.51426268560402,5.409459031040147,34697,-0.3672630644845927,-0.10532360052102979
1,2010,DHS 2010,197,Matiacoali,BFA.8.2.4_1,Est,matiacoali,4455.797518378081,264.2897033691406,264.87811279296875,181.62643432617188,180.41183471679688,194.45692443847656,0,9.136606216430664,-0.9585536945459203,-0.09237250374259862,-0.14833133318376757,-0.6860284250337455,0.8072011215805267,BFA,0.442,NA,0.18,74662,16.75614739943953,6.364504304833347,11731,-2.024579159532504,-0.10532360052102979
2,2021,DHS 2021,197,Matiacoali,BFA.8.2.4_1,Est,matiacoali,4455.797518378081,264.2897033691406,264.87811279296875,181.62643432617188,180.41183471679688,141.7618865966797,0,9.356573104858398,-0.9585536945459203,-0.6831703245188678,-0.14833133318376757,0.5276890053611599,0.8072011215805267,BFA,0.442,NA,0.18,74662,16.75614739943953,6.364504304833347,11731,-2.024579159532504,-0.10532360052102979
1,2010,DHS 2010,198,Tibga,BFA.8.2.5_1,Est,tibga,768.578443471793,306.0089111328125,305.6811218261719,82.6789779663086,83.134033203125,186.30404663085935,9.16457560379058e-4,9.11966037750244,-0.0463290399026532,-0.18377963881775222,-0.1406414242689715,-0.7795309527408077,-0.8727079307883379,BFA,0.442,NA,0.18,45463,59.152062338147665,7.12474533772136,6381,-0.25060804741465936,-0.10532360052102979
2,2021,DHS 2021,198,Tibga,BFA.8.2.5_1,Est,tibga,768.578443471793,306.0089111328125,305.6811218261719,82.6789779663086,83.134033203125,137.6571502685547,0,9.305355072021484,-0.0463290399026532,-0.7291911526051493,-0.14833133318376757,0.24508183821416452,-0.8727079307883379,BFA,0.442,NA,0.18,45463,59.152062338147665,7.12474533772136,6381,-0.25060804741465936,-0.10532360052102979
1,2010,DHS 2010,199,Yamba,BFA.8.2.6_1,Est,yamba,1408.7727372110994,293.0138244628906,292.2838439941406,100.42666625976564,99.90880584716795,208.9150848388672,0,9.134968757629396,-0.33047725567609315,0.06972719305673211,-0.14833133318376757,-0.6950634770947975,-0.5713914207977558,BFA,0.442,NA,0.18,37943,26.933371861748615,6.8181491464510335,5565,-1.3658297330581368,-0.10532360052102979
2,2021,DHS 2021,199,Yamba,BFA.8.2.6_1,Est,yamba,1408.7727372110994,293.0138244628906,292.2838439941406,100.42666625976564,99.90880584716795,157.55331420898438,0,9.331645965576172,-0.33047725567609315,-0.506122515040007,-0.14833133318376757,0.39014783426504096,-0.5713914207977558,BFA,0.442,NA,0.18,37943,26.933371861748615,6.8181491464510335,5565,-1.3658297330581368,-0.10532360052102979
1,2010,DHS 2010,200,Bartiébougou,BFA.8.3.1_1,Est,bartiébougou,902.859344235574,264.5763244628906,265.0939025878906,206.8630218505859,207.12071228027344,134.400390625,0,9.296961784362791,-0.9522864895275345,-0.7657047709458511,-0.14833133318376757,0.19876996099260205,1.2356625837829986,BFA,0.5024285714285714,NA,NA,NA,83.98130493310657,NA,NA,0.2517962709033342,0.3137495469901259
2,2021,DHS 2021,200,Bartiébougou,BFA.8.3.1_1,Est,bartiébougou,902.859344235574,264.5763244628906,265.0939025878906,206.8630218505859,207.12071228027344,84.048553466796875,0,9.455547332763672,-0.9522864895275345,-1.3302314680222982,-0.14833133318376757,1.0738018609238436,1.2356625837829986,BFA,0.5024285714285714,NA,NA,NA,83.98130493310657,NA,NA,0.2517962709033342,0.3137495469901259
1,2010,DHS 2010,201,Foutouri,BFA.8.3.2_1,Est,foutouri,1321.317040897679,267.4605407714844,267.4873962402344,257.7115173339844,257.48443603515625,139.521484375,0,9.224656105041504,-0.8892207371544879,-0.7082889088190539,-0.14833133318376757,-0.20019310083941622,2.098957619394932,BFA,0.315,NA,0.18,12452,9.423930528845927,4.833850931677019,2576,-2.7989681213941946,-0.9860707119570047
2,2021,DHS 2021,201,Foutouri,BFA.8.3.2_1,Est,foutouri,1321.317040897679,267.4605407714844,267.4873962402344,257.7115173339844,257.48443603515625,89.87178802490234,0,9.429893493652344,-0.8892207371544879,-1.2649434555698442,-0.14833133318376757,0.9322509579287558,2.098957619394932,BFA,0.315,NA,0.18,12452,9.423930528845927,4.833850931677019,2576,-2.7989681213941946,-0.9860707119570047
1,2010,DHS 2010,202,Gayéri,BFA.8.3.3_1,Est,gayéri,2904.824529837815,280.44183349609375,280.37286376953125,135.55670166015625,134.99569702148438,179.3214111328125,0,9.25322723388672,-0.6053741372954762,-0.2620664378121151,-0.14833133318376757,-0.042545386979561395,0.025038913545771653,BFA,0.5024285714285714,NA,NA,NA,83.98130493310657,NA,NA,0.2517962709033342,0.3137495469901259
2,2021,DHS 2021,202,Gayéri,BFA.8.3.3_1,Est,gayéri,2904.824529837815,280.44183349609375,280.37286376953125,135.55670166015625,134.99569702148438,116.240478515625,4.8131635412573814e-4,9.438740730285645,-0.6053741372954762,-0.9693071771518751,-0.1442917747898229,0.9810676020583257,0.025038913545771653,BFA,0.5024285714285714,NA,NA,NA,83.98130493310657,NA,NA,0.2517962709033342,0.3137495469901259
1,2010,DHS 2010,203,Kompienga,BFA.8.4.1_1,Est,kompienga,686.2694180259679,201.916748046875,200.0142517089844,122.05012512207033,121.21546173095705,289.8778381347656,3.7179276114329696e-4,9.255518913269045,-2.3223894593630865,0.9774524774538793,-0.14521080595712166,-0.0299005237863571,-0.20427289524214265,BFA,0.5024285714285714,NA,NA,NA,83.98130493310657,NA,NA,0.2517962709033342,0.3137495469901259
2,2021,DHS 2021,203,Kompienga,BFA.8.4.1_1,Est,kompienga,686.2694180259679,201.916748046875,200.0142517089844,122.05012512207033,121.21546173095705,200.31507873535156,7.517372141592205e-4,9.367022514343262,-2.3223894593630865,-0.02669298373246801,-0.14202305798314133,0.5853460032837315,-0.20427289524214265,BFA,0.5024285714285714,NA,NA,NA,83.98130493310657,NA,NA,0.2517962709033342,0.3137495469901259
1,2010,DHS 2010,204,Madjoari,BFA.8.4.2_1,Est,madjoari,1264.7991813289616,191.46792602539065,191.9719390869141,186.9045257568359,185.0870819091797,258.44232177734375,0,9.143169403076172,-2.5508615126669723,0.6250087689077483,-0.14833133318376757,-0.6498145471745561,0.8968114450774297,BFA,0.45799999999999996,NA,0.18,9974,7.885836856345863,5.51049723756906,1810,-3.031077260371923,0.005636665486651788
2,2021,DHS 2021,204,Madjoari,BFA.8.4.2_1,Est,madjoari,1264.7991813289616,191.46792602539065,191.9719390869141,186.9045257568359,185.0870819091797,193.066162109375,0,9.30943775177002,-2.5508615126669723,-0.10796523100693325,-0.14833133318376757,0.2676089540402601,0.8968114450774297,BFA,0.45799999999999996,NA,0.18,9974,7.885836856345863,5.51049723756906,1810,-3.031077260371923,0.005636665486651788
1,2010,DHS 2010,205,Pama,BFA.8.4.3_1,Est,pama,4997.3168274292175,210.8279266357422,210.7899627685547,248.64112854003903,252.76290893554688,234.19960021972656,0.00210395292378962,9.19381046295166,-2.1275392393698778,0.35320808989645625,-0.13068772851038923,-0.3703909598161119,1.9449624708179267,BFA,0.45799999999999996,NA,0.18,61722,12.351027987903622,5.6423804735350584,10939,-2.4391427813541444,0.005636665486651788
2,2021,DHS 2021,205,Pama,BFA.8.4.3_1,Est,pama,4997.3168274292175,210.8279266357422,210.7899627685547,248.64112854003903,252.76290893554688,170.7987518310547,0.00201850431039929,9.3591890335083,-2.1275392393698778,-0.3576194300656532,-0.13140357274034722,0.5421229877743765,1.9449624708179267,BFA,0.45799999999999996,NA,0.18,61722,12.351027987903622,5.6423804735350584,10939,-2.4391427813541444,0.005636665486651788
1,2010,DHS 2010,206,Botou,BFA.8.5.1_1,Est,botou,1816.8153447121103,245.7245330810547,245.8081970214844,207.0049285888672,207.3132171630859,182.5290069580078,0,9.194822311401367,-1.3644963517118547,-0.22610402652880193,-0.14833133318376757,-0.3648078554266031,1.238071846466456,BFA,0.655,NA,0.18,81141,44.66111552622178,6.506896551724138,12470,-0.6513454179643665,1.3718349407062354
2,2021,DHS 2021,206,Botou,BFA.8.5.1_1,Est,botou,1816.8153447121103,245.7245330810547,245.8081970214844,207.0049285888672,207.3132171630859,134.14120483398438,0,9.402477264404297,-1.3644963517118547,-0.7686106688591978,-0.14833133318376757,0.7809756657613662,1.238071846466456,BFA,0.655,NA,0.18,81141,44.66111552622178,6.506896551724138,12470,-0.6513454179643665,1.3718349407062354
1,2010,DHS 2010,207,Diapaga,BFA.8.5.2_1,Est,diapaga,3895.7671806535473,267.0328369140625,267.3297424316406,276.0157470703125,277.859375,240.23374938964844,0.0015603604260832,9.091689109802246,-0.8985728323773029,0.4208608011542344,-0.13524270631505894,-0.9338687960436203,2.409722972663478,BFA,0.655,NA,0.18,58951,15.132064434638643,5.736765278318412,10276,-2.1640417904157907,1.3718349407062354
2,2021,DHS 2021,207,Diapaga,BFA.8.5.2_1,Est,diapaga,3895.7671806535473,267.0328369140625,267.3297424316406,276.0157470703125,277.859375,181.4841156005859,0.00270195771008729,9.294794082641602,-0.8985728323773029,-0.2378189727969147,-0.12567966183603516,0.1868091727952946,2.409722972663478,BFA,0.655,NA,0.18,58951,15.132064434638643,5.736765278318412,10276,-2.1640417904157907,1.3718349407062354
1,2010,DHS 2010,208,Kantchari,BFA.8.5.3_1,Est,kantchari,3614.4200030571783,266.99578857421875,267.1725769042969,202.0105438232422,201.24075317382813,190.2979431152344,3.30606970237568e-4,9.14654541015625,-0.8993829246784444,-0.13900150721342874,-0.14555642899303528,-0.6311866588250167,1.1532782349129413,BFA,0.655,NA,0.18,109487,30.29172036105179,6.252112836911832,17512,-1.200766016481877,1.3718349407062354
2,2021,DHS 2021,208,Kantchari,BFA.8.5.3_1,Est,kantchari,3614.4200030571783,266.99578857421875,267.1725769042969,202.0105438232422,201.24075317382813,131.5044403076172,9.599854820407928e-4,9.365983963012695,-0.8993829246784444,-0.7981731248300006,-0.14027636075853941,0.5796155596643393,1.1532782349129413,BFA,0.655,NA,0.18,109487,30.29172036105179,6.252112836911832,17512,-1.200766016481877,1.3718349407062354
1,2010,DHS 2010,209,Logobou,BFA.8.5.4_1,Est,logobou,2475.255206627061,212.64129638671875,210.57754516601565,268.3917541503906,270.2215270996094,248.8700714111328,0,9.09192180633545,-2.087888424229865,0.5176881389603758,-0.14833133318376757,-0.9325848398974939,2.280284428282987,BFA,0.655,NA,0.18,97068,39.215350296049266,7.1594630476471455,13558,-0.8359886472999218,1.3718349407062354
2,2021,DHS 2021,209,Logobou,BFA.8.5.4_1,Est,logobou,2475.255206627061,212.64129638671875,210.57754516601565,268.3917541503906,270.2215270996094,207.04786682128903,0,9.2855863571167,-2.087888424229865,0.04879261589576159,-0.14833133318376757,0.1360034490622994,2.280284428282987,BFA,0.655,NA,0.18,97068,39.215350296049266,7.1594630476471455,13558,-0.8359886472999218,1.3718349407062354
1,2010,DHS 2010,210,Namounou,BFA.8.5.5_1,Est,namounou,56.10004077970927,252.82962036132813,252.2039794921875,159.17149353027344,163.76405334472656,236.55079650878903,0,9.095000267028809,-1.2091377977533686,0.3795688574504281,-0.14833133318376757,-0.9155987315380834,0.4259658710628769,BFA,0.655,NA,0.18,29298,522.2456096787142,6.712027491408935,4365,2.894439241143504,1.3718349407062354
2,2021,DHS 2021,210,Namounou,BFA.8.5.5_1,Est,namounou,56.10004077970927,252.82962036132813,252.2039794921875,159.17149353027344,163.76405334472656,173.16468811035156,0,9.292500495910645,-1.2091377977533686,-0.33109340304009893,-0.14833133318376757,0.17415378537138435,0.4259658710628769,BFA,0.655,NA,0.18,29298,522.2456096787142,6.712027491408935,4365,2.894439241143504,1.3718349407062354
1,2010,DHS 2010,211,Partiaga,BFA.8.5.6_1,Est,partiaga,1647.7967562628885,251.11734008789065,251.74429321289065,181.17828369140625,180.34877014160156,202.41648864746097,0,9.124818801879885,-1.24657820865324,-0.003132731240398597,-0.14833133318376757,-0.7510681707965343,0.7995925145898672,BFA,0.655,NA,0.18,101439,61.56038335095283,7.0190285081649595,14452,-0.19353290509057042,1.3718349407062354
2,2021,DHS 2021,211,Partiaga,BFA.8.5.6_1,Est,partiaga,1647.7967562628885,251.11734008789065,251.74429321289065,181.17828369140625,180.34877014160156,150.19100952148438,0.03925302997231483,9.340123176574709,-1.24657820865324,-0.5886660284980398,0.17488513392848004,0.4369227776376654,0.7995925145898672,BFA,0.655,NA,0.18,101439,61.56038335095283,7.0190285081649595,14452,-0.19353290509057042,1.3718349407062354
1,2010,DHS 2010,212,Tambaga,BFA.8.5.7_1,Est,tambaga,790.4835511465262,221.59274291992188,220.73524475097656,232.4704132080078,238.9563751220703,229.44122314453125,0,9.1259002685546875,-1.8921577126457534,0.29985887673340356,-0.14833133318376757,-0.7451009319862679,1.670419475283395,BFA,0.655,NA,0.18,64825,82.00676649878051,7.238972640982691,8955,0.21761622664900093,1.3718349407062354
2,2021,DHS 2021,212,Tambaga,BFA.8.5.7_1,Est,tambaga,790.4835511465262,221.59274291992188,220.73524475097656,232.4704132080078,238.9563751220703,177.13624572753906,0,9.337446212768556,-1.8921577126457534,-0.28656572678401226,-0.14833133318376757,0.4221520198418583,1.670419475283395,BFA,0.655,NA,0.18,64825,82.00676649878051,7.238972640982691,8955,0.21761622664900093,1.3718349407062354
1,2010,DHS 2010,213,Tansarga,BFA.8.5.8_1,Est,tansarga,592.5737377444276,264.1218566894531,263.2977294921875,207.3695831298828,210.0363311767578,261.26904296875,0,9.091423034667969,-0.9622237996993619,0.6567009507188462,-0.14833133318376757,-0.935336926227101,1.24426287438143,BFA,0.655,NA,0.18,63524,107.20016084715081,6.776616172391722,9374,0.602988847568555,1.3718349407062354
2,2021,DHS 2021,213,Tansarga,BFA.8.5.8_1,Est,tansarga,592.5737377444276,264.1218566894531,263.2977294921875,207.3695831298828,210.0363311767578,188.16476440429688,0,9.288844108581545,-0.9622237996993619,-0.16291794005729304,-0.14833133318376757,0.15397883510807944,1.24426287438143,BFA,0.655,NA,0.18,63524,107.20016084715081,6.776616172391722,9374,0.602988847568555,1.3718349407062354
1,2010,DHS 2010,214,Bama,BFA.9.1.1_1,Haut-Bassins,bama,1313.3301606299542,331.3399658203125,324.0031433105469,129.8671875,134.57489013671875,364.2081604003906,0.00188476429320871,8.982468605041504,0.507555222352585,1.8108173294532264,-0.1325240998934693,-1.5365178189586912,-0.07155645830963203,BFA,0.259,NA,0.354,85834,65.3559954481124,5.194504962478819,16524,-0.10789525660842307,-1.3744316429838912
2,2021,DHS 2021,214,Bama,BFA.9.1.1_1,Haut-Bassins,bama,1313.3301606299542,331.3399658203125,324.0031433105469,129.8671875,134.57489013671875,248.4306640625,0.0025525027886033,9.259480476379396,0.507555222352585,0.5127616617314434,-0.12693101095974968,-0.00804169661008966,-0.07155645830963203,BFA,0.259,NA,0.354,85834,65.3559954481124,5.194504962478819,16524,-0.10789525660842307,-1.3744316429838912
1,2010,DHS 2010,215,Bobo-Dioulasso,BFA.9.1.2_1,Haut-Bassins,bobo dioulasso,1813.337874627832,380.7307739257813,379.3514099121094,94.4488525390625,96.9278335571289,399.2453308105469,0.5247277617454529,9.00363826751709,1.5875257031390506,2.203641488468599,3.392707506565082,-1.4197093823533025,-0.6728814818081316,BFA,0.3956538461538462,NA,NA,NA,54.083241105350666,NA,NA,-0.37859545052176974,-0.4267349479711658
2,2021,DHS 2021,215,Bobo-Dioulasso,BFA.9.1.2_1,Haut-Bassins,bobo dioulasso,1813.337874627832,380.7307739257813,379.3514099121094,94.4488525390625,96.9278335571289,300.21551513671875,0.6679344773292542,9.271203994750977,1.5875257031390506,1.093354795675549,4.146305421758407,0.0566454874240497,-0.6728814818081316,BFA,0.3956538461538462,NA,NA,NA,54.083241105350666,NA,NA,-0.37859545052176974,-0.4267349479711658
1,2010,DHS 2010,216,Dandé,BFA.9.1.3_1,Haut-Bassins,dandé,239.5016984354496,343.6981201171875,346.9340515136719,132.40264892578125,132.86512756347656,372.9786987304687,0,8.876837730407715,0.7777763900064836,1.9091494522614747,-0.14833133318376757,-2.1193602396851556,-0.028509928789852118,BFA,0.3956538461538462,NA,NA,NA,54.083241105350666,NA,NA,-0.37859545052176974,-0.4267349479711658
2,2021,DHS 2021,216,Dandé,BFA.9.1.3_1,Haut-Bassins,dandé,239.5016984354496,343.6981201171875,346.9340515136719,132.40264892578125,132.86512756347656,242.61195373535156,0.00202048616483807,9.139878273010254,0.7777763900064836,0.44752437333004946,-0.13138696909875205,-0.6679741072576806,-0.028509928789852118,BFA,0.3956538461538462,NA,NA,NA,54.083241105350666,NA,NA,-0.37859545052176974,-0.4267349479711658
1,2010,DHS 2010,217,Faramana,BFA.9.1.4_1,Haut-Bassins,faramana,216.71312205424363,377.13775634765625,378.361083984375,204.17401123046875,207.7413024902344,361.9570007324219,0,8.893820762634277,1.5089614303489423,1.7855781365324759,-0.14833133318376757,-2.025652489479337,1.1900091284155172,BFA,0.259,NA,0.354,17997,83.04527122956276,6.268547544409613,2871,0.23569328534433479,-1.3744316429838912
2,2021,DHS 2021,217,Faramana,BFA.9.1.4_1,Haut-Bassins,faramana,216.71312205424363,377.13775634765625,378.361083984375,204.17401123046875,207.7413024902344,208.21099853515625,0.00243800971657037,9.163541793823242,1.5089614303489423,0.06183323053373915,-0.12788975935548885,-0.5374052390042564,1.1900091284155172,BFA,0.259,NA,0.354,17997,83.04527122956276,6.268547544409613,2871,0.23569328534433479,-1.3744316429838912
1,2010,DHS 2010,218,Fo,BFA.9.1.5_1,Haut-Bassins,fo,403.18440199565856,387.74169921875,387.28948974609375,163.99526977539065,164.2342071533203,376.7459106445313,0,8.868914604187012,1.7408253281064547,1.9513860779550087,-0.14833133318376757,-2.163077894037691,0.507862927125668,BFA,0.259,NA,0.354,22471,55.73380291691434,5.864039665970773,3832,-0.3356694126989171,-1.3744316429838912
2,2021,DHS 2021,218,Fo,BFA.9.1.5_1,Haut-Bassins,fo,403.18440199565856,387.74169921875,387.28948974609375,163.99526977539065,164.2342071533203,216.2394561767578,0,9.129515647888184,1.7408253281064547,0.15184541143572458,-0.14833133318376757,-0.7251522526831312,0.507862927125668,BFA,0.259,NA,0.354,22471,55.73380291691434,5.864039665970773,3832,-0.3356694126989171,-1.3744316429838912
1,2010,DHS 2010,219,Karankasso-Sambla,BFA.9.1.6_1,Haut-Bassins,karankasso sambla,723.2585954604751,382.3764343261719,371.4322814941406,145.10906982421875,155.07528686523438,378.8597717285156,0,8.873125076293945,1.623509415938928,1.9750859285100286,-0.14833133318376757,-2.1398456547542963,0.18721700624991156,BFA,0.259,NA,0.354,29898,41.337911761649956,5.393830055926394,5543,-0.7612083415599119,-1.3744316429838912
2,2021,DHS 2021,219,Karankasso-Sambla,BFA.9.1.6_1,Haut-Bassins,karankasso sambla,723.2585954604751,382.3764343261719,371.4322814941406,145.10906982421875,155.07528686523438,291.6138000488281,0,9.1431245803833,1.623509415938928,0.9969154583679044,-0.14833133318376757,-0.6500618665961461,0.18721700624991156,BFA,0.259,NA,0.354,29898,41.337911761649956,5.393830055926394,5543,-0.7612083415599119,-1.3744316429838912
1,2010,DHS 2010,220,Karankasso-Vigué,BFA.9.1.7_1,Haut-Bassins,karankasso vigué,1973.9995383730377,316.5543212890625,315.57171630859375,139.05868530273438,137.7718048095703,386.4055480957031,0,9.046133041381836,0.1842549920940772,2.0596864604839027,-0.14833133318376757,-1.18523478433999,0.0844948534844263,BFA,0.3956538461538462,NA,NA,NA,54.083241105350666,NA,NA,-0.37859545052176974,-0.4267349479711658
2,2021,DHS 2021,220,Karankasso-Vigué,BFA.9.1.7_1,Haut-Bassins,karankasso vigué,1973.9995383730377,316.5543212890625,315.57171630859375,139.05868530273438,137.7718048095703,346.3388977050781,3.071702376473695e-4,9.2929840087890625,0.1842549920940772,1.6104735799911933,-0.14575311178429567,0.1768216778553438,0.0844948534844263,BFA,0.3956538461538462,NA,NA,NA,54.083241105350666,NA,NA,-0.37859545052176974,-0.4267349479711658
1,2010,DHS 2010,221,Koundougou,BFA.9.1.8_1,Haut-Bassins,koundougou,394.9292437645114,351.5220642089844,353.5028381347656,162.8030242919922,162.38270568847656,380.494384765625,0,8.893911361694336,0.9488533370453135,1.9934126222498838,-0.14833133318376757,-2.0251525885208044,0.4876212346770746,BFA,0.259,NA,0.354,21226,53.746336426422374,5.459362139917696,3888,-0.3875152391565162,-1.3744316429838912
2,2021,DHS 2021,221,Koundougou,BFA.9.1.8_1,Haut-Bassins,koundougou,394.9292437645114,351.5220642089844,353.5028381347656,162.8030242919922,162.38270568847656,232.35818481445313,0,9.161965370178224,0.9488533370453135,0.3325628023487834,-0.14833133318376757,-0.546103515682718,0.4876212346770746,BFA,0.259,NA,0.354,21226,53.746336426422374,5.459362139917696,3888,-0.3875152391565162,-1.3744316429838912
1,2010,DHS 2010,222,Lena,BFA.9.1.9_1,Haut-Bassins,lena,582.7802163437723,317.4781188964844,311.6196594238281,119.42286682128906,122.994873046875,388.3175048828125,0,9.040979385375977,0.20445458356677312,2.0811226326455756,-0.14833133318376757,-1.213671255707479,-0.24887793275156553,BFA,0.259,NA,0.354,25393,43.57217230075136,5.104120603015075,4975,-0.6864387828324507,-1.3744316429838912
2,2021,DHS 2021,222,Lena,BFA.9.1.9_1,Haut-Bassins,lena,582.7802163437723,317.4781188964844,311.6196594238281,119.42286682128906,122.994873046875,294.97906494140625,0,9.30355167388916,0.20445458356677312,1.0346455985537615,-0.14833133318376757,0.23513117808168457,-0.24887793275156553,BFA,0.259,NA,0.354,25393,43.57217230075136,5.104120603015075,4975,-0.6864387828324507,-1.3744316429838912
1,2010,DHS 2010,223,Padéma,BFA.9.1.10_1,Haut-Bassins,padéma,931.718492383104,308.8735046386719,308.5601501464844,212.7047576904297,212.27984619140625,340.27569580078125,0,8.983306884765625,0.01630764381336376,1.542495139919862,-0.14833133318376757,-1.5318924195634243,1.3348423432222918,BFA,0.3956538461538462,NA,NA,NA,54.083241105350666,NA,NA,-0.37859545052176974,-0.4267349479711658
2,2021,DHS 2021,223,Padéma,BFA.9.1.10_1,Haut-Bassins,padéma,931.718492383104,308.8735046386719,308.5601501464844,212.7047576904297,212.27984619140625,200.66099548339844,0,9.278231620788574,0.01630764381336376,-0.022814689508073187,-0.14833133318376757,0.09542201546013895,1.3348423432222918,BFA,0.3956538461538462,NA,NA,NA,54.083241105350666,NA,NA,-0.37859545052176974,-0.4267349479711658
1,2010,DHS 2010,224,Peni,BFA.9.1.11_1,Haut-Bassins,peni,1276.6699893974992,371.3914184570313,368.24560546875,110.2458267211914,105.00370025634766,380.7967834472656,1.1986612662440166e-4,9.002350807189941,1.3833130448994126,1.9968030075581793,-0.14732514731865362,-1.4268132380798217,-0.4046837847184652,BFA,0.259,NA,0.354,51212,40.11373371764504,5.668806730130617,9034,-0.8038669130381209,-1.3744316429838912
2,2021,DHS 2021,224,Peni,BFA.9.1.11_1,Haut-Bassins,peni,1276.6699893974992,371.3914184570313,368.24560546875,110.2458267211914,105.00370025634766,348.38720703125,0.01169026177376508,9.191555976867676,1.3833130448994126,1.6334384878030288,-0.05076369892735668,-0.3828306005105501,-0.4046837847184652,BFA,0.259,NA,0.354,51212,40.11373371764504,5.668806730130617,9034,-0.8038669130381209,-1.3744316429838912
1,2010,DHS 2010,225,Satiri,BFA.9.1.12_1,Haut-Bassins,satiri,1229.7186453703785,329.4935607910156,321.75543212890625,150.73565673828125,154.82350158691406,357.47723388671875,0,9.003817558288574,0.46718206378919025,1.7353526011040161,-0.14833133318376757,-1.4187201046669429,0.28274401258847903,BFA,0.259,NA,0.354,48111,39.12358341570845,5.257458201289476,9151,-0.8393100808269957,-1.3744316429838912
2,2021,DHS 2021,225,Satiri,BFA.9.1.12_1,Haut-Bassins,satiri,1229.7186453703785,329.4935607910156,321.75543212890625,150.73565673828125,154.82350158691406,232.9735107421875,4.0710196481086314e-4,9.287046432495115,0.46718206378919025,0.3394616154450757,-0.14491450941114867,0.14405974766769775,0.28274401258847903,BFA,0.259,NA,0.354,48111,39.12358341570845,5.257458201289476,9151,-0.8393100808269957,-1.3744316429838912
1,2010,DHS 2010,226,Toussiana,BFA.9.1.13_1,Haut-Bassins,toussiana,493.035153030161,474.18060302734375,473.44580078125,95.9487762451172,96.63509368896484,370.25439453125,0.00311901094391942,8.872540473937988,3.6308827716996013,1.878605532948575,-0.12218876434901371,-2.1430713314656713,-0.6474160933649977,BFA,0.259,NA,0.354,21578,43.76564199810715,5.482215447154472,3936,-0.6801416365808985,-1.3744316429838912
2,2021,DHS 2021,226,Toussiana,BFA.9.1.13_1,Haut-Bassins,toussiana,493.035153030161,474.18060302734375,473.44580078125,95.9487762451172,96.63509368896484,311.3845520019531,0.00359472562558949,9.074779510498049,3.6308827716996013,1.218578021816139,-0.11820861926816266,-1.02717136336725,-0.6474160933649977,BFA,0.259,NA,0.354,21578,43.76564199810715,5.482215447154472,3936,-0.6801416365808985,-1.3744316429838912
1,2010,DHS 2010,227,Banzon,BFA.9.2.1_1,Haut-Bassins,banzon,113.87363226554491,344.6609191894531,344.47442626953125,171.6977996826172,169.34202575683594,376.5649719238281,0,8.873125076293945,0.7988287804584701,1.9493574580647182,-0.14833133318376757,-2.1398456547542963,0.6386348559181754,BFA,0.523,NA,0.354,20054,176.10749390372962,5.405390835579515,3710,1.3194345239615046,0.4564127461428598
2,2021,DHS 2021,227,Banzon,BFA.9.2.1_1,Haut-Bassins,banzon,113.87363226554491,344.6609191894531,344.47442626953125,171.6977996826172,169.34202575683594,291.53302001953125,0.00111665320582687,9.143125534057615,0.7988287804584701,0.9960097817192963,-0.13896253854701043,-0.6500566044808029,0.6386348559181754,BFA,0.523,NA,0.354,20054,176.10749390372962,5.405390835579515,3710,1.3194345239615046,0.4564127461428598
1,2010,DHS 2010,228,Djigouera,BFA.9.2.2_1,Haut-Bassins,djigouera,470.5310819646399,423.98101806640625,428.8629760742187,139.5479736328125,139.06971740722656,398.1517028808594,0,8.8442535400390625,2.5332277224083177,2.191380125272709,-0.14833133318376757,-2.299150934950329,0.09280188759278468,BFA,0.523,NA,0.354,22766,48.38362623132907,5.882687338501292,3870,-0.5374003467598975,0.4564127461428598
2,2021,DHS 2021,228,Djigouera,BFA.9.2.2_1,Haut-Bassins,djigouera,470.5310819646399,423.98101806640625,428.8629760742187,139.5479736328125,139.06971740722656,326.3287658691406,0,9.108220100402832,2.5332277224083177,1.3861271753522968,-0.14833133318376757,-0.842655288515113,0.09280188759278468,BFA,0.523,NA,0.354,22766,48.38362623132907,5.882687338501292,3870,-0.5374003467598975,0.4564127461428598
1,2010,DHS 2010,229,Kangala,BFA.9.2.3_1,Haut-Bassins,kangala,504.3712414702474,537.71343994140625,535.959716796875,92.48717498779295,93.80074310302734,410.5524597167969,0,8.729018211364746,5.020080297710741,2.3304129529299114,-0.14833133318376757,-2.9349881193966274,-0.706186429680882,BFA,0.523,NA,0.354,33064,65.55488751424069,6.094746543778802,5425,-0.10354391968394927,0.4564127461428598
2,2021,DHS 2021,229,Kangala,BFA.9.2.3_1,Haut-Bassins,kangala,504.3712414702474,537.71343994140625,535.959716796875,92.48717498779295,93.80074310302734,335.04583740234375,0.0068626208230853,8.9679594039917,5.020080297710741,1.4838598476549314,-0.09091812494213254,-1.6165756419388868,-0.706186429680882,BFA,0.523,NA,0.354,33064,65.55488751424069,6.094746543778802,5425,-0.10354391968394927,0.4564127461428598
1,2010,DHS 2010,230,Kayan,BFA.9.2.4_1,Haut-Bassins,kayan,616.577499752906,350.58428955078125,351.1939697265625,193.6721343994141,194.2698516845703,366.1526794433594,0,8.831585884094238,0.9283481259071128,1.832618577921686,-0.14833133318376757,-2.3690476131839255,1.0117104777540142,BFA,0.523,NA,0.354,29425,47.723116740056355,5.357793153678077,5492,-0.5569776216271769,0.4564127461428598
2,2021,DHS 2021,230,Kayan,BFA.9.2.4_1,Haut-Bassins,kayan,616.577499752906,350.58428955078125,351.1939697265625,193.6721343994141,194.2698516845703,216.2585296630859,0,9.081249237060549,0.9283481259071128,0.15205925650764723,-0.14833133318376757,-0.9914731728126523,1.0117104777540142,BFA,0.523,NA,0.354,29425,47.723116740056355,5.357793153678077,5492,-0.5569776216271769,0.4564127461428598
1,2010,DHS 2010,231,Koloko,BFA.9.2.5_1,Haut-Bassins,koloko,778.9420969479411,460.2307739257813,459.901611328125,130.10255432128906,131.04428100585938,406.8710021972656,0,8.705625534057617,3.3258583305215415,2.289137774679744,-0.14833133318376757,-3.064062546889806,-0.06756045004164014,BFA,0.523,NA,0.354,28626,36.74984329664899,5.467150496562262,5236,-0.9279733864589436,0.4564127461428598
2,2021,DHS 2021,231,Koloko,BFA.9.2.5_1,Haut-Bassins,koloko,778.9420969479411,460.2307739257813,459.901611328125,130.10255432128906,131.04428100585938,311.4407958984375,0.0034664946142584,8.940625190734863,3.3258583305215415,1.2192086081642255,-0.11928129933820442,-1.7673983921859204,-0.06756045004164014,BFA,0.523,NA,0.354,28626,36.74984329664899,5.467150496562262,5236,-0.9279733864589436,0.4564127461428598
1,2010,DHS 2010,232,Kourinion,BFA.9.2.6_1,Haut-Bassins,kourinion,602.5262199243255,467.2917785644531,464.1080627441406,77.3956298828125,77.87679290771484,393.1502380371094,2.5066803209483624e-4,8.872899055480957,3.480252981408363,2.135305499437013,-0.1462273014145024,-2.1410927760929517,-0.9624075006287307,BFA,0.3956538461538462,NA,NA,NA,54.083241105350666,NA,NA,-0.37859545052176974,-0.4267349479711658
2,2021,DHS 2021,232,Kourinion,BFA.9.2.6_1,Haut-Bassins,kourinion,602.5262199243255,467.2917785644531,464.1080627441406,77.3956298828125,77.87679290771484,331.5820617675781,0.00493192067369818,9.116620063781738,3.480252981408363,1.4450252404416066,-0.10703085389171743,-0.7963065764860894,-0.9624075006287307,BFA,0.3956538461538462,NA,NA,NA,54.083241105350666,NA,NA,-0.37859545052176974,-0.4267349479711658
1,2010,DHS 2010,233,Kourouma,BFA.9.2.7_1,Haut-Bassins,kourouma,1003.44348721659,358.8881530761719,357.9324035644531,170.07083129882813,171.06185913085938,377.9715881347656,0.01710271649062633,8.839783668518066,1.109918904517401,1.9651279333528353,-0.005972226785062141,-2.3238144696097334,0.6110125297220887,BFA,0.523,NA,0.354,51244,51.06814748695374,5.664198076710512,9047,-0.4604387503536622,0.4564127461428598
2,2021,DHS 2021,233,Kourouma,BFA.9.2.7_1,Haut-Bassins,kourouma,1003.44348721659,358.8881530761719,357.9324035644531,170.07083129882813,171.06185913085938,254.9089202880859,0.0042402152903378,9.093354225158691,1.109918904517401,0.5853935416438755,-0.11281103957072064,-0.924681142637322,0.6110125297220887,BFA,0.523,NA,0.354,51244,51.06814748695374,5.664198076710512,9047,-0.4604387503536622,0.4564127461428598
1,2010,DHS 2010,234,Morolaba,BFA.9.2.8_1,Haut-Bassins,morolaba,891.7486637651242,333.8824462890625,333.64569091796875,315.9496154785156,316.97918701171875,372.2523193359375,0,8.82516098022461,0.5631486406332247,1.901005547618419,-0.14833133318376757,-2.4044984843169335,3.0877117709915947,BFA,0.523,NA,0.354,30051,33.6989571401422,5.5588235294117645,5406,-1.05049626407605,0.4564127461428598
2,2021,DHS 2021,234,Morolaba,BFA.9.2.8_1,Haut-Bassins,morolaba,891.7486637651242,333.8824462890625,333.64569091796875,315.9496154785156,316.97918701171875,218.29405212402344,0,9.054551124572754,0.5631486406332247,0.17488080258326597,-0.14833133318376757,-1.1387860921192599,3.0877117709915947,BFA,0.523,NA,0.354,30051,33.6989571401422,5.5588235294117645,5406,-1.05049626407605,0.4564127461428598
1,2010,DHS 2010,235,N'dorola,BFA.9.2.9_1,Haut-Bassins,n'dorola,828.5900767464603,361.3070983886719,362.35211181640625,232.6597137451172,232.68019104003903,362.4784240722656,0.00573647115379571,8.830729484558105,1.1628111254051077,1.791424147570677,-0.10031268938584906,-2.373772992770899,1.673633379891026,BFA,0.523,NA,0.354,40134,48.43649607486257,5.0042394014962595,8020,-0.5358446385227359,0.4564127461428598
2,2021,DHS 2021,235,N'dorola,BFA.9.2.9_1,Haut-Bassins,n'dorola,828.5900767464603,361.3070983886719,362.35211181640625,232.6597137451172,232.68019104003903,224.7682952880859,0.00110566616058349,9.079870223999023,1.1628111254051077,0.24746768949256545,-0.13905466967278848,-0.9990821916130672,1.673633379891026,BFA,0.523,NA,0.354,40134,48.43649607486257,5.0042394014962595,8020,-0.5358446385227359,0.4564127461428598
1,2010,DHS 2010,236,Orodara,BFA.9.2.10_1,Haut-Bassins,orodara,406.58841273204007,531.9927978515625,530.71234130859375,68.30188751220703,69.65910339355469,391.9727783203125,0.03720636293292045,8.834089279174805,4.894993771995609,2.1221042443810068,0.15833651874959018,-2.3552345603823603,-1.1167991413064915,BFA,0.523,NA,0.354,44679,109.88753884987239,4.634270303910383,9641,0.6386584293142625,0.4564127461428598
2,2021,DHS 2021,236,Orodara,BFA.9.2.10_1,Haut-Bassins,orodara,406.58841273204007,531.9927978515625,530.71234130859375,68.30188751220703,69.65910339355469,318.6852111816406,0.04690977558493614,9.06752586364746,4.894993771995609,1.3004303880017167,0.23650712599815155,-1.0671950127420144,-1.1167991413064915,BFA,0.523,NA,0.354,44679,109.88753884987239,4.634270303910383,9641,0.6386584293142625,0.4564127461428598
1,2010,DHS 2010,237,Samogohiri,BFA.9.2.11_1,Haut-Bassins,samogohiri,455.17765505565615,519.14312744140625,518.563232421875,93.02519989013672,89.66673278808594,385.755126953125,0,8.753993034362793,4.614025201868742,2.0523941724552723,-0.14833133318376757,-2.7971838425328595,-0.6970519563240328,BFA,0.523,NA,0.354,10189,22.384666485340006,5.812321734169994,1753,-1.6242487591859622,0.4564127461428598
2,2021,DHS 2021,237,Samogohiri,BFA.9.2.11_1,Haut-Bassins,samogohiri,455.17765505565615,519.14312744140625,518.563232421875,93.02519989013672,89.66673278808594,320.90997314453125,0.00350904674269258,8.997039794921875,4.614025201868742,1.325373619342926,-0.11892532640948443,-1.4561179584805521,-0.6970519563240328,BFA,0.523,NA,0.354,10189,22.384666485340006,5.812321734169994,1753,-1.6242487591859622,0.4564127461428598
1,2010,DHS 2010,238,Samorogouan,BFA.9.2.12_1,Haut-Bassins,samorogouan,1168.6809247039882,357.39794921875,358.936767578125,187.2869110107422,189.38204956054688,373.68939208984375,0,8.81214427947998,1.0773343763814553,1.9171174907173825,-0.14833133318376757,-2.47632109676972,0.9033035012975843,BFA,0.523,NA,0.354,45428,38.87117436395766,5.6848955074458765,7991,-0.8484851703528218,0.4564127461428598
2,2021,DHS 2021,238,Samorogouan,BFA.9.2.12_1,Haut-Bassins,samorogouan,1168.6809247039882,357.39794921875,358.936767578125,187.2869110107422,189.38204956054688,270.3393249511719,0.00485214870423078,9.063515663146973,1.0773343763814553,0.7583936916013788,-0.1076972595539577,-1.0893222078012739,0.9033035012975843,BFA,0.523,NA,0.354,45428,38.87117436395766,5.6848955074458765,7991,-0.8484851703528218,0.4564127461428598
1,2010,DHS 2010,239,Sindo,BFA.9.2.13_1,Haut-Bassins,sindo,638.593215913305,339.98101806640625,339.7610778808594,245.7043914794922,246.7217559814453,372.3764343261719,0,8.782830238342285,0.6964989085702142,1.902397080270436,-0.14833133318376757,-2.638067998489534,1.8951031681745396,BFA,0.523,NA,0.354,26404,41.34713514335954,5.628650607546366,4691,-0.7608916409328191,0.4564127461428598
2,2021,DHS 2021,239,Sindo,BFA.9.2.13_1,Haut-Bassins,sindo,638.593215913305,339.98101806640625,339.7610778808594,245.7043914794922,246.7217559814453,251.10337829589844,0,9.013788223266602,0.6964989085702142,0.5427271728938066,-0.14833133318376757,-1.3637046886515658,1.8951031681745396,BFA,0.523,NA,0.354,26404,41.34713514335954,5.628650607546366,4691,-0.7608916409328191,0.4564127461428598
1,2010,DHS 2010,240,Bekuy,BFA.9.3.1_1,Haut-Bassins,bekuy,584.1217394962982,336.6986389160156,337.75665283203125,138.62612915039065,136.7742156982422,343.59466552734375,0,9.019771575927734,0.6247269994813583,1.5797062353471478,-0.14833133318376757,-1.3306901769269865,0.077151006328444,BFA,0.336,NA,0.354,19216,32.89725189233738,5.204767063921993,3692,-1.0844822488183523,-0.8404353628219221
2,2021,DHS 2021,240,Bekuy,BFA.9.3.1_1,Haut-Bassins,bekuy,584.1217394962982,336.6986389160156,337.75665283203125,138.62612915039065,136.7742156982422,223.72457885742188,0,9.299495697021484,0.6247269994813583,0.2357659160808838,-0.14833133318376757,0.2127514014854724,0.077151006328444,BFA,0.336,NA,0.354,19216,32.89725189233738,5.204767063921993,3692,-1.0844822488183523,-0.8404353628219221
1,2010,DHS 2010,241,Bereba,BFA.9.3.2_1,Haut-Bassins,bereba,590.4047847411632,307.96490478515625,308.11383056640625,176.7792510986328,175.43373107910156,349.6415100097656,0,9.019375801086426,-0.0035596363199842007,1.6475012818847978,-0.14833133318376757,-1.3328739547984723,0.7249066667052175,BFA,0.336,NA,0.354,31264,52.95350039161067,5.343360109383012,5851,-0.408724603958856,-0.8404353628219221
2,2021,DHS 2021,241,Bereba,BFA.9.3.2_1,Haut-Bassins,bereba,590.4047847411632,307.96490478515625,308.11383056640625,176.7792510986328,175.43373107910156,237.30239868164065,0,9.299375534057615,-0.0035596363199842007,0.3879955508165962,-0.14833133318376757,0.21208837495098745,0.7249066667052175,BFA,0.336,NA,0.354,31264,52.95350039161067,5.343360109383012,5851,-0.408724603958856,-0.8404353628219221
1,2010,DHS 2010,242,Boni,BFA.9.3.3_1,Haut-Bassins,boni,379.87374884097346,328.58917236328125,328.81805419921875,159.16720581054688,158.67919921875,385.2178649902344,0.00155629555229097,9.099557876586914,0.44740686993060136,2.0463705844693463,-0.13527677682134448,-0.8904510822662052,0.425893075061366,BFA,0.3956538461538462,NA,NA,NA,54.083241105350666,NA,NA,-0.37859545052176974,-0.4267349479711658
2,2021,DHS 2021,242,Boni,BFA.9.3.3_1,Haut-Bassins,boni,379.87374884097346,328.58917236328125,328.81805419921875,159.16720581054688,158.67919921875,274.33636474609375,0.00104744161944836,9.34423828125,0.44740686993060136,0.8032070648735545,-0.1395429245075763,0.4596288053857524,0.425893075061366,BFA,0.3956538461538462,NA,NA,NA,54.083241105350666,NA,NA,-0.37859545052176974,-0.4267349479711658
1,2010,DHS 2010,243,Founzan,BFA.9.3.4_1,Haut-Bassins,founzan,801.7494279707657,290.647705078125,290.950927734375,178.9473876953125,179.17877197265625,384.8946228027344,4.362753534223884e-4,9.10111141204834,-0.38221439437823496,2.0427465092664536,-0.14466970933620066,-0.8818790963562052,0.761716832721894,BFA,0.336,NA,0.354,43725,54.53698933177704,5.140489066541265,8506,-0.36666798172393655,-0.8404353628219221
2,2021,DHS 2021,243,Founzan,BFA.9.3.4_1,Haut-Bassins,founzan,801.7494279707657,290.647705078125,290.950927734375,178.9473876953125,179.17877197265625,287.9703369140625,0.0014814167516306,9.319684028625488,-0.38221439437823496,0.9560662595010078,-0.1359044123461714,0.3241451213926475,0.761716832721894,BFA,0.336,NA,0.354,43725,54.53698933177704,5.140489066541265,8506,-0.36666798172393655,-0.8404353628219221
1,2010,DHS 2010,244,Houndé,BFA.9.3.5_1,Haut-Bassins,houndé,1250.2114190635364,325.64892578125,324.99798583984375,166.2386474609375,166.463134765625,371.5953063964844,0.01798846758902073,9.048428535461426,0.38311596972815143,1.8936393547329318,0.0013352192596417585,-1.1725688726853736,0.5459505204855836,BFA,0.3956538461538462,NA,NA,NA,54.083241105350666,NA,NA,-0.37859545052176974,-0.4267349479711658
2,2021,DHS 2021,244,Houndé,BFA.9.3.5_1,Haut-Bassins,houndé,1250.2114190635364,325.64892578125,324.99798583984375,166.2386474609375,166.463134765625,276.2839050292969,0.06851635128259659,9.313142776489258,0.38311596972815143,0.8250421864014067,0.40799797318513353,0.28805227218657664,0.5459505204855836,BFA,0.3956538461538462,NA,NA,NA,54.083241105350666,NA,NA,-0.37859545052176974,-0.4267349479711658
1,2010,DHS 2010,245,Koti,BFA.9.3.6_1,Haut-Bassins,koti,677.0726245731772,278.3084411621094,277.8551330566406,205.97474670410156,206.4020843505859,345.7193908691406,1.8150958931073544e-4,9.11845874786377,-0.6520225083794098,1.6035278920551355,-0.146807743825895,-0.7861612180855493,1.2205816356265724,BFA,0.336,NA,0.354,31179,46.04971293833518,4.9248144053072185,6331,-0.6077898340960087,-0.8404353628219221
2,2021,DHS 2021,245,Koti,BFA.9.3.6_1,Haut-Bassins,koti,677.0726245731772,278.3084411621094,277.8551330566406,205.97474670410156,206.4020843505859,245.1793670654297,1.8325740529689935e-4,9.33583641052246,-0.6520225083794098,0.47630928861934035,-0.14679307402315717,0.41326956912601315,1.2205816356265724,BFA,0.336,NA,0.354,31179,46.04971293833518,4.9248144053072185,6331,-0.6077898340960087,-0.8404353628219221
1,2010,DHS 2010,246,Koumbia,BFA.9.3.7_1,Haut-Bassins,koumbia,1364.7680978278902,308.4915466308594,308.197265625,156.2097625732422,155.90176391601565,380.2420959472656,0.00107365450821816,9.055352210998535,0.007955819067823064,1.9905840507145445,-0.13932310698634093,-1.134365915222759,0.3756822273145964,BFA,0.336,NA,0.354,46019,33.719281739690416,5.365395826046403,8577,-1.0496449028047299,-0.8404353628219221
2,2021,DHS 2021,246,Koumbia,BFA.9.3.7_1,Haut-Bassins,koumbia,1364.7680978278902,308.4915466308594,308.197265625,156.2097625732422,155.90176391601565,318.37384033203125,0.00188558851368725,9.30942440032959,0.007955819067823064,1.2969394099715887,-0.13251719378782603,0.2675352844253184,0.3756822273145964,BFA,0.336,NA,0.354,46019,33.719281739690416,5.365395826046403,8577,-1.0496449028047299,-0.8404353628219221
1,2010,DHS 2010,247,Banh,BFA.10.1.1_1,Nord,banh,1103.5412827165658,306.2015075683594,305.9077453613281,185.52127075195313,202.0249786376953,193.861572265625,0,9.323938369750977,-0.0421177610620406,-0.09904737827957316,-0.14833133318376757,0.34761941798227897,0.8733268332448034,BFA,0.696,NA,0.249,38521,34.906714051669745,6.023612197028929,6395,-1.000751453503809,1.6561706223509196
2,2021,DHS 2021,247,Banh,BFA.10.1.1_1,Nord,banh,1103.5412827165658,306.2015075683594,305.9077453613281,185.52127075195313,202.0249786376953,107.13207244873048,0,9.625099182128906,-0.0421177610620406,-1.0714273515641672,-0.14833133318376757,2.0093428252989605,0.8733268332448034,BFA,0.696,NA,0.249,38521,34.906714051669745,6.023612197028929,6395,-1.000751453503809,1.6561706223509196
1,2010,DHS 2010,248,Ouindigui,BFA.10.1.2_1,Nord,ouindigui,613.885892716991,335.9848327636719,335.81231689453125,135.92208862304688,135.6628875732422,145.55166625976565,0,9.285524368286133,0.6091190432015408,-0.6406806773362353,-0.14833133318376757,0.13566141156435588,0.031242376364918098,BFA,0.696,NA,0.249,32855,53.51971822415956,6.4157391134544035,5121,-0.39354604882576827,1.6561706223509196
2,2021,DHS 2021,248,Ouindigui,BFA.10.1.2_1,Nord,ouindigui,613.885892716991,335.9848327636719,335.81231689453125,135.92208862304688,135.6628875732422,95.103271484375,0,9.5155668258667,0.6091190432015408,-1.2062899437047856,-0.14833133318376757,1.4049730906634659,0.031242376364918098,BFA,0.696,NA,0.249,32855,53.51971822415956,6.4157391134544035,5121,-0.39354604882576827,1.6561706223509196
1,2010,DHS 2010,249,Solle,BFA.10.1.3_1,Nord,solle,379.3618877684787,322.2812805175781,322.4471740722656,180.5261077880859,179.97312927246094,149.85906982421875,0,9.318750381469728,0.30947964722134724,-0.5923876170537296,-0.14833133318376757,0.31899351046209257,0.7885200096056048,BFA,0.696,NA,0.249,21839,57.567722810700886,6.3614914069327115,3433,-0.28941561397468324,1.6561706223509196
2,2021,DHS 2021,249,Solle,BFA.10.1.3_1,Nord,solle,379.3618877684787,322.2812805175781,322.4471740722656,180.5261077880859,179.97312927246094,99.7666015625,0,9.655000686645508,0.30947964722134724,-1.1540063633041395,-0.14833133318376757,2.1743311900762086,0.7885200096056048,BFA,0.696,NA,0.249,21839,57.567722810700886,6.3614914069327115,3433,-0.28941561397468324,1.6561706223509196
1,2010,DHS 2010,250,Titao,BFA.10.1.4_1,Nord,titao,1606.558780872152,334.99273681640625,335.0432434082031,89.92900085449219,90.41607666015624,153.9228057861328,6.318014347925782e-4,9.262755393981934,0.5874260525773172,-0.5468264703340536,-0.14302919285617421,0.010028407512024367,-0.7496185707602666,BFA,0.696,NA,0.249,104977,65.34276943356605,5.987395197627332,17533,-0.10818507609888266,1.6561706223509196
2,2021,DHS 2021,250,Titao,BFA.10.1.4_1,Nord,titao,1606.558780872152,334.99273681640625,335.0432434082031,89.92900085449219,90.41607666015624,93.9858856201172,2.524728770367801e-4,9.594565391540527,0.5874260525773172,-1.2188176723222626,-0.1462121540030487,1.8408656780426882,-0.7496185707602666,BFA,0.696,NA,0.249,104977,65.34276943356605,5.987395197627332,17533,-0.10818507609888266,1.6561706223509196
1,2010,DHS 2010,251,Arbolle,BFA.10.2.1_1,Nord,arbolle,644.9293561050249,327.54949951171875,327.70758056640625,92.25597381591795,92.2286148071289,147.4885711669922,0,9.2227630615234375,0.4246735713183386,-0.6189647958204878,-0.14833133318376757,-0.210638399815076,-0.7101117144313918,BFA,0.6111923076923077,NA,NA,NA,126.00998859338912,NA,NA,0.8360246319767964,1.0680278662284717
2,2021,DHS 2021,251,Arbolle,BFA.10.2.1_1,Nord,arbolle,644.9293561050249,327.54949951171875,327.70758056640625,92.25597381591795,92.2286148071289,115.4485321044922,0.00195911433547735,9.46449851989746,0.4246735713183386,-0.9781861956141739,-0.13190114715244905,1.123192075626878,-0.7101117144313918,BFA,0.6111923076923077,NA,NA,NA,126.00998859338912,NA,NA,0.8360246319767964,1.0680278662284717
1,2010,DHS 2010,252,Bagare,BFA.10.2.2_1,Nord,bagare,465.7454845960466,295.7893371582031,295.9161682128906,124.6431655883789,125.65411376953124,202.6361541748047,0,9.23375129699707,-0.26978839685878453,-6.699203160765565e-4,-0.14833133318376757,-0.1500083067180723,-0.1602488009120377,BFA,0.703,NA,0.249,33334,71.57127895488125,6.870156636438582,4852,0.022280134867155618,1.7047157387292804
2,2021,DHS 2021,252,Bagare,BFA.10.2.2_1,Nord,bagare,465.7454845960466,295.7893371582031,295.9161682128906,124.6431655883789,125.65411376953124,114.02957153320313,0,9.498748779296877,-0.26978839685878453,-0.9940950714328395,-0.14833133318376757,1.312175686413722,-0.1602488009120377,BFA,0.703,NA,0.249,33334,71.57127895488125,6.870156636438582,4852,0.022280134867155618,1.7047157387292804
1,2010,DHS 2010,253,Bokin,BFA.10.2.3_1,Nord,bokin,799.8778438865795,305.62359619140625,305.7402038574219,116.65554809570313,115.9963150024414,155.84414672851565,5.396202323026955e-4,9.21986198425293,-0.05475426675126272,-0.5252850863969944,-0.14380257802719645,-0.22664575471883278,-0.2958608866235099,BFA,0.703,NA,0.249,81194,101.50799977841753,6.298991466252909,12890,0.5244169980459474,1.7047157387292804
2,2021,DHS 2021,253,Bokin,BFA.10.2.3_1,Nord,bokin,799.8778438865795,305.62359619140625,305.7402038574219,116.65554809570313,115.9963150024414,113.1390151977539,0.0014591229846701,9.437298774719238,-0.05475426675126272,-1.0040796689169802,-0.1360912881886793,0.9731112836446241,-0.2958608866235099,BFA,0.703,NA,0.249,81194,101.50799977841753,6.298991466252909,12890,0.5244169980459474,1.7047157387292804
1,2010,DHS 2010,254,Gomponsom,BFA.10.2.4_1,Nord,gomponsom,230.68920524527323,311.5704650878906,311.5680847167969,83.10929870605469,82.8846435546875,160.9571075439453,0,9.217766761779783,0.07527889341886178,-0.4679604078088655,-0.14833133318376757,-0.23820662214933355,-0.8654020359961321,BFA,0.703,NA,0.249,27074,117.36136492045391,6.6130923302393745,4094,0.7334904762684428,1.7047157387292804
2,2021,DHS 2021,254,Gomponsom,BFA.10.2.4_1,Nord,gomponsom,230.68920524527323,311.5704650878906,311.5680847167969,83.10929870605469,82.8846435546875,118.45813751220705,0,9.544960021972656,0.07527889341886178,-0.9444435817154497,-0.14833133318376757,1.5671567479575772,-0.8654020359961321,BFA,0.703,NA,0.249,27074,117.36136492045391,6.6130923302393745,4094,0.7334904762684428,1.7047157387292804
1,2010,DHS 2010,255,Kirsi,BFA.10.2.5_1,Nord,kirsi,220.57387459993512,311.5044250488281,311.35675048828125,87.50128936767578,87.96141815185547,154.5493621826172,0,9.220333099365234,0.07383487386394406,-0.539801745259413,-0.14833133318376757,-0.224046269734462,-0.7908357445338926,BFA,0.703,NA,0.249,29816,135.1746667826307,6.818202606906014,4373,0.9373219061596844,1.7047157387292804
2,2021,DHS 2021,255,Kirsi,BFA.10.2.5_1,Nord,kirsi,220.57387459993512,311.5044250488281,311.35675048828125,87.50128936767578,87.96141815185547,106.2887725830078,5.415264167822897e-4,9.457745552062988,0.07383487386394406,-1.0808821264981119,-0.14378658473056632,1.085931036812456,-0.7908357445338926,BFA,0.703,NA,0.249,29816,135.1746667826307,6.818202606906014,4373,0.9373219061596844,1.7047157387292804
1,2010,DHS 2010,256,Lâ-Todin,BFA.10.2.6_1,Nord,lâ todin,305.865970553806,298.35943603515625,298.1533203125,67.70259857177734,68.37413024902344,168.32054138183594,0,9.228143692016602,-0.21359107945744218,-0.3854042347225748,-0.14833133318376757,-0.18094954499357846,-1.1269737425852844,BFA,0.6111923076923077,NA,NA,NA,126.00998859338912,NA,NA,0.8360246319767964,1.0680278662284717
2,2021,DHS 2021,256,Lâ-Todin,BFA.10.2.6_1,Nord,lâ todin,305.865970553806,298.35943603515625,298.1533203125,67.70259857177734,68.37413024902344,119.94407653808594,0.00182732404209673,9.4860076904296875,-0.21359107945744218,-0.9277837675422197,-0.13300540312216275,1.2418738252979364,-1.1269737425852844,BFA,0.6111923076923077,NA,NA,NA,126.00998859338912,NA,NA,0.8360246319767964,1.0680278662284717
1,2010,DHS 2010,257,Pilimpikou,BFA.10.2.7_1,Nord,pilimpikou,184.72870991526523,324.9298095703125,324.5442199707031,80.65547943115234,80.85208892822266,150.82620239257813,0,9.226874351501465,0.36739190466711585,-0.5815444743748326,-0.14833133318376757,-0.18795342052839115,-0.9070624622914134,BFA,0.703,NA,0.249,23445,126.9158432966602,6.643525077925758,3529,0.846357288622001,1.7047157387292804
2,2021,DHS 2021,257,Pilimpikou,BFA.10.2.7_1,Nord,pilimpikou,184.72870991526523,324.9298095703125,324.5442199707031,80.65547943115234,80.85208892822266,128.95172119140625,0,9.483125686645508,0.36739190466711585,-0.8267932938758821,-0.14833133318376757,1.225971712701239,-0.9070624622914134,BFA,0.703,NA,0.249,23445,126.9158432966602,6.643525077925758,3529,0.846357288622001,1.7047157387292804
1,2010,DHS 2010,258,Samba,BFA.10.2.8_1,Nord,samba,355.56302887889296,304.09326171875,303.4302673339844,55.80867004394531,55.97239303588867,164.03082275390625,0,9.227367401123049,-0.08821628366480408,-0.433499017854394,-0.14833133318376757,-0.1852329068908921,-1.3289063534597387,BFA,0.703,NA,0.249,46247,130.0669536588744,6.231909446166285,7421,0.8817390624004231,1.7047157387292804
2,2021,DHS 2021,258,Samba,BFA.10.2.8_1,Nord,samba,355.56302887889296,304.09326171875,303.4302673339844,55.80867004394531,55.97239303588867,144.0005645751953,3.307293518446386e-4,9.484244346618652,-0.08821628366480408,-0.6580710718131836,-0.145555401969642,1.2321441740102814,-1.3289063534597387,BFA,0.703,NA,0.249,46247,130.0669536588744,6.231909446166285,7421,0.8817390624004231,1.7047157387292804
1,2010,DHS 2010,259,Yako,BFA.10.2.9_1,Nord,yako,788.1146318362394,330.0546569824219,330.0262451171875,70.177398681640625,70.56498718261719,148.86041259765625,0.02071601152420044,9.225010871887209,0.4794508916712221,-0.6035842028675007,0.023797585310023375,-0.19823559392809886,-1.0849571080975564,BFA,0.703,NA,0.249,117422,148.99101635306127,5.280715956107214,22236,1.077822780802914,1.7047157387292804
2,2021,DHS 2021,259,Yako,BFA.10.2.9_1,Nord,yako,788.1146318362394,330.0546569824219,330.0262451171875,70.177398681640625,70.56498718261719,116.65194702148438,0.02851385064423084,9.49578857421875,0.4794508916712221,-0.9646939401842954,0.0876861975161527,1.2958420803580708,-1.0849571080975564,BFA,0.703,NA,0.249,117422,148.99101635306127,5.280715956107214,22236,1.077822780802914,1.7047157387292804
1,2010,DHS 2010,260,Barga,BFA.10.3.1_1,Nord,barga,203.18190687014808,348.8948059082031,348.6590576171875,59.68690490722656,61.109275817871094,181.06268310546875,0,9.245624542236328,0.8914061820162628,-0.24254392243006656,-0.14833133318376757,-0.08449497057350572,-1.2630624996233761,BFA,0.514,NA,0.249,51248,252.22718296837417,5.33555439875065,9605,1.8392487826634076,0.39399759651353866
2,2021,DHS 2021,260,Barga,BFA.10.3.1_1,Nord,barga,203.18190687014808,348.8948059082031,348.6590576171875,59.68690490722656,61.109275817871094,102.4587860107422,0,9.60562515258789,0.8914061820162628,-1.1238225590923572,-0.14833133318376757,1.9018904297911652,-1.2630624996233761,BFA,0.514,NA,0.249,51248,252.22718296837417,5.33555439875065,9605,1.8392487826634076,0.39399759651353866
1,2010,DHS 2010,261,Kaïn,BFA.10.3.2_1,Nord,kaïn,775.7630219672503,279.4836120605469,279.15765380859375,96.25772857666016,95.92658996582033,212.92723083496097,0,9.32082462310791,-0.6263264339705507,0.11470993162587116,-0.14833133318376757,0.3304386113548083,-0.642170765818407,BFA,0.6111923076923077,NA,NA,NA,126.00998859338912,NA,NA,0.8360246319767964,1.0680278662284717
2,2021,DHS 2021,261,Kaïn,BFA.10.3.2_1,Nord,kaïn,775.7630219672503,279.4836120605469,279.15765380859375,96.25772857666016,95.92658996582033,105.02386474609376,0,9.539610862731934,-0.6263264339705507,-1.0950638184398696,-0.14833133318376757,1.537641542942728,-0.642170765818407,BFA,0.6111923076923077,NA,NA,NA,126.00998859338912,NA,NA,0.8360246319767964,1.0680278662284717
1,2010,DHS 2010,262,Kalsaka,BFA.10.3.3_1,Nord,kalsaka,587.5735416772543,316.7502136230469,316.8222351074219,107.38302612304688,107.69905090332033,165.47811889648438,0.02037935145199299,9.218791961669922,0.18853833845406645,-0.4172724537968797,0.021028310320218783,-0.23254984814487323,-0.45328780969167115,BFA,0.514,NA,0.249,78184,133.0624925295655,6.348164988632673,12316,0.9145940227444903,0.39399759651353866
2,2021,DHS 2021,262,Kalsaka,BFA.10.3.3_1,Nord,kalsaka,587.5735416772543,316.7502136230469,316.8222351074219,107.38302612304688,107.69905090332033,114.8205108642578,0.00311384629458189,9.505702018737791,0.18853833845406645,-0.9852273439903383,-0.1222319855931708,1.3505417694522595,-0.45328780969167115,BFA,0.514,NA,0.249,78184,133.0624925295655,6.348164988632673,12316,0.9145940227444903,0.39399759651353866
1,2010,DHS 2010,263,Kossouka,BFA.10.3.4_1,Nord,kossouka,167.9998134706467,342.321533203125,342.401611328125,65.7013168334961,65.64237976074219,156.99803161621094,0,9.223125457763672,0.7476761894134947,-0.5123481438498858,-0.14833133318376757,-0.20863879598094467,-1.160951081995122,BFA,0.514,NA,0.249,26926,160.27398747501925,6.164377289377289,4368,1.1832733622992206,0.39399759651353866
2,2021,DHS 2021,263,Kossouka,BFA.10.3.4_1,Nord,kossouka,167.9998134706467,342.321533203125,342.401611328125,65.7013168334961,65.64237976074219,113.43106079101564,0,9.439374923706056,0.7476761894134947,-1.0008053587137244,-0.14833133318376757,0.9845669087680653,-1.160951081995122,BFA,0.514,NA,0.249,26926,160.27398747501925,6.164377289377289,4368,1.1832733622992206,0.39399759651353866
1,2010,DHS 2010,264,Koumbri,BFA.10.3.5_1,Nord,koumbri,615.3586203391083,338.5345458984375,336.6352233886719,93.5830535888672,95.7677764892578,193.03802490234375,0,9.254279136657717,0.6648706096497015,-0.108280695257034,-0.14833133318376757,-0.0367412737452275,-0.6875808338427587,BFA,0.514,NA,0.249,61818,100.45849356255657,5.794170025306964,10669,0.509454796855095,0.39399759651353866
2,2021,DHS 2021,264,Koumbri,BFA.10.3.5_1,Nord,koumbri,615.3586203391083,338.5345458984375,336.6352233886719,93.5830535888672,95.7677764892578,101.91471099853516,0,9.59348487854004,0.6648706096497015,-1.1299225325379743,-0.14833133318376757,1.8349037013477747,-0.6875808338427587,BFA,0.514,NA,0.249,61818,100.45849356255657,5.794170025306964,10669,0.509454796855095,0.39399759651353866
1,2010,DHS 2010,265,Namissiguima,BFA.10.3.6_1,Nord,namissiguima,499.68030630909345,330.3180847167969,329.7777099609375,37.34883499145508,39.93326950073242,170.74473571777344,0.00222696550190448,9.245381355285645,0.48521095488658705,-0.358225039309339,-0.12965730001857115,-0.08583680998851492,-1.6423135409788465,BFA,0.6111923076923077,NA,NA,NA,126.00998859338912,NA,NA,0.8360246319767964,1.0680278662284717
2,2021,DHS 2021,265,Namissiguima,BFA.10.3.6_1,Nord,namissiguima,499.68030630909345,330.3180847167969,329.7777099609375,37.34883499145508,39.93326950073242,111.44666290283205,0.09966784715652466,9.605291366577148,0.48521095488658705,-1.0230537144585605,0.6492385622972588,1.9000486894176232,-1.6423135409788465,BFA,0.6111923076923077,NA,NA,NA,126.00998859338912,NA,NA,0.8360246319767964,1.0680278662284717
1,2010,DHS 2010,266,Ouahigouya,BFA.10.3.7_1,Nord,ouahigouya,494.200231558842,338.3694152832031,338.66796875,17.764429092407227,18.93299102783203,207.07733154296875,0.19477660953998568,9.24764347076416,0.661259893470561,0.049122963762868496,1.3455919170778918,-0.07335507237125291,-1.9748134552305294,BFA,0.514,NA,0.249,199436,403.553028234982,4.777711233021106,41743,2.5203962728537044,0.39399759651353866
2,2021,DHS 2021,266,Ouahigouya,BFA.10.3.7_1,Nord,ouahigouya,494.200231558842,338.3694152832031,338.66796875,17.764429092407227,18.93299102783203,129.0935821533203,0.3652153015136719,9.58796501159668,0.661259893470561,-0.8252027997689478,2.465056309705808,1.8044465776847327,-1.9748134552305294,BFA,0.514,NA,0.249,199436,403.553028234982,4.777711233021106,41743,2.5203962728537044,0.39399759651353866
1,2010,DHS 2010,267,Oula,BFA.10.3.8_1,Nord,oula,562.3289924124928,330.29766845703125,330.0695495605469,46.34894180297851,47.712646484375,168.7579803466797,0.00137094839010387,9.219813346862791,0.48476453664155933,-0.38049982630506485,-0.13683044593321023,-0.2269141226018444,-1.489511625081412,BFA,0.514,NA,0.249,62832,111.73530237244107,5.770226834420057,10889,0.6626857632331229,0.39399759651353866
2,2021,DHS 2021,267,Oula,BFA.10.3.8_1,Nord,oula,562.3289924124928,330.29766845703125,330.0695495605469,46.34894180297851,47.712646484375,113.69835662841795,5.733876605518162e-4,9.570331573486328,0.48476453664155933,-0.9978085338757963,-0.14351926657247127,1.7071500648081837,-1.489511625081412,BFA,0.514,NA,0.249,62832,111.73530237244107,5.770226834420057,10889,0.6626857632331229,0.39399759651353866
1,2010,DHS 2010,268,Rambo,BFA.10.3.9_1,Nord,rambo,282.5374084867195,325.0897216796875,324.6597595214844,107.15486145019533,107.56053161621094,171.6135711669922,0,9.223124504089355,0.3708885139405765,-0.3484839685931043,-0.14833133318376757,-0.20864405809629766,-0.45716154140196474,BFA,0.514,NA,0.249,46957,166.19746125478878,6.211243386243386,7560,1.2357168300510009,0.39399759651353866
2,2021,DHS 2021,268,Rambo,BFA.10.3.9_1,Nord,rambo,282.5374084867195,325.0897216796875,324.6597595214844,107.15486145019533,107.56053161621094,111.93872833251952,0,9.439374923706056,0.3708885139405765,-1.0175368537550635,-0.14833133318376757,0.9845669087680653,-0.45716154140196474,BFA,0.514,NA,0.249,46957,166.19746125478878,6.211243386243386,7560,1.2357168300510009,0.39399759651353866
1,2010,DHS 2010,269,Seguenega,BFA.10.3.10_1,Nord,seguenega,671.9723263573738,323.32476806640625,323.23797607421875,70.82182312011719,71.45862579345703,150.2930908203125,0.00309127545915544,9.2321195602417,0.33229635731437,-0.5875215296731082,-0.12242087606990353,-0.15901178608701635,-1.074016205849122,BFA,0.514,NA,0.249,98637,146.78729484991032,5.628680666514494,17524,1.0563030394502002,0.39399759651353866
2,2021,DHS 2021,269,Seguenega,BFA.10.3.10_1,Nord,seguenega,671.9723263573738,323.32476806640625,323.23797607421875,70.82182312011719,71.45862579345703,105.87503051757813,0.00617875903844833,9.518428802490234,0.33229635731437,-1.0855208537982646,-0.09662178210673522,1.4207646988377505,-1.074016205849122,BFA,0.514,NA,0.249,98637,146.78729484991032,5.628680666514494,17524,1.0563030394502002,0.39399759651353866
1,2010,DHS 2010,270,Tangaye,BFA.10.3.11_1,Nord,tangaye,492.2314687881995,316.8733215332031,311.7357177734375,59.82320022583008,68.29444122314453,210.73094177246097,0,9.29110336303711,0.19123019376115427,0.09008592820802849,-0.14833133318376757,0.1664447863792727,-1.2607485064401172,BFA,0.514,NA,0.249,39262,79.76328717190145,6.087131782945736,6450,0.17777981409829396,0.39399759651353866
2,2021,DHS 2021,270,Tangaye,BFA.10.3.11_1,Nord,tangaye,492.2314687881995,316.8733215332031,311.7357177734375,59.82320022583008,68.29444122314453,117.285400390625,0,9.515840530395508,0.19123019376115427,-0.9575918887316476,-0.14833133318376757,1.4064833177697702,-1.2607485064401172,BFA,0.514,NA,0.249,39262,79.76328717190145,6.087131782945736,6450,0.17777981409829396,0.39399759651353866
1,2010,DHS 2010,271,Thiou,BFA.10.3.12_1,Nord,thiou,1197.5946393198983,306.8600769042969,302.9979248046875,73.96595764160156,74.45819091796875,215.10243225097656,0,9.295624732971191,-0.02771760302362831,0.1390975079321955,-0.14833133318376757,0.19139247526773778,-1.0206357528408367,BFA,0.514,NA,0.249,66589,55.602286294313416,6.026699248800797,11049,-0.33904366918517154,0.39399759651353866
2,2021,DHS 2021,271,Thiou,BFA.10.3.12_1,Nord,thiou,1197.5946393198983,306.8600769042969,302.9979248046875,73.96595764160156,74.45819091796875,109.30262756347656,0,9.518125534057615,-0.02771760302362831,-1.047091867917363,-0.14833133318376757,1.419091346155494,-1.0206357528408367,BFA,0.514,NA,0.249,66589,55.602286294313416,6.026699248800797,11049,-0.33904366918517154,0.39399759651353866
1,2010,DHS 2010,272,Zogore,BFA.10.3.13_1,Nord,zogore,238.95503019127884,333.4657287597656,332.1500549316406,45.84942626953125,46.04114532470703,199.1698455810547,0,9.25554084777832,0.5540367704749986,-0.039532926154952755,-0.14833133318376757,-0.029779495133248422,-1.4979922944923068,BFA,0.514,NA,0.249,23478,98.25279669235805,6.46242774566474,3633,0.47749846079785535,0.39399759651353866
2,2021,DHS 2021,272,Zogore,BFA.10.3.13_1,Nord,zogore,238.95503019127884,333.4657287597656,332.1500549316406,45.84942626953125,46.04114532470703,117.05657196044922,0.00108058273326605,9.470118522644045,0.5540367704749986,-0.9601574308285218,-0.13926500884763585,1.1542017214019924,-1.4979922944923068,BFA,0.514,NA,0.249,23478,98.25279669235805,6.46242774566474,3633,0.47749846079785535,0.39399759651353866
1,2010,DHS 2010,273,Bassi,BFA.10.4.1_1,Nord,bassi,196.6911440107673,330.2217102050781,330.1558532714844,80.7973403930664,80.897491455078125,165.46685791015625,0,9.21500015258789,0.48310364723666555,-0.417398707927343,-0.14833133318376757,-0.2534720187883107,-0.9046539767894672,BFA,0.633,NA,0.249,34424,175.01550551821265,6.007678883071553,5730,1.3104424707016724,1.2192645749456725
2,2021,DHS 2021,273,Bassi,BFA.10.4.1_1,Nord,bassi,196.6911440107673,330.2217102050781,330.1558532714844,80.7973403930664,80.897491455078125,113.7154541015625,7.368068909272552e-4,9.563750267028809,0.48310364723666555,-0.9976168431533243,-0.14214830109929733,1.6708362067572877,-0.9046539767894672,BFA,0.633,NA,0.249,34424,175.01550551821265,6.007678883071553,5730,1.3104424707016724,1.2192645749456725
1,2010,DHS 2010,274,Boussou,BFA.10.4.2_1,Nord,boussou,500.86030784524826,313.6785888671875,313.5688171386719,108.72463989257813,110.32013702392578,196.1444091796875,0,9.243900299072266,0.12137474685424093,-0.07345303146337286,-0.14833133318376757,-0.09400887513168857,-0.43051017397336194,BFA,0.633,NA,0.249,32993,65.87265847026136,6.245125875449555,5283,-0.0966186770360925,1.2192645749456725
2,2021,DHS 2021,274,Boussou,BFA.10.4.2_1,Nord,boussou,500.86030784524826,313.6785888671875,313.5688171386719,108.72463989257813,110.32013702392578,109.92781829833984,5.138866836205125e-4,9.493159294128418,0.12137474685424093,-1.0400824541498723,-0.14401849100236594,1.2813344283299126,-0.43051017397336194,BFA,0.633,NA,0.249,32993,65.87265847026136,6.245125875449555,5283,-0.0966186770360925,1.2192645749456725
1,2010,DHS 2010,275,Gourcy,BFA.10.4.3_1,Nord,gourcy,775.7754797376996,321.2751770019531,321.371826171875,59.1244010925293,59.75447845458984,177.51402282714844,0.00810993835330009,9.21882152557373,0.2874803696397728,-0.28233022575147737,-0.08052501051549397,-0.23238672256893095,-1.2726125707931213,BFA,0.633,NA,0.249,117761,151.7977856683697,6.136581552892132,19190,1.1047781212786596,1.2192645749456725
2,2021,DHS 2021,275,Gourcy,BFA.10.4.3_1,Nord,gourcy,775.7754797376996,321.2751770019531,321.371826171875,59.1244010925293,59.75447845458984,118.10112762451172,0.03286401927471161,9.55490779876709,0.2874803696397728,-0.9484462482336752,0.12311748151283874,1.6220458732044827,-1.2726125707931213,BFA,0.633,NA,0.249,117761,151.7977856683697,6.136581552892132,19190,1.1047781212786596,1.2192645749456725
1,2010,DHS 2010,276,Léba,BFA.10.4.4_1,Nord,léba,205.0576579483451,340.10186767578125,339.8305969238281,55.14680099487305,52.38254165649414,178.31723022460938,0.00316579337231814,9.21500015258789,0.6991413842806921,-0.27332495315871513,-0.12179726779727132,-0.2534720187883107,-1.340143426628911,BFA,0.6111923076923077,NA,NA,NA,126.00998859338912,NA,NA,0.8360246319767964,1.0680278662284717
2,2021,DHS 2021,276,Léba,BFA.10.4.4_1,Nord,léba,205.0576579483451,340.10186767578125,339.8305969238281,55.14680099487305,52.38254165649414,125.0385971069336,0.0018560760654509,9.563750267028809,0.6991413842806921,-0.8706658343696255,-0.13276448078048828,1.6708362067572877,-1.340143426628911,BFA,0.6111923076923077,NA,NA,NA,126.00998859338912,NA,NA,0.8360246319767964,1.0680278662284717
1,2010,DHS 2010,277,Tougo,BFA.10.4.5_1,Nord,tougo,310.9826522104485,315.63128662109375,315.33978271484375,108.9175033569336,109.12229919433594,159.7559814453125,0,9.21500015258789,0.16407208291753325,-0.4814270018301133,-0.14833133318376757,-0.2534720187883107,-0.42723577873814095,BFA,0.633,NA,0.249,41278,132.73409209998732,5.946125036012677,6942,0.9110281620562034,1.2192645749456725
2,2021,DHS 2021,277,Tougo,BFA.10.4.5_1,Nord,tougo,310.9826522104485,315.63128662109375,315.33978271484375,108.9175033569336,109.12229919433594,110.46784210205078,0,9.563750267028809,0.16407208291753325,-1.034027901397532,-0.14833133318376757,1.6708362067572877,-0.42723577873814095,BFA,0.633,NA,0.249,41278,132.73409209998732,5.946125036012677,6942,0.9110281620562034,1.2192645749456725
1,2010,DHS 2010,278,Boudry,BFA.11.1.1_1,Plateau-Central,boudry,1068.8620773129403,281.014404296875,281.0271301269531,124.78388214111328,125.26900482177734,163.63406372070313,5.761452484875917e-4,9.186065673828123,-0.5928544076793181,-0.43794733750250664,-0.14349613060889485,-0.4131245985976499,-0.15785974494786126,BFA,0.302,NA,0.225,123131,115.19821183060819,5.799039231385108,21233,0.7066733725804291,-1.0762259280882462
2,2021,DHS 2021,278,Boudry,BFA.11.1.1_1,Plateau-Central,boudry,1068.8620773129403,281.014404296875,281.0271301269531,124.78388214111328,125.26900482177734,144.18344116210938,0.0967642143368721,9.394816398620604,-0.5928544076793181,-0.6560207252635861,0.6270432153347673,0.7387050931308903,-0.15785974494786126,BFA,0.302,NA,0.225,123131,115.19821183060819,5.799039231385108,21233,0.7066733725804291,-1.0762259280882462
1,2010,DHS 2010,279,Kogho,BFA.11.1.2_1,Plateau-Central,kogho,160.31806014240476,314.9725341796875,314.7757263183594,109.16402435302734,109.96969604492188,171.2870635986328,0,9.220000267028809,0.1496679211280445,-0.3521446540723103,-0.14833133318376757,-0.22588274799265107,-0.42305039724201926,BFA,0.302,NA,0.225,23435,146.1781659482627,6.987179487179487,3354,1.050298162252187,-1.0762259280882462
2,2021,DHS 2021,279,Kogho,BFA.11.1.2_1,Plateau-Central,kogho,160.31806014240476,314.9725341796875,314.7757263183594,109.16402435302734,109.96969604492188,140.6673126220703,0,9.427499771118164,0.1496679211280445,-0.6954422944303251,-0.14833133318376757,0.919043048392783,-0.42305039724201926,BFA,0.302,NA,0.225,23435,146.1781659482627,6.987179487179487,3354,1.050298162252187,-1.0762259280882462
1,2010,DHS 2010,280,Méguet,BFA.11.1.3_1,Plateau-Central,méguet,363.3997881446767,314.0644226074219,314.3947448730469,84.4050064086914,85.14091491699219,166.06234741210938,9.490468073636292e-4,9.181894302368164,0.12981131766423382,-0.4107222937058506,-0.1403681006307096,-0.43614109115156247,-0.843403783802896,BFA,0.3598,NA,NA,NA,119.4251231500677,NA,NA,0.7586223781385484,-0.6753819671354954
2,2021,DHS 2021,280,Méguet,BFA.11.1.3_1,Plateau-Central,méguet,363.3997881446767,314.0644226074219,314.3947448730469,84.4050064086914,85.14091491699219,140.43263244628906,7.589643937535584e-4,9.390643119812012,0.12981131766423382,-0.6980734441952653,-0.1419624334099874,0.7156780763462717,-0.843403783802896,BFA,0.3598,NA,NA,NA,119.4251231500677,NA,NA,0.7586223781385484,-0.6753819671354954
1,2010,DHS 2010,281,Mogtédo,BFA.11.1.4_1,Plateau-Central,mogtédo,670.9245181324453,274.9971923828125,274.77752685546875,118.59329223632813,118.8022918701172,161.51583862304688,0.00311078806407749,9.186012268066406,-0.7244256755546576,-0.46169611580998304,-0.12225757901887054,-0.4134192770574068,-0.26296227515065246,BFA,0.3598,NA,NA,NA,119.4251231500677,NA,NA,0.7586223781385484,-0.6753819671354954
2,2021,DHS 2021,281,Mogtédo,BFA.11.1.4_1,Plateau-Central,mogtédo,670.9245181324453,274.9971923828125,274.77752685546875,118.59329223632813,118.8022918701172,147.78152465820313,0.00720233051106333,9.394368171691896,-0.7244256755546576,-0.6156803065918086,-0.08808626201557226,0.7362318989150106,-0.26296227515065246,BFA,0.3598,NA,NA,NA,119.4251231500677,NA,NA,0.7586223781385484,-0.6753819671354954
1,2010,DHS 2010,282,Salogo,BFA.11.1.5_1,Plateau-Central,salogo,415.8477354093151,316.1619567871094,316.4237976074219,93.13549041748048,93.21317291259766,167.84408569335938,0,9.200610160827637,0.17567562082902313,-0.39074608461921034,-0.14833133318376757,-0.33287207734938423,-0.6951794670040297,BFA,0.302,NA,0.225,30692,73.80586062297573,6.5721627408993575,4670,0.06637264916949477,-1.0762259280882462
2,2021,DHS 2021,282,Salogo,BFA.11.1.5_1,Plateau-Central,salogo,415.8477354093151,316.1619567871094,316.4237976074219,93.13549041748048,93.21317291259766,140.57301330566406,0,9.408745765686035,0.17567562082902313,-0.6964995444659122,-0.14833133318376757,0.8155635499764856,-0.6951794670040297,BFA,0.302,NA,0.225,30692,73.80586062297573,6.5721627408993575,4670,0.06637264916949477,-1.0762259280882462
1,2010,DHS 2010,283,Zam,BFA.11.1.6_1,Plateau-Central,zam,762.1287884318868,293.94366455078125,293.8739013671875,109.09310913085938,108.97724151611328,167.2782440185547,0.00202856864780187,9.187631607055664,-0.31014554041787334,-0.3970900980609057,-0.13131925576231376,-0.40448420518805145,-0.4242543809324888,BFA,0.302,NA,0.225,62525,82.03993990129662,6.192433396058235,10097,0.2181971585559688,-1.0762259280882462
2,2021,DHS 2021,283,Zam,BFA.11.1.6_1,Plateau-Central,zam,762.1287884318868,293.94366455078125,293.8739013671875,109.09310913085938,108.97724151611328,142.04835510253906,0.00500311283394694,9.396071434020996,-0.31014554041787334,-0.6799585426146425,-0.10643616761751887,0.7456300369354182,-0.4242543809324888,BFA,0.302,NA,0.225,62525,82.03993990129662,6.192433396058235,10097,0.2181971585559688,-1.0762259280882462
1,2010,DHS 2010,284,Zorgho,BFA.11.1.7_1,Plateau-Central,zorgho,395.5791555903498,311.3246154785156,310.6300354003906,63.62947463989258,66.4621353149414,162.30966186523438,0.01914158090949058,9.171825408935549,0.0699031903068391,-0.45279605499260694,0.010838882611770146,-0.4916985050482863,-1.1961263819387205,BFA,0.302,NA,0.225,76431,193.21291053856666,5.340716931032073,14311,1.4534817418164656,-1.0762259280882462
2,2021,DHS 2021,284,Zorgho,BFA.11.1.7_1,Plateau-Central,zorgho,395.5791555903498,311.3246154785156,310.6300354003906,63.62947463989258,66.4621353149414,141.66793823242188,0.06978339701890945,9.378151893615724,0.0699031903068391,-0.6842236398051316,0.4179465629104444,0.6467548894529856,-1.1961263819387205,BFA,0.302,NA,0.225,76431,193.21291053856666,5.340716931032073,14311,1.4534817418164656,-1.0762259280882462
1,2010,DHS 2010,285,Zoungou,BFA.11.1.8_1,Plateau-Central,zoungou,345.2473760704462,290.0190734863281,289.9629211425781,109.04915618896484,111.80245208740234,161.32569885253906,0,9.124717712402344,-0.3959599391156425,-0.46382789456296863,-0.14833133318376757,-0.7516259550239597,-0.42500060471310147,BFA,0.302,NA,0.225,43047,124.6845102487222,6.06552064252501,7097,0.820771946876168,-1.0762259280882462
2,2021,DHS 2021,285,Zoungou,BFA.11.1.8_1,Plateau-Central,zoungou,345.2473760704462,290.0190734863281,289.9629211425781,109.04915618896484,111.80245208740234,134.40902709960938,3.319104143884033e-4,9.31968879699707,-0.3959599391156425,-0.7656079418972844,-0.14554549052869806,0.3241714319694124,-0.42500060471310147,BFA,0.302,NA,0.225,43047,124.6845102487222,6.06552064252501,7097,0.820771946876168,-1.0762259280882462
1,2010,DHS 2010,286,Boussé,BFA.11.2.1_1,Plateau-Central,boussé,456.02210316943393,319.6442565917969,319.6456604003906,117.9976043701172,118.03209686279295,150.27407836914065,0.00417395588010549,9.2162504196167,0.25181895880155086,-0.5877346904408006,-0.11336494044725688,-0.24657338556055758,-0.27307573815059616,BFA,0.3598,NA,NA,NA,119.4251231500677,NA,NA,0.7586223781385484,-0.6753819671354954
2,2021,DHS 2021,286,Boussé,BFA.11.2.1_1,Plateau-Central,boussé,456.02210316943393,319.6442565917969,319.6456604003906,117.9976043701172,118.03209686279295,146.45196533203125,0.00609850231558084,9.4350004196167,0.25181895880155086,-0.6305868477893569,-0.09729140665441756,0.9604295856439489,-0.27307573815059616,BFA,0.3598,NA,NA,NA,119.4251231500677,NA,NA,0.7586223781385484,-0.6753819671354954
1,2010,DHS 2010,287,Laye,BFA.11.2.2_1,Plateau-Central,laye,124.61058722992284,334.4768371582031,334.21917724609375,84.12306213378906,83.82763671875,168.9205780029297,0.00452963775023818,9.210243225097656,0.5761454839193302,-0.378676839835936,-0.1103920175893286,-0.27971945016896116,-0.8481905742581194,BFA,0.599,NA,0.225,16630,133.45575500190424,5.691307323750856,2922,0.9188526975979738,0.9834740096793484
2,2021,DHS 2021,287,Laye,BFA.11.2.2_1,Plateau-Central,laye,124.61058722992284,334.4768371582031,334.21917724609375,84.12306213378906,83.82763671875,161.23634338378906,0.00560954865068197,9.427492141723633,0.5761454839193302,-0.4648297159559133,-0.10137216167479375,0.9190009514699591,-0.8481905742581194,BFA,0.599,NA,0.225,16630,133.45575500190424,5.691307323750856,2922,0.9188526975979738,0.9834740096793484
1,2010,DHS 2010,288,Niou,BFA.11.2.3_1,Plateau-Central,niou,357.1024962255157,330.64984130859375,330.6486511230469,112.66039276123048,112.74188232421876,150.09426879882813,9.648663108237088e-4,9.2162504196167,0.49246508454532567,-0.5897506507028332,-0.14023542681694925,-0.24657338556055758,-0.3636897915686883,BFA,0.599,NA,0.225,35171,98.48993040303189,6.360036166365281,5530,0.4809679674956327,0.9834740096793484
2,2021,DHS 2021,288,Niou,BFA.11.2.3_1,Plateau-Central,niou,357.1024962255157,330.64984130859375,330.6486511230469,112.66039276123048,112.74188232421876,125.6386260986328,0.00698140729218721,9.434999465942385,0.49246508454532567,-0.8639385250210156,-0.089927797290192,0.9604243235286057,-0.3636897915686883,BFA,0.599,NA,0.225,35171,98.48993040303189,6.360036166365281,5530,0.4809679674956327,0.9834740096793484
1,2010,DHS 2010,289,Sourgoubila,BFA.11.2.4_1,Plateau-Central,sourgoubila,474.49696878008666,328.9722900390625,328.7410888671875,95.68489837646484,95.88996124267578,163.7323760986328,0,9.16348361968994,0.4557840517662931,-0.43684509446378694,-0.14833133318376757,-0.5377262280407978,-0.6518961561839619,BFA,0.599,NA,0.225,48654,102.5380628354435,6.115384615384615,7956,0.5389537902138339,0.9834740096793484
2,2021,DHS 2021,289,Sourgoubila,BFA.11.2.4_1,Plateau-Central,sourgoubila,474.49696878008666,328.9722900390625,328.7410888671875,95.68489837646484,95.88996124267578,155.18031311035156,2.6952041662298143e-4,9.372950553894045,0.4557840517662931,-0.5327277502802015,-0.14606908151136958,0.6180553123178478,-0.6518961561839619,BFA,0.599,NA,0.225,48654,102.5380628354435,6.115384615384615,7956,0.5389537902138339,0.9834740096793484
1,2010,DHS 2010,290,Toéghin,BFA.11.2.5_1,Plateau-Central,toéghin,190.04020238023125,320.9606018066406,321.4461669921875,134.8211669921875,134.61619567871094,146.4744415283203,0,9.2162504196167,0.28060192529037736,-0.6303348527566028,-0.14833133318376757,-0.24657338556055758,0.012551161030356334,BFA,0.3598,NA,NA,NA,119.4251231500677,NA,NA,0.7586223781385484,-0.6753819671354954
2,2021,DHS 2021,290,Toéghin,BFA.11.2.5_1,Plateau-Central,toéghin,190.04020238023125,320.9606018066406,321.4461669921875,134.8211669921875,134.61619567871094,135.73635864257813,7.992844330146909e-4,9.4350004196167,0.28060192529037736,-0.7507263778041368,-0.1416242202700546,0.9604295856439489,0.012551161030356334,BFA,0.3598,NA,NA,NA,119.4251231500677,NA,NA,0.7586223781385484,-0.6753819671354954
1,2010,DHS 2010,291,Absouya,BFA.11.3.1_1,Plateau-Central,absouya,306.12723158614506,299.43475341796875,300.3788757324219,150.0706329345703,149.51055908203125,151.3283233642578,0.0020809827838093,9.224003791809082,-0.1900783839689577,-0.5759148745494176,-0.13088015444814424,-0.20379238774085265,0.2714533786601879,BFA,0.298,NA,0.225,35237,115.10573501555417,6.832848555361644,5157,0.7055158172207869,-1.1039659945901668
2,2021,DHS 2021,291,Absouya,BFA.11.3.1_1,Plateau-Central,absouya,306.12723158614506,299.43475341796875,300.3788757324219,150.0706329345703,149.51055908203125,133.69223022460938,0,9.432148933410645,-0.1900783839689577,-0.7736444107762068,-0.14833133318376757,0.9446958607385469,0.2714533786601879,BFA,0.298,NA,0.225,35237,115.10573501555417,6.832848555361644,5157,0.7055158172207869,-1.1039659945901668
1,2010,DHS 2010,292,Dapélogo,BFA.11.3.2_1,Plateau-Central,dapélogo,438.332689952842,306.73651123046875,307.1087951660156,115.1287078857422,115.34341430664064,142.22744750976565,0.00343552883714437,9.219667434692385,-0.03041946770840734,-0.6779506229273143,-0.11954035529084071,-0.22771922625083033,-0.3217832577949893,BFA,0.3598,NA,NA,NA,119.4251231500677,NA,NA,0.7586223781385484,-0.6753819671354954
2,2021,DHS 2021,292,Dapélogo,BFA.11.3.2_1,Plateau-Central,dapélogo,438.332689952842,306.73651123046875,307.1087951660156,115.1287078857422,115.34341430664064,147.03173828125,0.00150878063868731,9.436039924621582,-0.03041946770840734,-0.624086641907129,-0.13567504228588478,0.9661652913786941,-0.3217832577949893,BFA,0.3598,NA,NA,NA,119.4251231500677,NA,NA,0.7586223781385484,-0.6753819671354954
1,2010,DHS 2010,293,Loumbila,BFA.11.3.3_1,Plateau-Central,loumbila,177.6924557203717,291.50726318359375,292.0929260253906,84.27861022949219,91.60731506347656,142.76333618164065,0.0176723413169384,9.224719047546388,-0.363419452241538,-0.6719424317865668,-0.0012720923666672455,-0.1998458012261099,-0.8455497114844462,BFA,0.298,NA,0.225,36465,205.21411475895002,5.094300083822297,7158,1.540657755140522,-1.1039659945901668
2,2021,DHS 2021,293,Loumbila,BFA.11.3.3_1,Plateau-Central,loumbila,177.6924557203717,291.50726318359375,292.0929260253906,84.27861022949219,91.60731506347656,153.75003051757813,0.07061068713665009,9.433260917663574,-0.363419452241538,-0.5487635645335606,0.4244359230910227,0.9508314872401185,-0.8455497114844462,BFA,0.298,NA,0.225,36465,205.21411475895002,5.094300083822297,7158,1.540657755140522,-1.1039659945901668
1,2010,DHS 2010,294,Nagreongo,BFA.11.3.4_1,Plateau-Central,nagreongo,499.1623758580415,282.37945556640625,281.9148864746094,121.06273651123048,120.54254150390624,162.0561065673828,0.01767315343022346,9.201085090637209,-0.5630064434041475,-0.455638825840722,-0.001265393270100385,-0.3302515439035918,-0.22103657089968698,BFA,0.298,NA,0.225,35451,71.02097777113319,5.41319285387082,6549,0.011213311469778334,-1.1039659945901668
2,2021,DHS 2021,294,Nagreongo,BFA.11.3.4_1,Plateau-Central,nagreongo,499.1623758580415,282.37945556640625,281.9148864746094,121.06273651123048,120.54254150390624,146.2230224609375,0.01712897792458534,9.408799171447754,-0.5630064434041475,-0.6331536729566626,-0.005755478443548825,0.8158582284362523,-0.22103657089968698,BFA,0.298,NA,0.225,35451,71.02097777113319,5.41319285387082,6549,0.011213311469778334,-1.1039659945901668
1,2010,DHS 2010,295,Ourgou-Manega,BFA.11.3.5_1,Plateau-Central,ourgou manega,441.4256044195472,315.3921813964844,315.4552001953125,133.3942413330078,131.4920196533203,141.79800415039065,0,9.223666191101074,0.15884385130349432,-0.6827653874906742,-0.14833133318376757,-0.2056551765758066,-0.011674881963566653,BFA,0.298,NA,0.225,24030,54.437259097369896,6.22216468151217,3862,-0.36928116708116476,-1.1039659945901668
2,2021,DHS 2021,295,Ourgou-Manega,BFA.11.3.5_1,Plateau-Central,ourgou manega,441.4256044195472,315.3921813964844,315.4552001953125,133.3942413330078,131.4920196533203,136.32916259765625,0,9.437256813049316,0.15884385130349432,-0.7440800729687711,-0.14833133318376757,0.972879750569093,-0.011674881963566653,BFA,0.298,NA,0.225,24030,54.437259097369896,6.22216468151217,3862,-0.36928116708116476,-1.1039659945901668
1,2010,DHS 2010,296,Ziniare,BFA.11.3.6_1,Plateau-Central,ziniare,527.9940292697812,296.7344665527344,296.2093505859375,109.99321746826172,110.9947280883789,147.7399139404297,0.06626679003238678,9.230579376220703,-0.24912236838567847,-0.6161468310007158,0.3903057674029727,-0.1675101023820746,-0.4089725313555223,BFA,0.298,NA,0.225,88316,167.26704300452326,5.099959577293989,17317,1.244987995969982,-1.1039659945901668
2,2021,DHS 2021,296,Ziniare,BFA.11.3.6_1,Plateau-Central,ziniare,527.9940292697812,296.7344665527344,296.2093505859375,109.99321746826172,110.9947280883789,141.0681915283203,0.09078865498304368,9.43932819366455,-0.24912236838567847,-0.6909477842466771,0.5811805964975132,0.9843090651157596,-0.4089725313555223,BFA,0.298,NA,0.225,88316,167.26704300452326,5.099959577293989,17317,1.244987995969982,-1.1039659945901668
1,2010,DHS 2010,297,Zitenga,BFA.11.3.7_1,Plateau-Central,zitenga,461.35153018666375,306.56683349609375,307.00384521484375,131.6266326904297,132.761474609375,134.71707153320313,0.00307618454098701,9.23062515258789,-0.03412961037261365,-0.7621542584476998,-0.12254717109559564,-0.16725752084513168,-0.04168496882131168,BFA,0.298,NA,0.225,50162,108.72837027267332,6.082454225779071,8247,0.6233799812996847,-1.1039659945901668
2,2021,DHS 2021,297,Zitenga,BFA.11.3.7_1,Plateau-Central,zitenga,461.35153018666375,306.56683349609375,307.00384521484375,131.6266326904297,132.761474609375,130.75531005859375,0.0076251495629549,9.439374923706056,-0.03412961037261365,-0.8065721038748469,-0.0845629228439421,0.9845669087680653,-0.04168496882131168,BFA,0.298,NA,0.225,50162,108.72837027267332,6.082454225779071,8247,0.6233799812996847,-1.1039659945901668
1,2010,DHS 2010,298,Deou,BFA.12.1.1_1,Sahel,deou,2210.9288666981915,302.6543884277344,301.8027038574219,241.23670959472656,246.02615356445313,144.41580200195313,0,9.585795402526855,-0.11967842691564286,-0.6534155790593918,-0.14833133318376757,1.7924752652567095,1.8192518070842045,BFA,0.37200000000000005,NA,0.125,31431,14.216196854374225,3.735559781316853,8414,-2.2490201439636226,-0.5907747643046376
2,2021,DHS 2021,298,Deou,BFA.12.1.1_1,Sahel,deou,2210.9288666981915,302.6543884277344,301.8027038574219,241.23670959472656,246.02615356445313,53.00809860229492,0,9.642995834350586,-0.11967842691564286,-1.6782458891317178,-0.14833133318376757,2.108091682012931,1.8192518070842045,BFA,0.37200000000000005,NA,0.125,31431,14.216196854374225,3.735559781316853,8414,-2.2490201439636226,-0.5907747643046376
1,2010,DHS 2010,299,Gorom-Gorom,BFA.12.1.2_1,Sahel,gorom gorom,3317.0412312295693,284.1282958984375,284.120361328125,107.7294692993164,108.3976593017578,102.18106079101564,0.01888960413634777,9.493908882141112,-0.5247666168726715,-1.126936314415613,0.00876307332560612,1.285470450997343,-0.447405970487741,BFA,0.37200000000000005,NA,0.125,72454,21.842960321944073,3.16475932558749,22894,-1.658324674471679,-0.5907747643046376
2,2021,DHS 2021,299,Gorom-Gorom,BFA.12.1.2_1,Sahel,gorom gorom,3317.0412312295693,284.1282958984375,284.120361328125,107.7294692993164,108.3976593017578,43.524227142333984,0.03489312902092934,9.605005264282228,-0.5247666168726715,-1.7845756465538278,0.13959318277652263,1.8984700548117397,-0.447405970487741,BFA,0.37200000000000005,NA,0.125,72454,21.842960321944073,3.16475932558749,22894,-1.658324674471679,-0.5907747643046376
1,2010,DHS 2010,300,Markoye,BFA.12.1.3_1,Sahel,markoye,1503.122950781294,272.30682373046875,272.046142578125,133.1593017578125,133.76385498046875,91.45148468017578,0,9.43887424468994,-0.7832527901214024,-1.2472324645610695,-0.14833133318376757,0.9818042982077326,-0.015663636537457816,BFA,0.37200000000000005,NA,0.125,28486,18.95121086747663,3.7640063424947146,7568,-1.8551150465371855,-0.5907747643046376
2,2021,DHS 2021,300,Markoye,BFA.12.1.3_1,Sahel,markoye,1503.122950781294,272.30682373046875,272.046142578125,133.1593017578125,133.76385498046875,39.18056106567383,0,9.604735374450684,-0.7832527901214024,-1.833275269087074,-0.14833133318376757,1.8969808761668374,-0.015663636537457816,BFA,0.37200000000000005,NA,0.125,28486,18.95121086747663,3.7640063424947146,7568,-1.8551150465371855,-0.5907747643046376
1,2010,DHS 2010,301,Oursi,BFA.12.1.4_1,Sahel,oursi,612.842894843462,300.6483154296875,300.5713195800781,151.15292358398438,151.9703826904297,130.3262481689453,0,9.476678848266602,-0.1635428564177296,-0.8113825915367683,-0.14833133318376757,1.190399812915113,0.2898282811198571,BFA,0.37200000000000005,NA,0.125,17004,27.7460996008501,4.222498137571393,4027,-1.3241317997735735,-0.5907747643046376
2,2021,DHS 2021,301,Oursi,BFA.12.1.4_1,Sahel,oursi,612.842894843462,300.6483154296875,300.5713195800781,151.15292358398438,151.9703826904297,47.471961975097656,0,9.632640838623049,-0.1635428564177296,-1.740315062792573,-0.14833133318376757,2.050955633510314,0.2898282811198571,BFA,0.37200000000000005,NA,0.125,17004,27.7460996008501,4.222498137571393,4027,-1.3241317997735735,-0.5907747643046376
1,2010,DHS 2010,302,Tin-Akoff,BFA.12.1.5_1,Sahel,tin akoff,2392.478041112099,264.8999938964844,264.3571472167969,228.20803833007813,229.54493713378903,132.22677612304688,0,9.506098747253418,-0.945209192208007,-0.7900745553421917,-0.14833133318376757,1.3527308094391077,1.5980537732689646,BFA,0.37200000000000005,NA,0.125,8831,3.691151955524354,3.130450194966324,2821,-3.9598021990287866,-0.5907747643046376
2,2021,DHS 2021,302,Tin-Akoff,BFA.12.1.5_1,Sahel,tin akoff,2392.478041112099,264.8999938964844,264.3571472167969,228.20803833007813,229.54493713378903,49.44445037841797,0,9.640223503112791,-0.945209192208007,-1.7182002319106455,-0.14833133318376757,2.0927947126818163,1.5980537732689646,BFA,0.37200000000000005,NA,0.125,8831,3.691151955524354,3.130450194966324,2821,-3.9598021990287866,-0.5907747643046376
1,2010,DHS 2010,303,Bani,BFA.12.2.1_1,Sahel,bani,1614.3175416754025,295.8835754394531,295.98297119140625,139.6125030517578,140.6243133544922,121.8022689819336,7.040493655949831e-4,9.376774787902832,-0.2677277996380886,-0.9069503818692835,-0.1424230943666419,0.6391563948832767,0.09389745446249863,BFA,0.41,NA,0.125,88913,55.07776363981189,4.52138316806509,19665,-0.35257952838783546,-0.32724413253639373
2,2021,DHS 2021,303,Bani,BFA.12.2.1_1,Sahel,bani,1614.3175416754025,295.8835754394531,295.98297119140625,139.6125030517578,140.6243133544922,61.96094512939453,3.41287930496037e-4,9.557960510253906,-0.2677277996380886,-1.5778697923570149,-0.14546679511406813,1.6388899044493628,0.09389745446249863,BFA,0.41,NA,0.125,88913,55.07776363981189,4.52138316806509,19665,-0.35257952838783546,-0.32724413253639373
1,2010,DHS 2010,304,Dori,BFA.12.2.2_1,Sahel,dori,2495.4037215338594,288.9532165527344,289.0120849609375,70.86702728271484,71.31781005859375,113.9668197631836,0.00987094547599554,9.434355735778809,-0.4192657741318421,-0.9947986217194661,-0.06587351561540208,0.9568723956653363,-1.0732487391072143,BFA,0.41,NA,0.125,180559,72.35662848535591,4.505077471992815,40079,0.03792941260090979,-0.32724413253639373
2,2021,DHS 2021,304,Dori,BFA.12.2.2_1,Sahel,dori,2495.4037215338594,288.9532165527344,289.0120849609375,70.86702728271484,71.31781005859375,55.92877578735352,0.01484956871718168,9.575855255126951,-0.4192657741318421,-1.6455003064963274,-0.02458941596240057,1.737628236932618,-1.0732487391072143,BFA,0.41,NA,0.125,180559,72.35662848535591,4.505077471992815,40079,0.03792941260090979,-0.32724413253639373
1,2010,DHS 2010,305,Falagountou,BFA.12.2.3_1,Sahel,falagountou,560.4923908646086,275.40362548828125,275.3240051269531,90.39192199707033,90.28971099853516,86.75960540771484,0,9.348750114440918,-0.7155386827485606,-1.2998361282653699,-0.14833133318376757,0.4845238731206877,-0.7417591932021245,BFA,0.41,NA,0.125,33890,60.46469238899337,4.842812232066304,6998,-0.21922238718929157,-0.32724413253639373
2,2021,DHS 2021,305,Falagountou,BFA.12.2.3_1,Sahel,falagountou,560.4923908646086,275.40362548828125,275.3240051269531,90.39192199707033,90.28971099853516,39.94663619995117,0.00134088669437915,9.565000534057615,-0.7155386827485606,-1.8246863100803314,-0.1370824646371412,1.677734839985031,-0.7417591932021245,BFA,0.41,NA,0.125,33890,60.46469238899337,4.842812232066304,6998,-0.21922238718929157,-0.32724413253639373
1,2010,DHS 2010,306,Gorgadji,BFA.12.2.4_1,Sahel,gorgadji,936.654366713216,295.33160400390625,295.3324279785156,115.07906341552734,114.84156799316406,102.8624496459961,0,9.419869422912598,-0.2797971072581425,-1.1192968275282085,-0.14833133318376757,0.8769408634536121,-0.3226261111434441,BFA,0.41,NA,0.125,34005,36.30474720288324,5.650548354935195,6018,-0.9452177466678399,-0.32724413253639373
2,2021,DHS 2021,306,Gorgadji,BFA.12.2.4_1,Sahel,gorgadji,936.654366713216,295.33160400390625,295.3324279785156,115.07906341552734,114.84156799316406,55.56640625,0,9.572117805480955,-0.2797971072581425,-1.649563063479763,-0.14833133318376757,1.7170060068643,-0.3226261111434441,BFA,0.41,NA,0.125,34005,36.30474720288324,5.650548354935195,6018,-0.9452177466678399,-0.32724413253639373
1,2010,DHS 2010,307,Sampelga,BFA.12.2.5_1,Sahel,sampelga,540.3880523242356,295.70849609375,295.2416687011719,91.8681411743164,92.6725616455078,113.32855224609376,0,9.397236824035645,-0.27155605295905116,-1.001954647668267,-0.14833133318376757,0.7520603418967563,-0.71669625525133,BFA,0.41,NA,0.125,20940,38.74993147967656,4.113948919449902,5090,-0.8529130301563393,-0.32724413253639373
2,2021,DHS 2021,307,Sampelga,BFA.12.2.5_1,Sahel,sampelga,540.3880523242356,295.70849609375,295.2416687011719,91.8681411743164,92.6725616455078,59.93766784667969,0,9.566217422485352,-0.27155605295905116,-1.6005540498964588,-0.14833133318376757,1.6844492991754398,-0.71669625525133,BFA,0.41,NA,0.125,20940,38.74993147967656,4.113948919449902,5090,-0.8529130301563393,-0.32724413253639373
1,2010,DHS 2010,308,Seytenga,BFA.12.2.6_1,Sahel,seytenga,881.8063204070403,287.4111022949219,287.4425964355469,145.52304077148438,144.7818145751953,105.28612518310548,0,9.371994972229004,-0.45298536569797043,-1.0921234487009288,-0.14833133318376757,0.6127826727341549,0.19424531771251255,BFA,0.41,NA,0.125,46409,52.62947081007277,4.653931006819094,9972,-0.4174826638459842,-0.32724413253639373
2,2021,DHS 2021,308,Seytenga,BFA.12.2.6_1,Sahel,seytenga,881.8063204070403,287.4111022949219,287.4425964355469,145.52304077148438,144.7818145751953,53.547977447509766,0,9.565492630004885,-0.45298536569797043,-1.672192961601924,-0.14833133318376757,1.680450091507187,0.19424531771251255,BFA,0.41,NA,0.125,46409,52.62947081007277,4.653931006819094,9972,-0.4174826638459842,-0.32724413253639373
1,2010,DHS 2010,309,Aribinda,BFA.12.3.1_1,Sahel,aribinda,2543.0379685236526,315.595947265625,315.68487548828125,127.43319702148438,127.5615234375,125.37718200683594,4.717851334135048e-5,9.384483337402344,0.1632993589597723,-0.8668697421908779,-0.14793529070068537,0.6816900732813918,-0.11288023548048838,BFA,0.44776,NA,NA,NA,33.25262926127667,NA,NA,-1.0693189367455003,-0.06537790475826441
2,2021,DHS 2021,309,Aribinda,BFA.12.3.1_1,Sahel,aribinda,2543.0379685236526,315.595947265625,315.68487548828125,127.43319702148438,127.5615234375,54.87588119506836,1.8865891615860164e-4,9.58780288696289,0.1632993589597723,-1.6573049821566186,-0.14674773812037642,1.8035520180747264,-0.11288023548048838,BFA,0.44776,NA,NA,NA,33.25262926127667,NA,NA,-1.0693189367455003,-0.06537790475826441
1,2010,DHS 2010,310,Baraboule,BFA.12.3.2_1,Sahel,baraboule,898.6015541362575,314.4568176269531,314.7033386230469,146.43460083007813,146.32701110839844,144.76512145996094,0,9.310818672180176,0.13839135622113397,-0.649499134874166,-0.14833133318376757,0.2752284970713711,0.20972159219742897,BFA,0.596,NA,0.125,26465,29.451317859602806,5.413172427899366,4889,-1.240347460506309,0.962668959802908
2,2021,DHS 2021,310,Baraboule,BFA.12.3.2_1,Sahel,baraboule,898.6015541362575,314.4568176269531,314.7033386230469,146.43460083007813,146.32701110839844,92.5464859008789,0,9.665197372436523,0.13839135622113397,-1.234955704520001,-0.14833133318376757,2.230593727430241,0.20972159219742897,BFA,0.596,NA,0.125,26465,29.451317859602806,5.413172427899366,4889,-1.240347460506309,0.962668959802908
1,2010,DHS 2010,311,Diguel,BFA.12.3.3_1,Sahel,diguel,570.9917351130948,302.0187072753906,300.3954162597656,165.50782775878906,166.41769409179688,166.7106170654297,0,9.309999465942385,-0.13357811606949493,-0.403454127401333,-0.14833133318376757,0.27070833998317345,0.5335428176657799,BFA,0.596,NA,0.125,7372,12.910869889456189,4.244099021301094,1737,-2.3794205746949166,0.962668959802908
2,2021,DHS 2021,311,Diguel,BFA.12.3.3_1,Sahel,diguel,570.9917351130948,302.0187072753906,300.3954162597656,165.50782775878906,166.41769409179688,101.03709411621094,0,9.666250228881836,-0.13357811606949493,-1.1397620575253222,-0.14833133318376757,2.236403102779928,0.5335428176657799,BFA,0.596,NA,0.125,7372,12.910869889456189,4.244099021301094,1737,-2.3794205746949166,0.962668959802908
1,2010,DHS 2010,312,Djibo,BFA.12.3.4_1,Sahel,djibo,1023.9565612236664,302.40863037109375,302.52996826171875,116.28911590576172,118.71246337890624,138.6533660888672,0.00856463145464658,9.319657325744627,-0.1250521281521273,-0.7180219389605843,-0.0767395361122155,0.3239977821627543,-0.3020820950871528,BFA,0.596,NA,0.125,83211,81.26418946967803,5.149514202611548,16159,0.20455110777065438,0.962668959802908
2,2021,DHS 2021,312,Djibo,BFA.12.3.4_1,Sahel,djibo,1023.9565612236664,302.40863037109375,302.52996826171875,116.28911590576172,118.71246337890624,77.629730224609375,0.00959311984479427,9.64500331878662,-0.1250521281521273,-1.4021970066906186,-0.06818331332375788,2.1191684348309385,-0.3020820950871528,BFA,0.596,NA,0.125,83211,81.26418946967803,5.149514202611548,16159,0.20455110777065438,0.962668959802908
1,2010,DHS 2010,313,Kelbo,BFA.12.3.5_1,Sahel,kelbo,504.0706792283256,310.7644958496094,310.99224853515625,232.86187744140625,233.79763793945313,127.72555541992188,0,9.308124542236328,0.057655715763881774,-0.8405406237075503,-0.14833133318376757,0.2603630211992104,1.6770656725031896,BFA,0.596,NA,0.125,33360,66.1811951670554,6.8670234664470975,4858,-0.08992609411054342,0.962668959802908
2,2021,DHS 2021,313,Kelbo,BFA.12.3.5_1,Sahel,kelbo,504.0706792283256,310.7644958496094,310.99224853515625,232.86187744140625,233.79763793945313,69.18220520019531,0,9.529375076293944,0.057655715763881774,-1.496907620436838,-0.14833133318376757,1.4811632588592134,1.6770656725031896,BFA,0.596,NA,0.125,33360,66.1811951670554,6.8670234664470975,4858,-0.08992609411054342,0.962668959802908
1,2010,DHS 2010,314,Koutougou,BFA.12.3.6_1,Sahel,koutougou,1428.3934338268646,297.83843994140625,296.617431640625,263.24774169921875,270.9014587402344,148.7481689453125,5.2022507588844746e-5,9.500792503356934,-0.2249830858537246,-0.604842638346753,-0.14789462859678754,1.3234523996151424,2.192950469431195,BFA,0.596,NA,0.125,26713,18.701430129395206,5.467253376995497,4886,-1.8734322024730221,0.962668959802908
2,2021,DHS 2021,314,Koutougou,BFA.12.3.6_1,Sahel,koutougou,1428.3934338268646,297.83843994140625,296.617431640625,263.24774169921875,270.9014587402344,57.90810775756836,0,9.645512580871582,-0.2249830858537246,-1.623308748002594,-0.14833133318376757,2.121978404429438,2.192950469431195,BFA,0.596,NA,0.125,26713,18.701430129395206,5.467253376995497,4886,-1.8734322024730221,0.962668959802908
1,2010,DHS 2010,315,Nassoumbou,BFA.12.3.7_1,Sahel,nassoumbou,2149.0036021360806,293.7308044433594,291.8774108886719,265.8089904785156,277.9265441894531,156.36163330078125,0,9.417473793029783,-0.31479990104428324,-0.5194832129816386,-0.14833133318376757,0.8637224296869235,2.236434811202055,BFA,0.596,NA,0.125,18013,8.382024107402762,4.6104427949833635,3907,-2.9520766927712807,0.962668959802908
2,2021,DHS 2021,315,Nassoumbou,BFA.12.3.7_1,Sahel,nassoumbou,2149.0036021360806,293.7308044433594,291.8774108886719,265.8089904785156,277.9265441894531,74.31139373779297,0,9.665913581848145,-0.31479990104428324,-1.4394010024615165,-0.14833133318376757,2.2345455760603272,2.236434811202055,BFA,0.596,NA,0.125,18013,8.382024107402762,4.6104427949833635,3907,-2.9520766927712807,0.962668959802908
1,2010,DHS 2010,316,Pobe-Mengao,BFA.12.3.8_1,Sahel,pobe mengao,548.372535283276,339.1826171875,339.54229736328125,88.52239990234375,89.06190490722656,126.07327270507813,0,9.290998458862305,0.679041219293062,-0.8590654235220351,-0.14833133318376757,0.1658659536904452,-0.7734995451633977,BFA,0.596,NA,0.125,18312,33.39335729230215,5.584629460201281,3279,-1.0633577662872207,0.962668959802908
2,2021,DHS 2021,316,Pobe-Mengao,BFA.12.3.8_1,Sahel,pobe mengao,548.372535283276,339.1826171875,339.54229736328125,88.52239990234375,89.06190490722656,73.38895416259766,0,9.519420623779297,0.679041219293062,-1.4497430633678836,-0.14833133318376757,1.4262372988048468,-0.7734995451633977,BFA,0.596,NA,0.125,18312,33.39335729230215,5.584629460201281,3279,-1.0633577662872207,0.962668959802908
1,2010,DHS 2010,317,Tongomayel,BFA.12.3.9_1,Sahel,tongomayel,3003.5271094747395,313.0535583496094,312.9039001464844,171.9121856689453,171.36048889160156,130.27000427246094,0.01501392386853695,9.366042137145996,0.10770794255467087,-0.8120131778848547,-0.0232299940933131,0.579936548700871,0.6422746559937207,BFA,0.596,NA,0.125,51768,17.23573589087839,5.260441012092267,9841,-1.985830618219119,0.962668959802908
2,2021,DHS 2021,317,Tongomayel,BFA.12.3.9_1,Sahel,tongomayel,3003.5271094747395,313.0535583496094,312.9039001464844,171.9121856689453,171.36048889160156,65.60831451416016,0.00103683990892022,9.58337116241455,0.10770794255467087,-1.5369767980193882,-0.13963183056451592,1.7790989680294413,0.6422746559937207,BFA,0.596,NA,0.125,51768,17.23573589087839,5.260441012092267,9841,-1.985830618219119,0.962668959802908
1,2010,DHS 2010,318,Boundore,BFA.12.4.1_1,Sahel,boundore,959.1413167439129,259.2153015136719,258.5187683105469,238.4527130126953,233.875244140625,120.75374603271484,0,9.401211738586426,-1.0695096481284558,-0.91870604423909,-0.14833133318376757,0.7739928386879654,1.771985700081828,BFA,0.35100000000000003,NA,0.125,15918,16.596094571380085,4.900862068965517,3248,-2.037743976645368,-0.7364101134397202
2,2021,DHS 2021,318,Boundore,BFA.12.4.1_1,Sahel,boundore,959.1413167439129,259.2153015136719,258.5187683105469,238.4527130126953,233.875244140625,61.40312194824219,0,9.549826622009276,-1.0695096481284558,-1.5841239053304736,-0.14833133318376757,1.5940093226038101,1.771985700081828,BFA,0.35100000000000003,NA,0.125,15918,16.596094571380085,4.900862068965517,3248,-2.037743976645368,-0.7364101134397202
1,2010,DHS 2010,319,Mansila,BFA.12.4.2_1,Sahel,mansila,1430.2138051845172,265.8380432128906,265.6543273925781,229.205078125,228.9303436279297,142.3092498779297,0,9.36882781982422,-0.9246979754431917,-0.6770334841828515,-0.14833133318376757,0.5953071876469272,1.6149813046950343,BFA,0.35100000000000003,NA,0.125,25065,17.525351740515656,4.900293255131965,5115,-1.9629214969781912,-0.7364101134397202
2,2021,DHS 2021,319,Mansila,BFA.12.4.2_1,Sahel,mansila,1430.2138051845172,265.8380432128906,265.6543273925781,229.205078125,228.9303436279297,74.636505126953125,0,9.532176971435549,-0.9246979754431917,-1.4357559704415752,-0.14833133318376757,1.49662335376628,1.6149813046950343,BFA,0.35100000000000003,NA,0.125,25065,17.525351740515656,4.900293255131965,5115,-1.9629214969781912,-0.7364101134397202
1,2010,DHS 2010,320,Sebba,BFA.12.4.3_1,Sahel,sebba,1076.0363712947242,259.2510986328125,259.3826599121094,121.96717834472656,122.0295639038086,130.24192810058594,0,9.369413375854492,-1.0687269147930039,-0.8123279578307253,-0.14833133318376757,0.5985381264736455,-0.20568114813969907,BFA,0.35100000000000003,NA,0.125,34881,32.416190502956674,4.411407613507019,7907,-1.1052634939844406,-0.7364101134397202
2,2021,DHS 2021,320,Sebba,BFA.12.4.3_1,Sahel,sebba,1076.0363712947242,259.2510986328125,259.3826599121094,121.96717834472656,122.0295639038086,78.10459899902344,7.905805832706392e-4,9.53974151611328,-1.0687269147930039,-1.396872948703967,-0.14169722887586916,1.538362452746076,-0.20568114813969907,BFA,0.35100000000000003,NA,0.125,34881,32.416190502956674,4.411407613507019,7907,-1.1052634939844406,-0.7364101134397202
1,2010,DHS 2010,321,Solhan,BFA.12.4.4_1,Sahel,solhan,1343.3100973760922,274.76885986328125,274.9451904296875,179.73683166503906,180.9150848388672,138.39418029785156,0,9.314767837524414,-0.7294183531470303,-0.720927836873931,-0.14833133318376757,0.2970189167480498,0.7751198459965195,BFA,0.35100000000000003,NA,0.125,35975,26.780860257263388,4.958649207443143,7255,-1.3737895539821599,-0.7364101134397202
2,2021,DHS 2021,321,Solhan,BFA.12.4.4_1,Sahel,solhan,1343.3100973760922,274.76885986328125,274.9451904296875,179.73683166503906,180.9150848388672,76.74262237548828,0,9.507403373718262,-0.7294183531470303,-1.4121429409857555,-0.14833133318376757,1.3599293832419808,0.7751198459965195,BFA,0.35100000000000003,NA,0.125,35975,26.780860257263388,4.958649207443143,7255,-1.3737895539821599,-0.7364101134397202
1,2010,DHS 2010,322,Tankougounadie,BFA.12.4.5_1,Sahel,tankougounadie,870.659897412647,272.9712829589844,272.6664733886719,150.22598266601565,148.77716064453125,122.38455200195313,0,9.348273277282717,-0.7687238447566965,-0.9004220339755905,-0.14833133318376757,0.48189281544420887,0.2740908736473148,BFA,0.35100000000000003,NA,0.125,21894,25.14644359417808,5.0169569202566455,4364,-1.461945695525233,-0.7364101134397202
2,2021,DHS 2021,322,Tankougounadie,BFA.12.4.5_1,Sahel,tankougounadie,870.659897412647,272.9712829589844,272.6664733886719,150.22598266601565,148.77716064453125,75.3773193359375,0,9.554534912109377,-0.7687238447566965,-1.4274502278480874,-0.14833133318376757,1.6199883861014783,0.2740908736473148,BFA,0.35100000000000003,NA,0.125,21894,25.14644359417808,5.0169569202566455,4364,-1.461945695525233,-0.7364101134397202
1,2010,DHS 2010,323,Titabe,BFA.12.4.6_1,Sahel,titabe,874.3916770825571,277.0592041015625,277.0616149902344,109.8117218017578,109.19239807128906,110.48739624023438,0,9.382210731506348,-0.6793381000987058,-1.0338086674297964,-0.14833133318376757,0.669150452395247,-0.4120539265155634,BFA,0.35100000000000003,NA,0.125,37861,43.29981745288879,5.07112242164479,7466,-0.6953500002058891,-0.7364101134397202
2,2021,DHS 2021,323,Titabe,BFA.12.4.6_1,Sahel,titabe,874.3916770825571,277.0592041015625,277.0616149902344,109.8117218017578,109.19239807128906,61.41796875,0,9.564377784729004,-0.6793381000987058,-1.5839574483264889,-0.14833133318376757,1.6742986786595466,-0.4120539265155634,BFA,0.35100000000000003,NA,0.125,37861,43.29981745288879,5.07112242164479,7466,-0.6953500002058891,-0.7364101134397202
1,2010,DHS 2010,324,Bondigui,BFA.13.1.1_1,Sud-Ouest,bondigui,768.132243414396,302.1471862792969,302.9013671875,165.6325225830078,165.2732391357422,381.15179443359375,0,9.073110580444336,-0.130768817397497,2.000783263112867,-0.14833133318376757,-1.03638006523497,0.5356598601011789,BFA,0.305,NA,0.218,29523,38.43478808905145,5.118411927877947,5768,-0.8644857272235166,-1.055420878211806
2,2021,DHS 2021,324,Bondigui,BFA.13.1.1_1,Sud-Ouest,bondigui,768.132243414396,302.1471862792969,302.9013671875,165.6325225830078,165.2732391357422,339.1445617675781,4.0876917773857713e-4,9.3203277587890625,-0.130768817397497,1.5298132717745427,-0.14490051928247774,0.32769704925590715,0.5356598601011789,BFA,0.305,NA,0.218,29523,38.43478808905145,5.118411927877947,5768,-0.8644857272235166,-1.055420878211806
1,2010,DHS 2010,325,Diebougou,BFA.13.1.2_1,Sud-Ouest,diebougou,569.1214109021302,283.8391418457031,283.2742919921875,154.16973876953125,154.49461364746094,352.2686767578125,0.03871995583176613,9.105607986450195,-0.531089207114282,1.676956131015409,0.17057802861423185,-0.8570682224669175,0.3410471332861247,BFA,0.305,NA,0.218,63304,111.23109900162616,4.648212056685513,13619,0.6561686647721046,-1.055420878211806
2,2021,DHS 2021,325,Diebougou,BFA.13.1.2_1,Sud-Ouest,diebougou,569.1214109021302,283.8391418457031,283.2742919921875,154.16973876953125,154.49461364746094,335.18157958984375,0.04790742322802543,9.319921493530272,-0.531089207114282,1.4853817402627927,0.24450305347095172,0.32545538811552904,0.3410471332861247,BFA,0.305,NA,0.218,63304,111.23109900162616,4.648212056685513,13619,0.6561686647721046,-1.055420878211806
1,2010,DHS 2010,326,Dolo,BFA.13.1.3_1,Sud-Ouest,dolo,207.43092173567288,301.4133605957031,301.87066650390625,167.75338745117188,166.26425170898438,376.3805236816406,0,9.1068754196167,-0.14681451712834323,1.9472894906811944,-0.14833133318376757,-0.8500748711628108,0.5716674566777104,BFA,0.305,NA,0.218,10794,52.03660047249216,4.9423076923076925,2184,-0.4336449714062686,-1.055420878211806
2,2021,DHS 2021,326,Dolo,BFA.13.1.3_1,Sud-Ouest,dolo,207.43092173567288,301.4133605957031,301.87066650390625,167.75338745117188,166.26425170898438,355.3292541503906,0,9.32062530517578,-0.14681451712834323,1.71127022448434,-0.14833133318376757,0.3293388292460262,0.5716674566777104,BFA,0.305,NA,0.218,10794,52.03660047249216,4.9423076923076925,2184,-0.4336449714062686,-1.055420878211806
1,2010,DHS 2010,327,Gueguere,BFA.13.1.4_1,Sud-Ouest,gueguere,642.7151095118846,296.9902038574219,297.0993347167969,189.3990936279297,190.12005615234375,334.14263916015625,0,9.101354598999023,-0.24353046271552578,1.4737335136571204,-0.14833133318376757,-0.880537256941196,0.9391636924475688,BFA,0.462,NA,0.218,46988,73.10859711340134,4.766000608580992,9859,0.052757302028070524,0.03337673198857267
2,2021,DHS 2021,327,Gueguere,BFA.13.1.4_1,Sud-Ouest,gueguere,642.7151095118846,296.9902038574219,297.0993347167969,189.3990936279297,190.12005615234375,296.9786376953125,0.00292627746239304,9.31755828857422,-0.24353046271552578,1.0570640894378196,-0.12380183800228638,0.31241586627087103,0.9391636924475688,BFA,0.462,NA,0.218,46988,73.10859711340134,4.766000608580992,9859,0.052757302028070524,0.03337673198857267
1,2010,DHS 2010,328,Iolonioro,BFA.13.1.5_1,Sud-Ouest,iolonioro,683.2928189981543,325.202392578125,324.72113037109375,196.21401977539065,196.2294158935547,379.081298828125,0,9.079432487487791,0.37335215543630484,1.9775696107133707,-0.14833133318376757,-1.0014975025600936,1.0548660717458087,BFA,0.305,NA,0.218,35351,51.73623813555033,6.03259385665529,5860,-0.4419022693280925,-1.055420878211806
2,2021,DHS 2021,328,Iolonioro,BFA.13.1.5_1,Sud-Ouest,iolonioro,683.2928189981543,325.202392578125,324.72113037109375,196.21401977539065,196.2294158935547,365.1456604003906,0,9.322792053222656,0.37335215543630484,1.8213282424283839,-0.14833133318376757,0.3412943553280003,1.0548660717458087,BFA,0.305,NA,0.218,35351,51.73623813555033,6.03259385665529,5860,-0.4419022693280925,-1.055420878211806
1,2010,DHS 2010,329,Tiankoura,BFA.13.1.6_1,Sud-Ouest,tiankoura,559.8809217400055,282.7635192871094,283.5433044433594,168.20419311523438,166.4705810546875,375.1727600097656,0,9.1068754196167,-0.5546085755212273,1.9337484785749175,-0.14833133318376757,-0.8500748711628108,0.5793211401959958,BFA,0.305,NA,0.218,14681,26.221647193074894,4.939771197846568,2972,-1.4033543751762059,-1.055420878211806
2,2021,DHS 2021,329,Tiankoura,BFA.13.1.6_1,Sud-Ouest,tiankoura,559.8809217400055,282.7635192871094,283.5433044433594,168.20419311523438,166.4705810546875,347.6742858886719,0,9.320624351501465,-0.5546085755212273,1.6254454722427212,-0.14833133318376757,0.32933356713068307,0.5793211401959958,BFA,0.305,NA,0.218,14681,26.221647193074894,4.939771197846568,2972,-1.4033543751762059,-1.055420878211806
1,2010,DHS 2010,330,Dano,BFA.13.2.1_1,Sud-Ouest,dano,654.4069634851672,292.7115173339844,292.33514404296875,165.52394104003906,166.4614715576172,310.9539489746094,0.00812646839767694,9.11185073852539,-0.3370874487033643,1.2137502554724062,-0.08038736238084002,-0.8226224153663285,0.5338163855575788,BFA,0.462,NA,0.218,64237,98.16063028714393,4.670423149629198,13754,0.4761477353141817,0.03337673198857267
2,2021,DHS 2021,330,Dano,BFA.13.2.1_1,Sud-Ouest,dano,654.4069634851672,292.7115173339844,292.33514404296875,165.52394104003906,166.4614715576172,268.31951904296875,0.02387751638889312,9.324380874633787,-0.3370874487033643,0.7357483538650249,0.04975879841684334,0.35006103950605055,0.5338163855575788,BFA,0.462,NA,0.218,64237,98.16063028714393,4.670423149629198,13754,0.4761477353141817,0.03337673198857267
1,2010,DHS 2010,331,Dissin,BFA.13.2.2_1,Sud-Ouest,dissin,393.8146742057908,282.6806945800781,282.5339660644531,165.1090545654297,165.1730194091797,293.41998291015625,0.00577185209840536,9.118993759155272,-0.5564196055914892,1.0171657312987212,-0.10001737449033282,-0.7832091713725389,0.526772530464762,BFA,0.462,NA,0.218,45578,115.73464115301827,4.8144079433822755,9467,0.7133698745793277,0.03337673198857267
2,2021,DHS 2021,331,Dissin,BFA.13.2.2_1,Sud-Ouest,dissin,393.8146742057908,282.6806945800781,282.5339660644531,165.1090545654297,165.1730194091797,283.8033447265625,0.00816682446748018,9.331012725830078,-0.5564196055914892,0.9093474410999697,-0.08005132087473672,0.38665378967066405,0.526772530464762,BFA,0.462,NA,0.218,45578,115.73464115301827,4.8144079433822755,9467,0.7133698745793277,0.03337673198857267
1,2010,DHS 2010,332,Koper,BFA.13.2.3_1,Sud-Ouest,koper,425.0600631255774,269.03009033203125,269.34600830078125,197.7550506591797,200.64907836914065,284.69219970703125,0,9.126185417175291,-0.8549012502187334,0.9193129636036947,-0.14833133318376757,-0.7435275594957376,1.0810293691856336,BFA,0.462,NA,0.218,28651,67.40459169304623,4.653402631151534,6157,-0.06368811781994799,0.03337673198857267
2,2021,DHS 2021,332,Koper,BFA.13.2.3_1,Sud-Ouest,koper,425.0600631255774,269.03009033203125,269.34600830078125,197.7550506591797,200.64907836914065,267.825439453125,0,9.333815574645996,-0.8549012502187334,0.7302089111219325,-0.14833133318376757,0.40211914669306414,1.0810293691856336,BFA,0.462,NA,0.218,28651,67.40459169304623,4.653402631151534,6157,-0.06368811781994799,0.03337673198857267
1,2010,DHS 2010,333,Niego,BFA.13.2.4_1,Sud-Ouest,niego,148.92442393730929,267.7735595703125,268.2523498535156,191.31866455078125,193.91812133789065,275.74859619140625,0,9.126250267028809,-0.8823763246892425,0.8190404961508456,-0.14833133318376757,-0.7431697356517253,0.9717537628606416,BFA,0.462,NA,0.218,12344,82.88768003021646,4.969404186795491,2484,0.23296454859640944,0.03337673198857267
2,2021,DHS 2021,333,Niego,BFA.13.2.4_1,Sud-Ouest,niego,148.92442393730929,267.7735595703125,268.2523498535156,191.31866455078125,193.91812133789065,253.020263671875,0,9.33375072479248,-0.8823763246892425,0.5642186026220641,-0.14833133318376757,0.40176132284906174,0.9717537628606416,BFA,0.462,NA,0.218,12344,82.88768003021646,4.969404186795491,2484,0.23296454859640944,0.03337673198857267
1,2010,DHS 2010,334,Oronkua,BFA.13.2.5_1,Sud-Ouest,oronkua,390.7653718348555,302.1312255859375,302.19384765625,174.73263549804688,174.8033447265625,351.3857116699219,0.00123761594295501,9.102185249328612,-0.13111781103299697,1.6670566438698937,-0.13794828052521202,-0.8759539544687627,0.6901596585391916,BFA,0.462,NA,0.218,30692,78.54329531781283,4.839482812992747,6342,0.15564991511017306,0.03337673198857267
2,2021,DHS 2021,334,Oronkua,BFA.13.2.5_1,Sud-Ouest,oronkua,390.7653718348555,302.1312255859375,302.19384765625,174.73263549804688,174.8033447265625,283.00238037109375,3.4850684460252523e-4,9.318107604980469,-0.13111781103299697,0.9003673166876657,-0.1454062150287115,0.3154468447141761,0.6901596585391916,BFA,0.462,NA,0.218,30692,78.54329531781283,4.839482812992747,6342,0.15564991511017306,0.03337673198857267
1,2010,DHS 2010,335,Ouessa,BFA.13.2.6_1,Sud-Ouest,ouessa,186.6529034595127,264.03472900390625,263.55609130859375,163.1544189453125,163.9794921875,266.49420166015625,0.00449512526392936,9.126249313354492,-0.9641289179199211,0.715283551558055,-0.11068043981304376,-0.7431749977670783,0.4935871390144221,BFA,0.462,NA,0.218,17233,92.32645022175103,4.578374070138151,3764,0.387986684431834,0.03337673198857267
2,2021,DHS 2021,335,Ouessa,BFA.13.2.6_1,Sud-Ouest,ouessa,186.6529034595127,264.03472900390625,263.55609130859375,163.1544189453125,163.9794921875,267.9064636230469,0.01119718234986066,9.333749771118164,-0.9641289179199211,0.7311173249874612,-0.054856144696283825,0.40175606073370873,0.4935871390144221,BFA,0.462,NA,0.218,17233,92.32645022175103,4.578374070138151,3764,0.387986684431834,0.03337673198857267
1,2010,DHS 2010,336,Zambo,BFA.13.2.7_1,Sud-Ouest,zambo,432.3268196386312,268.22039794921875,267.8022766113281,197.6366729736328,198.3479766845703,324.6934814453125,0.00179779063910245,9.11329746246338,-0.8726058374789352,1.36779295426591,-0.13325288009107344,-0.8146397863758523,1.079019577798724,BFA,0.462,NA,0.218,20233,46.80024250383575,4.654474350126524,4347,-0.5847804385546055,0.03337673198857267
2,2021,DHS 2021,336,Zambo,BFA.13.2.7_1,Sud-Ouest,zambo,432.3268196386312,268.22039794921875,267.8022766113281,197.6366729736328,198.3479766845703,306.3252258300781,0.00117525598034262,9.326129913330078,-0.8726058374789352,1.161854675570257,-0.13847114601842753,0.3597117590634206,1.079019577798724,BFA,0.462,NA,0.218,20233,46.80024250383575,4.654474350126524,4347,-0.5847804385546055,0.03337673198857267
1,2010,DHS 2010,337,Batié,BFA.13.3.1_1,Sud-Ouest,batié,1300.3552924796647,276.43670654296875,276.8099670410156,279.6173400878906,281.91802978515625,371.24713134765625,9.267539135180414e-4,9.020649909973145,-0.6929495191750512,1.8897357412520213,-0.14055506854428287,-1.3258437686868947,2.470870059569618,BFA,0.3898,NA,NA,NA,63.24262817169898,NA,NA,-0.15495393899134066,-0.4673314683710921
2,2021,DHS 2021,337,Batié,BFA.13.3.1_1,Sud-Ouest,batié,1300.3552924796647,276.43670654296875,276.8099670410156,279.6173400878906,281.91802978515625,350.3047180175781,0.00102445820812135,9.2371673583984375,-0.6929495191750512,1.6549369316496456,-0.13973566483073693,-0.13115940952370786,2.470870059569618,BFA,0.3898,NA,NA,NA,63.24262817169898,NA,NA,-0.15495393899134066,-0.4673314683710921
1,2010,DHS 2010,338,Boussoukoula,BFA.13.3.2_1,Sud-Ouest,boussoukoula,186.86991217251543,309.40594482421875,308.4716796875,275.9161071777344,276.2108154296875,385.8450012207031,0,8.883749961853027,0.027949884651926275,2.053401810434173,-0.14833133318376757,-2.0812204276067767,2.4080313075749866,BFA,0.449,NA,0.218,12620,67.53361123405148,5.456117596195417,2313,-0.06094845908400631,-0.056778484142668936
2,2021,DHS 2021,338,Boussoukoula,BFA.13.3.2_1,Sud-Ouest,boussoukoula,186.86991217251543,309.40594482421875,308.4716796875,275.9161071777344,276.2108154296875,379.8580322265625,0,9.157500267028809,0.027949884651926275,1.9862780663463038,-0.14833133318376757,-0.5707407397653672,2.4080313075749866,BFA,0.449,NA,0.218,12620,67.53361123405148,5.456117596195417,2313,-0.06094845908400631,-0.056778484142668936
1,2010,DHS 2010,339,Kpuéré,BFA.13.3.3_1,Sud-Ouest,kpuéré,600.4024276932761,299.2660816333912,271.484375,186.4836872242115,397.5502014160156,374.22796630859375,0,8.996980667114258,-0.19376653071675637,1.9231557912442567,-0.14833133318376757,-1.4564442096324366,0.8896665371985433,BFA,0.3898,NA,NA,NA,63.24262817169898,NA,NA,-0.15495393899134066,-0.4673314683710921
2,2021,DHS 2021,339,Kpuéré,BFA.13.3.3_1,Sud-Ouest,kpuéré,600.4024276932761,299.2660816333912,271.484375,186.4836872242115,397.5502014160156,367.9652404785156,0,9.20948600769043,-0.19376653071675637,1.8529403606445538,-0.14833133318376757,-0.2838975697592251,0.8896665371985433,BFA,0.3898,NA,NA,NA,63.24262817169898,NA,NA,-0.15495393899134066,-0.4673314683710921
1,2010,DHS 2010,340,Legmoin,BFA.13.3.4_1,Sud-Ouest,legmoin,196.11367812299147,285.3846435546875,284.2810363769531,191.3395233154297,192.63803100585935,340.97412109375,0,9.112499237060549,-0.49729554615323873,1.5503256332255084,-0.14833133318376757,-0.8190441769262943,0.9721078985690594,BFA,0.449,NA,0.218,19031,97.04065612427516,5.133800917183707,3707,0.45963312229914216,-0.056778484142668936
2,2021,DHS 2021,340,Legmoin,BFA.13.3.4_1,Sud-Ouest,legmoin,196.11367812299147,285.3846435546875,284.2810363769531,191.3395233154297,192.63803100585935,330.5476379394531,0.00361335137858986,9.34749984741211,-0.49729554615323873,1.4334276523489655,-0.1180528222265038,0.47762523989293454,0.9721078985690594,BFA,0.449,NA,0.218,19031,97.04065612427516,5.133800917183707,3707,0.45963312229914216,-0.056778484142668936
1,2010,DHS 2010,341,Midebdo,BFA.13.3.5_1,Sud-Ouest,midebdo,583.8409115202666,307.74456787109375,307.123046875,183.37890625,183.46267700195313,372.4181213378906,0,9.001871109008789,-0.008377483448683769,1.9028644600596307,-0.14833133318376757,-1.4294600821023693,0.836954220418703,BFA,0.449,NA,0.218,15347,26.286270278726892,5.745788094346687,2671,-1.3999069585122905,-0.056778484142668936
2,2021,DHS 2021,341,Midebdo,BFA.13.3.5_1,Sud-Ouest,midebdo,583.8409115202666,307.74456787109375,307.123046875,183.37890625,183.46267700195313,405.4382629394531,0,9.231842041015623,-0.008377483448683769,2.2730744171811215,-0.14833133318376757,-0.16054306165474252,0.836954220418703,BFA,0.449,NA,0.218,15347,26.286270278726892,5.745788094346687,2671,-1.3999069585122905,-0.056778484142668936
1,2010,DHS 2010,342,Bouroum-Bouroum,BFA.13.4.1_1,Sud-Ouest,bouroum bouroum,288.2579575491644,321.17559814453125,321.6043701171875,143.627197265625,142.37022399902344,375.8195190429687,0,9.094693183898926,0.28530299634601286,1.9409997083497381,-0.14833133318376757,-0.9172931326817421,0.16205808638253388,BFA,0.353,NA,0.218,13939,48.35599377208036,5.342660022997317,2609,-0.5382141015719807,-0.7225400801887604
2,2021,DHS 2021,342,Bouroum-Bouroum,BFA.13.4.1_1,Sud-Ouest,bouroum bouroum,288.2579575491644,321.17559814453125,321.6043701171875,143.627197265625,142.37022399902344,360.77294921875,0.00107657525222748,9.306727409362791,0.28530299634601286,1.7723029766196134,-0.13929861440287963,0.25265402220708894,0.16205808638253388,BFA,0.353,NA,0.218,13939,48.35599377208036,5.342660022997317,2609,-0.5382141015719807,-0.7225400801887604
1,2010,DHS 2010,343,Boussera,BFA.13.4.2_1,Sud-Ouest,boussera,427.45431176961023,297.502197265625,297.5138854980469,227.873046875,229.69236755371097,314.8670349121094,0,9.096687316894531,-0.23233530741383704,1.257622368276006,-0.14833133318376757,-0.9062900494786666,1.5923663589729844,BFA,0.353,NA,0.218,18133,42.42090792096944,5.4128358208955225,3350,-0.724485465978694,-0.7225400801887604
2,2021,DHS 2021,343,Boussera,BFA.13.4.2_1,Sud-Ouest,boussera,427.45431176961023,297.502197265625,297.5138854980469,227.873046875,229.69236755371097,320.01531982421875,0,9.322990417480469,-0.23233530741383704,1.3153430879373365,-0.14833133318376757,0.34238887532141954,1.5923663589729844,BFA,0.353,NA,0.218,18133,42.42090792096944,5.4128358208955225,3350,-0.724485465978694,-0.7225400801887604
1,2010,DHS 2010,344,Djigouè,BFA.13.4.3_1,Sud-Ouest,djigouè,780.2594001313871,360.0261535644531,359.78826904296875,233.6595001220703,235.9149627685547,331.49066162109375,0,8.907367706298828,1.1348022174577344,1.4440004948569518,-0.14833133318376757,-1.9509041408902956,1.6906075422077431,BFA,0.3898,NA,NA,NA,63.24262817169898,NA,NA,-0.15495393899134066,-0.4673314683710921
2,2021,DHS 2021,344,Djigouè,BFA.13.4.3_1,Sud-Ouest,djigouè,780.2594001313871,360.0261535644531,359.78826904296875,233.6595001220703,235.9149627685547,378.1299133300781,0,9.187711715698242,1.1348022174577344,1.9669030185258534,-0.14833133318376757,-0.4040421874984014,1.6906075422077431,BFA,0.3898,NA,NA,NA,63.24262817169898,NA,NA,-0.15495393899134066,-0.4673314683710921
1,2010,DHS 2010,345,Gaoua,BFA.13.4.4_1,Sud-Ouest,gaoua,783.3563510068558,307.580322265625,307.75384521484375,119.44441223144533,120.94522094726564,363.0030822753906,0.03375278785824776,9.063192367553713,-0.011968848164287798,1.7973064267330763,0.13033796913297604,-1.0911060649059232,-0.24851213932048558,BFA,0.353,NA,0.218,78081,99.67494346556546,4.482004477354916,17421,0.49818291949195886,-0.7225400801887604
2,2021,DHS 2021,345,Gaoua,BFA.13.4.4_1,Sud-Ouest,gaoua,783.3563510068558,307.580322265625,307.75384521484375,119.44441223144533,120.94522094726564,362.8436584472656,0.08946368098258972,9.270790100097656,-0.011968848164287798,1.7955190240839154,0.5709773492038709,0.05436172936085758,-0.24851213932048558,BFA,0.353,NA,0.218,78081,99.67494346556546,4.482004477354916,17421,0.49818291949195886,-0.7225400801887604
1,2010,DHS 2010,346,Gbomblora,BFA.13.4.5_1,Sud-Ouest,gbomblora,679.1460873077378,292.5039367675781,292.1849365234375,220.77261352539065,222.8791351318359,344.5143737792969,0,9.09025764465332,-0.34162636784040235,1.5900176736392155,-0.14833133318376757,-0.9417672311884392,1.471816698591932,BFA,0.353,NA,0.218,25169,37.05977325110511,5.402232238677827,4659,-0.9160854316953502,-0.7225400801887604
2,2021,DHS 2021,346,Gbomblora,BFA.13.4.5_1,Sud-Ouest,gbomblora,679.1460873077378,292.5039367675781,292.1849365234375,220.77261352539065,222.8791351318359,348.6295166015625,1.4485111751127988e-4,9.313024520874023,-0.34162636784040235,1.6361551755967383,-0.1471154323237264,0.28739976988280747,1.471816698591932,BFA,0.353,NA,0.218,25169,37.05977325110511,5.402232238677827,4659,-0.9160854316953502,-0.7225400801887604
1,2010,DHS 2010,347,Kampti,BFA.13.4.6_1,Sud-Ouest,kampti,1347.6696349753593,359.6175842285156,359.0657043457031,165.05203247070313,165.45199584960938,373.56103515625,0,8.962718963623047,1.1258685142224116,1.9156783989213697,-0.14833133318376757,-1.6454909658034969,0.525804421362818,BFA,0.353,NA,0.218,65725,48.76937069313854,4.867076421800948,13504,-0.5260877705767582,-0.7225400801887604
2,2021,DHS 2021,347,Kampti,BFA.13.4.6_1,Sud-Ouest,kampti,1347.6696349753593,359.6175842285156,359.0657043457031,165.05203247070313,165.45199584960938,409.424560546875,5.274421419017017e-4,9.213945388793944,1.1258685142224116,2.31776735290879,-0.1439047555368284,-0.25929191836871335,0.525804421362818,BFA,0.353,NA,0.218,65725,48.76937069313854,4.867076421800948,13504,-0.5260877705767582,-0.7225400801887604
1,2010,DHS 2010,348,Loropeni,BFA.13.4.7_1,Sud-Ouest,loropeni,2067.778114278773,349.5677795410156,349.8914489746094,147.14906311035156,145.28604125976565,371.4985656738281,0,9.004350662231445,0.906121301806025,1.8925547325281384,-0.14833133318376757,-1.4157785821846285,0.2218515821573761,BFA,0.353,NA,0.218,61952,29.96066143277101,5.404047452896022,11464,-1.2162299117033122,-0.7225400801887604
2,2021,DHS 2021,348,Loropeni,BFA.13.4.7_1,Sud-Ouest,loropeni,2067.778114278773,349.5677795410156,349.8914489746094,147.14906311035156,145.28604125976565,371.7618103027344,0,9.257099151611328,0.906121301806025,1.8955061366727903,-0.14833133318376757,-0.02118119864648362,0.2218515821573761,BFA,0.353,NA,0.218,61952,29.96066143277101,5.404047452896022,11464,-1.2162299117033122,-0.7225400801887604
1,2010,DHS 2010,349,Malba,BFA.13.4.8_1,Sud-Ouest,malba,179.262127374429,282.32843017578125,282.23406982421875,195.01931762695313,196.37322998046875,331.38287353515625,0,9.097930908203123,-0.5641221553707938,1.4427920135865007,-0.14833133318376757,-0.8994282510583941,1.034582670556136,BFA,0.353,NA,0.218,12681,70.73998387575139,5.285952480200083,2399,0.005529731951863059,-0.7225400801887604
2,2021,DHS 2021,349,Malba,BFA.13.4.8_1,Sud-Ouest,malba,179.262127374429,282.32843017578125,282.23406982421875,195.01931762695313,196.37322998046875,329.0022277832031,0,9.317949295043944,-0.5641221553707938,1.4161010692414795,-0.14833133318376757,0.3145733335655721,1.034582670556136,BFA,0.353,NA,0.218,12681,70.73998387575139,5.285952480200083,2399,0.005529731951863059,-0.7225400801887604
1,2010,DHS 2010,350,Nako,BFA.13.4.9_1,Sud-Ouest,nako,700.5640333125145,279.16070556640625,281.2928771972656,210.6799468994141,207.45420837402344,336.7519226074219,0,9.111788749694824,-0.6333870489939261,1.5029878616482963,-0.14833133318376757,-0.8229644528642721,1.3004655325159071,BFA,0.353,NA,0.218,32078,45.78881940073896,4.904143097385721,6541,-0.6158742510782056,-0.7225400801887604
2,2021,DHS 2021,350,Nako,BFA.13.4.9_1,Sud-Ouest,nako,700.5640333125145,279.16070556640625,281.2928771972656,210.6799468994141,207.45420837402344,318.8948059082031,0,9.325674057006836,-0.6333870489939261,1.302780288728064,-0.14833133318376757,0.3571964679246975,1.3004655325159071,BFA,0.353,NA,0.218,32078,45.78881940073896,4.904143097385721,6541,-0.6158742510782056,-0.7225400801887604
1,2010,DHS 2010,351,Perigban,BFA.13.4.10_1,Sud-Ouest,perigban,302.42428668499025,312.8116149902344,312.8849792480469,144.92715454101565,146.36538696289065,390.4979248046875,0,9.0625,0.10241765279894646,2.105568716963578,-0.14833133318376757,-1.0949263606521946,0.1841284869260223,BFA,0.353,NA,0.218,9922,32.80821163127982,5.357451403887689,1852,-1.0883063416905463,-0.7225400801887604
2,2021,DHS 2021,351,Perigban,BFA.13.4.10_1,Sud-Ouest,perigban,302.42428668499025,312.8116149902344,312.8849792480469,144.92715454101565,146.36538696289065,402.4520568847656,0,9.270000457763672,0.10241765279894646,2.2395941484166326,-0.14833133318376757,0.050004697848592426,0.1841284869260223,BFA,0.353,NA,0.218,9922,32.80821163127982,5.357451403887689,1852,-1.0883063416905463,-0.7225400801887604
