country,district_id,district_name,time,year,label,prev_mean,prev_median,prev_sd,prev_lower,prev_upper,prev_lo80,prev_hi80,prev_width95,prev_cv,reliability,prev_category,prev_pct_label,cri_label,cv_label,p_above_nat,b_mean,b_lower,b_upper,gamma_mean,gamma_lower,gamma_upper,change_logit_mean,change_logit_lower,change_logit_upper,change_prob_mean,change_prob_lower,change_prob_upper,rel_change_mean,rel_change_lower,rel_change_upper,p_decline,p_decline_meaningful
GHA,1,Asunafo North,1,2014,DHS 2014,0.277576585008125,0.261774985,0.11731273962900368,0.09720900175,0.5362476804999999,0.1137168675,0.49605108349999977,0.4390386787499999,0.4226319724539078,Low,High (20-50%),27.8%,[9.7%–53.6%],42%,0.37025,-0.2705983478905925,-0.9542142914999999,0.41238886774999994,NA,NA,NA,NA,NA,NA,NA,NA,NA,NA,NA,NA,NA,NA
GHA,2,Asunafo South,1,2014,DHS 2014,0.28710779080125,0.28704148,0.02019923608926556,0.24822661025,0.32770951575,0.2535792285,0.32086985249999994,0.0794829055,0.07035419008621907,High,High (20-50%),28.7%,[24.8%–32.8%],7%,0.233875,-0.06706497049234625,-0.48251633325,0.36111851649999976,NA,NA,NA,NA,NA,NA,NA,NA,NA,NA,NA,NA,NA,NA
GHA,3,Asutifi North,1,2014,DHS 2014,0.3461233533355,0.328147265,0.15445576003817324,0.10316728275,0.68460767075,0.126112277,0.6249483375,0.581440388,0.4462448388695059,Low,High (20-50%),34.6%,[10.3%–68.5%],45%,0.557625,-0.30073681630146265,-1.2176417325,0.6235525787499985,NA,NA,NA,NA,NA,NA,NA,NA,NA,NA,NA,NA,NA,NA
GHA,4,Asutifi South,1,2014,DHS 2014,0.35396685177475,0.336727595,0.156191947992453,0.10638594575000002,0.6930270047499999,0.129225094,0.6351105824999996,0.5866410589999999,0.4412615113797355,Low,High (20-50%),35.4%,[10.6%–69.3%],44%,0.574875,0.01191145512887625,-0.7914876737500001,0.8334763169999999,NA,NA,NA,NA,NA,NA,NA,NA,NA,NA,NA,NA,NA,NA
GHA,5,Tano North,1,2014,DHS 2014,0.560117901195,0.560056555,0.024903605006873216,0.51166251275,0.6091251495,0.519261543,0.601150964,0.09746263675,0.04446136242698526,High,Very high (≥50%),56.0%,[51.2%–60.9%],4%,1,0.3408356289564939,-0.04461615047499998,0.7211397804999997,NA,NA,NA,NA,NA,NA,NA,NA,NA,NA,NA,NA,NA,NA
GHA,6,Tano South,1,2014,DHS 2014,0.228584861060375,0.21585891499999998,0.0961629240056896,0.08110905785,0.4516520884999999,0.09638824070000002,0.4058550869999999,0.3705430306499999,0.4206880698905539,Low,High (20-50%),22.9%,[8.1%–45.2%],42%,0.200625,-0.4138286898505362,-1.20165627,0.3558544862499998,NA,NA,NA,NA,NA,NA,NA,NA,NA,NA,NA,NA,NA,NA
GHA,7,Adansi Akrofuom,1,2014,DHS 2014,0.38936421042325,0.374241425,0.16047761449715445,0.12408463225000001,0.7254525302499997,0.15358019199999998,0.6726758844999998,0.6013678979999997,0.41215296681405494,Low,High (20-50%),38.9%,[12.4%–72.5%],41%,0.655125,-0.013114100254401627,-1.0326128025,1.0364126174999992,NA,NA,NA,NA,NA,NA,NA,NA,NA,NA,NA,NA,NA,NA
GHA,8,Adansi Asokwa,1,2014,DHS 2014,0.366301828545125,0.35168970499999996,0.15821530393075622,0.108485519,0.7019948895,0.133033014,0.652126091,0.5935093705,0.43192605551316693,Low,High (20-50%),36.6%,[10.8%–70.2%],43%,0.61175,0.0010896017385547498,-1.0637109649999998,1.0472010099999993,NA,NA,NA,NA,NA,NA,NA,NA,NA,NA,NA,NA,NA,NA
GHA,9,Adansi North,1,2014,DHS 2014,0.168865098105,0.16857747,0.013747149915103975,0.1430771955,0.19651000874999996,0.14663603300000003,0.19184422,0.05343281324999996,0.08140906599039206,High,Moderate (5-20%),16.9%,[14.3%–19.7%],8%,0,-0.3011318471062063,-1.05599092,0.4566398949999998,NA,NA,NA,NA,NA,NA,NA,NA,NA,NA,NA,NA,NA,NA
GHA,10,Adansi South,1,2014,DHS 2014,0.401644419137125,0.38711729500000003,0.16040207257473463,0.13060457275,0.7294053092499999,0.1587220385,0.6857665324999999,0.5988007364999999,0.39936337947713874,Low,High (20-50%),40.2%,[13.1%–72.9%],40%,0.69075,-0.00385842860338525,-1.04867589,1.0364846074999998,NA,NA,NA,NA,NA,NA,NA,NA,NA,NA,NA,NA,NA,NA
GHA,11,Afigya-Kwabre North,1,2014,DHS 2014,0.380254113601,0.36821668,0.15829633869208934,0.11764505325,0.7140441777500001,0.14364722500000002,0.6647952444999996,0.5963991245000001,0.41629093027561415,Low,High (20-50%),38.0%,[11.8%–71.4%],42%,0.650875,0.5101633781865338,-0.23357716874999998,1.2459116274999997,NA,NA,NA,NA,NA,NA,NA,NA,NA,NA,NA,NA,NA,NA
GHA,12,Afigya-Kwabre South,1,2014,DHS 2014,0.59396540680875,0.594314145,0.02359247982666511,0.547540538,0.63864834875,0.5551512430000001,0.6321456109999999,0.09110781074999996,0.039720292724491305,High,Very high (≥50%),59.4%,[54.8%–63.9%],4%,1,0.712839474627675,0.23005700225,1.2072283275,NA,NA,NA,NA,NA,NA,NA,NA,NA,NA,NA,NA,NA,NA
GHA,13,Ahafo-Ano North,1,2014,DHS 2014,0.35681433852625,0.33967008499999995,0.1554329392056325,0.10683420225,0.6977443152499999,0.129807234,0.6430185134999999,0.590910113,0.43561292925507716,Low,High (20-50%),35.7%,[10.7%–69.8%],44%,0.5915,-0.0449537442360975,-1.0724064475,1.0399524624999998,NA,NA,NA,NA,NA,NA,NA,NA,NA,NA,NA,NA,NA,NA
GHA,14,Ahafo-Ano South East,1,2014,DHS 2014,0.30157328728375,0.30142202500000004,0.020844833809613137,0.26229955625,0.34376231774999993,0.26804077099999996,0.33658421399999994,0.081462761499999925,0.06912029244155254,High,High (20-50%),30.2%,[26.2%–34.4%],7%,0.444625,-0.15786046308088025,-0.92049523225,0.5820395584999999,NA,NA,NA,NA,NA,NA,NA,NA,NA,NA,NA,NA,NA,NA
GHA,15,Ahafo-Ano South West,1,2014,DHS 2014,0.3734598291465,0.35890013,0.1601014213348628,0.1153914315,0.7111126272499992,0.1392767705,0.6624045594999998,0.5957211957499993,0.42869783799975597,Low,High (20-50%),37.3%,[11.5%–71.1%],43%,0.62175,-0.037110568297829126,-1.0588068775,0.9843153114999996,NA,NA,NA,NA,NA,NA,NA,NA,NA,NA,NA,NA,NA,NA
GHA,16,Amansie Central,1,2014,DHS 2014,0.34570252950675,0.327530915,0.15256425948620045,0.10044899125000001,0.6760341644999998,0.125211568,0.6232319335000001,0.5755851732499997,0.4413165842433373,Low,High (20-50%),34.6%,[10.0%–67.6%],44%,0.56025,0.5414198993215575,-0.21805472899999995,1.2755232074999998,NA,NA,NA,NA,NA,NA,NA,NA,NA,NA,NA,NA,NA,NA
GHA,17,Amansie South,1,2014,DHS 2014,0.386556391641,0.372283335,0.15784093296345725,0.12363918674999999,0.7159182382499999,0.152500253,0.6671506384999997,0.5922790514999999,0.4083257614584891,Low,High (20-50%),38.7%,[12.4%–71.6%],41%,0.658,-0.03026148502288025,-1.08169622,0.9952352375000001,NA,NA,NA,NA,NA,NA,NA,NA,NA,NA,NA,NA,NA,NA
GHA,18,Amansie West,1,2014,DHS 2014,0.39916674194875,0.39906843000000003,0.023673586045200742,0.3529907785,0.4461634335,0.3605169155,0.43830462549999993,0.093172655,0.059307511266157166,High,High (20-50%),39.9%,[35.3%–44.6%],6%,0.999625,0.2598657220033026,0.031074695550000007,0.4930180784999999,NA,NA,NA,NA,NA,NA,NA,NA,NA,NA,NA,NA,NA,NA
GHA,19,Asante-Akim Central,1,2014,DHS 2014,0.16937123763875,0.1689494,0.013896912826672991,0.143942973,0.197391675,0.147239089,0.19290662649999998,0.05344870199999999,0.08205001640428206,High,Moderate (5-20%),16.9%,[14.4%–19.7%],8%,0,-0.427773948997003,-1.1565792225,0.3127548392499996,NA,NA,NA,NA,NA,NA,NA,NA,NA,NA,NA,NA,NA,NA
GHA,20,Asante-Akim North,1,2014,DHS 2014,0.391098043276375,0.3777977,0.1595950686736001,0.124919334,0.7243628449999998,0.14991844,0.675930662,0.5994435109999998,0.40806920775315664,Low,High (20-50%),39.1%,[12.5%–72.4%],41%,0.67375,0.003882800234845,-0.9873049,1.01103516,NA,NA,NA,NA,NA,NA,NA,NA,NA,NA,NA,NA,NA,NA
GHA,21,Asante-Akim South,1,2014,DHS 2014,0.5513069905225,0.551585515,0.02459332003418723,0.502958585,0.5985442324999999,0.5104852035,0.5908862585,0.09558564749999987,0.04460912061151078,High,Very high (≥50%),55.1%,[50.3%–59.9%],4%,1,0.3988957368341976,-0.33763339624999994,1.1523731699999997,NA,NA,NA,NA,NA,NA,NA,NA,NA,NA,NA,NA,NA,NA
GHA,22,Asokore-Mampong,1,2014,DHS 2014,0.23831922007825,0.21403912,0.13331465937091158,0.053737785425000004,0.55605147625,0.06888700204999999,0.4963219965,0.502313690825,0.559395332559157,Low,High (20-50%),23.8%,[5.4%–55.6%],56%,0.266875,0.010746105267426625,-1.0487209800000001,1.0599222824999996,NA,NA,NA,NA,NA,NA,NA,NA,NA,NA,NA,NA,NA,NA
GHA,23,Asokwa,1,2014,DHS 2014,0.226541950042,0.20260454,0.1269053722588005,0.05166311715,0.53652233825,0.0657154185,0.4736463209999999,0.48485922109999996,0.5601848674617338,Low,High (20-50%),22.7%,[5.2%–53.7%],56%,0.229125,0.017039909123336375,-0.99352065075,1.0045306124999995,NA,NA,NA,NA,NA,NA,NA,NA,NA,NA,NA,NA,NA,NA
GHA,24,Atwima-Kwanwoma,1,2014,DHS 2014,0.3041820273585,0.2852551,0.14379725482773795,0.083156294975,0.6285130607499999,0.1025279625,0.5748616304999999,0.5453567657749999,0.4727342245577933,Low,High (20-50%),30.4%,[8.3%–62.9%],47%,0.447625,0.17475214215342275,-0.68027381175,1.0650409124999998,NA,NA,NA,NA,NA,NA,NA,NA,NA,NA,NA,NA,NA,NA
GHA,25,Atwima-Mponua,1,2014,DHS 2014,0.3624106642945,0.34709484999999995,0.15849032938747454,0.099999885525,0.70452352325,0.12776086350000002,0.647439769,0.6045236377250001,0.43732247696409693,Low,High (20-50%),36.2%,[10.0%–70.5%],44%,0.60375,-0.03416021570601375,-1.0861556625,0.9979015367499999,NA,NA,NA,NA,NA,NA,NA,NA,NA,NA,NA,NA,NA,NA
GHA,26,Atwima-Nwabiagya North,1,2014,DHS 2014,0.33481154831575,0.317641055,0.15138176636786732,0.0965082179,0.6712087712499998,0.11858848599999999,0.6136114844999999,0.5747005533499998,0.45214021777141344,Low,High (20-50%),33.5%,[9.7%–67.1%],45%,0.5315,-0.06650229632883126,-0.8191706945,0.6841945422499996,NA,NA,NA,NA,NA,NA,NA,NA,NA,NA,NA,NA,NA,NA
GHA,27,Atwima-Nwabiagya South,1,2014,DHS 2014,0.30156791141,0.280831985,0.14980560184243386,0.076392805625,0.6396899789999996,0.09588714475000001,0.5858177004999998,0.5632971733749996,0.4967557759776503,Low,High (20-50%),30.2%,[7.6%–64.0%],50%,0.44025,0.002234528336466125,-1.04387494,1.053058885,NA,NA,NA,NA,NA,NA,NA,NA,NA,NA,NA,NA,NA,NA
GHA,28,Bekwai,1,2014,DHS 2014,0.312751412419875,0.295444275,0.14680775028588644,0.08562859169999999,0.63825647275,0.1062695775,0.5838308459999998,0.5526278810499999,0.4694071535919848,Low,High (20-50%),31.3%,[8.6%–63.8%],47%,0.478375,0.005743616918015,-1.04990722,1.0558494024999996,NA,NA,NA,NA,NA,NA,NA,NA,NA,NA,NA,NA,NA,NA
GHA,29,Bosome Freho,1,2014,DHS 2014,0.35343349550025,0.33663669500000004,0.15551834238462964,0.102112502,0.6892959929999998,0.12799209600000003,0.634161318,0.5871834909999998,0.44002151568715603,Low,High (20-50%),35.3%,[10.2%–68.9%],44%,0.57725,0.19048544815242438,-0.541331764,0.9352467779999991,NA,NA,NA,NA,NA,NA,NA,NA,NA,NA,NA,NA,NA,NA
GHA,30,Bosomtwe,1,2014,DHS 2014,0.5945428967225,0.594720005,0.023894851470960064,0.54714946,0.6407056192499999,0.5548002120000001,0.6335420174999999,0.09355615924999994,0.040190290057595064,High,Very high (≥50%),59.5%,[54.7%–64.1%],4%,1,0.5342186784298527,-0.05203903817499999,1.1212282249999996,NA,NA,NA,NA,NA,NA,NA,NA,NA,NA,NA,NA,NA,NA
GHA,31,Ejisu,1,2014,DHS 2014,0.33273657837125,0.331938315,0.02190300284363788,0.291200783,0.37643489874999997,0.29769774899999996,0.36957794050000004,0.08523411574999995,0.06582685603985403,High,High (20-50%),33.3%,[29.1%–37.6%],7%,0.8555,0.3343742371207354,-0.19462738475000002,0.8534985972499999,NA,NA,NA,NA,NA,NA,NA,NA,NA,NA,NA,NA,NA,NA
GHA,32,Ejura-Sekyedumase,1,2014,DHS 2014,0.39937672714,0.39913367,0.023373084650984526,0.3541872035,0.44544108075,0.36081228200000004,0.43827766849999994,0.09125387725,0.058523902527728364,High,High (20-50%),39.9%,[35.4%–44.5%],6%,0.999625,-0.10759301875429687,-0.32832965150000004,0.11168709924999976,NA,NA,NA,NA,NA,NA,NA,NA,NA,NA,NA,NA,NA,NA
GHA,33,Juaben,1,2014,DHS 2014,0.114076957983375,0.113762165,0.00998599241287982,0.095723832175,0.134719791,0.09843025500000001,0.13114964149999997,0.03899595882500001,0.0875373308458587,High,Moderate (5-20%),11.4%,[9.6%–13.5%],9%,0,-0.7015511881071512,-1.438714095,0.050422882324999856,NA,NA,NA,NA,NA,NA,NA,NA,NA,NA,NA,NA,NA,NA
GHA,34,Kumasi,1,2014,DHS 2014,0.2150908737779625,0.18588266,0.12834079428267656,0.04632801930000001,0.5293550005000001,0.057929306550000004,0.4637402139999999,0.48302698120000004,0.5966817281850939,Low,High (20-50%),21.5%,[4.6%–52.9%],60%,0.20925,0.020873129380124616,-1.0100402625,1.0617472275,NA,NA,NA,NA,NA,NA,NA,NA,NA,NA,NA,NA,NA,NA
GHA,35,Kwabre East,1,2014,DHS 2014,0.276749413345125,0.25339844,0.14131913557749992,0.07147091082500001,0.6045613184999998,0.08721164849999999,0.5480626659999996,0.5330904076749998,0.5106393320562004,Low,High (20-50%),27.7%,[7.1%–60.5%],51%,0.365125,0.0128573758098,-0.993945549,1.05781628,NA,NA,NA,NA,NA,NA,NA,NA,NA,NA,NA,NA,NA,NA
GHA,36,Kwadaso,1,2014,DHS 2014,0.159628162914875,0.147508975,0.06951876593249523,0.060163259175,0.32386690649999994,0.06992047074999999,0.29274328549999995,0.26370364732499996,0.43550439134958624,Low,Moderate (5-20%),16.0%,[6.0%–32.4%],44%,0.03625,-0.14380863802995186,-1.0404829325,0.7639976082499997,NA,NA,NA,NA,NA,NA,NA,NA,NA,NA,NA,NA,NA,NA
GHA,37,Mampong,1,2014,DHS 2014,0.339136532854875,0.321980925,0.1535081066838085,0.097151367525,0.67491029125,0.1207553745,0.6199702509999997,0.577758923725,0.45264397023690295,Low,High (20-50%),33.9%,[9.7%–67.5%],45%,0.538625,0.0022274319540625,-1.0285637124999998,1.0411367824999993,NA,NA,NA,NA,NA,NA,NA,NA,NA,NA,NA,NA,NA,NA
GHA,38,Obuasi,1,2014,DHS 2014,0.223393424309875,0.19702068,0.12506249143855408,0.05432360395,0.5257289875,0.0673779723,0.46258661049999983,0.47140538354999995,0.5598306746266468,Low,High (20-50%),22.3%,[5.4%–52.6%],56%,0.23025,-0.004209546253415,-1.0880675425,1.0544913525,NA,NA,NA,NA,NA,NA,NA,NA,NA,NA,NA,NA,NA,NA
GHA,39,Obuasi East,1,2014,DHS 2014,0.292170433837,0.27103177,0.1432836917100429,0.076480167825,0.61972566575,0.0946240384,0.5587966884999995,0.543245497925,0.4904113322773103,Low,High (20-50%),29.2%,[7.6%–62.0%],49%,0.41225,-0.00527866006558225,-1.078490665,1.0569252024999993,NA,NA,NA,NA,NA,NA,NA,NA,NA,NA,NA,NA,NA,NA
GHA,40,Offinso,1,2014,DHS 2014,0.35433874923575,0.339131685,0.15320236387472735,0.10946267975000001,0.6769331567499995,0.13209685699999998,0.6304285064999999,0.5674704769999995,0.43236130455717725,Low,High (20-50%),35.4%,[10.9%–67.7%],43%,0.58725,8.65079992395625e-4,-1.0120427675,0.9952703707499997,NA,NA,NA,NA,NA,NA,NA,NA,NA,NA,NA,NA,NA,NA
GHA,41,Offinso North,1,2014,DHS 2014,0.37754576747275,0.36263790500000004,0.1576237726348516,0.1182616715,0.7140707439999999,0.1436584905,0.6602065349999999,0.5958090724999999,0.4174958010785497,Low,High (20-50%),37.8%,[11.8%–71.4%],42%,0.637125,-0.02450079616624275,-1.0232929924999998,0.9677352897499999,NA,NA,NA,NA,NA,NA,NA,NA,NA,NA,NA,NA,NA,NA
GHA,42,Oforikrom,1,2014,DHS 2014,0.233635672765125,0.20886963,0.1294179466779638,0.054201011225,0.5477950847499997,0.06802398645,0.4833258604999998,0.49359407352499973,0.5539305926457054,Low,High (20-50%),23.4%,[5.4%–54.8%],55%,0.251625,0.02182552644734875,-1.0140719225000001,1.0520748124999995,NA,NA,NA,NA,NA,NA,NA,NA,NA,NA,NA,NA,NA,NA
GHA,43,Old Tafo,1,2014,DHS 2014,0.1455558396525,0.138376965,0.04977899118217886,0.069052534,0.26278457124999993,0.07735624730000001,0.23731913600000001,0.19373203724999993,0.34199240168598677,Low,Moderate (5-20%),14.6%,[6.9%–26.3%],34%,0.00525,-0.16115143943691426,-1.02366821,0.7038812837499998,NA,NA,NA,NA,NA,NA,NA,NA,NA,NA,NA,NA,NA,NA
GHA,44,Sekyere Afram Plains North,1,2014,DHS 2014,0.482641126083375,0.479873535,0.16863248955815344,0.17278818075000002,0.8049357844999999,0.20787031350000001,0.7626500589999999,0.6321476037499999,0.3493951933325769,Low,High (20-50%),48.3%,[17.3%–80.5%],35%,0.84325,-0.00980643113681725,-1.0242884225,0.9847442012499996,NA,NA,NA,NA,NA,NA,NA,NA,NA,NA,NA,NA,NA,NA
GHA,45,Sekyere Central,1,2014,DHS 2014,0.424926489713875,0.41547758,0.16263929267105534,0.13671807275,0.75285729775,0.1705532205,0.7069597544999999,0.616139225,0.38274689059881584,Low,High (20-50%),42.5%,[13.7%–75.3%],38%,0.744625,0.0010406686495638747,-1.042020755,1.0500177499999994,NA,NA,NA,NA,NA,NA,NA,NA,NA,NA,NA,NA,NA,NA
GHA,46,Sekyere East,1,2014,DHS 2014,0.3457253448205,0.325598445,0.15652140936785508,0.097186244425,0.67653621125,0.121571869,0.626135955,0.579349966825,0.45273339578016975,Low,High (20-50%),34.6%,[9.7%–67.7%],45%,0.54925,-0.007282570516206,-1.0315772625,1.0461882174999997,NA,NA,NA,NA,NA,NA,NA,NA,NA,NA,NA,NA,NA,NA
GHA,47,Sekyere Kumawu,1,2014,DHS 2014,0.229561835644,0.222138955,0.06819906329907277,0.11951357375,0.38261461499999955,0.132180158,0.35128683599999977,0.26310104124999956,0.29708362937485194,Medium,High (20-50%),23.0%,[12.0%–38.3%],30%,0.13825,-0.3036388066891501,-1.13799392,0.5342600709999997,NA,NA,NA,NA,NA,NA,NA,NA,NA,NA,NA,NA,NA,NA
GHA,48,Sekyere South,1,2014,DHS 2014,0.3319119671365,0.32074944,0.11438521868395621,0.14050383275,0.5817083777500001,0.162906077,0.5389787965,0.44120454500000006,0.34462517176102564,Low,High (20-50%),33.2%,[14.1%–58.2%],34%,0.554,0.423449334513805,-0.15214460849999994,1.0081863899999994,NA,NA,NA,NA,NA,NA,NA,NA,NA,NA,NA,NA,NA,NA
GHA,49,Suame,1,2014,DHS 2014,0.22991589106775,0.20559881,0.12780108826402514,0.053359114,0.5428235127499994,0.06668745625000001,0.47397712749999965,0.4894643987499994,0.5558601785657591,Low,High (20-50%),23.0%,[5.3%–54.3%],56%,0.2385,0.006597330411053,-1.01038966,1.0697862999999996,NA,NA,NA,NA,NA,NA,NA,NA,NA,NA,NA,NA,NA,NA
GHA,50,Banda,1,2014,DHS 2014,0.36797956304475,0.35079965,0.15727360414636055,0.11124133600000001,0.7039677717499999,0.139270206,0.651845601,0.59272643575,0.4273976599272023,Low,High (20-50%),36.8%,[11.1%–70.4%],43%,0.613875,-0.022959096108812624,-1.074344005,1.0000889499999999,NA,NA,NA,NA,NA,NA,NA,NA,NA,NA,NA,NA,NA,NA
GHA,51,Berekum East,1,2014,DHS 2014,0.29295361698125,0.29002157,0.05156869655125057,0.20041462475,0.401559831,0.21346208749999998,0.3828075904999999,0.20114520624999999,0.17603024356770833,Medium,High (20-50%),29.3%,[20.0%–40.2%],18%,0.39625,-0.071297883575499,-0.853518098,0.72245358325,NA,NA,NA,NA,NA,NA,NA,NA,NA,NA,NA,NA,NA,NA
GHA,52,Berekum West,1,2014,DHS 2014,0.33294748694125,0.33244721,0.022115507095589893,0.29078443600000003,0.37779579324999996,0.297175855,0.3696797339999999,0.08701135724999992,0.06642340898488977,High,High (20-50%),33.3%,[29.1%–37.8%],7%,0.854875,0.03164247342938544,-0.7297691384999999,0.7786652202499998,NA,NA,NA,NA,NA,NA,NA,NA,NA,NA,NA,NA,NA,NA
GHA,53,Dormaa,1,2014,DHS 2014,0.25498474061725,0.250456775,0.05818516015682767,0.1535068155,0.37980254324999996,0.167686293,0.35712345849999994,0.22629572774999995,0.2281907537524674,Medium,High (20-50%),25.5%,[15.4%–38.0%],23%,0.197375,-0.38479176586673863,-1.0508539925,0.2839957039999989,NA,NA,NA,NA,NA,NA,NA,NA,NA,NA,NA,NA,NA,NA
GHA,54,Dormaa East,1,2014,DHS 2014,0.337618522787,0.32263234,0.1528389192480788,0.094373734025,0.66759192375,0.1175585065,0.6124262315,0.5732181897249999,0.45269707949200194,Low,High (20-50%),33.8%,[9.4%–66.8%],45%,0.53875,-0.05160134061537537,-1.0995525725,0.9927259317499997,NA,NA,NA,NA,NA,NA,NA,NA,NA,NA,NA,NA,NA,NA
GHA,55,Dormaa West,1,2014,DHS 2014,0.39929741497625,0.39937106499999997,0.024311389965110227,0.35282353925000004,0.44706202149999996,0.3596424195,0.43985799699999995,0.09423848224999992,0.06088541786967556,High,High (20-50%),39.9%,[35.3%–44.7%],6%,0.9995,0.06119540885165437,-0.689079288,0.8275181604999998,NA,NA,NA,NA,NA,NA,NA,NA,NA,NA,NA,NA,NA,NA
GHA,56,Jaman North,1,2014,DHS 2014,0.212932841071,0.207720485,0.0549778531303275,0.12019040425,0.33299992074999996,0.131697425,0.3115413039999999,0.21280951649999996,0.2581933949399368,Medium,High (20-50%),21.3%,[12.0%–33.3%],26%,0.06575,-0.49016997843832627,-1.1718903024999998,0.20093110999999977,NA,NA,NA,NA,NA,NA,NA,NA,NA,NA,NA,NA,NA,NA
GHA,57,Jaman South,1,2014,DHS 2014,0.38785262121375,0.38666852,0.05887649670991381,0.27603083650000004,0.5068040042499999,0.2927939195,0.486190754,0.2307731677499999,0.15180120873146374,High,High (20-50%),38.8%,[27.6%–50.7%],15%,0.917625,0.19788403629560625,-0.4673867585,0.84243151325,NA,NA,NA,NA,NA,NA,NA,NA,NA,NA,NA,NA,NA,NA
GHA,58,Sunyani,1,2014,DHS 2014,0.180002141289625,0.16413296,0.08560397804084793,0.058824297350000006,0.3875534114999997,0.06943082965,0.3464431999999999,0.3287291141499997,0.47557199835256625,Low,Moderate (5-20%),18.0%,[5.9%–38.8%],48%,0.088125,-0.4762383315269669,-1.2579449,0.28969057549999994,NA,NA,NA,NA,NA,NA,NA,NA,NA,NA,NA,NA,NA,NA
GHA,59,Sunyani West,1,2014,DHS 2014,0.312628878056125,0.292816205,0.1471935763267628,0.08359005617500001,0.6468460262499998,0.1048344045,0.5868455669999998,0.5632559700749997,0.4708252712992743,Low,High (20-50%),31.3%,[8.4%–64.7%],47%,0.47025,-0.033211676705755075,-0.9711607555,0.9121503924999997,NA,NA,NA,NA,NA,NA,NA,NA,NA,NA,NA,NA,NA,NA
GHA,60,Tain,1,2014,DHS 2014,0.319621181007,0.297757,0.15136939119594475,0.08985851119999999,0.6572539542499996,0.110808714,0.6055460495,0.5673954430499996,0.4735899877443655,Low,High (20-50%),32.0%,[9.0%–65.7%],47%,0.4805,-0.06078502893330625,-0.90639264575,0.8022594624999998,NA,NA,NA,NA,NA,NA,NA,NA,NA,NA,NA,NA,NA,NA
GHA,61,Wenchi,1,2014,DHS 2014,0.45793665829375,0.457783425,0.02444138299646841,0.41124905275,0.5057907552500001,0.4183309595,0.4988312869999999,0.09454170250000005,0.053372846558159,High,High (20-50%),45.8%,[41.1%–50.6%],5%,1,0.3749325185995875,-0.13938665174999998,0.8870620865,NA,NA,NA,NA,NA,NA,NA,NA,NA,NA,NA,NA,NA,NA
GHA,62,Atebubu-Amantin,1,2014,DHS 2014,0.63256915740625,0.6333528900000001,0.039149974128909346,0.552601751,0.7070649372500001,0.5663774355,0.6952846669999999,0.1544631862500001,0.06189042521364405,High,Very high (≥50%),63.3%,[55.3%–70.7%],6%,1,0.55540773695545,0.23741710325000004,0.879504955,NA,NA,NA,NA,NA,NA,NA,NA,NA,NA,NA,NA,NA,NA
GHA,63,Kintampo North,1,2014,DHS 2014,0.295681193089625,0.27276196500000005,0.14547686980930688,0.07764621737499999,0.62420143325,0.0970178844,0.5639636764999999,0.546555215875,0.49200582657690667,Low,High (20-50%),29.6%,[7.8%–62.4%],49%,0.4175,-0.01349526394685375,-1.0368096924999999,1.0349547249999997,NA,NA,NA,NA,NA,NA,NA,NA,NA,NA,NA,NA,NA,NA
GHA,64,Kintampo South,1,2014,DHS 2014,0.310615521799125,0.2935797,0.14341010943991495,0.088593204375,0.6250874062499999,0.108156336,0.5713819615,0.536494201875,0.46169653277230055,Low,High (20-50%),31.1%,[8.9%–62.5%],46%,0.46925,-0.118421591742759,-0.91440992925,0.6689246864999991,NA,NA,NA,NA,NA,NA,NA,NA,NA,NA,NA,NA,NA,NA
GHA,65,Nkoranza North,1,2014,DHS 2014,0.3514272136205,0.334002675,0.15655079214046738,0.10074166175,0.6948088092499998,0.12558007150000003,0.6391913955,0.5940671474999998,0.4454714548928581,Low,High (20-50%),35.1%,[10.1%–69.5%],45%,0.570125,-0.0010940496307687499,-1.03194634,1.0239890574999997,NA,NA,NA,NA,NA,NA,NA,NA,NA,NA,NA,NA,NA,NA
GHA,66,Nkoranza South,1,2014,DHS 2014,0.349762242307375,0.332237015,0.15519909187913014,0.10530037149999999,0.6856860904999996,0.126464864,0.6341365480000001,0.5803857189999997,0.4437274042369028,Low,High (20-50%),35.0%,[10.5%–68.6%],44%,0.56675,-0.10587554579805625,-0.9897761737499999,0.8003692044999998,NA,NA,NA,NA,NA,NA,NA,NA,NA,NA,NA,NA,NA,NA
GHA,67,Pru East,1,2014,DHS 2014,0.21647827672375,0.21589511,0.016729224416974615,0.18453170300000002,0.25062479249999997,0.18956024300000002,0.244539698,0.06609308949999995,0.07727899847578211,High,High (20-50%),21.6%,[18.5%–25.1%],8%,0,-0.3826710947685337,-0.8335100795,0.06939332942499994,NA,NA,NA,NA,NA,NA,NA,NA,NA,NA,NA,NA,NA,NA
GHA,68,Pru West,1,2014,DHS 2014,0.362912350421875,0.34720056499999996,0.15605442538366185,0.1083460275,0.6948472934999997,0.1334651275,0.6463555914999999,0.5865012659999997,0.43000582703303747,Low,High (20-50%),36.3%,[10.8%–69.5%],43%,0.60425,-0.1293764720314645,-0.8725726625,0.6137012577499997,NA,NA,NA,NA,NA,NA,NA,NA,NA,NA,NA,NA,NA,NA
GHA,69,Sene East,1,2014,DHS 2014,0.66411976040625,0.66412056,0.022537261580660287,0.6195675332499999,0.70750131075,0.6266134,0.700094821,0.08793377750000009,0.03393553832350053,High,Very high (≥50%),66.4%,[62.0%–70.8%],3%,1,0.6697002192614625,0.2002055325,1.1410484574999997,NA,NA,NA,NA,NA,NA,NA,NA,NA,NA,NA,NA,NA,NA
GHA,70,Sene West,1,2014,DHS 2014,0.39314328376,0.389393885,0.09933171610616137,0.21397019975,0.5947794445,0.2364670225,0.565227595,0.38080924475,0.2526603409224202,Medium,High (20-50%),39.3%,[21.4%–59.5%],25%,0.8,-0.27117256720532473,-0.8824700384999999,0.32738854949999974,NA,NA,NA,NA,NA,NA,NA,NA,NA,NA,NA,NA,NA,NA
GHA,71,Techiman,1,2014,DHS 2014,0.2095122253755,0.19656709,0.0907934744232413,0.07405647062500001,0.42142957025,0.08804287425,0.3812614205,0.34737309962499996,0.4333564509685101,Low,High (20-50%),21.0%,[7.4%–42.1%],43%,0.145,-0.31999917739741024,-1.1576851624999998,0.4983620952499991,NA,NA,NA,NA,NA,NA,NA,NA,NA,NA,NA,NA,NA,NA
GHA,72,Techiman North,1,2014,DHS 2014,0.4572370568375,0.456812255,0.02445932941621956,0.41045701425000003,0.50601604775,0.41742060400000003,0.49827078,0.09555903349999995,0.05349376007577684,High,High (20-50%),45.7%,[41.0%–50.6%],5%,1,0.474861836864937,-0.1722126362499999,1.1316523124999998,NA,NA,NA,NA,NA,NA,NA,NA,NA,NA,NA,NA,NA,NA
GHA,73,Abura-Asebu-Kwamankese,1,2014,DHS 2014,0.55002296777375,0.55341139,0.12060439229000636,0.30370658875,0.7714338837499999,0.344929682,0.74070724,0.4677272949999999,0.21927155656455521,Medium,Very high (≥50%),55.0%,[30.4%–77.1%],22%,0.97475,0.29959109506388854,-0.6018418779999999,1.2266453399999995,NA,NA,NA,NA,NA,NA,NA,NA,NA,NA,NA,NA,NA,NA
GHA,74,Agona East,1,2014,DHS 2014,0.520513433985,0.52114417,0.10084323654976823,0.323477358,0.7118009837499999,0.350984286,0.6845509474999999,0.3883236257499999,0.19373800936840815,Medium,Very high (≥50%),52.1%,[32.3%–71.2%],19%,0.983625,0.194409083726672,-0.406048765,0.7923006027499997,NA,NA,NA,NA,NA,NA,NA,NA,NA,NA,NA,NA,NA,NA
GHA,75,Agona West,1,2014,DHS 2014,0.4119920134375,0.409537285,0.0823837137361448,0.2599467225,0.58005422375,0.280640855,0.5546666994999999,0.32010750125000004,0.19996434651431066,Medium,High (20-50%),41.2%,[26.0%–58.0%],20%,0.903125,-0.028219522178553,-0.6544354925,0.5883698564999998,NA,NA,NA,NA,NA,NA,NA,NA,NA,NA,NA,NA,NA,NA
GHA,76,Ajumako-Enyan-Essiam,1,2014,DHS 2014,0.44287376245125,0.441452915,0.07742144920095911,0.296036827,0.5962104839999999,0.31740993,0.571738741,0.30017365699999987,0.17481606671038996,Medium,High (20-50%),44.3%,[29.6%–59.6%],17%,0.964,-0.007194326631529,-0.653768365,0.641073891249999,NA,NA,NA,NA,NA,NA,NA,NA,NA,NA,NA,NA,NA,NA
GHA,77,Asikuma-Odoben-Brakwa,1,2014,DHS 2014,0.26414047180625,0.261735465,0.04224280729050065,0.18865403175,0.35376489375,0.200228863,0.337599256,0.16511086199999997,0.15992553886814523,High,High (20-50%),26.4%,[18.9%–35.4%],16%,0.17225,-0.26896301616434526,-1.0128265275,0.4811399587499996,NA,NA,NA,NA,NA,NA,NA,NA,NA,NA,NA,NA,NA,NA
GHA,78,Assin Central,1,2014,DHS 2014,0.33369826092375,0.33346879,0.021787530956843736,0.29137197175,0.3767202265,0.2984906925,0.369554234,0.08534825474999996,0.0652911132845915,High,High (20-50%),33.4%,[29.1%–37.7%],7%,0.863375,-0.0509889285113825,-0.8032144119999999,0.70287827775,NA,NA,NA,NA,NA,NA,NA,NA,NA,NA,NA,NA,NA,NA
GHA,79,Assin North,1,2014,DHS 2014,0.4774103631,0.47772617500000003,0.10271502728099828,0.2810525675,0.67861885875,0.308189442,0.6470515944999999,0.39756629125000004,0.2151503930790946,Medium,High (20-50%),47.7%,[28.1%–67.9%],22%,0.953375,0.09903406876970812,-0.36682645649999995,0.56586236725,NA,NA,NA,NA,NA,NA,NA,NA,NA,NA,NA,NA,NA,NA
GHA,80,Assin South,1,2014,DHS 2014,0.44587370661875,0.44522456,0.04728319326861024,0.35508558425000003,0.5400454522499999,0.36929377300000005,0.5249517945,0.18495986799999986,0.1060461573910218,High,High (20-50%),44.6%,[35.5%–54.0%],11%,0.999125,0.0210031957137669,-0.32005673599999995,0.37070099774999987,NA,NA,NA,NA,NA,NA,NA,NA,NA,NA,NA,NA,NA,NA
GHA,81,Awutu Senya East,1,2014,DHS 2014,0.33264304176625,0.33252775,0.022030262498817867,0.29065725475,0.377041808,0.2969158995,0.369708381,0.08638455325,0.06622793725623351,High,High (20-50%),33.3%,[29.1%–37.7%],7%,0.8555,0.21661322357662,-0.53414107525,0.9811931524999999,NA,NA,NA,NA,NA,NA,NA,NA,NA,NA,NA,NA,NA,NA
GHA,82,Awutu Senya West,1,2014,DHS 2014,0.34851313790425,0.32920733999999996,0.15808898872309854,0.09773281165,0.69047502025,0.119449882,0.6386282064999996,0.5927422085999999,0.453609840001302,Low,High (20-50%),34.9%,[9.8%–69.0%],45%,0.559875,0.5764744446698588,-0.30541899624999996,1.4769012774999997,NA,NA,NA,NA,NA,NA,NA,NA,NA,NA,NA,NA,NA,NA
GHA,83,Cape Coast,1,2014,DHS 2014,0.24129915371475,0.21355971499999998,0.13802411695920722,0.05208571470000001,0.5735513297499996,0.06676109544999999,0.5124543604999999,0.5214656150499996,0.5720041485200209,Low,High (20-50%),24.1%,[5.2%–57.4%],57%,0.27675,-0.0848751212881725,-1.1768918350000002,1.0123029849999994,NA,NA,NA,NA,NA,NA,NA,NA,NA,NA,NA,NA,NA,NA
GHA,84,Effutu,1,2014,DHS 2014,0.143016220710875,0.137201565,0.04604993121902503,0.06988525015,0.24904996274999996,0.07820353355000001,0.22893104099999995,0.17916471259999997,0.3219909671093929,Medium,Moderate (5-20%),14.3%,[7.0%–24.9%],32%,0.003,-0.457234541984822,-1.3494056574999997,0.40112361749999964,NA,NA,NA,NA,NA,NA,NA,NA,NA,NA,NA,NA,NA,NA
GHA,85,Ekumfi,1,2014,DHS 2014,0.32462775571525,0.31658008000000004,0.09799427809481308,0.15838800949999998,0.5358636189999999,0.176868726,0.49882090349999963,0.3774756094999999,0.3018666037317203,Medium,High (20-50%),32.5%,[15.8%–53.6%],30%,0.548,-0.18766314728096115,-0.9236652575,0.5334561642499999,NA,NA,NA,NA,NA,NA,NA,NA,NA,NA,NA,NA,NA,NA
GHA,86,Gomoa Central,1,2014,DHS 2014,0.356213700333875,0.33859401,0.1597139320556285,0.1022039025,0.7000837614999998,0.1273400415,0.6443256814999998,0.5978798589999998,0.4483654949428685,Low,High (20-50%),35.6%,[10.2%–70.0%],45%,0.58325,-0.027278210647511875,-1.1395068925,1.085672945,NA,NA,NA,NA,NA,NA,NA,NA,NA,NA,NA,NA,NA,NA
GHA,87,Gomoa East,1,2014,DHS 2014,0.258148900007125,0.24758763,0.0916604339965332,0.1066375585,0.4636766874999998,0.125404865,0.42527114549999995,0.3570391289999998,0.3550680789033126,Low,High (20-50%),25.8%,[10.7%–46.4%],36%,0.2885,-0.16255218755157913,-0.86723093725,0.5202844919999998,NA,NA,NA,NA,NA,NA,NA,NA,NA,NA,NA,NA,NA,NA
GHA,88,Gomoa West,1,2014,DHS 2014,0.36455384654375,0.36409702,0.02512814342055803,0.31580313000000004,0.41590952049999996,0.32360441300000004,0.40688272899999994,0.10010639049999992,0.06892848246916634,High,High (20-50%),36.5%,[31.6%–41.6%],7%,0.981625,-0.2957154934439475,-0.8216115970000001,0.2183687167499999,NA,NA,NA,NA,NA,NA,NA,NA,NA,NA,NA,NA,NA,NA
GHA,89,Komenda-Edina-Eguafo-Abirem-,1,2014,DHS 2014,0.31661100879875,0.30872019500000003,0.09870756003091555,0.148856021,0.5308812772499998,0.1686356105,0.4925061929999999,0.3820252562499998,0.31176288027829707,Medium,High (20-50%),31.7%,[14.9%–53.1%],31%,0.512875,-0.17939196425631462,-1.0782934575,0.7218218832500001,NA,NA,NA,NA,NA,NA,NA,NA,NA,NA,NA,NA,NA,NA
GHA,90,Mfantseman,1,2014,DHS 2014,0.23215142510375,0.213714125,0.11050828543123081,0.0710045765,0.4900720002499999,0.08613782960000001,0.4428361874999999,0.41906742374999995,0.47601812214525036,Low,High (20-50%),23.2%,[7.1%–49.0%],48%,0.232875,-0.35266240873027127,-1.33974278,0.632219129749999,NA,NA,NA,NA,NA,NA,NA,NA,NA,NA,NA,NA,NA,NA
GHA,91,Twifo-Atti-Morkwa,1,2014,DHS 2014,0.27513396860625,0.27480295,0.01973256794329413,0.23770187150000002,0.31461853749999996,0.24300865600000002,0.30846141299999996,0.07691666599999994,0.07171985357988937,High,High (20-50%),27.5%,[23.8%–31.5%],7%,0.1135,-0.41798811138327213,-0.9431097420000001,0.10076085649999988,NA,NA,NA,NA,NA,NA,NA,NA,NA,NA,NA,NA,NA,NA
GHA,92,Twifo-Hemang-Lower Denkyira,1,2014,DHS 2014,0.4126799556425,0.40273190999999997,0.16140628282517733,0.134621978,0.7424126904999999,0.1657696515,0.6943589184999995,0.6077907124999999,0.3911173310413985,Low,High (20-50%),41.3%,[13.5%–74.2%],39%,0.719375,-0.0873007576482975,-1.1594205275,0.9602938334999996,NA,NA,NA,NA,NA,NA,NA,NA,NA,NA,NA,NA,NA,NA
GHA,93,Upper Denkyira East,1,2014,DHS 2014,0.36282546172925,0.34819452500000003,0.15368579321735198,0.11083574925,0.6935472404999999,0.1388943915,0.6406371089999999,0.58271149125,0.42358050751145027,Low,High (20-50%),36.3%,[11.1%–69.4%],42%,0.6005,-0.12169270641008087,-1.069170525,0.82730748025,NA,NA,NA,NA,NA,NA,NA,NA,NA,NA,NA,NA,NA,NA
GHA,94,Upper Denkyira West,1,2014,DHS 2014,0.354355817144375,0.34062089,0.1512614320700986,0.10884121325,0.6761327924999998,0.131817057,0.6237870974999997,0.5672915792499998,0.42686312669863763,Low,High (20-50%),35.4%,[10.9%–67.6%],43%,0.58575,0.030211099739056252,-0.8089517675,0.8797380065,NA,NA,NA,NA,NA,NA,NA,NA,NA,NA,NA,NA,NA,NA
GHA,95,Abuakwa North,1,2014,DHS 2014,0.2256694759965,0.21152463,0.09764603048069737,0.077845078725,0.45667344125,0.09329779575,0.40601376399999967,0.37882836252499996,0.43269489615073947,Low,High (20-50%),22.6%,[7.8%–45.7%],43%,0.19575,-0.20445539778373398,-1.1218105099999998,0.71415037525,NA,NA,NA,NA,NA,NA,NA,NA,NA,NA,NA,NA,NA,NA
GHA,96,Abuakwa South,1,2014,DHS 2014,0.5949673235375,0.5952801999999999,0.023324750716312237,0.54826771625,0.64062449225,0.556409975,0.633749562,0.09235677599999992,0.03920341469785291,High,Very high (≥50%),59.5%,[54.8%–64.1%],4%,1,0.5855211774862372,-0.17281548349999998,1.3441659124999998,NA,NA,NA,NA,NA,NA,NA,NA,NA,NA,NA,NA,NA,NA
GHA,97,Achiase,1,2014,DHS 2014,0.352382945072,0.338315625,0.15217696637201214,0.1032011585,0.6764446267499999,0.12633579849999999,0.6268738485,0.5732434682499999,0.43185111112831764,Low,High (20-50%),35.2%,[10.3%–67.6%],43%,0.578625,-0.00830483420483765,-1.04464954,0.9847319459999984,NA,NA,NA,NA,NA,NA,NA,NA,NA,NA,NA,NA,NA,NA
GHA,98,Akwapem North,1,2014,DHS 2014,0.283347882610125,0.264522955,0.1400465100056361,0.0736906444,0.6093899109999998,0.09126065280000001,0.5472536054999999,0.5356992665999998,0.4942564197606315,Low,High (20-50%),28.3%,[7.4%–60.9%],49%,0.384125,0.06067029706866625,-0.9677848005,1.110846035,NA,NA,NA,NA,NA,NA,NA,NA,NA,NA,NA,NA,NA,NA
GHA,99,Akwapem South,1,2014,DHS 2014,0.277184456531625,0.254587905,0.1399872863979891,0.073229452725,0.6007891834999998,0.09004936535000001,0.544838666,0.5275597307749997,0.5050329594582351,Low,High (20-50%),27.7%,[7.3%–60.1%],51%,0.371375,0.07135044703426438,-0.9572825185,1.0936554849999995,NA,NA,NA,NA,NA,NA,NA,NA,NA,NA,NA,NA,NA,NA
GHA,100,Akyemansa,1,2014,DHS 2014,0.30123419818125,0.30091537,0.020787873782606266,0.261311635,0.34300174624999996,0.26756897849999994,0.33609813,0.08169011124999997,0.0690090099600789,High,High (20-50%),30.1%,[26.1%–34.3%],7%,0.4405,-0.09149740402969837,-0.829793982,0.6524253544999998,NA,NA,NA,NA,NA,NA,NA,NA,NA,NA,NA,NA,NA,NA
GHA,101,Asene-Manso-Akroso,1,2014,DHS 2014,0.6604169766825,0.661082605,0.022103363854374617,0.616049117,0.702046662,0.6233868920000001,0.6962287965,0.08599754500000001,0.0334688002198359,High,Very high (≥50%),66.0%,[61.6%–70.2%],3%,1,0.6514537095175863,0.10050474375,1.2040281549999998,NA,NA,NA,NA,NA,NA,NA,NA,NA,NA,NA,NA,NA,NA
GHA,102,Asuogyaman,1,2014,DHS 2014,0.291020156098375,0.26980171,0.14247150609620493,0.079088190825,0.6197673945,0.09685573345000001,0.5578651964999997,0.540679203675,0.48955889518540624,Low,High (20-50%),29.1%,[7.9%–62.0%],49%,0.412,0.01432520860688125,-1.002550615,1.0460671099999999,NA,NA,NA,NA,NA,NA,NA,NA,NA,NA,NA,NA,NA,NA
GHA,103,Atiwa East,1,2014,DHS 2014,0.72060836379125,0.7210427150000001,0.020151742013179985,0.6790991625000001,0.758532402,0.686863879,0.752632844,0.07943323949999992,0.02796490163832966,High,Very high (≥50%),72.1%,[67.9%–75.9%],3%,1,0.8401410517073813,0.07140893315,1.61455811,NA,NA,NA,NA,NA,NA,NA,NA,NA,NA,NA,NA,NA,NA
GHA,104,Atiwa West,1,2014,DHS 2014,0.333842126028625,0.31473633,0.15541024452080954,0.09136402125,0.6743440707499998,0.11375396050000001,0.6218038579999999,0.5829800494999998,0.46552017377065236,Low,High (20-50%),33.4%,[9.1%–67.4%],47%,0.525,0.0453588499816,-1.0174175425,1.101961725,NA,NA,NA,NA,NA,NA,NA,NA,NA,NA,NA,NA,NA,NA
GHA,105,Ayensuano,1,2014,DHS 2014,0.36389092752325,0.349777385,0.15577316796646037,0.10966851325000002,0.6907856044999998,0.13366106449999998,0.6411831569999998,0.5811170912499998,0.42807653663337786,Low,High (20-50%),36.4%,[11.0%–69.1%],43%,0.611,0.09054205816378424,-0.8541992655,1.0269605174999998,NA,NA,NA,NA,NA,NA,NA,NA,NA,NA,NA,NA,NA,NA
GHA,106,Birim Central,1,2014,DHS 2014,0.3117941941995,0.29097781,0.14679499438062082,0.08654214277500001,0.6389210399999998,0.109940066,0.5780270884999997,0.5523788972249998,0.47080733737682995,Low,High (20-50%),31.2%,[8.7%–63.9%],47%,0.468,0.025564308928217875,-1.0001683024999999,1.0605577675000002,NA,NA,NA,NA,NA,NA,NA,NA,NA,NA,NA,NA,NA,NA
GHA,107,Birim North,1,2014,DHS 2014,0.34181292924125,0.3400651,0.04879678890790466,0.251318975,0.44276834024999995,0.264225308,0.4251437135,0.19144936524999995,0.14275875700846913,High,High (20-50%),34.2%,[25.1%–44.3%],14%,0.771125,0.045011811589913374,-0.71188943575,0.8220741182499998,NA,NA,NA,NA,NA,NA,NA,NA,NA,NA,NA,NA,NA,NA
GHA,108,Birim South,1,2014,DHS 2014,0.316672441277125,0.31028667499999996,0.08921124169652098,0.165072335,0.5102445232499999,0.183213735,0.4741700044999999,0.34517218824999996,0.281714573382945,Medium,High (20-50%),31.7%,[16.5%–51.0%],28%,0.52625,-0.022948916498375,-0.8805240297500001,0.8313817382499994,NA,NA,NA,NA,NA,NA,NA,NA,NA,NA,NA,NA,NA,NA
GHA,109,Denkyembour,1,2014,DHS 2014,0.286689956975,0.28645376,0.020333013589853396,0.247694244,0.32852265299999994,0.2544398455,0.32095443399999996,0.08082840899999993,0.07092335498737572,High,High (20-50%),28.7%,[24.8%–32.9%],7%,0.23425,-0.0880639805808425,-0.82488166925,0.648349319749999,NA,NA,NA,NA,NA,NA,NA,NA,NA,NA,NA,NA,NA,NA
GHA,110,Fanteakwa North,1,2014,DHS 2014,0.175497224486625,0.16336949,0.07396979681701608,0.0658637592,0.35011594625,0.07687380515,0.313563679,0.28425218705,0.4214869895144893,Low,Moderate (5-20%),17.5%,[6.6%–35.0%],42%,0.0595,-0.32799987204004377,-1.254604725,0.5388253614999995,NA,NA,NA,NA,NA,NA,NA,NA,NA,NA,NA,NA,NA,NA
GHA,111,Fanteakwa South,1,2014,DHS 2014,0.330290000281625,0.309480675,0.15164233581709682,0.09542559407500001,0.6719502719999998,0.116042991,0.615587852,0.5765246779249997,0.4591187613545597,Low,High (20-50%),33.0%,[9.5%–67.2%],46%,0.514125,0.03148654567046375,-1.0184361675,1.1043094874999992,NA,NA,NA,NA,NA,NA,NA,NA,NA,NA,NA,NA,NA,NA
GHA,112,Kwaebibirem,1,2014,DHS 2014,0.238240019025875,0.225647415,0.08904687109387154,0.09718696017500002,0.4392049302499999,0.11276264999999999,0.3990163474999999,0.3420179700749999,0.37376957682411976,Low,High (20-50%),23.8%,[9.7%–43.9%],37%,0.21725,-0.28962298002930315,-1.1949992875,0.6136487437499982,NA,NA,NA,NA,NA,NA,NA,NA,NA,NA,NA,NA,NA,NA
GHA,113,Kwahu Afram Plains North,1,2014,DHS 2014,0.29607172337525,0.288242585,0.0877225871307916,0.1466612785,0.486540204,0.1647396425,0.4535412805,0.3398789255,0.29628829842561294,Medium,High (20-50%),29.6%,[14.7%–48.7%],30%,0.43025,-0.3936965581737991,-1.2209108525,0.4632037957499998,NA,NA,NA,NA,NA,NA,NA,NA,NA,NA,NA,NA,NA,NA
GHA,114,Kwahu Afram Plains South,1,2014,DHS 2014,0.37618654313125,0.3756961,0.023561366323669408,0.33051839325,0.42267114749999996,0.33838086749999996,0.41504147599999996,0.09215275424999997,0.06263213491783234,High,High (20-50%),37.6%,[33.1%–42.3%],6%,0.995375,-0.3714165713443825,-0.66049957975,-0.08659804867500005,NA,NA,NA,NA,NA,NA,NA,NA,NA,NA,NA,NA,NA,NA
GHA,115,Kwahu East,1,2014,DHS 2014,0.47543997389875,0.47485196,0.08823836312834357,0.30812541899999996,0.64938620525,0.3322136515,0.6226918959999999,0.34126078625000006,0.1855930674166133,Medium,High (20-50%),47.5%,[30.8%–64.9%],19%,0.974625,0.2676862943788145,-0.54332452925,1.0993257799999991,NA,NA,NA,NA,NA,NA,NA,NA,NA,NA,NA,NA,NA,NA
GHA,116,Kwahu South,1,2014,DHS 2014,0.33014932498125,0.311314215,0.15158368794458035,0.09523024527500001,0.6624844642499996,0.1178489785,0.6091383739999998,0.5672542189749996,0.4591367495698777,Low,High (20-50%),33.0%,[9.5%–66.2%],46%,0.516625,0.0162994192316545,-1.0122008574999999,1.0457824249999998,NA,NA,NA,NA,NA,NA,NA,NA,NA,NA,NA,NA,NA,NA
GHA,117,Kwahu West,1,2014,DHS 2014,0.202119501915,0.201607985,0.015970805949717184,0.1720699925,0.23529733625,0.176129439,0.2289132685,0.06322734375,0.07901665004316902,High,High (20-50%),20.2%,[17.2%–23.5%],8%,0,-0.27055672227635,-1.0108452875,0.4731730102499995,NA,NA,NA,NA,NA,NA,NA,NA,NA,NA,NA,NA,NA,NA
GHA,118,Lower Manya-Krobo,1,2014,DHS 2014,0.3235750351885,0.30434632,0.15050937068377446,0.08865839722500002,0.6569775949999996,0.109106035,0.6006534874999999,0.5683191977749996,0.46514518833659274,Low,High (20-50%),32.4%,[8.9%–65.7%],47%,0.50275,0.0520517213521625,-0.9922151965,1.0836874549999997,NA,NA,NA,NA,NA,NA,NA,NA,NA,NA,NA,NA,NA,NA
GHA,119,New Juaben North,1,2014,DHS 2014,0.1453956067775,0.14520737,0.012252752846179034,0.1225500755,0.17074942875,0.125903893,0.16606339399999998,0.04819935324999999,0.08427182304709877,High,Moderate (5-20%),14.5%,[12.3%–17.1%],8%,0,-0.3800401476394321,-1.1334351325,0.3889082457499999,NA,NA,NA,NA,NA,NA,NA,NA,NA,NA,NA,NA,NA,NA
GHA,120,New Juaben South,1,2014,DHS 2014,0.20988927911375,0.205231985,0.052419503660634616,0.12099182650000001,0.324653204,0.13275032850000001,0.3036441829999999,0.20366137749999996,0.24974836200292888,Medium,High (20-50%),21.0%,[12.1%–32.5%],25%,0.0495,0.039409802150287,-0.493165369,0.5828032587499987,NA,NA,NA,NA,NA,NA,NA,NA,NA,NA,NA,NA,NA,NA
GHA,121,Nsawam Adoagyiri,1,2014,DHS 2014,0.380313295498875,0.36958496500000004,0.14383104935103985,0.13693105649999998,0.6839020825,0.163761087,0.6353587455,0.546971026,0.3781909574377878,Low,High (20-50%),38.0%,[13.7%–68.4%],38%,0.66475,0.2418051972230175,-0.7397296277500001,1.2311013499999999,NA,NA,NA,NA,NA,NA,NA,NA,NA,NA,NA,NA,NA,NA
GHA,122,Okere,1,2014,DHS 2014,0.44232581860875,0.44250234499999996,0.024057765266857416,0.39571780850000005,0.48883175475000007,0.402825479,0.48212146749999985,0.09311394625000002,0.05438924036251478,High,High (20-50%),44.2%,[39.6%–48.9%],5%,1,0.30652448118464276,-0.4417007335,1.0324421124999998,NA,NA,NA,NA,NA,NA,NA,NA,NA,NA,NA,NA,NA,NA
GHA,123,Suhum,1,2014,DHS 2014,0.284782053409125,0.279747395,0.06945751001136577,0.164043983,0.43237754949999996,0.17798235050000002,0.40589635949999997,0.26833356649999995,0.2438970756053275,Medium,High (20-50%),28.5%,[16.4%–43.2%],24%,0.368375,-0.03556512755497625,-0.5313898389999999,0.44940365024999984,NA,NA,NA,NA,NA,NA,NA,NA,NA,NA,NA,NA,NA,NA
GHA,124,Upper Manya,1,2014,DHS 2014,0.33370667117625,0.33313406,0.02194670121768906,0.29237165525,0.37819552525,0.298292817,0.36992177,0.08582387000000002,0.06576644434566226,High,High (20-50%),33.4%,[29.2%–37.8%],7%,0.8645,-0.019672319387078,-0.7558115157499999,0.7250571379999998,NA,NA,NA,NA,NA,NA,NA,NA,NA,NA,NA,NA,NA,NA
GHA,125,Upper West Akim,1,2014,DHS 2014,0.49108116646875,0.491125705,0.04152697597074353,0.41010875325,0.572278318,0.42269923249999997,0.5595840935,0.16216956474999994,0.08456234693208521,High,High (20-50%),49.1%,[41.0%–57.2%],8%,1,0.2984542513908025,-0.43533731749999993,1.0502455725000002,NA,NA,NA,NA,NA,NA,NA,NA,NA,NA,NA,NA,NA,NA
GHA,126,West Akim,1,2014,DHS 2014,0.324006845777125,0.311278545,0.11688909200356316,0.132775408,0.5760688802499999,0.15365180450000002,0.5355432179999997,0.44329347224999993,0.360761179978178,Low,High (20-50%),32.4%,[13.3%–57.6%],36%,0.522125,0.1365177118809444,-0.456242478,0.7272260217499997,NA,NA,NA,NA,NA,NA,NA,NA,NA,NA,NA,NA,NA,NA
GHA,127,Yilo-Krobo,1,2014,DHS 2014,0.44788029926125,0.44750977999999997,0.043088686062474166,0.364557843,0.5318890725,0.37745003499999996,0.518948067,0.16733122949999996,0.09620580796598155,High,High (20-50%),44.8%,[36.5%–53.2%],10%,0.9995,0.3584938820905354,-0.40140201275,1.108266545,NA,NA,NA,NA,NA,NA,NA,NA,NA,NA,NA,NA,NA,NA
GHA,128,Ablekuma Central,1,2014,DHS 2014,0.202095481205875,0.17667462499999997,0.11906264094512456,0.04479683055,0.4938541942499998,0.05629483725,0.4352023554999997,0.4490573636999998,0.5891405400788514,Low,High (20-50%),20.2%,[4.5%–49.4%],59%,0.17725,0.05612520780659625,-1.0090199899999999,1.10990351,NA,NA,NA,NA,NA,NA,NA,NA,NA,NA,NA,NA,NA,NA
GHA,129,Ablekuma North,1,2014,DHS 2014,0.15508549190375,0.14062921,0.0779233030806257,0.047370799150000004,0.34321561474999995,0.05623940785,0.3047710755,0.2958448156,0.5024538538329999,Low,Moderate (5-20%),15.5%,[4.7%–34.3%],50%,0.04725,-0.0479781620882975,-1.00754924,0.9160349102499991,NA,NA,NA,NA,NA,NA,NA,NA,NA,NA,NA,NA,NA,NA
GHA,130,Ablekuma West,1,2014,DHS 2014,0.219881034879375,0.19595268,0.1243833966660183,0.052225837675000004,0.5202556449999993,0.06357569785,0.46455916599999975,0.4680298073249993,0.5656849702124336,Low,High (20-50%),22.0%,[5.2%–52.0%],57%,0.2165,0.053063122448660335,-0.957171799,1.0854901549999993,NA,NA,NA,NA,NA,NA,NA,NA,NA,NA,NA,NA,NA,NA
GHA,131,Accra,1,2014,DHS 2014,0.174978806153875,0.16718363,0.05853737021217694,0.08352214325,0.30670691250000004,0.093591082,0.28181908250000004,0.22318476925000003,0.33453977369521903,Low,Moderate (5-20%),17.5%,[8.4%–30.7%],33%,0.028,0.25772742918153124,-0.691282479,1.2412514174999996,NA,NA,NA,NA,NA,NA,NA,NA,NA,NA,NA,NA,NA,NA
GHA,132,Ada East,1,2014,DHS 2014,0.34859966903475,0.3299592,0.15869233280977563,0.09751394595000001,0.69531502075,0.12187775499999999,0.6381599454999999,0.5978010748,0.45522800767190763,Low,High (20-50%),34.9%,[9.8%–69.5%],46%,0.55725,0.09073350462699376,-0.976746429,1.1636773024999996,NA,NA,NA,NA,NA,NA,NA,NA,NA,NA,NA,NA,NA,NA
GHA,133,Ada West,1,2014,DHS 2014,0.397274766369375,0.385488385,0.16235936017620467,0.1228726155,0.7405433397499999,0.1540299025,0.686818679,0.6176707242499999,0.4086827906538808,Low,High (20-50%),39.7%,[12.3%–74.1%],41%,0.677125,0.079510562406855,-0.9763400192499999,1.1497432374999998,NA,NA,NA,NA,NA,NA,NA,NA,NA,NA,NA,NA,NA,NA
GHA,134,Adenta,1,2014,DHS 2014,0.2088491083745125,0.18414643,0.1195061589992783,0.047805063999999994,0.5020175687499999,0.0613422745,0.44228587049999984,0.4542125047499999,0.572212924102972,Low,High (20-50%),20.9%,[4.8%–50.2%],57%,0.192,0.058853962880078,-0.98393907325,1.1182410975000001,NA,NA,NA,NA,NA,NA,NA,NA,NA,NA,NA,NA,NA,NA
GHA,135,Ashaiman,1,2014,DHS 2014,0.183966685765,0.18315933499999998,0.0217672681670915,0.1435722845,0.228488698,0.14962629249999998,0.22072213399999996,0.08491641349999998,0.11832179329956034,High,Moderate (5-20%),18.4%,[14.4%–22.8%],12%,0,0.005836176512272501,-0.7920630605000001,0.7943970137499999,NA,NA,NA,NA,NA,NA,NA,NA,NA,NA,NA,NA,NA,NA
GHA,136,Ayawaso Central,1,2014,DHS 2014,0.219166097257625,0.190211105,0.13060237164932592,0.046077008575,0.540810814499999,0.05942530680000001,0.47427209499999995,0.494733805924999,0.5959059055370487,Low,High (20-50%),21.9%,[4.6%–54.1%],60%,0.22225,0.05786631437143125,-1.011827125,1.1242125299999999,NA,NA,NA,NA,NA,NA,NA,NA,NA,NA,NA,NA,NA,NA
GHA,137,Ayawaso East,1,2014,DHS 2014,0.1706819355505,0.15487543,0.0845674516265698,0.05130846045,0.3757753427499999,0.06221840255,0.3320142394999999,0.3244668822999999,0.49546808426922634,Low,Moderate (5-20%),17.1%,[5.1%–37.6%],50%,0.069625,0.012809055189147288,-0.9625684685,1.00404187,NA,NA,NA,NA,NA,NA,NA,NA,NA,NA,NA,NA,NA,NA
GHA,138,Ayawaso North,1,2014,DHS 2014,0.2040426376795,0.1776106,0.12132021215660238,0.044965690324999995,0.5034925825,0.055578999850000005,0.4387605695,0.458526892175,0.5945826496673999,Low,High (20-50%),20.4%,[4.5%–50.3%],59%,0.18125,0.14259063524846124,-0.8178770855,1.1297106824999994,NA,NA,NA,NA,NA,NA,NA,NA,NA,NA,NA,NA,NA,NA
GHA,139,Ayawaso West,1,2014,DHS 2014,0.16681274119875,0.16614854,0.014073587736400238,0.14094927399999999,0.195949494,0.144504019,0.19106363199999996,0.055000220000000016,0.08436758268741702,High,Moderate (5-20%),16.7%,[14.1%–19.6%],8%,0,0.10683357025200922,-0.7151629755,0.9124735147499994,NA,NA,NA,NA,NA,NA,NA,NA,NA,NA,NA,NA,NA,NA
GHA,140,Ga Central,1,2014,DHS 2014,0.22936395220675,0.20425829,0.12667652168611093,0.056592876275,0.53216912225,0.0687633664,0.4753526349999999,0.47557624597500003,0.5522948155860341,Low,High (20-50%),22.9%,[5.7%–53.2%],55%,0.245375,0.04353026244431,-1.0048003225,1.0975051224999997,NA,NA,NA,NA,NA,NA,NA,NA,NA,NA,NA,NA,NA,NA
GHA,141,Ga East,1,2014,DHS 2014,0.165090801243375,0.15994721499999998,0.04974764664582302,0.08389134570000001,0.27573854174999995,0.0931949943,0.25328308049999965,0.19184719604999995,0.30133506089467454,Medium,Moderate (5-20%),16.5%,[8.4%–27.6%],30%,0.00875,-0.046592636484015126,-0.891051315,0.7803430384999998,NA,NA,NA,NA,NA,NA,NA,NA,NA,NA,NA,NA,NA,NA
GHA,142,Ga North,1,2014,DHS 2014,0.239255387602125,0.21500684,0.1296158172088475,0.05932232885,0.5470223324999999,0.07363854624999999,0.4880245954999999,0.4877000036499999,0.5417467021657835,Low,High (20-50%),23.9%,[5.9%–54.7%],54%,0.268875,0.06895441526868025,-0.9867040454999999,1.1086945699999997,NA,NA,NA,NA,NA,NA,NA,NA,NA,NA,NA,NA,NA,NA
GHA,143,Ga South,1,2014,DHS 2014,0.3537647491925,0.33436517,0.15940593150284613,0.10084814650000001,0.700609042,0.125919667,0.6437271065,0.5997608955,0.4505986870277623,Low,High (20-50%),35.4%,[10.1%–70.1%],45%,0.574875,0.0410749812281125,-1.0174976475,1.0991739450000002,NA,NA,NA,NA,NA,NA,NA,NA,NA,NA,NA,NA,NA,NA
GHA,144,Ga West,1,2014,DHS 2014,0.2808119984535,0.25889723499999995,0.14100683814457274,0.07541105987499999,0.6138535254999999,0.09105679824999999,0.5469684009999998,0.538442465625,0.5021396483096581,Low,High (20-50%),28.1%,[7.5%–61.4%],50%,0.3775,0.0544342054069745,-0.98180764125,1.0856622399999996,NA,NA,NA,NA,NA,NA,NA,NA,NA,NA,NA,NA,NA,NA
GHA,145,Korle-Klottey,1,2014,DHS 2014,0.08634455355783958,0.021249393,0.15495684051119302,3.3149068574999996e-4,0.6162327412499994,7.107612860000001e-4,0.4448106704999994,0.6159012505642494,1.7946336407587324,Low,Moderate (5-20%),8.6%,[0.0%–61.6%],179%,0.08575,0.05653949141737525,-1.0213886225,1.1358804025,NA,NA,NA,NA,NA,NA,NA,NA,NA,NA,NA,NA,NA,NA
GHA,146,Kpone-Katamanso,1,2014,DHS 2014,0.243695278504125,0.22157443500000001,0.12845396763692277,0.062124731025,0.5473463007499999,0.07628083335000001,0.4904122895,0.4852215697249999,0.5271089716034381,Low,High (20-50%),24.4%,[6.2%–54.7%],53%,0.28175,0.07173378962056162,-0.967229895,1.1013946549999998,NA,NA,NA,NA,NA,NA,NA,NA,NA,NA,NA,NA,NA,NA
GHA,147,Krowor,1,2014,DHS 2014,0.21355137399425,0.187333845,0.1242981876882255,0.047243923050000004,0.5153437182499996,0.06065254815,0.4553221915,0.46809979519999956,0.5820528585855519,Low,High (20-50%),21.4%,[4.7%–51.5%],58%,0.2045,0.05001141882375375,-1.0329624149999999,1.1421282349999995,NA,NA,NA,NA,NA,NA,NA,NA,NA,NA,NA,NA,NA,NA
GHA,148,La-Dade-Kotopon,1,2014,DHS 2014,0.17467269697075,0.15859823,0.085444372606404,0.054956271775,0.38023330774999997,0.065648083,0.3376941699999999,0.32527703597499996,0.4891684509841408,Low,Moderate (5-20%),17.5%,[5.5%–38.0%],49%,0.08225,0.03566472757119825,-0.9544044319999999,0.9953931389999999,NA,NA,NA,NA,NA,NA,NA,NA,NA,NA,NA,NA,NA,NA
GHA,149,La-Nkwantanang-Madina,1,2014,DHS 2014,0.226883119902875,0.202879105,0.12373487864780262,0.054465089275,0.5247101809999993,0.06780503830000001,0.463919311,0.47024509172499934,0.5453683760200915,Low,High (20-50%),22.7%,[5.4%–52.5%],55%,0.23325,0.25382081918615945,-0.6932732494999999,1.20642848,NA,NA,NA,NA,NA,NA,NA,NA,NA,NA,NA,NA,NA,NA
GHA,150,Ledzokuku,1,2014,DHS 2014,0.156931550133875,0.143721235,0.07486002966392405,0.0511881856,0.33564974924999996,0.060707700999999996,0.3014308994999998,0.28446156364999997,0.47702345130767226,Low,Moderate (5-20%),15.7%,[5.1%–33.6%],48%,0.04475,-0.12629435457740013,-1.0731285075,0.8338736582499994,NA,NA,NA,NA,NA,NA,NA,NA,NA,NA,NA,NA,NA,NA
GHA,151,Ningo-Prampram,1,2014,DHS 2014,0.2941987317465,0.27351209,0.14325554053140313,0.08121355802500002,0.6230069864999999,0.0985855506,0.5649212235,0.5417934284749999,0.4869345958120616,Low,High (20-50%),29.4%,[8.1%–62.3%],49%,0.41425,0.07875131332546376,-0.99497261,1.1660612325,NA,NA,NA,NA,NA,NA,NA,NA,NA,NA,NA,NA,NA,NA
GHA,152,Okaikwei North,1,2014,DHS 2014,0.2491237275125,0.23388696,0.10433852320524875,0.09153898705,0.48789018749999996,0.105781869,0.4421001969999999,0.39635120044999994,0.41882210196141784,Low,High (20-50%),24.9%,[9.2%–48.8%],42%,0.2685,0.2263680479401045,-0.71262099675,1.1862835374999996,NA,NA,NA,NA,NA,NA,NA,NA,NA,NA,NA,NA,NA,NA
GHA,153,Shai Osudoku,1,2014,DHS 2014,0.35673882841375,0.356368535,0.029545762013987634,0.29977964825000003,0.41549239174999997,0.3092235375,0.405493489,0.11571274349999994,0.0828218283537112,High,High (20-50%),35.7%,[30.0%–41.5%],8%,0.9455,0.95017763435625,0.5372512045000001,1.366604685,NA,NA,NA,NA,NA,NA,NA,NA,NA,NA,NA,NA,NA,NA
GHA,154,Tema,1,2014,DHS 2014,0.19945852561895,0.17441497,0.12032048695607687,0.040930476875,0.4993559699999999,0.052146681,0.4392994909999998,0.4584254931249999,0.6032356179446539,Low,Moderate (5-20%),19.9%,[4.1%–49.9%],60%,0.17025,0.06489960696152625,-1.0605131025,1.1927370099999999,NA,NA,NA,NA,NA,NA,NA,NA,NA,NA,NA,NA,NA,NA
GHA,155,Tema West,1,2014,DHS 2014,0.20313716502225,0.177316175,0.11978546682089615,0.04422654875,0.50289962525,0.057302245599999996,0.43689079499999955,0.4586730765,0.5896777520143881,Low,High (20-50%),20.3%,[4.4%–50.3%],59%,0.177125,0.0550620805327075,-1.0106856325000002,1.1030809824999996,NA,NA,NA,NA,NA,NA,NA,NA,NA,NA,NA,NA,NA,NA
GHA,156,Weija Gbawe,1,2014,DHS 2014,0.132387222424,0.12091645000000001,0.06205745717924978,0.045905145975000006,0.28231870949999993,0.05328609475,0.25269122249999976,0.23641356352499993,0.46875715075052143,Low,Moderate (5-20%),13.2%,[4.6%–28.2%],47%,0.013875,-0.261921568542655,-1.19868934,0.6550680799999989,NA,NA,NA,NA,NA,NA,NA,NA,NA,NA,NA,NA,NA,NA
GHA,157,Bunkpurugu Nakpanduri,1,2014,DHS 2014,0.26974306269375,0.267630605,0.039399734884026406,0.197996498,0.35289972174999995,0.209592719,0.337951897,0.15490322374999996,0.1460639413320464,High,High (20-50%),27.0%,[19.8%–35.3%],15%,0.19825,-0.17029759184206025,-0.6484117592499999,0.31307664424999954,NA,NA,NA,NA,NA,NA,NA,NA,NA,NA,NA,NA,NA,NA
GHA,158,Chereponi,1,2014,DHS 2014,0.35250246668775,0.33398503,0.15623998186228344,0.10205402125,0.6911854382499998,0.12727849500000002,0.6408922659999998,0.5891314169999998,0.44323088950376704,Low,High (20-50%),35.3%,[10.2%–69.1%],44%,0.57325,0.025513532893190374,-0.7779014810000001,0.8203257179999996,NA,NA,NA,NA,NA,NA,NA,NA,NA,NA,NA,NA,NA,NA
GHA,159,East Mamprusi,1,2014,DHS 2014,0.070825033134,0.0705610455,0.006548258662333839,0.05872951135,0.0843534866,0.0606131462,0.08195764104999997,0.02562397525,0.09245683867093465,High,Moderate (5-20%),7.1%,[5.9%–8.4%],9%,0,-0.917433602514625,-1.39454724,-0.45040963100000003,NA,NA,NA,NA,NA,NA,NA,NA,NA,NA,NA,NA,NA,NA
GHA,160,Mamprugu Moagduri,1,2014,DHS 2014,0.2985246572525,0.27957686,0.14310489825891828,0.0803410227,0.63100259575,0.10059546750000001,0.5654879174999999,0.55066157305,0.4793737963758096,Low,High (20-50%),29.9%,[8.0%–63.1%],48%,0.43125,-0.12056479826949325,-0.9079043017499999,0.650672628,NA,NA,NA,NA,NA,NA,NA,NA,NA,NA,NA,NA,NA,NA
GHA,161,West Mamprusi,1,2014,DHS 2014,0.097119900955375,0.09489829050000001,0.022700429933485738,0.05988800325,0.14806295849999998,0.06449749255000001,0.1384058915,0.08817495524999998,0.2337361314229121,Medium,Moderate (5-20%),9.7%,[6.0%–14.8%],23%,0,-0.655572040436057,-1.160113855,-0.15077431225000062,NA,NA,NA,NA,NA,NA,NA,NA,NA,NA,NA,NA,NA,NA
GHA,162,Yunyoo-Nasuan,1,2014,DHS 2014,0.31339556486275,0.295248935,0.1442867174797491,0.088795834375,0.6302070442499998,0.109812287,0.5783409649999998,0.5414112098749999,0.46039808362616347,Low,High (20-50%),31.3%,[8.9%–63.0%],46%,0.474,-0.00802415993514775,-0.7835029045,0.7518728479999996,NA,NA,NA,NA,NA,NA,NA,NA,NA,NA,NA,NA,NA,NA
GHA,163,Gushegu,1,2014,DHS 2014,0.4316843369105,0.42757758,0.1299185476394304,0.19708932325000003,0.69427680225,0.22540771900000003,0.6532731045,0.49718747899999993,0.30095728876622657,Medium,High (20-50%),43.2%,[19.7%–69.4%],30%,0.824875,0.19388193772337645,-0.4265620345,0.8307752109999994,NA,NA,NA,NA,NA,NA,NA,NA,NA,NA,NA,NA,NA,NA
GHA,164,Karaga,1,2014,DHS 2014,0.33254697444125,0.332656445,0.02202178752390412,0.29013124525,0.37619541775,0.2964659055,0.36912173449999996,0.08606417249999998,0.06622158436685653,High,High (20-50%),33.3%,[29.0%–37.6%],7%,0.854625,0.10193869217274,-0.68171667025,0.8719712339999999,NA,NA,NA,NA,NA,NA,NA,NA,NA,NA,NA,NA,NA,NA
GHA,165,Kpandai,1,2014,DHS 2014,0.54635551313625,0.54646035,0.024765674525495697,0.49765213325,0.5938793040000001,0.5045335145000001,0.5859255585,0.09622717075000009,0.045328863587983305,High,Very high (≥50%),54.6%,[49.8%–59.4%],5%,1,-0.251247905239665,-0.54874630525,0.04225281627499976,NA,NA,NA,NA,NA,NA,NA,NA,NA,NA,NA,NA,NA,NA
GHA,166,Kumbungu,1,2014,DHS 2014,0.29392670622925,0.27395516,0.14090984251724337,0.07930976672500001,0.6196663219999999,0.10065502850000001,0.559623908,0.5403565552749999,0.4794046935202269,Low,High (20-50%),29.4%,[7.9%–62.0%],48%,0.42225,0.07631765519098332,-0.7398793735,0.889565391499999,NA,NA,NA,NA,NA,NA,NA,NA,NA,NA,NA,NA,NA,NA
GHA,167,Mion,1,2014,DHS 2014,0.63736429638375,0.63914251,0.056667161147252974,0.520934215,0.74057413825,0.5413160345,0.7280326105,0.21963992324999992,0.08890859037565904,High,Very high (≥50%),63.7%,[52.1%–74.1%],9%,1,0.4182091932336175,0.021541668875000003,0.8187482049999997,NA,NA,NA,NA,NA,NA,NA,NA,NA,NA,NA,NA,NA,NA
GHA,168,Nanton,1,2014,DHS 2014,0.265885086255,0.24326185,0.1376878339162059,0.06687521007500001,0.587314791,0.08339595490000001,0.5230574094999999,0.520439580925,0.5178471491407941,Low,High (20-50%),26.6%,[6.7%–58.7%],52%,0.3415,-0.00808143306407125,-1.04210856,1.0273374624999996,NA,NA,NA,NA,NA,NA,NA,NA,NA,NA,NA,NA,NA,NA
GHA,169,Nanumba North,1,2014,DHS 2014,0.56643363754375,0.56669154,0.02380393420648608,0.51843909325,0.613307026,0.5270499805,0.604625754,0.09486793274999994,0.04202422424930144,High,Very high (≥50%),56.6%,[51.8%–61.3%],4%,1,0.2579849218554636,-0.2187535845,0.7281878414999999,NA,NA,NA,NA,NA,NA,NA,NA,NA,NA,NA,NA,NA,NA
GHA,170,Nanumba South,1,2014,DHS 2014,0.719780365455,0.72093041,0.03889722179796682,0.6377220735,0.79114154425,0.6533348080000001,0.7816965444999999,0.15341947075000006,0.054040404079900725,High,Very high (≥50%),72.0%,[63.8%–79.1%],5%,1,1.05364122766,0.5957578127500001,1.5294872849999999,NA,NA,NA,NA,NA,NA,NA,NA,NA,NA,NA,NA,NA,NA
GHA,171,Saboba,1,2014,DHS 2014,0.53438075452625,0.53420771,0.02435041049143958,0.48544545225,0.58188960325,0.49410641,0.5743103599999999,0.09644415100000003,0.045567528929867984,High,Very high (≥50%),53.4%,[48.5%–58.2%],5%,1,0.58796991391775,0.3022781965,0.875259253,NA,NA,NA,NA,NA,NA,NA,NA,NA,NA,NA,NA,NA,NA
GHA,172,Sagnerigu,1,2014,DHS 2014,0.1993082310377125,0.17401884499999998,0.11813521611122482,0.043955059624999994,0.49356177524999967,0.05526097515,0.4292207225,0.44960671562499965,0.592726228596508,Low,Moderate (5-20%),19.9%,[4.4%–49.4%],59%,0.17225,-0.016552353422163376,-1.0300234925,1.0073936774999994,NA,NA,NA,NA,NA,NA,NA,NA,NA,NA,NA,NA,NA,NA
GHA,173,Savelugu,1,2014,DHS 2014,0.24654675013625,0.2451218,0.029728614983354204,0.19211652199999998,0.30817511374999995,0.200064359,0.2976163985,0.11605859174999997,0.12058003184761176,High,High (20-50%),24.7%,[19.2%–30.8%],12%,0.044125,0.22621567028091524,-0.16689506875,0.6044162829999997,NA,NA,NA,NA,NA,NA,NA,NA,NA,NA,NA,NA,NA,NA
GHA,174,Tamale,1,2014,DHS 2014,0.225785136296,0.2002777,0.12755816366535924,0.052505467800000004,0.5387001029999998,0.06451816055,0.4767736729999999,0.48619463519999984,0.5649537686933161,Low,High (20-50%),22.6%,[5.3%–53.9%],56%,0.230875,-0.2832217467731866,-1.1612456325,0.5685343954999997,NA,NA,NA,NA,NA,NA,NA,NA,NA,NA,NA,NA,NA,NA
GHA,175,Tatale Sanguli,1,2014,DHS 2014,0.406682679786875,0.39481998500000004,0.16303578936612764,0.1326805565,0.7482081432500001,0.16100069499999997,0.6961326239999996,0.6155275867500001,0.4008918930394767,Low,High (20-50%),40.7%,[13.3%–74.8%],40%,0.702625,0.09937213034630263,-0.64203475025,0.8594809394999998,NA,NA,NA,NA,NA,NA,NA,NA,NA,NA,NA,NA,NA,NA
GHA,176,Tolon,1,2014,DHS 2014,0.38777636590375,0.387433605,0.0231707343250326,0.3435366595,0.43389874625,0.35029397250000005,0.4268266595,0.09036208675000001,0.059752827563461695,High,High (20-50%),38.8%,[34.4%–43.4%],6%,0.999,0.12787695396798238,-0.6316988654999999,0.8976240012499997,NA,NA,NA,NA,NA,NA,NA,NA,NA,NA,NA,NA,NA,NA
GHA,177,Yendi,1,2014,DHS 2014,0.308500460288875,0.28860499,0.14597073811934902,0.08467489747500001,0.6435853595,0.103961673,0.5833176159999997,0.5589104620249999,0.4731621404475841,Low,High (20-50%),30.9%,[8.5%–64.4%],47%,0.459,-0.1411531891205575,-1.0728848275,0.7701437657499994,NA,NA,NA,NA,NA,NA,NA,NA,NA,NA,NA,NA,NA,NA
GHA,178,Zabzugu,1,2014,DHS 2014,0.38513794080625,0.383179805,0.06485796854201356,0.265382815,0.518609025,0.28312512100000004,0.49532335149999995,0.25322620999999995,0.16840191959857165,Medium,High (20-50%),38.5%,[26.5%–51.9%],17%,0.88925,0.62783138702515,0.27177749825,0.9814277664999996,NA,NA,NA,NA,NA,NA,NA,NA,NA,NA,NA,NA,NA,NA
GHA,179,Biakoye,1,2014,DHS 2014,0.22887181788375,0.227469935,0.03604873022994449,0.16430944225,0.30456647649999996,0.17316551950000003,0.29065531149999996,0.14025703424999997,0.15750619959795392,High,High (20-50%),22.9%,[16.4%–30.5%],16%,0.03125,-0.3635203352913899,-0.9998526112499999,0.27785812624999995,NA,NA,NA,NA,NA,NA,NA,NA,NA,NA,NA,NA,NA,NA
GHA,180,Jasikan,1,2014,DHS 2014,0.36467504219875,0.348274825,0.1613481198049984,0.10342783575,0.7066166909999999,0.130313648,0.6559119269999999,0.6031888552499999,0.4424435487336223,Low,High (20-50%),36.5%,[10.3%–70.7%],44%,0.597875,-0.03204589120433875,-1.111611345,1.026334119999998,NA,NA,NA,NA,NA,NA,NA,NA,NA,NA,NA,NA,NA,NA
GHA,181,Kadjebi,1,2014,DHS 2014,0.70796809313125,0.7083574699999999,0.020548285963736354,0.6670288865,0.74696394175,0.673152549,0.7412218765,0.07993505525,0.029024310788998954,High,Very high (≥50%),70.8%,[66.7%–74.7%],3%,1,0.57774612888425,0.12817010550000002,1.0322555324999994,NA,NA,NA,NA,NA,NA,NA,NA,NA,NA,NA,NA,NA,NA
GHA,182,Krachi East,1,2014,DHS 2014,0.3803834664075,0.378835265,0.05316258747786943,0.281627572,0.4874401555,0.2969813785,0.47005737049999996,0.20581258350000003,0.13976051057097477,High,High (20-50%),38.0%,[28.2%–48.7%],14%,0.9175,9.966352456345748e-4,-0.53598784625,0.5322619762499999,NA,NA,NA,NA,NA,NA,NA,NA,NA,NA,NA,NA,NA,NA
GHA,183,Krachi Nchumuru,1,2014,DHS 2014,0.16981319695375,0.16940985,0.013929593234939006,0.14345731475,0.19838499975,0.14777703899999997,0.19294364349999996,0.054927685000000004,0.0820289205127729,High,Moderate (5-20%),17.0%,[14.3%–19.8%],8%,0,-0.75289911407275,-1.164914325,-0.3331841482500001,NA,NA,NA,NA,NA,NA,NA,NA,NA,NA,NA,NA,NA,NA
GHA,184,Krachi West,1,2014,DHS 2014,0.443898531555,0.44384792500000003,0.024207191680654057,0.39689543525,0.49149347224999995,0.40475024849999997,0.4836628915,0.09459803699999997,0.05453316458573311,High,High (20-50%),44.4%,[39.7%–49.1%],5%,1,0.0711465279389461,-0.692557552,0.8200842654999997,NA,NA,NA,NA,NA,NA,NA,NA,NA,NA,NA,NA,NA,NA
GHA,185,Nkwanta North,1,2014,DHS 2014,0.43926392083125,0.436588685,0.08968762588462041,0.2723040625,0.6208717722499998,0.294055379,0.5923350489999999,0.3485677097499998,0.20417708268618606,Medium,High (20-50%),43.9%,[27.2%–62.1%],20%,0.93425,0.32053734303661596,-0.20158343124999997,0.8322160937499999,NA,NA,NA,NA,NA,NA,NA,NA,NA,NA,NA,NA,NA,NA
GHA,186,Nkwanta South,1,2014,DHS 2014,0.2877669910475,0.28723578,0.020087513652696117,0.25046759,0.3275080225,0.255326218,0.321632883,0.07704043249999998,0.06980478747606042,High,High (20-50%),28.8%,[25.0%–32.8%],7%,0.24475,-0.38672913769970624,-0.78679235625,0.0010082004249999089,NA,NA,NA,NA,NA,NA,NA,NA,NA,NA,NA,NA,NA,NA
GHA,187,Bole,1,2014,DHS 2014,0.358222051276625,0.34129467,0.1537916266602037,0.10994361475,0.687257921,0.134001519,0.6359503545,0.57731430625,0.4293192619274107,Low,High (20-50%),35.8%,[11.0%–68.7%],43%,0.591875,0.020596954020731622,-0.7840877914999999,0.8330309164999998,NA,NA,NA,NA,NA,NA,NA,NA,NA,NA,NA,NA,NA,NA
GHA,188,Central Gonja,1,2014,DHS 2014,0.4461753402575,0.44502747499999995,0.08772307226080046,0.282057697,0.6226046494999999,0.30543487999999996,0.5933426055,0.34054695249999994,0.19661120717736905,Medium,High (20-50%),44.6%,[28.2%–62.3%],20%,0.949375,-0.3325388218220001,-0.8938992629999999,0.226009029749999,NA,NA,NA,NA,NA,NA,NA,NA,NA,NA,NA,NA,NA,NA
GHA,189,East Gonja,1,2014,DHS 2014,0.38277938354,0.37070720999999995,0.15958197490697767,0.12124925325,0.7211251479999998,0.14739412450000003,0.6664322635,0.5998758947499998,0.41690326535128436,Low,High (20-50%),38.3%,[12.1%–72.1%],42%,0.645875,0.2711265950605912,-0.54591158025,1.1194263524999999,NA,NA,NA,NA,NA,NA,NA,NA,NA,NA,NA,NA,NA,NA
GHA,190,North East Gonja,1,2014,DHS 2014,0.27309138817125,0.272120105,0.029935038169135807,0.217495838,0.33469489199999997,0.225272221,0.32428394949999995,0.11719905399999997,0.10961546011976094,High,High (20-50%),27.3%,[21.7%–33.5%],11%,0.166,-0.8998086060663375,-1.4693037999999998,-0.341116825,NA,NA,NA,NA,NA,NA,NA,NA,NA,NA,NA,NA,NA,NA
GHA,191,North Gonja,1,2014,DHS 2014,0.371122347758125,0.35433177,0.16098650974731832,0.107196365,0.7157191325,0.13321651800000003,0.6583915345,0.6085227675,0.4337828501026824,Low,High (20-50%),37.1%,[10.7%–71.6%],43%,0.617875,-0.3363836706830233,-1.3511343325,0.6547799247499995,NA,NA,NA,NA,NA,NA,NA,NA,NA,NA,NA,NA,NA,NA
GHA,192,Sawla-Tuna-Kalba,1,2014,DHS 2014,0.36272053210625,0.357346595,0.09709787473941978,0.19035005700000002,0.56522218625,0.210656085,0.5331904249999998,0.37487212924999996,0.26769335106449765,Medium,High (20-50%),36.3%,[19.0%–56.5%],27%,0.706375,0.070504683826885,-0.6460399815000001,0.7662866387499999,NA,NA,NA,NA,NA,NA,NA,NA,NA,NA,NA,NA,NA,NA
GHA,193,West Gonja,1,2014,DHS 2014,0.340089977936375,0.32005444000000005,0.15431236695924128,0.098016455875,0.68373095725,0.12176911750000002,0.6269009869999995,0.585714501375,0.4537398246651963,Low,High (20-50%),34.0%,[9.8%–68.4%],45%,0.536125,-0.1549023577162756,-1.102687915,0.7678795577499997,NA,NA,NA,NA,NA,NA,NA,NA,NA,NA,NA,NA,NA,NA
GHA,194,Bawku,1,2014,DHS 2014,0.105123212931375,0.09679283550000001,0.04529403382635481,0.040623619275,0.21360527424999998,0.046713877800000005,0.19046090549999994,0.17298165497499998,0.43086614804974616,Low,Moderate (5-20%),10.5%,[4.1%–21.4%],43%,0.0015,-0.4117970994098836,-1.1318956949999999,0.32453491149999963,NA,NA,NA,NA,NA,NA,NA,NA,NA,NA,NA,NA,NA,NA
GHA,195,Bawku West,1,2014,DHS 2014,0.090352322609,0.0858300575,0.030584498237909725,0.043692003375,0.1623069789999999,0.04853506440000001,0.147593658,0.1186149756249999,0.3385026234495847,Low,Moderate (5-20%),9.0%,[4.4%–16.2%],34%,1.25e-4,-0.72463737454061,-1.2482387975,-0.2078236790000002,NA,NA,NA,NA,NA,NA,NA,NA,NA,NA,NA,NA,NA,NA
GHA,196,Binduri,1,2014,DHS 2014,0.189106181647125,0.176353205,0.08279172131368628,0.06584784415,0.3829241469999998,0.07825611835000001,0.3433227479999999,0.3170763028499998,0.4378054730552219,Low,Moderate (5-20%),18.9%,[6.6%–38.3%],44%,0.092875,0.01559694387664,-0.736406355,0.7654354474999999,NA,NA,NA,NA,NA,NA,NA,NA,NA,NA,NA,NA,NA,NA
GHA,197,Bolga East,1,2014,DHS 2014,0.13904883765375,0.13370857,0.04368720812188974,0.07065048975,0.23965166499999996,0.0779585424,0.219290878,0.16900117524999997,0.3141860720236775,Medium,Moderate (5-20%),13.9%,[7.1%–24.0%],31%,0.002125,-0.21137284875547813,-1.0608106775,0.63336860325,NA,NA,NA,NA,NA,NA,NA,NA,NA,NA,NA,NA,NA,NA
GHA,198,Bolgatanga,1,2014,DHS 2014,0.11251589944975,0.10695824,0.038624288109767244,0.0543108293,0.20386243299999993,0.06095999975,0.1829156335,0.14955160369999992,0.3432784904058558,Low,Moderate (5-20%),11.3%,[5.4%–20.4%],34%,3.75e-4,-0.26668095106922496,-0.9353311129999999,0.4209862754999996,NA,NA,NA,NA,NA,NA,NA,NA,NA,NA,NA,NA,NA,NA
GHA,199,Bongo,1,2014,DHS 2014,0.155081152282625,0.138655715,0.07989884826271323,0.045351648074999994,0.350269149,0.0546482376,0.30976144699999997,0.30491750092500003,0.5152066971820208,Low,Moderate (5-20%),15.5%,[4.5%–35.0%],52%,0.054875,-0.37148821376262914,-1.2926402775,0.5206196652499991,NA,NA,NA,NA,NA,NA,NA,NA,NA,NA,NA,NA,NA,NA
GHA,200,Builsa North,1,2014,DHS 2014,0.112774164770375,0.11234324,0.009840711844199247,0.0942407693,0.13303813225000002,0.097175439,0.129275907,0.038797362950000025,0.0872603389635951,High,Moderate (5-20%),11.3%,[9.4%–13.3%],9%,0,-0.45153056461858626,-1.2723455675,0.3305304472499998,NA,NA,NA,NA,NA,NA,NA,NA,NA,NA,NA,NA,NA,NA
GHA,201,Builsa South,1,2014,DHS 2014,0.45078051252375,0.45067585,0.024520942286396175,0.40321403525,0.49878234774999997,0.410840816,0.49124475300000003,0.09556831249999997,0.05439663340616184,High,High (20-50%),45.1%,[40.3%–49.9%],5%,1,0.3534795276085624,-0.42414063875,1.1582199974999998,NA,NA,NA,NA,NA,NA,NA,NA,NA,NA,NA,NA,NA,NA
GHA,202,Garu,1,2014,DHS 2014,0.26787220537375,0.244160375,0.1350190101369719,0.07053823387500002,0.5873730584999998,0.08974897159999999,0.5255835185,0.5168348246249997,0.504042627149711,Low,High (20-50%),26.8%,[7.1%–58.7%],50%,0.336125,0.26216837809353727,-0.59487085475,1.1470614575,NA,NA,NA,NA,NA,NA,NA,NA,NA,NA,NA,NA,NA,NA
GHA,203,Kasena Nankana East,1,2014,DHS 2014,0.17913156759325,0.167903145,0.0717895912438394,0.0727425288,0.35074464874999994,0.08259159054999998,0.31657048849999986,0.27800211994999996,0.40076460117208607,Low,Moderate (5-20%),17.9%,[7.3%–35.1%],40%,0.063,-0.16512577645334361,-1.0702545775,0.72804543625,NA,NA,NA,NA,NA,NA,NA,NA,NA,NA,NA,NA,NA,NA
GHA,204,Kasena Nankana West,1,2014,DHS 2014,0.106303546446875,0.0996728955,0.0404768673634368,0.046146568825,0.20132108499999996,0.0522292593,0.18275389249999996,0.15517451617499994,0.3807668578927895,Low,Moderate (5-20%),10.6%,[4.6%–20.1%],38%,6.25e-4,-0.5871914434373434,-1.49720795,0.309459001499999,NA,NA,NA,NA,NA,NA,NA,NA,NA,NA,NA,NA,NA,NA
GHA,205,Nabdam,1,2014,DHS 2014,0.314007261112125,0.292838635,0.15379856213238052,0.077240436375,0.6562025679999998,0.09875135560000001,0.6037766389999999,0.5789621316249998,0.4897930117528794,Low,High (20-50%),31.4%,[7.7%–65.6%],49%,0.467875,0.127987827457961,-0.7100386470000001,0.9693908137499998,NA,NA,NA,NA,NA,NA,NA,NA,NA,NA,NA,NA,NA,NA
GHA,206,Pusiga,1,2014,DHS 2014,0.28447791141375,0.28383131,0.020509808992911306,0.24565541225,0.32643508225,0.2514084805,0.319115631,0.08077967,0.07209631458198333,High,High (20-50%),28.4%,[24.6%–32.6%],7%,0.20975,0.303562646033357,-0.27093094824999997,0.8816857012499998,NA,NA,NA,NA,NA,NA,NA,NA,NA,NA,NA,NA,NA,NA
GHA,207,Talensi,1,2014,DHS 2014,0.228545360515375,0.22333112500000002,0.056041120892646436,0.13426127325,0.35143229825,0.14539798850000002,0.327669905,0.217171025,0.24520786930993668,Medium,High (20-50%),22.9%,[13.4%–35.1%],25%,0.09775,0.05408017924690515,-0.5149306082499999,0.6376495065,NA,NA,NA,NA,NA,NA,NA,NA,NA,NA,NA,NA,NA,NA
GHA,208,Tempane,1,2014,DHS 2014,0.11644768646,0.11591925,0.012409436948909424,0.09428661305000001,0.14263515999999998,0.0972902903,0.13833496549999996,0.048348546949999974,0.10656662511858567,High,Moderate (5-20%),11.6%,[9.4%–14.3%],11%,0,-0.20889593895400363,-0.6449708817500001,0.22169938299999994,NA,NA,NA,NA,NA,NA,NA,NA,NA,NA,NA,NA,NA,NA
GHA,209,Daffiama-Bussie-Issa,1,2014,DHS 2014,0.55064512298625,0.550822505,0.02457049576791458,0.5026748502499999,0.5981769822499999,0.5100414120000001,0.5911760954999999,0.09550213200000002,0.04462129008727845,High,Very high (≥50%),55.1%,[50.3%–59.8%],4%,1,1.8482590544525,1.405719635,2.3146571325,NA,NA,NA,NA,NA,NA,NA,NA,NA,NA,NA,NA,NA,NA
GHA,210,Jirapa,1,2014,DHS 2014,0.36107358409625,0.35894145,0.05169718595926928,0.26797285425,0.4676478094999999,0.279670948,0.448971028,0.1996749552499999,0.14317631706197748,High,High (20-50%),36.1%,[26.8%–46.8%],14%,0.848,-0.28080877366746376,-0.97048530725,0.4000009747499998,NA,NA,NA,NA,NA,NA,NA,NA,NA,NA,NA,NA,NA,NA
GHA,211,Lambussie-Karni,1,2014,DHS 2014,0.204467042885125,0.200542755,0.045591262088311366,0.1257888815,0.30482742574999994,0.1365266625,0.28638205,0.17903854424999993,0.22297609162336127,Medium,High (20-50%),20.4%,[12.6%–30.5%],22%,0.028,0.1092906630632515,-0.45158005525,0.6607569754999993,NA,NA,NA,NA,NA,NA,NA,NA,NA,NA,NA,NA,NA,NA
GHA,212,Lawra,1,2014,DHS 2014,0.4557481644475,0.45484845500000004,0.0890339756671462,0.28650971225,0.629424546,0.3118592725,0.6043321260000001,0.34291483375,0.19535783709646182,Medium,High (20-50%),45.6%,[28.7%–62.9%],20%,0.955875,0.8734472249224722,0.21511465950000003,1.5631538174999997,NA,NA,NA,NA,NA,NA,NA,NA,NA,NA,NA,NA,NA,NA
GHA,213,Nadowli-Kaleo,1,2014,DHS 2014,0.3864191487375,0.386287215,0.02428656822830511,0.339897209,0.43551881074999993,0.347148741,0.4268844705,0.09562160174999995,0.06285032278460745,High,High (20-50%),38.6%,[34.0%–43.6%],6%,0.99825,0.23258477024418373,-0.581890401,1.0586719924999997,NA,NA,NA,NA,NA,NA,NA,NA,NA,NA,NA,NA,NA,NA
GHA,214,Nandom,1,2014,DHS 2014,0.577831256225,0.577929645,0.02425173406604026,0.5291112185,0.6246971145,0.5373259659999999,0.617651106,0.095585896,0.04197027039429821,High,Very high (≥50%),57.8%,[52.9%–62.5%],4%,1,0.6565654601872125,0.20463814325,1.133477215,NA,NA,NA,NA,NA,NA,NA,NA,NA,NA,NA,NA,NA,NA
GHA,215,Sissala East,1,2014,DHS 2014,0.118930084291125,0.11500873,0.0332243010823413,0.06580393779999999,0.19534211699999998,0.0721044039,0.180082703,0.1295381792,0.27935993891177807,Medium,Moderate (5-20%),11.9%,[6.6%–19.5%],28%,1.25e-4,-0.1302496715541666,-0.73660051575,0.49781264624999916,NA,NA,NA,NA,NA,NA,NA,NA,NA,NA,NA,NA,NA,NA
GHA,216,Sissala West,1,2014,DHS 2014,0.33590447965125,0.33373913499999996,0.05421179742340321,0.237382482,0.4490337995,0.2503676205,0.42805962799999997,0.2116513175,0.16139051637444118,Medium,High (20-50%),33.6%,[23.7%–44.9%],16%,0.7035,0.09428524915055224,-0.640773276,0.8329605825,NA,NA,NA,NA,NA,NA,NA,NA,NA,NA,NA,NA,NA,NA
GHA,217,Wa East,1,2014,DHS 2014,0.16978041981625,0.16956622999999998,0.014194137987735816,0.143420717,0.19859748875,0.147450785,0.19354636249999999,0.05517677174999999,0.08360291488911296,High,Moderate (5-20%),17.0%,[14.3%–19.9%],8%,0,-0.41854441338909376,-0.9591881095,0.11829273924999986,NA,NA,NA,NA,NA,NA,NA,NA,NA,NA,NA,NA,NA,NA
GHA,218,Wa Municipal,1,2014,DHS 2014,0.21003529047549999,0.197693285,0.08942386243987409,0.07746731407499999,0.4200820594999996,0.0885732971,0.37594957249999955,0.3426147454249996,0.42575636807236983,Low,High (20-50%),21.0%,[7.7%–42.0%],43%,0.146875,-0.14675142584322,-0.8959650275,0.6131929714999992,NA,NA,NA,NA,NA,NA,NA,NA,NA,NA,NA,NA,NA,NA
GHA,219,Wa West,1,2014,DHS 2014,0.593654166025,0.599388955,0.11969026550942032,0.34772124275,0.81239541675,0.387072892,0.783272493,0.46467417400000005,0.20161614683990933,Medium,Very high (≥50%),59.4%,[34.8%–81.2%],20%,0.988875,0.2757262244109134,-0.5049879932499999,1.0678952825,NA,NA,NA,NA,NA,NA,NA,NA,NA,NA,NA,NA,NA,NA
GHA,220,Adaklu,1,2014,DHS 2014,0.35228774048675,0.33609251,0.1597212835304474,0.09935712699999999,0.7004254587499998,0.1235339195,0.6449957644999996,0.6010683317499999,0.45338303089901233,Low,High (20-50%),35.2%,[9.9%–70.0%],45%,0.57275,0.03962318253758,-1.045332045,1.1419937049999997,NA,NA,NA,NA,NA,NA,NA,NA,NA,NA,NA,NA,NA,NA
GHA,221,Afadzato South,1,2014,DHS 2014,0.33593049009675,0.317677555,0.15178284692018118,0.09606251980000001,0.6690593804999998,0.11872302900000001,0.616936704,0.5729968606999998,0.45182813526830146,Low,High (20-50%),33.6%,[9.6%–66.9%],45%,0.532125,-0.01314882007803625,-1.04026039,0.9926648112499988,NA,NA,NA,NA,NA,NA,NA,NA,NA,NA,NA,NA,NA,NA
GHA,222,Agotime Ziope,1,2014,DHS 2014,0.389873918712875,0.375350095,0.1613015829902914,0.12111924125,0.73043873125,0.149999667,0.6769143049999998,0.6093194900000001,0.4137275545971643,Low,High (20-50%),39.0%,[12.1%–73.0%],41%,0.666375,0.06562594992645063,-1.000514265,1.1299621475,NA,NA,NA,NA,NA,NA,NA,NA,NA,NA,NA,NA,NA,NA
GHA,223,Akatsi North,1,2014,DHS 2014,0.430682532855875,0.42175688499999997,0.16648547941645409,0.13934548775,0.7717524414999999,0.17164407,0.7238411234999992,0.6324069537499999,0.3865619492680176,Low,High (20-50%),43.1%,[13.9%–77.2%],39%,0.752,0.07712085248642,-1.0092096525,1.1534361574999994,NA,NA,NA,NA,NA,NA,NA,NA,NA,NA,NA,NA,NA,NA
GHA,224,Akatsi South,1,2014,DHS 2014,0.4693581772315,0.466897235,0.14603884229094263,0.20212265950000002,0.7592585862499998,0.23550539550000002,0.714822986,0.5571359267499998,0.3111458356864045,Medium,High (20-50%),46.9%,[20.2%–75.9%],31%,0.862,0.9852243449117125,0.30359168775,1.6651440374999997,NA,NA,NA,NA,NA,NA,NA,NA,NA,NA,NA,NA,NA,NA
GHA,225,Anloga,1,2014,DHS 2014,0.59700017411875,0.598898655,0.05794116884852387,0.480798623,0.70585835575,0.49755483549999996,0.6894953689999999,0.22505973275000002,0.09705385586202313,High,Very high (≥50%),59.7%,[48.1%–70.6%],10%,1,0.5223936506831025,-0.29441525775,1.3379919399999998,NA,NA,NA,NA,NA,NA,NA,NA,NA,NA,NA,NA,NA,NA
GHA,226,Central Tongu,1,2014,DHS 2014,0.393602572979,0.37905968,0.16204804888558363,0.125001019,0.7348735404999999,0.151388918,0.6845001949999997,0.6098725214999998,0.4117047499438715,Low,High (20-50%),39.4%,[12.5%–73.5%],41%,0.671875,0.06271464137070062,-0.9748747767499999,1.0912678675,NA,NA,NA,NA,NA,NA,NA,NA,NA,NA,NA,NA,NA,NA
GHA,227,Ho Municipal,1,2014,DHS 2014,0.208409918889125,0.193911575,0.0924306438009814,0.0724162409,0.42816012275,0.085215571,0.3820168659999999,0.35574388185,0.4435040534234597,Low,High (20-50%),20.8%,[7.2%–42.8%],44%,0.145,-0.22643440263299766,-1.1719634824999998,0.6911586202499995,NA,NA,NA,NA,NA,NA,NA,NA,NA,NA,NA,NA,NA,NA
GHA,228,Ho West,1,2014,DHS 2014,0.2897808919265,0.269300035,0.14096790716364083,0.077626084875,0.612037205,0.09810749164999999,0.5563003885,0.534411120125,0.4864637769125092,Low,High (20-50%),29.0%,[7.8%–61.2%],49%,0.407875,0.0258081520537935,-1.0322939175,1.0710574524999994,NA,NA,NA,NA,NA,NA,NA,NA,NA,NA,NA,NA,NA,NA
GHA,229,Hohoe,1,2014,DHS 2014,0.16162606439375,0.14677753,0.08004523805098862,0.049711240425,0.35310297599999985,0.058966115849999994,0.31543771099999995,0.3033917355749999,0.49524956479781695,Low,Moderate (5-20%),16.2%,[5.0%–35.3%],50%,0.05825,-0.873732136382655,-1.6961466475,-0.07822023142500005,NA,NA,NA,NA,NA,NA,NA,NA,NA,NA,NA,NA,NA,NA
GHA,230,Keta Municipal,1,2014,DHS 2014,0.36880812242325,0.353358725,0.1618343450375881,0.10798807975000001,0.71017595225,0.13276812300000002,0.6619938569999999,0.6021878724999999,0.43880363581544024,Low,High (20-50%),36.9%,[10.8%–71.0%],44%,0.604875,0.0775539781413825,-1.006826505,1.1572522475,NA,NA,NA,NA,NA,NA,NA,NA,NA,NA,NA,NA,NA,NA
GHA,231,Ketu North,1,2014,DHS 2014,0.3348816453875,0.334291495,0.022355149794753643,0.29222645725,0.37838161074999993,0.29916446199999996,0.3717661214999999,0.08615515349999991,0.06675537492921099,High,High (20-50%),33.5%,[29.2%–37.8%],7%,0.87125,-0.016813463145412873,-0.5412397862499999,0.5006180887499997,NA,NA,NA,NA,NA,NA,NA,NA,NA,NA,NA,NA,NA,NA
GHA,232,Ketu South,1,2014,DHS 2014,0.216560279705125,0.201133655,0.10046235768593957,0.069016463,0.45243895875,0.08286649439999999,0.40434285000000003,0.38342249575,0.4639002028568311,Low,High (20-50%),21.7%,[6.9%–45.2%],46%,0.179,-0.3694109501162425,-1.392549095,0.62859258575,NA,NA,NA,NA,NA,NA,NA,NA,NA,NA,NA,NA,NA,NA
GHA,233,Kpando,1,2014,DHS 2014,0.251583011178875,0.23351366499999998,0.1145261792446525,0.07903957985,0.5201464807499999,0.09581589455000002,0.46802992949999994,0.44110690089999993,0.4552222294661408,Low,High (20-50%),25.2%,[7.9%–52.0%],46%,0.287375,0.34312930624346927,-0.32820598549999996,1.0300097449999996,NA,NA,NA,NA,NA,NA,NA,NA,NA,NA,NA,NA,NA,NA
GHA,234,North Dayi,1,2014,DHS 2014,0.33217642634775,0.31446202,0.1519683005418119,0.09452578745,0.671260451,0.11593874,0.614798504,0.57673466355,0.4574927312352948,Low,High (20-50%),33.2%,[9.5%–67.1%],46%,0.5215,-0.01990444239966875,-1.05146204,1.0413531575,NA,NA,NA,NA,NA,NA,NA,NA,NA,NA,NA,NA,NA,NA
GHA,235,North Tongu,1,2014,DHS 2014,0.38372281118775,0.36770559999999997,0.15825734125553167,0.1230027135,0.72173223275,0.1496793375,0.6686167379999999,0.59872951925,0.41242620100085386,Low,High (20-50%),38.4%,[12.3%–72.2%],41%,0.65425,-0.18706789357879464,-1.1013123825,0.7507016687499996,NA,NA,NA,NA,NA,NA,NA,NA,NA,NA,NA,NA,NA,NA
GHA,236,South Dayi,1,2014,DHS 2014,0.327442415155125,0.30892856,0.15038008599279015,0.0921431629,0.6591214265,0.11418301950000002,0.605933718,0.5669782636,0.4592565869071909,Low,High (20-50%),32.7%,[9.2%–65.9%],46%,0.51225,-0.33664487052970066,-1.0793564500000001,0.3976290592499993,NA,NA,NA,NA,NA,NA,NA,NA,NA,NA,NA,NA,NA,NA
GHA,237,South Tongu,1,2014,DHS 2014,0.380450652097625,0.36768791,0.16142789658472517,0.11284419475,0.71668876025,0.13964249550000002,0.6675798834999997,0.6038445655,0.42430705715626477,Low,High (20-50%),38.0%,[11.3%–71.7%],42%,0.643,0.08333775365118264,-0.9808479745,1.1185524574999999,NA,NA,NA,NA,NA,NA,NA,NA,NA,NA,NA,NA,NA,NA
GHA,238,Ahanta West,1,2014,DHS 2014,0.4527006617675,0.45064866000000003,0.08553623833477753,0.2873905505,0.62406733475,0.314918068,0.5978450375,0.33667678424999997,0.18894657233504908,Medium,High (20-50%),45.3%,[28.7%–62.4%],19%,0.957625,-0.30803913957272,-0.89481142525,0.2658406714999999,NA,NA,NA,NA,NA,NA,NA,NA,NA,NA,NA,NA,NA,NA
GHA,239,Effia Kwesimintsim,1,2014,DHS 2014,0.2715445174955,0.258681365,0.10583974325927761,0.10413024200000001,0.51007649899999985,0.1214614115,0.4651945304999999,0.40594625699999987,0.3897693985334525,Low,High (20-50%),27.2%,[10.4%–51.0%],39%,0.337875,-0.23659125514054713,-1.1799642375000001,0.7087521904999998,NA,NA,NA,NA,NA,NA,NA,NA,NA,NA,NA,NA,NA,NA
GHA,240,Ellembelle,1,2014,DHS 2014,0.515557336531125,0.51724338,0.16907173428294806,0.1928619815,0.8279976922499999,0.2349491105,0.7879448785,0.6351357107499999,0.32793973105014856,Medium,Very high (≥50%),51.6%,[19.3%–82.8%],33%,0.8815,-0.07947065527682225,-1.16398706,1.0122640799999996,NA,NA,NA,NA,NA,NA,NA,NA,NA,NA,NA,NA,NA,NA
GHA,241,Jomoro,1,2014,DHS 2014,0.396910784899375,0.39059761,0.11638282913942823,0.19197290424999996,0.6362528384999999,0.21741026900000002,0.595690921,0.44427993424999995,0.29322163460217804,Medium,High (20-50%),39.7%,[19.2%–63.6%],29%,0.7715,-0.30309547271993736,-0.9960915367499998,0.3908391944999997,NA,NA,NA,NA,NA,NA,NA,NA,NA,NA,NA,NA,NA,NA
GHA,242,Mpohor,1,2014,DHS 2014,0.4216837280275,0.42093500500000003,0.05651983781650426,0.315257512,0.53505434425,0.33076913500000005,0.5177111889999999,0.21979683224999996,0.1340337178313372,High,High (20-50%),42.2%,[31.5%–53.5%],13%,0.982125,-0.129226652980803,-0.92508203275,0.6525963054999998,NA,NA,NA,NA,NA,NA,NA,NA,NA,NA,NA,NA,NA,NA
GHA,243,Nzema East,1,2014,DHS 2014,0.6638911696825,0.66433944,0.02211188198992557,0.6182775157500001,0.7061098007499998,0.6266556314999999,0.6992482824999999,0.08783228499999973,0.03330648606231708,High,Very high (≥50%),66.4%,[61.8%–70.6%],3%,1,-0.25405943810125675,-0.68740258875,0.17078265899999992,NA,NA,NA,NA,NA,NA,NA,NA,NA,NA,NA,NA,NA,NA
GHA,244,Prestea-Huni Valley,1,2014,DHS 2014,0.34621331690375,0.341949105,0.07849263153161114,0.20379080324999999,0.5082198879999998,0.2238616115,0.48203077399999994,0.30442908474999986,0.22671754002296998,Medium,High (20-50%),34.6%,[20.4%–50.8%],23%,0.687375,-0.6485409429228738,-1.3605572625,0.06059832124999976,NA,NA,NA,NA,NA,NA,NA,NA,NA,NA,NA,NA,NA,NA
GHA,245,Sekondi Takoradi,1,2014,DHS 2014,0.3734894151935,0.36852047,0.10949689568135673,0.18090102875,0.6017343597499999,0.2061031645,0.5639374985,0.42083333099999987,0.29317268770422267,Medium,High (20-50%),37.3%,[18.1%–60.2%],29%,0.711125,0.081696299226271,-0.8450305124999999,0.9860804322499997,NA,NA,NA,NA,NA,NA,NA,NA,NA,NA,NA,NA,NA,NA
GHA,246,Shama,1,2014,DHS 2014,0.3911082887185,0.37676655000000003,0.16361400161710618,0.12135152800000001,0.7302252880000001,0.14920055599999998,0.6847985159999999,0.60887376,0.4183342729789787,Low,High (20-50%),39.1%,[12.1%–73.0%],42%,0.662625,-0.11339938354101226,-1.1695645625000002,0.9617789244999997,NA,NA,NA,NA,NA,NA,NA,NA,NA,NA,NA,NA,NA,NA
GHA,247,Tarkwa Nsuaem,1,2014,DHS 2014,0.540068415355,0.5412656600000001,0.06984109551496082,0.40027638125,0.6738209249999999,0.42406601899999996,0.6535405749999998,0.2735445437499999,0.12931897798365521,High,Very high (≥50%),54.0%,[40.0%–67.4%],13%,0.999625,-0.07105102063071687,-0.73395383075,0.612625904499999,NA,NA,NA,NA,NA,NA,NA,NA,NA,NA,NA,NA,NA,NA
GHA,248,Wassa Amenfi Central,1,2014,DHS 2014,0.74471234469375,0.745070525,0.018618011681013093,0.7061323897499999,0.779792782,0.7131976895000001,0.7743871725,0.0736603922500001,0.025000272673967056,High,Very high (≥50%),74.5%,[70.6%–78.0%],3%,1,0.3726974736857465,0.011239189950000011,0.7216993079999997,NA,NA,NA,NA,NA,NA,NA,NA,NA,NA,NA,NA,NA,NA
GHA,249,Wassa Amenfi East,1,2014,DHS 2014,0.36373443562125,0.363333745,0.023166976018861276,0.31916241749999996,0.41070908349999996,0.3261533285,0.40216228049999997,0.091546666,0.06369200644776075,High,High (20-50%),36.4%,[31.9%–41.1%],6%,0.98475,-0.18046896012782326,-0.8039743659999999,0.44632845424999995,NA,NA,NA,NA,NA,NA,NA,NA,NA,NA,NA,NA,NA,NA
GHA,250,Wassa Amenfi West,1,2014,DHS 2014,0.7096028495975,0.710140025,0.02039317868337192,0.6680537580000001,0.74823685125,0.6753215345000001,0.7425472984999999,0.08018309324999984,0.02873886244247654,High,Very high (≥50%),71.0%,[66.8%–74.8%],3%,1,0.15103454467388464,-0.3598394285,0.6600392647499997,NA,NA,NA,NA,NA,NA,NA,NA,NA,NA,NA,NA,NA,NA
GHA,251,Wassa East,1,2014,DHS 2014,0.14707271914125,0.14659914000000002,0.012523139621205244,0.1238750595,0.17278355375,0.12718461350000002,0.168392478,0.04890849425000002,0.08514930365282704,High,Moderate (5-20%),14.7%,[12.4%–17.3%],9%,0,-0.68257908517451,-1.2215507425,-0.14540869675000037,NA,NA,NA,NA,NA,NA,NA,NA,NA,NA,NA,NA,NA,NA
GHA,252,Aowin,1,2014,DHS 2014,0.349220256665125,0.34107197,0.10824450064216468,0.16278771225000002,0.5812217917499999,0.1865203935,0.5391472649999999,0.4184340794999999,0.30996054374349397,Medium,High (20-50%),34.9%,[16.3%–58.1%],31%,0.629,-0.36077042935213194,-1.26108197,0.5263506429999999,NA,NA,NA,NA,NA,NA,NA,NA,NA,NA,NA,NA,NA,NA
GHA,253,Bia East,1,2014,DHS 2014,0.63884614231125,0.63911332,0.022464651017227253,0.593359757,0.6826547660000001,0.6013716925,0.67592033,0.08929500900000009,0.035164415231425675,High,Very high (≥50%),63.9%,[59.3%–68.3%],4%,1,0.39216857170032626,-0.37470815775,1.1321127174999999,NA,NA,NA,NA,NA,NA,NA,NA,NA,NA,NA,NA,NA,NA
GHA,254,Bia West,1,2014,DHS 2014,0.419822827916375,0.409316275,0.16799778503811783,0.13099533149999998,0.760871965,0.15984786100000004,0.7082256899999997,0.6298766335,0.400163530582433,Low,High (20-50%),42.0%,[13.1%–76.1%],40%,0.724375,-0.354515177507691,-1.3469777175000002,0.63401752199999994,NA,NA,NA,NA,NA,NA,NA,NA,NA,NA,NA,NA,NA,NA
GHA,255,Bibiani-Anhwiaso-Bekwai-,1,2014,DHS 2014,0.211817066324375,0.20175135500000002,0.07903569258001873,0.08773130292499999,0.39663092749999995,0.10240082350000002,0.3576555249999998,0.308899624575,0.37313184414981976,Low,High (20-50%),21.2%,[8.8%–39.7%],37%,0.1275,-0.6180032124377443,-1.325160585,0.09208394275,NA,NA,NA,NA,NA,NA,NA,NA,NA,NA,NA,NA,NA,NA
GHA,256,Bodi,1,2014,DHS 2014,0.391207387437375,0.376550245,0.1614662905074098,0.12258946075,0.7297465405,0.14923661800000002,0.6809771339999999,0.60715707975,0.41273834721042313,Low,High (20-50%),39.1%,[12.3%–73.0%],41%,0.6625,-0.052522201448977,-1.1193181225,1.01470959,NA,NA,NA,NA,NA,NA,NA,NA,NA,NA,NA,NA,NA,NA
GHA,257,Juaboso,1,2014,DHS 2014,0.383662919585125,0.37072104,0.15510343459262227,0.12732749225,0.7088269164999996,0.15317938299999997,0.654262457,0.5814994242499996,0.4042700680074682,Low,High (20-50%),38.4%,[12.7%–70.9%],40%,0.65725,-0.227636306901375,-1.10501959,0.6351633752499997,NA,NA,NA,NA,NA,NA,NA,NA,NA,NA,NA,NA,NA,NA
GHA,258,Sefwi-Akontombra,1,2014,DHS 2014,0.55276337646125,0.553045485,0.02499439608653416,0.50332260675,0.60213853275,0.511720713,0.5938990329999999,0.098815926,0.04521717094671942,High,Very high (≥50%),55.3%,[50.3%–60.2%],5%,1,0.2289418487888635,-0.53615146375,0.9998641012499999,NA,NA,NA,NA,NA,NA,NA,NA,NA,NA,NA,NA,NA,NA
GHA,259,Sefwi-Wiawso,1,2014,DHS 2014,0.479539355145,0.47867199,0.051929627821840615,0.37966491925,0.5805306665,0.3948090635,0.56493729,0.20086574724999995,0.1082906486499705,High,High (20-50%),48.0%,[38.0%–58.1%],11%,0.9995,0.1080302203509975,-0.40239167125,0.6080814282499998,NA,NA,NA,NA,NA,NA,NA,NA,NA,NA,NA,NA,NA,NA
GHA,260,Suaman,1,2014,DHS 2014,0.393461829607125,0.37941707999999996,0.16233027436323966,0.124657693,0.7300455419999995,0.1516081775,0.6836112875,0.6053878489999995,0.4125693069778276,Low,High (20-50%),39.3%,[12.5%–73.0%],41%,0.671875,-0.06676294941973825,-1.12466531,0.9767726474999999,NA,NA,NA,NA,NA,NA,NA,NA,NA,NA,NA,NA,NA,NA
GHA,1,Asunafo North,2,2022,DHS 2022,0.12875924385075,0.12556631000000001,0.0329850369464884,0.074862966175,0.20230446024999998,0.08084996864999999,0.18809413399999997,0.127441494075,0.25617606907293333,Medium,Moderate (5-20%),12.9%,[7.5%–20.2%],26%,0.5295,-0.2705983478905925,-0.9542142914999999,0.41238886774999994,NA,NA,NA,-0.9066932523055908,-2.233005055307044,0.4298104585017006,-0.148817341157375,-0.41513027,0.04774217192499993,-0.42905165724345606,-0.8076248984297542,0.4485896862551248,0.9045,0.824375
GHA,2,Asunafo South,2,2022,DHS 2022,0.171336912105125,0.164458505,0.05523030850763938,0.0841593544,0.29952964749999994,0.09452231900000001,0.2740003689999998,0.21537029309999994,0.32234915307538886,Medium,Moderate (5-20%),17.1%,[8.4%–30.0%],32%,0.803125,-0.06706497049234625,-0.48251633325,0.36111851649999976,NA,NA,NA,-0.7136330806386622,-1.4957293577506523,0.07598226896310722,-0.115770878696125,-0.21245316364999997,0.015378117749999988,-0.40065551692985063,-0.7083498267808149,0.05497913171972337,0.96175,0.8525
GHA,3,Asutifi North,2,2022,DHS 2022,0.086856052118625,0.0775481475,0.04630910290085044,0.026302074375,0.20422774249999995,0.0312987294,0.1763105489999998,0.17792566812499994,0.5331707091361125,Low,Moderate (5-20%),8.7%,[2.6%–20.4%],53%,0.178875,-0.30073681630146265,-1.2176417325,0.6235525787499985,NA,NA,NA,-1.7702198508838138,-3.636088069415424,0.035355314103085816,-0.259267301216875,-0.6059002222000001,0.0039004429999999137,-0.6790421763400311,-0.9352070475110645,0.030695004468643514,0.97275,0.945875
GHA,4,Asutifi South,2,2022,DHS 2022,0.1506424006535,0.14431319,0.04675327717730853,0.077365549325,0.25409453525,0.08559426605,0.23600839649999997,0.17672898592499997,0.31035934753089894,Medium,Moderate (5-20%),15.1%,[7.7%–25.4%],31%,0.691125,0.01191145512887625,-0.7914876737500001,0.8334763169999999,NA,NA,NA,-1.0986954569671348,-2.750257242929212,0.5087079165690462,-0.20332445112125,-0.54909379115,0.06489879772499967,-0.4543959916537119,-0.8394163615278516,0.5459201864241255,0.905875,0.832375
GHA,5,Tano North,2,2022,DHS 2022,0.1023290681555,0.09973096000000001,0.026091563148709612,0.059971281324999993,0.16047417875,0.064931266,0.14906185249999993,0.10050289742500002,0.25497704238897867,Medium,Moderate (5-20%),10.2%,[6.0%–16.0%],25%,0.2035,0.3408356289564939,-0.04461615047499998,0.7211397804999997,NA,NA,NA,-2.445218179962196,-3.0294177080954667,-1.8627702160797528,-0.4577888330395,-0.52344516945,-0.38449688725000003,-0.8169648029043671,-0.8938459762934388,-0.7112603032587241,1,1
GHA,6,Tano South,2,2022,DHS 2022,0.129092230949875,0.11835718,0.05893434106569998,0.045618256875,0.27399634449999977,0.0530600264,0.24222232749999997,0.22837808762499978,0.456528953230218,Low,Moderate (5-20%),12.9%,[4.6%–27.4%],46%,0.467,-0.4138286898505362,-1.20165627,0.3558544862499998,NA,NA,NA,-0.7093557456965329,-2.2193130167765482,0.7750838145494491,-0.0994926301105,-0.3403828945,0.10147412124999984,-0.3178303387642377,-0.833800405702912,0.9168008801504436,0.826375,0.72075
GHA,7,Adansi Akrofuom,2,2022,DHS 2022,0.1838270560805,0.15968682,0.10859561118114576,0.0427255174,0.4530842847499998,0.052976637550000004,0.39271804,0.41035876734999976,0.5907487912638414,Low,Moderate (5-20%),18.4%,[4.3%–45.3%],59%,0.65475,-0.013114100254401627,-1.0326128025,1.0364126174999992,NA,NA,NA,-1.1522122804802395,-3.1899015481762563,0.8973117178146774,-0.20553715434275,-0.58384442375,0.1620835014999998,-0.41704924254270764,-0.9017517130337254,0.9410578744642015,0.86375,0.789375
GHA,8,Adansi Asokwa,2,2022,DHS 2022,0.184593108623,0.15912914,0.10988330590009826,0.042515836725,0.4613375145,0.053197520000000005,0.40365410749999986,0.418821677775,0.5952730669080188,Low,Moderate (5-20%),18.5%,[4.3%–46.1%],60%,0.659625,0.0010896017385547498,-1.0637109649999998,1.0472010099999993,NA,NA,NA,-1.0331810007712734,-3.113408387344871,1.058788158003015,-0.181708719922125,-0.561640315175,0.1965058482499999,-0.3613742350585081,-0.8973597165231059,1.1769357778391099,0.840375,0.75775
GHA,9,Adansi North,2,2022,DHS 2022,0.123210222353675,0.10186426500000001,0.08197823945657308,0.0246812425,0.33587179649999993,0.031456976250000004,0.283722072,0.31119055399999995,0.6653525810646985,Low,Moderate (5-20%),12.3%,[2.5%–33.6%],67%,0.3925,-0.3011318471062063,-1.05599092,0.4566398949999998,NA,NA,NA,-0.5722994024230279,-2.0939380683662687,0.9163843225723682,-0.045654875751325,-0.15016299605000002,0.16724679949999996,-0.26658637033003524,-0.8545097608992634,1.008564623899287,0.7685,0.655
GHA,10,Adansi South,2,2022,DHS 2022,0.2016816562855,0.17779595999999998,0.1154900840005843,0.046357759975,0.48658137025000003,0.05873024215,0.4272557569999999,0.440223610275,0.5726355392336567,Low,High (20-50%),20.2%,[4.6%–48.7%],57%,0.715625,-0.00385842860338525,-1.04867589,1.0364846074999998,NA,NA,NA,-1.085721259546287,-3.146188968709091,0.9517772260931209,-0.199962762851625,-0.5834519876500001,0.185040829,-0.38695231466070634,-0.8952135509554564,0.969998105562912,0.85325,0.77
GHA,11,Afigya-Kwabre North,2,2022,DHS 2022,0.32989427152375,0.32963692499999997,0.021895347215781045,0.288263465,0.37302387225,0.29416775300000003,0.36653089149999996,0.08476040725,0.06637080151361385,High,High (20-50%),33.0%,[28.8%–37.3%],7%,1,0.5101633781865338,-0.23357716874999998,1.2459116274999997,NA,NA,NA,-0.160498017362291,-1.6522704594495892,1.314669720257783,-0.05035984207725,-0.3900766265,0.22024260299999984,0.09156771324394314,-0.5455047736857517,1.8196647341265075,0.58925,0.4045
GHA,12,Afigya-Kwabre South,2,2022,DHS 2022,0.10090085878775,0.0946531685,0.03807968411723307,0.0451761642,0.19028068649999996,0.0505134121,0.17133044099999994,0.14510452229999996,0.377397026890877,Low,Moderate (5-20%),10.1%,[4.5%–19.0%],38%,0.248625,0.712839474627675,0.23005700225,1.2072283275,NA,NA,NA,-2.6363686273123004,-3.469599669857171,-1.8145371602784006,-0.493064548021,-0.56878809665,-0.3943499662500001,-0.8298667246120287,-0.9248787892351421,-0.6782474356332894,1,1
GHA,13,Ahafo-Ano North,2,2022,DHS 2022,0.155757065200625,0.134071055,0.09535919721243376,0.03490406325,0.3977812169999999,0.043289041650000006,0.34115142849999996,0.3628771537499999,0.6122303157780038,Low,Moderate (5-20%),15.6%,[3.5%–39.8%],61%,0.5525,-0.0449537442360975,-1.0724064475,1.0399524624999998,NA,NA,NA,-1.208055878628054,-3.260407373256215,0.8577676759164239,-0.201057273325625,-0.5701146564999999,0.14395167875000003,-0.4507322061130519,-0.9161751470744621,0.9356011361299323,0.879625,0.81225
GHA,14,Ahafo-Ano South East,2,2022,DHS 2022,0.177289585874,0.154024405,0.10556535555424294,0.039350300525000007,0.4370728049999999,0.04962150285,0.3863242519999999,0.3977225044749999,0.5954402512354471,Low,Moderate (5-20%),17.7%,[3.9%–43.7%],60%,0.63275,-0.15786046308088025,-0.92049523225,0.5820395584999999,NA,NA,NA,-0.863866888604631,-2.3660804845675347,0.6125570911754273,-0.12428370140975,-0.27191388005,0.14166041249999986,-0.40948403776828585,-0.8697658237845848,0.4768308714281696,0.871,0.767125
GHA,15,Ahafo-Ano South West,2,2022,DHS 2022,0.17588493001875,0.15301287,0.10536878534184511,0.039985023175,0.4375623119999998,0.0494177363,0.3819448374999996,0.39757728882499976,0.59907796154345,Low,Moderate (5-20%),17.6%,[4.0%–43.8%],60%,0.64,-0.037110568297829126,-1.0588068775,0.9843153114999996,NA,NA,NA,-1.1310777126900027,-3.223006178449434,0.9764402736626867,-0.19757489912775,-0.577692146125,0.17217582914999982,-0.4023277717548087,-0.905748565859768,1.0737623447851952,0.863875,0.786125
GHA,16,Amansie Central,2,2022,DHS 2022,0.3292734972,0.32893509,0.022006557921715388,0.286950585,0.3734921285,0.29342785849999997,0.3663462459999999,0.08654154350000004,0.06683367507208955,High,High (20-50%),32.9%,[28.7%–37.3%],7%,1,0.5414198993215575,-0.21805472899999995,1.2755232074999998,NA,NA,NA,0.0020319535258032056,-1.48445779316939,1.4813368911801152,-0.01642903230675,-0.35482966925,0.23164913899999995,0.21647124591257905,-0.5219863422001682,2.2627628064467307,0.5025,0.319625
GHA,17,Amansie South,2,2022,DHS 2022,0.182948927469375,0.15968681,0.1081717976699097,0.04130492175,0.4521260642499999,0.051629707600000005,0.3936630479999998,0.4108211424999999,0.5912677333843199,Low,Moderate (5-20%),18.3%,[4.1%–45.2%],59%,0.6565,-0.03026148502288025,-1.08169622,0.9952352375000001,NA,NA,NA,-1.1483937198734657,-3.199687600649778,0.8930437980831533,-0.203607464171625,-0.5764335049999999,0.16511507174999998,-0.41945655482154953,-0.9033122129953141,0.91760077454388,0.8695,0.788625
GHA,18,Amansie West,2,2022,DHS 2022,0.1994694845975,0.1989374,0.015580935288334374,0.17060560875,0.23164808124999997,0.17495438600000002,0.22576580799999996,0.06104247249999997,0.0781118742035876,High,Moderate (5-20%),19.9%,[17.1%–23.2%],8%,1,0.2598657220033026,0.031074695550000007,0.4930180784999999,NA,NA,NA,-0.9825495418928836,-1.2527152497073886,-0.7138956550918217,-0.19969725735125,-0.25511594699999995,-0.14510015200000004,-0.49854888363169936,-0.5872179726582281,-0.39630284026588547,1,1
GHA,19,Asante-Akim Central,2,2022,DHS 2022,0.163806441810875,0.14075563000000002,0.10130328972806525,0.037355294549999994,0.42239073949999995,0.045487073,0.3664891344999998,0.38503544494999997,0.6184328809548673,Low,Moderate (5-20%),16.4%,[3.7%–42.2%],62%,0.58075,-0.427773948997003,-1.1565792225,0.3127548392499996,NA,NA,NA,-0.21767482554030756,-1.6944268898840662,1.2923947882702687,-0.0055647958278749994,-0.139424705125,0.25200054624999985,-0.02529923199729359,-0.7859786243369034,1.542779554884368,0.612625,0.476125
GHA,20,Asante-Akim North,2,2022,DHS 2022,0.1916255599089,0.167322155,0.11066137254217079,0.0463564303,0.4684939309999997,0.056070567599999996,0.4128035039999997,0.42213750069999967,0.5774875366040934,Low,Moderate (5-20%),19.2%,[4.6%–46.8%],58%,0.69175,0.003882800234845,-0.9873049,1.01103516,NA,NA,NA,-1.1004944185228311,-3.1429723028721273,1.0226296529487646,-0.199472483367475,-0.580343383675,0.19242837499999937,-0.38953715314192355,-0.8993946110723168,1.0579521669221938,0.849625,0.77325
GHA,21,Asante-Akim South,2,2022,DHS 2022,0.18266392336575,0.157701815,0.10821627589494671,0.041621246225000005,0.453901495,0.052261638750000006,0.39919051999999955,0.41228024877499997,0.592433765250208,Low,Moderate (5-20%),18.3%,[4.2%–45.4%],59%,0.652625,0.3988957368341976,-0.33763339624999994,1.1523731699999997,NA,NA,NA,-1.8710828784625542,-3.356523546314298,-0.3875306869663842,-0.36864306715675,-0.5216280390749999,-0.09657798125000015,-0.6682087298342142,-0.9252134625681504,-0.17669600692832582,0.993375,0.9705
GHA,22,Asokore-Mampong,2,2022,DHS 2022,0.084063230961775,0.0675446945,0.06283505980138367,0.01430089665,0.2510669494999999,0.018466815100000002,0.20460134099999983,0.2367660528499999,0.7474737656699855,Low,Moderate (5-20%),8.4%,[1.4%–25.1%],75%,0.199,0.010746105267426625,-1.0487209800000001,1.0599222824999996,NA,NA,NA,-1.3263754525292948,-3.3521015797029525,0.722798660840185,-0.154255989116475,-0.47397223267500005,0.07916636512499992,-0.518260729335097,-0.9435230438183505,0.8774753517193746,0.899625,0.851125
GHA,23,Asokwa,2,2022,DHS 2022,0.08110025419885,0.064266755,0.06158086397517905,0.014009556825000002,0.2441374634999999,0.01832121905,0.20284437449999998,0.2301279066749999,0.7593177676630792,Low,Moderate (5-20%),8.1%,[1.4%–24.4%],76%,0.181875,0.017039909123336375,-0.99352065075,1.0045306124999995,NA,NA,NA,-1.304599586054684,-3.43078813963794,0.7836047151219603,-0.14544169584315,-0.464522238325,0.08743994169999986,-0.5007850960193093,-0.9454417426587107,0.9586375504574078,0.88525,0.834875
GHA,24,Atwima-Kwanwoma,2,2022,DHS 2022,0.1313307570765,0.121338455,0.055780259691334544,0.049745666425,0.266989157,0.05806497670000001,0.23652429699999997,0.21724349057499998,0.4247311211252869,Low,Moderate (5-20%),13.1%,[5.0%–26.7%],42%,0.49625,0.17475214215342275,-0.68027381175,1.0650409124999998,NA,NA,NA,-1.0485129513930163,-2.759275685262312,0.7199620636475299,-0.172851270282,-0.509201645025,0.08633989619999977,-0.4299144647119394,-0.869173349507215,0.8405075882963593,0.883375,0.813875
GHA,25,Atwima-Mponua,2,2022,DHS 2022,0.1689531534807875,0.14818267499999999,0.09856804348649136,0.04009400355,0.41919024949999995,0.04995054435,0.3587668054999998,0.37909624594999997,0.5834045796469849,Low,Moderate (5-20%),16.9%,[4.0%–41.9%],58%,0.614625,-0.03416021570601375,-1.0861556625,0.9979015367499999,NA,NA,NA,-1.116657348898465,-3.1605880345011657,0.9957186828125897,-0.1934575108137125,-0.56584267575,0.16829184489999988,-0.4010198916516917,-0.9035602578586489,1.0918421183444325,0.86025,0.788375
GHA,26,Atwima-Nwabiagya North,2,2022,DHS 2022,0.100539442545,0.10012771,0.009085625243867995,0.083515914425,0.11931184299999999,0.0862791251,0.1159018955,0.03579592857499998,0.09036876487356095,High,Moderate (5-20%),10.1%,[8.4%–11.9%],9%,0.036875,-0.06650229632883126,-0.8191706945,0.6841945422499996,NA,NA,NA,-1.4251449624578338,-2.92397577454126,0.06603954536110344,-0.23427210577075,-0.5709515901,0.006069686399999981,-0.611365986588587,-0.8543396698148734,0.06216473978208572,0.96925,0.9405
GHA,27,Atwima-Nwabiagya South,2,2022,DHS 2022,0.116146041625,0.0975132845,0.07792140972308562,0.0243962509,0.31847504075,0.03019765505,0.27133603349999996,0.29407878985,0.6708916518624887,Low,Moderate (5-20%),11.6%,[2.4%–31.8%],67%,0.355,0.002234528336466125,-1.04387494,1.053058885,NA,NA,NA,-1.2860093713593694,-3.433492078487835,0.8559937531013327,-0.185421869785,-0.5409870592,0.1170752384999999,-0.48114151164148156,-0.9318692146882479,0.9734006487445,0.890375,0.83325
GHA,28,Bekwai,2,2022,DHS 2022,0.131979470030425,0.11229434499999999,0.08586514079872219,0.026500115775,0.35102358375,0.033532596750000004,0.2987854849999997,0.324523467975,0.6505946779368628,Low,Moderate (5-20%),13.2%,[2.7%–35.1%],65%,0.44675,0.005743616918015,-1.04990722,1.0558494024999996,NA,NA,NA,-1.200458756207498,-3.310034385976263,0.9151391263448476,-0.18077194238945,-0.5356365825,0.1408428005749998,-0.43991134640173307,-0.9277431913747883,1.1014134181561337,0.8655,0.810875
GHA,29,Bosome Freho,2,2022,DHS 2022,0.2213870848475,0.220788535,0.017254095072759996,0.18910374475,0.2570275175,0.1941512545,0.250517454,0.06792377275000003,0.0779363217355036,High,High (20-50%),22.1%,[18.9%–25.7%],8%,1,0.19048544815242438,-0.541331764,0.9352467779999991,NA,NA,NA,-0.5817627565649259,-2.075971297357512,0.9104483758547262,-0.13204641065275,-0.4693425157500001,0.11856521104999991,-0.20170636805954642,-0.6861416669433409,1.1378631378760116,0.778375,0.64525
GHA,30,Bosomtwe,2,2022,DHS 2022,0.11569699154505,0.103685055,0.059434698093589165,0.0357508811,0.26095779299999994,0.04255048035,0.2290832609999999,0.22520691189999995,0.5137099703275044,Low,Moderate (5-20%),11.6%,[3.6%–26.1%],51%,0.368,0.5342186784298527,-0.05203903817499999,1.1212282249999996,NA,NA,NA,-2.541670572468026,-3.7038056579547787,-1.4064084881304315,-0.47884590517745,-0.5770434954749999,-0.3286169520000002,-0.8050610172976188,-0.9399790718787489,-0.5567121635408934,1,0.99975
GHA,31,Ejisu,2,2022,DHS 2022,0.162803228994875,0.15032187,0.06971438324342898,0.061542502199999995,0.33091727899999995,0.07158080565000001,0.2938698109999997,0.26937477679999994,0.42821253407463783,Low,Moderate (5-20%),16.3%,[6.2%–33.1%],43%,0.675375,0.3343742371207354,-0.19462738475000002,0.8534985972499999,NA,NA,NA,-1.026775359071679,-2.0424340297836943,0.010146853392323747,-0.169933349376375,-0.2832471111,0.002295962999999657,-0.5084997702747622,-0.816206551647798,0.006708632143924252,0.974,0.9095
GHA,32,Ejura-Sekyedumase,2,2022,DHS 2022,0.112284722132625,0.11194857,0.009709089751675566,0.09429961017499999,0.13198144849999996,0.09685975305,0.1284463485,0.03768183832499997,0.08646848446761692,High,Moderate (5-20%),11.2%,[9.4%–13.2%],9%,0.204625,-0.10759301875429687,-0.32832965150000004,0.11168709924999976,NA,NA,NA,-1.662270502141435,-1.9311594840839734,-1.3887022299334808,-0.287092005007375,-0.33722990325,-0.23762928575000003,-0.717903062320879,-0.7711974844747668,-0.6555735311931171,1,1
GHA,33,Juaben,2,2022,DHS 2022,0.169399226499125,0.14594826500000002,0.1031062290464529,0.037218140100000005,0.43026933999999994,0.047605408599999996,0.37569401999999996,0.3930511998999999,0.6086582045106651,Low,Moderate (5-20%),16.9%,[3.7%–43.0%],61%,0.603125,-0.7015511881071512,-1.438714095,0.050422882324999856,NA,NA,NA,0.2879891239704459,-1.1896376170028893,1.7792690307447463,0.05532226851575,-0.079083450925,0.31785044724999995,0.49589516517881704,-0.6716376712135673,2.811262940449395,0.34975,0.24225
GHA,34,Kumasi,2,2022,DHS 2022,0.0801285971897625,0.0610478645,0.06401146462436623,0.012814642975000002,0.25720167024999985,0.01689778665,0.2093203024999999,0.24438702727499984,0.7988591697515024,Low,Moderate (5-20%),8.0%,[1.3%–25.7%],80%,0.179125,0.020873129380124616,-1.0100402625,1.0617472275,NA,NA,NA,-1.2494256020706302,-3.31946226307059,0.8480661936303254,-0.1349622765882,-0.4487461366,0.09537266224999995,-0.47513060605734325,-0.942088480026389,1.1013425644290136,0.878,0.822875
GHA,35,Kwabre East,2,2022,DHS 2022,0.0988359430195625,0.08011821799999999,0.06940862963718501,0.01924984865,0.27859051775,0.02467477345,0.23785351999999998,0.2593406691,0.7022610147347613,Low,Moderate (5-20%),9.9%,[1.9%–27.9%],70%,0.2705,0.0128573758098,-0.993945549,1.05781628,NA,NA,NA,-1.3532047087304788,-3.3978909766118233,0.8058930813770437,-0.1779134703255625,-0.5152388024750001,0.10028525687499999,-0.5159718254093014,-0.937329046431778,0.9420581768728187,0.9,0.84975
GHA,36,Kwadaso,2,2022,DHS 2022,0.0784576813049375,0.061004573,0.06116107285694018,0.01307080605,0.2432037354999997,0.0173905767,0.19842308449999987,0.23013292944999972,0.7795421919139891,Low,Moderate (5-20%),7.8%,[1.3%–24.3%],78%,0.168125,-0.14380863802995186,-1.0404829325,0.7639976082499997,NA,NA,NA,-0.9739883506210151,-2.7882698807114696,0.8516932291415128,-0.0811704816099375,-0.262177511425,0.1067567624,-0.4207798990280491,-0.9220790549282252,1.066821338210992,0.853625,0.784125
GHA,37,Mampong,2,2022,DHS 2022,0.15691169129265,0.13444797,0.09635657891928408,0.034840348274999995,0.39642642049999993,0.04419316770000001,0.34887129249999993,0.36158607222499994,0.6140815775133868,Low,Moderate (5-20%),15.7%,[3.5%–39.6%],61%,0.558,0.0022274319540625,-1.0285637124999998,1.0411367824999993,NA,NA,NA,-1.1095608897781266,-3.164934762763358,0.927949889757218,-0.182224841562225,-0.54953602375,0.15382739924999986,-0.4060690198948225,-0.9081607117291229,1.0627031503682152,0.858,0.781
GHA,38,Obuasi,2,2022,DHS 2022,0.086514322607525,0.0701925165,0.062468139265616986,0.016684372174999997,0.24856810124999995,0.0205770584,0.20510693600000002,0.23188372907499996,0.722055462989703,Low,Moderate (5-20%),8.7%,[1.7%–24.9%],72%,0.20475,-0.004209546253415,-1.0880675425,1.0544913525,NA,NA,NA,-1.1956717840863247,-3.2489764482717867,0.8740046113296968,-0.13687910170235,-0.44169442840000006,0.09942981824999987,-0.4604245197992018,-0.9382015683804595,1.1581713362020223,0.87525,0.821125
GHA,39,Obuasi East,2,2022,DHS 2022,0.1121476519832375,0.0925201075,0.07660522552480167,0.022196468275,0.31171383724999996,0.02874479735,0.2655832304999999,0.28951736897499997,0.683074715966873,Low,Moderate (5-20%),11.2%,[2.2%–31.2%],68%,0.335375,-0.00527866006558225,-1.078490665,1.0569252024999993,NA,NA,NA,-1.2893172468334106,-3.3041176283093563,0.7744947029239384,-0.1800227818537625,-0.5191283390250001,0.11053553524999996,-0.49460593803182384,-0.9301673414751686,0.8779918929157127,0.894125,0.836125
GHA,40,Offinso,2,2022,DHS 2022,0.1605999136918125,0.13867259999999998,0.09662563545129897,0.035590318,0.40371962999999994,0.0450900401,0.34547249049999995,0.36812931199999993,0.6016543423349611,Low,Moderate (5-20%),16.1%,[3.6%–40.4%],60%,0.57625,8.65079992395625e-4,-1.0120427675,0.9952703707499997,NA,NA,NA,-1.1535167285434884,-3.1964827735910317,0.8650951956064632,-0.1937388355439375,-0.5586397209000001,0.1485656074999996,-0.428330231958691,-0.9121798153295633,0.939196563935181,0.866125,0.79075
GHA,41,Offinso North,2,2022,DHS 2022,0.179947228309125,0.1560493,0.10700476650422926,0.040350576150000005,0.44689921325,0.05137188400000001,0.39212524599999987,0.4065486371,0.5946452607783963,Low,Moderate (5-20%),18.0%,[4.0%–44.7%],59%,0.642,-0.02450079616624275,-1.0232929924999998,0.9677352897499999,NA,NA,NA,-1.1254569693219059,-3.189848669899909,0.9585298475524312,-0.197598539163625,-0.5734253648250001,0.17592934374999997,-0.40715893261024605,-0.9005824528803168,1.0126044210855196,0.861625,0.7845
GHA,42,Oforikrom,2,2022,DHS 2022,0.0851316571414,0.06659997100000001,0.06476698822481965,0.0150745058,0.26167534374999996,0.01892272545,0.21644250149999988,0.24660083794999996,0.7607861798959754,Low,Moderate (5-20%),8.5%,[1.5%–26.2%],76%,0.207,0.02182552644734875,-1.0140719225000001,1.0520748124999995,NA,NA,NA,-1.2990856446881338,-3.3915348519717163,0.8144185399643483,-0.148504015623725,-0.47469733675000003,0.08811864774999993,-0.5013676919804109,-0.9448353426000922,0.9896430254699106,0.889875,0.83675
GHA,43,Old Tafo,2,2022,DHS 2022,0.0762944817018625,0.059339330499999995,0.060002881448321166,0.01236492915,0.23576714499999996,0.0165358565,0.1908302255,0.22340221584999995,0.7864642384333332,Low,Moderate (5-20%),7.6%,[1.2%–23.6%],79%,0.15975,-0.16115143943691426,-1.02366821,0.7038812837499998,NA,NA,NA,-0.9349391736672615,-2.6529578138341012,0.7860142591915316,-0.0692613579506375,-0.20454808514999998,0.10279880099999997,-0.42238221850320834,-0.9151492582677639,0.9397973593243754,0.860625,0.784625
GHA,44,Sekyere Afram Plains North,2,2022,DHS 2022,0.247310632992125,0.223995285,0.1308717400170443,0.059196537699999996,0.5505088059999999,0.075240279,0.49349294499999985,0.49131226829999985,0.529179592618695,Low,High (20-50%),24.7%,[5.9%–55.1%],53%,0.831625,-0.00980643113681725,-1.0242884225,0.9847442012499996,NA,NA,NA,-1.1676755207444027,-3.224377878026256,0.8667242284101953,-0.23533049309125,-0.6235189177249999,0.18504476549999985,-0.40635364732498436,-0.8834489825009532,0.766592390347341,0.87075,0.781125
GHA,45,Sekyere Central,2,2022,DHS 2022,0.218077204962375,0.193606265,0.12236490481491824,0.0517448743,0.5227833017499999,0.06584797095,0.4591788924999998,0.47103842744999985,0.5611081856814422,Low,High (20-50%),21.8%,[5.2%–52.3%],56%,0.763875,0.0010406686495638747,-1.042020755,1.0500177499999994,NA,NA,NA,-1.0849230888029844,-3.1713584638785766,1.0081455034300182,-0.2068492847515,-0.599718516975,0.19506028649999962,-0.37528359185131166,-0.8933486498345002,0.9977356188648967,0.849875,0.763625
GHA,46,Sekyere East,2,2022,DHS 2022,0.1605655102909625,0.137663855,0.09872167194044706,0.035711681875,0.41073258199999996,0.04437335375,0.3589875819999998,0.37502090012499995,0.6148373443434549,Low,Moderate (5-20%),16.1%,[3.6%–41.1%],61%,0.57275,-0.007282570516206,-1.0315772625,1.0461882174999997,NA,NA,NA,-1.113779636064503,-3.2097254781054967,0.9548754369909849,-0.1851598345295375,-0.5572653544999999,0.15702340409999987,-0.4027353050295018,-0.9109522478139723,1.1037889051777712,0.8535,0.779625
GHA,47,Sekyere Kumawu,2,2022,DHS 2022,0.17622034000775,0.15302933000000002,0.10518665511370433,0.039310801549999996,0.4391037064999999,0.0486376998,0.38265779649999987,0.3997929049499999,0.5969041661653718,Low,Moderate (5-20%),17.6%,[3.9%–43.9%],60%,0.638875,-0.3036388066891501,-1.13799392,0.5342600709999997,NA,NA,NA,-0.4604290069595765,-2.123767428183797,1.1466238592735816,-0.05334149563625,-0.267370727275,0.22723445125,-0.16502205870139997,-0.8388377889439858,1.3137006644984623,0.711375,0.585875
GHA,48,Sekyere South,2,2022,DHS 2022,0.28244792582125,0.28169718499999996,0.0199147348553697,0.2447424015,0.32270971875,0.2506959455,0.31622333649999995,0.07796731724999997,0.07050763356631246,High,High (20-50%),28.2%,[24.5%–32.3%],7%,1,0.423449334513805,-0.15214460849999994,1.0081863899999994,NA,NA,NA,-0.18858125821049967,-1.2952369604890435,0.8948600104407434,-0.04946404131525,-0.30472887749999994,0.1466413421499999,-0.028350978876353565,-0.5286771697804673,1.0297418220887207,0.634125,0.394875
GHA,49,Suame,2,2022,DHS 2022,0.081890193235025,0.06418392549999999,0.062274315889801216,0.0136203743,0.24603824099999985,0.0179038395,0.20466173699999993,0.23241786669999986,0.7604612155581782,Low,Moderate (5-20%),8.2%,[1.4%–24.6%],76%,0.192,0.006597330411053,-1.01038966,1.0697862999999996,NA,NA,NA,-1.31924958547656,-3.3724013839757254,0.7301136972307384,-0.148025697832725,-0.45462259922500003,0.07996189542499978,-0.5175459162216154,-0.9431767283850313,0.8963007812692425,0.898375,0.844875
GHA,50,Banda,2,2022,DHS 2022,0.1805762965985375,0.156977005,0.10844895608966407,0.039328018675,0.44318455949999974,0.04987668540000001,0.3895642794999999,0.4038565408249997,0.6005713824709283,Low,Moderate (5-20%),18.1%,[3.9%–44.3%],60%,0.642375,-0.022959096108812624,-1.074344005,1.0000889499999999,NA,NA,NA,-1.0781997658002103,-3.103115408985743,0.9581541596152968,-0.1874032664462125,-0.5614181612000001,0.17935830124999994,-0.3893714351066987,-0.9028721523143227,1.0461561889643463,0.851375,0.771875
GHA,51,Berekum East,2,2022,DHS 2022,0.1282946495501125,0.108400725,0.08333272953511552,0.027210661475,0.34385284974999997,0.03486793085,0.2901719844999997,0.31664218827499996,0.6495417371444268,Low,Moderate (5-20%),12.8%,[2.7%–34.4%],65%,0.425875,-0.071297883575499,-0.853518098,0.72245358325,NA,NA,NA,-1.2174465430804196,-2.775418988005187,0.31582955973403426,-0.1646589674311375,-0.32334186315,0.06582677724999997,-0.5484596768648142,-0.9115412671159845,0.2510199597249003,0.94025,0.880625
GHA,52,Berekum West,2,2022,DHS 2022,0.1272664555502875,0.10760783,0.0826229541361361,0.02644337485,0.33756430274999993,0.033080990500000004,0.292115776,0.31112092789999996,0.6492123456953575,Low,Moderate (5-20%),12.7%,[2.6%–33.8%],65%,0.413625,0.03164247342938544,-0.7297691384999999,0.7786652202499998,NA,NA,NA,-1.4273155182007373,-2.931191765176634,0.029249166694594864,-0.2056810313909625,-0.320887935375,0.006330897249999976,-0.6163108844018647,-0.9206479399242776,0.019392552678087524,0.97225,0.927625
GHA,53,Dormaa,2,2022,DHS 2022,0.115070913674125,0.10334872,0.05830435796217531,0.035981001150000004,0.25879958024999994,0.0430164159,0.22765323949999977,0.22281857909999994,0.5066819763619006,Low,Moderate (5-20%),11.5%,[3.6%–25.9%],51%,0.362375,-0.38479176586673863,-1.0508539925,0.2839957039999989,NA,NA,NA,-1.0650446691379463,-2.330120094557139,0.20505984006632624,-0.139913826943125,-0.294411505475,0.03485817199999992,-0.5245513979528984,-0.8661321714751145,0.1750153734960305,0.949125,0.89
GHA,54,Dormaa East,2,2022,DHS 2022,0.134260045996525,0.11325461,0.08752508676553329,0.027474494675000002,0.36704114024999984,0.03495115635,0.3086485894999999,0.3395666455749998,0.6519071710119828,Low,Moderate (5-20%),13.4%,[2.7%–36.7%],65%,0.446625,-0.05160134061537537,-1.0995525725,0.9927259317499997,NA,NA,NA,-1.3026287929403135,-3.3806115309556706,0.7732861259529578,-0.203358476790475,-0.5597349182749999,0.12511169024999985,-0.4865293854654488,-0.9289536508634957,0.8078295094241696,0.891625,0.829375
GHA,55,Dormaa West,2,2022,DHS 2022,0.168251358931125,0.14302054,0.10351095177816201,0.037423031174999996,0.42870414475,0.04679390375,0.37012221349999996,0.391281113575,0.6152161411102481,Low,Moderate (5-20%),16.8%,[3.7%–42.9%],62%,0.594375,0.06119540885165437,-0.689079288,0.8275181604999998,NA,NA,NA,-1.3686563307444537,-2.8683628917866915,0.1314328423341146,-0.231046056045125,-0.3768787792,0.03192646524999987,-0.5772754455575598,-0.9075387470687404,0.0781763127414316,0.963375,0.906875
GHA,56,Jaman North,2,2022,DHS 2022,0.124649983131875,0.11217637,0.06263912263827981,0.040357621775000005,0.28158972774999996,0.04723850585,0.2492213349999999,0.24123210597499994,0.5025201052134116,Low,Moderate (5-20%),12.5%,[4.0%–28.2%],50%,0.426375,-0.49016997843832627,-1.1718903024999998,0.20093110999999977,NA,NA,NA,-0.7289995479003376,-1.9772493445180181,0.5247996452596732,-0.088282857939125,-0.23820999605,0.08695106574999985,-0.37669169464177177,-0.8222693598599288,0.5176122046509998,0.869375,0.76125
GHA,57,Jaman South,2,2022,DHS 2022,0.178215113078375,0.163254075,0.08399175715060371,0.057808269775000004,0.379577146,0.06957795935000001,0.3350588404999998,0.32176887622499994,0.47129424491438066,Low,Moderate (5-20%),17.8%,[5.8%–38.0%],47%,0.716875,0.19788403629560625,-0.4673867585,0.84243151325,NA,NA,NA,-1.1694222441014321,-2.4383356204222206,0.08199965191732027,-0.209637508135375,-0.38549619825000003,0.018571637749999866,-0.5291062486432475,-0.8565499406009667,0.055574203228876747,0.967625,0.905625
GHA,58,Sunyani,2,2022,DHS 2022,0.074603185576125,0.0680611425,0.03538808599474907,0.026283147200000002,0.16347423299999989,0.03058077865,0.14086199950000003,0.1371910857999999,0.4743508701600833,Low,Moderate (5-20%),7.5%,[2.6%–16.3%],47%,0.094625,-0.4762383315269669,-1.2579449,0.28969057549999994,NA,NA,NA,-1.000328595239057,-2.4850069804469883,0.5274182194824467,-0.1053989557135,-0.315287719775,0.047039119574999975,-0.4754846354034471,-0.881790419998397,0.6137332620115562,0.902,0.839625
GHA,59,Sunyani West,2,2022,DHS 2022,0.114922878066,0.104069635,0.05885395255875276,0.03600922295,0.26013587675,0.0423206346,0.22635968149999977,0.2241266538,0.5121169391959801,Low,Moderate (5-20%),11.5%,[3.6%–26.0%],51%,0.371875,-0.033211676705755075,-0.9711607555,0.9121503924999997,NA,NA,NA,-1.2816530009243108,-3.1409181106439963,0.6003199235963429,-0.197705999990125,-0.5475279594999999,0.06706181057499994,-0.5173650560014239,-0.9062162844112397,0.682637733717699,0.9175,0.860625
GHA,60,Tain,2,2022,DHS 2022,0.1280212575975,0.12185689499999999,0.042899940540126504,0.0616101965,0.22712771449999994,0.0693441631,0.20602646049999995,0.16551751799999995,0.33510013372157543,Low,Moderate (5-20%),12.8%,[6.2%–22.7%],34%,0.496125,-0.06078502893330625,-0.90639264575,0.8022594624999998,NA,NA,NA,-1.123295107330205,-2.8050631511270554,0.5122632172885423,-0.1915999234095,-0.5404249022500001,0.05883343624999988,-0.47294883178912706,-0.8585844163528473,0.5487256843668727,0.90525,0.8465
GHA,61,Wenchi,2,2022,DHS 2022,0.132157487620375,0.12250409,0.05589409203191127,0.0516170625,0.27019309575000006,0.0595828236,0.2384384905,0.21857603325000005,0.42293549187669305,Low,Moderate (5-20%),13.2%,[5.2%–27.0%],42%,0.498625,0.3749325185995875,-0.13938665174999998,0.8870620865,NA,NA,NA,-1.797365370223516,-2.770230587656159,-0.8238538342379699,-0.325779170673375,-0.423650182475,-0.1840072397500001,-0.7106329969328733,-0.8878028957204804,-0.41050445256555823,1,0.99775
GHA,62,Atebubu-Amantin,2,2022,DHS 2022,0.186451914764875,0.18507678,0.029394545895832114,0.13365623175,0.24922248049999998,0.140787007,0.23783697949999996,0.11556624874999999,0.15765215354800768,High,Moderate (5-20%),18.6%,[13.4%–24.9%],16%,0.988625,0.55540773695545,0.23741710325000004,0.879504955,NA,NA,NA,-2.0320380851025224,-2.528867303099942,-1.529692848368625,-0.446117242641375,-0.5372187374999999,-0.34772173575000004,-0.704164951582502,-0.7920330339986664,-0.5977619617218887,1,1
GHA,63,Kintampo North,2,2022,DHS 2022,0.141452274673125,0.119773265,0.09026895563730107,0.029360183825000004,0.3725611407499999,0.037437248900000004,0.31574413699999987,0.3432009569249999,0.6381583883744472,Low,Moderate (5-20%),14.1%,[2.9%–37.3%],64%,0.482125,-0.01349526394685375,-1.0368096924999999,1.0349547249999997,NA,NA,NA,-1.0195389210130557,-3.123078124299875,1.069258230608377,-0.1542289184165,-0.50905829175,0.1662253224999996,-0.36224176233426897,-0.9111881035551487,1.3416872661222201,0.835125,0.761625
GHA,64,Kintampo South,2,2022,DHS 2022,0.10213848364125,0.09791292,0.032268083189407416,0.051250229825,0.1767669255,0.0567578117,0.16062594949999995,0.125516695675,0.3159248310631422,Medium,Moderate (5-20%),10.2%,[5.1%–17.7%],32%,0.2395,-0.118421591742759,-0.91440992925,0.6689246864999991,NA,NA,NA,-1.3318974061320439,-2.888068677934932,0.25689180060461814,-0.208477038157875,-0.5315078952,0.02494238737499993,-0.5720953434191667,-0.878296771189941,0.2468952312832817,0.9475,0.9055
GHA,65,Nkoranza North,2,2022,DHS 2022,0.161271699298625,0.139264305,0.09831639595755017,0.036161847625,0.41580795999999987,0.045290445000000006,0.35818430349999963,0.37964611237499984,0.6096320457038081,Low,Moderate (5-20%),16.1%,[3.6%–41.6%],61%,0.576,-0.0010940496307687499,-1.03194634,1.0239890574999997,NA,NA,NA,-1.1357506492899303,-3.2397421782323614,0.9308427406238731,-0.190155514321875,-0.5728788028,0.15634660949999973,-0.413795915548177,-0.9130814100489679,1.028030863981088,0.8655,0.792
GHA,66,Nkoranza South,2,2022,DHS 2022,0.13024404638825,0.11982271,0.05875415711154112,0.046242981550000006,0.27234993799999996,0.054611262900000006,0.2402049289999999,0.22610695644999995,0.4511081983463441,Low,Moderate (5-20%),13.0%,[4.6%–27.2%],45%,0.477,-0.10587554579805625,-0.9897761737499999,0.8003692044999998,NA,NA,NA,-1.2983059353186475,-3.0789227249981166,0.4285607102694336,-0.219518195919125,-0.5702642697499999,0.05611756694999985,-0.5246940141920484,-0.8924027449555523,0.4306078364975462,0.928375,0.87075
GHA,67,Pru East,2,2022,DHS 2022,0.160001451817,0.154406155,0.04816832310712726,0.08219759000000001,0.27253812675,0.09116056915000001,0.24799897049999997,0.19034053674999998,0.3010492877415842,Medium,Moderate (5-20%),16.0%,[8.2%–27.3%],30%,0.769,-0.3826710947685337,-0.8335100795,0.06939332942499994,NA,NA,NA,-0.41259356700861527,-1.1539028445636936,0.3259713694185395,-0.05647682490675,-0.14326468157499997,0.058361191749999965,-0.25616866795701876,-0.6276359350589494,0.2853468124629934,0.8655,0.64325
GHA,68,Pru West,2,2022,DHS 2022,0.125754228006625,0.125351015,0.010903963678868402,0.10522577524999999,0.14839405475,0.10854166500000001,0.144461978,0.04316827950000002,0.0867085254445199,High,Moderate (5-20%),12.6%,[10.5%–14.8%],9%,0.581,-0.1293764720314645,-0.8725726625,0.6137012577499997,NA,NA,NA,-1.3108119000347564,-2.7780440889467553,0.1711606380354356,-0.23715812241525,-0.5694158435,0.017869840249999998,-0.5619000464005707,-0.8246769299360641,0.16255716646260965,0.957875,0.916
GHA,69,Sene East,2,2022,DHS 2022,0.46244829701375,0.46232763,0.024877440170463894,0.41442429875,0.5118134275,0.421613935,0.50328433400000006,0.09738912875000005,0.05379507359224681,High,High (20-50%),46.2%,[41.4%–51.2%],5%,1,0.6697002192614625,0.2002055325,1.1410484574999997,NA,NA,NA,-0.834256916641429,-1.1200376018937603,-0.5598565769863336,-0.2016714633925,-0.26814249075,-0.13616530774999994,-0.3028343866358945,-0.38849302799963653,-0.21452122237321408,1,0.987
GHA,70,Sene West,2,2022,DHS 2022,0.148861987660375,0.145625,0.03721988776549116,0.08671197442499999,0.23091766199999997,0.09456175545,0.21650124699999995,0.14420568757499996,0.25002949611560626,Medium,Moderate (5-20%),14.9%,[8.7%–23.1%],25%,0.740875,-0.27117256720532473,-0.8824700384999999,0.32738854949999974,NA,NA,NA,-1.3203890310902329,-2.3543815584577645,-0.2982543306585296,-0.244281296099625,-0.4636001174,-0.04805589100000018,-0.5938875760536139,-0.8094574428770182,-0.21173424162440552,0.994375,0.976625
GHA,71,Techiman,2,2022,DHS 2022,0.072841398171525,0.063381455,0.042122305768986935,0.01986018815,0.18016790524999998,0.0243329083,0.15287479449999997,0.16030771709999997,0.5782742619766639,Low,Moderate (5-20%),7.3%,[2.0%–18.0%],58%,0.113,-0.31999917739741024,-1.1576851624999998,0.4983620952499991,NA,NA,NA,-1.2794446044417143,-2.898199199883904,0.3180787346794236,-0.136670827203975,-0.36029768934999995,0.031210592750000005,-0.5784558570761855,-0.9186355680838213,0.3198910917368239,0.943625,0.893
GHA,72,Techiman North,2,2022,DHS 2022,0.1092660014200125,0.09724340849999999,0.05947786357078859,0.031993548725,0.25921454374999997,0.038740852900000004,0.22219356350000002,0.22722099502499998,0.5443400764905724,Low,Moderate (5-20%),10.9%,[3.2%–25.9%],54%,0.324625,0.474861836864937,-0.1722126362499999,1.1316523124999998,NA,NA,NA,-2.064253758525391,-3.2626688007725657,-0.8732988130181678,-0.3479710554174875,-0.44499567365000003,-0.19519751725000015,-0.7603100855764173,-0.9308901516655996,-0.4315728267856652,0.99925,0.99675
GHA,73,Abura-Asebu-Kwamankese,2,2022,DHS 2022,0.1764211725280375,0.152448405,0.10741969462927906,0.04001094125000001,0.4528330272499999,0.04929120270000001,0.39011847099999986,0.4128220859999999,0.6088821034913342,Low,Moderate (5-20%),17.6%,[4.0%–45.3%],61%,0.633375,0.29959109506388854,-0.6018418779999999,1.2266453399999995,NA,NA,NA,-1.9279372367708483,-3.7252088830528214,-0.14161558157819473,-0.3736017952457125,-0.660176685775,-0.03160450650000014,-0.6610835335816643,-0.9312839088701651,-0.07485762491530479,0.9825,0.95325
GHA,74,Agona East,2,2022,DHS 2022,0.09617691138075,0.09063494250000001,0.03683221321504252,0.041860596550000004,0.183695713,0.0477030717,0.16314326549999986,0.14183511645000002,0.3829631528634695,Low,Moderate (5-20%),9.6%,[4.2%–18.4%],38%,0.205625,0.194409083726672,-0.406048765,0.7923006027499997,NA,NA,NA,-2.395854291017325,-3.573566987338262,-1.2092850711187264,-0.42433652260425,-0.63041865085,-0.20805512507500024,-0.806865988800548,-0.9256637124125089,-0.5890619676951044,1,1
GHA,75,Agona West,2,2022,DHS 2022,0.09026339187325,0.082495466,0.04203892537228843,0.031132518775,0.19452099074999987,0.037414797750000006,0.16933402849999993,0.16338847197499987,0.4657361583677299,Low,Moderate (5-20%),9.0%,[3.1%–19.5%],47%,0.189,-0.028219522178553,-0.6544354925,0.5883698564999998,NA,NA,NA,-2.0470688790371376,-3.2698084058934556,-0.8422299858091035,-0.32172862156425003,-0.502955068125,-0.14237698125000012,-0.7715604760463535,-0.9271209228628005,-0.4655562877634412,0.99975,0.99875
GHA,76,Ajumako-Enyan-Essiam,2,2022,DHS 2022,0.135891504792875,0.124212655,0.06354474670987724,0.0467888108,0.2941500652499999,0.054633432,0.25865258949999975,0.24736125444999993,0.4676138277130108,Low,Moderate (5-20%),13.6%,[4.7%–29.4%],47%,0.509875,-0.007194326631529,-0.653768365,0.641073891249999,NA,NA,NA,-1.7179508015817992,-2.9605993297267283,-0.479259044809023,-0.306982257658375,-0.49412637487499994,-0.09937454525000011,-0.6831468680543713,-0.8968559556575078,-0.2758349158635327,0.99625,0.98625
GHA,77,Asikuma-Odoben-Brakwa,2,2022,DHS 2022,0.17726554953475,0.154183305,0.10517502154742492,0.040998294649999996,0.4363792584999999,0.05109596500000001,0.3839309874999996,0.39538096384999993,0.5933190167151293,Low,Moderate (5-20%),17.7%,[4.1%–43.6%],59%,0.6455,-0.26896301616434526,-1.0128265275,0.4811399587499996,NA,NA,NA,-0.6648278105699521,-2.1696097251581583,0.8535819425768357,-0.0868749222715,-0.25650459705,0.18231929849999984,-0.31062262719053846,-0.8471190717115569,0.7887689492911901,0.803,0.685
GHA,78,Assin Central,2,2022,DHS 2022,0.1485048194593375,0.12625744,0.09247177658733625,0.031992646575,0.38044029374999994,0.04046624975,0.33595696199999997,0.34844764717499993,0.6226853574449562,Low,Moderate (5-20%),14.9%,[3.2%–38.0%],62%,0.51775,-0.0509889285113825,-0.8032144119999999,0.70287827775,NA,NA,NA,-1.2370837008079383,-2.7313875961546006,0.23243676934265634,-0.1851934414644125,-0.3147812737,0.052846904499999924,-0.5532549331556198,-0.9051670139588505,0.16272509396892523,0.9505,0.88975
GHA,79,Assin North,2,2022,DHS 2022,0.14347686146,0.14299531,0.012136119199224199,0.121019719,0.16868673599999998,0.1244305395,0.16444059549999998,0.04766701699999998,0.08458589821194015,High,Moderate (5-20%),14.3%,[12.1%–16.9%],8%,0.91775,0.09903406876970812,-0.36682645649999995,0.56586236725,NA,NA,NA,-1.6956949334269251,-2.552402645132502,-0.8315973180863784,-0.33393350164,-0.5354678182499999,-0.13670908775,-0.683501209389464,-0.7979891152875754,-0.48069071658943413,1,0.999375
GHA,80,Assin South,2,2022,DHS 2022,0.15074013423675,0.14836029,0.02847610709507901,0.1013100925,0.21175461274999996,0.1081162065,0.200709729,0.11044452024999996,0.1889085958378868,Medium,Moderate (5-20%),15.1%,[10.1%–21.2%],19%,0.821125,0.0210031957137669,-0.32005673599999995,0.37070099774999987,NA,NA,NA,-1.5266746956684571,-2.0975687019071634,-0.9625381723279685,-0.295133572382,-0.40214927075,-0.18816700050000001,-0.6580887496947749,-0.7810477569127989,-0.49365128446942796,1,1
GHA,81,Awutu Senya East,2,2022,DHS 2022,0.0984954109176,0.0797311445,0.0689697713972297,0.019852201225,0.2815092084999997,0.024209002400000002,0.23470814949999996,0.26165700727499974,0.7002333484849251,Low,Moderate (5-20%),9.8%,[2.0%–28.2%],70%,0.2695,0.21661322357662,-0.53414107525,0.9811931524999999,NA,NA,NA,-1.7376348960333658,-3.223718039652924,-0.2251054689533539,-0.23414763084865,-0.331524025075,-0.04736765225000004,-0.7026139770703175,-0.9409085266335557,-0.1454731531196552,0.987625,0.968125
GHA,82,Awutu Senya West,2,2022,DHS 2022,0.299384352133625,0.290546265,0.09563368243983845,0.14223835875,0.510833048,0.1596292095,0.4715985045,0.36859468924999994,0.31943447196984437,Medium,High (20-50%),29.9%,[14.2%–51.1%],32%,0.9895,0.5764744446698588,-0.30541899624999996,1.4769012774999997,NA,NA,NA,-0.1858500766386859,-1.923115421436369,1.6180948988767874,-0.049128785770625,-0.420528204,0.28467178797500003,0.12280562945561563,-0.6858644403875831,2.403479147244784,0.587875,0.437375
GHA,83,Cape Coast,2,2022,DHS 2022,0.0994882442175625,0.07924347200000001,0.07409371081907878,0.017036059125000003,0.2974341664999999,0.0217824323,0.24856011549999996,0.28039810737499987,0.7447484011985321,Low,Moderate (5-20%),9.9%,[1.7%–29.7%],74%,0.273375,-0.0848751212881725,-1.1768918350000002,1.0123029849999994,NA,NA,NA,-1.155930779399368,-3.2375320482343724,0.9536598232211432,-0.1418109094971875,-0.48025885337499996,0.11734565265,-0.4264799606672787,-0.9349192214052453,1.2447181045995124,0.86375,0.803625
GHA,84,Effutu,2,2022,DHS 2022,0.1127801515,0.091620941,0.08008891582858114,0.020571958175,0.3230628707499995,0.0261999688,0.2686343704999999,0.3024909125749995,0.7101330753982996,Low,Moderate (5-20%),11.3%,[2.1%–32.3%],71%,0.335375,-0.457234541984822,-1.3494056574999997,0.40112361749999964,NA,NA,NA,-0.4515327026750551,-2.169837838165538,1.2577744806196003,-0.030236069210875,-0.17600715617499998,0.19254428024999995,-0.12873418516938245,-0.8631283268132571,1.7553443218089735,0.69775,0.590875
GHA,85,Ekumfi,2,2022,DHS 2022,0.15003380566875,0.137554095,0.06892474237755465,0.052117448475,0.31409814924999996,0.061432248849999996,0.27766567999999997,0.26198070077499996,0.4593947482058088,Low,Moderate (5-20%),15.0%,[5.2%–31.4%],46%,0.596125,-0.18766314728096115,-0.9236652575,0.5334561642499999,NA,NA,NA,-1.0647002795343083,-2.484491419826757,0.359904128270737,-0.1745939500465,-0.41694344099999997,0.06219745575,-0.48919236319760334,-0.8569069077068632,0.3245487374012051,0.932375,0.864625
GHA,86,Gomoa Central,2,2022,DHS 2022,0.156190789258225,0.13103659,0.10194613138042587,0.03292198875,0.41561345349999995,0.04008015595,0.3610298379999999,0.38269146474999993,0.6527025816604445,Low,Moderate (5-20%),15.6%,[3.3%–41.6%],65%,0.539375,-0.027278210647511875,-1.1395068925,1.085672945,NA,NA,NA,-1.2165598006369607,-3.2713785578956527,0.8359548604010807,-0.20002291107565,-0.572709029975,0.14855998525,-0.4520001476788723,-0.9167597028031398,0.8776435899270459,0.8825,0.815875
GHA,87,Gomoa East,2,2022,DHS 2022,0.078403403617,0.072566822,0.03389057916481406,0.030385316375,0.16098200399999996,0.0349863209,0.1410637614999999,0.13059668762499996,0.4322590295999045,Low,Moderate (5-20%),7.8%,[3.0%–16.1%],43%,0.1,-0.16255218755157913,-0.86723093725,0.5202844919999998,NA,NA,NA,-1.4402568950535564,-2.737664647374049,-0.12474437298092628,-0.179745496390125,-0.39155767625000004,-0.013024099150000062,-0.6529858277515632,-0.8994389909522538,-0.10359264017189548,0.9835,0.9595
GHA,88,Gomoa West,2,2022,DHS 2022,0.101273914601,0.094914085,0.04077775895254558,0.042469176275000006,0.19922117824999983,0.0481074784,0.17819289899999996,0.15675200197499983,0.4026481953739244,Low,Moderate (5-20%),10.1%,[4.2%–19.9%],40%,0.249875,-0.2957154934439475,-0.8216115970000001,0.2183687167499999,NA,NA,NA,-1.7026199302680798,-2.585402196418978,-0.8265449855866503,-0.26327993194275,-0.34279827785,-0.15729091175,-0.7209655370331731,-0.884491712021214,-0.45020773467842606,1,0.998625
GHA,89,Komenda-Edina-Eguafo-Abirem-,2,2022,DHS 2022,0.1577072171217,0.13559805,0.09893623956999023,0.033532614475,0.40378760849999984,0.0429524038,0.3485270424999997,0.37025499402499984,0.6273412300062514,Low,Moderate (5-20%),15.8%,[3.4%–40.4%],63%,0.5585,-0.17939196425631462,-1.0782934575,0.7218218832500001,NA,NA,NA,-1.0516602398305337,-2.777867722007405,0.6682700019526435,-0.15890379167705,-0.42012662802500006,0.1344896399249999,-0.4519834990447125,-0.8986562092283774,0.59214481401387975,0.888625,0.8035
GHA,90,Mfantseman,2,2022,DHS 2022,0.14265813393845,0.119144005,0.09547131350225199,0.028829321825,0.3930669319999999,0.036203309350000004,0.3338669129999997,0.36423761017499995,0.6692314757421627,Low,Moderate (5-20%),14.3%,[2.9%–39.3%],67%,0.4815,-0.35266240873027127,-1.33974278,0.632219129749999,NA,NA,NA,-0.6977806184818905,-2.6128957718683727,1.2797262423339497,-0.0894932911653,-0.368516165125,0.19858618825,-0.2221236074490878,-0.8886080086847078,1.7929751923925252,0.76375,0.66775
GHA,91,Twifo-Atti-Morkwa,2,2022,DHS 2022,0.190358698623625,0.17892629,0.07416686458322862,0.077935038675,0.3614538854999999,0.0893705266,0.3259089225,0.2835188468249999,0.38961636699287633,Low,Moderate (5-20%),19.0%,[7.8%–36.1%],39%,0.82025,-0.41798811138327213,-0.9431097420000001,0.10076085649999988,NA,NA,NA,-0.5483352138327279,-1.5273916062256325,0.42292747202649855,-0.084775269982625,-0.2070250525,0.09004955974999997,-0.30459673437810136,-0.720379225809564,0.3414084077903599,0.867625,0.69225
GHA,92,Twifo-Hemang-Lower Denkyira,2,2022,DHS 2022,0.208326476659375,0.18410314,0.11811530532297052,0.04709127075,0.4971213785,0.059758202600000004,0.4434328379999999,0.45003010774999996,0.5669721257567054,Low,High (20-50%),20.8%,[4.7%–49.7%],57%,0.737375,-0.0873007576482975,-1.1594205275,0.9602938334999996,NA,NA,NA,-1.0929050452579627,-3.1629893838688306,0.9923977114702498,-0.204353478983125,-0.5863636234499999,0.19608537699999937,-0.3834356134157768,-0.8933753967305843,0.9962216362114624,0.85375,0.771875
GHA,93,Upper Denkyira East,2,2022,DHS 2022,0.134827413388125,0.12088505499999999,0.06982386598542507,0.0408945785,0.3092426015,0.04876989805,0.26944369249999994,0.268348023,0.5178758846646749,Low,Moderate (5-20%),13.5%,[4.1%–30.9%],52%,0.48975,-0.12169270641008087,-1.069170525,0.82730748025,NA,NA,NA,-1.3559198858001316,-3.190483896418309,0.47365494946730485,-0.227998048341125,-0.577886107875,0.0710771877499999,-0.535809234909196,-0.9043338150317468,0.46144683580408924,0.924875,0.872125
GHA,94,Upper Denkyira West,2,2022,DHS 2022,0.16166550055,0.152059805,0.06144997967337494,0.0701100676,0.3074296419999998,0.07845156265,0.2767281315,0.2373195743999998,0.3801057087895488,Low,Moderate (5-20%),16.2%,[7.0%–30.7%],38%,0.708,0.030211099739056252,-0.8089517675,0.8797380065,NA,NA,NA,-1.0441698163345172,-2.7417321665771057,0.6470370425659815,-0.192690316594375,-0.534908367675,0.0934523714999999,-0.4265197879001751,-0.8484014711607271,0.7020498159814832,0.884,0.813375
GHA,95,Abuakwa North,2,2022,DHS 2022,0.128289245802125,0.106707355,0.08377914766619174,0.0265412637,0.3474234942499999,0.03346923165,0.2976529174999997,0.3208822305499999,0.6530488751599163,Low,Moderate (5-20%),12.8%,[2.7%–34.7%],65%,0.41775,-0.20445539778373398,-1.1218105099999998,0.71415037525,NA,NA,NA,-0.7944175603323624,-2.605745392375067,1.0814608163837485,-0.097380230194375,-0.352492813625,0.16815518749999991,-0.30372834903979007,-0.8935265928319053,1.37634324455952,0.799375,0.713875
GHA,96,Abuakwa South,2,2022,DHS 2022,0.1416971077688875,0.11907909,0.09142078164642756,0.028953343225,0.37337823924999947,0.037298294,0.32585998349999995,0.3444248960249995,0.6451845283641058,Low,Moderate (5-20%),14.2%,[2.9%–37.3%],65%,0.485125,0.5855211774862372,-0.17281548349999998,1.3441659124999998,NA,NA,NA,-2.3832585466128013,-3.935586833368352,-0.8739660002763271,-0.4532702157686125,-0.58159759635,-0.2145860395000001,-0.761402794972083,-0.9516503709058696,-0.36365996085095176,0.99975,0.99375
GHA,97,Achiase,2,2022,DHS 2022,0.1647792878229,0.14421712,0.10036387985484096,0.036533046400000005,0.41957950499999963,0.0456615828,0.361475549,0.38304645859999964,0.609080675010012,Low,Moderate (5-20%),16.5%,[3.7%–42.0%],61%,0.593625,-0.00830483420483765,-1.04464954,0.9847319459999984,NA,NA,NA,-1.1165684094590942,-3.2033432315370156,0.9943529663409253,-0.1876036572491,-0.5520553372000001,0.17083312762499991,-0.39653022700322343,-0.9118352485563304,1.1083585938420362,0.85625,0.7825
GHA,98,Akwapem North,2,2022,DHS 2022,0.1162113934317875,0.09584841399999999,0.07922195169797304,0.02363618845,0.32966187474999925,0.02968300845,0.2702941754999996,0.30602568629999927,0.6817055484708036,Low,Moderate (5-20%),11.6%,[2.4%–33.0%],68%,0.35025,0.06067029706866625,-0.9677848005,1.110846035,NA,NA,NA,-1.1965595914460683,-3.3277034112568495,0.9014133375112409,-0.1671364891783375,-0.5103987732499999,0.12344088374999992,-0.45590384896706126,-0.9305223756173115,1.0747750076695417,0.874125,0.8105
GHA,99,Akwapem South,2,2022,DHS 2022,0.114997619319275,0.09680469550000001,0.07528786905014373,0.024389818650000002,0.31036724024999995,0.029899704500000002,0.2619118204999998,0.28597742159999995,0.6546906753010022,Low,Moderate (5-20%),11.5%,[2.4%–31.0%],65%,0.36125,0.07135044703426438,-0.9572825185,1.0936554849999995,NA,NA,NA,-1.1661010250073032,-3.2285522890014726,0.9478949847076108,-0.16218683721235,-0.50933749105,0.12626475399999992,-0.4343866752230243,-0.9260988444286312,1.1766232223767137,0.864375,0.80525
GHA,100,Akyemansa,2,2022,DHS 2022,0.182890448145625,0.16003065,0.10713873975622011,0.04210415097500001,0.4546174157499999,0.052116574900000004,0.39327918099999987,0.4125132647749999,0.5858082849188044,Low,Moderate (5-20%),18.3%,[4.2%–45.5%],59%,0.659,-0.09149740402969837,-0.829793982,0.6524253544999998,NA,NA,NA,-0.8175216969761095,-2.2872509382114496,0.6688753884060042,-0.118343750035625,-0.2682697781499999,0.15481898049999987,-0.38987819384150924,-0.8601715874659577,0.5266118738877852,0.862125,0.754125
GHA,101,Asene-Manso-Akroso,2,2022,DHS 2022,0.133064382852,0.121391585,0.06088037049236584,0.04710132089999999,0.2815259384999998,0.0557030925,0.24959695949999997,0.2344246175999998,0.45752566680506557,Low,Moderate (5-20%),13.3%,[4.7%–28.2%],46%,0.494625,0.6514537095175863,0.10050474375,1.2040281549999998,NA,NA,NA,-2.6402604856704235,-3.6957858097423046,-1.5864967016099512,-0.5273525938305,-0.6254897628749999,-0.37398578625000006,-0.7982998262758246,-0.9293705720910548,-0.5728287506187548,1,1
GHA,102,Asuogyaman,2,2022,DHS 2022,0.1360435500746625,0.11636184499999999,0.08576847974724593,0.0291548213,0.3589046602499999,0.036826357350000005,0.30535823899999986,0.3297498389499999,0.6304487033760516,Low,Moderate (5-20%),13.6%,[2.9%–35.9%],63%,0.462625,0.01432520860688125,-1.002550615,1.0460671099999999,NA,NA,NA,-1.0381786749135788,-3.141693688241947,1.02509052022682,-0.1549766060237125,-0.5136742401000001,0.15286406325000002,-0.3819322026962055,-0.9171419425331871,1.2606589355317046,0.846375,0.769625
GHA,103,Atiwa East,2,2022,DHS 2022,0.1561573149851375,0.133758395,0.09881018858233866,0.0324093503,0.40831469149999994,0.04166175085000001,0.3498867534999999,0.37590534119999996,0.6327605504214968,Low,Moderate (5-20%),15.6%,[3.2%–40.8%],63%,0.544,0.8401410517073813,0.07140893315,1.61455811,NA,NA,NA,-2.828727706678923,-4.375208435004813,-1.3193835810698522,-0.5644510488061125,-0.69958219675,-0.30988950575,-0.7831932614742617,-0.9552706265627726,-0.4302356565233953,0.999875,0.99775
GHA,104,Atiwa West,2,2022,DHS 2022,0.150768123708475,0.127361315,0.09752205981737247,0.030106678525,0.4004719267499997,0.0386175041,0.34256444399999975,0.3703652482249997,0.646834738130329,Low,Moderate (5-20%),15.1%,[3.0%–40.0%],65%,0.525625,0.0453588499816,-1.0174175425,1.101961725,NA,NA,NA,-1.1461676902129232,-3.2962869034712776,0.9657341269146953,-0.18307400232015,-0.56213148545,0.15562187262499994,-0.4155385392690829,-0.9207199687242217,1.0802741292592246,0.857625,0.788125
GHA,105,Ayensuano,2,2022,DHS 2022,0.176073769608625,0.15954468,0.08886146384117109,0.052869432575,0.39755863575,0.06373092115000001,0.34762874,0.344689203175,0.5046831452446975,Low,Moderate (5-20%),17.6%,[5.3%–39.8%],50%,0.689125,0.09054205816378424,-0.8541992655,1.0269605174999998,NA,NA,NA,-1.0348551359866223,-2.9801241281265582,0.9030571529457196,-0.187817157914625,-0.552540393075,0.14438592687499968,-0.3829855918044852,-0.8817533621658167,1.0105283047200342,0.857875,0.780125
GHA,106,Birim Central,2,2022,DHS 2022,0.12333524192525,0.103248325,0.08118708261533977,0.02497284225,0.3378344282499999,0.0317704489,0.2841255649999999,0.31286158599999986,0.6582634561542837,Low,Moderate (5-20%),12.3%,[2.5%–33.8%],66%,0.39975,0.025564308928217875,-1.0001683024999999,1.0605577675000002,NA,NA,NA,-1.2767122957886443,-3.3365548867691013,0.7880690927921086,-0.18845895227425,-0.533895367075,0.11405874649999984,-0.48437769745401643,-0.9291032199779401,0.8442869033730637,0.892,0.827
GHA,107,Birim North,2,2022,DHS 2022,0.16359963911125,0.140155405,0.09935812049790947,0.03795510465,0.4132954732499998,0.046710681500000004,0.3656378405,0.3753403685999998,0.6073248146369357,Low,Moderate (5-20%),16.4%,[3.8%–41.3%],61%,0.579125,0.045011811589913374,-0.71188943575,0.8220741182499998,NA,NA,NA,-1.1425273359736277,-2.6434651772781494,0.3882091546216523,-0.17821329013,-0.35052497102499997,0.08779713574999995,-0.5126020741784505,-0.8916443943672631,0.2753280936235283,0.9315,0.858875
GHA,108,Birim South,2,2022,DHS 2022,0.1480141125715625,0.126392955,0.09476865686524247,0.030557618100000003,0.3940039537499998,0.038941117100000006,0.335498765,0.3634463356499998,0.640267709738984,Low,Moderate (5-20%),14.8%,[3.1%–39.4%],64%,0.51725,-0.022948916498375,-0.8805240297500001,0.8313817382499994,NA,NA,NA,-1.1397316058167928,-2.8692531348260437,0.5434076615611713,-0.1686583287055625,-0.408407994875,0.10592153775000003,-0.49150883662500067,-0.9089100984543883,0.47150228401878796,0.9065,0.833875
GHA,109,Denkyembour,2,2022,DHS 2022,0.15810199515125,0.136911265,0.09595003270139822,0.03503041185,0.39728452299999967,0.0433054125,0.34310742349999995,0.36225411114999967,0.6068869188501168,Low,Moderate (5-20%),15.8%,[3.5%–39.7%],61%,0.567875,-0.0880639805808425,-0.82488166925,0.648349319749999,NA,NA,NA,-0.9358178840141401,-2.422213366687228,0.4950331945612688,-0.12858796182375,-0.26333896069999996,0.10928678649999995,-0.44566011810003947,-0.8791859584293722,0.3995261164773043,0.893875,0.798375
GHA,110,Fanteakwa North,2,2022,DHS 2022,0.144983177618625,0.12113801,0.09379927416403391,0.031069359050000002,0.39093562449999997,0.03869421975,0.3267051464999999,0.35986626544999994,0.646966604710312,Low,Moderate (5-20%),14.5%,[3.1%–39.1%],65%,0.49225,-0.32799987204004377,-1.254604725,0.5388253614999995,NA,NA,NA,-0.3352554085558932,-2.032306590074203,1.4724712048319595,-0.030514046868,-0.2401966407,0.23460564499999997,-0.015543161290725286,-0.8314779304703371,2.22399557705986,0.649,0.535375
GHA,111,Fanteakwa South,2,2022,DHS 2022,0.1394234231841125,0.11831548,0.08966029127459235,0.0293482215,0.37147246374999965,0.036694808450000005,0.3173665115,0.34212424224999965,0.6430791127269444,Low,Moderate (5-20%),13.9%,[2.9%–37.1%],64%,0.478875,0.03148654567046375,-1.0184361675,1.1043094874999992,NA,NA,NA,-1.2212970701987058,-3.208467700171183,0.7770635252809852,-0.1908665770975125,-0.547408587825,0.12255381399999983,-0.4638547565122186,-0.9188330754878677,0.8346925965266132,0.880125,0.816375
GHA,112,Kwaebibirem,2,2022,DHS 2022,0.180748461166375,0.156422525,0.10923856140850301,0.0405340926,0.45325065449999996,0.05040171675,0.39732161349999995,0.41271656189999995,0.6043678640669107,Low,Moderate (5-20%),18.1%,[4.1%–45.3%],60%,0.63825,-0.28962298002930315,-1.1949992875,0.6136487437499982,NA,NA,NA,-0.4584833152558742,-2.2155520132576525,1.361423789051627,-0.0574915578595,-0.315300895425,0.2512022942499999,-0.12081406869929127,-0.844259531731064,1.7135822697212053,0.695375,0.57825
GHA,113,Kwahu Afram Plains North,2,2022,DHS 2022,0.255835672567625,0.23139934499999998,0.13191254694666327,0.067772358375,0.5644285337499999,0.0836411292,0.5106204799999997,0.4966561753749999,0.5156143614483427,Low,High (20-50%),25.6%,[6.8%–56.4%],52%,0.851625,-0.3936965581737991,-1.2209108525,0.4632037957499998,NA,NA,NA,-0.2880976105298365,-1.9540135512311696,1.3567537613448561,-0.040236050807625,-0.31490291879999993,0.29627078749999997,-0.05557636644975323,-0.7900734166735,1.4172113485850653,0.631125,0.486125
GHA,114,Kwahu Afram Plains South,2,2022,DHS 2022,0.126428972277875,0.12604004000000002,0.010981039038015708,0.10576892600000001,0.14899856549999999,0.109064653,0.14479558699999998,0.04322963949999997,0.08685540062669152,High,Moderate (5-20%),12.6%,[10.6%–14.9%],9%,0.59475,-0.3714165713443825,-0.66049957975,-0.08659804867500005,NA,NA,NA,-1.4295835200657083,-1.705748429613672,-1.1541155791749103,-0.249757570853375,-0.30022136350000006,-0.1995731605,-0.662604470823943,-0.7272669145155013,-0.5859345930395773,1,1
GHA,115,Kwahu East,2,2022,DHS 2022,0.162928371920625,0.140492685,0.09952333304428522,0.036356917625000006,0.42317509775,0.0464855284,0.354925963,0.386818180125,0.6108410209412191,Low,Moderate (5-20%),16.3%,[3.6%–42.3%],61%,0.5815,0.2676862943788145,-0.54332452925,1.0993257799999991,NA,NA,NA,-1.71051556692481,-3.354274395581986,-0.07922729620945866,-0.312511601978125,-0.5398939751,-0.018133026250000118,-0.6450318137556923,-0.9246631095275739,-0.04426834012811717,0.9795,0.95
GHA,116,Kwahu South,2,2022,DHS 2022,0.1453496988977,0.12236516,0.09325273907677732,0.030225679975,0.38259365949999985,0.0383324932,0.32752942099999993,0.3523679795249999,0.6415750413243749,Low,Moderate (5-20%),14.5%,[3.0%–38.3%],64%,0.494875,0.0162994192316545,-1.0122008574999999,1.0457824249999998,NA,NA,NA,-1.170950515433672,-3.251517822508235,0.8913838929813818,-0.18479962608355,-0.54353999255,0.1468090279999999,-0.43770202133086517,-0.9186497053921451,1.029844140680238,0.87575,0.8065
GHA,117,Kwahu West,2,2022,DHS 2022,0.137631816029625,0.11598882999999999,0.08902211999094711,0.0282007862,0.36236506374999994,0.036035962500000004,0.31812833749999975,0.33416427754999994,0.6468135243655091,Low,Moderate (5-20%),13.8%,[2.8%–36.2%],65%,0.466125,-0.27055672227635,-1.0108452875,0.4731730102499995,NA,NA,NA,-0.6562171771714685,-2.1578269534727745,0.8385857517074804,-0.064487685885375,-0.1809192837,0.16656377949999998,-0.31465237503965293,-0.8584716451516385,0.8392407646817978,0.801875,0.6925
GHA,118,Lower Manya-Krobo,2,2022,DHS 2022,0.1423710409082,0.12146334,0.08978177391853807,0.031616151125000005,0.3747753844999999,0.03908322015000001,0.3197676769999999,0.34315923337499993,0.6306182306865961,Low,Moderate (5-20%),14.2%,[3.2%–37.5%],63%,0.494,0.0520517213521625,-0.9922151965,1.0836874549999997,NA,NA,NA,-1.1504753536600025,-3.2036521674168412,0.9220252612453711,-0.1812039942803,-0.542847669825,0.13566974424999992,-0.42137526708329937,-0.915352768465791,1.1047429494118726,0.862125,0.792
GHA,119,New Juaben North,2,2022,DHS 2022,0.1196388697206375,0.0983938575,0.08185147510770285,0.024280370425000003,0.32993784574999996,0.03069799775,0.28121863599999963,0.305657475325,0.6841545335460789,Low,Moderate (5-20%),12.0%,[2.4%–33.0%],68%,0.373125,-0.3800401476394321,-1.1334351325,0.3889082457499999,NA,NA,NA,-0.43391790062103086,-1.9461990602504946,1.094084305924718,-0.0257567370568625,-0.12710163559999996,0.186297498,-0.17092987373310212,-0.8362840478385832,1.3497364670291816,0.714,0.591625
GHA,120,New Juaben South,2,2022,DHS 2022,0.0817516020865,0.07924753400000001,0.021403463313524607,0.047450681,0.13048650525,0.0513582232,0.12083120199999998,0.08303582425,0.2618109341866837,Medium,Moderate (5-20%),8.2%,[4.7%–13.0%],26%,0.047625,0.039409802150287,-0.493165369,0.5828032587499987,NA,NA,NA,-1.0971481669913457,-1.914378811905587,-0.2606165684428222,-0.12813767702725,-0.24819925955,-0.028542308125000013,-0.5852396048283989,-0.8061578869365708,-0.20473299488331215,0.994875,0.97575
GHA,121,Nsawam Adoagyiri,2,2022,DHS 2022,0.1240992334818,0.103996385,0.08234455021288241,0.0245768531,0.33861356599999975,0.031959069900000005,0.2832978519999995,0.31403671289999974,0.6635379438097722,Low,Moderate (5-20%),12.4%,[2.5%–33.9%],66%,0.401,0.2418051972230175,-0.7397296277500001,1.2311013499999999,NA,NA,NA,-1.622251950546743,-3.63590636054048,0.3484868019982698,-0.256214062017075,-0.586380963425,0.05777835099999998,-0.612040029994504,-0.9404059108507659,0.2866596605101569,0.947625,0.904125
GHA,122,Okere,2,2022,DHS 2022,0.14874551195905,0.127626565,0.09256468066665723,0.031376680750000004,0.38566985449999996,0.04072941415,0.326974807,0.35429317374999997,0.6223023434289601,Low,Moderate (5-20%),14.9%,[3.1%–38.6%],62%,0.52475,0.30652448118464276,-0.4417007335,1.0324421124999998,NA,NA,NA,-1.695434620280833,-3.2109837568984343,-0.22407605041226253,-0.2935803066497,-0.42485054615000006,-0.0545305,-0.6626915172964863,-0.9298872326875145,-0.12341968419469393,0.987875,0.96125
GHA,123,Suhum,2,2022,DHS 2022,0.1396457890065,0.135748745,0.03787011511241121,0.07731500545,0.22692100324999992,0.08495414535000001,0.20915971649999995,0.14960599779999992,0.2711869465011114,Medium,Moderate (5-20%),14.0%,[7.7%–22.7%],27%,0.64575,-0.03556512755497625,-0.5313898389999999,0.44940365024999984,NA,NA,NA,-0.9071112873219531,-1.8342630059049612,0.004367780433715787,-0.145136264402625,-0.30590887345,6.692122499999702e-4,-0.4784551850265254,-0.7645496349465318,0.0034564630082410536,0.973875,0.91025
GHA,124,Upper Manya,2,2022,DHS 2022,0.180194224434975,0.15663632,0.10695557202740631,0.041622329,0.44651185199999993,0.05116364110000001,0.38886758549999995,0.4048895229999999,0.5935571595747919,Low,Moderate (5-20%),18.0%,[4.2%–44.7%],59%,0.64225,-0.019672319387078,-0.7558115157499999,0.7250571379999998,NA,NA,NA,-0.9907236278799391,-2.4806213978444482,0.5012946985140326,-0.153512446741275,-0.30341054285,0.1170264479999998,-0.45764248131774293,-0.8778054530677621,0.35880147953695485,0.902625,0.808375
GHA,125,Upper West Akim,2,2022,DHS 2022,0.1796494323540375,0.15876342999999998,0.10545605906087867,0.04103030337500001,0.4461699595,0.05053059195,0.3872949524999999,0.40513965612499997,0.5870102548003326,Low,Moderate (5-20%),18.0%,[4.1%–44.6%],59%,0.646125,0.2984542513908025,-0.43533731749999993,1.0502455725000002,NA,NA,NA,-1.6492293461959835,-3.1707729508536375,-0.1634221469970284,-0.3114317341147125,-0.48365268352499996,-0.04005671225000007,-0.631259691178875,-0.9179987721463163,-0.0857590762902776,0.984875,0.9505
GHA,126,West Akim,2,2022,DHS 2022,0.178713216275,0.17708461,0.024701821625020923,0.13505912850000001,0.2311770095,0.14080056000000002,0.221308658,0.09611788099999999,0.13822045252103962,High,Moderate (5-20%),17.9%,[13.5%–23.1%],14%,0.991875,0.1365177118809444,-0.456242478,0.7272260217499997,NA,NA,NA,-0.746087383119432,-1.9055939151603645,0.38069664797064745,-0.145293629502125,-0.4056534625,0.052154390499999884,-0.3608639444274331,-0.7146427087111915,0.3709843652550607,0.899,0.784875
GHA,127,Yilo-Krobo,2,2022,DHS 2022,0.1368396384931,0.11579987,0.08799345853313276,0.0296179324,0.36853270374999997,0.03650117615,0.30988901799999996,0.33891477135,0.6430407117567015,Low,Moderate (5-20%),13.7%,[3.0%–36.9%],64%,0.461875,0.3584938820905354,-0.40140201275,1.108266545,NA,NA,NA,-1.8217860765173106,-3.351125313242753,-0.29143763346091667,-0.31104066076815,-0.457745509,-0.06822495200000009,-0.6915969606401391,-0.9355513304768046,-0.15975623392090663,0.99025,0.969125
GHA,128,Ablekuma Central,2,2022,DHS 2022,0.0826002360357875,0.0646404545,0.06367105653523948,0.01382590315,0.25473258049999997,0.01794694525,0.20503786949999975,0.24090667734999996,0.7708338328192339,Low,Moderate (5-20%),8.3%,[1.4%–25.5%],77%,0.197125,0.05612520780659625,-1.0090199899999999,1.10990351,NA,NA,NA,-1.1318373522590814,-3.203210718319471,0.9565528007605882,-0.1194952451700875,-0.41775276877499995,0.10263421327499989,-0.4339289968171494,-0.9367580609365723,1.2704597610332393,0.86025,0.79575
GHA,129,Ablekuma North,2,2022,DHS 2022,0.074573887251325,0.0580108765,0.057413986699918935,0.0125260792,0.23254606899999997,0.016535737050000002,0.1895254154999999,0.22001998979999995,0.7698939778534721,Low,Moderate (5-20%),7.5%,[1.3%–23.3%],77%,0.15525,-0.0479781620882975,-1.00754924,0.9160349102499991,NA,NA,NA,-0.960348321893281,-2.8233803428487767,0.9124884552886858,-0.080511604652425,-0.282201312475,0.10391648924999981,-0.3972362421399397,-0.9213281250018157,1.2243929891789715,0.842875,0.778125
GHA,130,Ablekuma West,2,2022,DHS 2022,0.0891202229159125,0.07012009450000001,0.06900184241531271,0.015503647950000001,0.2755359119999997,0.019682068799999997,0.22395211399999992,0.26003226404999974,0.7742557206170584,Low,Moderate (5-20%),8.9%,[1.6%–27.6%],77%,0.21975,0.053063122448660335,-0.957171799,1.0854901549999993,NA,NA,NA,-1.158992511953704,-3.2604066385928485,0.9106546739688592,-0.1307608119634625,-0.443044321475,0.1054900532,-0.43619323016157135,-0.9388876284094565,1.2165731245797144,0.864875,0.802625
GHA,131,Accra,2,2022,DHS 2022,0.0592906470624325,0.041550143,0.05627149925002123,0.0064530390275,0.2162481975,0.008858526790000001,0.16915524049999994,0.2097951584725,0.9490788520281768,Low,Moderate (5-20%),5.9%,[0.6%–21.6%],95%,0.10025,0.25772742918153124,-0.691282479,1.2412514174999996,NA,NA,NA,-1.5355993456036499,-3.4280420765338087,0.26268367557754096,-0.1156881590914425,-0.25646763660000005,0.03609958249999989,-0.6465425154091603,-0.9602814385899843,0.23805512072638896,0.95075,0.914375
GHA,132,Ada East,2,2022,DHS 2022,0.1560339512926,0.13197761,0.09954096665020637,0.03245532505,0.4070398377499999,0.04138161655,0.351626314,0.3745845126999999,0.6379442795981233,Low,Moderate (5-20%),15.6%,[3.2%–40.7%],64%,0.544125,0.09073350462699376,-0.976746429,1.1636773024999996,NA,NA,NA,-1.1725071550140451,-3.2673847821544304,0.9409408538844527,-0.19256571774215,-0.5663925387500001,0.16010794464999978,-0.4259200879087888,-0.9170944509955803,1.0592122148592207,0.869375,0.799125
GHA,133,Ada West,2,2022,DHS 2022,0.193834980756625,0.16885412500000002,0.11497456185044827,0.043795826975,0.4805060152499999,0.054666500300000004,0.425278312,0.4367101882749999,0.5931569286495704,Low,Moderate (5-20%),19.4%,[4.4%–48.1%],59%,0.68875,0.079510562406855,-0.9763400192499999,1.1497432374999998,NA,NA,NA,-1.1229116808156017,-3.1750363013413256,0.971492560494912,-0.20343978561275,-0.58056123095,0.17989505002499995,-0.40231738989648064,-0.9026602607321754,1.0191901446757494,0.864,0.77775
GHA,134,Adenta,2,2022,DHS 2022,0.0758271676745125,0.059726257000000005,0.05884031095735233,0.012735506800000001,0.23337005774999992,0.016377745899999997,0.1902186045,0.22063455094999992,0.775979279747384,Low,Moderate (5-20%),7.6%,[1.3%–23.3%],78%,0.1585,0.058853962880078,-0.98393907325,1.1182410975000001,NA,NA,NA,-1.277336280924644,-3.397836813350012,0.8157776944804298,-0.1330219407,-0.43176782925,0.0841845135499998,-0.48941022647289956,-0.9481506175801144,1.0472931556412433,0.88675,0.831375
GHA,135,Ashaiman,2,2022,DHS 2022,0.083506575539125,0.0668245625,0.061706640574677465,0.014571204775,0.2466587517499999,0.0189979893,0.20168993799999996,0.2320875469749999,0.7389434924889994,Low,Moderate (5-20%),8.4%,[1.5%–24.7%],74%,0.197625,0.005836176512272501,-0.7920630605000001,0.7943970137499999,NA,NA,NA,-1.147695430354733,-2.7288006412019334,0.3776417221708154,-0.100460110225875,-0.18853032779999998,0.06409340150000001,-0.5410503489379664,-0.921019685027879,0.34918335589109994,0.92875,0.866625
GHA,136,Ayawaso Central,2,2022,DHS 2022,0.0880078405725125,0.0690286415,0.06742210121447842,0.014883364225000001,0.270422325,0.0193745298,0.21899133449999997,0.25553896077500005,0.7660919842582341,Low,Moderate (5-20%),8.8%,[1.5%–27.0%],77%,0.2145,0.05786631437143125,-1.011827125,1.1242125299999999,NA,NA,NA,-1.1583656034837109,-3.242643313741915,0.860071544292579,-0.1311582566851125,-0.449357776025,0.09553859347499986,-0.45003479533846247,-0.9365862109686828,1.0744652578440466,0.86675,0.805
GHA,137,Ayawaso East,2,2022,DHS 2022,0.075392855469325,0.059261792,0.05841618696916235,0.013080313350000001,0.23199838749999993,0.016326743,0.18903267599999996,0.21891807414999992,0.7748239087844347,Low,Moderate (5-20%),7.5%,[1.3%–23.2%],77%,0.15575,0.012809055189147288,-0.9625684685,1.00404187,NA,NA,NA,-1.0699031919640332,-2.9426974132194763,0.7785164143022032,-0.095289080081175,-0.305677761825,0.085705484,-0.4558871593576029,-0.9269949891840801,0.9348972481506034,0.870875,0.806
GHA,138,Ayawaso North,2,2022,DHS 2022,0.0863341002157625,0.07523314449999999,0.05000139296388966,0.023262729225,0.21493080424999997,0.027998818500000005,0.18453057849999996,0.19166807502499997,0.5791615692863922,Low,Moderate (5-20%),8.6%,[2.3%–21.5%],58%,0.1845,0.14259063524846124,-0.8178770855,1.1297106824999994,NA,NA,NA,-0.9846216662287576,-2.8020787687234288,0.8341039938371555,-0.1177085374637375,-0.41340139675,0.07929204614999963,-0.39925550502136836,-0.9026773000246046,1.0985409500552117,0.851,0.7805
GHA,139,Ayawaso West,2,2022,DHS 2022,0.06854424948135,0.052741534,0.05546035220404314,0.011187877225000002,0.217576464,0.01429492995,0.17943627099999995,0.206388586775,0.8091175061904089,Low,Moderate (5-20%),6.9%,[1.1%–21.8%],81%,0.127125,0.10683357025200922,-0.7151629755,0.9124735147499994,NA,NA,NA,-1.2745966976689342,-2.8764998682107548,0.3310590590542798,-0.0982684917174,-0.166162494125,0.05039919174999998,-0.5865514907705272,-0.932584226051934,0.306084523133672,0.93675,0.890875
GHA,140,Ga Central,2,2022,DHS 2022,0.086306199121775,0.069083792,0.06453112830199505,0.01574037155,0.25486211199999986,0.020092810099999997,0.20963931249999945,0.23912174044999987,0.747699805560246,Low,Moderate (5-20%),8.6%,[1.6%–25.5%],75%,0.20175,0.04353026244431,-1.0048003225,1.0975051224999997,NA,NA,NA,-1.2454103856973422,-3.2796746599711226,0.8248874173494838,-0.143057753084975,-0.45687810142499996,0.09884957977499997,-0.4800900655853756,-0.9394818294515322,1.040685931469193,0.876375,0.822125
GHA,141,Ga East,2,2022,DHS 2022,0.0765826632610375,0.061906994,0.05685925516666772,0.013869587825000002,0.22841169324999996,0.0175210756,0.18836359649999995,0.21454210542499996,0.7424559651687598,Low,Moderate (5-20%),7.7%,[1.4%–22.8%],74%,0.1575,-0.046592636484015126,-0.891051315,0.7803430384999998,NA,NA,NA,-1.0682970524755828,-2.7277270796149864,0.5961499449475586,-0.0885081379823375,-0.22128292565,0.07859955497499997,-0.4941857438231371,-0.9195470024807708,0.6515793123728398,0.897125,0.83575
GHA,142,Ga North,2,2022,DHS 2022,0.0880312397473625,0.07080041649999999,0.06438970799419116,0.016543119925000002,0.25449887174999997,0.02121986105,0.21183209249999985,0.23795575182499995,0.7314415675501189,Low,Moderate (5-20%),8.8%,[1.7%–25.4%],73%,0.2115,0.06895441526868025,-0.9867040454999999,1.1086945699999997,NA,NA,NA,-1.277540677246139,-3.386386809782503,0.7750482583888018,-0.1512241478547625,-0.47491584172499995,0.09495952432499977,-0.4920359177336722,-0.9403730545383343,0.9476280805619274,0.88825,0.83125
GHA,143,Ga South,2,2022,DHS 2022,0.142629718316575,0.11964820000000001,0.09211258345354946,0.029924363725,0.3838022834999999,0.0367278926,0.32702851699999996,0.3538779197749999,0.6458162053513994,Low,Moderate (5-20%),14.3%,[3.0%–38.4%],65%,0.4835,0.0410749812281125,-1.0174976475,1.0991739450000002,NA,NA,NA,-1.3101431145163123,-3.364481817227538,0.7601623001070623,-0.211135030875925,-0.5768932537749999,0.12176672799999981,-0.49282646339480746,-0.9231592668411668,0.8125599007889219,0.897375,0.838875
GHA,144,Ga West,2,2022,DHS 2022,0.1025591301097125,0.083364287,0.07365308032463055,0.0192113172,0.30100956149999986,0.0250022587,0.2447890374999999,0.28179824429999983,0.7181523502182621,Low,Moderate (5-20%),10.3%,[1.9%–30.1%],72%,0.28475,0.0544342054069745,-0.98180764125,1.0856622399999996,NA,NA,NA,-1.3423542777624156,-3.428390457516996,0.7194751930445671,-0.1782528683437875,-0.5207323060000001,0.09851559374999995,-0.5142422533900545,-0.9398594628112822,0.8198190429093191,0.898875,0.84575
GHA,145,Korle-Klottey,2,2022,DHS 2022,0.039101723538519685,0.00697920225,0.09326847133952683,1.1623538025000001e-4,0.3219241832499989,2.1722519300000002e-4,0.1926226955,0.32180794786974887,2.385277755023936,Low,Low (1-5%),3.9%,[0.0%–32.2%],239%,0.080375,0.05653949141737525,-1.0213886225,1.1358804025,NA,NA,NA,-1.134732586379637,-3.191719361229721,0.8789602726546853,-0.0472428300193199,-0.36208960912500004,0.026213898379999975,-0.4423699661032129,-0.9540563295874929,1.3092412733081613,0.86075,0.80325
GHA,146,Kpone-Katamanso,2,2022,DHS 2022,0.0878099519670875,0.0703363805,0.06508247516503832,0.0158196406,0.26345230349999993,0.02029147015,0.21740394249999992,0.24763266289999994,0.741174248557068,Low,Moderate (5-20%),8.8%,[1.6%–26.3%],74%,0.211625,0.07173378962056162,-0.967229895,1.1013946549999998,NA,NA,NA,-1.320938919197677,-3.446430019165378,0.8041345836695518,-0.1558853265370375,-0.472702825425,0.09559750919999997,-0.5074462121904456,-0.9440086712613924,0.9777815215945542,0.892125,0.8375
GHA,147,Krowor,2,2022,DHS 2022,0.0861019069524375,0.0667226565,0.06704072190063273,0.01455910285,0.2693978859999999,0.0183308945,0.22104182499999997,0.2548387831499999,0.7786206400476807,Low,Moderate (5-20%),8.6%,[1.5%–26.9%],78%,0.20425,0.05001141882375375,-1.0329624149999999,1.1421282349999995,NA,NA,NA,-1.1629586035092065,-3.274834389638141,0.9808182193362828,-0.1274494670418125,-0.44051360884999996,0.10842893424999996,-0.43389346175112026,-0.9401068585468948,1.320358865002389,0.85825,0.800375
GHA,148,La-Dade-Kotopon,2,2022,DHS 2022,0.0739917052792125,0.0569911815,0.05957686207815917,0.012199968975000001,0.2376112754999999,0.015728163,0.1916954284999998,0.2254113065249999,0.8051829844080767,Low,Moderate (5-20%),7.4%,[1.2%–23.8%],81%,0.14725,0.03566472757119825,-0.9544044319999999,0.9953931389999999,NA,NA,NA,-1.135915180003022,-3.050434838965928,0.8021073907217843,-0.1006809916915375,-0.31861119155000006,0.09075606549999969,-0.47063064691808487,-0.9356792222651997,0.9868262746924045,0.87375,0.81275
GHA,149,La-Nkwantanang-Madina,2,2022,DHS 2022,0.1037679060589625,0.0918303925,0.05570245630180551,0.030882550925000002,0.24222050974999995,0.03713814905,0.21318632049999997,0.21133795882499995,0.5367984998189569,Low,Moderate (5-20%),10.4%,[3.1%–24.2%],54%,0.285875,0.25382081918615945,-0.6932732494999999,1.20642848,NA,NA,NA,-0.922150769236625,-2.7165280925671405,0.9489255295741104,-0.1231152138439125,-0.4305155761999999,0.09536142775,-0.3611271376154427,-0.891490167926266,1.275804615232389,0.845375,0.761
GHA,150,Ledzokuku,2,2022,DHS 2022,0.0843413741175375,0.0668076985,0.06344458841762028,0.015357206450000003,0.253822475,0.01946936095,0.21217528499999969,0.23846526855,0.7522356504318317,Low,Moderate (5-20%),8.4%,[1.5%–25.4%],75%,0.1955,-0.12629435457740013,-1.0731285075,0.8338736582499994,NA,NA,NA,-0.8425622060276446,-2.6352070241232135,1.006307531755732,-0.0725901760163375,-0.264922781725,0.12178464467500001,-0.3407160284121652,-0.9111740838263241,1.3587304157407079,0.819375,0.735625
GHA,151,Ningo-Prampram,2,2022,DHS 2022,0.1148461338379,0.09347909900000001,0.08014478565395364,0.0218120768,0.3295396007499999,0.028062042050000003,0.27306102699999996,0.30772752394999986,0.6978448727501292,Low,Moderate (5-20%),11.5%,[2.2%–33.0%],70%,0.349625,0.07875131332546376,-0.99497261,1.1660612325,NA,NA,NA,-1.285675141040075,-3.304409181062197,0.7473270348319526,-0.1793525979086,-0.5195483513,0.10937535524999996,-0.4970684274380305,-0.932952702677163,0.8292060930246945,0.892125,0.834375
GHA,152,Okaikwei North,2,2022,DHS 2022,0.0804831997079375,0.06348270850000001,0.06150831965214842,0.013781029075000001,0.2491676115,0.01765567705,0.20107863099999995,0.235386582425,0.7642380009163859,Low,Moderate (5-20%),8.0%,[1.4%–24.9%],76%,0.176,0.2263680479401045,-0.71262099675,1.1862835374999996,NA,NA,NA,-1.508805476724607,-3.443338689878585,0.38809138725002235,-0.1686405278045625,-0.41726406964999996,0.04966099874999981,-0.6171072951152368,-0.9492061051012525,0.3820412316532263,0.943875,0.905375
GHA,153,Shai Osudoku,2,2022,DHS 2022,0.389197901145,0.387201385,0.06300329131840135,0.27035933949999996,0.51791636925,0.2887288955,0.495613772,0.24755702975,0.1618798331980952,Medium,High (20-50%),38.9%,[27.0%–51.8%],16%,1,0.95017763435625,0.5372512045000001,1.366604685,NA,NA,NA,0.1333388484913804,-0.45493928468180456,0.7201572179303403,0.032459072731250004,-0.09937816824999997,0.17236696825,0.09866993321159528,-0.26489795953257,0.522321081315605,0.328125,0.058625
GHA,154,Tema,2,2022,DHS 2022,0.0809272215575875,0.062014633,0.06478030727951888,0.013283196,0.25695740699999997,0.01724354,0.20816740149999993,0.24367421099999997,0.800476107207282,Low,Moderate (5-20%),8.1%,[1.3%–25.7%],80%,0.183875,0.06489960696152625,-1.0605131025,1.1927370099999999,NA,NA,NA,-1.1377255835764981,-3.1436534749658547,0.8927357285128188,-0.1185313040613625,-0.41811807316500005,0.09757241034999997,-0.4335490167800348,-0.9339964635991965,1.2076381917426362,0.8545,0.79125
GHA,155,Tema West,2,2022,DHS 2022,0.077519796476375,0.0613853085,0.05947470610531419,0.013353359674999999,0.23872858375,0.01702627785,0.19361036749999994,0.225375224075,0.7672195853021848,Low,Moderate (5-20%),7.8%,[1.3%–23.9%],77%,0.16125,0.0550620805327075,-1.0106856325000002,1.1030809824999996,NA,NA,NA,-1.2016664848100738,-3.296548819382939,0.8672692396806349,-0.125617368545875,-0.42488740525,0.08961555999999975,-0.4615078485873984,-0.9421401136711459,1.1575363537677605,0.881125,0.823875
GHA,156,Weija Gbawe,2,2022,DHS 2022,0.0885181578466625,0.069856027,0.06687465575569675,0.0158382951,0.27398852849999994,0.020073707000000003,0.21991663899999997,0.25815023339999993,0.7554908211210384,Low,Moderate (5-20%),8.9%,[1.6%–27.4%],76%,0.21525,-0.261921568542655,-1.19868934,0.6550680799999989,NA,NA,NA,-0.5976057199694195,-2.4200678015298975,1.2445345402974215,-0.043869064577337497,-0.21569971640000002,0.15542628644999995,-0.18219624204703644,-0.8912515548022109,1.968627337943228,0.742875,0.648875
GHA,157,Bunkpurugu Nakpanduri,2,2022,DHS 2022,0.068403748071625,0.06559896000000001,0.020663793022325704,0.035724521925,0.11632272725,0.0399063223,0.106553486,0.08059820532499999,0.3020856839699605,Medium,Moderate (5-20%),6.8%,[3.6%–11.6%],30%,0.01875,-0.17029759184206025,-0.6484117592499999,0.31307664424999954,NA,NA,NA,-1.650270865100529,-2.385201525392552,-0.9213972554650592,-0.201339314622125,-0.29260908592499996,-0.11866540277500007,-0.7410600553315916,-0.8720203579184235,-0.5361392270871481,1,0.99975
GHA,158,Chereponi,2,2022,DHS 2022,0.168567450908125,0.16583988500000002,0.03509068114094619,0.1082031745,0.2459043072499999,0.116134043,0.23050389300000002,0.1377011327499999,0.20816996965844733,Medium,Moderate (5-20%),16.9%,[10.8%–24.6%],21%,0.91,0.025513532893190374,-0.7779014810000001,0.8203257179999996,NA,NA,NA,-0.9323425312709408,-2.50356701910886,0.6282654495387138,-0.183935015779625,-0.5296006687499999,0.07716521725000001,-0.38629564211346756,-0.7894624154050957,0.7018858990790092,0.880375,0.7955
GHA,159,East Mamprusi,2,2022,DHS 2022,0.116204313930125,0.112138765,0.0310917297795784,0.065887969075,0.18661064174999997,0.07231847744999999,0.1727481704999999,0.12072267267499998,0.2675608910549932,Medium,Moderate (5-20%),11.6%,[6.6%–18.7%],27%,0.37575,-0.917433602514625,-1.39454724,-0.45040963100000003,NA,NA,NA,0.5151036947994311,-0.11821144109212575,1.1298154236756495,0.045379280796125,-0.007661617924999995,0.11538768867499999,0.655341644219877,-0.1035611266740109,1.707283391806523,0.052875,0.00725
GHA,160,Mamprugu Moagduri,2,2022,DHS 2022,0.09244222964875,0.092017108,0.008555374447549908,0.07693479974999999,0.11035884724999998,0.07905729539999999,0.10688053699999998,0.033424047499999984,0.09254833510677436,High,Moderate (5-20%),9.2%,[7.7%–11.0%],9%,0.006625,-0.12056479826949325,-0.9079043017499999,0.650672628,NA,NA,NA,-1.3321504293704476,-2.8114239040880826,0.17033642346450675,-0.20608242760375,-0.53467833925,0.013286034474999988,-0.5890768132305301,-0.8552656045600425,0.16651704786284366,0.96,0.924
GHA,161,West Mamprusi,2,2022,DHS 2022,0.082546587064375,0.0800641975,0.022582862862024256,0.046329757675,0.13481109624999998,0.05020628675,0.12432873149999998,0.08848133857499998,0.27357718429246175,Medium,Moderate (5-20%),8.3%,[4.6%–13.5%],27%,0.057375,-0.655572040436057,-1.160113855,-0.15077431225000062,NA,NA,NA,-0.18862932899489837,-0.9643313231220428,0.5810662116168568,-0.014573313891,-0.07747445049999999,0.04933804077499999,-0.10377151032563857,-0.584699344886341,0.7027045302041107,0.687875,0.44275
GHA,162,Yunyoo-Nasuan,2,2022,DHS 2022,0.14865699913725,0.147855835,0.019113964514046223,0.11369009625000001,0.18858594374999998,0.118852537,0.1814876395,0.07489584749999997,0.12857762920667423,High,Moderate (5-20%),14.9%,[11.4%–18.9%],13%,0.890125,-0.00802415993514775,-0.7835029045,0.7518728479999996,NA,NA,NA,-0.877285294279365,-2.3298003990676626,0.6076423026865182,-0.1647385657255,-0.48569864474999996,0.06335771522499994,-0.38264049459319377,-0.7808549836818836,0.7080661544717414,0.87725,0.792125
GHA,163,Gushegu,2,2022,DHS 2022,0.110958766463375,0.109782825,0.017816158063102494,0.079940494825,0.14927464075000002,0.08426666515,0.14197422749999997,0.06933414592500002,0.16056557432064827,Medium,Moderate (5-20%),11.1%,[8.0%–14.9%],16%,0.262375,0.19388193772337645,-0.4265620345,0.8307752109999994,NA,NA,NA,-1.7980071933997686,-2.973863592564193,-0.6334625593772749,-0.320725570447125,-0.58474023825,-0.08152676125000001,-0.7137082795738638,-0.8577585591743044,-0.41108340061055937,0.998125,0.995125
GHA,164,Karaga,2,2022,DHS 2022,0.1455301189658125,0.12485452,0.091304122132077975,0.031772616574999996,0.376212219,0.03902947435,0.32459542649999995,0.34443960242500005,0.6273898680281218,Low,Moderate (5-20%),14.6%,[3.2%–37.6%],63%,0.51175,0.10193869217274,-0.68171667025,0.8719712339999999,NA,NA,NA,-1.2589693110193956,-2.7485377925611916,0.20712297097415389,-0.1870168554754375,-0.31392660550000007,0.046975762999999955,-0.5604898072746156,-0.905837188128628,0.14360849012421165,0.953625,0.894375
GHA,165,Kpandai,2,2022,DHS 2022,0.063106198841875,0.06289290350000001,0.005845381183155894,0.05262348235,0.07505139079999998,0.054042669349999996,0.07310449499999999,0.022427908449999978,0.09262768619296255,High,Moderate (5-20%),6.3%,[5.3%–7.5%],9%,0,-0.251247905239665,-0.54874630525,0.04225281627499976,NA,NA,NA,-2.8884269415346786,-3.160898289001527,-2.6224661286959456,-0.483249314294375,-0.532313394575,-0.43380878855,-0.8842702238888952,-0.9056215348500068,-0.8599877599174721,1,1
GHA,166,Kumbungu,2,2022,DHS 2022,0.136183545356125,0.13150968000000002,0.03920284533854036,0.073776917375,0.22692852999999996,0.08141714060000001,0.20758859449999997,0.15315161262499996,0.2878677099793773,Medium,Moderate (5-20%),13.6%,[7.4%–22.7%],29%,0.59375,0.07631765519098332,-0.7398793735,0.889565391499999,NA,NA,NA,-0.9080533911891647,-2.4999249533828403,0.6809021179514098,-0.157743160873125,-0.4909386055,0.07413927267499999,-0.38812281989882114,-0.8249053980878663,0.8379137248350329,0.871625,0.78825
GHA,167,Mion,2,2022,DHS 2022,0.084369211194375,0.08396386,0.007654078181111955,0.07042450962499999,0.100210499,0.07248617665,0.0976698817,0.029785989375000002,0.09072122487287473,High,Moderate (5-20%),8.4%,[7.0%–10.0%],9%,5e-4,0.4182091932336175,0.021541668875000003,0.8187482049999997,NA,NA,NA,-2.9607828273808754,-3.486991332257741,-2.436691690435409,-0.552995085189375,-0.6590727624,-0.43564871675000005,-0.8665241052513238,-0.8960296649439193,-0.8281718216916599,1,1
GHA,168,Nanton,2,2022,DHS 2022,0.12445279415525,0.104340025,0.08039905814491786,0.026803723725000006,0.3326411744999995,0.0337291568,0.283764175,0.3058374507749995,0.6460205147714336,Low,Moderate (5-20%),12.4%,[2.7%–33.3%],65%,0.40325,-0.00808143306407125,-1.04210856,1.0273374624999996,NA,NA,NA,-1.0065913265434359,-3.106554872519909,1.1196585565322186,-0.14143229209975,-0.48271286174999994,0.15109861664999996,-0.35119591485498614,-0.9189124828694375,1.5340303229996808,0.832625,0.755125
GHA,169,Nanumba North,2,2022,DHS 2022,0.101386598243375,0.094920111,0.039728094928326595,0.0437264282,0.19662380224999995,0.04917558884999999,0.17581186649999997,0.15289737404999995,0.3918475973812701,Low,Moderate (5-20%),10.1%,[4.4%–19.7%],39%,0.253375,0.2579849218554636,-0.2187535845,0.7281878414999999,NA,NA,NA,-2.522723544636311,-3.393571794689775,-1.650018681197658,-0.465047039300375,-0.5426678269749999,-0.35828268775,-0.8206316189548885,-0.9235503093109853,-0.6506493995086832,1,1
GHA,170,Nanumba South,2,2022,DHS 2022,0.24123929245325,0.23408782,0.06784026311958317,0.12831774025,0.39545475975,0.14353755750000002,0.36576090699999986,0.2671370195,0.2812156445564522,Medium,High (20-50%),24.1%,[12.8%–39.5%],28%,0.98025,1.05364122766,0.5957578127500001,1.5294872849999999,NA,NA,NA,-2.1330068478662607,-2.9540734294911943,-1.3020127363575664,-0.47854107300175003,-0.6162118167499999,-0.3104986155,-0.6639521513899934,-0.8226537513965902,-0.44692457348709447,1,1
GHA,171,Saboba,2,2022,DHS 2022,0.1676536479975,0.16731926,0.013793999469773662,0.1417806325,0.19593333975000002,0.145798769,0.19105147549999998,0.054152707250000015,0.08227676304412627,High,Moderate (5-20%),16.8%,[14.2%–19.6%],8%,0.997625,0.58796991391775,0.3022781965,0.875259253,NA,NA,NA,-1.7436627219369703,-2.0154624789447615,-1.4751891753650266,-0.36672710652875,-0.42057176100000004,-0.3118951490000001,-0.6856263471902048,-0.739213386839609,-0.6237372411839778,1,1
GHA,172,Sagnerigu,2,2022,DHS 2022,0.0698074469994125,0.055925361500000006,0.05100340248577328,0.013836266049999999,0.20456526924999982,0.0174104692,0.17007553049999996,0.19072900319999983,0.7306298207152959,Low,Moderate (5-20%),7.0%,[1.4%–20.5%],73%,0.12475,-0.016552353422163376,-1.0300234925,1.0073936774999994,NA,NA,NA,-1.2622525820883062,-3.296870443382121,0.8480504197636292,-0.1295007840383,-0.4332880057,0.07673384459999996,-0.49210850554747854,-0.9426658583942296,1.143352329952201,0.887,0.836
GHA,173,Savelugu,2,2022,DHS 2022,0.147145780546125,0.146689965,0.017540066134393663,0.11481517800000002,0.18404961374999998,0.1196410145,0.17705038199999995,0.06923443574999996,0.11920196467268371,High,Moderate (5-20%),14.7%,[11.5%–18.4%],12%,0.89675,0.22621567028091524,-0.16689506875,0.6044162829999997,NA,NA,NA,-0.640432344287298,-1.0663172279550615,-0.2154925937616091,-0.099400969590125,-0.17026416900000002,-0.03328181625,-0.39441110065736756,-0.573478165134679,-0.1619740171575981,0.998875,0.95875
GHA,174,Tamale,2,2022,DHS 2022,0.046529821303375,0.043168355000000005,0.018511035368483513,0.020289879725,0.09081102524999998,0.02269708615,0.08085000564999999,0.07052114552499998,0.3978316453826749,Low,Low (1-5%),4.7%,[2.0%–9.1%],40%,0.002625,-0.2832217467731866,-1.1612456325,0.5685343954999997,NA,NA,NA,-1.7120845198427843,-3.4369295272435187,-0.025087568250894504,-0.179255314992625,-0.4996154809749999,-0.0014561955750000324,-0.7059113230868835,-0.9385143389963498,-0.023372234464609377,0.976625,0.9565
GHA,175,Tatale Sanguli,2,2022,DHS 2022,0.21079229177375,0.21035034000000002,0.016560050660144196,0.17972649724999998,0.24430789249999998,0.184359666,0.23886285699999998,0.06458139525,0.07856098778943311,High,High (20-50%),21.1%,[18.0%–24.4%],8%,1,0.09937213034630263,-0.64203475025,0.8594809394999998,NA,NA,NA,-0.8995097107430354,-2.4089680268304567,0.5498155684323243,-0.195890388013125,-0.5362823819999999,0.07660842074999992,-0.3642997037372465,-0.7219741526457859,0.5764495099273029,0.882875,0.788375
GHA,176,Tolon,2,2022,DHS 2022,0.151814270882875,0.12906928499999998,0.09525036646957437,0.032303775125,0.39845218674999955,0.041225104000000005,0.3394902565,0.36614841162499956,0.6274137860403137,Low,Moderate (5-20%),15.2%,[3.2%–39.8%],63%,0.527625,0.12787695396798238,-0.6316988654999999,0.8976240012499997,NA,NA,NA,-1.4471733802305715,-2.9363200647547267,0.0414034304425377,-0.235962095020875,-0.3667764252499999,0.009707204999999927,-0.6072071457742558,-0.9160976321370699,0.025786080890159904,0.970625,0.928
GHA,177,Yendi,2,2022,DHS 2022,0.0956800123544,0.0847525135,0.05106376963912495,0.02898474415,0.22346722599999988,0.03413556915,0.19227423699999951,0.1944824818499999,0.5336931756445022,Low,Moderate (5-20%),9.6%,[2.9%–22.3%],53%,0.24,-0.1411531891205575,-1.0728848275,0.7701437657499994,NA,NA,NA,-1.4738260899173332,-3.331754180250675,0.3776819779886887,-0.212820447934475,-0.5575830904750001,0.0405498965749999,-0.5919180572998821,-0.9239220881320948,0.3831528702123169,0.941125,0.89875
GHA,178,Zabzugu,2,2022,DHS 2022,0.34867261003375,0.34865979,0.022668271454025397,0.3052616455,0.39359233199999993,0.31184448200000003,0.386643364,0.08833068649999992,0.06501305465844079,High,High (20-50%),34.9%,[30.5%–39.4%],7%,1,0.62783138702515,0.27177749825,0.9814277664999996,NA,NA,NA,-0.1498595586119553,-0.7298302965952503,0.41823962703877066,-0.0364653307725,-0.17623084874999997,0.09032632374999992,-0.06748659835433465,-0.3484979785147165,0.3334878791230883,0.692625,0.234375
GHA,179,Biakoye,2,2022,DHS 2022,0.1080944050741125,0.0961289815,0.058641611202073944,0.0311849624,0.2579151974999999,0.036796843399999994,0.221819156,0.22673023509999993,0.5425036676215355,Low,Moderate (5-20%),10.8%,[3.1%–25.8%],54%,0.321375,-0.3635203352913899,-0.9998526112499999,0.27785812624999995,NA,NA,NA,-1.0215615151715238,-2.259353539540011,0.23180850628124036,-0.1207774128096375,-0.2342394853,0.03972536699999996,-0.5164743498872796,-0.8654811683249175,0.1904527898616609,0.945875,0.884125
GHA,180,Jasikan,2,2022,DHS 2022,0.1634161035556125,0.140792745,0.1005060405919873,0.03474741995,0.41665987149999956,0.0435979124,0.3590102075,0.38191245154999953,0.6150314345108826,Low,Moderate (5-20%),16.3%,[3.5%–41.7%],62%,0.58225,-0.03204589120433875,-1.111611345,1.026334119999998,NA,NA,NA,-1.1869722117885344,-3.288239558754529,0.925499756494565,-0.20125893864313749,-0.57525616425,0.15453638057499988,-0.4274012564887723,-0.9145998655022399,1.0265485384620257,0.86575,0.796375
GHA,181,Kadjebi,2,2022,DHS 2022,0.130116788642375,0.124156695,0.044333579218392136,0.062458143475000005,0.23365973349999994,0.06923297425000001,0.21307577799999988,0.17120159002499993,0.34072143711018443,Low,Moderate (5-20%),13.0%,[6.2%–23.4%],34%,0.512875,0.57774612888425,0.12817010550000002,1.0322555324999994,NA,NA,NA,-2.843411372774044,-3.636259896754527,-2.0683709580474656,-0.577851304488875,-0.6597985462249999,-0.47110354150000006,-0.8160711771556022,-0.9120822504472116,-0.670706044673438,1,1
GHA,182,Krachi East,2,2022,DHS 2022,0.17627778599125,0.166773185,0.06781308701944902,0.07245685322499999,0.33093215224999983,0.082924167,0.3029984719999999,0.2584752990249998,0.38469445618527964,Low,Moderate (5-20%),17.6%,[7.2%–33.1%],38%,0.77275,9.966352456345748e-4,-0.53598784625,0.5322619762499999,NA,NA,NA,-1.1182969875341826,-2.1650886662099054,-0.09832318941540782,-0.20410568041625,-0.36027695622499994,-0.02159342875000015,-0.5275564152784031,-0.8151206232724922,-0.06384316173423578,0.98325,0.935375
GHA,183,Krachi Nchumuru,2,2022,DHS 2022,0.14086972431875,0.13564015000000001,0.04300739900501579,0.07304582270000001,0.23722600524999995,0.08066651175,0.2184447759999998,0.16418018254999994,0.3052990925693991,Medium,Moderate (5-20%),14.1%,[7.3%–23.7%],31%,0.624375,-0.75289911407275,-1.164914325,-0.3331841482500001,NA,NA,NA,-0.26250380799014195,-0.9710604776229934,0.44547894662550225,-0.028943472635,-0.10334745904999999,0.06890133999999996,-0.16502394958311703,-0.576063525984232,0.4326913107693869,0.760625,0.499875
GHA,184,Krachi West,2,2022,DHS 2022,0.20471415422125,0.17943282500000002,0.11707462879031466,0.04602940622499999,0.4943315725,0.0594713813,0.4329642159999996,0.44830216627499997,0.571893180692251,Low,High (20-50%),20.5%,[4.6%–49.4%],57%,0.729625,0.0711465279389461,-0.692557552,0.8200842654999997,NA,NA,NA,-1.287071155856777,-2.8116804185775455,0.21679833532086334,-0.23918437733375,-0.40697686227499996,0.053854546499999816,-0.5375168217529848,-0.8958300764716669,0.12274828147149378,0.953625,0.889625
GHA,185,Nkwanta North,2,2022,DHS 2022,0.27270341316125,0.269847365,0.04722878136446513,0.18787358799999998,0.3716575367499999,0.1992853925,0.35442193499999997,0.18378394874999993,0.17318734964471702,Medium,High (20-50%),27.3%,[18.8%–37.2%],17%,0.999875,0.32053734303661596,-0.20158343124999997,0.8322160937499999,NA,NA,NA,-0.741577323993785,-1.6277344062385142,0.14762723897109886,-0.16656050767,-0.36913487349999996,0.03101050824999997,-0.3500405498524649,-0.6293616951673447,0.10581217171003483,0.948375,0.820375
GHA,186,Nkwanta South,2,2022,DHS 2022,0.130840514972875,0.12720030999999998,0.034061970706208713,0.0742876023,0.20704363974999992,0.0803606112,0.1921852725,0.13275603744999992,0.26033198289742454,Medium,Moderate (5-20%),13.1%,[7.4%–20.7%],26%,0.551125,-0.38672913769970624,-0.78679235625,0.0010082004249999089,NA,NA,NA,-1.0180027760493395,-1.6368572679187559,-0.40189477133441975,-0.156926476074625,-0.22618359092499998,-0.07242190674999999,-0.5431947030070524,-0.7432457467454929,-0.2641488424708554,0.99975,0.988625
GHA,187,Bole,2,2022,DHS 2022,0.16099306329075,0.15581272000000002,0.046879558717181864,0.08537576617499999,0.2663311662499999,0.09422328795000001,0.24603290699999997,0.18095540007499994,0.2911899292984965,Medium,Moderate (5-20%),16.1%,[8.5%–26.6%],29%,0.780125,0.020596954020731622,-0.7840877914999999,0.8330309164999998,NA,NA,NA,-1.0391467641656973,-2.618700364974465,0.5230234201987732,-0.197228987985875,-0.5387916855,0.06960985299999994,-0.4364798561319915,-0.8180121470167231,0.5528083698444667,0.899875,0.82475
GHA,188,Central Gonja,2,2022,DHS 2022,0.075665831311375,0.07278778550000001,0.022043087112046212,0.04080567695,0.12548802224999997,0.04517416415,0.11582875049999998,0.08468234529999996,0.29132154804902577,Medium,Moderate (5-20%),7.6%,[4.1%–12.5%],29%,0.033875,-0.3325388218220001,-0.8938992629999999,0.226009029749999,NA,NA,NA,-2.3208930961184295,-3.2717562100395323,-1.3937080653835805,-0.370509508946125,-0.5522783156000001,-0.200388998,-0.8232631781974418,-0.9162399550687644,-0.6691532737126741,1,1
GHA,189,East Gonja,2,2022,DHS 2022,0.30563779193375,0.29965016,0.08059499109272109,0.167271979,0.48085001349999995,0.184796054,0.4474018369999999,0.3135780345,0.26369445539703035,Medium,High (20-50%),30.6%,[16.7%–48.1%],26%,0.997625,0.2711265950605912,-0.54591158025,1.1194263524999999,NA,NA,NA,-0.31248132761380887,-1.9130509939149696,1.3532228375072535,-0.07714159160625,-0.43193603124999996,0.24669163199999988,-0.002641109320489936,-0.6647380020792324,1.7358373021614681,0.641375,0.490625
GHA,190,North East Gonja,2,2022,DHS 2022,0.051821302239625,0.0488797205,0.01936197291487057,0.023489608375000002,0.09826531812499996,0.0265855275,0.08797128865,0.07477570974999996,0.3736296094092652,Low,Moderate (5-20%),5.2%,[2.3%–9.8%],37%,0.0055,-0.8998086060663375,-1.4693037999999998,-0.341116825,NA,NA,NA,-1.9883469362044754,-2.795865969505026,-1.1794359558022185,-0.221270085931625,-0.2911149427,-0.14978712107500003,-0.8079077998817614,-0.9160098851530764,-0.6280125113795688,1,1
GHA,191,North Gonja,2,2022,DHS 2022,0.0977860743841375,0.085353763,0.05558489825199257,0.0263840436,0.23838013574999994,0.03194541345,0.20599912349999996,0.21199609214999995,0.5684336814016675,Low,Moderate (5-20%),9.8%,[2.6%–23.8%],57%,0.256,-0.3363836706830233,-1.3511343325,0.6547799247499995,NA,NA,NA,-1.7782043020327312,-3.6868959729300474,0.09645532619060496,-0.2733362733739875,-0.6211980877750001,0.012195012124999936,-0.6690287496331248,-0.9380459496345569,0.08198500856353602,0.968125,0.943
GHA,192,Sawla-Tuna-Kalba,2,2022,DHS 2022,0.232645819128625,0.222590625,0.08603589635338113,0.09618517515,0.43239676125,0.111877535,0.38934526149999993,0.3362115861,0.3698149258629646,Low,High (20-50%),23.3%,[9.6%–43.2%],37%,0.924375,0.070504683826885,-0.6460399815000001,0.7662866387499999,NA,NA,NA,-0.6677611805415636,-1.9658250400928705,0.6458468572614752,-0.130074712977625,-0.381914891,0.13202839399999977,-0.30558948267877895,-0.759941080941932,0.5846954652462644,0.846625,0.701
GHA,193,West Gonja,2,2022,DHS 2022,0.11711521588875,0.1057159,0.0593779540266183,0.035733680850000005,0.2663701404999997,0.0426225722,0.2321864485,0.23063645964999968,0.50700460718121,Low,Moderate (5-20%),11.7%,[3.6%–26.6%],51%,0.37925,-0.1549023577162756,-1.102687915,0.7678795577499997,NA,NA,NA,-1.398463971838707,-3.254563054911073,0.4062507416201555,-0.222974762047625,-0.5774179014749999,0.054434035525,-0.5594771497508209,-0.9104607372832685,0.41809923630423224,0.933875,0.8875
GHA,194,Bawku,2,2022,DHS 2022,0.07552144603825,0.0698069435,0.032736104098435054,0.029766535624999996,0.15490152775,0.0341807379,0.1363750335,0.12513499212499998,0.4334676547619985,Low,Moderate (5-20%),7.6%,[3.0%–15.5%],43%,0.087,-0.4117970994098836,-1.1318956949999999,0.32453491149999963,NA,NA,NA,-0.36365353994937105,-1.6398177230161106,0.9571657293653425,-0.029601766893125,-0.14888797245,0.07454512382499998,-0.14069038233608924,-0.7724296480537319,1.4100125523792417,0.71375,0.573375
GHA,195,Bawku West,2,2022,DHS 2022,0.106753593082625,0.104913445,0.020998673375423108,0.07083475047500001,0.15308445724999997,0.0756609494,0.14388401649999996,0.08224970677499996,0.19670226330621568,Medium,Moderate (5-20%),10.7%,[7.1%–15.3%],20%,0.22,-0.72463737454061,-1.2482387975,-0.2078236790000002,NA,NA,NA,0.22100896237777354,-0.5917617884132104,1.044507109572619,0.016401270473625,-0.06063927490000002,0.08339209315000001,0.3190805935945017,-0.4071905518990754,1.6150499642926666,0.304,0.13375
GHA,196,Binduri,2,2022,DHS 2022,0.199018928726125,0.19077553,0.06391737435484066,0.09806597060000001,0.340759068,0.10898020650000001,0.3170749519999999,0.2426930974,0.32116228724554624,Medium,Moderate (5-20%),19.9%,[9.8%–34.1%],32%,0.903625,0.01559694387664,-0.736406355,0.7654354474999999,NA,NA,NA,0.10693572328157794,-1.241156306000712,1.4409474735001735,0.009912747079,-0.21262628225,0.20794565774999985,0.2889510606218271,-0.6145345414350323,2.319565819317764,0.4375,0.2875
GHA,197,Bolga East,2,2022,DHS 2022,0.0604351856492125,0.048045147499999996,0.04564137289777728,0.010883643850000001,0.180646664,0.014113919550000001,0.149844381,0.16976302015,0.7552119250976772,Low,Moderate (5-20%),6.0%,[1.1%–18.1%],76%,0.084,-0.21137284875547813,-1.0608106775,0.63336860325,NA,NA,NA,-1.1154747584070777,-2.7613706892031464,0.522698888026992,-0.0786136520045375,-0.19513874322500002,0.06136245324999994,-0.5233545682354405,-0.9243817906819738,0.5555643056228688,0.912625,0.857125
GHA,198,Bolgatanga,2,2022,DHS 2022,0.06177358672775,0.056359553500000006,0.028601741081366334,0.022987640725,0.13413712899999997,0.02637779085,0.11639063799999999,0.11114948827499996,0.4630092341476074,Low,Moderate (5-20%),6.2%,[2.3%–13.4%],46%,0.0395,-0.26668095106922496,-0.9353311129999999,0.4209862754999996,NA,NA,NA,-0.6997714877030744,-1.914900728951328,0.5020894651030482,-0.050742312722,-0.151936133525,0.04192651617499995,-0.384629591320581,-0.8269708559918691,0.5775474543195009,0.870375,0.76975
GHA,199,Bongo,2,2022,DHS 2022,0.116178528275725,0.10157265,0.06657251777489116,0.0323187509,0.2891543567499999,0.0395374142,0.2465131439999999,0.25683560584999987,0.5730191177572457,Low,Moderate (5-20%),11.6%,[3.2%–28.9%],57%,0.364625,-0.37148821376262914,-1.2926402775,0.5206196652499991,NA,NA,NA,-0.3568979523920082,-2.0661492798484056,1.376123571735216,-0.0389026240069,-0.25375641825,0.16326479097499996,-0.023515117177772136,-0.8342054932379905,2.2446484152011923,0.663375,0.551125
GHA,200,Builsa North,2,2022,DHS 2022,0.09828286363945,0.080019407,0.07069953776154549,0.0182117061,0.28180830425000003,0.023804681950000003,0.2336683984999999,0.26359659815000003,0.7193475560592765,Low,Moderate (5-20%),9.8%,[1.8%–28.2%],72%,0.2625,-0.45153056461858626,-1.2723455675,0.3305304472499998,NA,NA,NA,-0.37812772738244976,-1.941225507639064,1.155063216191175,-0.014491301130925,-0.0985341506,0.17398159824999987,-0.12140904197871437,-0.8401970496578369,1.5650813844688662,0.688375,0.570875
GHA,201,Builsa South,2,2022,DHS 2022,0.1271684307446,0.10728613000000001,0.08277478771752116,0.026202503800000002,0.3385214174999998,0.032932572650000005,0.288654204,0.3123189136999998,0.6509067323773362,Low,Moderate (5-20%),12.7%,[2.6%–33.9%],65%,0.41825,0.3534795276085624,-0.42414063875,1.1582199974999998,NA,NA,NA,-1.927229500001326,-3.424031081250347,-0.454010602372447,-0.32361208177915,-0.4406976655,-0.10655515000000007,-0.717286250951208,-0.9417171784495748,-0.2410092280560477,0.99425,0.980125
GHA,202,Garu,2,2022,DHS 2022,0.185186440225375,0.176159615,0.06634438052854917,0.082971863425,0.34198232775000004,0.09363886735,0.3060866669999999,0.259010464325,0.35825722686718825,Low,Moderate (5-20%),18.5%,[8.3%–34.2%],36%,0.829875,0.26216837809353727,-0.59487085475,1.1470614575,NA,NA,NA,-0.42101890012689114,-2.0972888901878797,1.2969013634707958,-0.082685765148375,-0.41733151925,0.17453522104999997,-0.06546180125894399,-0.7701594791554002,2.0124746682683043,0.688625,0.56575
GHA,203,Kasena Nankana East,2,2022,DHS 2022,0.0887262748559625,0.07281014899999999,0.06186425471533321,0.017807433625,0.2538613524999999,0.022352105350000002,0.2083357024999999,0.2360539188749999,0.6972484172897276,Low,Moderate (5-20%),8.9%,[1.8%–25.4%],70%,0.2145,-0.16512577645334361,-1.0702545775,0.72804543625,NA,NA,NA,-0.9497860523014597,-2.68739194231877,0.7553737583527457,-0.0904052927372875,-0.28212326907499996,0.1011210647499999,-0.42160656450891226,-0.9106568778804524,0.8714972425338895,0.8625,0.7845
GHA,204,Kasena Nankana West,2,2022,DHS 2022,0.1174913003417625,0.0977598985,0.07995016412444358,0.022670118899999998,0.33252663274999983,0.02886054615,0.27780052599999977,0.30985651384999985,0.6804773110169174,Low,Moderate (5-20%),11.7%,[2.3%–33.3%],68%,0.360375,-0.5871914434373434,-1.49720795,0.309459001499999,NA,NA,NA,-0.0320809379540559,-1.7465966043456589,1.7039210458091234,0.011187753894887499,-0.12973554802499998,0.22969737069999993,0.2787321549428782,-0.8030055471800612,3.2204137333094076,0.51175,0.40425
GHA,205,Nabdam,2,2022,DHS 2022,0.16614099754125,0.165734265,0.01369515120884534,0.139949544,0.19419696899999997,0.144185623,0.18923523350000002,0.05424742499999996,0.08243089551358367,High,Moderate (5-20%),16.6%,[14.0%–19.4%],8%,0.99575,0.127987827457961,-0.7100386470000001,0.9693908137499998,NA,NA,NA,-0.7292925042365714,-2.2702116385436875,0.8756770229956347,-0.147866263570875,-0.49197167450000007,0.09016754967499999,-0.2786750921271191,-0.7526785616098153,1.1658522658637653,0.826,0.72225
GHA,206,Pusiga,2,2022,DHS 2022,0.107099640903875,0.10005976,0.04148639467587891,0.0457706093,0.20463900849999994,0.0521868362,0.18324949999999998,0.15886839919999995,0.38736259361610875,Low,Moderate (5-20%),10.7%,[4.6%–20.5%],39%,0.3015,0.303562646033357,-0.27093094824999997,0.8816857012499998,NA,NA,NA,-1.2675144528312958,-2.141427642277883,-0.4083033404111653,-0.177378270509875,-0.252840410975,-0.07430284775000005,-0.6216864648615412,-0.841186142733862,-0.26672348897505604,0.99825,0.98625
GHA,207,Talensi,2,2022,DHS 2022,0.15803249824025,0.15280598,0.04798298133133535,0.081676255025,0.26728018174999996,0.08972395705000001,0.24725993649999994,0.18560392672499995,0.3036273036599655,Medium,Moderate (5-20%),15.8%,[8.2%–26.7%],30%,0.748625,0.05408017924690515,-0.5149306082499999,0.6376495065,NA,NA,NA,-0.47302886502792174,-1.4233771019476742,0.48678113525625816,-0.070512862275125,-0.21881309885000003,0.07569384249999989,-0.264562186046268,-0.6847980107769608,0.4778347511909189,0.8385,0.655875
GHA,208,Tempane,2,2022,DHS 2022,0.19766281688625,0.196714575,0.026162890406094583,0.15028340875,0.25259225425,0.15687587,0.24335969599999996,0.10230884549999997,0.1323612140018761,High,Moderate (5-20%),19.8%,[15.0%–25.3%],13%,0.99975,-0.20889593895400363,-0.6449708817500001,0.22169938299999994,NA,NA,NA,0.6228462622425931,0.21372193839217904,1.0287265200359936,0.08121513042625,0.026463110499999998,0.14178166844999995,0.7170622597647659,0.19883911229027712,1.3626645297954665,5e-4,0
GHA,209,Daffiama-Bussie-Issa,2,2022,DHS 2022,0.65573233202375,0.656300155,0.022591760013366494,0.60984303875,0.69854629475,0.6178188179999999,0.6919462925,0.08870325599999995,0.034452716314357736,High,Very high (≥50%),65.6%,[61.0%–69.9%],3%,1,1.8482590544525,1.405719635,2.3146571325,NA,NA,NA,0.44211174551271537,0.16674678885515787,0.7205416441105205,0.1050872090375,0.039904568499999966,0.17036979975000005,0.19323489119044995,0.06805238049346635,0.3305083023784565,0.001125,0
GHA,210,Jirapa,2,2022,DHS 2022,0.083153999730325,0.07551120350000001,0.03994290868661445,0.028541515775,0.1814791187499999,0.03299092815,0.15868021049999997,0.1529376029749999,0.48034861601549494,Low,Moderate (5-20%),8.3%,[2.9%–18.1%],48%,0.14325,-0.28080877366746376,-0.97048530725,0.4000009747499998,NA,NA,NA,-1.9302290922261245,-3.0614023928374388,-0.8460992600731765,-0.277919584365925,-0.401011360075,-0.146892956,-0.765067009900519,-0.9255238000527671,-0.47303721158622736,0.999625,0.997375
GHA,211,Lambussie-Karni,2,2022,DHS 2022,0.2273764586025,0.22511126,0.038325533360182344,0.15878936275,0.306582402,0.169007945,0.29408085249999993,0.14779303924999998,0.16855541508447505,Medium,High (20-50%),22.7%,[15.9%–30.7%],17%,0.998625,0.1092906630632515,-0.45158005525,0.6607569754999993,NA,NA,NA,0.14567409846184007,-0.5633577033001878,0.8570875445155808,0.022909415717375,-0.09885239800000001,0.139670078,0.17022753801365614,-0.35207305991765003,0.9754954170557963,0.341375,0.11325
GHA,212,Lawra,2,2022,DHS 2022,0.294830214012125,0.28699543000000005,0.08648932785075224,0.1480611505,0.48367723674999996,0.16600590150000002,0.449454774,0.33561608624999995,0.2933530002701668,Medium,High (20-50%),29.5%,[14.8%–48.4%],29%,0.99225,0.8734472249224722,0.21511465950000003,1.5631538174999997,NA,NA,NA,-0.7248817899796144,-1.8540841791368425,0.38825818989729954,-0.160917950435375,-0.39895407725,0.08934838424999984,-0.32606943037400454,-0.7044562221302476,0.25927950447362225,0.90025,0.738375
GHA,213,Nadowli-Kaleo,2,2022,DHS 2022,0.156858180297275,0.13453769999999998,0.09813659347956982,0.033779855525,0.40804469099999985,0.041980262049999995,0.34564422499999997,0.37426483547499984,0.6256389899052953,Low,Moderate (5-20%),15.7%,[3.4%–40.8%],63%,0.554375,0.23258477024418373,-0.581890401,1.0586719924999997,NA,NA,NA,-1.404467171666969,-2.8937866019330865,0.11204933723401221,-0.229560968440225,-0.36768017697500005,0.026713815000000005,-0.5923667803394475,-0.9126085772968983,0.07143501604315125,0.967375,0.91775
GHA,214,Nandom,2,2022,DHS 2022,0.10073073069325,0.100339235,0.00889672914848099,0.084244113225,0.11886694325,0.0865620559,0.11578617949999999,0.034622830024999995,0.08832189627983274,High,Moderate (5-20%),10.1%,[8.4%–11.9%],9%,0.038125,0.6565654601872125,0.20463814325,1.133477215,NA,NA,NA,-2.5076218096435072,-2.7825308598520238,-2.237704951895322,-0.47710052553175,-0.52731532255,-0.42531995542500006,-0.8253719407181385,-0.8565314400163542,-0.7900765616493683,1,1
GHA,215,Sissala East,2,2022,DHS 2022,0.146404729280875,0.14243416,0.036710880132999564,0.085981522425,0.22893495474999997,0.0932717577,0.2134208104999999,0.14295343232499996,0.2507492777953256,Medium,Moderate (5-20%),14.6%,[8.6%–22.9%],25%,0.712,-0.1302496715541666,-0.73660051575,0.49781264624999916,NA,NA,NA,0.2470728264851283,-0.5947664589452504,1.108798698442522,0.02747464498975,-0.070221543,0.12705554349999984,0.331299868450066,-0.4014499678376227,1.6327827136322992,0.280875,0.1185
GHA,216,Sissala West,2,2022,DHS 2022,0.0939265006440125,0.082416526,0.0523340735394164,0.026541297525,0.22373539749999996,0.03236989755,0.19567993599999983,0.19719409997499995,0.5571811275900282,Low,Moderate (5-20%),9.4%,[2.7%–22.4%],56%,0.233,0.09428524915055224,-0.640773276,0.8329605825,NA,NA,NA,-1.7187804840317902,-3.009729625164765,-0.4436858279228858,-0.2419779790072375,-0.37853944317500005,-0.08154559750000008,-0.7130890880537188,-0.9224347441635063,-0.2804881558718124,0.99625,0.985125
GHA,217,Wa East,2,2022,DHS 2022,0.161840167162,0.154566925,0.0540024818478503,0.07640335645,0.28500029224999995,0.08556630855,0.26115331699999994,0.20859693579999994,0.333677867459161,Low,Moderate (5-20%),16.2%,[7.6%–28.5%],33%,0.747375,-0.41854441338909376,-0.9591881095,0.11829273924999986,NA,NA,NA,-0.10732191936362544,-0.9313716317731852,0.697902198757023,-0.00794025265425,-0.09948160177500001,0.11874431149999981,-0.03961096721672824,-0.5589776468977786,0.7298523787165225,0.603,0.347875
GHA,218,Wa Municipal,2,2022,DHS 2022,0.079718458026,0.0755179475,0.02775094535701507,0.0374436487,0.14574976474999998,0.041847424050000005,0.131562303,0.10830611604999998,0.34811191842125394,Low,Moderate (5-20%),8.0%,[3.7%–14.6%],35%,0.078625,-0.14675142584322,-0.8959650275,0.6131929714999992,NA,NA,NA,-1.0948590092286383,-2.3795890892461244,0.18294625773964782,-0.1303168324495,-0.3428480485,0.01659857007499985,-0.543026806041348,-0.8606743145264756,0.17612955934226102,0.952875,0.902125
GHA,219,Wa West,2,2022,DHS 2022,0.143974107832,0.13368986500000002,0.06134814708387265,0.054051827875,0.2930651464999999,0.06339923330000001,0.2596991785,0.23901331862499986,0.42610541581169836,Low,Moderate (5-20%),14.4%,[5.4%–29.3%],43%,0.581875,0.2757262244109134,-0.5049879932499999,1.0678952825,NA,NA,NA,-2.272375916595936,-3.649914643171332,-0.9222151769516024,-0.449680058193,-0.69012404265,-0.17865894345000005,-0.7470499886874293,-0.9102233638746275,-0.45213250623886414,0.999125,0.996
GHA,220,Adaklu,2,2022,DHS 2022,0.176583359298375,0.15137643,0.10963517783776443,0.03616807984999999,0.45420176299999987,0.04637579435,0.39770235899999995,0.4180336831499999,0.6208692499303549,Low,Moderate (5-20%),17.7%,[3.6%–45.4%],62%,0.622875,0.03962318253758,-1.045332045,1.1419937049999997,NA,NA,NA,-1.035139703813225,-3.1050026980104186,1.0096395436255994,-0.175704381188375,-0.55575404575,0.1826387344999998,-0.3644337877637969,-0.9034804673043288,1.135515229320213,0.8315,0.754375
GHA,221,Afadzato South,2,2022,DHS 2022,0.145669008159375,0.12409363500000001,0.09092225650664551,0.032051308,0.3792685525,0.040084159050000005,0.32553332149999975,0.3472172445,0.624170217505486,Low,Moderate (5-20%),14.6%,[3.2%–37.9%],62%,0.50675,-0.01314882007803625,-1.04026039,0.9926648112499988,NA,NA,NA,-1.1875952999292052,-3.2233064477636817,0.8633696453423699,-0.190261481937375,-0.555314063275,0.13782889874999993,-0.44119275144131753,-0.9174531808300302,0.986088717350803,0.8685,0.80175
GHA,222,Agotime Ziope,2,2022,DHS 2022,0.19501308492,0.17029802500000002,0.11391598087750922,0.043638888050000005,0.47506059775,0.056170299199999996,0.418850568,0.4314217097,0.5841453199114349,Low,Moderate (5-20%),19.5%,[4.4%–47.5%],58%,0.69575,0.06562594992645063,-1.000514265,1.1299621475,NA,NA,NA,-1.0777768166203197,-3.16572359123565,0.9761063838757803,-0.194860833792875,-0.580737553175,0.18208543364999996,-0.38297077883456065,-0.8993220891623834,0.9789277452453611,0.8475,0.765
GHA,223,Akatsi North,2,2022,DHS 2022,0.234285761692,0.208370355,0.12971651509663232,0.05451364235,0.5469364457499999,0.06957646825,0.49127671,0.4924228033999999,0.5536679402103917,Low,High (20-50%),23.4%,[5.5%–54.7%],55%,0.79825,0.07712085248642,-1.0092096525,1.1534361574999994,NA,NA,NA,-1.0137456758236407,-3.070958891932306,1.0620132875793475,-0.196396771163875,-0.5938877338,0.2169475162499998,-0.34322961039477456,-0.8789904932662993,1.0739910592883373,0.834375,0.742125
GHA,224,Akatsi South,2,2022,DHS 2022,0.47737604454,0.476640685,0.05640803654904616,0.37032152799999996,0.5867839074999999,0.3853191435,0.5711868005,0.2164623794999999,0.11816268787303937,High,High (20-50%),47.7%,[37.0%–58.7%],12%,1,0.9852243449117125,0.30359168775,1.6651440374999997,NA,NA,NA,0.042630124775548256,-1.2918524299989127,1.3720147886056724,0.0080178673085,-0.29833664125,0.3013133764999999,0.14820540743387564,-0.4070928055976401,1.4208229608506064,0.4805,0.225125
GHA,225,Anloga,2,2022,DHS 2022,0.198945245078875,0.17347484,0.11908702843026452,0.042425653875000004,0.4902045804999998,0.0540693715,0.43389800349999985,0.4477789266249998,0.5985919813416529,Low,Moderate (5-20%),19.9%,[4.2%–49.0%],60%,0.694,0.5223936506831025,-0.29441525775,1.3379919399999998,NA,NA,NA,-1.9643048079120724,-3.604323572163735,-0.37428311939640346,-0.398054929039875,-0.6026626685,-0.09240459400000009,-0.6642601968987768,-0.9294185505495965,-0.1669285824234638,0.992375,0.9665
GHA,226,Central Tongu,2,2022,DHS 2022,0.20268433324325,0.17693635000000002,0.11628781297864409,0.04734859595,0.4898804632499997,0.0585923745,0.4308062375,0.44253186729999966,0.5737385377442182,Low,High (20-50%),20.3%,[4.7%–49.0%],57%,0.719875,0.06271464137070062,-0.9748747767499999,1.0912678675,NA,NA,NA,-1.0391938928703197,-3.1241746272338076,1.0358066137218656,-0.19091823973575,-0.57941946535,0.19338731024999992,-0.3625267300823444,-0.8932356815200199,1.1054733328875181,0.83775,0.750125
GHA,227,Ho Municipal,2,2022,DHS 2022,0.1251106725142,0.104164035,0.08284307505711591,0.025614462675,0.3438673635,0.0325762775,0.28358836299999995,0.318252900825,0.6621583386318483,Low,Moderate (5-20%),12.5%,[2.6%–34.4%],66%,0.406,-0.22643440263299766,-1.1719634824999998,0.6911586202499995,NA,NA,NA,-0.7211568702734681,-2.5305290119635084,1.1376742172538377,-0.083299246374925,-0.33010040547499997,0.16936453064999998,-0.2669556859316114,-0.8880676541450017,1.5267885972363224,0.78,0.690875
GHA,228,Ho West,2,2022,DHS 2022,0.1313224591208375,0.11038912000000001,0.08511272862482555,0.026847190625000003,0.35207150474999954,0.0340634391,0.30082622899999995,0.3252243141249995,0.6481201250313804,Low,Moderate (5-20%),13.1%,[2.7%–35.2%],65%,0.43525,0.0258081520537935,-1.0322939175,1.0710574524999994,NA,NA,NA,-1.0844035809941985,-3.1359424358876544,0.961827756164923,-0.1584584328056625,-0.5015762674500001,0.14121975334999998,-0.406800636934676,-0.9185581005417448,1.1769521338719806,0.8545,0.782125
GHA,229,Hohoe,2,2022,DHS 2022,0.062758467723425,0.0560297615,0.03312891953666047,0.020152266625,0.1449150524999999,0.02374678465,0.12661429549999983,0.12476278587499989,0.5278796748617062,Low,Moderate (5-20%),6.3%,[2.0%–14.5%],53%,0.053625,-0.873732136382655,-1.6961466475,-0.07822023142500005,NA,NA,NA,-1.0652117994995582,-2.5851743903030213,0.4699717099395031,-0.098867596670325,-0.29933750522499997,0.037815934424999996,-0.5059735406013144,-0.8967717993304958,0.5319093109066794,0.912375,0.85125
GHA,230,Keta Municipal,2,2022,DHS 2022,0.1717328949330125,0.149013285,0.10366933106342982,0.038653047575,0.4297323169999999,0.04721760765000001,0.37488499249999985,0.39107926942499993,0.6036661240926958,Low,Moderate (5-20%),17.2%,[3.9%–43.0%],60%,0.611125,0.0775539781413825,-1.006826505,1.1572522475,NA,NA,NA,-1.1406856332448463,-3.1453606185919267,0.8719757250698755,-0.1970752274902375,-0.567615273775,0.15279861174999984,-0.4180110577639866,-0.9024270042727113,0.9313912112344188,0.860875,0.790125
GHA,231,Ketu North,2,2022,DHS 2022,0.1837452761875,0.17310551000000002,0.07054977542262533,0.07720220209999999,0.3472698367499996,0.08772632865,0.3166493915,0.2700676346499996,0.3839542266688473,Low,Moderate (5-20%),18.4%,[7.7%–34.7%],38%,0.800875,-0.016813463145412873,-0.5412397862499999,0.5006180887499997,NA,NA,NA,-0.8728874580350361,-1.8161111264051002,0.07753940102526781,-0.1511363692,-0.26883784867500005,0.017505295500000018,-0.44901599602233117,-0.7709292271168751,0.052743954723744546,0.963125,0.870125
GHA,232,Ketu South,2,2022,DHS 2022,0.1690171856893625,0.14467433000000002,0.10662009993462611,0.03480026305,0.43509960424999994,0.0449487164,0.37980718899999993,0.40029934119999994,0.6308240165031721,Low,Moderate (5-20%),16.9%,[3.5%–43.5%],63%,0.596375,-0.3694109501162425,-1.392549095,0.62859258575,NA,NA,NA,-0.3931607310452804,-2.269011813211029,1.5384340619767072,-0.047543094015762496,-0.3232011047499999,0.26171332724999996,-0.029203025788461946,-0.8506432535416968,2.2383259992269253,0.667625,0.5525
GHA,233,Kpando,2,2022,DHS 2022,0.25668567617,0.25325705,0.05060979017551457,0.16831928750000003,0.36511357075,0.17894817400000002,0.3457214714999999,0.19679428324999998,0.1971663979488917,Medium,High (20-50%),25.7%,[16.8%–36.5%],20%,0.99925,0.34312930624346927,-0.32820598549999996,1.0300097449999996,NA,NA,NA,0.10511633971090395,-1.2847075397518133,1.4660756820875287,0.005102664991125,-0.28012847949999997,0.2123370643999998,0.2885808454550498,-0.5649547293444719,2.3535332777306817,0.44475,0.27375
GHA,234,North Dayi,2,2022,DHS 2022,0.150825071162,0.127433135,0.09532093046933088,0.031769729925000004,0.4010719724999996,0.040272728800000004,0.34063503649999993,0.3693022425749996,0.6319965887299164,Low,Moderate (5-20%),15.1%,[3.2%–40.1%],63%,0.523125,-0.01990444239966875,-1.05146204,1.0413531575,NA,NA,NA,-1.1306928599277815,-3.1766106702469554,0.9013226080334572,-0.18135135518575,-0.5500107306249999,0.14749587287499946,-0.41984926639533326,-0.9154089993977856,1.0270934686601767,0.85875,0.78675
GHA,235,North Tongu,2,2022,DHS 2022,0.126817925581125,0.11408866000000001,0.06512319543047781,0.038299695300000006,0.28708757974999977,0.0467197839,0.25183121550000004,0.24878788444999977,0.5135172739347382,Low,Moderate (5-20%),12.7%,[3.8%–28.7%],51%,0.4465,-0.18706789357879464,-1.1013123825,0.7507016687499996,NA,NA,NA,-1.5231812851803164,-3.384793306139335,0.2671550545298296,-0.256904885606625,-0.6097260396749999,0.041543043024999914,-0.5935088319107226,-0.9142969579536201,0.2337280219388154,0.95025,0.908125
GHA,236,South Dayi,2,2022,DHS 2022,0.067642263189,0.0674028935,0.006248939438308324,0.056032321525000005,0.08072502277499999,0.05778170175,0.07841832614999998,0.024692701249999983,0.09238217563549127,High,Moderate (5-20%),6.8%,[5.6%–8.1%],9%,0,-0.33664487052970066,-1.0793564500000001,0.3976290592499993,NA,NA,NA,-1.8196354284285232,-3.3239870668546354,-0.3187654539998993,-0.259800151966125,-0.59232938915,-0.023803558300000013,-0.7309240080175412,-0.9010336735123178,-0.2540633304804488,0.992125,0.982
GHA,237,South Tongu,2,2022,DHS 2022,0.181723840393,0.158434285,0.10769108530676835,0.04155944225,0.45674890224999987,0.0519143695,0.3944360604999999,0.41518945999999984,0.5926084605843308,Low,Moderate (5-20%),18.2%,[4.2%–45.7%],59%,0.655125,0.08333775365118264,-0.9808479745,1.1185524574999999,NA,NA,NA,-1.1187244217224614,-3.1687294559179535,0.9358848597267281,-0.198726811704625,-0.57488675075,0.16551674174999956,-0.4008531284615641,-0.9003383242412888,1.0260913478151341,0.8545,0.781875
GHA,238,Ahanta West,2,2022,DHS 2022,0.134137515313375,0.1277321,0.044857903424089955,0.06534315625,0.23696342149999994,0.07291668450000001,0.21563027499999993,0.17162026524999993,0.3344172830344437,Low,Moderate (5-20%),13.4%,[6.5%–23.7%],33%,0.545625,-0.30803913957272,-0.89481142525,0.2658406714999999,NA,NA,NA,-1.722480666199337,-2.7605380133974227,-0.6888412574356034,-0.318563146454125,-0.510208886375,-0.12871272925000002,-0.6921681320299133,-0.8655589365226909,-0.38986601010035676,0.999875,0.996625
GHA,239,Effia Kwesimintsim,2,2022,DHS 2022,0.1329641591373625,0.10924694,0.09130035016593498,0.0260612461,0.3733895959999998,0.0323667698,0.31636924849999987,0.34732834989999983,0.686653837833205,Low,Moderate (5-20%),13.3%,[2.6%–37.3%],69%,0.434375,-0.23659125514054713,-1.1799642375000001,0.7087521904999998,NA,NA,NA,-1.0375844298157442,-2.8695216064790783,0.8285218498333616,-0.1385803583581375,-0.4053066162,0.14200522524999998,-0.42916942518392853,-0.9113737820687253,0.8631995321450505,0.866125,0.791875
GHA,240,Ellembelle,2,2022,DHS 2022,0.26822513303725,0.24547469,0.1415285946863258,0.063834130625,0.607353666,0.0800738394,0.537594524,0.543519535375,0.5276485207919382,Low,High (20-50%),26.8%,[6.4%–60.7%],53%,0.854875,-0.07947065527682225,-1.16398706,1.0122640799999996,NA,NA,NA,-1.2030824767647068,-3.2867501187316437,0.8845867761619549,-0.247332203493875,-0.639570565,0.1916266174999997,-0.40432061826612303,-0.8835045015922476,0.7048357816212221,0.871625,0.783625
GHA,241,Jomoro,2,2022,DHS 2022,0.256850185675875,0.25002444,0.07558708766660632,0.13061525175000002,0.4223818815,0.14564738300000002,0.3934303395,0.29176662975,0.29428473048484133,Medium,High (20-50%),25.7%,[13.1%–42.2%],29%,0.981875,-0.30309547271993736,-0.9960915367499998,0.3908391944999997,NA,NA,NA,-0.6571905632618318,-1.947710652653786,0.5970788348603852,-0.1400605992235,-0.41517250499999997,0.12154028624999998,-0.28734129709492023,-0.7181638947408091,0.5364633131335262,0.841375,0.6955
GHA,242,Mpohor,2,2022,DHS 2022,0.224097203906375,0.1992028,0.12258800712113532,0.055664446575,0.5244929617499999,0.06868467715,0.46348350099999996,0.4688285151749999,0.5470305072273506,Low,High (20-50%),22.4%,[5.6%–52.4%],55%,0.785875,-0.129226652980803,-0.92508203275,0.6525963054999998,NA,NA,NA,-1.0622148748925095,-2.582892849688659,0.4870113024249038,-0.197586524121125,-0.41268184129999996,0.11700412249999988,-0.4594521397248358,-0.8714156821778595,0.3202209830503237,0.912875,0.823875
GHA,243,Nzema East,2,2022,DHS 2022,0.145316326783375,0.14498497500000002,0.01247237214180332,0.122046785,0.1709646735,0.12548190399999998,0.16668503,0.04891788849999999,0.0858291178829207,High,Moderate (5-20%),14.5%,[12.2%–17.1%],9%,0.931875,-0.25405943810125675,-0.68740258875,0.17078265899999992,NA,NA,NA,-2.45769323640786,-2.7427395624836968,-2.176852171879979,-0.518574842899125,-0.56879159575,-0.4661049947500001,-0.7808428139564685,-0.8184467029910376,-0.7386914136230648,1,1
GHA,244,Prestea-Huni Valley,2,2022,DHS 2022,0.120203686694875,0.105982245,0.0658449877859273,0.0352513038,0.28385801099999985,0.04187447925,0.2457042769999997,0.24860670719999986,0.5477784383857394,Low,Moderate (5-20%),12.0%,[3.5%–28.4%],55%,0.393375,-0.6485409429228738,-1.3605572625,0.06059832124999976,NA,NA,NA,-1.47473101015402,-2.8598076972616973,-0.08970649134985657,-0.226009630208875,-0.41848633927499995,-0.01671131050000014,-0.633664553545597,-0.9047472970204631,-0.06273925465256032,0.9815,0.953125
GHA,245,Sekondi Takoradi,2,2022,DHS 2022,0.122809584878175,0.1005091,0.08477003087687549,0.023029744574999997,0.3447862859999998,0.02996174395,0.291710465,0.32175654142499976,0.6902558213266977,Low,Moderate (5-20%),12.3%,[2.3%–34.5%],69%,0.3885,0.081696299226271,-0.8450305124999999,0.9860804322499997,NA,NA,NA,-1.6398214801778916,-3.407080063232686,0.15087907871875553,-0.250679830315325,-0.5068848867750001,0.02548804999999995,-0.6418881426262014,-0.9386236605312718,0.10894714797598182,0.964375,0.9285
GHA,246,Shama,2,2022,DHS 2022,0.168538852691125,0.14631455999999998,0.10396475258756989,0.035636946275000005,0.43435927774999966,0.04476525215,0.3743856584999999,0.39872233147499964,0.6168592637693001,Low,Moderate (5-20%),16.9%,[3.6%–43.4%],62%,0.599375,-0.11339938354101226,-1.1695645625000002,0.9617789244999997,NA,NA,NA,-1.2792030377559649,-3.385232443221088,0.8058778362616269,-0.222569436027375,-0.6024802789999999,0.1420093094999999,-0.470081411479108,-0.9188794034956095,0.7962693084533421,0.892125,0.8265
GHA,247,Tarkwa Nsuaem,2,2022,DHS 2022,0.118159791222375,0.10625977,0.05960272775067437,0.038432328525,0.2654052884999999,0.04555391525000001,0.23262493449999994,0.2269729599749999,0.5044247889580552,Low,Moderate (5-20%),11.8%,[3.8%–26.5%],50%,0.388125,-0.07105102063071687,-0.73395383075,0.612625904499999,NA,NA,NA,-2.2918294423275585,-3.5361366811128634,-1.0731584546511383,-0.421908624132625,-0.5858649591999999,-0.2305218020000001,-0.777545710526782,-0.9314274457370093,-0.49288822945809957,0.999625,0.9985
GHA,248,Wassa Amenfi Central,2,2022,DHS 2022,0.147096974530375,0.14343751500000002,0.035384425339498336,0.08795065579999999,0.22556580599999995,0.0949822441,0.21170293499999995,0.13761515019999998,0.2405516867526842,Medium,Moderate (5-20%),14.7%,[8.8%–22.6%],24%,0.73,0.3726974736857465,0.011239189950000011,0.7216993079999997,NA,NA,NA,-2.858354206152039,-3.445213144541941,-2.2752973968086505,-0.597615370163375,-0.6679609650500001,-0.5118329950000001,-0.8023459880641135,-0.8824049845906916,-0.6968898017336381,1,1
GHA,249,Wassa Amenfi East,2,2022,DHS 2022,0.1793417525793,0.16349681500000002,0.08792080736716068,0.05450087135000001,0.39235874749999994,0.06598608165,0.3459802429999999,0.33785787614999996,0.4902417094886174,Low,Moderate (5-20%),17.9%,[5.5%–39.2%],49%,0.707875,-0.18046896012782326,-0.8039743659999999,0.44632845424999995,NA,NA,NA,-1.07556948047764,-2.3093320917605626,0.12510048506802343,-0.18439268304195,-0.3197274333500001,0.028586256249999956,-0.50511983420412,-0.8490565579958013,0.08217615897955745,0.95925,0.884125
GHA,250,Wassa Amenfi West,2,2022,DHS 2022,0.12012309987775,0.11265697499999999,0.04671893540615242,0.05029635365,0.22978096225,0.05797158300000001,0.20760576699999997,0.17948460859999998,0.3889254893829627,Low,Moderate (5-20%),12.0%,[5.0%–23.0%],39%,0.417,0.15103454467388464,-0.3598394285,0.6600392647499997,NA,NA,NA,-2.9593044095813315,-3.845664528788046,-2.080069728121418,-0.58947974971975,-0.672116486575,-0.47316597750000017,-0.8305858223487438,-0.9292334970599105,-0.6743558169465317,1,1
GHA,251,Wassa East,2,2022,DHS 2022,0.298031001653,0.28821265500000004,0.0985304840835054,0.13433480974999998,0.5143870475,0.1517518045,0.47635564699999994,0.38005223774999997,0.33060481472402414,Low,High (20-50%),29.8%,[13.4%–51.4%],33%,0.9855,-0.68257908517451,-1.2215507425,-0.14540869675000037,NA,NA,NA,0.8582784241608207,-0.12767131891065264,1.8443515874601377,0.15095828251175,-0.01609105750000002,0.369471866,1.0417859385509007,-0.10325802945036654,2.6283248510746,0.04625,0.012875
GHA,252,Aowin,2,2022,DHS 2022,0.252881523465875,0.228187515,0.13373048066366508,0.061311732925,0.5728338482499999,0.07765607180000002,0.5073590314999993,0.5115221153249999,0.5288266174247059,Low,High (20-50%),25.3%,[6.1%–57.3%],53%,0.839875,-0.36077042935213194,-1.26108197,0.5263506429999999,NA,NA,NA,-0.5563762712518814,-2.3282837025073633,1.2044110620572603,-0.09633873319925,-0.41275157199999996,0.26746089449999977,-0.19452835194162504,-0.8295277691587357,1.1561320146661949,0.729125,0.604625
GHA,253,Bia East,2,2022,DHS 2022,0.199182756181375,0.17517547,0.1148597842410491,0.045294329175,0.4740747284999996,0.05621391525,0.41985009549999996,0.4287803993249996,0.5766552609426604,Low,Moderate (5-20%),19.9%,[4.5%–47.4%],58%,0.71025,0.39216857170032626,-0.37470815775,1.1321127174999999,NA,NA,NA,-2.1245832213034377,-3.6459311271312655,-0.6416228205347996,-0.439663386129875,-0.60403891245,-0.15713964950000012,-0.6878850004444556,-0.9295208894761433,-0.2538032388689212,0.997,0.98225
GHA,254,Bia West,2,2022,DHS 2022,0.1129170991788875,0.100092195,0.06133290749889116,0.03250839995,0.26897773899999994,0.03942134215,0.23244800449999994,0.23646933904999995,0.543167579975866,Low,Moderate (5-20%),11.3%,[3.3%–26.9%],54%,0.354,-0.354515177507691,-1.3469777175000002,0.63401752199999994,NA,NA,NA,-1.8321710405071943,-3.6889438416967595,0.053199641797861574,-0.3069057287374875,-0.659031941075,0.0068277024999999205,-0.6733717325981131,-0.9310949197054158,0.043789497971983754,0.972,0.947
GHA,255,Bibiani-Anhwiaso-Bekwai-,2,2022,DHS 2022,0.09528225913225,0.086538245,0.04543353088626712,0.032557113775,0.20890825349999992,0.0384521887,0.180063366,0.1763511397249999,0.4768309578303158,Low,Moderate (5-20%),9.5%,[3.3%–20.9%],48%,0.22725,-0.6180032124377443,-1.325160585,0.09208394275,NA,NA,NA,-0.9791439334168329,-2.3453415280414975,0.38716047278011995,-0.116534807192125,-0.31404374849999994,0.045053589299999974,-0.48125310152350015,-0.8677977212155228,0.40068038041146886,0.91425,0.845875
GHA,256,Bodi,2,2022,DHS 2022,0.182666251175875,0.15923948500000001,0.10999136838831007,0.04004743905,0.456814616,0.04973465975000001,0.3966376709999999,0.41676717695,0.6021438973004817,Low,Moderate (5-20%),18.3%,[4.0%–45.7%],60%,0.6585,-0.052522201448977,-1.1193181225,1.01470959,NA,NA,NA,-1.1737202888697307,-3.2828082674204326,0.8883548794749718,-0.2085411362615,-0.5940635164,0.16813576274999986,-0.4232611408965145,-0.9086301730590547,0.9182257006917238,0.870375,0.79225
GHA,257,Juaboso,2,2022,DHS 2022,0.123746270617625,0.11331376500000001,0.058616888834384956,0.042759778474999996,0.26872906049999995,0.049907858299999996,0.237262179,0.22596928202499994,0.47368610416964146,Low,Moderate (5-20%),12.4%,[4.3%–26.9%],47%,0.429125,-0.227636306901375,-1.10501959,0.6351633752499997,NA,NA,NA,-1.533642350261424,-3.3037183995264092,0.24707041669987564,-0.2599166489675,-0.606497698325,0.03630664297499993,-0.601962215038252,-0.9101344545530948,0.21852108492238226,0.955,0.920625
GHA,258,Sefwi-Akontombra,2,2022,DHS 2022,0.201838825861125,0.176347235,0.11700040300111744,0.046200416075,0.4965167914999997,0.058858949,0.42874587099999995,0.4503163754249997,0.5796724317135071,Low,High (20-50%),20.2%,[4.6%–49.7%],58%,0.71725,0.2289418487888635,-0.53615146375,0.9998641012499999,NA,NA,NA,-1.7453391455896365,-3.2443553083613326,-0.20614117002856144,-0.350924550600125,-0.5175839632500001,-0.05141495500000009,-0.6340669123334391,-0.917050033548079,-0.09510229952339469,0.986875,0.954625
GHA,259,Sefwi-Wiawso,2,2022,DHS 2022,0.113429552539625,0.107437,0.043747831480030516,0.0472020336,0.21607002449999996,0.05423374005000001,0.19533696049999996,0.16886799089999996,0.38568283573848916,Low,Moderate (5-20%),11.3%,[4.7%–21.6%],39%,0.3565,0.1080302203509975,-0.40239167125,0.6080814282499998,NA,NA,NA,-2.045538510184321,-3.014645867626424,-1.0960468424388399,-0.366109802605375,-0.49289441815,-0.22553755325000016,-0.760440619910257,-0.9038067047736646,-0.5278418323724544,1,0.999875
GHA,260,Suaman,2,2022,DHS 2022,0.179084670362625,0.15691569,0.10609147194900923,0.0386450104,0.43598970324999997,0.04883121025000001,0.3871293174999999,0.39734469284999996,0.5924095665708669,Low,Moderate (5-20%),17.9%,[3.9%–43.6%],59%,0.64225,-0.06676294941973825,-1.12466531,0.9767726474999999,NA,NA,NA,-1.2073371178229515,-3.303996185432136,0.8352182573558777,-0.2143771592445,-0.60006994075,0.15768578024999988,-0.4366497171670185,-0.9132666295673609,0.8747170946150449,0.86975,0.79975
BFA,1,Bagassi,1,2010,DHS 2010,0.8444167722075,0.845009235,0.013173056206859471,0.8160380567500001,0.86841466925,0.8213623540000001,0.8652712315,0.05237661249999992,0.015600183038077356,High,Very high (≥50%),84.4%,[81.6%–86.8%],2%,1,0.3073404099740125,-0.51585770025,1.1611782849999999,NA,NA,NA,NA,NA,NA,NA,NA,NA,NA,NA,NA,NA,NA
BFA,2,Bana,1,2010,DHS 2010,0.628404888268375,0.644793505,0.17785068042120028,0.25032020925,0.9114350042499999,0.3063055545,0.8869164509999999,0.6611147949999999,0.28301925039329895,Medium,Very high (≥50%),62.8%,[25.0%–91.1%],28%,0.36475,-0.04090181791780325,-1.3252980575,1.243913885,NA,NA,NA,NA,NA,NA,NA,NA,NA,NA,NA,NA,NA,NA
BFA,3,Boromo,1,2010,DHS 2010,0.77359085304875,0.800687105,0.1343963876255967,0.439987136,0.9544127937499999,0.512804613,0.940027631,0.5144256577499999,0.1737305800552522,Medium,Very high (≥50%),77.4%,[44.0%–95.4%],17%,0.7215,0.049125425627425875,-1.1644430425,1.291932125,NA,NA,NA,NA,NA,NA,NA,NA,NA,NA,NA,NA,NA,NA
BFA,4,Fara,1,2010,DHS 2010,0.82250792674625,0.829510135,0.058360654312950885,0.6861756772500001,0.9163224072499999,0.714471609,0.904766502,0.23014672999999986,0.07095451899633254,High,Very high (≥50%),82.3%,[68.6%–91.6%],7%,0.949125,0.3703195009777763,-0.5560222069999999,1.270476724999999,NA,NA,NA,NA,NA,NA,NA,NA,NA,NA,NA,NA,NA,NA
BFA,5,Oury,1,2010,DHS 2010,0.667811005325,0.66819544,0.02239114000238842,0.62323183975,0.710434379,0.630045991,0.7041014194999999,0.08720253924999999,0.03352915693788461,High,Very high (≥50%),66.8%,[62.3%–71.0%],3%,0.071875,-0.25447638831022423,-1.0445702749999999,0.5361297949999999,NA,NA,NA,NA,NA,NA,NA,NA,NA,NA,NA,NA,NA,NA
BFA,6,Pa,1,2010,DHS 2010,0.72488569128875,0.753475025,0.15124504339196018,0.37622631075,0.939330137,0.43408984300000003,0.9238403805,0.56310382625,0.20864674970072408,Medium,Very high (≥50%),72.5%,[37.6%–93.9%],21%,0.593875,-0.05239208227564088,-1.3304327275,1.2300739374999996,NA,NA,NA,NA,NA,NA,NA,NA,NA,NA,NA,NA,NA,NA
BFA,7,Pompoï,1,2010,DHS 2010,0.734550341064,0.7620923,0.1481811137058091,0.38743740900000007,0.94171331475,0.4502150965,0.9261333389999999,0.55427590575,0.20173037220453535,Medium,Very high (≥50%),73.5%,[38.7%–94.2%],20%,0.62025,0.023639844371288,-1.293669195,1.3143696099999993,NA,NA,NA,NA,NA,NA,NA,NA,NA,NA,NA,NA,NA,NA
BFA,8,Poura,1,2010,DHS 2010,0.673149009735,0.69855044,0.16931459622533862,0.29757932375000007,0.9272857745,0.3590399425,0.907528758,0.62970645075,0.2515261758937936,Medium,Very high (≥50%),67.3%,[29.8%–92.7%],25%,0.467375,0.1319201255739525,-1.1890365125,1.4484714174999982,NA,NA,NA,NA,NA,NA,NA,NA,NA,NA,NA,NA,NA,NA
BFA,9,Siby,1,2010,DHS 2010,0.788701133385,0.789112705,0.01655515841871686,0.75474868725,0.8197818802500001,0.7611866679999999,0.81488138,0.0650331930000001,0.02099040779574429,High,Very high (≥50%),78.9%,[75.5%–82.0%],2%,0.998875,0.14697896771514163,-0.6727363192499999,0.97953082675,NA,NA,NA,NA,NA,NA,NA,NA,NA,NA,NA,NA,NA,NA
BFA,10,Yaho,1,2010,DHS 2010,0.799126498005,0.79952375,0.016066819454774773,0.76551604175,0.8293898300000001,0.7715567895,0.824585545,0.06387378825000012,0.02010547703634556,High,Very high (≥50%),79.9%,[76.6%–82.9%],2%,0.99975,0.030181784104434874,-0.81157602475,0.87042111975,NA,NA,NA,NA,NA,NA,NA,NA,NA,NA,NA,NA,NA,NA
BFA,11,Balavé,1,2010,DHS 2010,0.83129879735125,0.831812665,0.013821655707047159,0.80310011875,0.8571757604999999,0.8076727934999999,0.8532521155,0.0540756417499999,0.01662657969804216,High,Very high (≥50%),83.1%,[80.3%–85.7%],2%,1,0.08790771224780587,-0.4642043585,0.6129915857499996,NA,NA,NA,NA,NA,NA,NA,NA,NA,NA,NA,NA,NA,NA
BFA,12,Kouka,1,2010,DHS 2010,0.739176955585,0.7499285250000001,0.09241429143470162,0.5287880145,0.8890705032499999,0.570634188,0.871936747,0.3602824887499999,0.1250232312255501,High,Very high (≥50%),73.9%,[52.9%–88.9%],13%,0.650375,0.17020139130357287,-0.40607103549999995,0.74842485225,NA,NA,NA,NA,NA,NA,NA,NA,NA,NA,NA,NA,NA,NA
BFA,13,Sami,1,2010,DHS 2010,0.75624328931625,0.78803568,0.1454735905033927,0.40471481325,0.94916973325,0.47154428299999995,0.934944942,0.54445492,0.1923634795290828,Medium,Very high (≥50%),75.6%,[40.5%–94.9%],19%,0.677125,-0.18889753971483614,-1.5188834274999998,1.0742620324999996,NA,NA,NA,NA,NA,NA,NA,NA,NA,NA,NA,NA,NA,NA
BFA,14,Sanaba,1,2010,DHS 2010,0.94583013040375,0.9460243749999999,0.005046173908223066,0.93530532225,0.95498622975,0.9373466894999999,0.9537559330000001,0.019680907500000067,0.005335179908118372,High,Very high (≥50%),94.6%,[93.5%–95.5%],1%,1,0.71605359238375,0.47279133300000004,0.9587702372499997,NA,NA,NA,NA,NA,NA,NA,NA,NA,NA,NA,NA,NA,NA
BFA,15,Solenzo,1,2010,DHS 2010,0.76456711013875,0.773187835,0.07530801893171465,0.5922845999999999,0.887897959,0.6268620445,0.8723611099999999,0.2956133590000001,0.09849759155615276,High,Very high (≥50%),76.5%,[59.2%–88.8%],10%,0.76625,-0.3627729462304224,-1.0296276425,0.3046949342499999,NA,NA,NA,NA,NA,NA,NA,NA,NA,NA,NA,NA,NA,NA
BFA,16,Tansila,1,2010,DHS 2010,0.70081631817125,0.701354375,0.02058293836054064,0.6598875877499999,0.740807599,0.6664035145000001,0.7342132715,0.08092001125000015,0.02936994734119624,High,Very high (≥50%),70.1%,[66.0%–74.1%],3%,0.342,-0.2826302933808875,-1.19474237,0.6309807467499994,NA,NA,NA,NA,NA,NA,NA,NA,NA,NA,NA,NA,NA,NA
BFA,17,Barani,1,2010,DHS 2010,0.87607321062875,0.88265425,0.04425099231215639,0.773485546,0.9432101655,0.7941110055,0.9365232655,0.16972461950000006,0.050510610044105606,High,Very high (≥50%),87.6%,[77.3%–94.3%],5%,0.99575,0.28031610305775223,-0.657120781,1.2253528099999995,NA,NA,NA,NA,NA,NA,NA,NA,NA,NA,NA,NA,NA,NA
BFA,18,Bomborokuy,1,2010,DHS 2010,0.7457257971375,0.77344339,0.1459017591608637,0.39311186550000005,0.94649568475,0.465458522,0.9312643275,0.55338381925,0.19565067980873638,Medium,Very high (≥50%),74.6%,[39.3%–94.6%],20%,0.645625,-0.043602702311028,-1.380038775,1.2987305699999994,NA,NA,NA,NA,NA,NA,NA,NA,NA,NA,NA,NA,NA,NA
BFA,19,Bourasso,1,2010,DHS 2010,0.7737388179725,0.80193051,0.1358034511629145,0.43702098550000007,0.9553777515,0.507183952,0.9416568704999999,0.5183567659999999,0.17551588211481098,Medium,Very high (≥50%),77.4%,[43.7%–95.5%],18%,0.72025,-0.07144612030705012,-1.3658970125,1.2321394525000002,NA,NA,NA,NA,NA,NA,NA,NA,NA,NA,NA,NA,NA,NA
BFA,20,Djibasso,1,2010,DHS 2010,0.8011016439275,0.811123865,0.07206369424988056,0.63865814575,0.9115038527499999,0.66712916,0.9002172054999998,0.2728457069999999,0.08995574381370555,High,Very high (≥50%),80.1%,[63.9%–91.2%],9%,0.874375,0.2869525826430476,-0.7161482507499999,1.2920911075,NA,NA,NA,NA,NA,NA,NA,NA,NA,NA,NA,NA,NA,NA
BFA,21,Dokuy,1,2010,DHS 2010,0.70389236816,0.72854152,0.154331721920952,0.35358479825000005,0.92902843825,0.410935862,0.9109907355,0.57544364,0.2192547169169921,Medium,Very high (≥50%),70.4%,[35.4%–92.9%],22%,0.537125,-0.592999580520995,-1.4223036599999999,0.23467732524999968,NA,NA,NA,NA,NA,NA,NA,NA,NA,NA,NA,NA,NA,NA
BFA,22,Doumbala,1,2010,DHS 2010,0.92643084552375,0.92682168,0.006741695241914947,0.9124353470000001,0.93887097625,0.9148514665,0.9370693605,0.02643562924999998,0.007277062583234246,High,Very high (≥50%),92.6%,[91.2%–93.9%],1%,1,0.24873705390102963,-0.07458268039999995,0.564706172,NA,NA,NA,NA,NA,NA,NA,NA,NA,NA,NA,NA,NA,NA
BFA,23,Kombori,1,2010,DHS 2010,0.71026355175125,0.740975745,0.1645001200105823,0.32274054125,0.94275525549999994,0.3928288855,0.9246688349999997,0.6200147142499999,0.2316043384247794,Medium,Very high (≥50%),71.0%,[32.3%–94.3%],23%,0.5635,-0.006280456398808249,-1.460439225,1.43625717,NA,NA,NA,NA,NA,NA,NA,NA,NA,NA,NA,NA,NA,NA
BFA,24,Madouba,1,2010,DHS 2010,0.702123261515875,0.73459887,0.1763720413816681,0.2943076765,0.9503688287500001,0.36366334850000004,0.9326031444999999,0.6560611522500001,0.251198117266309,Medium,Very high (≥50%),70.2%,[29.4%–95.0%],25%,0.54375,0.009039778731568037,-1.6206877225,1.674671494999998,NA,NA,NA,NA,NA,NA,NA,NA,NA,NA,NA,NA,NA,NA
BFA,25,Nouna,1,2010,DHS 2010,0.5827885953075,0.5844135100000001,0.05335439975882898,0.477070462,0.683277858,0.4933649245,0.667863022,0.206207396,0.09155017820943681,High,Very high (≥50%),58.3%,[47.7%–68.3%],9%,0.01025,-0.7094695876406125,-1.22896184,-0.1785426980000001,NA,NA,NA,NA,NA,NA,NA,NA,NA,NA,NA,NA,NA,NA
BFA,26,Sono,1,2010,DHS 2010,0.78627871223125,0.816211765,0.13245766678039403,0.455308781,0.95941831675,0.5269679580000001,0.9474286675,0.5041095357500001,0.16846146884037388,Medium,Very high (≥50%),78.6%,[45.5%–95.9%],17%,0.75275,-0.03499925595530625,-1.3289242775,1.2758434224999997,NA,NA,NA,NA,NA,NA,NA,NA,NA,NA,NA,NA,NA,NA
BFA,27,Bondokuy,1,2010,DHS 2010,0.63701101358375,0.63727517,0.023097233916282354,0.5906411715,0.68147887875,0.598275939,0.6747766544999999,0.09083770725000007,0.03625876699735535,High,Very high (≥50%),63.7%,[59.1%–68.1%],4%,0.00925,-0.6950090566558632,-1.3650946400000001,-0.0411141924500003,NA,NA,NA,NA,NA,NA,NA,NA,NA,NA,NA,NA,NA,NA
BFA,28,Dedougou,1,2010,DHS 2010,0.64367147019,0.651466455,0.11337859552238833,0.40172632025,0.83764950975,0.4442557085,0.8147489484999999,0.4359231895,0.17614357754417956,Medium,Very high (≥50%),64.4%,[40.2%–83.8%],18%,0.29575,-0.11336271663334863,-0.68238112625,0.4527874729999998,NA,NA,NA,NA,NA,NA,NA,NA,NA,NA,NA,NA,NA,NA
BFA,29,Douroula,1,2010,DHS 2010,0.7640466047025,0.789219835,0.13366272257880926,0.44002705650000007,0.947192925,0.5015293089999999,0.9339920784999999,0.5071658684999999,0.17494053603033036,Medium,Very high (≥50%),76.4%,[44.0%–94.7%],17%,0.70075,0.11110120997899688,-0.68208938025,0.9140214357499998,NA,NA,NA,NA,NA,NA,NA,NA,NA,NA,NA,NA,NA,NA
BFA,30,Kona,1,2010,DHS 2010,0.72938255958,0.75629789,0.1487731065763373,0.38419902475,0.940613138,0.4450217565,0.9243114644999999,0.55641411325,0.20397129684867327,Medium,Very high (≥50%),72.9%,[38.4%–94.1%],20%,0.6035,-0.06993547842988625,-1.3262345325,1.1851418424999995,NA,NA,NA,NA,NA,NA,NA,NA,NA,NA,NA,NA,NA,NA
BFA,31,Ouarkoye,1,2010,DHS 2010,0.60273552219875,0.6028876249999999,0.024118756087053078,0.5543995875,0.6490398829999999,0.562358375,0.6421467240000001,0.09464029549999997,0.04001548805198841,High,Very high (≥50%),60.3%,[55.4%–64.9%],4%,3.75e-4,-0.599164088284875,-0.87903123225,-0.3320948182500001,NA,NA,NA,NA,NA,NA,NA,NA,NA,NA,NA,NA,NA,NA
BFA,32,Safane,1,2010,DHS 2010,0.905863093225,0.91494091,0.04571062456716877,0.7924423665,0.9681594085,0.8188445255000001,0.962488718,0.17571704200000005,0.050460853200711066,High,Very high (≥50%),90.6%,[79.2%–96.8%],5%,0.997375,0.7956645500925452,-0.20125557099999994,1.8385771074999997,NA,NA,NA,NA,NA,NA,NA,NA,NA,NA,NA,NA,NA,NA
BFA,33,Tchériba,1,2010,DHS 2010,0.85575129982625,0.85616136,0.0124070543701137,0.8297084955,0.8787269755,0.834173922,0.8753585694999999,0.049018479999999975,0.01449843473522366,High,Very high (≥50%),85.6%,[83.0%–87.9%],1%,1,0.4681775502687546,-0.3442154225,1.2960731074999998,NA,NA,NA,NA,NA,NA,NA,NA,NA,NA,NA,NA,NA,NA
BFA,34,Gassan,1,2010,DHS 2010,0.92125502832,0.921578475,0.007168800316888406,0.9063050007500001,0.93459918625,0.9090991709999999,0.9324945785,0.028294185499999958,0.007781558956548031,High,Very high (≥50%),92.1%,[90.6%–93.5%],1%,1,0.19008866437811675,-0.040085213375,0.42447709999999994,NA,NA,NA,NA,NA,NA,NA,NA,NA,NA,NA,NA,NA,NA
BFA,35,Gossina,1,2010,DHS 2010,0.8559444838675,0.856256985,0.012430770833554778,0.83081024,0.87926290075,0.8350696639999999,0.8756351045,0.04845266074999999,0.01452287042891798,High,Very high (≥50%),85.6%,[83.1%–87.9%],1%,1,0.49970372566410126,-0.299298134,1.3073374374999995,NA,NA,NA,NA,NA,NA,NA,NA,NA,NA,NA,NA,NA,NA
BFA,36,Kougny,1,2010,DHS 2010,0.72896026927425,0.756887235,0.1504644385966002,0.37924255125,0.94144468625,0.441374938,0.924637541,0.5622021349999999,0.20640965624423127,Medium,Very high (≥50%),72.9%,[37.9%–94.1%],21%,0.604625,0.110257500965785,-1.1707588549999999,1.4088708275,NA,NA,NA,NA,NA,NA,NA,NA,NA,NA,NA,NA,NA,NA
BFA,37,Toma,1,2010,DHS 2010,0.7736122836475,0.7778169349999999,0.051471645731290344,0.6607019295000001,0.86154767275,0.6826497819999999,0.8502535630000001,0.20084574324999993,0.06653416293832226,High,Very high (≥50%),77.4%,[66.1%–86.2%],7%,0.869,0.28408661062766377,-0.59057635775,1.1529356024999997,NA,NA,NA,NA,NA,NA,NA,NA,NA,NA,NA,NA,NA,NA
BFA,38,Yaba,1,2010,DHS 2010,0.83202795036375,0.83249975,0.013782741329682206,0.8041718135,0.8581594994999999,0.80859125,0.853841587,0.053987685999999924,0.016565238371687635,High,Very high (≥50%),83.2%,[80.4%–85.8%],2%,0.999875,0.36830158593405127,-0.4433242475,1.1778224474999994,NA,NA,NA,NA,NA,NA,NA,NA,NA,NA,NA,NA,NA,NA
BFA,39,Ye,1,2010,DHS 2010,0.7209073694725,0.742973415,0.14590478787364383,0.378428635,0.9326716772500001,0.4436363245,0.916644893,0.5542430422500001,0.20239047907140248,Medium,Very high (≥50%),72.1%,[37.8%–93.3%],20%,0.5765,-0.30438094822212824,-1.093307045,0.49636905674999987,NA,NA,NA,NA,NA,NA,NA,NA,NA,NA,NA,NA,NA,NA
BFA,40,Di,1,2010,DHS 2010,0.5034082032275,0.503666555,0.024805447671343187,0.4545052305,0.55163429175,0.46274186650000004,0.5432815834999999,0.09712906124999998,0.049275016800099936,High,Very high (≥50%),50.3%,[45.5%–55.2%],5%,0,-0.5264420548307575,-1.36066446,0.316464397999999,NA,NA,NA,NA,NA,NA,NA,NA,NA,NA,NA,NA,NA,NA
BFA,41,Gomboro,1,2010,DHS 2010,0.76865588000725,0.795545425,0.13786759044378616,0.43056413250000003,0.9539454482499999,0.49800747800000006,0.9413818745,0.5233813157499999,0.17936191477841265,Medium,Very high (≥50%),76.9%,[43.1%–95.4%],18%,0.70825,0.03081719734048275,-1.2914122525,1.3512402824999994,NA,NA,NA,NA,NA,NA,NA,NA,NA,NA,NA,NA,NA,NA
BFA,42,Kassoum,1,2010,DHS 2010,0.83244431354375,0.8328524100000001,0.013806089330334984,0.80436141875,0.8586079127499999,0.8088959984999999,0.854439324,0.05424649399999992,0.016585000468754347,High,Very high (≥50%),83.2%,[80.4%–85.9%],2%,1,0.18419125124852237,-0.62073212875,0.9964512842499994,NA,NA,NA,NA,NA,NA,NA,NA,NA,NA,NA,NA,NA,NA
BFA,43,Kiembara,1,2010,DHS 2010,0.72012923402375,0.74542122,0.1497410452795837,0.37134607324999996,0.93593187875,0.429048454,0.9176465095,0.5645858054999999,0.20793635115033426,Medium,Very high (≥50%),72.0%,[37.1%–93.6%],21%,0.585125,0.031167440873431252,-1.22115272,1.287304915,NA,NA,NA,NA,NA,NA,NA,NA,NA,NA,NA,NA,NA,NA
BFA,44,Lanfièra,1,2010,DHS 2010,0.72489322230125,0.75215869,0.15158792621781927,0.36666112,0.94015240225,0.4290014665000001,0.9231602164999999,0.57349128225,0.20911759353548295,Medium,Very high (≥50%),72.5%,[36.7%–94.0%],21%,0.595625,-0.013190025031806999,-1.306700845,1.3204281299999991,NA,NA,NA,NA,NA,NA,NA,NA,NA,NA,NA,NA,NA,NA
BFA,45,Lankouè,1,2010,DHS 2010,0.585454166105,0.585892005,0.024446530074536225,0.5363024075,0.6321623455000001,0.5450225584999999,0.6247883194999999,0.09585993800000003,0.04175652252537185,High,Very high (≥50%),58.5%,[53.6%–63.2%],4%,2.5e-4,-0.32925854560489215,-1.1472936649999999,0.5106893094999999,NA,NA,NA,NA,NA,NA,NA,NA,NA,NA,NA,NA,NA,NA
BFA,46,Toeni,1,2010,DHS 2010,0.9271612970525,0.927446655,0.006672881249599638,0.9134382805000001,0.9397972235000001,0.9157583779999999,0.937856496,0.026358942999999968,0.007197109360381109,High,Very high (≥50%),92.7%,[91.3%–94.0%],1%,1,0.60902882647627,-0.20631271625,1.4310551199999995,NA,NA,NA,NA,NA,NA,NA,NA,NA,NA,NA,NA,NA,NA
BFA,47,Tougan,1,2010,DHS 2010,0.587901833335,0.590289485,0.07713521514278687,0.431767412,0.73407844225,0.45789102150000005,0.7124646029999998,0.30231103024999995,0.13120424324112193,High,Very high (≥50%),58.8%,[43.2%–73.4%],13%,0.058875,-0.6633054142841375,-1.04826829,-0.26588109275000005,NA,NA,NA,NA,NA,NA,NA,NA,NA,NA,NA,NA,NA,NA
BFA,48,Banfora,1,2010,DHS 2010,0.44958909512,0.44805962499999996,0.06377900494074656,0.32692633175,0.5782800444999999,0.3466889905,0.5566348945,0.2513537127499999,0.14186065817215449,High,High (20-50%),45.0%,[32.7%–57.8%],14%,0,-1.0976373580413625,-1.7983045225,-0.43258952475,NA,NA,NA,NA,NA,NA,NA,NA,NA,NA,NA,NA,NA,NA
BFA,49,Beregadougou,1,2010,DHS 2010,0.59441288548525,0.6092196400000001,0.17582825500363097,0.23461356225,0.8834713495000001,0.28598641750000003,0.856494476,0.6488577872500001,0.2958015535953486,Medium,Very high (≥50%),59.4%,[23.5%–88.3%],30%,0.2905,-0.5101615605915134,-1.930515375,0.8449443657499995,NA,NA,NA,NA,NA,NA,NA,NA,NA,NA,NA,NA,NA,NA
BFA,50,Mangodara,1,2010,DHS 2010,0.81855511639125,0.8229365049999999,0.045446342961422484,0.7172098792499999,0.8953636795000001,0.738205215,0.8857533665,0.17815380025000016,0.05552019900844429,High,Very high (≥50%),81.9%,[71.7%–89.5%],6%,0.974625,-0.13571881315631,-1.1293907174999998,0.8351379367499999,NA,NA,NA,NA,NA,NA,NA,NA,NA,NA,NA,NA,NA,NA
BFA,51,Moussodougou,1,2010,DHS 2010,0.524558192239625,0.5292106750000001,0.1876722843636862,0.1693372065,0.8612380552500001,0.2133544465,0.8243681545,0.69190084875,0.3577720968619532,Low,Very high (≥50%),52.5%,[16.9%–86.1%],36%,0.176375,-0.5827985689387725,-1.960009425,0.7828366237499996,NA,NA,NA,NA,NA,NA,NA,NA,NA,NA,NA,NA,NA,NA
BFA,52,Niangoloko,1,2010,DHS 2010,0.60696399370625,0.6133636,0.12463501191793314,0.3473516795,0.8269658849999999,0.389908042,0.7998693694999998,0.4796142054999999,0.20534168947466802,Medium,Very high (≥50%),60.7%,[34.7%–82.7%],21%,0.215625,-0.7747913908856646,-1.9223676525000002,0.3198650737499987,NA,NA,NA,NA,NA,NA,NA,NA,NA,NA,NA,NA,NA,NA
BFA,53,Ouo,1,2010,DHS 2010,0.88769255299625,0.887927825,0.009863732024573389,0.86746507575,0.9059003535,0.870867681,0.9033925135,0.038435277749999996,0.01111165345623335,High,Very high (≥50%),88.8%,[86.7%–90.6%],1%,1,0.2358963214219385,-0.6606260655,1.1333628499999988,NA,NA,NA,NA,NA,NA,NA,NA,NA,NA,NA,NA,NA,NA
BFA,54,Sidéradougou,1,2010,DHS 2010,0.64526632037375,0.6511158850000001,0.09170632427361122,0.45684423,0.8061234235000001,0.4850102399999999,0.7855272425,0.3492791935000001,0.14212166570307475,High,Very high (≥50%),64.5%,[45.7%–80.6%],14%,0.25025,-0.8570409616702375,-1.5599278774999998,-0.17563760650000038,NA,NA,NA,NA,NA,NA,NA,NA,NA,NA,NA,NA,NA,NA
BFA,55,Soubakaniédougou,1,2010,DHS 2010,0.62547954033775,0.64252403,0.1695411162453352,0.26270338325,0.89840512025,0.318556254,0.874436793,0.635701737,0.2710578129442658,Medium,Very high (≥50%),62.5%,[26.3%–89.8%],27%,0.34625,-0.36616908904230927,-1.312619255,0.5773736824999997,NA,NA,NA,NA,NA,NA,NA,NA,NA,NA,NA,NA,NA,NA
BFA,56,Tiéfora,1,2010,DHS 2010,0.65779085150125,0.67922856,0.1642098936664762,0.2945405785000001,0.9120519972499999,0.35570965,0.891007444,0.6175114187499997,0.24963845771297435,Medium,Very high (≥50%),65.8%,[29.5%–91.2%],25%,0.423125,-0.36902943621136874,-1.4661337675,0.7302911139999995,NA,NA,NA,NA,NA,NA,NA,NA,NA,NA,NA,NA,NA,NA
BFA,57,Dakoro,1,2010,DHS 2010,0.59562472122325,0.611125055,0.1752003248538392,0.236838028,0.8908102287499998,0.284549758,0.8632828624999997,0.6539722007499998,0.29414548894818493,Medium,Very high (≥50%),59.6%,[23.7%–89.1%],29%,0.28275,-1.09778280065017,-2.057889125,-0.11144426950000015,NA,NA,NA,NA,NA,NA,NA,NA,NA,NA,NA,NA,NA,NA
BFA,58,Douna,1,2010,DHS 2010,0.66474075443375,0.66512731,0.022226810992561383,0.62117779675,0.7075144305000001,0.627914053,0.7005030115,0.08633663375000011,0.03343681103394206,High,Very high (≥50%),66.5%,[62.1%–70.8%],3%,0.0595,-0.4403032301158175,-1.4605128375,0.5204623474999995,NA,NA,NA,NA,NA,NA,NA,NA,NA,NA,NA,NA,NA,NA
BFA,59,Kankalaba,1,2010,DHS 2010,0.46331410208125,0.463008945,0.024464430552468334,0.41569886375,0.5131364725,0.423179397,0.50417380999999994,0.09743760875000007,0.05280312091208068,High,High (20-50%),46.3%,[41.6%–51.3%],5%,0,-0.8881322265184988,-1.9329803025,0.13713662824999998,NA,NA,NA,NA,NA,NA,NA,NA,NA,NA,NA,NA,NA,NA
BFA,60,Loumana,1,2010,DHS 2010,0.5451468285415,0.5514663049999999,0.18115022801319272,0.19426633599999998,0.8679455569999999,0.2374959465,0.8326084549999999,0.6736792209999999,0.3322962154945426,Low,Very high (≥50%),54.5%,[19.4%–86.8%],33%,0.203125,-1.055873297155845,-2.053731585,-0.07105306650000047,NA,NA,NA,NA,NA,NA,NA,NA,NA,NA,NA,NA,NA,NA
BFA,61,Niankorodougou,1,2010,DHS 2010,0.53890604643125,0.5395076999999999,0.12254012300853762,0.2908008475,0.7667976229999999,0.329927813,0.7359374495,0.47599677549999986,0.227386802987319,Medium,Very high (≥50%),53.9%,[29.1%–76.7%],23%,0.081,-0.671114402759695,-1.4141407049999999,0.04073949947499989,NA,NA,NA,NA,NA,NA,NA,NA,NA,NA,NA,NA,NA,NA
BFA,62,Oueleni,1,2010,DHS 2010,0.8304562573325,0.83070029,0.013990703072763696,0.8019449517499999,0.85623736175,0.806816953,0.8525338075,0.05429241000000007,0.016847007833625204,High,Very high (≥50%),83.0%,[80.2%–85.6%],2%,1,0.136133234713953,-0.9387903679999999,1.1136299249999997,NA,NA,NA,NA,NA,NA,NA,NA,NA,NA,NA,NA,NA,NA
BFA,63,Sindou,1,2010,DHS 2010,0.2543942112625,0.2539463,0.018890374897136044,0.21839144475,0.292784105,0.2240745045,0.28669681899999994,0.07439266025000002,0.07425630796938128,High,High (20-50%),25.4%,[21.8%–29.3%],7%,0,-1.4456852940554688,-2.403606095,-0.4682467260000003,NA,NA,NA,NA,NA,NA,NA,NA,NA,NA,NA,NA,NA,NA
BFA,64,Wolonkoto,1,2010,DHS 2010,0.61608943037875,0.61622546,0.023401180375024946,0.5697350597499999,0.6608347594999999,0.5770169715,0.6540501765,0.09109969974999998,0.03798341477898546,High,Very high (≥50%),61.6%,[57.0%–66.1%],4%,0.00175,-0.7852671918957909,-1.7853193800000002,0.18605119649999977,NA,NA,NA,NA,NA,NA,NA,NA,NA,NA,NA,NA,NA,NA
BFA,65,Komki-Ipala,1,2010,DHS 2010,0.43250731267,0.43212022,0.024252477872331032,0.3860312965,0.4796042722499999,0.3930823445,0.47293460449999997,0.0935729757499999,0.056074145249968295,High,High (20-50%),43.3%,[38.6%–48.0%],6%,0,-0.36363785160260725,-1.220781995,0.4831323537499997,NA,NA,NA,NA,NA,NA,NA,NA,NA,NA,NA,NA,NA,NA
BFA,66,Komsilga,1,2010,DHS 2010,0.55865492623375,0.5610237250000001,0.11388824969212905,0.332240643,0.7699246022499999,0.3686906765,0.7433386729999999,0.4376839592499999,0.20386153302168575,Medium,Very high (≥50%),55.9%,[33.2%–77.0%],20%,0.095125,0.7664707918339737,0.061901903325000014,1.4721309225,NA,NA,NA,NA,NA,NA,NA,NA,NA,NA,NA,NA,NA,NA
BFA,67,Koubri,1,2010,DHS 2010,0.60357305677,0.610003765,0.12890836665595007,0.336580557,0.8309380622499999,0.3784579755,0.8039544319999999,0.4943575052499999,0.2135754159501398,Medium,Very high (≥50%),60.4%,[33.7%–83.1%],21%,0.215,-0.4427919022151737,-1.2525349575,0.3607622824999997,NA,NA,NA,NA,NA,NA,NA,NA,NA,NA,NA,NA,NA,NA
BFA,68,Ouagadougou,1,2010,DHS 2010,0.184989662405625,0.18159985,0.04213217577860782,0.11167187,0.27617007825,0.1212930165,0.2605657445,0.16449820825,0.22775421734769705,Medium,Moderate (5-20%),18.5%,[11.2%–27.6%],23%,0,0.6035790919780663,-0.63574838975,1.7876129174999995,NA,NA,NA,NA,NA,NA,NA,NA,NA,NA,NA,NA,NA,NA
BFA,69,Pabre,1,2010,DHS 2010,0.813180564535,0.81349615,0.014757616175989616,0.7822512465,0.840913874,0.7880670895,0.836763483,0.05866262749999995,0.018148018803706218,High,Very high (≥50%),81.3%,[78.2%–84.1%],2%,0.999875,0.6333272036286988,-0.18683454449999998,1.4744884025,NA,NA,NA,NA,NA,NA,NA,NA,NA,NA,NA,NA,NA,NA
BFA,70,Saaba,1,2010,DHS 2010,0.58143568357375,0.58123938,0.024717198327114002,0.5329387295000001,0.6292358227499999,0.5408794205,0.62245621,0.0962970932499998,0.04251063191579786,High,Very high (≥50%),58.1%,[53.3%–62.9%],4%,0,0.176951062998325,-0.55991636575,0.9212329979999995,NA,NA,NA,NA,NA,NA,NA,NA,NA,NA,NA,NA,NA,NA
BFA,71,Tanghin-Dassouri,1,2010,DHS 2010,0.608877350755,0.615301895,0.11378173812249912,0.37324405499999996,0.8087440905,0.410766689,0.7839924339999998,0.4355000355,0.18687135920134199,Medium,Very high (≥50%),60.9%,[37.3%–80.9%],19%,0.194,0.73496704252636,0.10966394575000002,1.3802620425,NA,NA,NA,NA,NA,NA,NA,NA,NA,NA,NA,NA,NA,NA
BFA,72,Bagre,1,2010,DHS 2010,0.72150530198375,0.72174307,0.019931042594173633,0.68127472525,0.7597093237499999,0.6877021305,0.7538550345,0.0784345984999999,0.027624249661608903,High,Very high (≥50%),72.2%,[68.1%–76.0%],3%,0.61975,-0.36533477634011,-0.6457552430000001,-0.07317456220000017,NA,NA,NA,NA,NA,NA,NA,NA,NA,NA,NA,NA,NA,NA
BFA,73,Bane,1,2010,DHS 2010,0.64390076865125,0.64444282,0.023126832825811034,0.597545019,0.68781461025,0.6048886535,0.6813214255000001,0.09026959125,0.035916765364721916,High,Very high (≥50%),64.4%,[59.8%–68.8%],4%,0.015875,-0.29816056260857965,-1.1215295775,0.52850026675,NA,NA,NA,NA,NA,NA,NA,NA,NA,NA,NA,NA,NA,NA
BFA,74,Beguedo,1,2010,DHS 2010,0.7112349511475,0.71187556,0.020300865083234334,0.6700411377500001,0.74924510275,0.676849716,0.7432927479999999,0.07920396499999993,0.028543120737361264,High,Very high (≥50%),71.1%,[67.0%–74.9%],3%,0.48675,0.6072492649929763,-0.29767852749999996,1.51525754,NA,NA,NA,NA,NA,NA,NA,NA,NA,NA,NA,NA,NA,NA
BFA,75,Bissiga,1,2010,DHS 2010,0.68068948602375,0.704608175,0.16116396614710046,0.32383207125,0.9238677274999999,0.3824628195,0.9026716374999999,0.6000356562499999,0.23676576391467472,Medium,Very high (≥50%),68.1%,[32.4%–92.4%],24%,0.47825,-0.007606080906825875,-1.2748852824999999,1.260777275,NA,NA,NA,NA,NA,NA,NA,NA,NA,NA,NA,NA,NA,NA
BFA,76,Bittou,1,2010,DHS 2010,0.74846035960375,0.76062953,0.09646852812206387,0.52935781275,0.89748114675,0.566759753,0.8825900649999999,0.36812333399999997,0.12888929504982236,High,Very high (≥50%),74.8%,[52.9%–89.7%],13%,0.682,0.0523880396389862,-0.778617069,0.8943490649999998,NA,NA,NA,NA,NA,NA,NA,NA,NA,NA,NA,NA,NA,NA
BFA,77,Boussouma,1,2010,DHS 2010,0.33808472901375,0.337727025,0.02221193229258103,0.29539987500000003,0.3823142,0.3022288845,0.37516585049999995,0.08691432499999996,0.06569930667196053,High,High (20-50%),33.8%,[29.5%–38.2%],7%,0,-1.03214250427625,-1.4546180100000001,-0.6008891127500001,NA,NA,NA,NA,NA,NA,NA,NA,NA,NA,NA,NA,NA,NA
BFA,78,Garango,1,2010,DHS 2010,0.46898700401125,0.46894341500000003,0.05923990377252905,0.35554681075000005,0.5860745059999999,0.3716830275,0.5673100865,0.23052769524999983,0.12631459564092315,High,High (20-50%),46.9%,[35.6%–58.6%],13%,0,-0.03689059628598663,-0.530836318,0.46823522624999986,NA,NA,NA,NA,NA,NA,NA,NA,NA,NA,NA,NA,NA,NA
BFA,79,Komtoega,1,2010,DHS 2010,0.66639116573125,0.6668608,0.022522388504139887,0.6216241339999999,0.70943777875,0.6296973395,0.7028355675,0.08781364475000009,0.03379754964102117,High,Very high (≥50%),66.6%,[62.2%–70.9%],3%,0.06975,0.031448454574865,-0.7992267014999999,0.8532512014999996,NA,NA,NA,NA,NA,NA,NA,NA,NA,NA,NA,NA,NA,NA
BFA,80,Niaogho,1,2010,DHS 2010,0.8553770742275,0.8558204,0.012484792167608729,0.82940229875,0.87855592425,0.8337971495000001,0.875129511,0.04915362549999991,0.014595659088576667,High,Very high (≥50%),85.5%,[82.9%–87.9%],1%,1,1.31256281786375,1.009954265,1.6310137149999997,NA,NA,NA,NA,NA,NA,NA,NA,NA,NA,NA,NA,NA,NA
BFA,81,Tenkodogo,1,2010,DHS 2010,0.66060730933,0.664715865,0.08249699835834455,0.4881952905,0.8069287304999999,0.5191784425,0.7867422739999999,0.3187334399999999,0.12488054127347534,High,Very high (≥50%),66.1%,[48.8%–80.7%],12%,0.28675,-0.48263779772056,-1.10108804,0.1340467842499996,NA,NA,NA,NA,NA,NA,NA,NA,NA,NA,NA,NA,NA,NA
BFA,82,Zabré,1,2010,DHS 2010,0.6840503826875,0.6918696049999999,0.09009172590672951,0.49089987125000006,0.84208905475,0.5244558465,0.8202478914999999,0.3511891834999999,0.13170334844748827,High,Very high (≥50%),68.4%,[49.1%–84.2%],13%,0.41,0.023766226192929736,-0.6843794377499999,0.7208919709999998,NA,NA,NA,NA,NA,NA,NA,NA,NA,NA,NA,NA,NA,NA
BFA,83,Zoaga,1,2010,DHS 2010,0.7401681171,0.77128056,0.15452077226539135,0.371956465,0.9510488957500001,0.43739766599999996,0.9366283765,0.57909243075,0.20876442621009966,Medium,Very high (≥50%),74.0%,[37.2%–95.1%],21%,0.636,-0.031277623760805624,-1.4444466125000002,1.3745319099999993,NA,NA,NA,NA,NA,NA,NA,NA,NA,NA,NA,NA,NA,NA
BFA,84,Zonsé,1,2010,DHS 2010,0.58668555072375,0.58865852,0.07635983619525706,0.43235605299999996,0.726709757,0.4592815095,0.7077115224999999,0.294353704,0.13015462218399218,High,Very high (≥50%),58.7%,[43.2%–72.7%],13%,0.0485,-0.126708440392295,-0.6701979130000001,0.4290424617499998,NA,NA,NA,NA,NA,NA,NA,NA,NA,NA,NA,NA,NA,NA
BFA,85,Comin-Yanga,1,2010,DHS 2010,0.75254377828625,0.782024385,0.1444999471224987,0.40595411475000004,0.94825681775,0.46814352350000005,0.935851942,0.542302703,0.19201533690380776,Medium,Very high (≥50%),75.3%,[40.6%–94.8%],19%,0.666125,0.009578314259385,-1.2630665725,1.2793305624999993,NA,NA,NA,NA,NA,NA,NA,NA,NA,NA,NA,NA,NA,NA
BFA,86,Dourtenga,1,2010,DHS 2010,0.85501468217625,0.855513865,0.012319946847129885,0.83002634125,0.87796777275,0.834084085,0.874574777,0.047941431500000076,0.014409047123930313,High,Very high (≥50%),85.5%,[83.0%–87.8%],1%,1,0.5674680947682025,-0.29105653425,1.4362479424999994,NA,NA,NA,NA,NA,NA,NA,NA,NA,NA,NA,NA,NA,NA
BFA,87,Lalgaye,1,2010,DHS 2010,0.7967194855125,0.8274782350000001,0.12879349817774224,0.47715139400000006,0.96159614025,0.5438562840000001,0.950587262,0.4844447462499999,0.16165476120480995,Medium,Very high (≥50%),79.7%,[47.7%–96.2%],16%,0.773375,0.003283338088056625,-1.2871487775000001,1.2884516724999997,NA,NA,NA,NA,NA,NA,NA,NA,NA,NA,NA,NA,NA,NA
BFA,88,Ouargaye,1,2010,DHS 2010,0.81653960478375,0.816903185,0.014655845322796877,0.78658920125,0.844377269,0.791439725,0.8401586285,0.057788067750000005,0.017948725618371308,High,Very high (≥50%),81.7%,[78.7%–84.4%],2%,1,0.35666774476437874,-0.47715010674999997,1.207341375,NA,NA,NA,NA,NA,NA,NA,NA,NA,NA,NA,NA,NA,NA
BFA,89,Sangha,1,2010,DHS 2010,0.66622248151625,0.666061025,0.02206109672465518,0.6229010877500001,0.70942527425,0.6298694505,0.702509424,0.08652418649999993,0.03311370801304471,High,Very high (≥50%),66.6%,[62.3%–70.9%],3%,0.06675,0.20540843201231,-0.2961807335,0.7107319292499998,NA,NA,NA,NA,NA,NA,NA,NA,NA,NA,NA,NA,NA,NA
BFA,90,Soudougui,1,2010,DHS 2010,0.81589414401,0.820019315,0.0428975243401286,0.7226641109999999,0.8876643555,0.7397791819999999,0.878667377,0.16500024450000006,0.052577316132327606,High,Very high (≥50%),81.6%,[72.3%–88.8%],5%,0.977125,0.02107306951173675,-0.8694308974999999,0.9073599017499998,NA,NA,NA,NA,NA,NA,NA,NA,NA,NA,NA,NA,NA,NA
BFA,91,Yargatenga,1,2010,DHS 2010,0.69275194077375,0.72075873,0.16344245342836192,0.3222464275,0.93176900075,0.38492298550000004,0.9132728439999999,0.60952257325,0.23593214801507364,Medium,Very high (≥50%),69.3%,[32.2%–93.2%],24%,0.519375,0.0377967778858025,-1.2985373125000002,1.3515867074999985,NA,NA,NA,NA,NA,NA,NA,NA,NA,NA,NA,NA,NA,NA
BFA,92,Yondé,1,2010,DHS 2010,0.664666195573625,0.6887869900000001,0.16711110632581463,0.292705659,0.92052270975,0.35387412599999996,0.8994157404999997,0.6278170507499999,0.2514211004541809,Medium,Very high (≥50%),66.5%,[29.3%–92.1%],25%,0.44725,0.02829572993407,-1.240816355,1.3229267799999997,NA,NA,NA,NA,NA,NA,NA,NA,NA,NA,NA,NA,NA,NA
BFA,93,Andemtenga,1,2010,DHS 2010,0.91458758200125,0.914975275,0.007797913205317963,0.8985190464999999,0.928880785,0.901310831,0.9266999699999999,0.030361738500000124,0.008526152507182527,High,Very high (≥50%),91.5%,[89.9%–92.9%],1%,1,1.0113683126725,0.63699873575,1.3861444774999996,NA,NA,NA,NA,NA,NA,NA,NA,NA,NA,NA,NA,NA,NA
BFA,94,Baskouré,1,2010,DHS 2010,0.628758414857875,0.64913513,0.1749589780683235,0.2527632235,0.90847433325,0.31181211700000006,0.8817360535,0.65571110975,0.2782610521528708,Medium,Very high (≥50%),62.9%,[25.3%–90.8%],28%,0.365875,0.059588371853291376,-1.2348534725,1.3712168674999998,NA,NA,NA,NA,NA,NA,NA,NA,NA,NA,NA,NA,NA,NA
BFA,95,Dialgaye,1,2010,DHS 2010,0.67146074005625,0.678884445,0.09384962845423128,0.468858632,0.834422395,0.5044372085,0.81339667,0.36556376300000004,0.13976934592835502,High,Very high (≥50%),67.1%,[46.9%–83.4%],14%,0.359375,0.085301365157285,-0.8644402594999999,1.0447953124999998,NA,NA,NA,NA,NA,NA,NA,NA,NA,NA,NA,NA,NA,NA
BFA,96,Gounghin,1,2010,DHS 2010,0.65104844066875,0.6719704049999999,0.16667184142253863,0.28589334400000005,0.9125982955,0.3454177115,0.889012851,0.6267049515,0.2560052847240293,Medium,Very high (≥50%),65.1%,[28.6%–91.3%],26%,0.410125,0.05110721141989025,-1.1688461350000001,1.2818182249999999,NA,NA,NA,NA,NA,NA,NA,NA,NA,NA,NA,NA,NA,NA
BFA,97,Kando,1,2010,DHS 2010,0.90693620736375,0.9071618749999999,0.008533980895481215,0.8893413685,0.92254370025,0.8923774210000001,0.9203337269999999,0.03320233174999998,0.009409681547820754,High,Very high (≥50%),90.7%,[88.9%–92.3%],1%,1,1.0174535525689703,0.18937452050000003,1.8633796224999999,NA,NA,NA,NA,NA,NA,NA,NA,NA,NA,NA,NA,NA,NA
BFA,98,Koupéla,1,2010,DHS 2010,0.362820483913875,0.35096524500000004,0.13954641497023104,0.1299597275,0.6566497139999999,0.15588938050000004,0.6116428104999999,0.5266899864999999,0.3846155913384319,Low,High (20-50%),36.3%,[13.0%–65.7%],38%,0.010375,-1.01957744124605,-1.8845917175,-0.14182948800000003,NA,NA,NA,NA,NA,NA,NA,NA,NA,NA,NA,NA,NA,NA
BFA,99,Pouytenga,1,2010,DHS 2010,0.43185164777625,0.42973755,0.0807671172640308,0.27803566375,0.5960212512499999,0.30275196149999994,0.569870407,0.31798558749999994,0.18702514550987118,Medium,High (20-50%),43.2%,[27.8%–59.6%],19%,1.25e-4,0.04566692027100575,-0.6013674205,0.6926287352499996,NA,NA,NA,NA,NA,NA,NA,NA,NA,NA,NA,NA,NA,NA
BFA,100,Tensobentenga,1,2010,DHS 2010,0.65723543784875,0.66137449,0.0800528634153403,0.49131431150000004,0.80024288575,0.5174854465000001,0.7804386579999999,0.30892857425,0.12180241478969507,High,Very high (≥50%),65.7%,[49.1%–80.0%],12%,0.266625,-0.350238886901825,-0.77966265725,0.07924997964999998,NA,NA,NA,NA,NA,NA,NA,NA,NA,NA,NA,NA,NA,NA
BFA,101,Yargo,1,2010,DHS 2010,0.613024586365625,0.630511605,0.1762002504620474,0.247077068,0.9030007399999999,0.3022362405,0.8729815415,0.6559236719999999,0.28742770580649546,Medium,Very high (≥50%),61.3%,[24.7%–90.3%],29%,0.327125,0.0093017887441075,-1.2854329775,1.3231844599999998,NA,NA,NA,NA,NA,NA,NA,NA,NA,NA,NA,NA,NA,NA
BFA,102,Bourzanga,1,2010,DHS 2010,0.734094443005,0.735620485,0.028952718116125563,0.6744420779999999,0.78737093225,0.684701394,0.7791305199999999,0.1129288542500001,0.039440045340226555,High,Very high (≥50%),73.4%,[67.4%–78.7%],4%,0.734,0.21921229625166488,-0.17391607450000002,0.6319897704999998,NA,NA,NA,NA,NA,NA,NA,NA,NA,NA,NA,NA,NA,NA
BFA,103,Guibare,1,2010,DHS 2010,0.54120576684,0.5412041750000001,0.024291148038157323,0.49384759550000007,0.58859916,0.5009809999999999,0.5805884075,0.09475156449999994,0.044883387292764504,High,Very high (≥50%),54.1%,[49.4%–58.9%],4%,0,0.2505423887957119,-0.031011105599999984,0.54381423875,NA,NA,NA,NA,NA,NA,NA,NA,NA,NA,NA,NA,NA,NA
BFA,104,Kongoussi,1,2010,DHS 2010,0.5447407339875,0.5462540300000001,0.07046008439732941,0.402604719,0.6774684925,0.42506595100000005,0.6573702614999999,0.27486377349999996,0.1293460907201888,High,Very high (≥50%),54.5%,[40.3%–67.7%],13%,0.008375,-0.267038130112906,-0.79127633175,0.26081280874999957,NA,NA,NA,NA,NA,NA,NA,NA,NA,NA,NA,NA,NA,NA
BFA,105,Nassere,1,2010,DHS 2010,0.66447970537425,0.687341075,0.16707119964902936,0.30052602575,0.9237358002499999,0.352977125,0.899638994,0.6232097744999999,0.25143160625941324,Medium,Very high (≥50%),66.4%,[30.1%–92.4%],25%,0.442,0.0615916956039175,-1.2567674875000001,1.3907717899999998,NA,NA,NA,NA,NA,NA,NA,NA,NA,NA,NA,NA,NA,NA
BFA,106,Rollo,1,2010,DHS 2010,0.61736800497125,0.617613635,0.02337358688068494,0.57048748475,0.66207915875,0.5784596614999999,0.655149752,0.09159167400000001,0.03786005541666095,High,Very high (≥50%),61.7%,[57.0%–66.2%],4%,0.001875,0.34154170638611264,-0.028248949124999995,0.7236739382499998,NA,NA,NA,NA,NA,NA,NA,NA,NA,NA,NA,NA,NA,NA
BFA,107,Rouko,1,2010,DHS 2010,0.767507653545,0.7682231,0.01784227290901053,0.731011999,0.8009249657499999,0.737472341,0.7958471315,0.06991296674999992,0.023247029298795668,High,Very high (≥50%),76.8%,[73.1%–80.1%],2%,0.977875,0.688490870731125,0.374674156,1.0167935074999999,NA,NA,NA,NA,NA,NA,NA,NA,NA,NA,NA,NA,NA,NA
BFA,108,Sabce,1,2010,DHS 2010,0.361868881065,0.36144699,0.022635771475130493,0.31912800575,0.40698590300000004,0.325455953,0.3994364005,0.08785789725000004,0.06255241237796456,High,High (20-50%),36.2%,[31.9%–40.7%],6%,0,-0.7337622271300912,-1.567122995,0.12395274999999971,NA,NA,NA,NA,NA,NA,NA,NA,NA,NA,NA,NA,NA,NA
BFA,109,Tikare,1,2010,DHS 2010,0.620425556815,0.6206442050000001,0.02353455153693367,0.57332094200000006,0.66519632675,0.580975384,0.6585279755,0.0918753847499999,0.03793291762149517,High,Very high (≥50%),62.0%,[57.3%–66.5%],4%,0.00275,0.2686507282101925,-0.05254702509999999,0.6007116237499996,NA,NA,NA,NA,NA,NA,NA,NA,NA,NA,NA,NA,NA,NA
BFA,110,Zimtenga,1,2010,DHS 2010,0.6725982360628749,0.69669446,0.16495812867527923,0.30196961875,0.92232178925,0.36509018200000004,0.9013109914999999,0.6203521704999999,0.24525507179572625,Medium,Very high (≥50%),67.3%,[30.2%–92.2%],25%,0.461125,0.08143731087131124,-1.280030845,1.3920610449999993,NA,NA,NA,NA,NA,NA,NA,NA,NA,NA,NA,NA,NA,NA
BFA,111,Boala,1,2010,DHS 2010,0.7138304223975,0.7141420199999999,0.020268885790726866,0.6733107035,0.75240180175,0.680228633,0.746171939,0.07909109825000005,0.028394539031624567,High,Very high (≥50%),71.4%,[67.3%–75.2%],3%,0.515875,0.418789344527725,0.15062287825,0.6926313347499998,NA,NA,NA,NA,NA,NA,NA,NA,NA,NA,NA,NA,NA,NA
BFA,112,Boulsa,1,2010,DHS 2010,0.67235507830625,0.678318065,0.0787988349596458,0.5008948492499999,0.8115682842499999,0.534520969,0.7935655934999999,0.310673435,0.1171982446509519,High,Very high (≥50%),67.2%,[50.1%–81.2%],12%,0.326375,0.113254073473409,-0.52540114575,0.7496273722499991,NA,NA,NA,NA,NA,NA,NA,NA,NA,NA,NA,NA,NA,NA
BFA,113,Bouroum,1,2010,DHS 2010,0.73722821422125,0.75055072,0.10265498615955544,0.503465706,0.8988602637499999,0.54833817,0.8815501225,0.39539455775,0.1392445163917012,High,Very high (≥50%),73.7%,[50.3%–89.9%],14%,0.6385,0.18801512131657624,-0.8823732645,1.2644798749999997,NA,NA,NA,NA,NA,NA,NA,NA,NA,NA,NA,NA,NA,NA
BFA,114,Dargo,1,2010,DHS 2010,0.71496605358875,0.74126197,0.15314840384358563,0.35434908025,0.9342686214999999,0.419873886,0.9175936585,0.5799195412499999,0.2142037416669812,Medium,Very high (≥50%),71.5%,[35.4%–93.4%],21%,0.569,0.16955019302522104,-1.109447025,1.45362774,NA,NA,NA,NA,NA,NA,NA,NA,NA,NA,NA,NA,NA,NA
BFA,115,Nagbingou,1,2010,DHS 2010,0.71662876738625,0.742705975,0.1540484069320947,0.36391834525,0.9398462859999999,0.4234248285,0.921742271,0.5759279407499999,0.21496263329471588,Medium,Very high (≥50%),71.7%,[36.4%–94.0%],21%,0.56925,0.19638558068100626,-1.0839730074999998,1.53039847,NA,NA,NA,NA,NA,NA,NA,NA,NA,NA,NA,NA,NA,NA
BFA,116,Tougouri,1,2010,DHS 2010,0.844281435905,0.84469684,0.012959618284327474,0.8179261792500001,0.86836371225,0.8220927545,0.8645638115,0.05043753299999987,0.01534987947524374,High,Very high (≥50%),84.4%,[81.8%–86.8%],2%,1,0.41266900259053,0.12102264150000001,0.7457674572499994,NA,NA,NA,NA,NA,NA,NA,NA,NA,NA,NA,NA,NA,NA
BFA,117,Yalgo,1,2010,DHS 2010,0.79085326108875,0.8074245449999999,0.10262786164191316,0.54711782900000006,0.9365704005,0.5966688595000001,0.9252806564999999,0.3894525714999999,0.12976852558036833,High,Very high (≥50%),79.1%,[54.7%–93.7%],13%,0.793875,0.5496842985609837,-0.5858450445,1.7036143849999994,NA,NA,NA,NA,NA,NA,NA,NA,NA,NA,NA,NA,NA,NA
BFA,118,Zeguedeguin,1,2010,DHS 2010,0.6976044586685,0.719307385,0.15606319976904032,0.340772907,0.9306259235,0.407520997,0.90888983,0.5898530165,0.22371301936188054,Medium,Very high (≥50%),69.8%,[34.1%–93.1%],22%,0.517125,0.191589044185265,-1.071015115,1.45786667,NA,NA,NA,NA,NA,NA,NA,NA,NA,NA,NA,NA,NA,NA
BFA,119,Barsalogho,1,2010,DHS 2010,0.75342255526875,0.78015731,0.14015186597857351,0.414878687,0.9480729875,0.4805037465,0.9325515369999998,0.5331943004999999,0.18602026843831423,Medium,Very high (≥50%),75.3%,[41.5%–94.8%],19%,0.670875,0.225934642199115,-1.065994855,1.5226940199999994,NA,NA,NA,NA,NA,NA,NA,NA,NA,NA,NA,NA,NA,NA
BFA,120,Boussouma,1,2010,DHS 2010,0.6686636249308751,0.68999944,0.15871144918969216,0.32369148525,0.9158403059999999,0.377215537,0.8926215549999998,0.5921488207499999,0.23735618818221102,Medium,Very high (≥50%),66.9%,[32.4%–91.6%],24%,0.4455,0.011397162024566376,-1.0000362125,1.0219566199999985,NA,NA,NA,NA,NA,NA,NA,NA,NA,NA,NA,NA,NA,NA
BFA,121,Dablo,1,2010,DHS 2010,0.910152207565,0.910424135,0.007999531562287809,0.8937326017499999,0.9251821020000001,0.8963975104999999,0.922846427,0.03144950025000015,0.008789223929577195,High,Very high (≥50%),91.0%,[89.4%–92.5%],1%,1,0.8638898137071638,-0.04059474709999999,1.7578820499999999,NA,NA,NA,NA,NA,NA,NA,NA,NA,NA,NA,NA,NA,NA
BFA,122,Kaya,1,2010,DHS 2010,0.460447923705,0.45915078,0.07087513460083637,0.3244753285,0.5998564390000001,0.34635140349999993,0.5802214320000001,0.2753811105000001,0.1539264940767649,High,High (20-50%),46.0%,[32.4%–60.0%],15%,1.25e-4,-0.0820428075847534,-0.65833223,0.49753794024999964,NA,NA,NA,NA,NA,NA,NA,NA,NA,NA,NA,NA,NA,NA
BFA,123,Korsimoro,1,2010,DHS 2010,0.33882827981875,0.33891388,0.022171748631998445,0.29647987049999996,0.3832129525,0.30318757999999996,0.3756418225,0.08673308200000002,0.06543653511996937,High,High (20-50%),33.9%,[29.6%–38.3%],7%,0,-1.095725456312675,-1.7823380075,-0.43485908125000006,NA,NA,NA,NA,NA,NA,NA,NA,NA,NA,NA,NA,NA,NA
BFA,124,Mane,1,2010,DHS 2010,0.6777974492175,0.6882590449999999,0.110638596678785,0.442885481,0.8608521090000001,0.48170998449999997,0.8404839625,0.41796662800000006,0.16323253621935946,Medium,Very high (≥50%),67.8%,[44.3%–86.1%],16%,0.419125,0.1619059170461616,-0.5586368380000001,0.87235675874999985,NA,NA,NA,NA,NA,NA,NA,NA,NA,NA,NA,NA,NA,NA
BFA,125,Namissiguima,1,2010,DHS 2010,0.33897717614875,0.33858299999999997,0.02224267539181509,0.29579099475,0.383383492,0.3031306435,0.37659199749999994,0.08759249725000001,0.06561702957267707,High,High (20-50%),33.9%,[29.6%–38.3%],7%,0,-0.77101347229167,-1.644933325,0.09473743077499938,NA,NA,NA,NA,NA,NA,NA,NA,NA,NA,NA,NA,NA,NA
BFA,126,Pensa,1,2010,DHS 2010,0.71481214570625,0.715403145,0.02033759770478828,0.67418826225,0.7538956689999999,0.680586668,0.7480521335,0.07970740674999999,0.028451667794052785,High,Very high (≥50%),71.5%,[67.4%–75.4%],3%,0.533375,-0.001285549190104125,-0.8731125275,0.8582524797500001,NA,NA,NA,NA,NA,NA,NA,NA,NA,NA,NA,NA,NA,NA
BFA,127,Pibaore,1,2010,DHS 2010,0.657781901409375,0.681178655,0.164725338657599,0.293463869,0.91348896875,0.348584962,0.8894972889999999,0.62002509975,0.25042546519546316,Medium,Very high (≥50%),65.8%,[29.3%–91.3%],25%,0.42425,-0.27653618133943625,-1.13358458,0.5320016244999999,NA,NA,NA,NA,NA,NA,NA,NA,NA,NA,NA,NA,NA,NA
BFA,128,Pissila,1,2010,DHS 2010,0.6787613748525,0.6793679,0.03503508787384116,0.6084520050000001,0.74528350225,0.6197561595000001,0.734805968,0.13683149724999988,0.051616207362203764,High,Very high (≥50%),67.9%,[60.8%–74.5%],5%,0.205875,0.03837864508289679,-0.8111128795,0.8934153124999986,NA,NA,NA,NA,NA,NA,NA,NA,NA,NA,NA,NA,NA,NA
BFA,129,Ziga,1,2010,DHS 2010,0.694488349946,0.719230105,0.15876473536789637,0.33329518625000004,0.9310006107500001,0.3946908605,0.9109336884999999,0.5977054245,0.22860676551340442,Medium,Very high (≥50%),69.4%,[33.3%–93.1%],23%,0.517,0.0780181426540625,-1.2035062024999998,1.3836267299999998,NA,NA,NA,NA,NA,NA,NA,NA,NA,NA,NA,NA,NA,NA
BFA,130,Bingo,1,2010,DHS 2010,0.73922632134375,0.76788124,0.1489545954754494,0.38696048250000004,0.9448528724999999,0.446190118,0.9303091904999999,0.5578923899999999,0.20150066518827803,Medium,Very high (≥50%),73.9%,[38.7%–94.5%],20%,0.627,0.3121421812839221,-1.017208085,1.6348651675,NA,NA,NA,NA,NA,NA,NA,NA,NA,NA,NA,NA,NA,NA
BFA,131,Imasgho,1,2010,DHS 2010,0.89800948984125,0.89848826,0.009043319200055997,0.8789716744999999,0.91461415775,0.8825049119999999,0.912284706,0.03564248325000008,0.01007040493709557,High,Very high (≥50%),89.8%,[87.9%–91.5%],1%,1,1.0223354683476586,0.19313687100000004,1.8504363599999996,NA,NA,NA,NA,NA,NA,NA,NA,NA,NA,NA,NA,NA,NA
BFA,132,Kindi,1,2010,DHS 2010,0.89830132536125,0.898750895,0.009132128735972106,0.87939091475,0.91512882375,0.882420659,0.912682303,0.03573790900000007,0.010165997175056644,High,Very high (≥50%),89.8%,[87.9%–91.5%],1%,1,1.6074543344625,1.3527104475,1.8676238825,NA,NA,NA,NA,NA,NA,NA,NA,NA,NA,NA,NA,NA,NA
BFA,133,Kokologho,1,2010,DHS 2010,0.77781456527125,0.778423875,0.017397702657638958,0.7429100255,0.8106559927500001,0.7487647074999999,0.805281718,0.06774596725000015,0.022367416906845652,High,Very high (≥50%),77.8%,[74.3%–81.1%],2%,0.9925,1.361601360875,1.118911485,1.613880845,NA,NA,NA,NA,NA,NA,NA,NA,NA,NA,NA,NA,NA,NA
BFA,134,Koudougou,1,2010,DHS 2010,0.56681262486,0.5709654150000001,0.10486881845756046,0.35510977774999997,0.759140887,0.38606771650000005,0.7325430924999999,0.4040311092500001,0.18501496589540956,Medium,Very high (≥50%),56.7%,[35.5%–75.9%],19%,0.083875,0.01465353012471925,-0.7227564700000001,0.7827440364999999,NA,NA,NA,NA,NA,NA,NA,NA,NA,NA,NA,NA,NA,NA
BFA,135,Nandiala,1,2010,DHS 2010,0.692894438368625,0.71786376,0.15966053113680406,0.32626864375000003,0.92907266525,0.39116680950000005,0.9100861425,0.6028040214999999,0.23042547651661693,Medium,Very high (≥50%),69.3%,[32.6%–92.9%],23%,0.51075,0.32886208186302224,-0.9676800997499999,1.6453354475,NA,NA,NA,NA,NA,NA,NA,NA,NA,NA,NA,NA,NA,NA
BFA,136,Nanoro,1,2010,DHS 2010,0.6669784537175,0.6670803750000001,0.021548903064896204,0.62289413275,0.7077413124999999,0.6310678565000001,0.701531648,0.08484717974999989,0.03230824465886462,High,Very high (≥50%),66.7%,[62.3%–70.8%],3%,0.068875,0.12425469904362875,-0.6993633397500001,0.9452271224999981,NA,NA,NA,NA,NA,NA,NA,NA,NA,NA,NA,NA,NA,NA
BFA,137,Pella,1,2010,DHS 2010,0.7141173612625,0.7147709550000001,0.020577031854694304,0.672157632,0.7527895877499999,0.6794186809999999,0.74688691,0.08063195574999993,0.028814636040098263,High,Very high (≥50%),71.4%,[67.2%–75.3%],3%,0.526625,0.2892016026345123,-0.5756946719999999,1.1260477875,NA,NA,NA,NA,NA,NA,NA,NA,NA,NA,NA,NA,NA,NA
BFA,138,Poa,1,2010,DHS 2010,0.6876754776625,0.711498385,0.15843016532161616,0.33241965475,0.9253737564999998,0.39478569750000003,0.9041542304999999,0.5929541017499997,0.23038507329088026,Medium,Very high (≥50%),68.8%,[33.2%–92.5%],23%,0.49575,0.3094294110468125,-0.9705870282499999,1.5930973275,NA,NA,NA,NA,NA,NA,NA,NA,NA,NA,NA,NA,NA,NA
BFA,139,Ramongo,1,2010,DHS 2010,0.666851501503125,0.689439435,0.16454723628975426,0.2961887455,0.92088208475,0.35627105350000005,0.8974889629999999,0.62469333925,0.24675244176380273,Medium,Very high (≥50%),66.7%,[29.6%–92.1%],25%,0.44625,0.24026746769435925,-1.0075829825,1.505024505,NA,NA,NA,NA,NA,NA,NA,NA,NA,NA,NA,NA,NA,NA
BFA,140,Sabou,1,2010,DHS 2010,0.67986232492625,0.68430345,0.07750191427528352,0.52020248025,0.8168292095,0.5440813074999999,0.7994664115,0.29662672925,0.11399648345522127,High,Very high (≥50%),68.0%,[52.0%–81.7%],11%,0.363,-0.15238730429637376,-0.57356254925,0.27192658074999987,NA,NA,NA,NA,NA,NA,NA,NA,NA,NA,NA,NA,NA,NA
BFA,141,Sigle,1,2010,DHS 2010,0.8319556336625,0.8323242900000001,0.013890731828305056,0.80358335825,0.8578000882499999,0.8082721945,0.8539274880000001,0.054216729999999824,0.016696481478410324,High,Very high (≥50%),83.2%,[80.4%–85.8%],2%,1,1.2307408709775,0.971768405,1.48978703,NA,NA,NA,NA,NA,NA,NA,NA,NA,NA,NA,NA,NA,NA
BFA,142,Soaw,1,2010,DHS 2010,0.7495928280525,0.777676455,0.14053854356260204,0.41570927025,0.9423437134999999,0.4759220325,0.9286349715,0.5266344432499999,0.18748651041356948,Medium,Very high (≥50%),75.0%,[41.6%–94.2%],19%,0.65725,0.9930985443338955,0.16075271700000002,1.8129268525,NA,NA,NA,NA,NA,NA,NA,NA,NA,NA,NA,NA,NA,NA
BFA,143,Sourgou,1,2010,DHS 2010,0.7174070271325,0.742738825,0.15313055991647892,0.36395178575000003,0.9388650337499999,0.423314624,0.920022678,0.5749132479999999,0.2134500417824828,Medium,Very high (≥50%),71.7%,[36.4%–93.9%],21%,0.57425,-0.19475579581120772,-1.2800543674999998,0.9015439692499998,NA,NA,NA,NA,NA,NA,NA,NA,NA,NA,NA,NA,NA,NA
BFA,144,Thyou,1,2010,DHS 2010,0.7138915284975,0.714379815,0.020521049893076137,0.67239346,0.7520101465000001,0.6793688065,0.7465500125,0.07961668650000009,0.02874533325289067,High,Very high (≥50%),71.4%,[67.2%–75.2%],3%,0.51775,0.2003033921699125,-0.6047886765,1.0093745874999998,NA,NA,NA,NA,NA,NA,NA,NA,NA,NA,NA,NA,NA,NA
BFA,145,Dassa,1,2010,DHS 2010,0.80663640327375,0.83584871,0.12349385007274978,0.49501275375,0.96171681175,0.5598166025,0.9511063285,0.46670405800000003,0.1530972933673059,High,Very high (≥50%),80.7%,[49.5%–96.2%],15%,0.802625,1.4074105748782375,0.55589516275,2.2364178774999997,NA,NA,NA,NA,NA,NA,NA,NA,NA,NA,NA,NA,NA,NA
BFA,146,Didyr,1,2010,DHS 2010,0.84455604488,0.845007285,0.013077595818778709,0.81714216725,0.86860086675,0.822150756,0.865274273,0.05145869950000004,0.015484580209992882,High,Very high (≥50%),84.5%,[81.7%–86.9%],2%,1,0.5091045772688164,-0.31108756225,1.3290932475,NA,NA,NA,NA,NA,NA,NA,NA,NA,NA,NA,NA,NA,NA
BFA,147,Godyr,1,2010,DHS 2010,0.7185596314775,0.743863275,0.15351748351492467,0.36685477475,0.93990117525,0.426768764,0.9196394585,0.5730464005,0.21364612871344096,Medium,Very high (≥50%),71.9%,[36.7%–94.0%],21%,0.573125,0.1481631546328642,-1.16016096,1.4300770074999982,NA,NA,NA,NA,NA,NA,NA,NA,NA,NA,NA,NA,NA,NA
BFA,148,Kordie,1,2010,DHS 2010,0.75050596527,0.750851605,0.018604839292599568,0.7131683430000001,0.7861869432499999,0.71903317,0.780180459,0.07301860024999984,0.024789728734409645,High,Very high (≥50%),75.1%,[71.3%–78.6%],2%,0.913125,-0.04422391680057688,-0.40490565100000003,0.3256899725,NA,NA,NA,NA,NA,NA,NA,NA,NA,NA,NA,NA,NA,NA
BFA,149,Kyon,1,2010,DHS 2010,0.6727674405275,0.69670371,0.163566054465789,0.309104674,0.9228713262499999,0.37142683350000005,0.902052383,0.6137666522499998,0.24312421293387945,Medium,Very high (≥50%),67.3%,[30.9%–92.3%],24%,0.4605,-0.3995020815854066,-1.2586142425,0.4813845574999987,NA,NA,NA,NA,NA,NA,NA,NA,NA,NA,NA,NA,NA,NA
BFA,150,Pouni,1,2010,DHS 2010,0.7401823629885,0.7696071,0.14680058196544296,0.39748133799999996,0.943874083,0.4585770565,0.9282970679999999,0.546392745,0.19833028900166288,Medium,Very high (≥50%),74.0%,[39.7%–94.4%],20%,0.63675,0.181951668970405,-1.0724498675,1.405385135,NA,NA,NA,NA,NA,NA,NA,NA,NA,NA,NA,NA,NA,NA
BFA,151,Réo,1,2010,DHS 2010,0.7730631216075,0.78253945,0.07845336768992127,0.59667915375,0.8997900359999998,0.6297275720000001,0.88545846,0.3031108822499998,0.10148377991021754,High,Very high (≥50%),77.3%,[59.7%–90.0%],10%,0.7825,0.39031016514323374,-0.20763017599999997,0.99573359025,NA,NA,NA,NA,NA,NA,NA,NA,NA,NA,NA,NA,NA,NA
BFA,152,Tenado,1,2010,DHS 2010,0.91467135887125,0.9150423649999999,0.007880208175128666,0.8979740734999999,0.9290887429999999,0.901059587,0.926933055,0.03111466949999997,0.008615343750189398,High,Very high (≥50%),91.5%,[89.8%–92.9%],1%,1,-0.007651934105995825,-0.3436619905,0.3288737662499998,NA,NA,NA,NA,NA,NA,NA,NA,NA,NA,NA,NA,NA,NA
BFA,153,Zamo,1,2010,DHS 2010,0.70194295309125,0.7025273700000001,0.020726144648533548,0.6593732875000001,0.740425432,0.6671459285000001,0.73486877,0.08105214449999987,0.029526822026289687,High,Very high (≥50%),70.2%,[65.9%–74.0%],3%,0.3585,-0.29266796487609836,-1.114343855,0.5099405909999997,NA,NA,NA,NA,NA,NA,NA,NA,NA,NA,NA,NA,NA,NA
BFA,154,Zawara,1,2010,DHS 2010,0.8066606322725,0.83554124,0.12111358894976863,0.49692969600000003,0.9609594959999999,0.564099048,0.9491771105,0.4640297999999998,0.15014193590750932,High,Very high (≥50%),80.7%,[49.7%–96.1%],15%,0.808,0.3769113138317245,-0.42753424775,1.216665087499999,NA,NA,NA,NA,NA,NA,NA,NA,NA,NA,NA,NA,NA,NA
BFA,155,Bieha,1,2010,DHS 2010,0.80679932705625,0.8324849649999999,0.11975195983799601,0.50665297825,0.9607752195,0.566953895,0.9497267449999999,0.45412224125,0.14842843297221406,High,Very high (≥50%),80.7%,[50.7%–96.1%],15%,0.8075,0.7091576932900987,-0.10740847649999999,1.5111868699999993,NA,NA,NA,NA,NA,NA,NA,NA,NA,NA,NA,NA,NA,NA
BFA,156,Boura,1,2010,DHS 2010,0.85594241019,0.8564332400000001,0.012260048656162115,0.8303001434999999,0.8786920795000001,0.8347485855,0.8753016250000001,0.048391936000000135,0.014323450398305022,High,Very high (≥50%),85.6%,[83.0%–87.9%],1%,1,0.23856323452601863,-0.027073658624999997,0.49932662475,NA,NA,NA,NA,NA,NA,NA,NA,NA,NA,NA,NA,NA,NA
BFA,157,Leo,1,2010,DHS 2010,0.8141652056274999,0.8253082199999999,0.07180918307754303,0.64592995499999994,0.92255065025,0.683162881,0.9108294919999999,0.2766206952500001,0.08819976901640948,High,Very high (≥50%),81.4%,[64.6%–92.3%],9%,0.90825,0.7472963993914338,0.21350889475000007,1.2683510499999997,NA,NA,NA,NA,NA,NA,NA,NA,NA,NA,NA,NA,NA,NA
BFA,158,Nebielianayou,1,2010,DHS 2010,0.7883829766225,0.816201945,0.12874731113793858,0.4724433535,0.9568410645000001,0.535763481,0.946050067,0.48439771100000006,0.1633055443301212,Medium,Very high (≥50%),78.8%,[47.2%–95.7%],16%,0.756375,0.23895846673067875,-1.0240194249999999,1.5230202625,NA,NA,NA,NA,NA,NA,NA,NA,NA,NA,NA,NA,NA,NA
BFA,159,Niabouri,1,2010,DHS 2010,0.58261343077125,0.5827710150000001,0.024008986738761003,0.5346738660000001,0.62960313675,0.5430100795,0.621076036,0.0949292707499999,0.04120911992533105,High,Very high (≥50%),58.3%,[53.5%–63.0%],4%,0,-0.45201122279086375,-1.2847949149999998,0.3703873047499999,NA,NA,NA,NA,NA,NA,NA,NA,NA,NA,NA,NA,NA,NA
BFA,160,Silly,1,2010,DHS 2010,0.8003431411475,0.80082611,0.01577481412491446,0.7678474887499999,0.8296337309999999,0.7731996410000002,0.8253457184999999,0.06178624225000007,0.019710063488889477,High,Very high (≥50%),80.0%,[76.8%–83.0%],2%,0.999625,1.0096092339725,0.78843588725,1.2298520099999999,NA,NA,NA,NA,NA,NA,NA,NA,NA,NA,NA,NA,NA,NA
BFA,161,Tô,1,2010,DHS 2010,0.77348596874875,0.7747634,0.02455099904045161,0.7230191165,0.8182248365,0.731661378,0.811897036,0.09520572000000005,0.031740716745214115,High,Very high (≥50%),77.3%,[72.3%–81.8%],3%,0.969,0.24307803771246,-0.34567273574999996,0.8292996222499999,NA,NA,NA,NA,NA,NA,NA,NA,NA,NA,NA,NA,NA,NA
BFA,162,Bakata,1,2010,DHS 2010,0.768108408155,0.794603195,0.1334971152002974,0.44423022824999997,0.9491893404999999,0.505150033,0.9342526764999999,0.5049591122499999,0.17379983578224079,Medium,Very high (≥50%),76.8%,[44.4%–94.9%],17%,0.71175,0.67915717663821,-0.12683687824999998,1.4853891074999994,NA,NA,NA,NA,NA,NA,NA,NA,NA,NA,NA,NA,NA,NA
BFA,163,Bougnounou,1,2010,DHS 2010,0.73792896549625,0.767269435,0.14722038589940914,0.38986619575,0.94505401125,0.45568603300000005,0.927895023,0.5551878155000001,0.1995048206305398,Medium,Very high (≥50%),73.8%,[39.0%–94.5%],20%,0.627875,0.2530460571784823,-0.9953671597499998,1.5340360399999995,NA,NA,NA,NA,NA,NA,NA,NA,NA,NA,NA,NA,NA,NA
BFA,164,Cassou,1,2010,DHS 2010,0.86489802227375,0.87900892,0.06859644912246424,0.69728874175,0.9580696065,0.7317839075000001,0.9499307100000001,0.26078086474999995,0.07931160362944233,High,Very high (≥50%),86.5%,[69.7%–95.8%],8%,0.963375,1.179681831326625,0.5635515445,1.79782463,NA,NA,NA,NA,NA,NA,NA,NA,NA,NA,NA,NA,NA,NA
BFA,165,Dalo,1,2010,DHS 2010,0.75743064884375,0.7879067049999999,0.14472851825774793,0.40406009699999995,0.95031121275,0.47580900550000005,0.9390041975,0.5462511157500001,0.1910782439008537,Medium,Very high (≥50%),75.7%,[40.4%–95.0%],19%,0.6765,0.2441833890997316,-1.0512691099999998,1.5476624575,NA,NA,NA,NA,NA,NA,NA,NA,NA,NA,NA,NA,NA,NA
BFA,166,Gao,1,2010,DHS 2010,0.75868966360875,0.7904517900000001,0.14458259858673328,0.41249844875,0.9522798794999999,0.47878107350000004,0.9387351679999999,0.53978143075,0.190568826124529,Medium,Very high (≥50%),75.9%,[41.2%–95.2%],19%,0.68425,0.2315272639416625,-1.09325546,1.5351398999999963,NA,NA,NA,NA,NA,NA,NA,NA,NA,NA,NA,NA,NA,NA
BFA,167,Sapouy,1,2010,DHS 2010,0.5431091497975,0.543338945,0.024955408758335868,0.493251973,0.590767338,0.5017153395,0.584055071,0.09751536500000002,0.04594915914718169,High,Very high (≥50%),54.3%,[49.3%–59.1%],5%,0,-0.4006528681644575,-0.8340909209999999,0.03771671217499985,NA,NA,NA,NA,NA,NA,NA,NA,NA,NA,NA,NA,NA,NA
BFA,168,Doulougou,1,2010,DHS 2010,0.75415792496875,0.7666906,0.09338311119215076,0.53922817275,0.90008055425,0.5792532585,0.8855161095,0.3608523815,0.12382434514099984,High,Very high (≥50%),75.4%,[53.9%–90.0%],12%,0.70475,0.3585853597870218,-0.17121075149999998,0.9048172757499993,NA,NA,NA,NA,NA,NA,NA,NA,NA,NA,NA,NA,NA,NA
BFA,169,Gaongo,1,2010,DHS 2010,0.5593691301225,0.5597871750000001,0.024094018030552077,0.51182410975,0.6059060227499999,0.5190779035,0.5986299019999999,0.0940819129999999,0.04307355685730381,High,Very high (≥50%),55.9%,[51.2%–60.6%],4%,0,-0.2906852099405525,-0.53526923625,-0.03545736360000006,NA,NA,NA,NA,NA,NA,NA,NA,NA,NA,NA,NA,NA,NA
BFA,170,Ipelce,1,2010,DHS 2010,0.716359808445,0.7424198049999999,0.15476879984192696,0.35730771875,0.9394250099999999,0.420419066,0.9213730934999999,0.5821172912499999,0.21604897150481278,Medium,Very high (≥50%),71.6%,[35.7%–93.9%],22%,0.56875,0.14066489646361124,-1.1547115399999999,1.4511408724999997,NA,NA,NA,NA,NA,NA,NA,NA,NA,NA,NA,NA,NA,NA
BFA,171,Kayao,1,2010,DHS 2010,0.7989720286175,0.79954773,0.01599576866634471,0.7659576087500001,0.8289937964999999,0.7715394685,0.82421597,0.06303618774999986,0.020020436377507434,High,Very high (≥50%),79.9%,[76.6%–82.9%],2%,0.9995,0.20085144827204274,-0.370586376,0.7649461237499998,NA,NA,NA,NA,NA,NA,NA,NA,NA,NA,NA,NA,NA,NA
BFA,172,Kombissiri,1,2010,DHS 2010,0.59506326789125,0.595496325,0.035917051405045294,0.5243671034999999,0.6628318302499999,0.535381043,0.6530439135,0.13846472675,0.060358374215108285,High,Very high (≥50%),59.5%,[52.4%–66.3%],6%,0.00225,-0.39943158781294,-0.8837676564999999,0.08216154792499998,NA,NA,NA,NA,NA,NA,NA,NA,NA,NA,NA,NA,NA,NA
BFA,173,Sapone,1,2010,DHS 2010,0.70040515763,0.700431005,0.02087044170521668,0.6580811685,0.74014544425,0.6653190959999999,0.733659346,0.08206427574999997,0.029797669931268294,High,Very high (≥50%),70.0%,[65.8%–74.0%],3%,0.3405,0.14993510265846072,-0.14822467874999998,0.4511512104999999,NA,NA,NA,NA,NA,NA,NA,NA,NA,NA,NA,NA,NA,NA
BFA,174,Toece,1,2010,DHS 2010,0.92135129592625,0.921710175,0.007263170606999707,0.90631625575,0.9345109465,0.908871859,0.9327194424999999,0.02819469075000003,0.0078831718575898,High,Very high (≥50%),92.1%,[90.6%–93.5%],1%,1,0.8874765908655062,0.07923867610000004,1.6940514075,NA,NA,NA,NA,NA,NA,NA,NA,NA,NA,NA,NA,NA,NA
BFA,175,Guiaro,1,2010,DHS 2010,0.7789336309975,0.780390625,0.02815082995153332,0.719574245,0.83080739725,0.7300828895,0.8232791165,0.11123315224999997,0.03614021635640954,High,Very high (≥50%),77.9%,[72.0%–83.1%],4%,0.969,-0.85213016956875,-1.2194769625,-0.4837935462500002,NA,NA,NA,NA,NA,NA,NA,NA,NA,NA,NA,NA,NA,NA
BFA,176,Pô,1,2010,DHS 2010,0.44190972913875,0.441719495,0.024220210974616612,0.3955828185,0.48937209924999997,0.4023027865,0.482069512,0.09378928074999998,0.05480805100584693,High,High (20-50%),44.2%,[39.6%–48.9%],5%,0,-0.64258315208695,-1.03144997,-0.24380536025000002,NA,NA,NA,NA,NA,NA,NA,NA,NA,NA,NA,NA,NA,NA
BFA,177,Tiébélé,1,2010,DHS 2010,0.84760877595,0.84855032,0.017219220082392007,0.81111750625,0.87913215825,0.8181063630000001,0.874381441,0.06801465200000001,0.020315056392723994,High,Very high (≥50%),84.8%,[81.1%–87.9%],2%,1,0.35180769463913875,-0.12163478375,0.8258546927499999,NA,NA,NA,NA,NA,NA,NA,NA,NA,NA,NA,NA,NA,NA
BFA,178,Zecco,1,2010,DHS 2010,0.624618628035,0.645641395,0.180170638890559,0.23698353200000002,0.9111139869999999,0.29802995649999997,0.885174709,0.6741304549999999,0.2884490324237709,Medium,Very high (≥50%),62.5%,[23.7%–91.1%],29%,0.361125,-0.011145249166329875,-1.4547360824999997,1.3796799025,NA,NA,NA,NA,NA,NA,NA,NA,NA,NA,NA,NA,NA,NA
BFA,179,Ziou,1,2010,DHS 2010,0.5834940699025,0.583521555,0.024090418937614995,0.5364983222499999,0.630154753,0.5438740899999999,0.6225921495,0.09365643075000007,0.0412864846109583,High,Very high (≥50%),58.3%,[53.6%–63.0%],4%,0,-0.3472251534330275,-1.19970397,0.47962537599999994,NA,NA,NA,NA,NA,NA,NA,NA,NA,NA,NA,NA,NA,NA
BFA,180,Bere,1,2010,DHS 2010,0.64632072352375,0.667459185,0.16726842705572442,0.2785414115,0.9068618264999999,0.33927979450000006,0.8804698965,0.6283204149999999,0.2588009651675325,Medium,Very high (≥50%),64.6%,[27.9%–90.7%],26%,0.39925,0.03984875649963808,-0.7995223564999999,0.8737199914999998,NA,NA,NA,NA,NA,NA,NA,NA,NA,NA,NA,NA,NA,NA
BFA,181,Binde,1,2010,DHS 2010,0.691465419636375,0.7173230500000001,0.15613929871642737,0.338860133,0.9219436012499999,0.3973571935,0.903204858,0.5830834682499999,0.22580926577432792,Medium,Very high (≥50%),69.1%,[33.9%–92.2%],23%,0.510625,0.3332470690604585,-0.49699774999999996,1.162482537499999,NA,NA,NA,NA,NA,NA,NA,NA,NA,NA,NA,NA,NA,NA
BFA,182,Gogo,1,2010,DHS 2010,0.89078648069625,0.897275905,0.04077931867254556,0.7925564952499999,0.9522250160000001,0.8164905205000001,0.945242907,0.15966852075000015,0.04577900490886652,High,Very high (≥50%),89.1%,[79.3%–95.2%],5%,0.997875,0.6785860244825965,-0.273846728,1.6313315924999998,NA,NA,NA,NA,NA,NA,NA,NA,NA,NA,NA,NA,NA,NA
BFA,183,Gomboussougou,1,2010,DHS 2010,0.688514138505,0.6932627600000001,0.07019993345078039,0.538579342,0.8100604032499998,0.565265574,0.7951144305000001,0.2714810612499998,0.1019585939124046,High,Very high (≥50%),68.9%,[53.9%–81.0%],10%,0.39375,-0.055195697392803625,-0.657469482,0.5484785207499999,NA,NA,NA,NA,NA,NA,NA,NA,NA,NA,NA,NA,NA,NA
BFA,184,Guiba,1,2010,DHS 2010,0.5467109229475,0.546359715,0.02484503442947223,0.499046368,0.594745403,0.505773434,0.5878706945,0.09569903499999999,0.045444554675301535,High,Very high (≥50%),54.7%,[49.9%–59.5%],5%,0,-0.21032419170103375,-1.0476791300000001,0.5940818667499994,NA,NA,NA,NA,NA,NA,NA,NA,NA,NA,NA,NA,NA,NA
BFA,185,Manga,1,2010,DHS 2010,0.71509887839125,0.71797371,0.05391360692939341,0.60176903625,0.8115224025,0.6203648770000001,0.7982805475,0.20975336624999996,0.07539321981693253,High,Very high (≥50%),71.5%,[60.2%–81.2%],8%,0.536875,0.05591645176311062,-0.5871664907499999,0.6949122677499998,NA,NA,NA,NA,NA,NA,NA,NA,NA,NA,NA,NA,NA,NA
BFA,186,Nobere,1,2010,DHS 2010,0.68856206559,0.689029495,0.021126064119396187,0.6464144527500001,0.72896239025,0.6533759954999999,0.7225613580000001,0.08254793749999989,0.030681423179033464,High,Very high (≥50%),68.9%,[64.6%–72.9%],3%,0.207,-0.2753962838383789,-0.7400930059999999,0.18754396999999978,NA,NA,NA,NA,NA,NA,NA,NA,NA,NA,NA,NA,NA,NA
BFA,187,Bilanga,1,2010,DHS 2010,0.776160446245,0.781714375,0.05784410101919497,0.64871132275,0.87428028125,0.672371973,0.8597087385,0.22556895850000003,0.07452595825906864,High,Very high (≥50%),77.6%,[64.9%–87.4%],7%,0.855875,0.537113888454325,0.1325316995,0.9396302087499999,NA,NA,NA,NA,NA,NA,NA,NA,NA,NA,NA,NA,NA,NA
BFA,188,Bogandé,1,2010,DHS 2010,0.70264982471,0.710418905,0.086928933595529,0.513069526,0.8487964005,0.5494100715000001,0.8323563385,0.33572687450000005,0.12371586889871722,High,Very high (≥50%),70.3%,[51.3%–84.9%],12%,0.494125,0.4235559064539281,-0.19227533549999992,1.0384356275,NA,NA,NA,NA,NA,NA,NA,NA,NA,NA,NA,NA,NA,NA
BFA,189,Koalla,1,2010,DHS 2010,0.73621028745,0.7440693949999999,0.07888895381307814,0.56166579525,0.8682333117500001,0.596857476,0.8516301485,0.3065675165,0.10715546245125775,High,Very high (≥50%),73.6%,[56.2%–86.8%],11%,0.6415,0.1591743904988925,-0.8344870357499999,1.1739464499999999,NA,NA,NA,NA,NA,NA,NA,NA,NA,NA,NA,NA,NA,NA
BFA,190,Liptougou,1,2010,DHS 2010,0.79863198157625,0.799335495,0.015817201016263133,0.7657123145,0.8281733257499999,0.7716485430000001,0.8233278970000001,0.06246101124999992,0.019805368907271807,High,Very high (≥50%),79.9%,[76.6%–82.8%],2%,0.999625,0.17299781473985326,-0.68141287025,0.9921790097499998,NA,NA,NA,NA,NA,NA,NA,NA,NA,NA,NA,NA,NA,NA
BFA,191,Mani,1,2010,DHS 2010,0.7760544500325,0.7766276,0.01726033503746648,0.740747615,0.8082299379999999,0.7470870495,0.8033255370000001,0.0674823229999999,0.022241139183911185,High,Very high (≥50%),77.6%,[74.1%–80.8%],2%,0.992,1.2031024994475,0.7436868577499999,1.7048884299999998,NA,NA,NA,NA,NA,NA,NA,NA,NA,NA,NA,NA,NA,NA
BFA,192,Piéla,1,2010,DHS 2010,0.7389696674225,0.73952543,0.01905949460726052,0.7008227395,0.7748342965000001,0.7075617765,0.7695152405,0.07401155700000017,0.02579198504011587,High,Very high (≥50%),73.9%,[70.1%–77.5%],3%,0.82525,0.5586949965991375,0.26103295750000005,0.8686866672499999,NA,NA,NA,NA,NA,NA,NA,NA,NA,NA,NA,NA,NA,NA
BFA,193,Thion,1,2010,DHS 2010,0.70364619658825,0.72896473,0.15342181095491836,0.35651715474999995,0.9287325584999999,0.4113401565,0.9088898499999999,0.57221540375,0.21803828642691522,Medium,Very high (≥50%),70.4%,[35.7%–92.9%],22%,0.53575,0.521644597190975,-0.31612014775,1.3573975299999992,NA,NA,NA,NA,NA,NA,NA,NA,NA,NA,NA,NA,NA,NA
BFA,194,Diabo,1,2010,DHS 2010,0.62821922205375,0.630356795,0.05644603984969486,0.5125921569999999,0.73395973075,0.532642899,0.7176157639999999,0.22136757375000005,0.08985086394708466,High,Very high (≥50%),62.8%,[51.3%–73.4%],9%,0.076625,-0.20019715757735226,-1.0526679275,0.6664570009999995,NA,NA,NA,NA,NA,NA,NA,NA,NA,NA,NA,NA,NA,NA
BFA,195,Diapangou,1,2010,DHS 2010,0.69993803505625,0.700442125,0.020423148624806608,0.65951912475,0.7388513735,0.665517009,0.732925818,0.07933224875,0.029178509527868875,High,Very high (≥50%),70.0%,[66.0%–73.9%],3%,0.335,-0.01707678493715561,-0.85118685825,0.7871684767499996,NA,NA,NA,NA,NA,NA,NA,NA,NA,NA,NA,NA,NA,NA
BFA,196,Fada N'gourma,1,2010,DHS 2010,0.657815155115,0.661120395,0.062470136244426676,0.52713176,0.7714503272499998,0.55090685,0.7549770455,0.2443185672499999,0.09496609459158109,High,Very high (≥50%),65.8%,[52.7%–77.1%],9%,0.20875,0.0079934086359420755,-0.38010159025,0.3968013042499998,NA,NA,NA,NA,NA,NA,NA,NA,NA,NA,NA,NA,NA,NA
BFA,197,Matiacoali,1,2010,DHS 2010,0.74052634331125,0.75558001,0.10843999967547945,0.4878303395,0.9063555095,0.5381900685,0.8899302935,0.41852517,0.1464363836006049,High,Very high (≥50%),74.1%,[48.8%–90.6%],15%,0.636,-0.3673108753790931,-1.4462806325,0.6912730737499997,NA,NA,NA,NA,NA,NA,NA,NA,NA,NA,NA,NA,NA,NA
BFA,198,Tibga,1,2010,DHS 2010,0.83198602512625,0.832504585,0.013836997685891245,0.80352803525,0.85762609425,0.8082631615000001,0.8538179269999999,0.054098058999999976,0.016631286185115363,High,Very high (≥50%),83.2%,[80.4%–85.8%],2%,1,0.84445083430375,0.5647377587499999,1.1314829849999999,NA,NA,NA,NA,NA,NA,NA,NA,NA,NA,NA,NA,NA,NA
BFA,199,Yamba,1,2010,DHS 2010,0.60339574423375,0.603611195,0.02392348422407328,0.5557700442499999,0.64996441175,0.5636389285,0.6418735849999999,0.0941943675000001,0.03964808246112777,High,Very high (≥50%),60.3%,[55.6%–65.0%],4%,0,-0.3014226612842382,-0.66078962025,0.07225569972499996,NA,NA,NA,NA,NA,NA,NA,NA,NA,NA,NA,NA,NA,NA
BFA,200,Bartiébougou,1,2010,DHS 2010,0.420926764835,0.421034555,0.024224385443519954,0.37410981425,0.46881735950000003,0.38116448150000004,0.4604252869999999,0.09470754525000002,0.05755011908785539,High,High (20-50%),42.1%,[37.4%–46.9%],6%,0,-0.8224211158213589,-1.6611745974999998,0.01891126289999992,NA,NA,NA,NA,NA,NA,NA,NA,NA,NA,NA,NA,NA,NA
BFA,201,Foutouri,1,2010,DHS 2010,0.79313759660375,0.822460645,0.13109119642585962,0.46675415175,0.96118991375,0.530983823,0.9500804235,0.49443576199999995,0.1652817833717603,Medium,Very high (≥50%),79.3%,[46.7%–96.1%],17%,0.76475,-0.21530111967839874,-1.53195951,1.0685402774999984,NA,NA,NA,NA,NA,NA,NA,NA,NA,NA,NA,NA,NA,NA
BFA,202,Gayéri,1,2010,DHS 2010,0.4165373915925,0.41631172,0.023963459156523648,0.37014485725,0.46415927650000005,0.37751098450000004,0.4562966975,0.09401441925000004,0.05753015129063656,High,High (20-50%),41.7%,[37.0%–46.4%],6%,0,-0.7690280396142063,-1.5828374525000002,0.049064703324999584,NA,NA,NA,NA,NA,NA,NA,NA,NA,NA,NA,NA,NA,NA
BFA,203,Kompienga,1,2010,DHS 2010,0.70992092279825,0.741550115,0.16789705074473754,0.32006071049999996,0.945001566,0.386473516,0.9275966479999999,0.6249408555,0.2365010599813687,Medium,Very high (≥50%),71.0%,[32.0%–94.5%],24%,0.56025,-0.12715051220008625,-1.58604741,1.3161288899999999,NA,NA,NA,NA,NA,NA,NA,NA,NA,NA,NA,NA,NA,NA
BFA,204,Madjoari,1,2010,DHS 2010,0.83761722577875,0.86940357,0.12018803917923221,0.5224521925000001,0.9753820575,0.5921466380000001,0.96798536,0.4529298649999999,0.14348802230934413,High,Very high (≥50%),83.8%,[52.2%–97.5%],14%,0.85675,-0.21562025621258438,-1.6663944274999998,1.2204127974999999,NA,NA,NA,NA,NA,NA,NA,NA,NA,NA,NA,NA,NA,NA
BFA,205,Pama,1,2010,DHS 2010,0.66817118201,0.67055982,0.05630828222259756,0.55188771025,0.77132839975,0.5728468385,0.756889108,0.21944068949999995,0.08427224001671302,High,Very high (≥50%),66.8%,[55.2%–77.1%],8%,0.235875,-0.7815392031996131,-1.679465955,0.11603529799999976,NA,NA,NA,NA,NA,NA,NA,NA,NA,NA,NA,NA,NA,NA
BFA,206,Botou,1,2010,DHS 2010,0.71461165134375,0.715244285,0.020756317352411836,0.67367395,0.7544625319999999,0.679443228,0.7477843304999999,0.08078858199999994,0.02904559044535843,High,Very high (≥50%),71.5%,[67.4%–75.4%],3%,0.527625,-0.38460369197872635,-1.2783177074999998,0.4999290364999996,NA,NA,NA,NA,NA,NA,NA,NA,NA,NA,NA,NA,NA,NA
BFA,207,Diapaga,1,2010,DHS 2010,0.7565485172925001,0.758377465,0.03483103744387321,0.68345928675,0.8193357499999999,0.6969125555000001,0.8101643079999999,0.1358764632499999,0.04603939687638921,High,Very high (≥50%),75.7%,[68.3%–81.9%],5%,0.8615,-0.5232156050593875,-1.4082597374999999,0.3425230932499997,NA,NA,NA,NA,NA,NA,NA,NA,NA,NA,NA,NA,NA,NA
BFA,208,Kantchari,1,2010,DHS 2010,0.62482551412125,0.63022354,0.1156666461701927,0.38422250575000005,0.8270938649999999,0.4188990755,0.8045071949999999,0.4428713592499999,0.18511831472321585,Medium,Very high (≥50%),62.5%,[38.4%–82.7%],19%,0.239625,-0.6640325972596506,-1.728294195,0.40704402449999966,NA,NA,NA,NA,NA,NA,NA,NA,NA,NA,NA,NA,NA,NA
BFA,209,Logobou,1,2010,DHS 2010,0.768940835437875,0.79734874,0.1397524108669415,0.43448140225000004,0.9556989785000001,0.4971327065,0.9421791534999999,0.52121757625,0.18174663696636584,Medium,Very high (≥50%),76.9%,[43.4%–95.6%],18%,0.710625,-0.22500845215090862,-1.5194382399999997,1.08319199,NA,NA,NA,NA,NA,NA,NA,NA,NA,NA,NA,NA,NA,NA
BFA,210,Namounou,1,2010,DHS 2010,0.540144957626125,0.55018879,0.1950775371060613,0.16364876025000002,0.878322554,0.2075676085,0.8457796525,0.7146737937500001,0.36115774914090587,Low,Very high (≥50%),54.0%,[16.4%–87.8%],36%,0.216625,-0.232222877022845,-1.6635429824999999,1.1793573825,NA,NA,NA,NA,NA,NA,NA,NA,NA,NA,NA,NA,NA,NA
BFA,211,Partiaga,1,2010,DHS 2010,0.71749452252375,0.7179636899999999,0.020013896694808807,0.6774828445000001,0.7554617610000001,0.6838966135,0.749870102,0.0779789165,0.027894145622758146,High,Very high (≥50%),71.7%,[67.7%–75.5%],3%,0.574375,-0.28621031505324873,-1.14474386,0.5491408927499999,NA,NA,NA,NA,NA,NA,NA,NA,NA,NA,NA,NA,NA,NA
BFA,212,Tambaga,1,2010,DHS 2010,0.78454061231375,0.7849490699999999,0.016979718962519017,0.750588198,0.816199015,0.756109414,0.8117602609999999,0.06561081700000004,0.02164288080950048,High,Very high (≥50%),78.5%,[75.1%–81.6%],2%,0.998375,-0.05819992649173175,-0.9296922307500001,0.8121012949999996,NA,NA,NA,NA,NA,NA,NA,NA,NA,NA,NA,NA,NA,NA
BFA,213,Tansarga,1,2010,DHS 2010,0.672354008693125,0.697426925,0.17034493768378933,0.29593241475000004,0.9268417725,0.3586210355000001,0.9076727495,0.63090935775,0.25335602298987403,Medium,Very high (≥50%),67.2%,[29.6%–92.7%],25%,0.467375,-0.235543382044505,-1.622678355,1.1274215624999993,NA,NA,NA,NA,NA,NA,NA,NA,NA,NA,NA,NA,NA,NA
BFA,214,Bama,1,2010,DHS 2010,0.69767370302,0.704936165,0.0814346310879405,0.52061893525,0.8377702217499999,0.5527188814999999,0.8186372849999999,0.3171512864999999,0.11672309094557637,High,Very high (≥50%),69.8%,[52.1%–83.8%],12%,0.458375,-0.3008893347772381,-0.84241494775,0.2185425497499999,NA,NA,NA,NA,NA,NA,NA,NA,NA,NA,NA,NA,NA,NA
BFA,215,Bobo-Dioulasso,1,2010,DHS 2010,0.3445252279075,0.340092915,0.07874142455110551,0.20421331125,0.5091302725,0.2226571045,0.48310091499999996,0.30491696125,0.22855053323481564,Medium,High (20-50%),34.5%,[20.4%–50.9%],23%,0,-1.1402118120887508,-1.9057280675000001,-0.3904250447500008,NA,NA,NA,NA,NA,NA,NA,NA,NA,NA,NA,NA,NA,NA
BFA,216,Dandé,1,2010,DHS 2010,0.667931261095375,0.691294995,0.1670493215004802,0.29649289925,0.919594823,0.35834940800000004,0.898780441,0.62310192375,0.25009957046557063,Medium,Very high (≥50%),66.8%,[29.6%–92.0%],25%,0.45425,-0.3612060576711367,-1.762542125,0.9888331667499999,NA,NA,NA,NA,NA,NA,NA,NA,NA,NA,NA,NA,NA,NA
BFA,217,Faramana,1,2010,DHS 2010,0.58403571893375,0.58425496,0.024237358397335394,0.53696175,0.63186426175,0.5438732390000001,0.6238601364999999,0.09490251174999997,0.04149978778966558,High,Very high (≥50%),58.4%,[53.7%–63.2%],4%,1.25e-4,-0.5722214099440438,-1.0463546350000001,-0.143437786,NA,NA,NA,NA,NA,NA,NA,NA,NA,NA,NA,NA,NA,NA
BFA,218,Fo,1,2010,DHS 2010,0.76769215272125,0.76828337,0.017988198574248604,0.7305410765,0.8015353165,0.7370131455,0.79645558,0.07099423999999999,0.02343152591893191,High,Very high (≥50%),76.8%,[73.1%–80.2%],2%,0.97975,-0.011922794378598625,-0.9381833900000001,0.8842026845,NA,NA,NA,NA,NA,NA,NA,NA,NA,NA,NA,NA,NA,NA
BFA,219,Karankasso-Sambla,1,2010,DHS 2010,0.643394939375125,0.6642033700000001,0.1668154040494639,0.27811891549999995,0.9089507024999999,0.3440042595,0.882222086,0.630831787,0.2592737272871272,Medium,Very high (≥50%),64.3%,[27.8%–90.9%],26%,0.392125,-0.46310057126122123,-1.8121809899999999,0.8977373394999998,NA,NA,NA,NA,NA,NA,NA,NA,NA,NA,NA,NA,NA,NA
BFA,220,Karankasso-Vigué,1,2010,DHS 2010,0.81858902193375,0.8322481450000001,0.08241890716412092,0.6206615925,0.9375512467499999,0.6634077435,0.9271322865,0.31688965424999993,0.10068411004269642,High,Very high (≥50%),81.9%,[62.1%–93.8%],10%,0.886875,0.3566031030235114,-0.39594158574999994,1.10483736,NA,NA,NA,NA,NA,NA,NA,NA,NA,NA,NA,NA,NA,NA
BFA,221,Koundougou,1,2010,DHS 2010,0.726593558985,0.7267318300000001,0.019562339431805784,0.6878174785000001,0.7640694269999999,0.694089688,0.7585321995,0.07625194849999983,0.026923359269978932,High,Very high (≥50%),72.7%,[68.8%–76.4%],3%,0.681625,-0.2050325704607575,-1.09975976,0.6961788107499997,NA,NA,NA,NA,NA,NA,NA,NA,NA,NA,NA,NA,NA,NA
BFA,222,Lena,1,2010,DHS 2010,0.672433870448625,0.6924026050000001,0.15802561298275122,0.32149180450000003,0.9179559545,0.3771529645,0.8934771749999999,0.59646415,0.23500543313994862,Medium,Very high (≥50%),67.2%,[32.1%–91.8%],24%,0.454125,-0.7167947703194962,-1.5457752799999998,0.13816864474999965,NA,NA,NA,NA,NA,NA,NA,NA,NA,NA,NA,NA,NA,NA
BFA,223,Padéma,1,2010,DHS 2010,0.81872219106625,0.828982125,0.07088667726247916,0.6532197705,0.9268771059999998,0.6864269995000001,0.9151399355,0.2736573354999998,0.08658208857165701,High,Very high (≥50%),81.9%,[65.3%–92.7%],9%,0.911875,-0.030077893245800125,-0.5983567535000001,0.5300979939999998,NA,NA,NA,NA,NA,NA,NA,NA,NA,NA,NA,NA,NA,NA
BFA,224,Peni,1,2010,DHS 2010,0.78715513591875,0.7875310799999999,0.01661384492581311,0.7535701260000001,0.8187134322499999,0.759395256,0.8134546954999999,0.06514330624999987,0.021106188815527196,High,Very high (≥50%),78.7%,[75.4%–81.9%],2%,0.9985,0.020685686769658124,-0.48272911074999997,0.4802039052499999,NA,NA,NA,NA,NA,NA,NA,NA,NA,NA,NA,NA,NA,NA
BFA,225,Satiri,1,2010,DHS 2010,0.781156204005,0.7817268150000001,0.016901728969836365,0.746637876,0.81301237775,0.7525443450000001,0.8081197405,0.06637450175000004,0.021636810772520193,High,Very high (≥50%),78.1%,[74.7%–81.3%],2%,0.99525,-0.08469896883993025,-0.9331504362499999,0.7656987372499999,NA,NA,NA,NA,NA,NA,NA,NA,NA,NA,NA,NA,NA,NA
BFA,226,Toussiana,1,2010,DHS 2010,0.6485389407,0.67098024,0.17281793773015458,0.2668330185,0.9139605342499998,0.32508807450000005,0.891608628,0.6471275157499998,0.2664727233550906,Medium,Very high (≥50%),64.9%,[26.7%–91.4%],27%,0.408,0.49288244195331377,-0.5247789915000001,1.4808928024999999,NA,NA,NA,NA,NA,NA,NA,NA,NA,NA,NA,NA,NA,NA
BFA,227,Banzon,1,2010,DHS 2010,0.557135350065875,0.56793391,0.18711438199243902,0.18960626325000002,0.87531999225,0.23731760300000002,0.8472591044999996,0.6857137289999999,0.33585085198832715,Low,Very high (≥50%),55.7%,[19.0%–87.5%],34%,0.235,-0.5055713788925785,-1.9490174975,0.8878818262499996,NA,NA,NA,NA,NA,NA,NA,NA,NA,NA,NA,NA,NA,NA
BFA,228,Djigouera,1,2010,DHS 2010,0.6195053662815,0.6351843749999999,0.17335001168320047,0.25839120325000003,0.8995042164999998,0.30751997550000004,0.8757186249999999,0.6411130132499998,0.27982003242959985,Medium,Very high (≥50%),62.0%,[25.8%–90.0%],28%,0.339625,-0.5451003800388757,-1.8946583925,0.7768454342499992,NA,NA,NA,NA,NA,NA,NA,NA,NA,NA,NA,NA,NA,NA
BFA,229,Kangala,1,2010,DHS 2010,0.60856141832375,0.61135511,0.07735878280455026,0.4479293565,0.7513963412500001,0.47773877099999995,0.7305906429999999,0.3034669847500001,0.12711746173070076,High,Very high (≥50%),60.9%,[44.8%–75.1%],13%,0.0945,-0.3999304242518825,-1.4918623899999999,0.6976842002499992,NA,NA,NA,NA,NA,NA,NA,NA,NA,NA,NA,NA,NA,NA
BFA,230,Kayan,1,2010,DHS 2010,0.687380541211125,0.71275879,0.16247336794430808,0.30935971375,0.9300440985,0.3775977975,0.9080256415000001,0.6206843847500001,0.23636596936253002,Medium,Very high (≥50%),68.7%,[30.9%–93.0%],24%,0.50025,-0.3742837561453059,-1.7168173825,0.9314757127499996,NA,NA,NA,NA,NA,NA,NA,NA,NA,NA,NA,NA,NA,NA
BFA,231,Koloko,1,2010,DHS 2010,0.639082883171125,0.6550124900000001,0.17268273023111394,0.26743176600000007,0.91100662375,0.32546183900000003,0.8873302114999999,0.6435748577499999,0.2702039669318999,Medium,Very high (≥50%),63.9%,[26.7%–91.1%],27%,0.3835,-0.50920177687034,-1.8933816349999997,0.8466526927499999,NA,NA,NA,NA,NA,NA,NA,NA,NA,NA,NA,NA,NA,NA
BFA,232,Kourinion,1,2010,DHS 2010,0.1473671567925,0.146963955,0.012371714565243887,0.12381575924999999,0.17289623949999997,0.1275713695,0.168492484,0.049080480249999975,0.08395164047755804,High,Moderate (5-20%),14.7%,[12.4%–17.3%],8%,0,-1.77107877667425,-2.7758327575,-0.7531259772500002,NA,NA,NA,NA,NA,NA,NA,NA,NA,NA,NA,NA,NA,NA
BFA,233,Kourouma,1,2010,DHS 2010,0.60055989462,0.600848455,0.024332649654920414,0.55204579025,0.6472965964999999,0.5600710345,0.6397793694999999,0.09525080624999993,0.040516607707074284,High,Very high (≥50%),60.1%,[55.2%–64.7%],4%,1.25e-4,-0.6460744620356025,-1.5646180325,0.27585349149999944,NA,NA,NA,NA,NA,NA,NA,NA,NA,NA,NA,NA,NA,NA
BFA,234,Morolaba,1,2010,DHS 2010,0.710013377635,0.73630768,0.16055173526918395,0.33714111825,0.9404996725,0.4036255075,0.9224959715,0.60335855425,0.22612494401720915,Medium,Very high (≥50%),71.0%,[33.7%–94.0%],23%,0.55125,-0.5098314079680775,-2.0016037175,0.9169817397499991,NA,NA,NA,NA,NA,NA,NA,NA,NA,NA,NA,NA,NA,NA
BFA,235,N'dorola,1,2010,DHS 2010,0.4049863316175,0.4049056,0.02416642121690718,0.3588020445,0.45313776625,0.3656410545,0.44517150450000004,0.09433572175000005,0.05967218972647154,High,High (20-50%),40.5%,[35.9%–45.3%],6%,0,-1.1861180099472626,-2.1572686375,-0.2564704322500001,NA,NA,NA,NA,NA,NA,NA,NA,NA,NA,NA,NA,NA,NA
BFA,236,Orodara,1,2010,DHS 2010,0.46200920179325,0.45777842,0.19127707163497407,0.1311255375,0.8242136342499997,0.16084313150000001,0.784176565,0.6930880967499997,0.4140113895839047,Low,High (20-50%),46.2%,[13.1%–82.4%],41%,0.110625,-0.72765338947252,-1.96036635,0.4871583917499994,NA,NA,NA,NA,NA,NA,NA,NA,NA,NA,NA,NA,NA,NA
BFA,237,Samogohiri,1,2010,DHS 2010,0.6219242854195,0.639073405,0.17710671675450013,0.24557321675,0.9052307665,0.30520871950000006,0.8795356089999999,0.65965754975,0.2847721513801929,Medium,Very high (≥50%),62.2%,[24.6%–90.5%],28%,0.354,-0.5971888394328275,-2.020108685,0.8043323634999974,NA,NA,NA,NA,NA,NA,NA,NA,NA,NA,NA,NA,NA,NA
BFA,238,Samorogouan,1,2010,DHS 2010,0.72919246440375,0.729337205,0.01957850536330296,0.6900527895,0.76658161325,0.6968620635,0.7604972315,0.07652882374999992,0.026849571709866776,High,Very high (≥50%),72.9%,[69.0%–76.7%],3%,0.722625,-0.8085678941069275,-1.4174438,-0.2932429165000003,NA,NA,NA,NA,NA,NA,NA,NA,NA,NA,NA,NA,NA,NA
BFA,239,Sindo,1,2010,DHS 2010,0.82182235876,0.82223289,0.014472265667968139,0.7927131884999999,0.8487787969999999,0.7976011715,0.8450256245,0.056065608499999975,0.01760996827806498,High,Very high (≥50%),82.2%,[79.3%–84.9%],2%,1,-0.13202012223454376,-1.14189939,0.8460031937499999,NA,NA,NA,NA,NA,NA,NA,NA,NA,NA,NA,NA,NA,NA
BFA,240,Bekuy,1,2010,DHS 2010,0.700457166791625,0.72423293,0.15283501264638316,0.34489794175,0.9296554174999999,0.407320047,0.9090557945,0.5847574757499999,0.21819323135264485,Medium,Very high (≥50%),70.0%,[34.5%–93.0%],22%,0.525,-0.504760036348137,-1.331332725,0.34515711499999985,NA,NA,NA,NA,NA,NA,NA,NA,NA,NA,NA,NA,NA,NA
BFA,241,Bereba,1,2010,DHS 2010,0.71205633962375,0.73801381,0.15037445684116593,0.365567015,0.930953341,0.42940804349999995,0.9140544305,0.565386326,0.21118336917079295,Medium,Very high (≥50%),71.2%,[36.6%–93.1%],21%,0.563625,-0.1205183798660425,-0.93698003725,0.6904029604999989,NA,NA,NA,NA,NA,NA,NA,NA,NA,NA,NA,NA,NA,NA
BFA,242,Boni,1,2010,DHS 2010,0.73286790242125,0.7333127399999999,0.020075660706280016,0.692078918,0.7713383837500001,0.6996209849999999,0.765196472,0.07925946575000009,0.027393286893796304,High,Very high (≥50%),73.3%,[69.2%–77.1%],3%,0.7635,-0.14175366631437475,-0.9847536432499999,0.6893402985,NA,NA,NA,NA,NA,NA,NA,NA,NA,NA,NA,NA,NA,NA
BFA,243,Founzan,1,2010,DHS 2010,0.81679125279375,0.8172964300000001,0.014711776708324537,0.78695292275,0.8444670842499999,0.7919558750000001,0.8404801024999999,0.057514161499999994,0.018011672698507026,High,Very high (≥50%),81.7%,[78.7%–84.4%],2%,1,0.1279030754676276,-0.7254063249999999,0.9716003842499998,NA,NA,NA,NA,NA,NA,NA,NA,NA,NA,NA,NA,NA,NA
BFA,244,Houndé,1,2010,DHS 2010,0.69445646093875,0.69821015,0.06806599299065427,0.5519988907500001,0.81245787725,0.5733626835,0.7980021625,0.2604589864999999,0.09801333390813911,High,Very high (≥50%),69.4%,[55.2%–81.2%],10%,0.4205,-0.5262347061193775,-1.0932344725,0.041503630874999656,NA,NA,NA,NA,NA,NA,NA,NA,NA,NA,NA,NA,NA,NA
BFA,245,Koti,1,2010,DHS 2010,0.81741516299,0.818066085,0.014636166007682905,0.787243856,0.84421154325,0.7927912265,0.840536071,0.05696768725000001,0.017905425138121593,High,Very high (≥50%),81.7%,[78.7%–84.4%],2%,1,0.12605485281551376,-0.72165781,0.9552920862499998,NA,NA,NA,NA,NA,NA,NA,NA,NA,NA,NA,NA,NA,NA
BFA,246,Koumbia,1,2010,DHS 2010,0.8317243294,0.832158095,0.014076788100948224,0.803175239,0.8579876814999999,0.8082105185,0.8542217704999999,0.05481244249999995,0.0169248242516882,High,Very high (≥50%),83.2%,[80.3%–85.8%],2%,1,-0.5836542673598974,-1.1784125925,-0.005052669645000022,NA,NA,NA,NA,NA,NA,NA,NA,NA,NA,NA,NA,NA,NA
BFA,247,Banh,1,2010,DHS 2010,0.76529344482625,0.793932245,0.14137959007567216,0.416354124,0.952467069,0.4909519795,0.9390310335,0.536112945,0.1847390579802635,Medium,Very high (≥50%),76.5%,[41.6%–95.2%],18%,0.69925,0.05045865630031941,-1.2678430375,1.3871865199999998,NA,NA,NA,NA,NA,NA,NA,NA,NA,NA,NA,NA,NA,NA
BFA,248,Ouindigui,1,2010,DHS 2010,0.53704122190125,0.53692422,0.02515251874313574,0.48731432925,0.58694424325,0.4952356525,0.5783531515000001,0.09962991400000004,0.04683535959137366,High,Very high (≥50%),53.7%,[48.7%–58.7%],5%,0,-0.4502402968267336,-1.291337115,0.39553958274999884,NA,NA,NA,NA,NA,NA,NA,NA,NA,NA,NA,NA,NA,NA
BFA,249,Solle,1,2010,DHS 2010,0.72813319554875,0.758543815,0.15430263701557426,0.36066682125000005,0.94347674875,0.42619074149999997,0.9276383549999999,0.5828099274999999,0.21191539948853133,Medium,Very high (≥50%),72.8%,[36.1%–94.3%],21%,0.6085,0.1052220891192625,-1.2501828825,1.4555383499999983,NA,NA,NA,NA,NA,NA,NA,NA,NA,NA,NA,NA,NA,NA
BFA,250,Titao,1,2010,DHS 2010,0.663809285755,0.66531561,0.05509057890539071,0.55114170675,0.7647353307499999,0.5715866765000001,0.749592584,0.21359362399999993,0.08299157617647977,High,Very high (≥50%),66.4%,[55.1%–76.5%],8%,0.212625,-0.09893260279301637,-0.95572820225,0.7883421947499999,NA,NA,NA,NA,NA,NA,NA,NA,NA,NA,NA,NA,NA,NA
BFA,251,Arbolle,1,2010,DHS 2010,0.7634536668925,0.764218365,0.01806126723503278,0.7262511282499999,0.797174325,0.732840499,0.7921855715000001,0.07092319675000003,0.023657319387236555,High,Very high (≥50%),76.3%,[72.6%–79.7%],2%,0.969875,0.57673747945591,0.028753038825000014,1.1347230499999996,NA,NA,NA,NA,NA,NA,NA,NA,NA,NA,NA,NA,NA,NA
BFA,252,Bagare,1,2010,DHS 2010,0.72953758796375,0.758987715,0.15281707374409306,0.36982251775,0.9433755375,0.436086216,0.926506536,0.5735530197500001,0.2094711448256267,Medium,Very high (≥50%),73.0%,[37.0%–94.3%],21%,0.607625,0.09659383867057125,-1.2134120075000001,1.4023780049999999,NA,NA,NA,NA,NA,NA,NA,NA,NA,NA,NA,NA,NA,NA
BFA,253,Bokin,1,2010,DHS 2010,0.7853471517675,0.785947155,0.016563425470298983,0.75177619125,0.81627213775,0.75727031,0.8116458325000001,0.06449594650000001,0.02109057813862492,High,Very high (≥50%),78.5%,[75.2%–81.6%],2%,0.997625,0.5853776655197812,0.007807948262500007,1.1815933399999998,NA,NA,NA,NA,NA,NA,NA,NA,NA,NA,NA,NA,NA,NA
BFA,254,Gomponsom,1,2010,DHS 2010,0.68350316576375,0.7067058049999999,0.15856757481207107,0.32700962000000006,0.9201434865,0.388164079,0.9010332249999999,0.5931338664999999,0.23199245117597492,Medium,Very high (≥50%),68.4%,[32.7%–92.0%],23%,0.487625,0.22529359922673262,-0.625420059,1.0740132749999998,NA,NA,NA,NA,NA,NA,NA,NA,NA,NA,NA,NA,NA,NA
BFA,255,Kirsi,1,2010,DHS 2010,0.64311653192375,0.6435421400000001,0.023031464270153738,0.59785547375,0.6871484457499999,0.6048142660000001,0.6808929135,0.08929297199999986,0.035812272157364516,High,Very high (≥50%),64.3%,[59.8%–68.7%],4%,0.014875,-0.02441636228748125,-0.852159717,0.7892613779999998,NA,NA,NA,NA,NA,NA,NA,NA,NA,NA,NA,NA,NA,NA
BFA,256,Lâ-Todin,1,2010,DHS 2010,0.674182930994125,0.69928711,0.1658594243221278,0.3031423435,0.9251801040000001,0.36390848349999994,0.9036571149999998,0.6220377605,0.24601546063700797,Medium,Very high (≥50%),67.4%,[30.3%–92.5%],25%,0.469,0.1278382336521375,-1.1573296875,1.4590467099999995,NA,NA,NA,NA,NA,NA,NA,NA,NA,NA,NA,NA,NA,NA
BFA,257,Pilimpikou,1,2010,DHS 2010,0.66451457626675,0.685140395,0.1622360824418061,0.30928001725000004,0.91128990975,0.364732952,0.8892456069999997,0.6020098924999999,0.24414224794473302,Medium,Very high (≥50%),66.5%,[30.9%–91.1%],24%,0.437875,-0.0639618693975234,-0.8985987522500001,0.7728407599999995,NA,NA,NA,NA,NA,NA,NA,NA,NA,NA,NA,NA,NA,NA
BFA,258,Samba,1,2010,DHS 2010,0.63722798702,0.6374750549999999,0.022677683678694573,0.5916454002499999,0.680679537,0.5992675625,0.673952259,0.08903413675000005,0.03558802209040893,High,Very high (≥50%),63.7%,[59.2%–68.1%],4%,0.00775,-0.01961334073726625,-0.85796063,0.8172092884999995,NA,NA,NA,NA,NA,NA,NA,NA,NA,NA,NA,NA,NA,NA
BFA,259,Yako,1,2010,DHS 2010,0.5665275136475,0.5684350899999999,0.07643142331878015,0.41193194575000003,0.71060760925,0.43616518600000004,0.6907417130000001,0.29867566349999997,0.13491211190554228,High,Very high (≥50%),56.7%,[41.2%–71.1%],13%,0.026875,-0.15874689339030212,-0.7989874665,0.5153509474999997,NA,NA,NA,NA,NA,NA,NA,NA,NA,NA,NA,NA,NA,NA
BFA,260,Barga,1,2010,DHS 2010,0.43103511312375,0.43102883999999997,0.024682337028749893,0.38331214649999995,0.4803158715,0.39081694850000004,0.4719160435,0.09700372500000004,0.0572629381626819,High,High (20-50%),43.1%,[38.3%–48.0%],6%,0,-0.348932699096005,-1.2088276574999999,0.50658616775,NA,NA,NA,NA,NA,NA,NA,NA,NA,NA,NA,NA,NA,NA
BFA,261,Kaïn,1,2010,DHS 2010,0.669010514360375,0.694720175,0.1745325850014727,0.28250577450000003,0.93063003025,0.340938772,0.910915884,0.64812425575,0.26088167712631416,Medium,Very high (≥50%),66.9%,[28.3%–93.1%],26%,0.460625,0.037129307589427,-1.39449834,1.4662152324999997,NA,NA,NA,NA,NA,NA,NA,NA,NA,NA,NA,NA,NA,NA
BFA,262,Kalsaka,1,2010,DHS 2010,0.5799726967775,0.58021275,0.02396335679185036,0.53323256825,0.6267296395,0.540177746,0.6198596795,0.09349707125000006,0.04131807742846839,High,Very high (≥50%),58.0%,[53.3%–62.7%],4%,0,-0.4703851270539975,-1.0679427625,0.12995664999999998,NA,NA,NA,NA,NA,NA,NA,NA,NA,NA,NA,NA,NA,NA
BFA,263,Kossouka,1,2010,DHS 2010,0.5905170892325,0.59022592,0.023743831803056097,0.54386537025,0.6374538049999999,0.5515669845,0.6298547285,0.0935884347499999,0.04020854304812102,High,Very high (≥50%),59.1%,[54.4%–63.7%],4%,1.25e-4,-0.37201665795717126,-0.67813690125,-0.05146023620000004,NA,NA,NA,NA,NA,NA,NA,NA,NA,NA,NA,NA,NA,NA
BFA,264,Koumbri,1,2010,DHS 2010,0.650019846905125,0.6707426750000001,0.1690726600427141,0.28363259825,0.9123543222500001,0.33715383900000007,0.8893168485,0.6287217240000001,0.26010384274834525,Medium,Very high (≥50%),65.0%,[28.4%–91.2%],26%,0.4005,0.0012932428269474994,-1.2952674924999998,1.2996081674999995,NA,NA,NA,NA,NA,NA,NA,NA,NA,NA,NA,NA,NA,NA
BFA,265,Namissiguima,1,2010,DHS 2010,0.5015262065175,0.50187214,0.024521012277765656,0.4524761185,0.5483129317500001,0.4608915675,0.5412890764999999,0.09583681325000004,0.0488927835855972,High,Very high (≥50%),50.2%,[45.2%–54.8%],5%,0,-0.5959623078671125,-0.984334715,-0.18771598025000003,NA,NA,NA,NA,NA,NA,NA,NA,NA,NA,NA,NA,NA,NA
BFA,266,Ouahigouya,1,2010,DHS 2010,0.2730414094775,0.2687279,0.057257626718635345,0.17409824475,0.39632134925,0.1868413635,0.373157767,0.22222310450000002,0.2097030879975503,Medium,High (20-50%),27.3%,[17.4%–39.6%],21%,0,-0.7388509221575625,-1.51649055,0.014423804824999782,NA,NA,NA,NA,NA,NA,NA,NA,NA,NA,NA,NA,NA,NA
BFA,267,Oula,1,2010,DHS 2010,0.60271000471875,0.60868491,0.09588747164417885,0.4045132675,0.7798804592499999,0.43675094000000003,0.7530313415,0.37536719174999994,0.1590938774758252,High,Very high (≥50%),60.3%,[40.5%–78.0%],16%,0.13,-0.2695366437228,-0.8697355849999999,0.3487899084999998,NA,NA,NA,NA,NA,NA,NA,NA,NA,NA,NA,NA,NA,NA
BFA,268,Rambo,1,2010,DHS 2010,0.53040831485,0.530685485,0.024767989657007952,0.48229262975,0.57920624075,0.489816766,0.5713379375,0.09691361100000007,0.04669608104468039,High,Very high (≥50%),53.0%,[48.2%–57.9%],5%,0,-0.6688591278709213,-1.1952552200000002,-0.1337705500000003,NA,NA,NA,NA,NA,NA,NA,NA,NA,NA,NA,NA,NA,NA
BFA,269,Seguenega,1,2010,DHS 2010,0.8826356672,0.888058,0.0398716091300234,0.7907852295,0.94439286475,0.8101787895,0.9379771645,0.15360763524999999,0.04517334910848184,High,Very high (≥50%),88.3%,[79.1%–94.4%],5%,0.998875,0.7835648493624288,0.011939274900000033,1.5660408199999998,NA,NA,NA,NA,NA,NA,NA,NA,NA,NA,NA,NA,NA,NA
BFA,270,Tangaye,1,2010,DHS 2010,0.65998354274875,0.660658185,0.03392067607340143,0.59173114325,0.7226129739999999,0.6032173175000001,0.7142081550000001,0.13088183074999993,0.05139624532473339,High,Very high (≥50%),66.0%,[59.2%–72.3%],5%,0.09575,-0.09544586285957363,-0.93639254025,0.7699315859999999,NA,NA,NA,NA,NA,NA,NA,NA,NA,NA,NA,NA,NA,NA
BFA,271,Thiou,1,2010,DHS 2010,0.709721697441875,0.73686496,0.15710855807117613,0.34833389025000006,0.93778431475,0.413515481,0.9189646149999998,0.5894504245,0.2213664294574326,Medium,Very high (≥50%),71.0%,[34.8%–93.8%],22%,0.55275,0.024057171078835725,-1.26678831,1.3161399774999998,NA,NA,NA,NA,NA,NA,NA,NA,NA,NA,NA,NA,NA,NA
BFA,272,Zogore,1,2010,DHS 2010,0.6472603908895,0.669195185,0.1733437125688952,0.2706108125,0.9158404964999999,0.33076549749999995,0.892619443,0.6452296839999998,0.2678114017307269,Medium,Very high (≥50%),64.7%,[27.1%–91.6%],27%,0.403125,0.0011980103959404996,-1.32178403,1.3178449499999996,NA,NA,NA,NA,NA,NA,NA,NA,NA,NA,NA,NA,NA,NA
BFA,273,Bassi,1,2010,DHS 2010,0.61748747085475,0.634865395,0.17466948132029775,0.25000482,0.8976778122499997,0.307748085,0.8722549089999998,0.6476729922499996,0.28287129628478697,Medium,Very high (≥50%),61.7%,[25.0%–89.8%],28%,0.3405,0.0233779278999024,-1.2484045799999999,1.3230238999999993,NA,NA,NA,NA,NA,NA,NA,NA,NA,NA,NA,NA,NA,NA
BFA,274,Boussou,1,2010,DHS 2010,0.91463010375375,0.91484769,0.007773063659191887,0.8983345365,0.9290450235000001,0.9011420785,0.9268865665,0.03071048700000012,0.008498587163587024,High,Very high (≥50%),91.5%,[89.8%–92.9%],1%,1,0.71853455544,0.44456898575000003,1.0045155625,NA,NA,NA,NA,NA,NA,NA,NA,NA,NA,NA,NA,NA,NA
BFA,275,Gourcy,1,2010,DHS 2010,0.49982612299,0.500350555,0.05201674670509624,0.39896859475,0.6004442342499999,0.41453945150000004,0.5845461670000001,0.20147563949999991,0.10406968406118489,High,High (20-50%),50.0%,[39.9%–60.0%],10%,1.25e-4,-0.2495330800803825,-0.83479419725,0.3411409449999998,NA,NA,NA,NA,NA,NA,NA,NA,NA,NA,NA,NA,NA,NA
BFA,276,Léba,1,2010,DHS 2010,0.631176561105125,0.650357345,0.17206181228694145,0.25895418200000003,0.9045140425,0.3121395575,0.8801641539999999,0.6455598604999999,0.27260488251604115,Medium,Very high (≥50%),63.1%,[25.9%–90.5%],27%,0.3605,-0.005080405174731999,-1.31828621,1.3092500224999994,NA,NA,NA,NA,NA,NA,NA,NA,NA,NA,NA,NA,NA,NA
BFA,277,Tougo,1,2010,DHS 2010,0.76333396568125,0.76379184,0.01761066007998399,0.7281768627499999,0.79662229075,0.7338264725000001,0.7916971585,0.06844542800000009,0.0230707146173786,High,Very high (≥50%),76.3%,[72.8%–79.7%],2%,0.97175,0.3110315600610975,-0.51717359175,1.1303580074999997,NA,NA,NA,NA,NA,NA,NA,NA,NA,NA,NA,NA,NA,NA
BFA,278,Boudry,1,2010,DHS 2010,0.59833822551625,0.59949302,0.038437079421093145,0.5215782619999999,0.67105036375,0.5351608145,0.660588835,0.14947210175000014,0.06423971891137223,High,Very high (≥50%),59.8%,[52.2%–67.1%],6%,0.0035,-0.2770016516378461,-0.7153857600000001,0.16780047049999958,NA,NA,NA,NA,NA,NA,NA,NA,NA,NA,NA,NA,NA,NA
BFA,279,Kogho,1,2010,DHS 2010,0.642453413068625,0.662535035,0.16738994269890922,0.281429363,0.90733815775,0.3335975185,0.8822432025,0.62590879475,0.26054798572768906,Medium,Very high (≥50%),64.2%,[28.1%–90.7%],26%,0.3895,0.20139758412116,-0.63114155475,1.0384593,NA,NA,NA,NA,NA,NA,NA,NA,NA,NA,NA,NA,NA,NA
BFA,280,Méguet,1,2010,DHS 2010,0.731927297805,0.73242133,0.019194520086677016,0.692947493,0.7679208110000001,0.6995716719999999,0.7627384199999999,0.07497331800000007,0.026224626604636925,High,Very high (≥50%),73.2%,[69.3%–76.8%],3%,0.7565,-0.06409264301160363,-0.30005293,0.1849635135,NA,NA,NA,NA,NA,NA,NA,NA,NA,NA,NA,NA,NA,NA
BFA,281,Mogtédo,1,2010,DHS 2010,0.8292550594175,0.83325286,0.04091201059340789,0.736768343,0.8973906055,0.754513649,0.8898748980000001,0.1606222625,0.04933585888779024,High,Very high (≥50%),82.9%,[73.7%–89.7%],5%,0.98925,0.5787436434386075,-0.31476014425000004,1.4770254849999993,NA,NA,NA,NA,NA,NA,NA,NA,NA,NA,NA,NA,NA,NA
BFA,282,Salogo,1,2010,DHS 2010,0.703591457251,0.725736215,0.15166216371813454,0.36052799350000003,0.9299963402499999,0.41638188400000004,0.9094629239999998,0.5694683467499999,0.2155542995230404,Medium,Very high (≥50%),70.4%,[36.1%–93.0%],22%,0.53375,0.3052642658031135,-0.499063929,1.1340848774999999,NA,NA,NA,NA,NA,NA,NA,NA,NA,NA,NA,NA,NA,NA
BFA,283,Zam,1,2010,DHS 2010,0.8555105074425,0.85582985,0.01234552787401519,0.830487412,0.87804104025,0.834542342,0.874926484,0.04755362824999998,0.014430597598294197,High,Very high (≥50%),85.6%,[83.0%–87.8%],1%,1,1.02791805670125,0.78436862275,1.2853857574999998,NA,NA,NA,NA,NA,NA,NA,NA,NA,NA,NA,NA,NA,NA
BFA,284,Zorgho,1,2010,DHS 2010,0.47962989309375,0.478707865,0.07394442991502834,0.3381197905,0.6244558794999999,0.36027800449999997,0.6043690519999999,0.2863360889999999,0.154169769190293,High,High (20-50%),48.0%,[33.8%–62.4%],15%,0.001,0.17246048256566462,-0.4137743555,0.7603343302499999,NA,NA,NA,NA,NA,NA,NA,NA,NA,NA,NA,NA,NA,NA
BFA,285,Zoungou,1,2010,DHS 2010,0.80390414536625,0.80421291,0.015537722749287353,0.77245883775,0.83304789,0.7781725749999999,0.828897891,0.06058905225,0.019327830113636913,High,Very high (≥50%),80.4%,[77.2%–83.3%],2%,0.99975,0.058778357998296574,-0.233734732,0.3547220514999999,NA,NA,NA,NA,NA,NA,NA,NA,NA,NA,NA,NA,NA,NA
BFA,286,Boussé,1,2010,DHS 2010,0.64601531370625,0.648438135,0.056693701590823785,0.52848930775,0.75127338125,0.5490232465,0.7360284765,0.22278407349999996,0.08775906760718526,High,Very high (≥50%),64.6%,[52.8%–75.1%],9%,0.137125,-0.1929674062260105,-0.5974078812499999,0.206926422,NA,NA,NA,NA,NA,NA,NA,NA,NA,NA,NA,NA,NA,NA
BFA,287,Laye,1,2010,DHS 2010,0.719727135365,0.74642176,0.15045337369923006,0.364511743,0.9367150147500001,0.43019340500000003,0.919396317,0.5722032717500001,0.20904224157524595,Medium,Very high (≥50%),72.0%,[36.5%–93.7%],21%,0.58475,0.7761300469442006,-0.046332803099999986,1.6173681049999995,NA,NA,NA,NA,NA,NA,NA,NA,NA,NA,NA,NA,NA,NA
BFA,288,Niou,1,2010,DHS 2010,0.68942994964875,0.712542875,0.16041090127965188,0.33006875625000004,0.92658391525,0.39287159250000003,0.9089604654999999,0.596515159,0.23267179118252382,Medium,Very high (≥50%),68.9%,[33.0%–92.7%],23%,0.499875,0.16812078315490775,-1.1147246450000001,1.43494123,NA,NA,NA,NA,NA,NA,NA,NA,NA,NA,NA,NA,NA,NA
BFA,289,Sourgoubila,1,2010,DHS 2010,0.3693644993525,0.36918168500000004,0.02280282668734658,0.3248996645,0.4146118455,0.3322818065,0.4066679325,0.089712181,0.06173529596731734,High,High (20-50%),36.9%,[32.5%–41.5%],6%,0,-0.6179001352195826,-1.4184521924999998,0.21029993099999975,NA,NA,NA,NA,NA,NA,NA,NA,NA,NA,NA,NA,NA,NA
BFA,290,Toéghin,1,2010,DHS 2010,0.57326528812875,0.5732847400000001,0.024580906240702707,0.5252042735,0.62150061125,0.532494168,0.61358084449999994,0.09629633775000002,0.04287876267711864,High,Very high (≥50%),57.3%,[52.5%–62.2%],4%,0,-0.12223173886838462,-0.9698667702499999,0.7155032897499999,NA,NA,NA,NA,NA,NA,NA,NA,NA,NA,NA,NA,NA,NA
BFA,291,Absouya,1,2010,DHS 2010,0.60112206494125,0.6009147,0.023150542471869925,0.5552372637499999,0.64645402575,0.5628708530000001,0.6389664405,0.09121676200000006,0.03851221544185459,High,Very high (≥50%),60.1%,[55.5%–64.6%],4%,1.25e-4,-0.2926763298443125,-0.578503755,0.002254794229999402,NA,NA,NA,NA,NA,NA,NA,NA,NA,NA,NA,NA,NA,NA
BFA,292,Dapélogo,1,2010,DHS 2010,0.61771198532,0.61945388,0.07131255479233423,0.46801680575000004,0.7481824514999998,0.49710653299999996,0.730850428,0.2801656457499998,0.11544628643621252,High,Very high (≥50%),61.8%,[46.8%–74.8%],12%,0.099125,0.8041413203524375,0.3619723315,1.2431943599999995,NA,NA,NA,NA,NA,NA,NA,NA,NA,NA,NA,NA,NA,NA
BFA,293,Loumbila,1,2010,DHS 2010,0.43144948652375,0.43143655000000003,0.02483067536535911,0.38280999725,0.47993467924999994,0.39083450000000003,0.47261313549999995,0.09712468199999996,0.05755175551470324,High,High (20-50%),43.1%,[38.3%–48.0%],6%,0,-0.321996980550549,-1.15235764,0.5245682574999996,NA,NA,NA,NA,NA,NA,NA,NA,NA,NA,NA,NA,NA,NA
BFA,294,Nagreongo,1,2010,DHS 2010,0.59478584174625,0.5966040349999999,0.05686093101917485,0.478665478,0.70057175925,0.498634734,0.685636967,0.22190628125000006,0.0955989988803955,High,Very high (≥50%),59.5%,[47.9%–70.1%],10%,0.01925,0.18883649354805437,-0.14467732875,0.5231194292499999,NA,NA,NA,NA,NA,NA,NA,NA,NA,NA,NA,NA,NA,NA
BFA,295,Ourgou-Manega,1,2010,DHS 2010,0.33914309818625,0.338708125,0.022456145299103707,0.29597276475,0.38382955775,0.30264471049999997,0.376459224,0.08785679299999999,0.06621436620470832,High,High (20-50%),33.9%,[29.6%–38.4%],7%,0,-0.9089384102675592,-1.7421142349999998,-0.04715588595000027,NA,NA,NA,NA,NA,NA,NA,NA,NA,NA,NA,NA,NA,NA
BFA,296,Ziniare,1,2010,DHS 2010,0.60243880584625,0.606404895,0.08725591640211344,0.4239798735,0.7614784345,0.45064279949999997,0.739346671,0.337498561,0.14483780851325548,High,Very high (≥50%),60.2%,[42.4%–76.1%],14%,0.10525,-0.09574502726565169,-0.75336406875,0.571308203,NA,NA,NA,NA,NA,NA,NA,NA,NA,NA,NA,NA,NA,NA
BFA,297,Zitenga,1,2010,DHS 2010,0.5588608665375,0.55868907,0.0418514976973633,0.477819736,0.6394396072499999,0.4904901955,0.6269646689999999,0.16161987124999994,0.07488715027885215,High,Very high (≥50%),55.9%,[47.8%–63.9%],7%,3.75e-4,0.23061011248401625,-0.088699733425,0.5592010835,NA,NA,NA,NA,NA,NA,NA,NA,NA,NA,NA,NA,NA,NA
BFA,298,Deou,1,2010,DHS 2010,0.675607637165,0.68336492,0.0979715943758997,0.46272331025,0.8429976057499999,0.5019328200000001,0.8212820239999999,0.3802742954999999,0.14501256200567877,High,Very high (≥50%),67.6%,[46.3%–84.3%],15%,0.384125,-0.3320047111099581,-1.407912465,0.7715408969999983,NA,NA,NA,NA,NA,NA,NA,NA,NA,NA,NA,NA,NA,NA
BFA,299,Gorom-Gorom,1,2010,DHS 2010,0.718602413175,0.71899643,0.03030763889270803,0.6567631190000001,0.77643402175,0.668199078,0.7671440269999998,0.11967090274999992,0.042175810068323924,High,Very high (≥50%),71.9%,[65.7%–77.6%],4%,0.560625,-0.09447702788710337,-1.0213601325,0.8479706747499995,NA,NA,NA,NA,NA,NA,NA,NA,NA,NA,NA,NA,NA,NA
BFA,300,Markoye,1,2010,DHS 2010,0.84504013197125,0.8452624049999999,0.012895669235894493,0.818598694,0.86945092,0.8233219685,0.865501813,0.050852226000000056,0.015260422254517528,High,Very high (≥50%),84.5%,[81.9%–86.9%],2%,1,0.29185267256037,-0.6307104010000001,1.2543059925,NA,NA,NA,NA,NA,NA,NA,NA,NA,NA,NA,NA,NA,NA
BFA,301,Oursi,1,2010,DHS 2010,0.83238967643125,0.8326555849999999,0.013663307005737497,0.80452495775,0.85812879925,0.8094778385,0.8542286545,0.05360384149999997,0.01641455605782732,High,Very high (≥50%),83.2%,[80.5%–85.8%],2%,1,0.32322881354428573,-0.6213511695,1.2795790925,NA,NA,NA,NA,NA,NA,NA,NA,NA,NA,NA,NA,NA,NA
BFA,302,Tin-Akoff,1,2010,DHS 2010,0.88880333398875,0.8892313000000001,0.009853711923766183,0.868540761,0.90695298725,0.8722404855,0.9043968904999999,0.03841222624999996,0.011086492981011822,High,Very high (≥50%),88.9%,[86.9%–90.7%],1%,1,0.108883925315311,-0.8522824210000001,1.0950653999999997,NA,NA,NA,NA,NA,NA,NA,NA,NA,NA,NA,NA,NA,NA
BFA,303,Bani,1,2010,DHS 2010,0.78169155516125,0.78288241,0.028553124650892617,0.7229650895,0.83416518875,0.7325231315,0.8265441984999999,0.11120009924999996,0.03652735463542597,High,Very high (≥50%),78.2%,[72.3%–83.4%],4%,0.97275,0.2305142823424225,-0.1582846925,0.6677881694999999,NA,NA,NA,NA,NA,NA,NA,NA,NA,NA,NA,NA,NA,NA
BFA,304,Dori,1,2010,DHS 2010,0.6842497360775,0.69206999,0.09077117361674128,0.49002045499999997,0.8400419969999999,0.522943215,0.8208906819999999,0.35002154199999996,0.1326579592665861,High,Very high (≥50%),68.4%,[49.0%–84.0%],13%,0.4135,0.5212640418014487,-0.10908197574999995,1.1909893249999999,NA,NA,NA,NA,NA,NA,NA,NA,NA,NA,NA,NA,NA,NA
BFA,305,Falagountou,1,2010,DHS 2010,0.7145998701075,0.7419676049999999,0.15661693084007175,0.35473252425,0.93922041825,0.413719092,0.9206144254999999,0.584487894,0.21916730941542328,Medium,Very high (≥50%),71.5%,[35.5%–93.9%],22%,0.568375,0.16727014520560224,-1.1687341425000002,1.5403586199999995,NA,NA,NA,NA,NA,NA,NA,NA,NA,NA,NA,NA,NA,NA
BFA,306,Gorgadji,1,2010,DHS 2010,0.7497035364425,0.75035913,0.018455468863386486,0.7114232189999999,0.784339873,0.718481857,0.7789734115,0.07291665400000003,0.024617022551289468,High,Very high (≥50%),75.0%,[71.1%–78.4%],2%,0.91425,0.09381400323062875,-0.794181534,1.0295558424999998,NA,NA,NA,NA,NA,NA,NA,NA,NA,NA,NA,NA,NA,NA
BFA,307,Sampelga,1,2010,DHS 2010,0.7329361154975,0.73358213,0.01933590424462182,0.6939806730000001,0.7694533225,0.700186698,0.763864684,0.07547264949999988,0.026381431936256895,High,Very high (≥50%),73.3%,[69.4%–76.9%],3%,0.763875,0.01283537138885875,-0.86371369575,0.8975615527499997,NA,NA,NA,NA,NA,NA,NA,NA,NA,NA,NA,NA,NA,NA
BFA,308,Seytenga,1,2010,DHS 2010,0.8554894097725,0.855876775,0.012275839821605284,0.8304166744999999,0.8781689875,0.834721798,0.8747163135,0.04775231300000016,0.014349493613100124,High,Very high (≥50%),85.5%,[83.0%–87.8%],1%,1,0.5297567898702538,-0.362593802,1.4167593999999997,NA,NA,NA,NA,NA,NA,NA,NA,NA,NA,NA,NA,NA,NA
BFA,309,Aribinda,1,2010,DHS 2010,0.8665094033525,0.868953665,0.028953334829565136,0.80369895725,0.91653901275,0.8147387359999999,0.9100069494999999,0.11284005550000009,0.03341375721665052,High,Very high (≥50%),86.7%,[80.4%–91.7%],3%,1,0.5531150580371063,-0.35851292725,1.4511408274999993,NA,NA,NA,NA,NA,NA,NA,NA,NA,NA,NA,NA,NA,NA
BFA,310,Baraboule,1,2010,DHS 2010,0.83257276804875,0.83284181,0.013824979438006169,0.8047043495,0.85823586975,0.8093275234999999,0.8545688345,0.053531520249999964,0.016605130468543824,High,Very high (≥50%),83.3%,[80.5%–85.8%],2%,1,0.2926762067254375,-0.54639382625,1.1278871849999996,NA,NA,NA,NA,NA,NA,NA,NA,NA,NA,NA,NA,NA,NA
BFA,311,Diguel,1,2010,DHS 2010,0.83314653810625,0.8640707400000001,0.11721525225360999,0.530703357,0.97338921875,0.5954683255,0.964912697,0.4426858617499999,0.14068983893282613,High,Very high (≥50%),83.3%,[53.1%–97.3%],14%,0.85325,0.22350719791639026,-1.1490257575,1.5996168949999998,NA,NA,NA,NA,NA,NA,NA,NA,NA,NA,NA,NA,NA,NA
BFA,312,Djibo,1,2010,DHS 2010,0.79045687190625,0.79708183,0.06301096811268712,0.64932760975,0.89505174125,0.67599123,0.8829553585000001,0.24572413149999994,0.07971461866190262,High,Very high (≥50%),79.0%,[64.9%–89.5%],8%,0.875625,-0.12812071214641824,-0.80908725075,0.5799532565,NA,NA,NA,NA,NA,NA,NA,NA,NA,NA,NA,NA,NA,NA
BFA,313,Kelbo,1,2010,DHS 2010,0.97913657317625,0.97924614,0.002031505274360694,0.97485222975,0.98286123525,0.975632367,0.98225511,0.008009005500000055,0.00207479255704915,High,Very high (≥50%),97.9%,[97.5%–98.3%],0%,1,1.872573754602875,0.9175629510000001,2.8358845274999998,NA,NA,NA,NA,NA,NA,NA,NA,NA,NA,NA,NA,NA,NA
BFA,314,Koutougou,1,2010,DHS 2010,0.92212215742625,0.922353375,0.007032356504167181,0.90749028275,0.93498340225,0.9100351699999999,0.9331356584999999,0.027493119499999996,0.007626274292980123,High,Very high (≥50%),92.2%,[90.7%–93.5%],1%,1,0.6862588035546338,-0.25709920774999995,1.6280634449999998,NA,NA,NA,NA,NA,NA,NA,NA,NA,NA,NA,NA,NA,NA
BFA,315,Nassoumbou,1,2010,DHS 2010,0.9224288016125,0.922670455,0.007083773673178535,0.90784358175,0.93551584,0.910312819,0.933776771,0.02767225824999997,0.00767948015152538,High,Very high (≥50%),92.2%,[90.8%–93.6%],1%,1,0.48988125216758877,-0.39832404275,1.402970855,NA,NA,NA,NA,NA,NA,NA,NA,NA,NA,NA,NA,NA,NA
BFA,316,Pobe-Mengao,1,2010,DHS 2010,0.9790941552975,0.97918953,0.0020552307728650032,0.9748742945,0.9828240512499999,0.9755980980000001,0.982321721,0.007949756749999981,0.002099114535353872,High,Very high (≥50%),97.9%,[97.5%–98.3%],0%,1,1.711900194514375,0.80636371625,2.6245228824999995,NA,NA,NA,NA,NA,NA,NA,NA,NA,NA,NA,NA,NA,NA
BFA,317,Tongomayel,1,2010,DHS 2010,0.76896049930875,0.770481075,0.03237864578993066,0.7013941585000001,0.8272039867500001,0.7141636585,0.8196274124999999,0.12580982824999998,0.0421070338710989,High,Very high (≥50%),76.9%,[70.1%–82.7%],4%,0.9255,-0.016169672942909875,-0.907574471,0.8790174892499996,NA,NA,NA,NA,NA,NA,NA,NA,NA,NA,NA,NA,NA,NA
BFA,318,Boundore,1,2010,DHS 2010,0.75194821097,0.785077885,0.1533360368375853,0.37523590475,0.9544853847499999,0.4527846425,0.9422569355,0.5792494799999999,0.2039183478338016,Medium,Very high (≥50%),75.2%,[37.5%–95.4%],20%,0.663875,-0.223554158650975,-1.651275755,1.1979311249999998,NA,NA,NA,NA,NA,NA,NA,NA,NA,NA,NA,NA,NA,NA
BFA,319,Mansila,1,2010,DHS 2010,0.6806530260425,0.6898381650000001,0.1026694803685996,0.4638758065,0.8533106690000001,0.4968353935,0.8332902924999999,0.3894348625000001,0.15083967372560966,High,Very high (≥50%),68.1%,[46.4%–85.3%],15%,0.41575,-0.4815917903576675,-1.5206036375,0.5410949957500001,NA,NA,NA,NA,NA,NA,NA,NA,NA,NA,NA,NA,NA,NA
BFA,320,Sebba,1,2010,DHS 2010,0.269468841365,0.269169885,0.019708419212576638,0.23229076399999998,0.3094591285,0.2376549175,0.3030963405,0.07716836450000003,0.07313802632149688,High,High (20-50%),26.9%,[23.2%–30.9%],7%,0,-1.3834212001707575,-2.2738950974999996,-0.4975702482500001,NA,NA,NA,NA,NA,NA,NA,NA,NA,NA,NA,NA,NA,NA
BFA,321,Solhan,1,2010,DHS 2010,0.6678926957575,0.66825747,0.02228561948382438,0.62306120225,0.71023861475,0.629865871,0.703823915,0.0871774125000001,0.03336706573583475,High,Very high (≥50%),66.8%,[62.3%–71.0%],3%,0.068375,-0.36769852254061497,-1.2051497825000002,0.4677511884999996,NA,NA,NA,NA,NA,NA,NA,NA,NA,NA,NA,NA,NA,NA
BFA,322,Tankougounadie,1,2010,DHS 2010,0.71833290348,0.75020869,0.1635280042944826,0.32691111125,0.9453822534999999,0.399336658,0.9266547569999999,0.61847114225,0.22764933013963712,Medium,Very high (≥50%),71.8%,[32.7%–94.5%],23%,0.583125,-0.18834005299800124,-1.6282860325,1.246607059999999,NA,NA,NA,NA,NA,NA,NA,NA,NA,NA,NA,NA,NA,NA
BFA,323,Titabe,1,2010,DHS 2010,0.69621677967125,0.72093641,0.15812228428527253,0.34090690175,0.92958284525,0.39539718300000004,0.9117881315,0.5886759435,0.2271164512293672,Medium,Very high (≥50%),69.6%,[34.1%–93.0%],23%,0.51925,-0.06848291058622825,-1.3890391274999998,1.258212552499999,NA,NA,NA,NA,NA,NA,NA,NA,NA,NA,NA,NA,NA,NA
BFA,324,Bondigui,1,2010,DHS 2010,0.9212655868375,0.92152874,0.007122152465711125,0.9065984545,0.93446614275,0.909059868,0.932414382,0.027867688249999967,0.007730835241724258,High,Very high (≥50%),92.1%,[90.7%–93.4%],1%,1,0.6005347398382712,-0.2756101692499999,1.46887558,NA,NA,NA,NA,NA,NA,NA,NA,NA,NA,NA,NA,NA,NA
BFA,325,Diebougou,1,2010,DHS 2010,0.187600925585,0.187204845,0.015037550060739046,0.15947375274999998,0.21814522624999996,0.16341612600000002,0.21272711599999997,0.05867147349999999,0.08015712083427697,High,Moderate (5-20%),18.8%,[15.9%–21.8%],8%,0,-1.3537527765925,-1.8833680925,-0.8320119887500002,NA,NA,NA,NA,NA,NA,NA,NA,NA,NA,NA,NA,NA,NA
BFA,326,Dolo,1,2010,DHS 2010,0.71595396053125,0.742987485,0.15604180841522572,0.354674586,0.9378778345,0.414888362,0.920957084,0.5832032484999999,0.21794950096992274,Medium,Very high (≥50%),71.6%,[35.5%–93.8%],22%,0.569375,-0.1466035650349225,-1.510731625,1.2063708924999992,NA,NA,NA,NA,NA,NA,NA,NA,NA,NA,NA,NA,NA,NA
BFA,327,Gueguere,1,2010,DHS 2010,0.71414328988375,0.74212936,0.1535358047675397,0.3584364355,0.9330679617499997,0.4221085685,0.917304524,0.5746315262499997,0.21499299502279526,Medium,Very high (≥50%),71.4%,[35.8%–93.3%],21%,0.569625,-0.07148214699214388,-1.3725370149999998,1.1774649824999999,NA,NA,NA,NA,NA,NA,NA,NA,NA,NA,NA,NA,NA,NA
BFA,328,Iolonioro,1,2010,DHS 2010,0.60212153964875,0.6020033149999999,0.023215170573601014,0.55659522925,0.64681315375,0.5634410105,0.6398554025000001,0.09021792449999999,0.03855562215419776,High,Very high (≥50%),60.2%,[55.7%–64.7%],4%,2.5e-4,-0.49856832554742175,-1.4069603025,0.4164154794999998,NA,NA,NA,NA,NA,NA,NA,NA,NA,NA,NA,NA,NA,NA
BFA,329,Tiankoura,1,2010,DHS 2010,0.772320088925,0.798353595,0.132566633736159,0.45648383875000004,0.95153154075,0.516532463,0.938366906,0.495047702,0.17164726858352192,Medium,Very high (≥50%),77.2%,[45.6%–95.2%],17%,0.715625,-0.21638194130684074,-1.0890484075,0.6464998449999995,NA,NA,NA,NA,NA,NA,NA,NA,NA,NA,NA,NA,NA,NA
BFA,330,Dano,1,2010,DHS 2010,0.82649588314625,0.8287521200000001,0.03259023168697447,0.7568416195000001,0.8837467745,0.7687593315,0.875685708,0.126905155,0.039431813698710905,High,Very high (≥50%),82.6%,[75.7%–88.4%],4%,0.99625,0.04758180849693075,-0.6853804327499999,0.7772617227499988,NA,NA,NA,NA,NA,NA,NA,NA,NA,NA,NA,NA,NA,NA
BFA,331,Dissin,1,2010,DHS 2010,0.85512094159,0.8555117400000001,0.012458305105412678,0.8290861435,0.87808287925,0.8338854405,0.8746138864999999,0.048996735749999965,0.014569056257993027,High,Very high (≥50%),85.5%,[82.9%–87.8%],1%,1,0.5215266800401475,-0.31854997174999994,1.3543352249999994,NA,NA,NA,NA,NA,NA,NA,NA,NA,NA,NA,NA,NA,NA
BFA,332,Koper,1,2010,DHS 2010,0.7390400004675,0.7656058800000001,0.14528876574641827,0.39702242825000006,0.94187873575,0.454859143,0.9262619670000001,0.5448563074999999,0.1965912070449663,Medium,Very high (≥50%),73.9%,[39.7%–94.2%],20%,0.631875,-0.14925433647410088,-1.0282785375,0.7269979634999997,NA,NA,NA,NA,NA,NA,NA,NA,NA,NA,NA,NA,NA,NA
BFA,333,Niego,1,2010,DHS 2010,0.74147286947625,0.772227455,0.15727224797288475,0.36511924975000004,0.95432774375,0.43690793800000005,0.9385266054999999,0.589208494,0.21210789288079585,Medium,Very high (≥50%),74.1%,[36.5%–95.4%],21%,0.6395,0.1492552997873154,-1.3013246025,1.6121728149999999,NA,NA,NA,NA,NA,NA,NA,NA,NA,NA,NA,NA,NA,NA
BFA,334,Oronkua,1,2010,DHS 2010,0.712590904723875,0.741376305,0.15341708433261395,0.36019682075000004,0.93437749625,0.41802993200000005,0.9147107989999999,0.5741806755,0.21529475511908508,Medium,Very high (≥50%),71.3%,[36.0%–93.4%],22%,0.564875,-0.13281992565137124,-1.007898775,0.7519174447499998,NA,NA,NA,NA,NA,NA,NA,NA,NA,NA,NA,NA,NA,NA
BFA,335,Ouessa,1,2010,DHS 2010,0.72938655684125,0.758333235,0.15484233847118575,0.35953343425,0.9450781789999999,0.42631330949999996,0.92781903,0.58554474475,0.21229118773693958,Medium,Very high (≥50%),72.9%,[36.0%–94.5%],21%,0.60825,0.12828536164458376,-1.2517226350000001,1.4956795499999986,NA,NA,NA,NA,NA,NA,NA,NA,NA,NA,NA,NA,NA,NA
BFA,336,Zambo,1,2010,DHS 2010,0.75527642506375,0.78436901,0.1448476439263558,0.407545834,0.9524239589999999,0.4776511935,0.9366644475,0.5448781249999999,0.19178096802654704,Medium,Very high (≥50%),75.5%,[40.8%–95.2%],19%,0.6765,-0.055543587252993,-1.3828771375,1.2721871924999997,NA,NA,NA,NA,NA,NA,NA,NA,NA,NA,NA,NA,NA,NA
BFA,337,Batié,1,2010,DHS 2010,0.84908061609125,0.85812546,0.06047910325194064,0.7057207045,0.940997962,0.733697866,0.9306050015,0.23527725749999995,0.07122892939230756,High,Very high (≥50%),84.9%,[70.6%–94.1%],7%,0.967,0.4034445029638227,-0.32299302025,1.1130599475,NA,NA,NA,NA,NA,NA,NA,NA,NA,NA,NA,NA,NA,NA
BFA,338,Boussoukoula,1,2010,DHS 2010,0.647332976947125,0.66866143,0.17419128753885735,0.272656667,0.91819628525,0.325913776,0.8948741314999996,0.64553961825,0.26909070562163795,Medium,Very high (≥50%),64.7%,[27.3%–91.8%],27%,0.40925,-1.29873992158682,-2.3394639125,-0.29932262300000045,NA,NA,NA,NA,NA,NA,NA,NA,NA,NA,NA,NA,NA,NA
BFA,339,Kpuéré,1,2010,DHS 2010,0.657040371695,0.658430385,0.04006724698332387,0.5742251335,0.733476545,0.5891118750000001,0.7213308765,0.1592514115,0.06098140800687846,High,Very high (≥50%),65.7%,[57.4%–73.3%],6%,0.10925,-0.3760627476927425,-1.3877289375,0.5999422937499996,NA,NA,NA,NA,NA,NA,NA,NA,NA,NA,NA,NA,NA,NA
BFA,340,Legmoin,1,2010,DHS 2010,0.727016560087625,0.75724231,0.1580443754083107,0.351615403,0.9469449329999998,0.4202058135000001,0.931492663,0.5953295299999999,0.21738758658985993,Medium,Very high (≥50%),72.7%,[35.2%–94.7%],22%,0.60475,0.098954519536285,-1.3784567925,1.5815036774999995,NA,NA,NA,NA,NA,NA,NA,NA,NA,NA,NA,NA,NA,NA
BFA,341,Midebdo,1,2010,DHS 2010,0.78867459696125,0.81705786,0.13042168666082007,0.46604971999999995,0.9587658517500001,0.5320958585000001,0.9477870454999999,0.4927161317500001,0.16536818500726744,Medium,Very high (≥50%),78.9%,[46.6%–95.9%],17%,0.757875,-0.0432010421284175,-1.3984540874999998,1.257486719999999,NA,NA,NA,NA,NA,NA,NA,NA,NA,NA,NA,NA,NA,NA
BFA,342,Bouroum-Bouroum,1,2010,DHS 2010,0.76997554384375,0.7990531949999999,0.1358839252150298,0.43521478075000003,0.952478892,0.5034054935,0.9379469385,0.51726411125,0.17647823531730836,Medium,Very high (≥50%),77.0%,[43.5%–95.2%],18%,0.712875,0.5694610589217453,-0.31975528625,1.4587739099999997,NA,NA,NA,NA,NA,NA,NA,NA,NA,NA,NA,NA,NA,NA
BFA,343,Boussera,1,2010,DHS 2010,0.9075605696175,0.90796393,0.008449205732747895,0.88991121,0.9230682674999999,0.89273888,0.9208168809999999,0.033157057499999976,0.009309798172819355,High,Very high (≥50%),90.8%,[89.0%–92.3%],1%,1,0.6227117641517746,-0.24422152724999996,1.4606029724999998,NA,NA,NA,NA,NA,NA,NA,NA,NA,NA,NA,NA,NA,NA
BFA,344,Djigouè,1,2010,DHS 2010,0.78441605865625,0.784959235,0.01688626924807394,0.750252988,0.81601905125,0.7559321240000001,0.8114018635,0.06576606325,0.02152718453648322,High,Very high (≥50%),78.4%,[75.0%–81.6%],2%,0.996375,0.09499774511511075,-0.8129663665,0.9805684172499997,NA,NA,NA,NA,NA,NA,NA,NA,NA,NA,NA,NA,NA,NA
BFA,345,Gaoua,1,2010,DHS 2010,0.561064825005,0.5626918000000001,0.07908296873214603,0.402025749,0.709742151,0.42826269349999996,0.6891172669999999,0.30771640200000006,0.1409515713829347,High,Very high (≥50%),56.1%,[40.2%–71.0%],14%,0.0275,-0.6060608418776987,-1.2482097349999999,0.03846300579999964,NA,NA,NA,NA,NA,NA,NA,NA,NA,NA,NA,NA,NA,NA
BFA,346,Gbomblora,1,2010,DHS 2010,0.9791511878175,0.9792654700000001,0.002026960036731349,0.9748918505,0.98276753075,0.9756415639999999,0.9823094885,0.007875680249999961,0.0020701195708595164,High,Very high (≥50%),97.9%,[97.5%–98.3%],0%,1,1.39843138107875,0.972723746,1.7980847075000002,NA,NA,NA,NA,NA,NA,NA,NA,NA,NA,NA,NA,NA,NA
BFA,347,Kampti,1,2010,DHS 2010,0.66922923522125,0.672250375,0.06660873827265015,0.526593803,0.7881385719999999,0.5528280729999999,0.77174284,0.2615447689999999,0.09953052671201525,High,Very high (≥50%),66.9%,[52.7%–78.8%],10%,0.27825,-0.2716910205869406,-1.0372920875,0.4577023464999997,NA,NA,NA,NA,NA,NA,NA,NA,NA,NA,NA,NA,NA,NA
BFA,348,Loropeni,1,2010,DHS 2010,0.93245262506,0.9329691499999999,0.007977914784757942,0.9156755897500001,0.94684959825,0.9184790490000001,0.9449049154999999,0.03117400849999996,0.008555839267699624,High,Very high (≥50%),93.2%,[91.6%–94.7%],1%,1,0.27834810756206974,-0.250510585,0.7753687647499995,NA,NA,NA,NA,NA,NA,NA,NA,NA,NA,NA,NA,NA,NA
BFA,349,Malba,1,2010,DHS 2010,0.73413884041125,0.7612401950000001,0.1523050855947321,0.36855107025,0.9463718915,0.432724732,0.9297787344999999,0.57782082125,0.20746087417117698,Medium,Very high (≥50%),73.4%,[36.9%–94.6%],21%,0.61475,0.045613142644984,-1.348239255,1.4462101299999996,NA,NA,NA,NA,NA,NA,NA,NA,NA,NA,NA,NA,NA,NA
BFA,350,Nako,1,2010,DHS 2010,0.803317467045,0.810262065,0.05994191397906963,0.6700039975,0.899059956,0.6920998565,0.888869361,0.22905595850000005,0.07461796417743251,High,Very high (≥50%),80.3%,[67.0%–89.9%],7%,0.914625,0.1468077244159025,-0.39795491824999996,0.6825168112499997,NA,NA,NA,NA,NA,NA,NA,NA,NA,NA,NA,NA,NA,NA
BFA,351,Perigban,1,2010,DHS 2010,0.76300335503,0.79189048,0.1429204630428238,0.41900242575,0.95598244525,0.48106246700000005,0.9409198990000001,0.5369800195,0.18731302044825793,Medium,Very high (≥50%),76.3%,[41.9%–95.6%],19%,0.6855,-0.0419557902451025,-1.4269207824999999,1.3361376449999995,NA,NA,NA,NA,NA,NA,NA,NA,NA,NA,NA,NA,NA,NA
BFA,1,Bagassi,2,2021,DHS 2021,0.2095420455319375,0.18141006999999998,0.1257901398182785,0.045466737,0.5224861207499994,0.05665315035000001,0.45567785599999994,0.47701938374999947,0.6003097826927823,Low,High (20-50%),21.0%,[4.5%–52.2%],60%,0.549875,0.3073404099740125,-0.51585770025,1.1611782849999999,NA,NA,NA,-3.1944861838713647,-4.7538468151659705,-1.5925860202748676,-0.6348747266755626,-0.80158244095,-0.32147870600000017,-0.7518674653119313,-0.9461310362326455,-0.38288435746390315,0.999875,0.996625
BFA,2,Bana,2,2021,DHS 2021,0.1202824469071875,0.0954042,0.08922363812772065,0.019836666424999996,0.36113959424999986,0.026483294200000004,0.30357232799999984,0.3413029278249999,0.7417843619074985,Low,Moderate (5-20%),12.0%,[2.0%–36.1%],74%,0.226125,-0.04090181791780325,-1.3252980575,1.243913885,NA,NA,NA,-2.8542146181080703,-4.889442487960716,-0.7422163329406823,-0.5081224413611874,-0.810770826925,-0.12813475242500033,-0.7960785747167591,-0.9652666126575549,-0.365502515055652,0.995375,0.988375
BFA,3,Boromo,2,2021,DHS 2021,0.2430190754663625,0.21628990999999997,0.13811629794877653,0.05246546712500001,0.5723811934999998,0.0655875874,0.5141272955,0.5199157263749998,0.5683352127141719,Low,High (20-50%),24.3%,[5.2%–57.2%],57%,0.65075,0.049125425627425875,-1.1644430425,1.291932125,NA,NA,NA,-2.6899429991920467,-4.790700189636012,-0.6091475479125575,-0.5305717775823875,-0.8180842017499999,-0.13588414125000006,-0.6788962759329661,-0.9299271075465609,-0.2338965375448742,0.99525,0.981625
BFA,4,Fara,2,2021,DHS 2021,0.2246216694590125,0.199583265,0.12836054450744838,0.047868410800000004,0.5356536909999998,0.061946619,0.47446609699999953,0.48778528019999984,0.5714521881018731,Low,High (20-50%),22.5%,[4.8%–53.6%],57%,0.60675,0.3703195009777763,-0.5560222069999999,1.270476724999999,NA,NA,NA,-2.9809621133691495,-4.649261953038836,-1.3157508773919548,-0.5978862572872375,-0.8051725111,-0.2784040935000001,-0.7264805769923839,-0.9399646783388647,-0.34661239920183895,0.99925,0.99475
BFA,5,Oury,2,2021,DHS 2021,0.2049553608820125,0.178354475,0.12212584128739687,0.0445783113,0.5007852494999998,0.0560987115,0.4474009649999998,0.4562069381999998,0.595865561953764,Low,High (20-50%),20.5%,[4.5%–50.1%],60%,0.543,-0.25447638831022423,-1.0445702749999999,0.5361297949999999,NA,NA,NA,-2.2245999141677055,-3.760291412888013,-0.6741105947941968,-0.4628556444429875,-0.629630509775,-0.16268475049999997,-0.6929031546710145,-0.9328738241518401,-0.2480479389270498,0.997125,0.982
BFA,6,Pa,2,2021,DHS 2021,0.20260641580775,0.171703575,0.12716770076541473,0.03951049902500001,0.5201692624999996,0.05033258005,0.4550812044999998,0.4806587634749996,0.6276588046751794,Low,High (20-50%),20.3%,[4.0%–52.0%],63%,0.51475,-0.05239208227564088,-1.3304327275,1.2300739374999996,NA,NA,NA,-2.669210479297349,-4.722930840955552,-0.6152261540698106,-0.522279275481,-0.8104743636249999,-0.1318367137500001,-0.7129134800960396,-0.942633106443357,-0.24390935836532643,0.993875,0.981875
BFA,7,Pompoï,2,2021,DHS 2021,0.208030469904925,0.178020645,0.1335104314711182,0.037179087075,0.5444579542499999,0.04927657275,0.4721542194999995,0.5072788671749999,0.6417830596264852,Low,High (20-50%),20.8%,[3.7%–54.4%],64%,0.5325,0.023639844371288,-1.293669195,1.3143696099999993,NA,NA,NA,-2.6978856923857797,-4.7576766268727,-0.6509372374815097,-0.526519871159075,-0.808617442,-0.13778197275000031,-0.7116753899309742,-0.9466186272670868,-0.24296230780318534,0.994875,0.980375
BFA,8,Poura,2,2021,DHS 2021,0.1689960176531375,0.13964463500000002,0.11651101373129148,0.029216592275,0.4696440717499999,0.038032898100000004,0.40069973349999993,0.4404274794749999,0.689430528300549,Low,Moderate (5-20%),16.9%,[2.9%–47.0%],69%,0.404125,0.1319201255739525,-1.1890365125,1.4484714174999982,NA,NA,NA,-2.6573031427235776,-4.72569232273518,-0.5451725562592623,-0.5041529920818625,-0.8043724466499999,-0.10561485125000009,-0.7380424008261663,-0.9527690494090258,-0.2557191007417821,0.992625,0.981375
BFA,9,Siby,2,2021,DHS 2021,0.21934120824,0.19004843500000002,0.13003385340874984,0.047655143350000005,0.5443818919999998,0.059944454800000005,0.4787569914999995,0.49672674864999977,0.5928382288587956,Low,High (20-50%),21.9%,[4.8%–54.4%],59%,0.581125,0.14697896771514163,-0.6727363192499999,0.97953082675,NA,NA,NA,-2.7541190217517144,-4.328609855254992,-1.1357591363368267,-0.569359925145,-0.7473631788249999,-0.24342907150000018,-0.7218276159044387,-0.9397064851866392,-0.30908830815422544,0.999375,0.991
BFA,10,Yaho,2,2021,DHS 2021,0.206667078192125,0.178264895,0.12521874298935073,0.0429648911,0.5163661602499999,0.0554421412,0.4508460414999993,0.4734012691499999,0.6058959370052301,Low,High (20-50%),20.7%,[4.3%–51.6%],61%,0.540125,0.030181784104434874,-0.81157602475,0.87042111975,NA,NA,NA,-2.9033051518838984,-4.493186989613745,-1.310916319067902,-0.592459419812875,-0.7587265543,-0.2809945457500002,-0.7413594563970147,-0.9462900711494007,-0.352854763964094,0.9995,0.994625
BFA,11,Balavé,2,2021,DHS 2021,0.131474474514375,0.13112945999999998,0.011399323971613449,0.11039982375,0.15524520025,0.1135615495,0.150954812,0.04484537649999999,0.0867037043785034,High,Moderate (5-20%),13.1%,[11.0%–15.5%],9%,0.027,0.08790771224780587,-0.4642043585,0.6129915857499996,NA,NA,NA,-3.4897235314627584,-3.769416861402642,-3.211467411901674,-0.699824322836875,-0.73416318775,-0.6632204270000001,-0.841798028424105,-0.867700629131824,-0.8128828284801746,1,1
BFA,12,Kouka,2,2021,DHS 2021,0.2027772362825,0.202294955,0.01585974552796942,0.17286880625,0.234639358,0.17775778450000002,0.22965176099999998,0.061770551749999986,0.07821265255767834,High,High (20-50%),20.3%,[17.3%–23.5%],8%,0.9395,0.17020139130357287,-0.40607103549999995,0.74842485225,NA,NA,NA,-2.4696950938765654,-3.478153960618699,-1.4580677766500507,-0.5363997193025,-0.6910709675,-0.3214659602500002,-0.7207260163411038,-0.7868986017957081,-0.6045812079124891,1,1
BFA,13,Sami,2,2021,DHS 2021,0.225642983795375,0.195953605,0.14012474610239412,0.04156779595,0.5655034284999999,0.05474064615,0.5019710464999999,0.5239356325499999,0.621002008329524,Low,High (20-50%),22.6%,[4.2%–56.6%],62%,0.5895,-0.18889753971483614,-1.5188834274999998,1.0742620324999996,NA,NA,NA,-2.719636563265685,-4.770055260945927,-0.6321237669928091,-0.530600305520875,-0.8130452681,-0.13849149507500033,-0.6966513446402522,-0.9391536742205092,-0.23133582873880637,0.995,0.98075
BFA,14,Sanaba,2,2021,DHS 2021,0.20111722234125,0.200696715,0.015763739702614528,0.1716371325,0.23351376074999997,0.175987739,0.22800159,0.061876628249999954,0.07838085430529197,High,High (20-50%),20.1%,[17.2%–23.4%],8%,0.928125,0.71605359238375,0.47279133300000004,0.9587702372499997,NA,NA,NA,-4.2464412301935,-4.514622539549313,-3.9774782091695497,-0.7447129080625,-0.7755416927500001,-0.7107831242500001,-0.7873601333776317,-0.8184953670925558,-0.752897764791483,1,1
BFA,15,Solenzo,2,2021,DHS 2021,0.0888289355535,0.08462368249999999,0.027900817270414748,0.046634396924999995,0.15317306649999995,0.05065437155,0.141486751,0.10653866957499997,0.31409604422886067,Medium,Moderate (5-20%),8.9%,[4.7%–15.3%],31%,0.0135,-0.3627729462304224,-1.0296276425,0.3046949342499999,NA,NA,NA,-3.599622518848677,-4.6300035421136565,-2.546307490811855,-0.67573817458525,-0.807707558425,-0.4981331867500001,-0.8827648958342409,-0.9403963578655807,-0.7910426383653849,1,1
BFA,16,Tansila,2,2021,DHS 2021,0.1907950438575,0.16247666500000002,0.12302007354313411,0.03648687455,0.505559506,0.0472366262,0.4395296344999996,0.46907263145,0.6447760437373556,Low,Moderate (5-20%),19.1%,[3.6%–50.6%],64%,0.483625,-0.2826302933808875,-1.19474237,0.6309807467499994,NA,NA,NA,-2.493982303374008,-4.135273871515462,-0.8380366068530165,-0.51002127431375,-0.671297230925,-0.19753537425000048,-0.7276676353818057,-0.9480976237449654,-0.28124287317865104,0.998,0.98525
BFA,17,Barani,2,2021,DHS 2021,0.2711567622852375,0.24586063,0.14825855042765315,0.05985138617500001,0.6185558064999997,0.07613790814999999,0.5574361524999997,0.5587044203249998,0.5467632419644242,Low,High (20-50%),27.1%,[6.0%–61.9%],55%,0.715375,0.28031610305775223,-0.657120781,1.2253528099999995,NA,NA,NA,-3.1447889248616474,-4.861315201639527,-1.4397214774087024,-0.6049164483435125,-0.831493195775,-0.25508597200000027,-0.6907218389513655,-0.9312366589451571,-0.2989423765162992,0.999625,0.99175
BFA,18,Bomborokuy,2,2021,DHS 2021,0.21667283177875,0.185567775,0.13702007953049053,0.040416540775,0.5607287812499998,0.05255105175,0.4912113664999999,0.5203122404749998,0.6323823730259137,Low,High (20-50%),21.7%,[4.0%–56.1%],63%,0.55525,-0.043602702311028,-1.380038775,1.2987305699999994,NA,NA,NA,-2.7088489379060396,-4.793349787904702,-0.6299801090041994,-0.52905296535875,-0.8160128781,-0.13718618250000006,-0.7041365691338838,-0.9425848569576405,-0.24088529472850181,0.99425,0.98075
BFA,19,Bourasso,2,2021,DHS 2021,0.243609011657475,0.21284713500000002,0.14515514955394349,0.04801912005,0.5855477494999999,0.0631599933,0.5296037305,0.5375286294499999,0.5958529553826113,Low,High (20-50%),24.4%,[4.8%–58.6%],60%,0.635,-0.07144612030705012,-1.3658970125,1.2321394525000002,NA,NA,NA,-2.7054134998891155,-4.765088140560055,-0.6537618438765417,-0.530129806315025,-0.8100144895,-0.13774768975,-0.6804102492486098,-0.9326806575245622,-0.21929269306646856,0.995125,0.977875
BFA,20,Djibasso,2,2021,DHS 2021,0.1887198117466375,0.15975530500000001,0.12218133925898181,0.036413888075,0.5060451537499998,0.046944655749999994,0.43756380649999993,0.4696312656749998,0.6474219009025626,Low,Moderate (5-20%),18.9%,[3.6%–50.6%],65%,0.471625,0.2869525826430476,-0.7161482507499999,1.2920911075,NA,NA,NA,-3.1111971371267577,-4.817360324291221,-1.362070399661577,-0.6123818321808625,-0.808610630025,-0.29735947175000005,-0.7645403974112268,-0.9533172368052903,-0.37667523217922333,0.999375,0.996375
BFA,21,Dokuy,2,2021,DHS 2021,0.08458756343525,0.08411639600000001,0.007727613444373735,0.07049388617499999,0.1007518095,0.0725231521,0.098032578,0.030257923325000005,0.09135637829654547,High,Moderate (5-20%),8.5%,[7.0%–10.1%],9%,0,-0.592999580520995,-1.4223036599999999,0.23467732524999968,NA,NA,NA,-3.3738072186753656,-4.953807835816621,-1.7752188772344213,-0.61930480472475,-0.844559522775,-0.27070923052500023,-0.8714434693567968,-0.9160151954240545,-0.756929275224327,1,0.999875
BFA,22,Doumbala,2,2021,DHS 2021,0.072861599435375,0.072602592999999993,0.006840859651855504,0.060222127675,0.086826344325,0.0619686454,0.08445250324999998,0.026604216649999998,0.09388840905040854,High,Moderate (5-20%),7.3%,[6.0%–8.7%],9%,0,0.24873705390102963,-0.07458268039999995,0.564706172,NA,NA,NA,-5.085185083524102,-5.357865058436225,-4.813316452510874,-0.853569246088375,-0.8712171593000001,-0.8341739128499999,-0.9213489815208384,-0.9350349994843346,-0.9061325078008419,1,1
BFA,23,Kombori,2,2021,DHS 2021,0.19771202182635,0.16371255499999998,0.1361634725896489,0.031936801050000005,0.5415119784999999,0.04162476525,0.4734294709999997,0.5095751774499999,0.6886959696828195,Low,Moderate (5-20%),19.8%,[3.2%–54.2%],69%,0.48725,-0.006280456398808249,-1.460439225,1.43625717,NA,NA,NA,-2.6734405246922175,-4.663395133491976,-0.6948814302701263,-0.5125515299249,-0.801345803875,-0.13638497937500005,-0.7191153523852444,-0.9489391765099695,-0.24977157679662867,0.99525,0.983625
BFA,24,Madouba,2,2021,DHS 2021,0.1988028923100375,0.158546315,0.14758859860604906,0.026625627375,0.59131693825,0.03630622355,0.5031746104999993,0.564691310875,0.7423865764280803,Low,Moderate (5-20%),19.9%,[2.7%–59.1%],74%,0.4735,0.009039778731568037,-1.6206877225,1.674671494999998,NA,NA,NA,-2.6813559253280914,-4.711764481796656,-0.6749975006211365,-0.5033203692058374,-0.800433352575,-0.12405453075000004,-0.7176799722769516,-0.9526093130534743,-0.23663535090413917,0.994625,0.98075
BFA,25,Nouna,2,2021,DHS 2021,0.115773384726125,0.10817177,0.047117128982333514,0.047003639625,0.22918504599999998,0.054141260100000005,0.2052773779999999,0.18218140637499997,0.4069772089137274,Low,Moderate (5-20%),11.6%,[4.7%–22.9%],41%,0.1425,-0.7094695876406125,-1.22896184,-0.1785426980000001,NA,NA,NA,-2.4498141314752164,-3.4346202676840867,-1.4664701266741849,-0.467015210581375,-0.5914969976000001,-0.3184219985000001,-0.7998324555341263,-0.9201365271425552,-0.5979832035637871,1,1
BFA,26,Sono,2,2021,DHS 2021,0.259428910028625,0.22896568499999997,0.15006875514988288,0.0520475054,0.61415681,0.06911730065,0.5539594059999995,0.5621093046,0.5784581029667223,Low,High (20-50%),25.9%,[5.2%–61.4%],58%,0.678875,-0.03499925595530625,-1.3289242775,1.2758434224999997,NA,NA,NA,-2.6945408281818257,-4.761040634645077,-0.6151881605313025,-0.526849802202625,-0.8169479690999999,-0.13410904000000035,-0.6648589569535424,-0.9293020506813512,-0.20144895335239615,0.994125,0.97525
BFA,27,Bondokuy,2,2021,DHS 2021,0.0947076448376125,0.082828646,0.05439388688497885,0.0260855504,0.2293521804999999,0.03071335595,0.20038557549999997,0.2032666300999999,0.5743347010502017,Low,Moderate (5-20%),9.5%,[2.6%–22.9%],57%,0.103625,-0.6950090566558632,-1.3650946400000001,-0.0411141924500003,NA,NA,NA,-2.9766449513647215,-4.209929322461485,-1.762572956861483,-0.5423033687461375,-0.630444400575,-0.4015202215,-0.8511986125012045,-0.9589357329141216,-0.6384594341664707,1,1
BFA,28,Dedougou,2,2021,DHS 2021,0.146886175417125,0.14512815,0.023975377869775136,0.10534278025,0.19818638824999987,0.11000110750000001,0.188703603,0.09284360799999987,0.16322419588971013,Medium,Moderate (5-20%),14.7%,[10.5%–19.8%],16%,0.231,-0.11336271663334863,-0.68238112625,0.4527874729999998,NA,NA,NA,-2.4000296755661763,-3.465528133925042,-1.3263916309622716,-0.496785294772875,-0.6972801594999999,-0.2528803995000002,-0.7636507718087998,-0.8525972710928085,-0.6125862022503917,1,0.999875
BFA,29,Douroula,2,2021,DHS 2021,0.21475631607625,0.214340375,0.016494930025843062,0.18417966400000002,0.24816200074999997,0.18852675550000003,0.242647387,0.06398233674999995,0.07680765961726814,High,High (20-50%),21.5%,[18.4%–24.8%],8%,0.978125,0.11110120997899688,-0.68208938025,0.9140214357499998,NA,NA,NA,-2.627048749970598,-4.203938912256839,-1.0482244663735363,-0.54929028862625,-0.7376283457499999,-0.22446451350000002,-0.7069891875329393,-0.7885228137485805,-0.5058367658831637,0.999,0.998375
BFA,30,Kona,2,2021,DHS 2021,0.201646492881625,0.17131744999999998,0.12650754073212045,0.039353033675,0.5197443522499999,0.05062193155,0.4561983214999999,0.48039131857499995,0.6273728787655419,Low,High (20-50%),20.2%,[3.9%–52.0%],63%,0.51575,-0.06993547842988625,-1.3262345325,1.1851418424999995,NA,NA,NA,-2.698684430757807,-4.734576512708159,-0.5897297774365763,-0.527736066698375,-0.8096636930750001,-0.130866870000001,-0.7151273407227418,-0.9427440020620081,-0.25046644268882723,0.993,0.981375
BFA,31,Ouarkoye,2,2021,DHS 2021,0.15060428709625,0.15017738,0.012869355352193537,0.12676447575,0.17697171425,0.1304439175,0.17263188599999998,0.0502072385,0.08545145427346855,High,Moderate (5-20%),15.1%,[12.7%–17.7%],9%,0.200875,-0.599164088284875,-0.87903123225,-0.3320948182500001,NA,NA,NA,-2.151319386083662,-2.428570331967086,-1.8690596063105134,-0.4521312351025,-0.5049932225,-0.39782295075,-0.7497197036938561,-0.7936779404011415,-0.7004129601806561,1,1
BFA,32,Safane,2,2021,DHS 2021,0.228698951415375,0.19962192499999998,0.13491223904894067,0.048971821250000006,0.5636952377499999,0.06179517185,0.49498428299999986,0.5147234164999999,0.5899119266354047,Low,High (20-50%),22.9%,[4.9%–56.4%],59%,0.6095,0.7956645500925452,-0.20125557099999994,1.8385771074999997,NA,NA,NA,-3.7553660054511333,-5.549830053446744,-1.9708324464140143,-0.677164141809625,-0.87488944475,-0.3478732830000001,-0.7479698696550566,-0.9455676826838594,-0.38335920111224886,1,0.99825
BFA,33,Tchériba,2,2021,DHS 2021,0.2399141859475,0.211855505,0.1374124693754474,0.051936785175,0.5741850292499999,0.0650033723,0.5062999884999998,0.5222482440749999,0.5727567498051872,Low,High (20-50%),24.0%,[5.2%–57.4%],57%,0.64,0.4681775502687546,-0.3442154225,1.2960731074999998,NA,NA,NA,-3.094293805054187,-4.726933927708357,-1.4904052988624408,-0.61583711387875,-0.8088014751,-0.28378604700000004,-0.7196433008950652,-0.9393803234741925,-0.33221809774812755,1,0.995375
BFA,34,Gassan,2,2021,DHS 2021,0.097142553021375,0.09663699349999999,0.00874366623421321,0.081399843475,0.11568145175,0.0835562181,0.112538498,0.034281608275,0.09000861066817212,High,Moderate (5-20%),9.7%,[8.1%–11.6%],9%,0,0.19008866437811675,-0.040085213375,0.42447709999999994,NA,NA,NA,-4.696994835762396,-4.964645724078935,-4.421412714678625,-0.824112475298625,-0.844641004125,-0.8008414620000001,-0.894549344303045,-0.91164750501402,-0.8745329875346202,1,1
BFA,35,Gossina,2,2021,DHS 2021,0.2476879577585625,0.22270741,0.1373823582376712,0.055115953675,0.58633799375,0.07030884820000001,0.5100767024999997,0.531222040075,0.5546590132233505,Low,High (20-50%),24.8%,[5.5%–58.6%],55%,0.672125,0.49970372566410126,-0.299298134,1.3073374374999995,NA,NA,NA,-3.042674206472928,-4.630287913668032,-1.443798828470946,-0.6082565261089375,-0.8022630017000001,-0.2735952427500002,-0.7106465061419056,-0.9357686476604219,-0.3198327867991183,1,0.994125
BFA,36,Kougny,2,2021,DHS 2021,0.208827434569475,0.178420735,0.13157355278721372,0.04149073500000001,0.5376251499999999,0.051815605949999996,0.4677182084999999,0.4961344149999999,0.6300587518994799,Low,High (20-50%),20.9%,[4.1%–53.8%],63%,0.535375,0.110257500965785,-1.1707588549999999,1.4088708275,NA,NA,NA,-2.6556284388106164,-4.717102542844691,-0.6326338434104254,-0.520132834704775,-0.810218753,-0.13682987749999995,-0.7057187909991457,-0.941130555031588,-0.25449887256136605,0.995125,0.982125
BFA,37,Toma,2,2021,DHS 2021,0.1980490329667,0.17099591,0.12110983582308626,0.04119246640000001,0.49156285924999976,0.05105652485,0.4350501859999998,0.45037039284999975,0.6115144013020739,Low,Moderate (5-20%),19.8%,[4.1%–49.2%],61%,0.514875,0.28408661062766377,-0.59057635775,1.1529356024999997,NA,NA,NA,-2.831725285123558,-4.464034835767541,-1.2134375471916592,-0.5755632506808,-0.76393602925,-0.2733060050000002,-0.7438122239487238,-0.9468456537693715,-0.3616933067809958,0.99975,0.99375
BFA,38,Yaba,2,2021,DHS 2021,0.22671830709025,0.20069082,0.1319529484479492,0.049514268575,0.54977329475,0.061323369200000005,0.47979836999999975,0.5002590261750001,0.5820127635101939,Low,High (20-50%),22.7%,[5.0%–55.0%],58%,0.605375,0.36830158593405127,-0.4433242475,1.1778224474999994,NA,NA,NA,-2.9928408823564254,-4.562254320448966,-1.4076411128746775,-0.6053096432735,-0.7845344146750001,-0.28481905900000043,-0.7275367651116786,-0.9405291413184655,-0.3403563800690684,1,0.995625
BFA,39,Ye,2,2021,DHS 2021,0.10111772094475,0.1007834,0.009107413763532047,0.084315609575,0.11990573075,0.08676332775,0.1166449295,0.03559012117499999,0.0900674350493745,High,Moderate (5-20%),10.1%,[8.4%–12.0%],9%,0,-0.30438094822212824,-1.093307045,0.49636905674999987,NA,NA,NA,-3.264553280319536,-4.827154098601516,-1.6745788721639325,-0.61978964852775,-0.83221398925,-0.27606088715000027,-0.851721464609008,-0.8994920241349229,-0.7285415488516461,1,0.999875
BFA,40,Di,2,2021,DHS 2021,0.1444216898599625,0.11773070999999999,0.100883340099205,0.025657760725000006,0.40765535625,0.0332077643,0.34853445549999995,0.381997595525,0.6985331649077491,Low,Moderate (5-20%),14.4%,[2.6%–40.8%],70%,0.319125,-0.5264420548307575,-1.36066446,0.316464397999999,NA,NA,NA,-2.021242828617432,-3.657624780402381,-0.38491119356154213,-0.3589865133675375,-0.49237430085000006,-0.09535785250000009,-0.7126387499417506,-0.9491875055601071,-0.19041236323255628,0.991625,0.973625
BFA,41,Gomboro,2,2021,DHS 2021,0.247286527188125,0.21850777,0.14593168753799327,0.04898194815,0.6014696972499998,0.0638003603,0.5347315165,0.5524877490999998,0.5901319784679361,Low,High (20-50%),24.7%,[4.9%–60.1%],59%,0.65,0.03081719734048275,-1.2914122525,1.3512402824999994,NA,NA,NA,-2.650864704727792,-4.722699337151969,-0.630630011321764,-0.521369352819125,-0.80888854675,-0.1327259837500001,-0.6743052205553474,-0.9307901296476002,-0.21042090355927973,0.994,0.976375
BFA,42,Kassoum,2,2021,DHS 2021,0.24487313822725,0.217941355,0.1377031634426994,0.0522948838,0.5787134922499998,0.06749051095000001,0.5148191489999999,0.5264186084499998,0.5623449123068228,Low,High (20-50%),24.5%,[5.2%–57.9%],56%,0.65925,0.18419125124852237,-0.62073212875,0.9964512842499994,NA,NA,NA,-2.88285197896829,-4.518007968201428,-1.2895293642627732,-0.5875711753165,-0.78262981295,-0.25604738350000034,-0.7058446210289718,-0.9370628857882497,-0.30534037912233497,0.999875,0.99275
BFA,43,Kiembara,2,2021,DHS 2021,0.1990671850319875,0.170560875,0.12344895443474858,0.039267362050000004,0.5035490534999996,0.0500619646,0.4400569599999999,0.46428169144999953,0.6201371381973978,Low,Moderate (5-20%),19.9%,[3.9%–50.4%],62%,0.513625,0.031167440873431252,-1.22115272,1.287304915,NA,NA,NA,-2.6551416707572337,-4.638145471745876,-0.6470783073966692,-0.5210620489917624,-0.80335961275,-0.1397996390000001,-0.7159741758115462,-0.942967279886014,-0.270944635865924,0.995,0.983875
BFA,44,Lanfièra,2,2021,DHS 2021,0.2066481127023,0.17727831,0.13120090897113706,0.03821286285000001,0.54276363475,0.0490429703,0.45959323049999995,0.5045507719,0.6349001075085879,Low,High (20-50%),20.7%,[3.8%–54.3%],63%,0.531875,-0.013190025031806999,-1.306700845,1.3204281299999991,NA,NA,NA,-2.6488766834818547,-4.681940897369058,-0.6349592670594735,-0.51824510959895,-0.80420793795,-0.13157505575000014,-0.7080852338503235,-0.9442398269242367,-0.240870009154704,0.99325,0.980375
BFA,45,Lankouè,2,2021,DHS 2021,0.1658647214625125,0.13851238,0.110107579855335,0.032904440699999996,0.4585075469999999,0.040737979300000005,0.3863559204999999,0.4256031062999999,0.663839657309048,Low,Moderate (5-20%),16.6%,[3.3%–45.9%],66%,0.388625,-0.32925854560489215,-1.1472936649999999,0.5106893094999999,NA,NA,NA,-2.16728222334389,-3.7368781960368267,-0.5197014628974721,-0.4195894446424875,-0.56573084505,-0.12909076250000034,-0.7164612201560097,-0.9442749932891228,-0.219232326538436,0.995375,0.9785
BFA,46,Toeni,2,2021,DHS 2021,0.310367967618,0.287483205,0.15670272629378879,0.074821158725,0.66618394175,0.09627583595,0.606223655,0.5913627830249999,0.5048933609239535,Low,High (20-50%),31.0%,[7.5%–66.6%],50%,0.807125,0.60902882647627,-0.20631271625,1.4310551199999995,NA,NA,NA,-3.457720313993889,-5.0682048364354255,-1.8464355667322512,-0.6167933294345,-0.852239958475,-0.2621382055000001,-0.6652549316340436,-0.9195782058932783,-0.28290512734153905,1,0.9925
BFA,47,Tougan,2,2021,DHS 2021,0.105277095789125,0.10496827,0.009342658106881062,0.087476334125,0.12430070824999999,0.09009122535,0.1211046305,0.03682437412499999,0.08874350148863193,High,Moderate (5-20%),10.5%,[8.7%–12.4%],9%,5e-4,-0.6633054142841375,-1.04826829,-0.26588109275000005,NA,NA,NA,-2.508319475104734,-3.192012384669411,-1.8401399458045873,-0.482624737545875,-0.631030063325,-0.3244652587250002,-0.8176566787504328,-0.8659142813742098,-0.7472393162501539,1,1
BFA,48,Banfora,2,2021,DHS 2021,0.0293281586615375,0.027158877499999998,0.012283352506903938,0.01218517645,0.05868243962499999,0.01402440695,0.05171408479999998,0.04649726317499999,0.4188245381737169,Low,Low (1-5%),2.9%,[1.2%–5.9%],42%,0,-1.0976373580413625,-1.7983045225,-0.43258952475,NA,NA,NA,-3.373817028543787,-4.311853072885796,-2.4392926522724707,-0.4202609364584625,-0.5493967944,-0.296619126075,-0.9336097898671253,-0.9735895398220463,-0.862617287991035,1,1
BFA,49,Beregadougou,2,2021,DHS 2021,0.1297696184618375,0.1027583,0.09721753807715221,0.020271440700000004,0.3967781774999998,0.027209090600000003,0.3248589709999994,0.3765067367999998,0.7491548424775699,Low,Moderate (5-20%),13.0%,[2.0%–39.7%],75%,0.262375,-0.5101615605915134,-1.930515375,0.8449443657499995,NA,NA,NA,-2.601323499998508,-4.6092931593864375,-0.5557153431063756,-0.4646432670234125,-0.7771143185,-0.0993905887500001,-0.7694703181704847,-0.9617243839770648,-0.2915066970340904,0.9945,0.98525
BFA,50,Mangodara,2,2021,DHS 2021,0.24982045007375,0.22211904500000001,0.14416438190235054,0.050339453125,0.5963641457499999,0.0647773774,0.5342779894999998,0.5460246926249999,0.5770719805355865,Low,High (20-50%),25.0%,[5.0%–59.6%],58%,0.663375,-0.13571881315631,-1.1293907174999998,0.8351379367499999,NA,NA,NA,-2.796211077644032,-4.524752601915672,-1.0983345387716874,-0.5687346663175,-0.7859183879249999,-0.22190488474999998,-0.6949307480418341,-0.9372633175741538,-0.27363163282820385,0.99975,0.988875
BFA,51,Moussodougou,2,2021,DHS 2021,0.0995077776896375,0.07782712750000001,0.07788711099279914,0.015872561275,0.3146127587499999,0.0201150172,0.25542175749999985,0.2987401974749999,0.7827238513528789,Low,Moderate (5-20%),10.0%,[1.6%–31.5%],78%,0.1565,-0.5827985689387725,-1.960009425,0.7828366237499996,NA,NA,NA,-2.592089621383505,-4.666073199307798,-0.5455415598431459,-0.4250504145499875,-0.76486225645000006,-0.072185961,-0.7907399841365945,-0.9671808059722227,-0.3273871323590624,0.993875,0.98525
BFA,52,Niangoloko,2,2021,DHS 2021,0.182632836263575,0.155821255,0.11872420618265546,0.033882280099999995,0.48011689099999943,0.0443829009,0.4180912429999998,0.44623461089999944,0.650070428799086,Low,Moderate (5-20%),18.3%,[3.4%–48.0%],65%,0.459625,-0.7747913908856646,-1.9223676525000002,0.3198650737499987,NA,NA,NA,-2.1666271570166398,-3.9728455887218255,-0.3441575782488343,-0.424331157442675,-0.6956726553750001,-0.0791837530000002,-0.6910170176758118,-0.9404751181264448,-0.16476339387551672,0.989375,0.9705
BFA,53,Ouo,2,2021,DHS 2021,0.283158973288975,0.25664504,0.1516381474428604,0.06351232765,0.6356578937499996,0.0812188601,0.5727075354999998,0.5721455660999996,0.5355230162107829,Low,High (20-50%),28.3%,[6.4%–63.6%],54%,0.74975,0.2358963214219385,-0.6606260655,1.1333628499999988,NA,NA,NA,-3.131772399425681,-4.782050466697703,-1.5022021600199993,-0.604533579707275,-0.82451565835,-0.252186749,-0.6809941012266526,-0.9283546201313996,-0.2855880740284317,0.999875,0.99075
BFA,54,Sidéradougou,2,2021,DHS 2021,0.072337236356875,0.067857269,0.027766670158058556,0.031197928625,0.13869344924999996,0.035374156500000004,0.12350695049999999,0.10749552062499997,0.3838503038887466,Low,Moderate (5-20%),7.2%,[3.1%–13.9%],38%,0.008125,-0.8570409616702375,-1.5599278774999998,-0.17563760650000038,NA,NA,NA,-3.2449658121189913,-4.364051600432308,-2.151959210784039,-0.572929084016875,-0.7399797540249999,-0.3760137252000001,-0.8856793865260385,-0.9529678994586636,-0.770554015055162,1,1
BFA,55,Soubakaniédougou,2,2021,DHS 2021,0.16628560266375,0.16595501499999998,0.013657482592244525,0.14069201725,0.194527849,0.144602484,0.18925246049999997,0.05383583175000001,0.08213268240583425,High,Moderate (5-20%),16.6%,[14.1%–19.5%],8%,0.476,-0.36616908904230927,-1.312619255,0.5773736824999997,NA,NA,NA,-2.2022304218172017,-3.8350578424958894,-0.5672572281056026,-0.459193937674,-0.7371486002500001,-0.09485662975000016,-0.7044693277329194,-0.825353535850474,-0.3650735221896291,0.996125,0.989625
BFA,56,Tiéfora,2,2021,DHS 2021,0.16404579215275,0.15176609,0.07493871730233426,0.05580877595,0.34634534349999985,0.0665341417,0.30710705,0.29053656754999985,0.45681584586184104,Low,Moderate (5-20%),16.4%,[5.6%–34.6%],46%,0.418375,-0.36902943621136874,-1.4661337675,0.7302911139999995,NA,NA,NA,-2.4739707698353732,-4.274700480537985,-0.7178980310111419,-0.4937450593485,-0.7772235814,-0.13769430585000036,-0.7334226703678972,-0.9170462235996328,-0.36991515743588665,0.996875,0.990625
BFA,57,Dakoro,2,2021,DHS 2021,0.067537474374625,0.06725563300000001,0.006303475505561702,0.055841654824999996,0.080842151475,0.057615125,0.07847364625,0.025000496650000002,0.09333300606707359,High,Moderate (5-20%),6.8%,[5.6%–8.1%],9%,0,-1.09778280065017,-2.057889125,-0.11144426950000015,NA,NA,NA,-3.0752786236718554,-4.743072782788375,-1.4373890678583237,-0.528087246848625,-0.8247709931999999,-0.16883360722500002,-0.8717555589065125,-0.9282269117632557,-0.7109670262400565,1,1
BFA,58,Douna,2,2021,DHS 2021,0.1268722939434375,0.102466825,0.09025254580945981,0.021676398225000004,0.361435613,0.028634620200000002,0.3096516859999999,0.339759214775,0.7113652871264109,Low,Moderate (5-20%),12.7%,[2.2%–36.1%],71%,0.253875,-0.4403032301158175,-1.4605128375,0.5204623474999995,NA,NA,NA,-2.85407583270429,-4.489837619922502,-1.245116396904505,-0.53786846049031245,-0.6566466728,-0.30082871775000025,-0.8090286660491515,-0.9673697176253798,-0.45502759541934895,0.99975,0.998125
BFA,59,Kankalaba,2,2021,DHS 2021,0.1082793483567875,0.085086277,0.08227015518779374,0.018718392299999997,0.332305905,0.02409690355,0.27348531699999984,0.3135875127,0.75979544055537,Low,Moderate (5-20%),10.8%,[1.9%–33.2%],76%,0.180625,-0.8881322265184988,-1.9329803025,0.13713662824999998,NA,NA,NA,-2.21650106853311,-3.8060995741681696,-0.5516793446990461,-0.3550347537244625,-0.46103704625,-0.13012292475000012,-0.7659886931113492,-0.9593216549911581,-0.2848356414033105,0.995375,0.9835
BFA,60,Loumana,2,2021,DHS 2021,0.050778818665875,0.0505768305,0.004789640371527529,0.041956162925,0.0609293438,0.0433080582,0.0590131328,0.018973180875000002,0.09432358801104448,High,Moderate (5-20%),5.1%,[4.2%–6.1%],9%,0,-1.055873297155845,-2.053731585,-0.07105306650000047,NA,NA,NA,-3.1426462838573026,-4.828951679210896,-1.5106443840999604,-0.494368009875625,-0.8169661725499999,-0.14219216335000007,-0.891461477444523,-0.943881785887448,-0.7377416386454636,1,1
BFA,61,Niankorodougou,2,2021,DHS 2021,0.08935077751,0.088173718,0.015710770073918873,0.062237891249999996,0.12323780449999996,0.06570987105,0.11731388099999998,0.06099991324999997,0.17583249426296876,Medium,Moderate (5-20%),8.9%,[6.2%–12.3%],18%,1.25e-4,-0.671114402759695,-1.4141407049999999,0.04073949947499989,NA,NA,NA,-2.5027369846691534,-3.573832608027606,-1.4117034925749297,-0.44955526892125,-0.678046239425,-0.20027693622500004,-0.8240768942221146,-0.9011242768602078,-0.6790703344893685,1,0.999875
BFA,62,Oueleni,2,2021,DHS 2021,0.15008640028335,0.1208978,0.1055092807733496,0.025831936,0.41424822774999953,0.0336160562,0.3625396564999999,0.38841629174999953,0.7029902814256143,Low,Moderate (5-20%),15.0%,[2.6%–41.4%],70%,0.336875,0.136133234713953,-0.9387903679999999,1.1136299249999997,NA,NA,NA,-3.5580748065408714,-5.241047980451364,-1.9174966496618058,-0.68036985704915,-0.8093516163,-0.41606717925000003,-0.8192852034719789,-0.9686517137284433,-0.5012773092001747,1,0.999125
BFA,63,Sindou,2,2021,DHS 2021,0.092647338408125,0.073297293,0.07047508000346196,0.015158316425,0.2788925017499996,0.01960917565,0.2341578505,0.2637341853249996,0.7606811076753116,Low,Moderate (5-20%),9.3%,[1.5%–27.9%],76%,0.13225,-1.4456852940554688,-2.403606095,-0.4682467260000003,NA,NA,NA,-1.4653882416665693,-3.1003875699916112,0.1411633177687773,-0.161746872854375,-0.25302284845000006,0.027282196999999984,-0.6340316570730993,-0.9403141352353649,0.10775518790612429,0.960875,0.920375
BFA,64,Wolonkoto,2,2021,DHS 2021,0.15459518051215,0.128152985,0.10393758571968593,0.029726698475,0.42461890224999993,0.03785648895,0.360764245,0.39489220377499995,0.6723209958768233,Low,Moderate (5-20%),15.5%,[3.0%–42.5%],67%,0.35625,-0.7852671918957909,-1.7853193800000002,0.18605119649999977,NA,NA,NA,-2.38549706592564,-3.985811835266637,-0.7976452469714745,-0.4614942498666,-0.5989340175250001,-0.19657779150000013,-0.7489682076896649,-0.952323584900055,-0.3175062441810645,0.998375,0.987625
BFA,65,Komki-Ipala,2,2021,DHS 2021,0.1464025022553875,0.12018788,0.1006635803596896,0.026067428900000002,0.4087099937499993,0.03388435075,0.3471523014999999,0.38264256484999926,0.6875810099481087,Low,Moderate (5-20%),14.6%,[2.6%–40.9%],69%,0.32225,-0.36363785160260725,-1.220781995,0.4831323537499997,NA,NA,NA,-1.7146666279247444,-3.3573699394623864,-0.07321764544488783,-0.2861048104146125,-0.420330931175,-0.018160951000000217,-0.6605863126054389,-0.939811352898319,-0.038958903301525814,0.979875,0.950375
BFA,66,Komsilga,2,2021,DHS 2021,0.15069392843325,0.14385988,0.050470762325182474,0.07311999817500002,0.2699054955,0.0806481718,0.243536908,0.19678549732499995,0.3349223346283559,Low,Moderate (5-20%),15.1%,[7.3%–27.0%],33%,0.3365,0.7664707918339737,0.061901903325000014,1.4721309225,NA,NA,NA,-2.0318776051371885,-3.2231468231095337,-0.8496312366831298,-0.4079609978005,-0.63669157825,-0.16498679800000002,-0.7184478907932241,-0.8784680095155635,-0.43905659931665375,0.99975,0.997625
BFA,67,Koubri,2,2021,DHS 2021,0.07282456159825,0.0667018205,0.03364142132404814,0.026292844725,0.15560608449999985,0.03073824005,0.1358881955,0.12931323977499987,0.46195158042470874,Low,Moderate (5-20%),7.3%,[2.6%–15.6%],46%,0.01925,-0.4427919022151737,-1.2525349575,0.3607622824999997,NA,NA,NA,-3.0962395479748412,-4.5090023267486785,-1.6995027149320594,-0.53074849517175,-0.76227338055,-0.2630715127500001,-0.8738839119868613,-0.9569868461307075,-0.7125293664978131,1,1
BFA,68,Ouagadougou,2,2021,DHS 2021,0.025767192608025,0.0245441545,0.008287716224018936,0.013298403425,0.045628885374999976,0.01461485145,0.041036704749999965,0.032330481949999976,0.32163830767647494,Medium,Low (1-5%),2.6%,[1.3%–4.6%],32%,0,0.6035790919780663,-0.63574838975,1.7876129174999995,NA,NA,NA,-2.174032473174761,-2.9685903597876733,-1.3510473577702204,-0.1592224697976,-0.25007627704999996,-0.08566460752500006,-0.8540711116244779,-0.9340064553138547,-0.7107050097864887,1,1
BFA,69,Pabre,2,2021,DHS 2021,0.1799622726883,0.15262474,0.1140692840449582,0.03601242535,0.4638416465,0.04595479655000001,0.40674070949999996,0.42782922115,0.6338510974604638,Low,Moderate (5-20%),18.0%,[3.6%–46.4%],63%,0.446875,0.6333272036286988,-0.18683454449999998,1.4744884025,NA,NA,NA,-3.1816630583016368,-4.768161716264383,-1.6005169005888813,-0.6332182918467,-0.7818823773,-0.3465026800000003,-0.7786549701348191,-0.955820862131779,-0.42855118824353233,1,0.99775
BFA,70,Saaba,2,2021,DHS 2021,0.0413056586062125,0.035312800500000005,0.025177073936488954,0.01102409435,0.10352310224999993,0.013374954,0.09004164994999994,0.09249900789999993,0.6095308678288994,Low,Low (1-5%),4.1%,[1.1%–10.4%],61%,0.0025,0.176951062998325,-0.55991636575,0.9212329979999995,NA,NA,NA,-3.6373011854323742,-4.853895464361702,-2.4778896892887285,-0.5401300249675375,-0.60093231285,-0.466255287425,-0.9288751300138349,-0.9812825754402136,-0.8200636841089054,1,1
BFA,71,Tanghin-Dassouri,2,2021,DHS 2021,0.216112745084375,0.21350216,0.04264384645672281,0.141296305,0.30865344474999984,0.151070394,0.290316886,0.16735713974999983,0.19732221919662235,Medium,High (20-50%),21.6%,[14.1%–30.9%],20%,0.857375,0.73496704252636,0.10966394575000002,1.3802620425,NA,NA,NA,-1.775166911065909,-2.8492935774312027,-0.694736039891554,-0.392764605670625,-0.60680236825,-0.14768499124999998,-0.6309707580406302,-0.7904228989468584,-0.3701138123901128,0.999625,0.995125
BFA,72,Bagre,2,2021,DHS 2021,0.10269250209725,0.10165838499999999,0.01470943440326252,0.077002562125,0.13402559825,0.08050481485,0.1287312205,0.057023036124999996,0.1432376668486727,High,Moderate (5-20%),10.3%,[7.7%–13.4%],14%,0.001,-0.36533477634011,-0.6457552430000001,-0.07317456220000017,NA,NA,NA,-3.1318317862323224,-3.48771440298724,-2.7680511986126013,-0.6188127998865,-0.6642801224500001,-0.56948769075,-0.8575792071245384,-0.8934969423821848,-0.8136599455744612,1,1
BFA,73,Bane,2,2021,DHS 2021,0.188078286792625,0.16002081,0.11912575179820063,0.03712034645,0.48787999374999946,0.046832511550000004,0.42751965499999983,0.45075964729999946,0.6333838628036239,Low,Moderate (5-20%),18.8%,[3.7%–48.8%],63%,0.47525,-0.29816056260857965,-1.1215295775,0.52850026675,NA,NA,NA,-2.2475151480232554,-3.8508430698354377,-0.619177204371387,-0.455822481858625,-0.615687094775,-0.15113304775,-0.7077203854212581,-0.9420105149566748,-0.24053358534329453,0.997,0.9805
BFA,74,Beguedo,2,2021,DHS 2021,0.1081271304237375,0.0851960925,0.08149304954885705,0.0171936713,0.32636454974999973,0.0224369051,0.27074037349999963,0.30917087844999974,0.753678093828028,Low,Moderate (5-20%),10.8%,[1.7%–32.6%],75%,0.18375,0.6072492649929763,-0.29767852749999996,1.51525754,NA,NA,NA,-3.2770299326296746,-4.951421208262888,-1.6440653452203517,-0.6031078207237625,-0.7060757442750001,-0.38784084675,-0.847987028143726,-0.9757205805067779,-0.5429433374283318,1,0.999875
BFA,75,Bissiga,2,2021,DHS 2021,0.175770670955,0.14859374,0.11514139171122371,0.03449338365,0.470028356,0.043638353250000005,0.40462717349999966,0.43553497235,0.655066007802301,Low,Moderate (5-20%),17.6%,[3.4%–47.0%],66%,0.431,-0.007606080906825875,-1.2748852824999999,1.260777275,NA,NA,NA,-2.6148337871212926,-4.614479560580982,-0.6008941258931185,-0.50491881506875,-0.795263778775,-0.12350592650000015,-0.7323087340507416,-0.9467757313643516,-0.25681801587582076,0.994625,0.983375
BFA,76,Bittou,2,2021,DHS 2021,0.1941971164900125,0.17776993,0.09173220928181697,0.06267326285,0.4123092694999998,0.0745697079,0.3685734509999999,0.34963600664999983,0.47236648483673405,Low,Moderate (5-20%),19.4%,[6.3%–41.2%],47%,0.552,0.0523880396389862,-0.778617069,0.8943490649999998,NA,NA,NA,-2.68490979420348,-4.166447596544855,-1.1979189958346168,-0.5542632431137375,-0.7638320796,-0.27429934125000055,-0.7373188623330764,-0.9150333056896375,-0.4301192667836882,0.99975,0.99875
BFA,77,Boussouma,2,2021,DHS 2021,0.073591103169625,0.07020322600000001,0.024149128832289722,0.036739409449999996,0.12882209649999998,0.04083755630000001,0.11754164699999999,0.09208268704999999,0.3281528308744985,Medium,Moderate (5-20%),7.4%,[3.7%–12.9%],33%,0.004375,-1.03214250427625,-1.4546180100000001,-0.6008891127500001,NA,NA,NA,-1.910824461101217,-2.6148227884654784,-1.2140141081322895,-0.264493625844125,-0.32472340172499997,-0.1951617177500001,-0.781431569578365,-0.8922763045511811,-0.6125114993860918,1,0.999875
BFA,78,Garango,2,2021,DHS 2021,0.184071787091625,0.17757716499999998,0.05631604354169343,0.09222254772499999,0.31171109674999997,0.10371501100000001,0.286475976,0.21948854902499998,0.30594609000922623,Medium,Moderate (5-20%),18.4%,[9.2%–31.2%],31%,0.57475,-0.03689059628598663,-0.530836318,0.46823522624999986,NA,NA,NA,-1.4073270015055515,-2.2763822725996117,-0.5348983825137786,-0.284915216919625,-0.43638594675000003,-0.1169898535,-0.6015611340431152,-0.8082173719276358,-0.29021624172865407,0.9995,0.991
BFA,79,Komtoega,2,2021,DHS 2021,0.1663281423613875,0.140896085,0.10692117076575487,0.03263406565,0.43754271175000004,0.04129361425,0.37833047299999967,0.40490864610000005,0.6428327115771135,Low,Moderate (5-20%),16.6%,[3.3%–43.8%],64%,0.397625,0.031448454574865,-0.7992267014999999,0.8532512014999996,NA,NA,NA,-2.5017857059245276,-4.077740468785743,-0.9260024335179236,-0.5000630233698625,-0.6431700193500001,-0.22379051300000025,-0.7502605049701507,-0.9509669953444159,-0.34011868925863986,0.998375,0.990625
BFA,80,Niaogho,2,2021,DHS 2021,0.41552118062625,0.41547272,0.030019879913685214,0.3577136985,0.47529769975,0.367491496,0.4653870605,0.11758400125000001,0.07224632898000759,High,High (20-50%),41.6%,[35.8%–47.5%],7%,1,1.31256281786375,1.009954265,1.6310137149999997,NA,NA,NA,-2.123504303277277,-2.438807626313281,-1.811899619842248,-0.43985589360125,-0.502072246,-0.37510862400000006,-0.5141112782777165,-0.5827909540002765,-0.4426552161677776,1,1
BFA,81,Tenkodogo,2,2021,DHS 2021,0.05008628740955,0.046409785499999995,0.02109285455447232,0.019987360975,0.1004313485,0.0228954351,0.08918493175,0.08044398752500001,0.42113032619084734,Low,Moderate (5-20%),5.0%,[2.0%–10.0%],42%,7.5e-4,-0.48263779772056,-1.10108804,0.1340467842499996,NA,NA,NA,-3.714826965240055,-4.8066922350133305,-2.6291073285703894,-0.61052102192045,-0.758891032425,-0.43564379405,-0.9231278491879201,-0.9698265378758828,-0.8388674978393322,1,1
BFA,82,Zabré,2,2021,DHS 2021,0.1532232224645,0.14319307,0.06363641687437359,0.058839992625,0.3042329317499999,0.06757854290000001,0.2721714429999999,0.24539293912499988,0.41531835612658125,Low,Moderate (5-20%),15.3%,[5.9%–30.4%],42%,0.356,0.023766226192929736,-0.6843794377499999,0.7208919709999998,NA,NA,NA,-2.5975304078316146,-3.8063425472626022,-1.3722157254702168,-0.530827160223,-0.7148119867499999,-0.30424701875000015,-0.7727009041789581,-0.9144738228143663,-0.5405165871735814,1,0.999875
BFA,83,Zoaga,2,2021,DHS 2021,0.2301253696849625,0.19907526,0.1435629997573684,0.04255638415,0.5781713669999999,0.05374550025,0.5093113464999999,0.53561498285,0.6238469055102597,Low,High (20-50%),23.0%,[4.3%–57.8%],62%,0.5945,-0.031277623760805624,-1.4444466125000002,1.3745319099999993,NA,NA,NA,-2.6137933432967264,-4.697389646937075,-0.478776909072255,-0.5100427474150375,-0.8068124637999999,-0.10205834350000009,-0.6836976288373061,-0.9379150303661666,-0.19408705954465272,0.994875,0.97425
BFA,84,Zonsé,2,2021,DHS 2021,0.171210552834375,0.165195175,0.051316556909011414,0.0885485839,0.28647719199999994,0.09834645395,0.2643199934999999,0.19792860809999993,0.29972776829155984,Medium,Moderate (5-20%),17.1%,[8.9%–28.6%],30%,0.485875,-0.126708440392295,-0.6701979130000001,0.4290424617499998,NA,NA,NA,-1.978817517552065,-2.912129711040339,-1.042678662730298,-0.415474997889375,-0.5814410158250001,-0.22861879350000008,-0.703152972320136,-0.8527178220534156,-0.47733877246577633,1,0.999625
BFA,85,Comin-Yanga,2,2021,DHS 2021,0.2393619196647125,0.211233845,0.14010717437677694,0.051571228925000004,0.582179007,0.06519792634999999,0.5103012939999995,0.530607778075,0.5853361076525155,Low,High (20-50%),23.9%,[5.2%–58.2%],59%,0.636375,0.009578314259385,-1.2630665725,1.2793305624999993,NA,NA,NA,-2.5914371549188457,-4.640129077373522,-0.4886016416232141,-0.5131818586215375,-0.802628919875,-0.10957134775000014,-0.6749064498549764,-0.9274961529011334,-0.18990162202760885,0.992375,0.97325
BFA,86,Dourtenga,2,2021,DHS 2021,0.211461428586675,0.18099761,0.1312130015443946,0.04092637635000001,0.5329748855,0.05254274635,0.47440720249999996,0.49204850915000004,0.6205056043618484,Low,High (20-50%),21.1%,[4.1%–53.3%],62%,0.551,0.5674680947682025,-0.29105653425,1.4362479424999994,NA,NA,NA,-3.281439431334903,-4.911866578731553,-1.6279497311956797,-0.643553253589575,-0.815364815575,-0.32208359200000014,-0.7526841283203636,-0.952007768218916,-0.37782529666555914,0.999875,0.99775
BFA,87,Lalgaye,2,2021,DHS 2021,0.287510263763625,0.25842271,0.15729857249050086,0.063649649175,0.6530611645000001,0.080494704,0.5905037179999999,0.589411515325,0.5471059378242685,Low,High (20-50%),28.8%,[6.4%–65.3%],55%,0.745625,0.003283338088056625,-1.2871487775000001,1.2884516724999997,NA,NA,NA,-2.6024586283557962,-4.573229279026133,-0.5463099764919639,-0.509209221748875,-0.7964556102499999,-0.12041452385000039,-0.634680810739018,-0.9128419697546705,-0.1752875728965199,0.992125,0.9685
BFA,88,Ouargaye,2,2021,DHS 2021,0.204590042814875,0.174553985,0.12827015025411312,0.04073274122500001,0.52287804375,0.052004555200000004,0.466614161,0.482145302525,0.6269618427626971,Low,High (20-50%),20.5%,[4.1%–52.3%],63%,0.52675,0.35666774476437874,-0.47715010674999997,1.207341375,NA,NA,NA,-3.042363486970752,-4.657479678331573,-1.397427957118014,-0.611949561968875,-0.7786431678,-0.29192828025000006,-0.7494800066128677,-0.9499049497024397,-0.35775565938962717,0.99975,0.996875
BFA,89,Sangha,2,2021,DHS 2021,0.1864142163515,0.176792895,0.0687954240173167,0.079553853525,0.3474334849999998,0.09224085965,0.31334756449999984,0.2678796314749998,0.36904601678874654,Low,Moderate (5-20%),18.6%,[8.0%–34.7%],37%,0.558125,0.20540843201231,-0.2961807335,0.7107319292499998,NA,NA,NA,-2.2305712941608222,-3.140835484305002,-1.2977039901838887,-0.47980826516475,-0.5944218379749999,-0.31242979100000007,-0.7200115019265193,-0.8796539769620771,-0.47508129853350767,1,1
BFA,90,Soudougui,2,2021,DHS 2021,0.258875228428875,0.23099829500000002,0.14402042384206704,0.056632309475,0.60087089325,0.07370319635,0.5397987974999999,0.544238583775,0.5563314215737567,Low,High (20-50%),25.9%,[5.7%–60.1%],56%,0.697375,0.02107306951173675,-0.8694308974999999,0.9073599017499998,NA,NA,NA,-2.7112932400396947,-4.383262682409535,-1.05261504633348,-0.557018915581125,-0.777222213675,-0.21061803475000024,-0.6824625511253611,-0.929602293318332,-0.261696811795474,0.999125,0.98775
BFA,91,Yargatenga,2,2021,DHS 2021,0.1850653720544125,0.15651863500000002,0.1227989561159142,0.03327494085000001,0.5064724374999999,0.04292210905,0.4325392064999993,0.47319749664999994,0.6635436697461107,Low,Moderate (5-20%),18.5%,[3.3%–50.6%],66%,0.463625,0.0377967778858025,-1.2985373125000002,1.3515867074999985,NA,NA,NA,-2.6301356127349456,-4.654485035312625,-0.6264796324007954,-0.5076865687193375,-0.8006921836750001,-0.12578037325000013,-0.7256852436881864,-0.9473735645573732,-0.26687708472607063,0.995375,0.983625
BFA,92,Yondé,2,2021,DHS 2021,0.1689256512373625,0.13795855499999998,0.11625974590983432,0.02922767945,0.468946231,0.03880397345000001,0.4032695939999997,0.43971855155,0.6882302661451591,Low,Moderate (5-20%),16.9%,[2.9%–46.9%],69%,0.39525,0.02829572993407,-1.240816355,1.3229267799999997,NA,NA,NA,-2.6022512211374633,-4.648102396188403,-0.5380272811808733,-0.4957405443362625,-0.795746353075,-0.10632594155000015,-0.7342163050169114,-0.9514446501086404,-0.25444132323181246,0.992625,0.98075
BFA,93,Andemtenga,2,2021,DHS 2021,0.19596664011625,0.1950441,0.02511725011229578,0.14981170075,0.247420737,0.156051493,0.23916994649999995,0.09760903625,0.12817105042672516,High,Moderate (5-20%),19.6%,[15.0%–24.7%],13%,0.831,1.0113683126725,0.63699873575,1.3861444774999996,NA,NA,NA,-3.7945480880904676,-4.164221209455783,-3.4322310929059774,-0.718620941885,-0.76702261025,-0.66528703675,-0.7857203356846687,-0.8360074758154139,-0.7294325129418934,1,1
BFA,94,Baskouré,2,2021,DHS 2021,0.151247592071,0.12330448,0.10730930610253746,0.025570565450000002,0.43461493549999963,0.0323526787,0.36876033249999995,0.4090443700499996,0.7094943108394305,Low,Moderate (5-20%),15.1%,[2.6%–43.5%],71%,0.333625,0.059588371853291376,-1.2348534725,1.3712168674999998,NA,NA,NA,-2.5734300382111126,-4.692127208156949,-0.48012331829605254,-0.477510822786875,-0.7926595521999998,-0.09133339457500017,-0.7449741189240074,-0.9562384418805677,-0.24734755938904074,0.99125,0.980375
BFA,95,Dialgaye,2,2021,DHS 2021,0.1480384267358625,0.12238688,0.09950595663178896,0.0274563486,0.39935653049999964,0.034772615699999995,0.3469344679999998,0.3719001818999996,0.6721630243297061,Low,Moderate (5-20%),14.8%,[2.7%–39.9%],67%,0.33575,0.085301365157285,-0.8644402594999999,1.0447953124999998,NA,NA,NA,-2.7146468603912273,-4.4399459518127795,-0.9995254290225545,-0.5234223133203875,-0.7379679095999999,-0.23562331900000028,-0.7769738642546117,-0.9583394873193406,-0.38819384708960314,0.998625,0.995
BFA,96,Gounghin,2,2021,DHS 2021,0.1606378928258,0.13400471,0.10829526418724425,0.030128813700000003,0.45117244124999994,0.03838374965,0.3784883089999998,0.42104362754999997,0.6741576491213224,Low,Moderate (5-20%),16.1%,[3.0%–45.1%],67%,0.3735,0.05110721141989025,-1.1688461350000001,1.2818182249999999,NA,NA,NA,-2.5823809432142126,-4.632761774444158,-0.5662370545170672,-0.49041054784295,-0.7933766253500001,-0.1100768577500002,-0.739924591621097,-0.9521480131827949,-0.25825642026437345,0.99225,0.981875
BFA,97,Kando,2,2021,DHS 2021,0.215011241359625,0.18702534,0.1287593771869789,0.045193535949999995,0.5338484254999998,0.0564771126,0.46551204799999973,0.4886548895499998,0.598849513042984,Low,High (20-50%),21.5%,[4.5%–53.4%],60%,0.567,1.0174535525689703,0.18937452050000003,1.8633796224999999,NA,NA,NA,-3.748022206537532,-5.337173063076339,-2.1309335616069824,-0.691924966004125,-0.862842081575,-0.3736610305000002,-0.76293291131478,-0.9501388170401053,-0.4121535767915091,1,0.998125
BFA,98,Koupéla,2,2021,DHS 2021,0.0533635771959125,0.047843008500000006,0.025777502059894597,0.019041124325000002,0.11791734674999992,0.021963512,0.10354759199999997,0.09887622242499991,0.4830542368862986,Low,Moderate (5-20%),5.3%,[1.9%–11.8%],48%,0.002375,-1.01957744124605,-1.8845917175,-0.14182948800000003,NA,NA,NA,-2.3667398126984853,-3.833719486612476,-0.8330411515698269,-0.3094569067179625,-0.5992213647000001,-0.07568319977500004,-0.8287503937480033,-0.9527499729752542,-0.5124819199637404,0.999625,0.997375
BFA,99,Pouytenga,2,2021,DHS 2021,0.068437975927375,0.0641408145,0.0255477364142434,0.031001076550000003,0.12968646049999996,0.03468254855,0.11651837499999995,0.09868538394999996,0.37329766212481424,Low,Moderate (5-20%),6.8%,[3.1%–13.0%],37%,0.003875,0.04566692027100575,-0.6013674205,0.6926287352499996,NA,NA,NA,-2.3951773989114895,-3.3668364103648116,-1.4063379731252137,-0.363413671848875,-0.529817585025,-0.20259760670000004,-0.8361738969190472,-0.9314438627215353,-0.6717730663727649,1,0.999875
BFA,100,Tensobentenga,2,2021,DHS 2021,0.07787744374375,0.077607761,0.007108780746828274,0.06491159010000001,0.092577722025,0.06669725415,0.09023450875,0.02766613192499999,0.09128163952349533,High,Moderate (5-20%),7.8%,[6.5%–9.3%],9%,0,-0.350238886901825,-0.77966265725,0.07924997964999998,NA,NA,NA,-3.1471389653265693,-3.8802901754462957,-2.416327937744473,-0.579357994105,-0.72220088075,-0.41423755107500004,-0.8796624106142663,-0.9095990741955436,-0.8348670390066388,1,1
BFA,101,Yargo,2,2021,DHS 2021,0.140416225900775,0.11324033,0.10045907067508529,0.023876838775,0.40425049899999993,0.030500315950000002,0.3441224614999999,0.3803736602249999,0.7154377639096682,Low,Moderate (5-20%),14.0%,[2.4%–40.4%],72%,0.30075,0.0093017887441075,-1.2854329775,1.3231844599999998,NA,NA,NA,-2.5854013536102127,-4.6214080141341425,-0.5370431090060477,-0.47260836046485,-0.78515230145,-0.09321558600000007,-0.7569797114912582,-0.9585107915704523,-0.2793999486879412,0.99275,0.983625
BFA,102,Bourzanga,2,2021,DHS 2021,0.154462243325,0.154069365,0.012893761243643552,0.130098793,0.181131833,0.1338844465,0.17664987849999994,0.05103304,0.08347516497293207,High,Moderate (5-20%),15.4%,[13.0%–18.1%],8%,0.261625,0.21921229625166488,-0.17391607450000002,0.6319897704999998,NA,NA,NA,-2.724040938363584,-3.074534824342889,-2.3749718421026094,-0.57963219968,-0.6397728995,-0.5156984059999999,-0.789253295313276,-0.8249491322116556,-0.7490481412447839,1,1
BFA,103,Guibare,2,2021,DHS 2021,0.28263047397375,0.282499895,0.019726072071631313,0.244819602,0.32243452475,0.250828478,0.31578463500000004,0.07761492275000001,0.06979456883854435,High,High (20-50%),28.3%,[24.5%–32.2%],7%,0.999875,0.2505423887957119,-0.031011105599999984,0.54381423875,NA,NA,NA,-1.0991046093046264,-1.367784058345901,-0.8275825727952774,-0.25857529286625,-0.31902717275,-0.196367578,-0.4767518386124267,-0.557280492674455,-0.38708574254268907,1,1
BFA,104,Kongoussi,2,2021,DHS 2021,0.088052894539875,0.0850478855,0.025252331174960542,0.047598390000000004,0.14565602349999995,0.05248718895,0.13415064649999997,0.09805763349999995,0.2867859291499492,Medium,Moderate (5-20%),8.8%,[4.8%–14.6%],29%,0.009625,-0.267038130112906,-0.79127633175,0.26081280874999957,NA,NA,NA,-2.560772810615638,-3.370955502643384,-1.729432374274066,-0.456687839447625,-0.59658678845,-0.30886937290000027,-0.8356039921751025,-0.9163022738709058,-0.7142895979935476,1,1
BFA,105,Nassere,2,2021,DHS 2021,0.1686421127206875,0.14005689500000001,0.11379692401535008,0.030205484249999998,0.46473293274999994,0.039775336450000004,0.4031424914999998,0.4345274484999999,0.6747835530489681,Low,Moderate (5-20%),16.9%,[3.0%–46.5%],67%,0.40325,0.0615916956039175,-1.2567674875000001,1.3907717899999998,NA,NA,NA,-2.601530451760707,-4.657883172474344,-0.5205111613364237,-0.4958375926535625,-0.7984924422249999,-0.10634128525000006,-0.7349517168606209,-0.9512597855702797,-0.2570416490947415,0.993625,0.982
BFA,106,Rollo,2,2021,DHS 2021,0.33012397918125,0.32985745499999997,0.02190745879799086,0.28898204250000004,0.37360987225,0.29537735499999995,0.3661429425,0.08462782974999994,0.06636130720441508,High,High (20-50%),33.0%,[28.9%–37.4%],7%,1,0.34154170638611264,-0.028248949124999995,0.7236739382499998,NA,NA,NA,-1.188835373927699,-1.4668345568693508,-0.908033410511452,-0.28724402579,-0.34977735825000006,-0.22213720375000004,-0.46445542979337867,-0.5413258171791142,-0.37923713554191907,1,1
BFA,107,Rouko,2,2021,DHS 2021,0.2132881896625,0.212962985,0.01676733748128503,0.18137083099999998,0.24731594799999998,0.1862270165,0.24155942799999994,0.065945117,0.0786135299278272,High,High (20-50%),21.3%,[18.1%–24.7%],8%,0.974,0.688490870731125,0.374674156,1.0167935074999999,NA,NA,NA,-2.5050485885826026,-2.7768437110136452,-2.2286581927803044,-0.5542194638825,-0.5997378404999999,-0.50510503275,-0.7219660417957746,-0.7644827219258558,-0.6757946049274532,1,1
BFA,108,Sabce,2,2021,DHS 2021,0.119505809743925,0.095434523500000007,0.08807806245308565,0.020316952525,0.3494591842499997,0.026685789699999997,0.2955842484999999,0.32914223172499973,0.7370190841919553,Low,Moderate (5-20%),12.0%,[2.0%–34.9%],74%,0.216875,-0.7337622271300912,-1.567122995,0.12395274999999971,NA,NA,NA,-1.6739619666040193,-3.3177236981993405,-0.04612077584935552,-0.242363071321075,-0.357007497075,-0.010622659750000188,-0.6688492905695431,-0.9441682096159633,-0.02899553324381887,0.978125,0.9475
BFA,109,Tikare,2,2021,DHS 2021,0.1988649096225,0.198499615,0.01573731272857702,0.16894129624999998,0.23044506324999997,0.1738585585,0.2257566565,0.06150376699999999,0.07913569446943025,High,Moderate (5-20%),19.9%,[16.9%–23.0%],8%,0.919375,0.2686507282101925,-0.05254702509999999,0.6007116237499996,NA,NA,NA,-1.8889022095827865,-2.165564544061193,-1.6091105504201761,-0.4215606471925,-0.47630255000000005,-0.3650582755000001,-0.6789781860000244,-0.7320758756992981,-0.620448214854544,1,1
BFA,110,Zimtenga,2,2021,DHS 2021,0.1757936732987,0.146551815,0.11820095945140206,0.030187916975000003,0.47879016949999975,0.03896090435,0.41268215849999984,0.44860225252499975,0.6723846042545615,Low,Moderate (5-20%),17.6%,[3.0%–47.9%],67%,0.43,0.08143731087131124,-1.280030845,1.3920610449999993,NA,NA,NA,-2.5907616757896053,-4.631503305147174,-0.5665062647906642,-0.496804562764175,-0.794515008925,-0.11401377175000027,-0.7289509008118502,-0.9514187583973741,-0.25945010217541914,0.993125,0.98325
BFA,111,Boala,2,2021,DHS 2021,0.22977808242125,0.229245165,0.017704035253295922,0.196832383,0.26565802125,0.20168579550000001,0.2599649975,0.06882563824999999,0.07704840717070342,High,High (20-50%),23.0%,[19.7%–26.6%],8%,0.995125,0.418789344527725,0.15062287825,0.6926313347499998,NA,NA,NA,-2.12843957133096,-2.4063490428193894,-1.8578100217857545,-0.48405233997625,-0.53564625625,-0.43117960650000003,-0.6778618789101839,-0.7276354589834385,-0.6239903052966662,1,1
BFA,112,Boulsa,2,2021,DHS 2021,0.173125398719875,0.16257012999999998,0.0683617225798959,0.07019782017500001,0.33336096374999996,0.08048889335,0.3016285649999999,0.2631631435749999,0.3948682462849276,Low,Moderate (5-20%),17.3%,[7.0%–33.3%],39%,0.472625,0.113254073473409,-0.52540114575,0.7496273722499991,NA,NA,NA,-2.3790743597465647,-3.527430650899493,-1.242272915121786,-0.499229679586375,-0.67857157625,-0.287749823,-0.7395242092166482,-0.8965815748393986,-0.4805525855494218,1,0.99975
BFA,113,Bouroum,2,2021,DHS 2021,0.2113603917685125,0.18307603,0.12844141854473284,0.04361889485,0.5366320259999998,0.0557364845,0.4661762879999999,0.49301313114999984,0.607689158172101,Low,High (20-50%),21.1%,[4.4%–53.7%],61%,0.5515,0.18801512131657624,-0.8823732645,1.2644798749999997,NA,NA,NA,-2.591309671320089,-4.366627095278526,-0.8004026571258241,-0.5258678224527376,-0.771449802475,-0.1803166962500002,-0.7110724140945802,-0.9386640096240725,-0.2660252440519344,0.998,0.986
BFA,114,Dargo,2,2021,DHS 2021,0.2036824651297625,0.175982945,0.12718046123411483,0.038635779775000004,0.5260442569999998,0.05008751265,0.45667174999999993,0.4874084772249998,0.6244055478859725,Low,High (20-50%),20.4%,[3.9%–52.6%],62%,0.52875,0.16955019302522104,-1.109447025,1.45362774,NA,NA,NA,-2.602794395620883,-4.64290139099286,-0.5525622546958121,-0.5112835884589875,-0.802681815925,-0.11095272475000016,-0.7055463968800894,-0.9435894469251546,-0.23039208161826236,0.992625,0.97825
BFA,115,Nagbingou,2,2021,DHS 2021,0.206369631247875,0.176813365,0.12969583201036863,0.040675524325,0.5289389224999999,0.05314960785,0.4639908059999999,0.48826339817499986,0.6284637484019545,Low,High (20-50%),20.6%,[4.1%–52.9%],63%,0.532375,0.19638558068100626,-1.0839730074999998,1.53039847,NA,NA,NA,-2.6001415074423675,-4.6926898560335,-0.5314450427134576,-0.510259136138375,-0.8060577360000001,-0.11620074075000003,-0.7028250324636977,-0.9398782788725235,-0.22987672704692028,0.992875,0.979
BFA,116,Tougouri,2,2021,DHS 2021,0.14384072779625,0.14333762,0.012233982358955224,0.12097564949999999,0.16870562675,0.12447902250000001,0.1646492765,0.047729977250000014,0.08505228349709566,High,Moderate (5-20%),14.4%,[12.1%–16.9%],9%,0.108875,0.41266900259053,0.12102264150000001,0.7457674572499994,NA,NA,NA,-3.481033853617712,-3.7572443563596973,-3.2034623742192787,-0.70044070810875,-0.7343846155,-0.6636968925000001,-0.8295865276380192,-0.8571949940421514,-0.7992462929888977,1,1
BFA,117,Yalgo,2,2021,DHS 2021,0.1956058876909375,0.16798164999999998,0.1232956648513526,0.0369824818,0.5066601297499997,0.048807888550000005,0.4387709704999999,0.4696776479499997,0.630326961559373,Low,Moderate (5-20%),19.6%,[3.7%–50.7%],63%,0.502125,0.5496842985609837,-0.5858450445,1.7036143849999994,NA,NA,NA,-3.0499299009742966,-4.934855495801901,-1.2163247024481911,-0.5952473733978125,-0.828710829775,-0.2659113037500001,-0.7514687992461945,-0.9512814258594284,-0.36785468074517147,0.999,0.9955
BFA,118,Zeguedeguin,2,2021,DHS 2021,0.189656162865625,0.16103214999999999,0.12042040193716178,0.035055855225,0.4931628927499997,0.04554686185,0.42684137549999984,0.4581070375249997,0.6349406215841344,Low,Moderate (5-20%),19.0%,[3.5%–49.3%],63%,0.48425,0.191589044185265,-1.071015115,1.45786667,NA,NA,NA,-2.6044573320976503,-4.665732694253391,-0.5218015933079316,-0.507948295802875,-0.798827274275,-0.1124367305000002,-0.7170378305162166,-0.9450418001363032,-0.22861675638041962,0.992375,0.978
BFA,119,Barsalogho,2,2021,DHS 2021,0.2369524447069,0.20827164,0.13860176783958572,0.0476571328,0.5746553684999995,0.0620394981,0.505925465,0.5269982356999996,0.5849349560880461,Low,High (20-50%),23.7%,[4.8%–57.5%],58%,0.6315,0.225934642199115,-1.065994855,1.5226940199999994,NA,NA,NA,-2.6044936103922605,-4.667254954270852,-0.5846995901180472,-0.51647011056185,-0.8056719432499999,-0.12668804075000087,-0.678342178838203,-0.9320333412618591,-0.22499547869504244,0.99375,0.9785
BFA,120,Boussouma,2,2021,DHS 2021,0.14430243169325,0.133808425,0.06315245333404812,0.051986608575,0.29458188049999995,0.060561239600000004,0.2626241879999999,0.24259527192499994,0.4376395643026589,Low,Moderate (5-20%),14.4%,[5.2%–29.5%],44%,0.305875,0.011397162024566376,-1.0000362125,1.0219566199999985,NA,NA,NA,-2.66937672910004,-4.416326657624587,-0.9393947231961908,-0.524361193237625,-0.791900335475,-0.17274671150000026,-0.7705462551215622,-0.9238660432157787,-0.46791125180295456,0.998625,0.996625
BFA,121,Dablo,2,2021,DHS 2021,0.277158542259625,0.25061812,0.15156161927683992,0.058878363575,0.6359608887499999,0.0753507833,0.569559399,0.5770825251749999,0.5468408732459935,Low,High (20-50%),27.7%,[5.9%–63.6%],55%,0.734875,0.8638898137071638,-0.04059474709999999,1.7578820499999999,NA,NA,NA,-3.4181730569683904,-5.099602095747157,-1.7519647001582932,-0.632993665305375,-0.8512124849,-0.2735043512500001,-0.6955175428930427,-0.9349898963983758,-0.30088006801233164,1,0.99375
BFA,122,Kaya,2,2021,DHS 2021,0.1382777743285,0.132141105,0.04500255805441864,0.06887356757499999,0.24250861224999992,0.07641332015,0.22174199249999998,0.17363504467499993,0.3254504078689333,Medium,Moderate (5-20%),13.8%,[6.9%–24.3%],33%,0.242875,-0.0820428075847534,-0.65833223,0.49753794024999964,NA,NA,NA,-1.7183401885746232,-2.6339193419171534,-0.8002019944403826,-0.3221701493765,-0.484212386375,-0.15740023575000003,-0.692556366337778,-0.8571656895343318,-0.42419589727703044,0.999875,0.999
BFA,123,Korsimoro,2,2021,DHS 2021,0.08835229006845,0.0755127465,0.053369435648124595,0.022746218649999997,0.22510684049999996,0.027662938350000003,0.19091905499999998,0.20236062184999998,0.6040526579082126,Low,Moderate (5-20%),8.8%,[2.3%–22.5%],60%,0.0815,-1.095725456312675,-1.7823380075,-0.43485908125000006,NA,NA,NA,-1.8298395113679935,-3.097594944162844,-0.55862173570847,-0.2504759897503,-0.3337864863749999,-0.10939059475000021,-0.7382326623049228,-0.9322515600685698,-0.32893725970452437,0.99725,0.990375
BFA,124,Mane,2,2021,DHS 2021,0.189771214342375,0.1827682,0.0618661459966291,0.08998919807500001,0.33223104225,0.102236028,0.30426573049999994,0.242241844175,0.3260038473749424,Medium,Moderate (5-20%),19.0%,[9.0%–33.2%],33%,0.599125,0.1619059170461616,-0.5586368380000001,0.87235675874999985,NA,NA,NA,-2.2933216210788214,-3.5232334601563235,-1.0537583935528294,-0.488026234875125,-0.69711449425,-0.2351492317500002,-0.712434332683917,-0.869260941482377,-0.46080751957903243,0.99975,0.9985
BFA,125,Namissiguima,2,2021,DHS 2021,0.1453129053472875,0.119218905,0.1007430299838972,0.0258210819,0.4078408002499997,0.03333844215,0.3465804935,0.3820197183499997,0.693283433726196,Low,Moderate (5-20%),14.5%,[2.6%–40.8%],69%,0.31925,-0.77101347229167,-1.644933325,0.09473743077499938,NA,NA,NA,-1.3277666043709035,-2.969439422564782,0.30188349257035835,-0.1936642708014625,-0.324334797175,0.07074244274999952,-0.5700579010172662,-0.9240408173068623,0.2095286851582311,0.944,0.885125
BFA,126,Pensa,2,2021,DHS 2021,0.22020582103615,0.191840375,0.1323478383078722,0.045317458375,0.5456463997500001,0.057204788300000003,0.4867775225,0.5003289413750001,0.6010187999805208,Low,High (20-50%),22.0%,[4.5%–54.6%],60%,0.58325,-0.001285549190104125,-0.8731125275,0.8582524797500001,NA,NA,NA,-2.357975870242168,-3.9723312441142076,-0.732617213667411,-0.4946063246701,-0.6767866167250001,-0.16680621075000002,-0.6917841082546877,-0.9369338743708312,-0.23367874952182296,0.99725,0.98
BFA,127,Pibaore,2,2021,DHS 2021,0.0844051134315,0.08404293,0.007741401596590675,0.07013053529999999,0.10046927424999999,0.07233983399999999,0.0977679111,0.03033873895,0.09171721098240455,High,Moderate (5-20%),8.4%,[7.0%–10.0%],9%,0,-0.27653618133943625,-1.13358458,0.5320016244999999,NA,NA,NA,-3.1348444038312886,-4.757962825499483,-1.5048223609317015,-0.573376787977875,-0.829545072875,-0.21068813975000003,-0.859597166016635,-0.9130231634644974,-0.7122303398784854,0.999875,0.999625
BFA,128,Pissila,2,2021,DHS 2021,0.1824920034141625,0.15499406500000001,0.114435142085544,0.036467254025,0.4761879674999998,0.047251365700000006,0.41324564150000004,0.4397207134749998,0.6270693506818236,Low,Moderate (5-20%),18.2%,[3.6%–47.6%],63%,0.457,0.03837864508289679,-0.8111128795,0.8934153124999986,NA,NA,NA,-2.4391744423674635,-4.044995711221943,-0.8448219997139254,-0.4962693714383375,-0.658837184475,-0.20292329575000018,-0.7308597026590629,-0.946195310149376,-0.2987487483862994,0.998625,0.988625
BFA,129,Ziga,2,2021,DHS 2021,0.191880693491125,0.16472672500000002,0.12138046757463324,0.037062546625,0.49452175299999984,0.04656928065,0.43728784999999987,0.4574592063749998,0.6325830148213812,Low,Moderate (5-20%),19.2%,[3.7%–49.5%],63%,0.488125,0.0780181426540625,-1.2035062024999998,1.3836267299999998,NA,NA,NA,-2.573379421825395,-4.5465625515194885,-0.5380220383190867,-0.502607656454875,-0.7967983811499999,-0.1170568867500003,-0.7131813578445085,-0.9439907774823735,-0.2378522670854415,0.99425,0.9795
BFA,130,Bingo,2,2021,DHS 2021,0.23318156856775,0.203032015,0.1410112021190775,0.045639134750000004,0.5802689034999997,0.0590823992,0.5150400764999999,0.5346297687499997,0.6047270501918218,Low,High (20-50%),23.3%,[4.6%–58.0%],60%,0.61225,0.3121421812839221,-1.017208085,1.6348651675,NA,NA,NA,-2.5608833426249618,-4.614412344050475,-0.5169826999032868,-0.506044752776,-0.8003038928749999,-0.11325439450000019,-0.6783785416110621,-0.9334643382300585,-0.19412725121005184,0.993875,0.974125
BFA,131,Imasgho,2,2021,DHS 2021,0.231806403719,0.205614035,0.13435986319201684,0.048386667425,0.5536801905,0.06206869320000001,0.48890345099999966,0.505293523075,0.5796210157976928,Low,High (20-50%),23.2%,[4.8%–55.4%],58%,0.619375,1.0223354683476586,0.19313687100000004,1.8504363599999996,NA,NA,NA,-3.540558087290045,-5.1716545588084735,-1.973735117853654,-0.66620308612225,-0.8506865866500001,-0.34455737850000007,-0.7418988412863389,-0.9461499391996109,-0.3843295779350206,1,0.998
BFA,132,Kindi,2,2021,DHS 2021,0.39631497187625,0.39625084,0.023810083291782715,0.350405072,0.44422329625,0.357768719,0.436962965,0.09381822425000003,0.060078687360863706,High,High (20-50%),39.6%,[35.0%–44.4%],6%,1,1.6074543344625,1.3527104475,1.8676238825,NA,NA,NA,-2.604326596190655,-2.8767587298517237,-2.3280523432530313,-0.501986353485,-0.55093976575,-0.45013403350000003,-0.5587717253487775,-0.6098116562153314,-0.5040149052876374,1,1
BFA,133,Kokologho,2,2021,DHS 2021,0.59288265858,0.5931705899999999,0.024404632917583668,0.544862868,0.64009696225,0.552908583,0.6322438045000001,0.09523409425000007,0.04116266948342638,High,Very high (≥50%),59.3%,[54.5%–64.0%],4%,1,1.361601360875,1.118911485,1.613880845,NA,NA,NA,-0.8789457337111262,-1.161985246588087,-0.6041397120664156,-0.18493190669125,-0.24386308449999997,-0.12714189174999996,-0.237358158659969,-0.3073085735867428,-0.16784899994192956,1,0.849375
BFA,134,Koudougou,2,2021,DHS 2021,0.064900836780375,0.0579030085,0.03323263636472562,0.021617199625000003,0.1461347444999999,0.02513370705,0.1287202025,0.12451754487499991,0.5120525098495287,Low,Moderate (5-20%),6.5%,[2.2%–14.6%],51%,0.01225,0.01465353012471925,-0.7227564700000001,0.7827440364999999,NA,NA,NA,-3.07033220155809,-4.360753479265186,-1.7497777905935872,-0.501911788079625,-0.699786523175,-0.2865667617000001,-0.8817856784935953,-0.9629546397666624,-0.7191159935577095,1,1
BFA,135,Nandiala,2,2021,DHS 2021,0.19144149956905,0.162915555,0.12334801318269349,0.036636124575,0.5015588114999999,0.0458390845,0.4397085299999998,0.46492268692499994,0.6443117791093345,Low,Moderate (5-20%),19.1%,[3.7%–50.2%],64%,0.485375,0.32886208186302224,-0.9676800997499999,1.6453354475,NA,NA,NA,-2.574108743514881,-4.626156659002621,-0.5611177415360304,-0.501452938799575,-0.7935070445750001,-0.11622967800000054,-0.7145826653008255,-0.944121821535836,-0.24192439657801312,0.99375,0.9805
BFA,136,Nanoro,2,2021,DHS 2021,0.17718348946475,0.15291090499999999,0.11146842406451059,0.03550163705000001,0.46480897099999996,0.045020324349999995,0.40142519049999986,0.42930733395,0.6291129292082648,Low,Moderate (5-20%),17.7%,[3.6%–46.5%],63%,0.4455,0.12425469904362875,-0.6993633397500001,0.9452271224999981,NA,NA,NA,-2.42110508991961,-4.005727782423317,-0.8308788364032228,-0.48979496425275,-0.63904299565,-0.2016688955000001,-0.7342907570937554,-0.9464955371502263,-0.3001813051238196,0.99875,0.9905
BFA,137,Pella,2,2021,DHS 2021,0.199264026206875,0.17123971500000001,0.1236544569454394,0.038232067075,0.5050210959999999,0.049194563200000006,0.4418772984999996,0.4667890289249999,0.6205558489371379,Low,Moderate (5-20%),19.9%,[3.8%–50.5%],62%,0.51125,0.2892016026345123,-0.5756946719999999,1.1260477875,NA,NA,NA,-2.496107862241546,-4.150938986790828,-0.9130914390565894,-0.514853335055625,-0.6823277091250001,-0.21122890425000007,-0.7208966938772787,-0.9461288010831206,-0.2946904256213664,0.9985,0.98975
BFA,138,Poa,2,2021,DHS 2021,0.188001198435875,0.15909493,0.12083844041227985,0.036151561500000005,0.49135445499999986,0.04582432575,0.42796892799999997,0.45520289349999987,0.6427535644327098,Low,Moderate (5-20%),18.8%,[3.6%–49.1%],64%,0.46975,0.3094294110468125,-0.9705870282499999,1.5930973275,NA,NA,NA,-2.562688758310241,-4.584139169692998,-0.5069707431455808,-0.499674279226625,-0.7923385279999999,-0.11202800400000004,-0.7163421811278632,-0.9445185238113071,-0.23632636767764276,0.992625,0.978875
BFA,139,Ramongo,2,2021,DHS 2021,0.1681773532391,0.14079371499999999,0.10906075410578994,0.033634266925,0.44170172674999963,0.042649804799999996,0.38719344,0.40806745982499965,0.6484865649582249,Low,Moderate (5-20%),16.8%,[3.4%–44.2%],65%,0.409875,0.24026746769435925,-1.0075829825,1.505024505,NA,NA,NA,-2.5947454964591277,-4.5769673863194935,-0.6071028033278764,-0.498674148264025,-0.79401637015,-0.12155766525000035,-0.7365404059642433,-0.9457493516288431,-0.2861193377946259,0.995,0.984
BFA,140,Sabou,2,2021,DHS 2021,0.084513363584875,0.084125508,0.007644611948913941,0.07063462195,0.10019104799999999,0.07247942685,0.0973114281,0.029556426049999987,0.09045447518174587,High,Moderate (5-20%),8.5%,[7.1%–10.0%],9%,0,-0.15238730429637376,-0.57356254925,0.27192658074999987,NA,NA,NA,-3.163271409456234,-3.9064164037688234,-2.4489440416433776,-0.595348961341375,-0.7332033886999999,-0.43545353540000015,-0.873977804449554,-0.9042173366077261,-0.8302482133168011,1,1
BFA,141,Sigle,2,2021,DHS 2021,0.39620408170125,0.39611419000000003,0.023752467552582444,0.3500701425,0.4420655654999999,0.357376453,0.434983374,0.09199542299999991,0.05995008292340747,High,High (20-50%),39.6%,[35.0%–44.2%],6%,1,1.2307408709775,0.971768405,1.48978703,NA,NA,NA,-2.025155812643963,-2.2969433286359955,-1.7557645110656055,-0.43575155196125,-0.4880876792500001,-0.3826025105000001,-0.5236419760945404,-0.5806858634909987,-0.46631061071494573,1,1
BFA,142,Soaw,2,2021,DHS 2021,0.39602797887875,0.395899935,0.02352231395110464,0.35011055750000003,0.44236741949999997,0.3575132325,0.4350681664999999,0.09225686199999994,0.05939558618484971,High,High (20-50%),39.6%,[35.0%–44.2%],6%,1,0.9930985443338955,0.16075271700000002,1.8129268525,NA,NA,NA,-1.666279743554338,-3.214926819763567,-0.08071129835443355,-0.35356484917375,-0.5550377424999999,-0.01927220425000005,-0.4453772704150775,-0.5979922337911905,-0.04541843210039011,0.979375,0.93675
BFA,143,Sourgou,2,2021,DHS 2021,0.126546708496375,0.11344631999999999,0.06534831462405301,0.03902445095,0.2868904652499999,0.045686841,0.25337258249999994,0.24786601429999988,0.5163967945157969,Low,Moderate (5-20%),12.7%,[3.9%–28.7%],52%,0.230375,-0.19475579581120772,-1.2800543674999998,0.9015439692499998,NA,NA,NA,-3.125537026297028,-4.988918252588709,-1.2934553195929603,-0.590860318636125,-0.83570253325,-0.23568301827500032,-0.8158104350929365,-0.9462602940414148,-0.553870533927992,0.999625,0.99875
BFA,144,Thyou,2,2021,DHS 2021,0.187158724801125,0.16064999,0.11645683358570824,0.037478896675,0.4874153694999998,0.0473910051,0.42221060949999983,0.4499364728249998,0.6222356649921362,Low,Moderate (5-20%),18.7%,[3.7%–48.7%],62%,0.473375,0.2003033921699125,-0.6047886765,1.0093745874999998,NA,NA,NA,-2.570147891376676,-4.162795154534729,-0.9601266178253285,-0.526732803696375,-0.6837198848499999,-0.22687233550000035,-0.7376572156914128,-0.9471503698007483,-0.3189736414927748,0.999625,0.9925
BFA,145,Dassa,2,2021,DHS 2021,0.65934119170625,0.65966656,0.02226252576814827,0.61468018575,0.7021470947499999,0.6217520904999999,0.695016533,0.08746690899999987,0.03376480348594189,High,Very high (≥50%),65.9%,[61.5%–70.2%],3%,1,1.4074105748782375,0.55589516275,2.2364178774999997,NA,NA,NA,-0.9597786630926225,-2.548844521227096,0.6711755530524722,-0.1472952115675,-0.31009615325000006,0.15995431999999946,-0.15603851777977257,-0.3274592165825518,0.3203120201263687,0.873375,0.532875
BFA,146,Didyr,2,2021,DHS 2021,0.234977106181625,0.207747455,0.132389132975021,0.052932287924999995,0.5531221015,0.06565507920000001,0.49032277799999996,0.5001898135749999,0.5634129006282472,Low,High (20-50%),23.5%,[5.3%–55.3%],56%,0.633125,0.5091045772688164,-0.31108756225,1.3290932475,NA,NA,NA,-3.030539504616077,-4.58498177116708,-1.4816487464348747,-0.609578938698375,-0.79428665605,-0.29241048375,-0.7217690214608201,-0.9375210392345061,-0.3465381531349377,1,0.997
BFA,147,Godyr,2,2021,DHS 2021,0.2025038125345875,0.17475975,0.1269953242757757,0.038618670675,0.5273495045000001,0.0518175365,0.450883544,0.48873083382500004,0.6271255967296171,Low,High (20-50%),20.3%,[3.9%–52.7%],63%,0.52625,0.1481631546328642,-1.16016096,1.4300770074999982,NA,NA,NA,-2.632999890300643,-4.633915880022215,-0.638682536110394,-0.5160558189429125,-0.8003382901999999,-0.13614896000000018,-0.7110718398210372,-0.9407330207704868,-0.24409130205323126,0.99475,0.982375
BFA,148,Kordie,2,2021,DHS 2021,0.1681207066975,0.16762270499999998,0.014001977115251267,0.14168598775000002,0.19689533324999997,0.1458068905,0.1918338995,0.05520934549999995,0.08328526206141317,High,Moderate (5-20%),16.8%,[14.2%–19.7%],8%,0.5125,-0.04422391680057688,-0.40490565100000003,0.3256899725,NA,NA,NA,-2.706126468232749,-2.981234202419932,-2.4267223064157517,-0.5823852585725,-0.6260446795000001,-0.5354586667500001,-0.7758554410318038,-0.8124892558783631,-0.7358691619289576,1,1
BFA,149,Kyon,2,2021,DHS 2021,0.0677758823865,0.067455121,0.006261163259960264,0.0563197845,0.080963746,0.05808957349999999,0.07861010489999999,0.024643961500000006,0.09238040198805882,High,Moderate (5-20%),6.8%,[5.6%–8.1%],9%,0,-0.3995020815854066,-1.2586142425,0.4813845574999987,NA,NA,NA,-3.4532572186654025,-5.097977714991486,-1.8129816548504853,-0.604991558141,-0.854452659675,-0.2437518563750001,-0.8904477679759876,-0.930830605024258,-0.7788676795492093,1,1
BFA,150,Pouni,2,2021,DHS 2021,0.220630301947125,0.19225679,0.13138578176295104,0.04680161477500001,0.5383725522499995,0.059607549350000004,0.4805795524999999,0.49157093747499947,0.5955019804779047,Low,High (20-50%),22.1%,[4.7%–53.8%],60%,0.582375,0.181951668970405,-1.0724498675,1.405385135,NA,NA,NA,-2.628254416892261,-4.6669133037133275,-0.5999851995014626,-0.519552061041375,-0.8072911338250001,-0.1312404785500001,-0.6937595467403713,-0.9335742136770667,-0.23431736678728346,0.993875,0.979125
BFA,151,Réo,2,2021,DHS 2021,0.170010458281,0.16612833,0.041590351638478136,0.10057503525000001,0.26425007549999996,0.1096981975,0.24409806250000002,0.16367504024999996,0.24463407756795738,Medium,Moderate (5-20%),17.0%,[10.1%–26.4%],24%,0.49025,0.39031016514323374,-0.20763017599999997,0.99573359025,NA,NA,NA,-2.895270438603499,-3.944909501947866,-1.8496936746467143,-0.6030526633265,-0.7503958925000002,-0.41174717775,-0.7777197583485661,-0.8732813878111757,-0.6401412441542249,1,1
BFA,152,Tenado,2,2021,DHS 2021,0.057219391409375,0.05690776,0.005388898215636872,0.04717855765,0.068386175475,0.04878671455,0.0663509541,0.021207617825000004,0.09417957938563355,High,Moderate (5-20%),5.7%,[4.7%–6.8%],9%,0,-0.007651934105995825,-0.3436619905,0.3288737662499998,NA,NA,NA,-5.182612331623257,-5.459369556079943,-4.9110439943539275,-0.857451967461875,-0.875408822075,-0.8384456974750001,-0.937439739232141,-0.948449561085362,-0.9251933635405293,1,1
BFA,153,Zamo,2,2021,DHS 2021,0.256769619470875,0.23012275,0.1408748671718611,0.05787646027499999,0.58916652875,0.07441934794999999,0.5278704864999999,0.5312900684749999,0.5486430499922921,Low,High (20-50%),25.7%,[5.8%–58.9%],55%,0.692375,-0.29266796487609836,-1.114343855,0.5099405909999997,NA,NA,NA,-2.0621813209066926,-3.6486146191836606,-0.5023995401902849,-0.445173333620375,-0.648074717425,-0.1135453195000002,-0.6340189005506068,-0.9179069716056781,-0.16324398873643575,0.994375,0.965625
BFA,154,Zawara,2,2021,DHS 2021,0.33250831987875,0.33188517,0.022401288198307695,0.29016767250000003,0.3772882765,0.296315107,0.3699112614999999,0.08712060399999999,0.06737060957294656,High,High (20-50%),33.3%,[29.0%–37.7%],7%,1,0.3769113138317245,-0.42753424775,1.216665087499999,NA,NA,NA,-2.3106693207895925,-3.9171745881861253,-0.6585112385977732,-0.47415231239375,-0.6387324767500001,-0.15868696450000072,-0.5748534069487435,-0.675685324224394,-0.317928914552949,0.99675,0.989125
BFA,155,Bieha,2,2021,DHS 2021,0.4412841282175,0.44128075,0.024255444771933945,0.395118794,0.4891233387499999,0.402215687,0.481021521,0.09400454474999992,0.05496559522752408,High,High (20-50%),44.1%,[39.5%–48.9%],5%,1,0.7091576932900987,-0.10740847649999999,1.5111868699999993,NA,NA,NA,-1.8497063336886908,-3.437955398984431,-0.23288845565205926,-0.36551519883875,-0.5315748602500001,-0.05815434050000016,-0.4368582328533235,-0.5628167463853164,-0.11560050065610936,0.98825,0.9565
BFA,156,Boura,2,2021,DHS 2021,0.211558079535,0.21118985,0.016471710461185483,0.18022575400000002,0.24513798824999994,0.18496678849999998,0.2395640855,0.06491223424999992,0.07785904701626116,High,High (20-50%),21.2%,[18.0%–24.5%],8%,0.971875,0.23856323452601863,-0.027073658624999997,0.49932662475,NA,NA,NA,-3.103878125997378,-3.386266013873965,-2.828488576238239,-0.644384330655,-0.6840779479999999,-0.6031550895000002,-0.7527936215907919,-0.7901630521951764,-0.713070776664687,1,1
BFA,157,Leo,2,2021,DHS 2021,0.24113143531625,0.23919743,0.03636286768532511,0.17571016274999998,0.31747789874999993,0.18475592600000001,0.3044284314999999,0.14176773599999995,0.15080102533141015,High,High (20-50%),24.1%,[17.6%–31.7%],15%,0.975625,0.7472963993914338,0.21350889475000007,1.2683510499999997,NA,NA,NA,-2.7035831697314996,-3.7043912840921904,-1.705971739771018,-0.57303377031125,-0.705311036,-0.3971707325000001,-0.7013798107193189,-0.7909942596662571,-0.5839882857068318,1,1
BFA,158,Nebielianayou,2,2021,DHS 2021,0.27570978845849997,0.248619775,0.15260344513960494,0.06057495017500001,0.6293274047499998,0.07807424434999999,0.5652917409999999,0.5687524545749998,0.5534930261011568,Low,High (20-50%),27.6%,[6.1%–62.9%],55%,0.718125,0.23895846673067875,-1.0240194249999999,1.5230202625,NA,NA,NA,-2.6015786424503937,-4.595463004001663,-0.5723116126382864,-0.512673188164,-0.801667283975,-0.12295823800000007,-0.6464487991034685,-0.917435134508636,-0.18859598078819007,0.993375,0.973
BFA,159,Niabouri,2,2021,DHS 2021,0.216305827015625,0.189262555,0.12947272561842893,0.044641023575,0.5392512429999999,0.05598976330000001,0.47040362349999953,0.49461021942499994,0.5985632814647955,Low,High (20-50%),21.6%,[4.5%–53.9%],60%,0.5725,-0.45201122279086375,-1.2847949149999998,0.3703873047499999,NA,NA,NA,-1.7933506403026265,-3.4045828383833285,-0.1803551402129738,-0.366307603755625,-0.546378954925,-0.04394404125000002,-0.6281717484136551,-0.9227440220167057,-0.07623192723712294,0.985,0.947375
BFA,160,Silly,2,2021,DHS 2021,0.59377800524625,0.593601855,0.02377668243811887,0.5470514562500001,0.63932644725,0.5542138489999999,0.6327436085,0.09227499099999992,0.040043050143392,High,Very high (≥50%),59.4%,[54.7%–63.9%],4%,1,1.0096092339725,0.78843588725,1.2298520099999999,NA,NA,NA,-1.0108456009492655,-1.2865833805245268,-0.7382899411730938,-0.20656513590125,-0.2620345805,-0.15072131700000002,-0.2577971275087,-0.32194085076243956,-0.19179988684753488,1,0.956625
BFA,161,Tô,2,2021,DHS 2021,0.188719376501875,0.174882775,0.08317181689181621,0.06564928442500001,0.3862540252499997,0.07820946295,0.34449451449999996,0.3206047408249997,0.4407168910447829,Low,Moderate (5-20%),18.9%,[6.6%–38.6%],44%,0.545125,0.24307803771246,-0.34567273574999996,0.8292996222499999,NA,NA,NA,-2.78293611307069,-3.911483686943352,-1.6724907923071854,-0.584766592246875,-0.716600186375,-0.38435999325000003,-0.7559083342725051,-0.9148844735452094,-0.49917655393556515,1,0.99975
BFA,162,Bakata,2,2021,DHS 2021,0.3545797708425,0.35417619,0.022544617071503913,0.31071680425000003,0.399128673,0.3186807065,0.39189608049999997,0.08841186874999996,0.06358122748496546,High,High (20-50%),35.5%,[31.1%–39.9%],6%,1,0.67915717663821,-0.12683687824999998,1.4853891074999994,NA,NA,NA,-1.954999851833481,-3.5381833104864047,-0.3457886249013011,-0.4135286373125,-0.6009973365,-0.0828615002500001,-0.5188526241089472,-0.6427154564133991,-0.18494155013382024,0.99175,0.97275
BFA,163,Bougnounou,2,2021,DHS 2021,0.2239919524808625,0.195354485,0.13495081862704036,0.046752417600000006,0.55158776875,0.058917646200000014,0.4856012349999999,0.50483535115,0.6024806567038177,Low,High (20-50%),22.4%,[4.7%–55.2%],60%,0.5845,0.2530460571784823,-0.9953671597499998,1.5340360399999995,NA,NA,NA,-2.5993332949766335,-4.572519009499289,-0.5960331445254308,-0.5139370130153875,-0.79933905805,-0.13074512750000017,-0.6897540966532466,-0.9318382222048367,-0.22948865481179537,0.994125,0.9795
BFA,164,Cassou,2,2021,DHS 2021,0.486666491955,0.486338855,0.03744887331266358,0.41315716900000005,0.55872647425,0.42376298799999995,0.5485254915,0.14556930524999995,0.07694976730825824,High,High (20-50%),48.7%,[41.3%–55.9%],8%,1,1.179681831326625,0.5635515445,1.79782463,NA,NA,NA,-2.0321652999295097,-3.220361115880498,-0.8635946528633716,-0.37823153031875,-0.5018603965,-0.20120744475000016,-0.43348218114017545,-0.5393225886489444,-0.2816667024173648,0.999625,0.994375
BFA,165,Dalo,2,2021,DHS 2021,0.2449796128213375,0.21620232,0.14212976451447085,0.0505532096,0.5805986382499999,0.0643951457,0.5189788975,0.5300454286499999,0.580169765465853,Low,High (20-50%),24.5%,[5.1%–58.1%],58%,0.644125,0.2441833890997316,-1.0512691099999998,1.5476624575,NA,NA,NA,-2.59652738643957,-4.657916218184184,-0.5663318735926286,-0.5124510360224125,-0.804521058625,-0.12509227350000002,-0.6701832252086322,-0.9284126460850266,-0.20473924611356378,0.99375,0.9755
BFA,166,Gao,2,2021,DHS 2021,0.2462231898708125,0.215789375,0.14423336539044937,0.051263249675000004,0.5986394347499999,0.06585569829999999,0.5303825829999996,0.547376185075,0.5857830266358145,Low,High (20-50%),24.6%,[5.1%–59.9%],59%,0.646125,0.2315272639416625,-1.09325546,1.5351398999999963,NA,NA,NA,-2.5954057889275894,-4.672750217009307,-0.519924375004522,-0.5124664737379375,-0.80473500215,-0.11301229550000008,-0.6686003277675747,-0.929203814564147,-0.19006036238062493,0.9935,0.973125
BFA,167,Sapouy,2,2021,DHS 2021,0.22831813224825,0.2214362,0.06620667777922692,0.12015598525000001,0.3735143645,0.131778301,0.347480482,0.25335837924999993,0.28997555790812307,Medium,High (20-50%),22.8%,[12.0%–37.4%],29%,0.81475,-0.4006528681644575,-0.8340909209999999,0.03771671217499985,NA,NA,NA,-1.429621412127185,-2.183075589032182,-0.6643743022112109,-0.31479101754925,-0.43418109425000007,-0.16230274550000007,-0.5788188138767623,-0.7794430122659022,-0.30487524594778237,0.999875,0.995125
BFA,168,Doulougou,2,2021,DHS 2021,0.27188183910125,0.27128974,0.019988887534668563,0.23436458975,0.31198471925,0.240065003,0.30558207449999997,0.0776201295,0.07352049552388312,High,High (20-50%),27.2%,[23.4%–31.2%],7%,0.999875,0.3585853597870218,-0.17121075149999998,0.9048172757499993,NA,NA,NA,-2.1739264210067457,-3.2043790407926798,-1.133154453507261,-0.4822760858675,-0.63377554775,-0.26560171400000027,-0.6331270152179063,-0.7178421890589085,-0.49008999491873784,1,0.99975
BFA,169,Gaongo,2,2021,DHS 2021,0.23851484208,0.23803775,0.01774761667101516,0.2044059065,0.27459297375,0.21032863200000002,0.26835715,0.07018706725000001,0.07440885655686974,High,High (20-50%),23.9%,[20.4%–27.5%],7%,0.99875,-0.2906852099405525,-0.53526923625,-0.03545736360000006,NA,NA,NA,-1.402507263163063,-1.6706197418980473,-1.133857134612765,-0.3208542880425,-0.37686186025,-0.26203242424999995,-0.5728401200736275,-0.6410956551716253,-0.49704685412586735,1,1
BFA,170,Ipelce,2,2021,DHS 2021,0.20644203147655,0.17731182,0.1268734385191384,0.039925442500000005,0.5221988224999997,0.0523700878,0.45554865499999997,0.4822733799999997,0.614571740123329,Low,High (20-50%),20.6%,[4.0%–52.2%],61%,0.535875,0.14066489646361124,-1.1547115399999999,1.4511408724999997,NA,NA,NA,-2.596616300287413,-4.616457079241541,-0.5709289748851268,-0.50991777696845,-0.799896876225,-0.12561677200000024,-0.7037203301300846,-0.9400016957916953,-0.23349560864738272,0.993125,0.98
BFA,171,Kayao,2,2021,DHS 2021,0.18539490795825,0.172423445,0.08107882751108617,0.066534013375,0.3764574767499999,0.07792674024999999,0.338861807,0.3099234633749999,0.4373303905916591,Low,Moderate (5-20%),18.5%,[6.7%–37.6%],44%,0.5285,0.20085144827204274,-0.370586376,0.7649461237499998,NA,NA,NA,-2.953206452920996,-4.0293000530816,-1.869627227472342,-0.61357712065925,-0.737802317425,-0.4209537322500001,-0.7678886643827103,-0.9170838679311091,-0.5284027928944833,1,0.99975
BFA,172,Kombissiri,2,2021,DHS 2021,0.088514046973,0.0830089775,0.035245542536581784,0.037050011900000006,0.17242929049999994,0.042083343300000006,0.15519970199999994,0.13537927859999993,0.39819151583175216,Low,Moderate (5-20%),8.9%,[3.7%–17.2%],40%,0.03675,-0.39943158781294,-0.8837676564999999,0.08216154792499998,NA,NA,NA,-2.7942393270639045,-3.6793643699408958,-1.9046005933612817,-0.50654922091825,-0.5949717374000001,-0.4000900847500001,-0.8508088359945554,-0.9381737559450422,-0.7074475167454114,1,1
BFA,173,Sapone,2,2021,DHS 2021,0.22557073853125,0.222559905,0.041472200144707046,0.15101690225,0.3152343105,0.161516463,0.2974952245,0.16421740825,0.18385452126788862,Medium,High (20-50%),22.6%,[15.1%–31.5%],18%,0.916375,0.14993510265846072,-0.14822467874999998,0.4511512104999999,NA,NA,NA,-2.100201461430493,-2.6221089729484177,-1.5999077456125792,-0.47483441909875,-0.5607058522499999,-0.3786877405000001,-0.6776911736865154,-0.7849074409960335,-0.5487781014997677,1,1
BFA,174,Toece,2,2021,DHS 2021,0.258663146895125,0.232981275,0.14181263202786762,0.05866346655,0.589653492,0.0725713606,0.5328305024999999,0.53099002545,0.5482521717149199,Low,High (20-50%),25.9%,[5.9%–59.0%],55%,0.698,0.8874765908655062,0.07923867610000004,1.6940514075,NA,NA,NA,-3.6602225416640874,-5.241030484010764,-2.0989565767384346,-0.662688149031125,-0.8632479129499999,-0.3330343252500001,-0.7192629621044057,-0.9364457840761219,-0.3607237009339534,1,0.997375
BFA,175,Guiaro,2,2021,DHS 2021,0.068521423311625,0.0682394305,0.00638906760543485,0.056817421025,0.082039443975,0.058563698,0.07968452195,0.02522202295,0.09324189861582914,High,Moderate (5-20%),6.9%,[5.7%–8.2%],9%,0,-0.85213016956875,-1.2194769625,-0.4837935462500002,NA,NA,NA,-3.8808675405257085,-4.262955964477038,-3.4987854861836905,-0.710412207685875,-0.7645455344000001,-0.6498815173250001,-0.911912104309156,-0.927691132313915,-0.8931846370827125,1,1
BFA,176,Pô,2,2021,DHS 2021,0.1418995467965,0.136651915,0.04057604370877033,0.07720671985,0.235467357,0.08458244575,0.21642079749999998,0.15826063715,0.2859490718949298,Medium,Moderate (5-20%),14.2%,[7.7%–23.5%],29%,0.249625,-0.64258315208695,-1.03144997,-0.24380536025000002,NA,NA,NA,-1.6046870943457554,-2.270167486612148,-0.9353995705240635,-0.30001018234225,-0.38323831729999996,-0.1998970172500001,-0.6780773592795168,-0.8261452676574271,-0.4667917126729939,1,0.999875
BFA,177,Tiébélé,2,2021,DHS 2021,0.1568307193205,0.149443265,0.05461769013186357,0.07207486085,0.28231375575,0.0814415104,0.25575609349999995,0.2102388949,0.34825887663147553,Low,Moderate (5-20%),15.7%,[7.2%–28.2%],35%,0.382375,0.35180769463913875,-0.12163478375,0.8258546927499999,NA,NA,NA,-3.4621301779626696,-4.3082452844763814,-2.627342166955198,-0.6907780566295,-0.7834089156499999,-0.56356539525,-0.8149215444472843,-0.91499464601253,-0.6676558362603832,1,1
BFA,178,Zecco,2,2021,DHS 2021,0.14787208317835,0.11873251500000001,0.10886948446295279,0.023674437925000003,0.42848702975,0.030620353450000002,0.36590067149999966,0.404812591825,0.7362409599088708,Low,Moderate (5-20%),14.8%,[2.4%–42.8%],74%,0.327875,-0.011145249166329875,-1.4547360824999997,1.3796799025,NA,NA,NA,-2.601459503941784,-4.593861574973377,-0.571685931844692,-0.47674654485665,-0.787167597275,-0.09592434490000006,-0.7533433514790504,-0.955463222639498,-0.2892243874454318,0.993625,0.983875
BFA,179,Ziou,2,2021,DHS 2021,0.165914188148125,0.13883962500000002,0.10952550650796704,0.031201103350000002,0.44222348125,0.0406205536,0.38324797249999987,0.4110223779,0.6601334565202149,Low,Moderate (5-20%),16.6%,[3.1%–44.2%],66%,0.397125,-0.3472251534330275,-1.19970397,0.47962537599999994,NA,NA,NA,-2.1626410802301623,-3.7763016169413475,-0.5605020685495535,-0.417579881754375,-0.5653967099249999,-0.13889353124999998,-0.7153522554308481,-0.9461404047564214,-0.2426820616464702,0.99625,0.9815
BFA,180,Bere,2,2021,DHS 2021,0.12535248624075,0.124956855,0.010977654060146464,0.10478071775,0.14824448725,0.107944847,0.14395691449999998,0.0434637695,0.08757428264376789,High,Moderate (5-20%),12.5%,[10.5%–14.8%],9%,0.01325,0.03984875649963808,-0.7995223564999999,0.8737199914999998,NA,NA,NA,-2.635863808374068,-4.228521897708795,-0.9877581060885001,-0.520968237283,-0.7817137085000001,-0.15371762850000006,-0.7862380422608278,-0.8698751057161358,-0.5503901487812021,0.999,0.997375
BFA,181,Binde,2,2021,DHS 2021,0.210149735505,0.20957034,0.016527246370004745,0.1793309815,0.2442161625,0.18416899599999997,0.23865409699999998,0.06488518100000001,0.07864509717458826,High,High (20-50%),21.0%,[17.9%–24.4%],8%,0.967875,0.3332470690604585,-0.49699774999999996,1.162482537499999,NA,NA,NA,-2.244639118849493,-3.8015332168584526,-0.6595016170581771,-0.481315684131375,-0.714046219,-0.12727242700000035,-0.6731346051671108,-0.7853627355720955,-0.3818415148087109,0.99725,0.99125
BFA,182,Gogo,2,2021,DHS 2021,0.245445622186625,0.21744308499999998,0.1411232923431612,0.051830028425,0.5780914775,0.06634690505,0.5181107414999995,0.526261449075,0.5749676489884911,Low,High (20-50%),24.5%,[5.2%–57.8%],57%,0.654,0.6785860244825965,-0.273846728,1.6313315924999998,NA,NA,NA,-3.444430565265581,-5.151601596687454,-1.7212978064704727,-0.645340858509625,-0.8511002512250001,-0.30483627375000005,-0.724697297585708,-0.9421599171280588,-0.3475141046216797,1,0.995125
BFA,183,Gomboussougou,2,2021,DHS 2021,0.156320734671,0.14842887500000002,0.05482298128287124,0.07192252757499999,0.28331220325,0.081463702,0.25924692649999986,0.211389675675,0.35070831389229506,Low,Moderate (5-20%),15.6%,[7.2%–28.3%],35%,0.3765,-0.055195697392803625,-0.657469482,0.5484785207499999,NA,NA,NA,-2.557976476762928,-3.576023658261616,-1.5329179517328717,-0.532193403834,-0.6846637969999999,-0.3477381995000001,-0.7708986657652851,-0.8955330833295272,-0.5736397075611156,1,1
BFA,184,Guiba,2,2021,DHS 2021,0.1488650443063125,0.125138885,0.10018733505134682,0.026407211425,0.41196148799999993,0.03441185460000001,0.34982113499999995,0.3855542765749999,0.6730077938592227,Low,Moderate (5-20%),14.9%,[2.6%–41.2%],67%,0.331,-0.21032419170103375,-1.0476791300000001,0.5940818667499994,NA,NA,NA,-2.1461120873847115,-3.7882178280990457,-0.535777184146239,-0.3978458786411875,-0.5330652009,-0.13288134950000022,-0.7272580804508931,-0.9510334889244557,-0.24238957676179035,0.9955,0.98225
BFA,185,Manga,2,2021,DHS 2021,0.068934720803125,0.061994728,0.034253854443596736,0.023211798125,0.15498615174999997,0.027468516000000002,0.1334073595,0.13177435362499998,0.4969027805512475,Low,Moderate (5-20%),6.9%,[2.3%–15.5%],50%,0.01575,0.05591645176311062,-0.5871664907499999,0.6949122677499998,NA,NA,NA,-3.6530693321293777,-4.77827068461078,-2.527441576368274,-0.646164157588125,-0.758557183925,-0.5142016607250001,-0.9032260044104634,-0.9675124820143352,-0.7828018832554822,1,1
BFA,186,Nobere,2,2021,DHS 2021,0.108526757025625,0.10317582,0.03653645675906504,0.05289716865,0.19304068099999994,0.058762902049999996,0.17692178499999994,0.14014351234999994,0.3366585140882646,Low,Moderate (5-20%),10.9%,[5.3%–19.3%],34%,0.078625,-0.2753962838383789,-0.7400930059999999,0.18754396999999978,NA,NA,NA,-2.9555252803674326,-3.707575645099033,-2.197406847868861,-0.580035308564375,-0.651932857825,-0.48671995149999997,-0.8422409669715498,-0.9234720806330561,-0.7185985973236397,1,1
BFA,187,Bilanga,2,2021,DHS 2021,0.29095011065375,0.2903148,0.02906747557546241,0.23661342875,0.350477543,0.2446692125,0.3403206795,0.11386411425000001,0.09990536009816006,High,High (20-50%),29.1%,[23.7%–35.0%],10%,1,0.537113888454325,0.1325316995,0.9396302087499999,NA,NA,NA,-2.1690426972659274,-2.891485113925127,-1.438661938553815,-0.48521033559125,-0.59993705625,-0.3444735772500001,-0.6229022368747569,-0.7072259546706163,-0.5159552310389489,1,1
BFA,188,Bogandé,2,2021,DHS 2021,0.2891703083725,0.283204115,0.08051137878720482,0.15313963025000002,0.46312260699999985,0.16857150650000002,0.4312367254999999,0.30998297674999986,0.2784220110298898,Medium,High (20-50%),28.9%,[15.3%–46.3%],28%,0.946375,0.4235559064539281,-0.19227533549999992,1.0384356275,NA,NA,NA,-1.8283592866908136,-2.9623546942749543,-0.6877638082425425,-0.4134795163375,-0.621897321,-0.16619602325000007,-0.5818463487603364,-0.7891020823975142,-0.2844553400926736,0.999125,0.9925
BFA,189,Koalla,2,2021,DHS 2021,0.199288437121175,0.17170790000000002,0.12448402679031574,0.03960853135,0.5107071199999998,0.050537279250000004,0.4459455579999996,0.47109858864999987,0.6246424960150834,Low,Moderate (5-20%),19.9%,[4.0%–51.1%],62%,0.514,0.1591743904988925,-0.8344870357499999,1.1739464499999999,NA,NA,NA,-2.6424786696201923,-4.3959491598619955,-0.8915527611991249,-0.536921850328825,-0.7576036207000001,-0.20547775075000027,-0.7279480431230568,-0.9462717317881679,-0.29504738906190225,0.9975,0.98825
BFA,190,Liptougou,2,2021,DHS 2021,0.2040587690470625,0.17732552000000001,0.1235138431312905,0.03979679877500001,0.51688924925,0.052602807,0.4428319539999997,0.477092450475,0.6052856425043133,Low,High (20-50%),20.4%,[4.0%–51.7%],61%,0.532875,0.17299781473985326,-0.68141287025,0.9921790097499998,NA,NA,NA,-2.918256221621072,-4.564491986422021,-1.3077546423897604,-0.5945732125291875,-0.7609270003,-0.2828575955000001,-0.7444814748188716,-0.9499182481327495,-0.3513779309685507,0.999875,0.995
BFA,191,Mani,2,2021,DHS 2021,0.31160957359375,0.30896466,0.057794195396506355,0.20832397075000003,0.4340842212499999,0.222510495,0.41312156650000004,0.22576025049999987,0.18546989660803392,Medium,High (20-50%),31.2%,[20.8%–43.4%],19%,0.996875,1.2031024994475,0.7436868577499999,1.7048884299999998,NA,NA,NA,-2.051944207123841,-2.6135801341273552,-1.4665516184146075,-0.46444487643875,-0.5730375244999999,-0.3359110002500001,-0.5982546202550373,-0.7309947795516124,-0.43732447846697003,1,1
BFA,192,Piéla,2,2021,DHS 2021,0.32365703150625,0.32182493,0.04889835756201877,0.23354778775,0.42370206574999997,0.246022264,0.406132192,0.19015427799999995,0.1510807824395266,High,High (20-50%),32.4%,[23.4%–42.4%],15%,0.9995,0.5586949965991375,0.26103295750000005,0.8686866672499999,NA,NA,NA,-1.788824128588542,-2.2736498506202114,-1.312539283193136,-0.41531263591625,-0.5130925100000001,-0.309681315,-0.5617394786369111,-0.6844124445171724,-0.4246567550014877,1,1
BFA,193,Thion,2,2021,DHS 2021,0.22177467746375,0.221252,0.016807351601100414,0.19001410275,0.256356217,0.1950814235,0.2505199885,0.06634211425,0.07578571094460343,High,High (20-50%),22.2%,[19.0%–25.6%],8%,0.990375,0.521644597190975,-0.31612014775,1.3573975299999992,NA,NA,NA,-2.2419652071158978,-3.8517697096692776,-0.6619469416471514,-0.4818715191245,-0.71034988,-0.133574798,-0.6631444973400736,-0.7734104748462332,-0.3757635496155733,0.997625,0.992125
BFA,194,Diabo,2,2021,DHS 2021,0.1723744731722375,0.14648068,0.11251188301987466,0.0327249589,0.4640723462499998,0.041603817650000006,0.39892845949999983,0.43134738734999983,0.6527177774603098,Low,Moderate (5-20%),17.2%,[3.3%–46.4%],65%,0.421375,-0.20019715757735226,-1.0526679275,0.6664570009999995,NA,NA,NA,-2.3028654805539714,-3.920558859465694,-0.6299691262284306,-0.4558447488815125,-0.63935756625,-0.1547408312500002,-0.7243188597239913,-0.947161552745579,-0.25033813686435935,0.997,0.981875
BFA,195,Diapangou,2,2021,DHS 2021,0.1780786826665375,0.151771535,0.11325032807052868,0.0339889529,0.46708696725000004,0.04316192915000001,0.4057607584999998,0.43309801435000006,0.6359566814776836,Low,Moderate (5-20%),17.8%,[3.4%–46.7%],64%,0.4465,-0.01707678493715561,-0.85118685825,0.7871684767499996,NA,NA,NA,-2.573103404938763,-4.194208011791812,-0.9574906708577607,-0.5218593523897125,-0.6734806531499999,-0.2280818105000001,-0.7454042401881662,-0.9512705290339066,-0.3307044237930757,0.999375,0.992125
BFA,196,Fada N'gourma,2,2021,DHS 2021,0.24819040890375,0.246175245,0.03762063303465408,0.17942677324999998,0.3261781199999999,0.19016399,0.31289679849999996,0.14675134674999993,0.1515797213954534,High,High (20-50%),24.8%,[17.9%–32.6%],15%,0.981,0.0079934086359420755,-0.38010159025,0.3968013042499998,NA,NA,NA,-1.7844266080425464,-2.462603043391511,-1.095498100552615,-0.40962474621125,-0.5449139205,-0.25940099775,-0.6191433923985447,-0.7373468110238993,-0.46650779602275927,1,0.999875
BFA,197,Matiacoali,2,2021,DHS 2021,0.253657662049875,0.22481964999999998,0.1426807521412523,0.055752495675000006,0.5961337647499999,0.0719727854,0.5334218304999999,0.540381269075,0.5624933660123302,Low,High (20-50%),25.4%,[5.6%–59.6%],56%,0.671625,-0.3673108753790931,-1.4462806325,0.6912730737499997,NA,NA,NA,-2.354319577742772,-4.1646455437293985,-0.5599083485462408,-0.486868681261375,-0.76048613,-0.12193692200000021,-0.6543724805450813,-0.9203179065327132,-0.18364005158993404,0.994125,0.97225
BFA,198,Tibga,2,2021,DHS 2021,0.3654019402275,0.36481774499999997,0.022922702128490326,0.32176576199999996,0.4106499,0.32759323399999996,0.402985591,0.08888413800000006,0.06273284185141054,High,High (20-50%),36.5%,[32.2%–41.1%],6%,1,0.84445083430375,0.5647377587499999,1.1314829849999999,NA,NA,NA,-2.156325849311699,-2.43121079895764,-1.8840835793950508,-0.46658408489875,-0.5177612045,-0.41392326725,-0.5606910802810852,-0.6157857353851655,-0.5042622845287305,1,1
BFA,199,Yamba,2,2021,DHS 2021,0.28139192673125,0.279782535,0.041092346543024585,0.20587433,0.36757807375,0.2161475685,0.35268189899999997,0.16170374375000002,0.1460324289341492,High,High (20-50%),28.1%,[20.6%–36.8%],15%,0.997375,-0.3014226612842382,-0.66078962025,0.07225569972499996,NA,NA,NA,-1.367327100219468,-1.824591152729635,-0.9216600320810007,-0.3220038175025,-0.4130080675,-0.225405089,-0.5329380479006568,-0.6621674959589389,-0.3855051546482021,1,1
BFA,200,Bartiébougou,2,2021,DHS 2021,0.14332414488195,0.116492975,0.10152507103373647,0.026113358575,0.41465347049999984,0.034020653750000004,0.35087662799999997,0.3885401119249998,0.7083598588176357,Low,Moderate (5-20%),14.3%,[2.6%–41.5%],71%,0.31075,-0.8224211158213589,-1.6611745974999998,0.01891126289999992,NA,NA,NA,-1.697679794351673,-3.2906260188958427,-0.02230893937572934,-0.27760261995305,-0.4079079083749999,-0.005315917000000003,-0.65874327875103,-0.9373632180759268,-0.013505151942189044,0.976625,0.942125
BFA,201,Foutouri,2,2021,DHS 2021,0.286361796307125,0.26029951,0.1583807325834992,0.057677235575000006,0.6527199982499994,0.07480869744999999,0.5872853275000001,0.5950427626749993,0.5530791279631266,Low,High (20-50%),28.6%,[5.8%–65.3%],55%,0.737625,-0.21530111967839874,-1.53195951,1.0685402774999984,NA,NA,NA,-2.5965774586067156,-4.625845503781679,-0.5536749813373638,-0.5067758002966251,-0.8004737397499999,-0.11894181175000021,-0.6365387023191258,-0.9206298392019945,-0.17837084146759516,0.993875,0.96925
BFA,202,Gayéri,2,2021,DHS 2021,0.14709407351255,0.12028815500000001,0.10021929798680294,0.027279297450000003,0.40721370949999997,0.0358952555,0.3439820639999998,0.37993441204999995,0.6813279120878536,Low,Moderate (5-20%),14.7%,[2.7%–40.7%],68%,0.3325,-0.7690280396142063,-1.5828374525000002,0.049064703324999584,NA,NA,NA,-1.6366500340631742,-3.2107265425092733,-0.019561419011998774,-0.26944331807995,-0.40343120979999997,-0.004699664750000004,-0.6458743423785783,-0.9322677897926988,-0.01165913409973613,0.977125,0.942875
BFA,203,Kompienga,2,2021,DHS 2021,0.205971541666275,0.17346325,0.1373476486021984,0.03301675555,0.5559429634999995,0.04358906205,0.48275743899999995,0.5229262079499994,0.6668282787567599,Low,High (20-50%),20.6%,[3.3%–55.6%],67%,0.519125,-0.12715051220008625,-1.58604741,1.3161288899999999,NA,NA,NA,-2.615595254243098,-4.693247415661949,-0.5442191447532488,-0.503949381131975,-0.800620971525,-0.10582782350000007,-0.7041605336563814,-0.9470380015140812,-0.21474668168793126,0.99325,0.976625
BFA,204,Madjoari,2,2021,DHS 2021,0.354993197903,0.33280845000000003,0.1799791847492748,0.07889793825000001,0.7503015084999999,0.10160940250000002,0.6951274269999999,0.6714035702499999,0.5069933334284707,Low,High (20-50%),35.5%,[7.9%–75.0%],51%,0.846125,-0.21562025621258438,-1.6663944274999998,1.2204127974999999,NA,NA,NA,-2.601534954038275,-4.615385468307693,-0.5314060355421377,-0.48262402787575,-0.78616720995,-0.09435021575000005,-0.5764357212712617,-0.8968006683144503,-0.12503005102118933,0.993,0.949875
BFA,205,Pama,2,2021,DHS 2021,0.288601587226,0.26152678,0.15686138010037326,0.062993272125,0.64545488325,0.0811918976,0.5884871549999999,0.5824616111250001,0.5435222363400838,Low,High (20-50%),28.9%,[6.3%–64.5%],54%,0.74925,-0.7815392031996131,-1.679465955,0.11603529799999976,NA,NA,NA,-1.7484672417132952,-3.4314139270928723,-0.06270509523604584,-0.379569594784,-0.636823459675,-0.014954518750000138,-0.5665155339626082,-0.9045139418571648,-0.022833572687137628,0.979375,0.9145
BFA,206,Botou,2,2021,DHS 2021,0.2029416085801,0.172917575,0.1304338234535666,0.03729725155,0.5358388219999999,0.0494044985,0.4618916654999998,0.49854157044999986,0.6427160224369911,Low,High (20-50%),20.3%,[3.7%–53.6%],64%,0.513625,-0.38460369197872635,-1.2783177074999998,0.4999290364999996,NA,NA,NA,-2.485618946486219,-4.199635103309399,-0.7790305246851664,-0.51167004276365,-0.6846409631499999,-0.17953775475000047,-0.7159740913840401,-0.9485217571229976,-0.24844120358590085,0.998,0.982625
BFA,207,Diapaga,2,2021,DHS 2021,0.27503047457575,0.24725935,0.15079382608862377,0.058818868899999995,0.6292596079999998,0.07655168,0.566690564,0.5704407390999998,0.5482804271825941,Low,High (20-50%),27.5%,[5.9%–62.9%],55%,0.73175,-0.5232156050593875,-1.4082597374999999,0.3425230932499997,NA,NA,NA,-2.2527295514988905,-3.9294703656254,-0.5879014759601292,-0.48151804271674997,-0.7070718627249999,-0.12730679275,-0.6361628474528875,-0.9216021943439676,-0.16988719897407203,0.996375,0.96575
BFA,208,Kantchari,2,2021,DHS 2021,0.2096372531483375,0.17736138499999998,0.1337636893950067,0.03911568745,0.5450705997499999,0.051206774000000004,0.47820429449999996,0.5059549122999999,0.6380721335837991,Low,High (20-50%),21.0%,[3.9%–54.5%],64%,0.529,-0.6640325972596506,-1.728294195,0.40704402449999966,NA,NA,NA,-2.0658454583312786,-3.8517918925303447,-0.2584831394850297,-0.4151882609729125,-0.68744666275,-0.05959787400000057,-0.6584171385683447,-0.936350191346845,-0.111900029390222,0.985875,0.9565
BFA,209,Logobou,2,2021,DHS 2021,0.25951850253575,0.227767655,0.15175068212961712,0.053917180050000006,0.6242700365,0.06766125105000001,0.5540278884999994,0.57035285645,0.584739356334382,Low,High (20-50%),26.0%,[5.4%–62.4%],58%,0.675375,-0.22500845215090862,-1.5194382399999997,1.08319199,NA,NA,NA,-2.5864959587038143,-4.633044244270003,-0.5345318720534485,-0.509422332902125,-0.800106237,-0.11695183975000004,-0.6575696822210901,-0.9245276657568191,-0.18207621007042796,0.9925,0.970875
BFA,210,Namounou,2,2021,DHS 2021,0.106907818027925,0.0804276075,0.08856783633107611,0.014197735575000002,0.35536903799999986,0.019414649300000003,0.28828279899999987,0.3411713024249999,0.828450509652546,Low,Moderate (5-20%),10.7%,[1.4%–35.5%],83%,0.1825,-0.232222877022845,-1.6635429824999999,1.1793573825,NA,NA,NA,-2.6168789926433704,-4.631156260061717,-0.5821970903883156,-0.4332371395982,-0.7697167699749999,-0.07327572062500019,-0.7880400390921432,-0.9669494072550593,-0.31896858424384655,0.99275,0.985125
BFA,211,Partiaga,2,2021,DHS 2021,0.1872419113111375,0.159276895,0.1196035919763718,0.034418556775000005,0.4895874322499999,0.0446951856,0.42183994999999996,0.4551688754749999,0.6387650667463441,Low,Moderate (5-20%),18.7%,[3.4%–49.0%],64%,0.471875,-0.28621031505324873,-1.14474386,0.5491408927499999,NA,NA,NA,-2.6003402257837074,-4.268869056619913,-0.9841746292472491,-0.5302526112126125,-0.689555106075,-0.23132888399999993,-0.7388637901142447,-0.9523239211402568,-0.32111836636614943,0.998375,0.991125
BFA,212,Tambaga,2,2021,DHS 2021,0.208594549456775,0.180094575,0.12725306636301104,0.042527233325,0.5262063109999999,0.05404510675,0.4565836445,0.48367907767499996,0.610049815272764,Low,High (20-50%),20.9%,[4.3%–52.6%],61%,0.54425,-0.05819992649173175,-0.9296922307500001,0.8121012949999996,NA,NA,NA,-2.809221805434451,-4.421141640181723,-1.2137915644246005,-0.575946062856975,-0.747628398275,-0.2624569982499999,-0.7341085176538834,-0.9457105704058986,-0.33395440126855164,0.99975,0.99425
BFA,213,Tansarga,2,2021,DHS 2021,0.1747221349881375,0.144320925,0.12121052214074754,0.029358777750000002,0.4905729274999999,0.0381439484,0.4175506019999996,0.4612141497499999,0.6937330644968193,Low,Moderate (5-20%),17.5%,[2.9%–49.1%],69%,0.42,-0.235543382044505,-1.622678355,1.1274215624999993,NA,NA,NA,-2.619627957961644,-4.675949211586864,-0.609662201691591,-0.4976318737049875,-0.8000417294250001,-0.12181606800000035,-0.7326739984894045,-0.9517059945080366,-0.25612110548009454,0.995,0.982375
BFA,214,Bama,2,2021,DHS 2021,0.1109154107445,0.109770655,0.016998818577218137,0.0803835678,0.1470519265,0.08488576685,0.14021540549999997,0.06666835870000001,0.15325930331156495,High,Moderate (5-20%),11.1%,[8.0%–14.7%],15%,0.008125,-0.3008893347772381,-0.84241494775,0.2185425497499999,NA,NA,NA,-2.9590167455042122,-3.772771929918787,-2.1370793560654633,-0.5867582922755,-0.7288360367500001,-0.40913848800000013,-0.8388063859166676,-0.8903422152354322,-0.7670989874214776,1,1
BFA,215,Bobo-Dioulasso,2,2021,DHS 2021,0.0465981593647625,0.041737986500000004,0.023190877980767216,0.0159781422,0.10301534524999997,0.01876454355,0.0902444751499999,0.08703720304999997,0.4976779833562298,Low,Low (1-5%),4.7%,[1.6%–10.3%],50%,0.002375,-1.1402118120887508,-1.9057280675000001,-0.3904250447500008,NA,NA,NA,-2.467709274678564,-3.6303857038805845,-1.2920985220724672,-0.2979270685427375,-0.46445374787500004,-0.15055054475000015,-0.8583108287838297,-0.9563142118724883,-0.6603985870104493,1,0.99975
BFA,216,Dandé,2,2021,DHS 2021,0.159904379898275,0.131614965,0.11100928483725599,0.027096801425,0.44248949024999973,0.035570476350000005,0.3847481524999998,0.41539268882499975,0.6942229156441857,Low,Moderate (5-20%),16.0%,[2.7%–44.2%],69%,0.37125,-0.3612060576711367,-1.762542125,0.9888331667499999,NA,NA,NA,-2.6932558979628736,-4.732205022421771,-0.6492791855981807,-0.5080268811971,-0.8027388754749999,-0.1259040757500001,-0.7512865279952047,-0.9559496529728291,-0.2998709082796819,0.994375,0.986625
BFA,217,Faramana,2,2021,DHS 2021,0.08394592392125,0.0835723795,0.0077502558394580475,0.0698197121,0.10002053975000001,0.07191809055000001,0.0972789307,0.03020082765000001,0.09232438547854441,High,Moderate (5-20%),8.4%,[7.0%–10.0%],9%,0,-0.5722214099440438,-1.0463546350000001,-0.143437786,NA,NA,NA,-2.7343157382638257,-3.0054850191792757,-2.4583108068228885,-0.5000897950125,-0.550569717575,-0.45074334687499995,-0.8560214331497389,-0.8819188966691909,-0.8254762453542831,1,1
BFA,218,Fo,2,2021,DHS 2021,0.158697584050025,0.131773895,0.10645510398820873,0.0292209409,0.4351990652499997,0.036958018,0.3685393814999992,0.4059781243499997,0.6708048180157029,Low,Moderate (5-20%),15.9%,[2.9%–43.5%],67%,0.368625,-0.011922794378598625,-0.9381833900000001,0.8842026845,NA,NA,NA,-3.0796734304746214,-4.704627357034802,-1.4328161696619948,-0.608994568671225,-0.7443931410250001,-0.32672245950000006,-0.7931852772660126,-0.9616270077318553,-0.4283044768354649,0.999875,0.997875
BFA,219,Karankasso-Sambla,2,2021,DHS 2021,0.149825748259125,0.12224285,0.10494453207902944,0.026208494825,0.4260126179999999,0.03438240795,0.3612385739999999,0.3998041231749999,0.7004439043249556,Low,Moderate (5-20%),15.0%,[2.6%–42.6%],70%,0.334875,-0.46310057126122123,-1.8121809899999999,0.8977373394999998,NA,NA,NA,-2.643529600071723,-4.646356776777633,-0.5745124873357601,-0.493569191116,-0.7911742785249999,-0.11043117720000001,-0.7557392660284509,-0.9555502517880474,-0.2957470564550268,0.9945,0.985125
BFA,220,Karankasso-Vigué,2,2021,DHS 2021,0.254007868059875,0.2498221,0.06049229652667178,0.14892115949999998,0.38565228725,0.1636435745,0.3622068625,0.23673112775000002,0.2381512706228945,Medium,High (20-50%),25.4%,[14.9%–38.6%],24%,0.927625,0.3566031030235114,-0.39594158574999994,1.10483736,NA,NA,NA,-2.7071888420850008,-3.968781141735334,-1.4462264502102946,-0.564581153873875,-0.7286776600000001,-0.3359452340000001,-0.6864798043269607,-0.8198502812431735,-0.5008203366568458,1,0.999875
BFA,221,Koundougou,2,2021,DHS 2021,0.1608799916463,0.136287195,0.10590599299506726,0.02968478955,0.43662836224999996,0.03815975240000001,0.37290808699999994,0.4069435727,0.6582918852202895,Low,Moderate (5-20%),16.1%,[3.0%–43.7%],66%,0.37775,-0.2050325704607575,-1.09975976,0.6961788107499997,NA,NA,NA,-2.8389983166582162,-4.464015284154236,-1.22202628195312,-0.5657135673387,-0.7052455150000001,-0.28632183000000017,-0.778511756696505,-0.9590211903353015,-0.3981399195080861,0.999625,0.9965
BFA,222,Lena,2,2021,DHS 2021,0.078091396908375,0.0777871705,0.007264083218790443,0.06483588025,0.093157265075,0.0667092259,0.0903909213,0.02832138482499999,0.09302027504148026,High,Moderate (5-20%),7.8%,[6.5%–9.3%],9%,0,-0.7167947703194962,-1.5457752799999998,0.13816864474999965,NA,NA,NA,-3.2904585294318185,-4.887376422427502,-1.7029401523433252,-0.59434247354025,-0.8391333451249999,-0.24147363540000027,-0.8744819991623449,-0.9203328705816499,-0.75215730701983,1,0.999875
BFA,223,Padéma,2,2021,DHS 2021,0.134322504137,0.134023795,0.011716520663696729,0.11218035,0.158918657,0.11591376399999999,0.1542273935,0.04673830699999999,0.0872267885338607,High,Moderate (5-20%),13.4%,[11.2%–15.9%],9%,0.041,-0.030077893245800125,-0.5983567535000001,0.5300979939999998,NA,NA,NA,-3.446989082764335,-4.431829154598143,-2.4854446449919996,-0.68439968692925,-0.7949230075,-0.51801872675,-0.8346161943894285,-0.8687872464199361,-0.786122945281987,1,1
BFA,224,Peni,2,2021,DHS 2021,0.16654947127125,0.16595957,0.01401081140220639,0.1410202365,0.195065421,0.14437627949999998,0.190221864,0.05404518449999998,0.08412402210144365,High,Moderate (5-20%),16.7%,[14.1%–19.5%],8%,0.484625,0.020685686769658124,-0.48272911074999997,0.4802039052499999,NA,NA,NA,-2.924362495363074,-3.196338195208437,-2.6481753528123,-0.6206056646475,-0.66114311975,-0.57681205075,-0.7883292852485811,-0.8214219854818307,-0.7507597067475393,1,1
BFA,225,Satiri,2,2021,DHS 2021,0.1859857476970625,0.15956633,0.11637448732880515,0.037281623375,0.4778123034999998,0.04836361570000001,0.41196885699999997,0.4405306801249998,0.6257172324750301,Low,Moderate (5-20%),18.6%,[3.7%–47.8%],63%,0.473375,-0.08469896883993025,-0.9331504362499999,0.7656987372499999,NA,NA,NA,-2.9371669350180185,-4.540425713766424,-1.3549748950613039,-0.5951704563079375,-0.7481635365749999,-0.3025569637500002,-0.761854940514729,-0.9520945670493497,-0.3901974521902773,0.9995,0.996
BFA,226,Toussiana,2,2021,DHS 2021,0.3586951921075,0.35850342,0.022686398296793583,0.31508387974999996,0.4040415715,0.3222587665,0.39662002,0.08895769175000001,0.06324700970620908,High,High (20-50%),35.9%,[31.5%–40.4%],6%,1,0.49288244195331377,-0.5247789915000001,1.4808928024999999,NA,NA,NA,-1.2900128533546946,-2.9571796640699857,0.44479827227593366,-0.2898437485925,-0.5604919137500001,0.09353726049999975,-0.38597871031784137,-0.6215451415799803,0.3537921090405141,0.9295,0.858125
BFA,227,Banzon,2,2021,DHS 2021,0.109297345281275,0.085005352,0.08567115844248378,0.016576276350000002,0.33857205649999994,0.021689129300000002,0.2834311149999999,0.32199578014999997,0.7838356752582637,Low,Moderate (5-20%),10.9%,[1.7%–33.9%],78%,0.189,-0.5055713788925785,-1.9490174975,0.8878818262499996,NA,NA,NA,-2.6445348278559586,-4.686404902513747,-0.5628229339069022,-0.4478380047846,-0.774975659275,-0.08185968900000029,-0.7872483250271205,-0.967460515773703,-0.30531466432234483,0.993375,0.984625
BFA,228,Djigouera,2,2021,DHS 2021,0.1383407257513875,0.11220299,0.09865488076760043,0.02403242495,0.3943718344999999,0.031125028049999996,0.3369633674999998,0.3703394095499999,0.7131297037207495,Low,Moderate (5-20%),13.8%,[2.4%–39.4%],71%,0.290125,-0.5451003800388757,-1.8946583925,0.7768454342499992,NA,NA,NA,-2.626929786297588,-4.694682881662796,-0.5448530022595048,-0.4811646405301125,-0.792275555325,-0.09762927125000008,-0.7616316068379064,-0.9591360715189158,-0.28507988296601167,0.9925,0.98325
BFA,229,Kangala,2,2021,DHS 2021,0.10669068182065,0.0830755735,0.08192933528454016,0.016392333550000002,0.3294990084999999,0.021587054799999998,0.27109533649999984,0.3131066749499999,0.7679146284046215,Low,Moderate (5-20%),10.7%,[1.6%–32.9%],77%,0.176125,-0.3999304242518825,-1.4918623899999999,0.6976842002499992,NA,NA,NA,-2.847234724211245,-4.604659769037489,-1.1011645105290924,-0.5018707365031,-0.68065428685,-0.2546322687500002,-0.8233162632729758,-0.972746039030737,-0.4505831321446174,0.998875,0.997
BFA,230,Kayan,2,2021,DHS 2021,0.1745063767434125,0.145060145,0.11762723392695935,0.0299662525,0.4755482172499995,0.039688057,0.4123067294999999,0.4455819647499995,0.6740569377582915,Low,Moderate (5-20%),17.5%,[3.0%–47.6%],67%,0.421875,-0.3742837561453059,-1.7168173825,0.9314757127499996,NA,NA,NA,-2.678629580335615,-4.7781735655228,-0.6176121397613912,-0.5128741644677125,-0.8079657407999999,-0.12311066970000006,-0.7358559418084222,-0.9532631799975798,-0.2754396355556633,0.99475,0.98275
BFA,231,Koloko,2,2021,DHS 2021,0.1484131632763125,0.119186775,0.10583930261276799,0.024812687025000002,0.4296111389999996,0.03248065325,0.3668531904999998,0.4047984519749996,0.7131395913697939,Low,Moderate (5-20%),14.8%,[2.5%–43.0%],71%,0.322875,-0.50920177687034,-1.8933816349999997,0.8466526927499999,NA,NA,NA,-2.6475987585892167,-4.708868583895653,-0.6514371450514923,-0.4906697198948125,-0.7953010852,-0.12343276837500006,-0.7586942196400992,-0.9575137317076804,-0.311284308691956,0.995125,0.98725
BFA,232,Kourinion,2,2021,DHS 2021,0.08489977257755,0.0639666535,0.06993266210363125,0.0132742038,0.2824275762499999,0.016750304400000002,0.22117263499999998,0.26915337244999993,0.823708473891996,Low,Moderate (5-20%),8.5%,[1.3%–28.2%],82%,0.11225,-1.77107877667425,-2.7758327575,-0.7531259772500002,NA,NA,NA,-0.9090693367677267,-2.5625305346939338,0.8286453674508593,-0.06246738421495,-0.14117409064999997,0.1341708615,-0.42081861193038683,-0.910560922402001,0.9204766567636685,0.85575,0.776375
BFA,233,Kourouma,2,2021,DHS 2021,0.1528171530868375,0.126577025,0.10256304260016257,0.0287951499,0.4190298399999998,0.036722960150000004,0.3636199944999995,0.39023469009999984,0.6711487586860206,Low,Moderate (5-20%),15.3%,[2.9%–41.9%],67%,0.34075,-0.6460744620356025,-1.5646180325,0.27585349149999944,NA,NA,NA,-2.332864131265297,-3.940100783028362,-0.7274184515582074,-0.4477427415331625,-0.5829374382500001,-0.17950451825000016,-0.7453130856974486,-0.9522938054276822,-0.3008195990447941,0.99775,0.98825
BFA,234,Morolaba,2,2021,DHS 2021,0.192449111701625,0.16004732500000002,0.13179738927541704,0.0298947164,0.5288741177499998,0.0401179535,0.4639626604999998,0.4989794013499998,0.684842803949945,Low,Moderate (5-20%),19.2%,[3.0%–52.9%],68%,0.473875,-0.5098314079680775,-2.0016037175,0.9169817397499991,NA,NA,NA,-2.70201772932906,-4.73828037068064,-0.6600656759278651,-0.517564265933375,-0.8073218379500001,-0.13625298600000024,-0.724839012275511,-0.9519136393687144,-0.2640680218456031,0.9945,0.98375
BFA,235,N'dorola,2,2021,DHS 2021,0.132658103625125,0.105866305,0.09627430145751363,0.022931597825,0.38695829949999955,0.03033364635,0.32641679599999995,0.36402670167499956,0.7257325321758904,Low,Moderate (5-20%),13.3%,[2.3%–38.7%],73%,0.266375,-1.1861180099472626,-2.1572686375,-0.2564704322500001,NA,NA,NA,-1.7319803357976926,-3.3624227466442456,-0.052806390075599424,-0.272328227992375,-0.39791701809999996,-0.0123808725,-0.671433072986582,-0.9432383277943559,-0.03261532157028799,0.977375,0.94725
BFA,236,Orodara,2,2021,DHS 2021,0.0549273696862625,0.048204674,0.030599935827903074,0.016188170475,0.1344798175,0.019196718749999998,0.11358313399999996,0.11829164702499999,0.557098146200804,Low,Moderate (5-20%),5.5%,[1.6%–13.4%],56%,0.009375,-0.72765338947252,-1.96036635,0.4871583917499994,NA,NA,NA,-2.8089410479871733,-4.653028219367224,-1.0018422388747015,-0.4070818321069875,-0.761329933925,-0.08358031432500004,-0.8586370841567283,-0.9655445585662118,-0.5806480501859221,0.99875,0.997
BFA,237,Samogohiri,2,2021,DHS 2021,0.1425674567669375,0.114088885,0.10366158676169357,0.023419467975000004,0.41183226799999983,0.030275345250000002,0.3545204789999996,0.38841280002499984,0.7271055338467222,Low,Moderate (5-20%),14.3%,[2.3%–41.2%],73%,0.3065,-0.5971888394328275,-2.020108685,0.8043323634999974,NA,NA,NA,-2.619122266963489,-4.619439572434996,-0.6495443619775113,-0.4793568286525625,-0.7842094651,-0.11172140810000021,-0.7621521825713696,-0.9569922569876531,-0.3151566439014151,0.9955,0.987625
BFA,238,Samorogouan,2,2021,DHS 2021,0.072546353018125,0.0722766325,0.006712648685965263,0.060245456225,0.086498220775,0.06205909955,0.08402122479999999,0.026252764549999995,0.09252909907529291,High,Moderate (5-20%),7.3%,[6.0%–8.6%],9%,0,-0.8085678941069275,-1.4174438,-0.2932429165000003,NA,NA,NA,-3.5452398670642724,-3.8186015360167564,-3.270222356912541,-0.656646111385625,-0.6959409935249999,-0.615473120125,-0.9004437550182295,-0.9175790196016641,-0.8803414244652625,1,1
BFA,239,Sindo,2,2021,DHS 2021,0.193599804799225,0.164938065,0.12449237288118072,0.0360048481,0.5111435105000001,0.047253665150000006,0.4394016795,0.4751386624000001,0.6430397644785181,Low,Moderate (5-20%),19.4%,[3.6%–51.1%],64%,0.490625,-0.13202012223454376,-1.14189939,0.8460031937499999,NA,NA,NA,-3.1596177556875267,-4.803092588686301,-1.4879967858323062,-0.628222553960775,-0.7886771262750001,-0.3101434835000002,-0.7644445044521998,-0.9559153641365493,-0.3783130579915203,0.999875,0.997125
BFA,240,Bekuy,2,2021,DHS 2021,0.112190025656875,0.11174531500000001,0.009729566252795033,0.093970687175,0.132585489,0.09692166595,0.129046161,0.038614801825,0.0867239863421745,High,Moderate (5-20%),11.2%,[9.4%–13.3%],9%,7.5e-4,-0.504760036348137,-1.331332725,0.34515711499999985,NA,NA,NA,-3.037660247406759,-4.662524094621033,-1.4184086591348224,-0.58826714113475,-0.8182760207499999,-0.23232809300000007,-0.8284611666609443,-0.8868556230262676,-0.6730846353827956,0.999625,0.999375
BFA,241,Bereba,2,2021,DHS 2021,0.1765683004075,0.17632458,0.01455357847941974,0.148986653,0.20605470750000002,0.15297248649999998,0.20069789999999996,0.05706805450000002,0.08242463933691212,High,Moderate (5-20%),17.7%,[14.9%–20.6%],8%,0.67,-0.1205183798660425,-0.93698003725,0.6904029604999989,NA,NA,NA,-2.5715258301511987,-4.15008401197968,-0.9987334166674481,-0.53548803921625,-0.755600172,-0.19082962275000012,-0.7360633166533449,-0.8228750257781586,-0.5155772999402871,0.998875,0.99725
BFA,242,Boni,2,2021,DHS 2021,0.1904582266883625,0.16601691000000002,0.11545057813502976,0.04121957715,0.4763021517499999,0.05158526675,0.4142635439999999,0.4350825745999999,0.6061727032875084,Low,Moderate (5-20%),19.0%,[4.1%–47.6%],61%,0.496625,-0.14175366631437475,-0.9847536432499999,0.6893402985,NA,NA,NA,-2.635747429686165,-4.166404008640437,-1.1088248971817636,-0.5424096757328875,-0.69907761815,-0.25713416900000013,-0.7401017190758109,-0.9440198475993453,-0.35405835462433943,0.999875,0.994125
BFA,243,Founzan,2,2021,DHS 2021,0.222076088363125,0.19616546,0.12812543993275355,0.0494559267,0.5378124544999998,0.06156261785,0.47310618849999997,0.48835652779999983,0.5769438793574696,Low,High (20-50%),22.2%,[4.9%–53.8%],58%,0.59875,0.1279030754676276,-0.7254063249999999,0.9716003842499998,NA,NA,NA,-2.9106746555322967,-4.468873075137078,-1.3376753667576025,-0.594715164430625,-0.772910394825,-0.27560483325,-0.7280832597713539,-0.9393841294765274,-0.3397448237536379,0.99975,0.995625
BFA,244,Houndé,2,2021,DHS 2021,0.0982696030285,0.093466256,0.03372611892990868,0.046485377375000005,0.17610132124999997,0.05234395285,0.1604076839999999,0.12961594387499997,0.3431999101505221,Low,Moderate (5-20%),9.8%,[4.6%–17.6%],34%,0.044375,-0.5262347061193775,-1.0932344725,0.041503630874999656,NA,NA,NA,-3.1144130687420053,-4.0794127647841325,-2.149661261025385,-0.59618685791025,-0.7283985631,-0.4398733283750002,-0.8572020237461981,-0.9338321089420297,-0.7379752825824312,1,1
BFA,245,Koti,2,2021,DHS 2021,0.2444196528151625,0.21862224000000002,0.13724999419219108,0.0541886549,0.5764130009999998,0.0690599534,0.5138186054999999,0.5222243460999998,0.5615341999359751,Low,High (20-50%),24.4%,[5.4%–57.6%],56%,0.665125,0.12605485281551376,-0.72165781,0.9552920862499998,NA,NA,NA,-2.777917237142055,-4.357690867294263,-1.2018645054699277,-0.5729955101748375,-0.7652905601750001,-0.2428475277500002,-0.7009779494139058,-0.9337513181130145,-0.2957922662190207,0.999875,0.989125
BFA,246,Koumbia,2,2021,DHS 2021,0.072581225303,0.06696155100000001,0.03201756011010147,0.0274436869,0.1498125944999999,0.031659867,0.13255393549999991,0.1223689075999999,0.44112730222505747,Low,Moderate (5-20%),7.3%,[2.7%–15.0%],44%,0.01475,-0.5836542673598974,-1.1784125925,-0.005052669645000022,NA,NA,NA,-4.241451051995657,-5.181378182208259,-3.3194626754347487,-0.759143104097,-0.8127698764999999,-0.6782022210000002,-0.9127254506086263,-0.9669768261722758,-0.8201934237333145,1,1
BFA,247,Banh,2,2021,DHS 2021,0.244503932512,0.216089595,0.14623043238353614,0.0465136072,0.5993190415,0.06014672035,0.5332271624999999,0.5528054343000001,0.5980698587592627,Low,High (20-50%),24.5%,[4.7%–59.9%],60%,0.6355,0.05045865630031941,-1.2678430375,1.3871865199999998,NA,NA,NA,-2.6574583489193473,-4.711228334916011,-0.609140696993692,-0.52078951231425,-0.8110463745,-0.13430284825000055,-0.6754854903994463,-0.9354865419387212,-0.2154703140904855,0.99375,0.97875
BFA,248,Ouindigui,2,2021,DHS 2021,0.1899887652410875,0.16304422000000002,0.11938271184185512,0.038672806075,0.490932287,0.04858213000000001,0.4274662034999998,0.452259480925,0.6283672178739813,Low,Moderate (5-20%),19.0%,[3.9%–49.1%],63%,0.483875,-0.4502402968267336,-1.291337115,0.39553958274999884,NA,NA,NA,-1.7877676410119294,-3.348715557955747,-0.17433085026546455,-0.3470524566601625,-0.5093548362000001,-0.043554607750000036,-0.6457959717195139,-0.9272380465392028,-0.08381712418306035,0.985375,0.951
BFA,249,Solle,2,2021,DHS 2021,0.215299224867225,0.18572802,0.1369343890023235,0.039001420800000006,0.5530330459999999,0.0497546882,0.49303552349999985,0.5140316251999999,0.6360189595980706,Low,High (20-50%),21.5%,[3.9%–55.3%],64%,0.55925,0.1052220891192625,-1.2501828825,1.4555383499999983,NA,NA,NA,-2.623577433826304,-4.707570797971955,-0.5814735359550466,-0.512833970681525,-0.808794799275,-0.12126777950000076,-0.6981688661470263,-0.9416923456199964,-0.227147575967993,0.992875,0.978375
BFA,250,Titao,2,2021,DHS 2021,0.181020993523,0.15229831500000002,0.11391616059578848,0.037676133274999996,0.4654656287499999,0.04723698625,0.4132507989999998,0.4277894954749999,0.629298063052088,Low,Moderate (5-20%),18.1%,[3.8%–46.5%],63%,0.443375,-0.09893260279301637,-0.95572820225,0.7883421947499999,NA,NA,NA,-2.3870007338425703,-3.98697649952403,-0.774814277293092,-0.482788292232,-0.6691540221,-0.18659309950000005,-0.7261661725510414,-0.9431878571093667,-0.2929966910778353,0.999375,0.987125
BFA,251,Arbolle,2,2021,DHS 2021,0.22154025569625,0.209236185,0.08269973524584583,0.09243346372500001,0.40929070599999984,0.105105102,0.37280564799999993,0.31685724227499984,0.3732943928675157,Low,High (20-50%),22.2%,[9.2%–40.9%],37%,0.71125,0.57673747945591,0.028753038825000014,1.1347230499999996,NA,NA,NA,-2.4960210098821385,-3.478926977715371,-1.5159057635065594,-0.54191341119625,-0.676640897225,-0.34998995774999997,-0.709707551433956,-0.879136263376372,-0.4633606600276694,1,1
BFA,252,Bagare,2,2021,DHS 2021,0.2105315260439125,0.180200105,0.13342461646176318,0.0389652084,0.5473847372499998,0.05150216700000001,0.48045264,0.5084195288499999,0.6337512436685305,Low,High (20-50%),21.1%,[3.9%–54.7%],63%,0.542875,0.09659383867057125,-1.2134120075000001,1.4023780049999999,NA,NA,NA,-2.6544006997446368,-4.7348663678211205,-0.5610089837496816,-0.5190060619198374,-0.80798932475,-0.1224224287500001,-0.7045748557389977,-0.9434332096885176,-0.22108767763002332,0.992,0.97775
BFA,253,Bokin,2,2021,DHS 2021,0.271922011123,0.25939051999999996,0.10301298010629709,0.11101034325,0.50637379025,0.12712094000000002,0.46341705599999994,0.3953634469999999,0.37883281195541263,Low,High (20-50%),27.2%,[11.1%–50.6%],38%,0.842625,0.5853776655197812,0.007807948262500007,1.1815933399999998,NA,NA,NA,-2.347708695897271,-3.396705418556925,-1.262076715253914,-0.5134251406445,-0.67848930625,-0.2779368585,-0.6536252308800362,-0.8590644628825147,-0.35640877048939223,1,0.997625
BFA,254,Gomponsom,2,2021,DHS 2021,0.17638196172625,0.175860915,0.014152921022732906,0.14959237775,0.20529855325,0.15395862649999997,0.20024442649999996,0.05570617549999998,0.08024018377059813,High,Moderate (5-20%),17.6%,[15.0%–20.5%],8%,0.664,0.22529359922673262,-0.625420059,1.0740132749999998,NA,NA,NA,-2.4219204192571966,-4.012666077347435,-0.818367262314296,-0.5071212040375,-0.74674019025,-0.14877386200000015,-0.7216022670967787,-0.8191646545968574,-0.4621345346129289,0.998875,0.9955
BFA,255,Kirsi,2,2021,DHS 2021,0.160074042157175,0.136066855,0.10392310321279236,0.0312224824,0.425330284499999,0.04048860735,0.3701046214999998,0.39410780209999896,0.6492189602531019,Low,Moderate (5-20%),16.0%,[3.1%–42.5%],65%,0.380125,-0.02441636228748125,-0.852159717,0.7892613779999998,NA,NA,NA,-2.4476198319890092,-4.029708813699546,-0.8735353655028979,-0.483042489766575,-0.6224669711249999,-0.2137769952500003,-0.7508560283108636,-0.9513861267873258,-0.3337357047300754,0.9985,0.992
BFA,256,Lâ-Todin,2,2021,DHS 2021,0.173428699482275,0.14569565,0.11445092254392457,0.03144015135,0.4654550832499999,0.040747873850000005,0.39799045949999984,0.4340149318999999,0.6599306970852413,Low,Moderate (5-20%),17.3%,[3.1%–46.5%],66%,0.42075,0.1278382336521375,-1.1573296875,1.4590467099999995,NA,NA,NA,-2.608616705735412,-4.662234592099473,-0.58286086846421,-0.50075423151185,-0.797500371575,-0.11006692500000043,-0.7334003080662828,-0.9494634981757867,-0.27242969065269945,0.993375,0.981875
BFA,257,Pilimpikou,2,2021,DHS 2021,0.106173557598625,0.10585932,0.009265988719143015,0.088838647225,0.12481104600000001,0.09129829795000001,0.12183062799999998,0.03597239877500001,0.08727209418913749,High,Moderate (5-20%),10.6%,[8.9%–12.5%],9%,1.25e-4,-0.0639618693975234,-0.8985987522500001,0.7728407599999995,NA,NA,NA,-2.912740707635532,-4.4759953687424705,-1.3131860821993417,-0.558341018668125,-0.806408000475,-0.2007186921,-0.8259992307693979,-0.8908274915141104,-0.6508701325318517,0.999625,0.999125
BFA,258,Samba,2,2021,DHS 2021,0.17274164125115,0.145811565,0.1124876794855537,0.03286846,0.4567155692499999,0.04251098515000001,0.3973895799999999,0.4238471092499999,0.6511902901397543,Low,Moderate (5-20%),17.3%,[3.3%–45.7%],65%,0.42825,-0.01961334073726625,-0.85796063,0.8172092884999995,NA,NA,NA,-2.3319417396545075,-3.954424635740532,-0.7263645659223829,-0.46448634576885,-0.6114004667499999,-0.17690806900000006,-0.7288536474943987,-0.9483985955367942,-0.27704212860213956,0.9975,0.98575
BFA,259,Yako,2,2021,DHS 2021,0.1239588088505,0.11357985500000001,0.05446628358727432,0.04690231475,0.25686270175,0.05480453895,0.228611662,0.20996038699999997,0.4393901820479991,Low,Moderate (5-20%),12.4%,[4.7%–25.7%],44%,0.194125,-0.15874689339030212,-0.7989874665,0.5153509474999997,NA,NA,NA,-2.3203306463808198,-3.4703601009122678,-1.1683112631779984,-0.442568704797,-0.615575575675,-0.24878050974999996,-0.7772299176939432,-0.919042914011802,-0.5206617405458634,1,0.9995
BFA,260,Barga,2,2021,DHS 2021,0.096691757221125,0.076606994,0.0740472701568205,0.015225106124999999,0.2973511774999998,0.01999859435,0.24820454749999987,0.2821260713749998,0.7658074719593866,Low,Moderate (5-20%),9.7%,[1.5%–29.7%],77%,0.147,-0.348932699096005,-1.2088276574999999,0.50658616775,NA,NA,NA,-2.2217638070225387,-3.9112197753937474,-0.5771419256481243,-0.334343355902625,-0.436516119425,-0.13185103875,-0.775223836563666,-0.9650627576042111,-0.3113136104626452,0.996125,0.987375
BFA,261,Kaïn,2,2021,DHS 2021,0.1708625163864125,0.13943378,0.12145069093937802,0.026451833325,0.4835270227499994,0.0344441035,0.418621506,0.4570751894249994,0.7108094478996924,Low,Moderate (5-20%),17.1%,[2.6%–48.4%],71%,0.40675,0.037129307589427,-1.39449834,1.4662152324999997,NA,NA,NA,-2.6493141889662555,-4.678333945588523,-0.6071751888140767,-0.4981479979739625,-0.799279745125,-0.11515037220000005,-0.7374419168191136,-0.9548000536201364,-0.2618313645949532,0.993375,0.982875
BFA,262,Kalsaka,2,2021,DHS 2021,0.0755451055749375,0.06679619049999999,0.04008044491937759,0.024325835200000003,0.17648773849999982,0.028552907550000003,0.15129146999999987,0.15216190329999982,0.5305498564644867,Low,Moderate (5-20%),7.6%,[2.4%–17.6%],53%,0.034625,-0.4703851270539975,-1.0679427625,0.12995664999999998,NA,NA,NA,-2.955570752371956,-4.02358603889521,-1.8626576077573953,-0.5044275912025625,-0.579364103175,-0.3965766562500002,-0.8695716703221008,-0.9577670159000338,-0.6944630811428656,1,1
BFA,263,Kossouka,2,2021,DHS 2021,0.05966626638525,0.059443327500000004,0.005621488023455566,0.0493286827,0.07102501522499999,0.050801598749999996,0.06928815934999999,0.021696332524999987,0.09421551513143187,High,Moderate (5-20%),6.0%,[4.9%–7.1%],9%,0,-0.37201665795717126,-0.67813690125,-0.05146023620000004,NA,NA,NA,-3.128862081354668,-3.3965877479897326,-2.85729217711574,-0.53085082284725,-0.5789266789,-0.48298363537500005,-0.8987929352766155,-0.91737602514671035,-0.8771151988232272,1,1
BFA,264,Koumbri,2,2021,DHS 2021,0.1502196033335875,0.12428009000000001,0.10427680440499239,0.025583076075,0.4139803737499998,0.03311340149999999,0.35355383799999995,0.3883972976749998,0.6941624268134198,Low,Moderate (5-20%),15.0%,[2.6%–41.4%],69%,0.34375,0.0012932428269474994,-1.2952674924999998,1.2996081674999995,NA,NA,NA,-2.6753164041828,-4.644417650060161,-0.6714902197569138,-0.4998002435715375,-0.7972295881249999,-0.1272478613250001,-0.7582778338034601,-0.9574138174780409,-0.32346273484956284,0.9955,0.987125
BFA,265,Namissiguima,2,2021,DHS 2021,0.06313805717775,0.06289017899999999,0.005832931365133581,0.052498458500000005,0.0753892713,0.0539059093,0.07302543104999999,0.0228908128,0.0923837638638827,High,Moderate (5-20%),6.3%,[5.2%–7.5%],9%,0,-0.5959623078671125,-0.984334715,-0.18771598025000003,NA,NA,NA,-2.707562465521148,-2.9741686653346324,-2.436912039831741,-0.43838814933975,-0.48617381987499997,-0.38897913467500006,-0.8738252188528698,-0.8973273231546115,-0.8457105220148977,1,1
BFA,266,Ouahigouya,2,2021,DHS 2021,0.0387058294248875,0.032949224,0.024525815382881858,0.010051754275,0.10178995075,0.0120227359,0.08479316724999997,0.09173819647499999,0.6336465526588607,Low,Low (1-5%),3.9%,[1.0%–10.2%],63%,0.002875,-0.7388509221575625,-1.51649055,0.014423804824999782,NA,NA,NA,-2.3890330002568723,-3.67535567140721,-1.0948293106154332,-0.2343355800526125,-0.36206071720000005,-0.12338094590000001,-0.8530526730124626,-0.9637322929201468,-0.601669527661554,0.999625,0.99925
BFA,267,Oula,2,2021,DHS 2021,0.09236139186925,0.0885715145,0.029319266929171844,0.046518022075,0.16105311924999996,0.05172726539999999,0.14582765799999994,0.11453509717499996,0.31744072210039037,Medium,Moderate (5-20%),9.2%,[4.7%–16.1%],32%,0.022625,-0.2695366437228,-0.8697355849999999,0.3487899084999998,NA,NA,NA,-2.767384337939719,-3.824457346002282,-1.7168004527697345,-0.5103486128495,-0.6923014944500001,-0.3057592384750001,-0.8425629927241808,-0.9260065604356299,-0.7027840018651218,1,1
BFA,268,Rambo,2,2021,DHS 2021,0.0519189011005,0.047590603,0.023345868955361462,0.020002530749999997,0.109623522,0.02306223585,0.09678154744999998,0.08962099125,0.44966030598703544,Low,Moderate (5-20%),5.2%,[2.0%–11.0%],45%,0.002125,-0.6688591278709213,-1.1952552200000002,-0.1337705500000003,NA,NA,NA,-3.1209175889081218,-4.024669490453975,-2.2058942243066633,-0.4784894137495,-0.5405755701,-0.40675577882499997,-0.901908488881256,-0.96233586351096,-0.7925413456060549,1,1
BFA,269,Seguenega,2,2021,DHS 2021,0.129218998622125,0.11436705999999999,0.0688151732069612,0.03746896305,0.30171143324999994,0.044910514400000004,0.2630939264999998,0.2642424701999999,0.5325468695837626,Low,Moderate (5-20%),12.9%,[3.7%–30.2%],53%,0.2395,0.7835648493624288,0.011939274900000033,1.5660408199999998,NA,NA,NA,-4.113760477009357,-5.4843699680616895,-2.7529853314019306,-0.753416668577875,-0.8702812989750001,-0.5704719595000002,-0.8536149759153719,-0.9573365916588061,-0.6591559029082077,1,1
BFA,270,Tangaye,2,2021,DHS 2021,0.16311121005805,0.137059505,0.10723580958523038,0.030025756200000003,0.4396200255,0.03939005285000001,0.37880864049999985,0.4095942693,0.6574398506826478,Low,Moderate (5-20%),16.3%,[3.0%–44.0%],66%,0.39025,-0.09544586285957363,-0.93639254025,0.7699315859999999,NA,NA,NA,-2.5076062470360982,-4.1481655674144955,-0.8855666848104098,-0.4968723326907,-0.65149095775,-0.2147161747500001,-0.7524449524980137,-0.9540032497685791,-0.3299336609642153,0.998875,0.99075
BFA,271,Thiou,2,2021,DHS 2021,0.193035160350575,0.16543659,0.12119636666438773,0.0364567363,0.4878529659999998,0.047613424950000004,0.42633950399999954,0.45139622969999976,0.6278460693082057,Low,Moderate (5-20%),19.3%,[3.6%–48.8%],63%,0.494625,0.024057171078835725,-1.26678831,1.3161399774999998,NA,NA,NA,-2.6503756723057266,-4.70103999189692,-0.6650209783156532,-0.5166865370913,-0.8080462475,-0.13483402605,-0.7193453943942241,-0.9454587177425465,-0.2696600598609046,0.994625,0.98325
BFA,272,Zogore,2,2021,DHS 2021,0.1536963169478875,0.126346545,0.10573627277690824,0.027987209099999997,0.42384619674999957,0.03463516245000001,0.3661407475,0.39585898764999955,0.6879558006114053,Low,Moderate (5-20%),15.4%,[2.8%–42.4%],69%,0.347625,0.0011980103959404996,-1.32178403,1.3178449499999996,NA,NA,NA,-2.6315895189597622,-4.681476146236136,-0.5675926375288541,-0.4935640739416125,-0.7963663601,-0.10722648125000009,-0.749883129405178,-0.9535115362889524,-0.26817721182959436,0.994375,0.983625
BFA,273,Bassi,2,2021,DHS 2021,0.1370037308468625,0.11126633999999999,0.09829682326978197,0.024216227500000003,0.39345704475,0.03069881005,0.3347906629999997,0.36924081724999996,0.7174755217407501,Low,Moderate (5-20%),13.7%,[2.4%–39.3%],72%,0.28975,0.0233779278999024,-1.2484045799999999,1.3230238999999993,NA,NA,NA,-2.632739271418062,-4.6966787154381064,-0.5576003031152312,-0.4804837400078875,-0.79167803225,-0.10286711767500002,-0.7635690772378629,-0.9598548326399778,-0.28951069402667867,0.99375,0.98525
BFA,274,Boussou,2,2021,DHS 2021,0.1677643322925,0.16722148,0.013744917880100281,0.14242161849999999,0.19578043899999997,0.1460300245,0.1907123075,0.05335882049999999,0.08192991735654381,High,Moderate (5-20%),16.8%,[14.2%–19.6%],8%,0.506375,0.71853455544,0.44456898575000003,1.0045155625,NA,NA,NA,-3.980393765349429,-4.253165031322341,-3.7083836240296324,-0.74686577146125,-0.7763262567500001,-0.71505085125,-0.8165634757031383,-0.8444540831527677,-0.7859446750446362,1,1
BFA,275,Gourcy,2,2021,DHS 2021,0.1313183803405,0.12186307,0.05628840892784001,0.05104825037500001,0.2644004897499998,0.05874746055,0.235863415,0.2133522393749998,0.4286407491616013,Low,Moderate (5-20%),13.1%,[5.1%–26.4%],43%,0.23325,-0.2495330800803825,-0.83479419725,0.3411409449999998,NA,NA,NA,-1.9751745001993593,-3.0157234239857087,-0.9446147401939992,-0.3685077426495,-0.5021629950000001,-0.2057275542500002,-0.7345300926509951,-0.8999711576577428,-0.45121346420687936,0.999875,0.99775
BFA,276,Léba,2,2021,DHS 2021,0.1438127031231125,0.116610885,0.10305510735322423,0.023759945475000002,0.4099307645,0.03139956655,0.349371905,0.386170819025,0.7165925200988867,Low,Moderate (5-20%),14.4%,[2.4%–41.0%],72%,0.313375,-0.005080405174731999,-1.31828621,1.3092500224999994,NA,NA,NA,-2.640754942828243,-4.680441950086005,-0.5659207500976757,-0.4873638579820125,-0.7901724574500001,-0.10658732750000031,-0.7600424718435471,-0.9584292734544968,-0.2812981187054173,0.9945,0.983875
BFA,277,Tougo,2,2021,DHS 2021,0.1663589597075625,0.14098345,0.10845670560653514,0.032295251649999995,0.44417494324999973,0.040675429,0.38270947099999997,0.4118796915999997,0.6519438796514956,Low,Moderate (5-20%),16.6%,[3.2%–44.4%],65%,0.402875,0.3110315600610975,-0.51717359175,1.1303580074999997,NA,NA,NA,-2.9898471804768056,-4.5985663935600405,-1.4107412380244244,-0.5969750059736875,-0.73849332235,-0.3230898245000001,-0.7820144693607921,-0.957373549562894,-0.4211499772994795,1,0.99775
BFA,278,Boudry,2,2021,DHS 2021,0.10370865078825,0.0991330895,0.03318678467163635,0.052359718025,0.183043711,0.0573227926,0.1647899239999999,0.130683992975,0.32000015832234074,Medium,Moderate (5-20%),10.4%,[5.2%–18.3%],32%,0.054125,-0.2770016516378461,-0.7153857600000001,0.16780047049999958,NA,NA,NA,-2.607063521241316,-3.3792236106175313,-1.8504414987628683,-0.494629574728,-0.58694792345,-0.3913042615000001,-0.8260302681937205,-0.9142126155352098,-0.6910435291624165,1,1
BFA,279,Kogho,2,2021,DHS 2021,0.14294171198875,0.14249158499999998,0.01208736712634532,0.121121073,0.16762721699999997,0.124253651,0.163578104,0.04650614399999997,0.08456151082964948,High,Moderate (5-20%),14.3%,[12.1%–16.8%],8%,0.1015,0.20139758412116,-0.63114155475,1.0384593,NA,NA,NA,-2.464667956202145,-4.0872669296105615,-0.8341062470783099,-0.499511701079875,-0.7652699820000001,-0.13805896700000003,-0.7550270089980217,-0.8504850882061628,-0.484794921856967,0.99875,0.996125
BFA,280,Méguet,2,2021,DHS 2021,0.078017834821625,0.0778363435,0.007148571679404128,0.06479304425,0.09287019112499999,0.06670861085,0.09029136699999998,0.028077146874999986,0.09162740411533038,High,Moderate (5-20%),7.8%,[6.5%–9.3%],9%,0,-0.06409264301160363,-0.30005293,0.1849635135,NA,NA,NA,-3.4803889344072747,-3.7519671652726165,-3.205021656064783,-0.653909462983375,-0.6927125792,-0.6118738588999999,-0.8933345294539438,-0.9119203972614953,-0.8722547950700206,1,1
BFA,281,Mogtédo,2,2021,DHS 2021,0.19810588917975,0.17049691,0.12187857622923605,0.0395095324,0.5031154524999998,0.0501984367,0.434633527,0.4636059200999998,0.6152193492776501,Low,Moderate (5-20%),19.8%,[4.0%–50.3%],62%,0.511,0.5787436434386075,-0.31476014425000004,1.4770254849999993,NA,NA,NA,-3.1881750816603383,-4.869014754414384,-1.5584248969417238,-0.63114917023775,-0.811043258925,-0.32799132300000006,-0.7611646122725799,-0.9524628299593599,-0.3961061502787321,0.999875,0.99725
BFA,282,Salogo,2,2021,DHS 2021,0.20182367292875,0.200522315,0.024213887741856045,0.15741074100000002,0.25260442949999995,0.16407540599999998,0.24319104600000002,0.09519368849999993,0.11997545872829446,High,High (20-50%),20.2%,[15.7%–25.3%],12%,0.888625,0.3052642658031135,-0.499063929,1.1340848774999999,NA,NA,NA,-2.364341698552567,-3.9772090294700164,-0.7810884660797048,-0.50176778432225,-0.7313054485,-0.15493425900000035,-0.6941412588644333,-0.8054273181454309,-0.4302784983728726,0.997875,0.994625
BFA,283,Zam,2,2021,DHS 2021,0.33220291231875,0.331969275,0.02225463285967721,0.28918161200000003,0.376761626,0.296232065,0.369126363,0.08758001399999998,0.06699108296294466,High,High (20-50%),33.2%,[28.9%–37.7%],7%,1,1.02791805670125,0.78436862275,1.2853857574999998,NA,NA,NA,-2.481961295999823,-2.7524698085571777,-2.207049680170929,-0.52330759512375,-0.5711786012500001,-0.47241015000000003,-0.6116127768341247,-0.6618669601702215,-0.5586579329216628,1,1
BFA,284,Zorgho,2,2021,DHS 2021,0.201949541186125,0.19248445,0.07147930825783418,0.09114630245000001,0.3692522444999999,0.10430705650000001,0.33339194549999973,0.2781059420499999,0.3539463760997402,Low,High (20-50%),20.2%,[9.1%–36.9%],35%,0.64575,0.17246048256566462,-0.4137743555,0.7603343302499999,NA,NA,NA,-1.3487520736825864,-2.4069379809086175,-0.273463572508756,-0.277680351907625,-0.4658970057249999,-0.06284554100000027,-0.5688045878953014,-0.8190678029539161,-0.16007215881882372,0.99325,0.96525
BFA,285,Zoungou,2,2021,DHS 2021,0.07252660616075,0.072216213,0.006605177677414999,0.060315188175,0.08628440375,0.062234116500000006,0.0838446846,0.025969215575000003,0.09107247708206694,High,Moderate (5-20%),7.3%,[6.0%–8.6%],9%,0,0.058778357998296574,-0.233734732,0.3547220514999999,NA,NA,NA,-3.9664494456715222,-4.241396180274826,-3.6928733227753487,-0.7313775392055,-0.7632051307000001,-0.6973730135,-0.9097503772669474,-0.9251049519936627,-0.8921317120099003,1,1
BFA,286,Boussé,2,2021,DHS 2021,0.088609817332875,0.08692007800000001,0.01899211848420563,0.056464982675000004,0.130619961,0.06060303265,0.12280765149999999,0.07415497832500001,0.21433424710559007,Medium,Moderate (5-20%),8.9%,[5.6%–13.1%],21%,0.001625,-0.1929674062260105,-0.5974078812499999,0.206926422,NA,NA,NA,-2.963895509005113,-3.6253620977156533,-2.3024022502307075,-0.557405496373375,-0.66716266575,-0.43490657602500005,-0.8617930080977074,-0.9148291592797528,-0.7901049955300606,1,1
BFA,287,Laye,2,2021,DHS 2021,0.29812190421875,0.29785297499999996,0.02036709516018237,0.2595598555,0.33918397449999993,0.26539688899999997,0.33307197949999995,0.07962411899999994,0.06831800975361342,High,High (20-50%),29.8%,[26.0%–33.9%],7%,1,0.7761300469442006,-0.046332803099999986,1.6173681049999995,NA,NA,NA,-1.9327970162456736,-3.5588423939301475,-0.30178129059536024,-0.42160523114625,-0.6427724424999999,-0.06679240450000036,-0.5587153558035182,-0.6945126689691796,-0.18280352122995489,0.989375,0.9715
BFA,288,Niou,2,2021,DHS 2021,0.18646794194915,0.15891471499999998,0.11905543379271878,0.034868469425,0.4904872804999995,0.0451982006,0.42433349949999977,0.4556188110749995,0.6384766869212581,Low,Moderate (5-20%),18.6%,[3.5%–49.0%],64%,0.470875,0.16812078315490775,-1.1147246450000001,1.43494123,NA,NA,NA,-2.5860556508349664,-4.63158732433054,-0.5385120156103629,-0.5029620076996,-0.7985817448749999,-0.1144805198750001,-0.7187902425004066,-0.9462221963333147,-0.2491213864910184,0.9935,0.981875
BFA,289,Sourgoubila,2,2021,DHS 2021,0.173556259518875,0.145686565,0.1137895131863463,0.034528787224999996,0.46323586924999993,0.04376425025,0.4001901589999996,0.42870708202499996,0.6556347405837656,Low,Moderate (5-20%),17.4%,[3.5%–46.3%],66%,0.420625,-0.6179001352195826,-1.4184521924999998,0.21029993099999975,NA,NA,NA,-1.2275578534263016,-2.828718000946519,0.39129146503180423,-0.195808239833625,-0.34873623242499996,0.09409602374999983,-0.5284225308660434,-0.9077795945401073,0.2614516277492381,0.926875,0.855
BFA,290,Toéghin,2,2021,DHS 2021,0.1583553780994,0.132158575,0.10607303629599554,0.02881645175,0.43633252325,0.037627647,0.3670763084999996,0.4075160715,0.6698417039515593,Low,Moderate (5-20%),15.8%,[2.9%–43.6%],67%,0.3655,-0.12223173886838462,-0.9698667702499999,0.7155032897499999,NA,NA,NA,-2.1800261522282147,-3.8497832319473053,-0.5387872223352315,-0.41490991002935,-0.5576527655000001,-0.13339350575000003,-0.723483299153112,-0.949924677965115,-0.2368955410831128,0.995125,0.9795
BFA,291,Absouya,2,2021,DHS 2021,0.096174407065,0.09585719849999999,0.008590596055328196,0.080334018225,0.11398006399999998,0.0827563596,0.11104100499999998,0.03364604577499998,0.08932309870672969,High,Moderate (5-20%),9.6%,[8.0%–11.4%],9%,0,-0.2926763298443125,-0.578503755,0.002254794229999402,NA,NA,NA,-2.6554920443289003,-2.9220361591715585,-2.3847373343781157,-0.50494765787625,-0.5524115216500001,-0.45599620124999996,-0.8397782310619061,-0.8677944582046572,-0.8074707800664818,1,1
BFA,292,Dapélogo,2,2021,DHS 2021,0.45389650397625,0.452900405,0.06032187514854137,0.33664118200000004,0.5752612442499999,0.3567220515,0.555261799,0.23862006224999988,0.1328978624424428,High,High (20-50%),45.4%,[33.7%–57.5%],13%,1,0.8041413203524375,0.3619723315,1.2431943599999995,NA,NA,NA,-0.6784355632754544,-1.4515840518427434,0.09466283234837658,-0.16381548134374999,-0.340446552,0.023552577249999866,-0.2547305345671775,-0.4827597749220586,0.04432953026504122,0.955375,0.68975
BFA,293,Loumbila,2,2021,DHS 2021,0.1229246066698125,0.10003036500000001,0.08754326153060382,0.022584367674999998,0.3557690109999997,0.0286979503,0.2906711119999997,0.3331846433249997,0.7121703611853204,Low,Moderate (5-20%),12.3%,[2.3%–35.6%],71%,0.236375,-0.321996980550549,-1.15235764,0.5245682574999996,NA,NA,NA,-1.9194030440158463,-3.503117999903256,-0.3018557579987044,-0.3085248798539375,-0.42612673167500004,-0.07191272850000008,-0.7144771228636196,-0.9478189465559578,-0.1676198877221002,0.99025,0.9715
BFA,294,Nagreongo,2,2021,DHS 2021,0.3011620427125,0.300977585,0.021516261593489776,0.25931093875,0.34403858174999996,0.266081092,0.3369689945,0.08472764299999996,0.07144413485742612,High,High (20-50%),30.1%,[25.9%–34.4%],7%,1,0.18883649354805437,-0.14467732875,0.5231194292499999,NA,NA,NA,-1.2329374318574382,-1.7262632900020638,-0.720236083044286,-0.29362379903375,-0.40592854949999996,-0.17060114099999996,-0.48889000090097046,-0.5936429073220322,-0.3480431425624702,1,0.999625
BFA,295,Ourgou-Manega,2,2021,DHS 2021,0.1562375535977625,0.12873342,0.10735987853198792,0.029061512575,0.44071618199999973,0.0364850677,0.3745986954999995,0.41165466942499973,0.6871579595286585,Low,Moderate (5-20%),15.6%,[2.9%–44.1%],69%,0.36,-0.9089384102675592,-1.7421142349999998,-0.04715588595000027,NA,NA,NA,-1.2384070954758128,-2.837793599437891,0.4401411973515399,-0.1829055445884875,-0.32214666795,0.10495676874999992,-0.5378149344924767,-0.9135762957065677,0.30502948478945213,0.932375,0.864125
BFA,296,Ziniare,2,2021,DHS 2021,0.094538463448875,0.0863206515,0.042524751566379845,0.035395357050000006,0.19732982,0.040869626400000005,0.174178605,0.16193446294999997,0.44981428738131124,Low,Moderate (5-20%),9.5%,[3.5%–19.7%],45%,0.067875,-0.09574502726565169,-0.75336406875,0.571308203,NA,NA,NA,-2.7840253421740244,-3.952214604502881,-1.6034464484172295,-0.507900342397375,-0.6810056987,-0.313869771475,-0.8400663800109246,-0.9418674287946578,-0.6535139437490108,1,1
BFA,297,Zitenga,2,2021,DHS 2021,0.2569960431325,0.25644133,0.018760768098142224,0.22126885875000002,0.2948494585,0.22688399050000002,0.28837027449999997,0.07358059974999998,0.07300022159667918,High,High (20-50%),25.7%,[22.1%–29.5%],7%,0.99975,0.23061011248401625,-0.088699733425,0.5592010835,NA,NA,NA,-1.3022349130175581,-1.6902550673326897,-0.919167449378618,-0.301864823405,-0.39012430724999997,-0.21162180500000008,-0.5375248216096823,-0.6259180796429545,-0.4341327146307864,1,1
BFA,298,Deou,2,2021,DHS 2021,0.27317995022735,0.24459309499999998,0.15119629672774418,0.060576369275,0.62278396225,0.07656949445,0.5665585724999999,0.562207592975,0.5534677658514591,Low,High (20-50%),27.3%,[6.1%–62.3%],55%,0.71875,-0.3320047111099581,-1.407912465,0.7715408969999983,NA,NA,NA,-1.889563913151208,-3.6142039366182805,-0.09862624981196894,-0.40242768693765,-0.678578199,-0.023424742250000193,-0.5903903851006027,-0.9066277346394216,-0.0393113579498406,0.980875,0.930125
BFA,299,Gorom-Gorom,2,2021,DHS 2021,0.24185345007105,0.21448316,0.13730130643091026,0.0535017533,0.5734668589999997,0.06690345615000001,0.5058366204999999,0.5199651056999998,0.5677045598918471,Low,High (20-50%),24.2%,[5.4%–57.3%],57%,0.649625,-0.09447702788710337,-1.0213601325,0.8479706747499995,NA,NA,NA,-2.2376200040052256,-3.8289463789448246,-0.6282248557953228,-0.47674896310395,-0.6759209048750001,-0.14271120675000004,-0.6631919104006214,-0.9256108482626699,-0.19792729259751973,0.99675,0.974625
BFA,300,Markoye,2,2021,DHS 2021,0.28881168330975,0.26337516,0.1545086564599042,0.06435809585,0.6435556994999998,0.08183888119999999,0.5863523205,0.5791976036499998,0.5349806305937905,Low,High (20-50%),28.9%,[6.4%–64.4%],53%,0.75525,0.29185267256037,-0.6307104010000001,1.2543059925,NA,NA,NA,-2.732354796682846,-4.372581401465516,-1.0966913778778298,-0.5562284486615,-0.7830266732,-0.20209636800000008,-0.658223794443265,-0.9235504268194042,-0.24226937171279922,0.999625,0.9825
BFA,301,Oursi,2,2021,DHS 2021,0.251825155569525,0.224454915,0.1439330889705031,0.052019721850000006,0.606498547,0.06752206025000002,0.5350240669999996,0.55447882515,0.571559615023311,Low,High (20-50%),25.2%,[5.2%–60.6%],57%,0.6705,0.32322881354428573,-0.6213511695,1.2795790925,NA,NA,NA,-2.8504480837204498,-4.500942407189658,-1.2050481375791395,-0.580564520861725,-0.7817200831,-0.23107983600000004,-0.6974923315458093,-0.937245652768797,-0.27633895709404793,1,0.990375
BFA,302,Tin-Akoff,2,2021,DHS 2021,0.4019171218795,0.38655008,0.17806726486027163,0.10593732850000001,0.7717100587499999,0.13430182350000003,0.7217808975,0.6657727302499998,0.4430447352617601,Low,High (20-50%),40.2%,[10.6%–77.2%],44%,0.91225,0.108883925315311,-0.8522824210000001,1.0950653999999997,NA,NA,NA,-2.542019817325376,-4.230999658874272,-0.880724083033885,-0.48688621210925,-0.7841472804999999,-0.11822949250000003,-0.547833535461249,-0.8809884022546166,-0.1335068886542494,0.999,0.9455
BFA,303,Bani,2,2021,DHS 2021,0.174691863555,0.17414357,0.014249571232995946,0.14827085375,0.20412054625,0.152516048,0.19910951399999996,0.05584969250000002,0.08156974768609994,High,Moderate (5-20%),17.5%,[14.8%–20.4%],8%,0.6365,0.2305142823424225,-0.1582846925,0.6677881694999999,NA,NA,NA,-2.839342858402076,-3.215623221260476,-2.4499531288438305,-0.60699969160625,-0.6655269267499999,-0.54021256525,-0.7762207894230542,-0.8117225293485529,-0.7338673586981889,1,1
BFA,304,Dori,2,2021,DHS 2021,0.30822740079125,0.30623414,0.05697720184505383,0.20445581125,0.42592175725,0.2188712005,0.40704187999999997,0.22146594599999997,0.18485443441688754,Medium,High (20-50%),30.8%,[20.4%–42.6%],18%,0.995125,0.5212640418014487,-0.10908197574999995,1.1909893249999999,NA,NA,NA,-1.6292333966820862,-2.601836419337334,-0.6430346376699568,-0.37602233528625,-0.56323392975,-0.15539866425000037,-0.5412158408052722,-0.7155496588944176,-0.2926990313452696,0.99925,0.993
BFA,305,Falagountou,2,2021,DHS 2021,0.20460189355535,0.17454750000000002,0.12791863030045125,0.04057759995000001,0.51924458125,0.05254042085,0.4559432255,0.47866698129999996,0.6252074605841613,Low,High (20-50%),20.5%,[4.1%–51.9%],63%,0.524375,0.16727014520560224,-1.1687341425000002,1.5403586199999995,NA,NA,NA,-2.6006297837608736,-4.6055014556660705,-0.5918806299788862,-0.50999797655215,-0.800077548625,-0.12477625272500023,-0.7065094837312077,-0.9387428054798318,-0.2330887625990931,0.994,0.97925
BFA,306,Gorgadji,2,2021,DHS 2021,0.227889508008125,0.20080711,0.13397179005721788,0.046515975800000005,0.5571178205,0.061837019,0.4928571234999999,0.5106018447,0.5878804655299943,Low,High (20-50%),22.8%,[4.7%–55.7%],59%,0.608625,0.09381400323062875,-0.794181534,1.0295558424999998,NA,NA,NA,-2.484453228464133,-4.134273052900397,-0.8639792915792527,-0.521814028434375,-0.7072826753250001,-0.1940761655000002,-0.695934363906411,-0.938338608015552,-0.26140874728775365,0.9985,0.9865
BFA,307,Sampelga,2,2021,DHS 2021,0.20632770576035,0.180546515,0.12463730042577342,0.04368920942500001,0.5149385062499999,0.05410352175,0.44992253349999994,0.47124929682499994,0.6040744744699477,Low,High (20-50%),20.6%,[4.4%–51.5%],60%,0.543875,0.01283537138885875,-0.86371369575,0.8975615527499997,NA,NA,NA,-2.53348479637118,-4.104197833381079,-0.9256347946731329,-0.52660840973715,-0.695526251275,-0.21499391375000024,-0.7183427356967266,-0.9405146321752995,-0.2978875537733116,0.99875,0.988625
BFA,308,Seytenga,2,2021,DHS 2021,0.2260822937318375,0.200522275,0.13287917320705508,0.047022872550000004,0.5559245429999997,0.05860814895000001,0.486757613,0.5089016704499997,0.5877469261908089,Low,High (20-50%),22.6%,[4.7%–55.6%],59%,0.61225,0.5297567898702538,-0.362593802,1.4167593999999997,NA,NA,NA,-3.177867334554226,-4.770274529513284,-1.5569885213114643,-0.6294071160406625,-0.8094575999,-0.2990397237500001,-0.73575462553509,-0.9449650938304701,-0.34903431013713904,1,0.995
BFA,309,Aribinda,2,2021,DHS 2021,0.255276377612375,0.22890128999999998,0.141400800832716,0.05758331345000001,0.5969779019999998,0.0721590337,0.5296155109999998,0.5393945885499998,0.5539125952634222,Low,High (20-50%),25.5%,[5.8%–59.7%],55%,0.68775,0.5531150580371063,-0.35851292725,1.4511408274999993,NA,NA,NA,-3.107720119445143,-4.7233569377521265,-1.449673694848822,-0.611233025740125,-0.8158664889999999,-0.2637786595000001,-0.705358955713543,-0.9327497302745164,-0.30873980619343494,0.999875,0.9935
BFA,310,Baraboule,2,2021,DHS 2021,0.26428442363025,0.239390055,0.14317490986662185,0.058717005100000004,0.5968618474999998,0.07497942105000001,0.5376456645,0.5381448423999998,0.5417455478455752,Low,High (20-50%),26.4%,[5.9%–59.7%],54%,0.707375,0.2926762067254375,-0.54639382625,1.1278871849999996,NA,NA,NA,-2.770582569070481,-4.360733859036863,-1.2021016153290887,-0.5682883444185,-0.774762289725,-0.2339755845,-0.6825545203501303,-0.9286757169177741,-0.2820965853259515,0.9995,0.99
BFA,311,Diguel,2,2021,DHS 2021,0.331884868366625,0.30933338499999996,0.16978607599243808,0.07433488335,0.70819385725,0.09669702525000001,0.650947234,0.6338589738999999,0.511581250534386,Low,High (20-50%),33.2%,[7.4%–70.8%],51%,0.814625,0.22350719791639026,-1.1490257575,1.5996168949999998,NA,NA,NA,-2.6539146518426278,-4.754667830227759,-0.6064140337817397,-0.501261669739625,-0.8045340374999999,-0.11508907000000083,-0.5997986134769492,-0.9038564682802913,-0.15009876231802577,0.991125,0.962
BFA,312,Djibo,2,2021,DHS 2021,0.07588623871975,0.070565036,0.030351383686531362,0.0325142902,0.14858335974999998,0.0365413475,0.13190010749999995,0.11606906954999999,0.3999589938647489,Low,Moderate (5-20%),7.6%,[3.3%–14.9%],40%,0.0125,-0.12812071214641824,-0.80908725075,0.5799532565,NA,NA,NA,-3.946085007999553,-5.0406824342419565,-2.883600874110483,-0.7145706331865,-0.83036500955,-0.5679388738500002,-0.9036017759952261,-0.9590527694838635,-0.8110501474612044,1,1
BFA,313,Kelbo,2,2021,DHS 2021,0.344159316662625,0.32144986,0.17394325818921727,0.07654125480000001,0.7263267607499998,0.0982478111,0.664718089,0.6497855059499997,0.5054149336300886,Low,High (20-50%),34.4%,[7.7%–72.6%],51%,0.83725,1.872573754602875,0.9175629510000001,2.8358845274999998,NA,NA,NA,-4.604860174532574,-6.363841823437544,-2.8544864223861564,-0.634977256513625,-0.9032067451999999,-0.25313389100000006,-0.6485119239111709,-0.9216601072307217,-0.25892881604961515,1,0.990625
BFA,314,Koutougou,2,2021,DHS 2021,0.342915074643625,0.32351064500000004,0.1634172005440704,0.086199211825,0.6979622842500001,0.11094353800000001,0.6421406944999999,0.611763072425,0.4765529795209557,Low,High (20-50%),34.3%,[8.6%–69.8%],48%,0.857375,0.6862588035546338,-0.25709920774999995,1.6280634449999998,NA,NA,NA,-3.218708661573572,-4.847896251321656,-1.6337895983240318,-0.579207082782625,-0.8355574664000001,-0.22537799974999997,-0.6281458918771389,-0.9064265509581927,-0.24401301232554945,1,0.986125
BFA,315,Nassoumbou,2,2021,DHS 2021,0.393583939466875,0.37963974,0.1709377207104033,0.11012083975,0.7516965509999993,0.1406384075,0.6967518724999997,0.6415757112499993,0.4343107113108965,Low,High (20-50%),39.4%,[11.0%–75.2%],43%,0.912125,0.48988125216758877,-0.39832404275,1.402970855,NA,NA,NA,-2.9741051081244656,-4.568136898106051,-1.3886824964464624,-0.528844862145625,-0.8114420335,-0.17217495250000017,-0.5733463431008275,-0.8808386866360455,-0.18560775678198252,0.999875,0.970375
BFA,316,Pobe-Mengao,2,2021,DHS 2021,0.32507679723675,0.304135055,0.1644097209734535,0.07481342327500001,0.6905247584999997,0.0964978336,0.6372152875,0.6157113352249997,0.5057565546694975,Low,High (20-50%),32.5%,[7.5%–69.1%],51%,0.81675,1.711900194514375,0.80636371625,2.6245228824999995,NA,NA,NA,-4.692601063775559,-6.37698574138012,-3.0468811241380185,-0.65401735806075,-0.9042706236249999,-0.28716463425000005,-0.6679877884464822,-0.9238704945023185,-0.2934922701961624,1,0.99375
BFA,317,Tongomayel,2,2021,DHS 2021,0.29631505569725,0.27276276,0.1530153737424336,0.07200445785000001,0.6450093637499998,0.08963912955,0.5852171899999996,0.5730049058999999,0.5163941919264877,Low,High (20-50%),29.6%,[7.2%–64.5%],52%,0.77775,-0.016169672942909875,-0.907574471,0.8790174892499996,NA,NA,NA,-2.195572164372818,-3.7862765337689694,-0.5816292357974375,-0.4726454436115,-0.7065928896,-0.12184248550000014,-0.6144103948722834,-0.9062268386021853,-0.15911169091322352,0.995875,0.9645
BFA,318,Boundore,2,2021,DHS 2021,0.244127314737775,0.2121163,0.15048147315876859,0.04454245765,0.60949211875,0.0571304869,0.5416110369999996,0.5649496611,0.6164057197794748,Low,High (20-50%),24.4%,[4.5%–60.9%],62%,0.63,-0.223554158650975,-1.651275755,1.1979311249999998,NA,NA,NA,-2.6023522934746213,-4.625941575575403,-0.5540588825540953,-0.507820896232225,-0.79829295905,-0.1177451032500001,-0.6725543185181051,-0.9339879013660365,-0.20415659045791387,0.992375,0.9755
BFA,319,Mansila,2,2021,DHS 2021,0.230872472716725,0.202696675,0.1380988704970759,0.044656468549999995,0.5637565017499999,0.0566531935,0.4995908655,0.5191000332,0.5981608325671631,Low,High (20-50%),23.1%,[4.5%–56.4%],60%,0.610125,-0.4815917903576675,-1.5206036375,0.5410949957500001,NA,NA,NA,-2.1750679714620373,-3.9605306151400916,-0.3948176053049991,-0.449780553325775,-0.713775488725,-0.09264215925000002,-0.6567628040303023,-0.931535065988441,-0.14959350317490902,0.98975,0.966375
BFA,320,Sebba,2,2021,DHS 2021,0.150827662863,0.12194943,0.1088158950011649,0.024674435175000002,0.4337527354999999,0.032189406,0.36596020999999995,0.40907830032499987,0.7214584707846644,Low,Moderate (5-20%),15.1%,[2.5%–43.4%],72%,0.332625,-1.3834212001707575,-2.2738950974999996,-0.4975702482500001,NA,NA,NA,-0.9689879236789638,-2.6673594201043143,0.7277268838742464,-0.118641178502,-0.25379894885000004,0.1632236189999997,-0.4385151982446839,-0.9070187214759154,0.6141360575859666,0.869125,0.782625
BFA,321,Solhan,2,2021,DHS 2021,0.216041551833,0.18971912000000002,0.1277121269859181,0.044571114875,0.52933842575,0.057096595050000004,0.46515089149999983,0.484767310875,0.5911461286143672,Low,High (20-50%),21.6%,[4.5%–52.9%],59%,0.577,-0.36769852254061497,-1.2051497825000002,0.4677511884999996,NA,NA,NA,-2.157967582872524,-3.770055934295573,-0.5487947632731477,-0.4518511439245,-0.6307973630499999,-0.13087664900000004,-0.6762839322103108,-0.9328202754149306,-0.20076165381752265,0.995875,0.975125
BFA,322,Tankougounadie,2,2021,DHS 2021,0.2140998426039625,0.18185658,0.13914011360502018,0.037162372900000004,0.55949402225,0.0476176759,0.49125377999999953,0.52233164935,0.6498842405148271,Low,High (20-50%),21.4%,[3.7%–55.9%],65%,0.542625,-0.18834005299800124,-1.6282860325,1.246607059999999,NA,NA,NA,-2.595212485625131,-4.619103656934439,-0.5919715775373804,-0.5042330608760375,-0.797432854525,-0.12730523600000002,-0.6977098159212204,-0.9411388448700465,-0.23563393952463663,0.994375,0.9815
BFA,323,Titabe,2,2021,DHS 2021,0.191202128905325,0.16238957,0.12502597876103608,0.034751262725,0.5141365189999998,0.045303873,0.44129531999999955,0.4793852562749998,0.6538942818097152,Low,Moderate (5-20%),19.1%,[3.5%–51.4%],65%,0.482375,-0.06848291058622825,-1.3890391274999998,1.258212552499999,NA,NA,NA,-2.5989986432823806,-4.630842561897574,-0.569616604958889,-0.505014650765925,-0.8009956178750001,-0.12498371425000025,-0.7175964687366786,-0.9459711612602832,-0.24922035013181804,0.9945,0.981375
BFA,324,Bondigui,2,2021,DHS 2021,0.258043862651375,0.231232655,0.14450345629076528,0.056128089125,0.599044829,0.07139949795,0.5316971179999999,0.542916739875,0.5599957108299598,Low,High (20-50%),25.8%,[5.6%–59.9%],56%,0.68425,0.6005347398382712,-0.2756101692499999,1.46887558,NA,NA,NA,-3.6689907437286653,-5.283178233104795,-2.071288043767734,-0.663221724186125,-0.865152255175,-0.32334292775000006,-0.7199343421914012,-0.9389025475572361,-0.35052274829040175,1,0.99625
BFA,325,Diebougou,2,2021,DHS 2021,0.116836431152375,0.112418505,0.035243360277848225,0.061397645225000005,0.1979106679999999,0.0682674417,0.18112527999999992,0.13651302277499988,0.3016470113836733,Medium,Moderate (5-20%),11.7%,[6.1%–19.8%],30%,0.099375,-1.3537527765925,-1.8833680925,-0.8320119887500002,NA,NA,NA,-0.597908393758018,-1.2769329129182037,0.09567010687427409,-0.070764494432625,-0.13440247657499999,0.014941648,-0.3734354478590985,-0.6760865900759798,0.08093550291649157,0.955625,0.82175
BFA,326,Dolo,2,2021,DHS 2021,0.209609071383725,0.17838638,0.13469003695518322,0.036913035725,0.5432325629999998,0.0482162946,0.47722237849999966,0.5063195272749997,0.6425773277178937,Low,High (20-50%),21.0%,[3.7%–54.3%],64%,0.538875,-0.1466035650349225,-1.510731625,1.2063708924999992,NA,NA,NA,-2.5902618824655828,-4.631982553494564,-0.502876591981216,-0.506344889147525,-0.800491409775,-0.10762412949999996,-0.6998076318389452,-0.9436942166820191,-0.20150993287040145,0.993625,0.975375
BFA,327,Gueguere,2,2021,DHS 2021,0.205501025335375,0.17577374,0.12879439769896758,0.038822394125,0.52687826825,0.0496069383,0.4633213244999996,0.48805587412499996,0.6267336013957925,Low,High (20-50%),20.6%,[3.9%–52.7%],63%,0.53025,-0.07148214699214388,-1.3725370149999998,1.1774649824999999,NA,NA,NA,-2.5899087592504078,-4.693174243086208,-0.5011312121621943,-0.508642264548375,-0.80675565825,-0.10972837925000035,-0.7029203695078571,-0.9428758529497789,-0.2129278816226075,0.992625,0.9775
BFA,328,Iolonioro,2,2021,DHS 2021,0.1928136509887125,0.16322709,0.12408929731703117,0.036617107350000004,0.51011441075,0.048037463200000005,0.44175648799999967,0.47349730339999996,0.6435711199944836,Low,Moderate (5-20%),19.3%,[3.7%–51.0%],64%,0.487375,-0.49856832554742175,-1.4069603025,0.4164154794999998,NA,NA,NA,-2.0453718529832394,-3.7016917104028715,-0.3799291385182508,-0.4093078886600375,-0.5759412985250001,-0.09287217450000006,-0.6794704390909627,-0.9391712097985673,-0.15266035425403968,0.992125,0.96625
BFA,329,Tiankoura,2,2021,DHS 2021,0.20080263388,0.200347595,0.0159237512759638,0.170800004,0.23340917900000002,0.1755285575,0.22821162699999997,0.06260917500000002,0.07930050999968388,High,High (20-50%),20.1%,[17.1%–23.3%],8%,0.92825,-0.21638194130684074,-1.0890484075,0.6464998449999995,NA,NA,NA,-2.7706948265177944,-4.367270329005425,-1.2088028883445088,-0.571517455045,-0.7543418652499999,-0.25386098925,-0.7296752673797593,-0.8040656045024916,-0.5537743746040059,1,0.998875
BFA,330,Dano,2,2021,DHS 2021,0.1196435055189125,0.103246315,0.07044653331177309,0.03046068585,0.30386085875,0.03723170765,0.25733998799999963,0.2734001729,0.5888036547093427,Low,Moderate (5-20%),12.0%,[3.0%–30.4%],59%,0.20225,0.04758180849693075,-0.6853804327499999,0.7772617227499988,NA,NA,NA,-3.7334266164227414,-5.109387195083697,-2.377906533311804,-0.7068523776273375,-0.8187256433499999,-0.5209150835,-0.8551088826294921,-0.9632980890270291,-0.6364345777538666,1,1
BFA,331,Dissin,2,2021,DHS 2021,0.213161642820175,0.18570001,0.1287636632195845,0.044039773775000006,0.534275044,0.0554824466,0.4681043084999998,0.490235270225,0.6040658230815505,Low,High (20-50%),21.3%,[4.4%–53.4%],60%,0.55875,0.5215266800401475,-0.31854997174999994,1.3543352249999994,NA,NA,NA,-3.2604166731525903,-4.879352805317342,-1.6499468976296106,-0.641959298769825,-0.813177837375,-0.32177955100000016,-0.7507529180787897,-0.9485268203572605,-0.37730718960598014,1,0.99675
BFA,332,Koper,2,2021,DHS 2021,0.15491838533337499,0.15251493500000002,0.02854494946595359,0.1052496705,0.21810470449999997,0.1118183365,0.20482144499999996,0.11285503399999997,0.18425798464479595,Medium,Moderate (5-20%),15.5%,[10.5%–21.8%],18%,0.331125,-0.14925433647410088,-1.0282785375,0.7269979634999997,NA,NA,NA,-2.8987241917602358,-4.527606186955659,-1.255060140785799,-0.584121615134125,-0.7969259875,-0.2408323125,-0.7791260026156867,-0.8691914487794793,-0.5921947315277775,0.99975,0.9985
BFA,333,Niego,2,2021,DHS 2021,0.2407571626663375,0.205906125,0.15373491636061698,0.039360982125000006,0.6172059677499997,0.053228907400000004,0.5473079704999998,0.5778449856249996,0.6385476330508031,Low,High (20-50%),24.1%,[3.9%–61.7%],64%,0.6065,0.1492552997873154,-1.3013246025,1.6121728149999999,NA,NA,NA,-2.5759228264866576,-4.689716554975192,-0.486564441975078,-0.5007157068099125,-0.80188033005,-0.10083767325000034,-0.670840708435007,-0.9411079499179502,-0.17108364855955482,0.9915,0.9705
BFA,334,Oronkua,2,2021,DHS 2021,0.15000434382475,0.148376365,0.026626155713973577,0.10340826875,0.20721018499999994,0.109995241,0.1963797985,0.10380191624999993,0.1775025644929383,Medium,Moderate (5-20%),15.0%,[10.3%–20.7%],18%,0.2665,-0.13281992565137124,-1.007898775,0.7519174447499998,NA,NA,NA,-2.787247572595033,-4.401660525419603,-1.1670011932041757,-0.562586560899125,-0.7863343046749999,-0.21173136275000004,-0.776188610224012,-0.8693486110043838,-0.5761829557018613,0.999625,0.999125
BFA,335,Ouessa,2,2021,DHS 2021,0.2280928712579125,0.19729095000000002,0.14440537576510584,0.040171800125,0.5834609817499998,0.0515071153,0.5102667134999999,0.5432891816249998,0.6330990309724397,Low,High (20-50%),22.8%,[4.0%–58.3%],63%,0.583,0.12828536164458376,-1.2517226350000001,1.4956795499999986,NA,NA,NA,-2.558214953998684,-4.6226962071367925,-0.4552728568115996,-0.5012936855833375,-0.7957232747249999,-0.0954064579750003,-0.6799499038373449,-0.9389591390294975,-0.17582434964400262,0.99075,0.971125
BFA,336,Zambo,2,2021,DHS 2021,0.246110110470125,0.218059465,0.14090066041392044,0.052599624500000004,0.58020738975,0.06746568260000001,0.5171360809999997,0.52760776525,0.5725106544577501,Low,High (20-50%),24.6%,[5.3%–58.0%],57%,0.657375,-0.055543587252993,-1.3828771375,1.2721871924999997,NA,NA,NA,-2.5702058439229054,-4.642844471474804,-0.5035803556773089,-0.509166314593625,-0.8034625502999999,-0.10953070275000018,-0.6660685069338,-0.9275993293636114,-0.18545810973573415,0.99225,0.97275
BFA,337,Batié,2,2021,DHS 2021,0.2772489124375,0.27488873999999996,0.046068912315068926,0.19465686425,0.37525774074999996,0.20618694599999998,0.35696435199999993,0.18060087649999995,0.16616444735542182,Medium,High (20-50%),27.7%,[19.5%–37.5%],17%,0.993625,0.4034445029638227,-0.32299302025,1.1130599475,NA,NA,NA,-2.7746782805971306,-3.7952948410878906,-1.7663482212448605,-0.57183170365375,-0.6970665337499999,-0.4084736097500001,-0.6719863611443334,-0.7725489664862919,-0.5439496011417894,1,1
BFA,338,Boussoukoula,2,2021,DHS 2021,0.03440890054,0.034281591,0.0033652278837786615,0.028201241175,0.04152880925,0.02918696775,0.0401975906,0.013327568075,0.09780108724679006,High,Low (1-5%),3.4%,[2.8%–4.2%],10%,0,-1.29873992158682,-2.3394639125,-0.29932262300000045,NA,NA,NA,-4.044764021566944,-5.757956961039282,-2.348067694560039,-0.612924076407125,-0.88381885725,-0.23805593937500003,-0.940958561564859,-0.9651187440863007,-0.8727234499666618,1,1
BFA,339,Kpuéré,2,2021,DHS 2021,0.2036726938187875,0.17189621500000002,0.13308072344415742,0.03632630185,0.5383957729999999,0.0477454697,0.4687957144999999,0.5020694711499999,0.6534048376782532,Low,High (20-50%),20.4%,[3.6%–53.8%],65%,0.5145,-0.3760627476927425,-1.3877289375,0.5999422937499996,NA,NA,NA,-2.222759932252831,-3.9231119353691226,-0.4989755845548259,-0.4533676778762125,-0.642306849875,-0.11997056675000035,-0.6899825732728405,-0.9442845117997641,-0.18388081560041852,0.994625,0.97175
BFA,340,Legmoin,2,2021,DHS 2021,0.223859922414,0.189401515,0.14585107315248932,0.037794311675,0.5906972922499996,0.05062401660000001,0.521741388,0.5529029805749995,0.6515282931384057,Low,High (20-50%),22.4%,[3.8%–59.1%],65%,0.563625,0.098954519536285,-1.3784567925,1.5815036774999995,NA,NA,NA,-2.58286814282968,-4.624934159745668,-0.535628736906116,-0.503156637673625,-0.8011060726750001,-0.11302159475000055,-0.6879132341602033,-0.9414270544246409,-0.19725031256143263,0.99175,0.97425
BFA,341,Midebdo,2,2021,DHS 2021,0.288088408991125,0.26245778,0.15639989374350033,0.061467594550000004,0.64504699125,0.080203511,0.5867026604999999,0.5835793967,0.5428885330416694,Low,High (20-50%),28.8%,[6.1%–64.5%],54%,0.741375,-0.0432010421284175,-1.3984540874999998,1.257486719999999,NA,NA,NA,-2.5437110734746087,-4.595646681578154,-0.5020898773677986,-0.500586187970125,-0.80043021915,-0.10911418400000018,-0.6294625465757252,-0.9167216156032519,-0.16285133181297862,0.99225,0.967
BFA,342,Bouroum-Bouroum,2,2021,DHS 2021,0.3966366186875,0.39624634999999997,0.023616816163731912,0.35103623650000004,0.44365941525,0.358119446,0.4365918509999999,0.09262317874999998,0.059542702441044676,High,High (20-50%),39.7%,[35.1%–44.4%],6%,1,0.5694610589217453,-0.31975528625,1.4587739099999997,NA,NA,NA,-1.7952285803862076,-3.430566393392335,-0.14562481986339662,-0.37333892515625,-0.5626717597500001,-0.03581763950000003,-0.4623187097940573,-0.6017321996502168,-0.0794119891907511,0.982625,0.951625
BFA,343,Boussera,2,2021,DHS 2021,0.29374184026275,0.267904935,0.15403972671263344,0.06812869792500001,0.6409421269999998,0.08693990005,0.5837414995,0.5728134290749998,0.5244051258576101,Low,High (20-50%),29.4%,[6.8%–64.1%],52%,0.766875,0.6227117641517746,-0.24422152724999996,1.4606029724999998,NA,NA,NA,-3.2912300046562337,-4.9257535056071555,-1.6873580545880258,-0.61381872935475,-0.8402425200999999,-0.2656584325,-0.6763652966662344,-0.9242205418020031,-0.2936571715617232,1,0.991625
BFA,344,Djigouè,2,2021,DHS 2021,0.2161529024192625,0.183481495,0.13479815336431358,0.04257682125000001,0.5576166799999999,0.05394271615,0.4853988869999994,0.5150398587499998,0.6236240728465973,Low,High (20-50%),21.6%,[4.3%–55.8%],62%,0.554625,0.09499774511511075,-0.8129663665,0.9805684172499997,NA,NA,NA,-2.7684069485413367,-4.413882206455925,-1.0808906148514201,-0.5682631562369875,-0.7459614559749999,-0.23365527550000012,-0.7244886813358142,-0.9453590012799556,-0.29764827748185696,0.999625,0.99075
BFA,345,Gaoua,2,2021,DHS 2021,0.09680846176675,0.0909846275,0.03574346880979457,0.044159444049999996,0.18279278874999996,0.049734539200000004,0.1631379259999998,0.13863334469999997,0.369218435635459,Low,Moderate (5-20%),9.7%,[4.4%–18.3%],37%,0.048125,-0.6060608418776987,-1.2482097349999999,0.03846300579999964,NA,NA,NA,-2.5496742228450926,-3.5418274199099913,-1.5524155475349075,-0.46425636323825,-0.623994665225,-0.2919995995000001,-0.8242211538767752,-0.9234080413722922,-0.6575791080119487,1,1
BFA,346,Gbomblora,2,2021,DHS 2021,0.30061544562375,0.30022116,0.020733773126069648,0.26076459875,0.341100974,0.2673782715,0.335260389,0.08033637524999998,0.0689710839143642,High,High (20-50%),30.1%,[26.1%–34.1%],7%,1,1.39843138107875,0.972723746,1.7980847075000002,NA,NA,NA,-4.7004005314285475,-4.966912013703918,-4.428851454870021,-0.67853574219375,-0.7186678265,-0.6375250297499999,-0.6929839222027037,-0.7337258502784287,-0.651682478873755,1,1
BFA,347,Kampti,2,2021,DHS 2021,0.193049185000625,0.1823967,0.07569047305062117,0.075548152025,0.366014084,0.08863574255000001,0.3330547449999999,0.29046593197500004,0.39207869771828413,Low,Moderate (5-20%),19.3%,[7.6%–36.6%],39%,0.579125,-0.2716910205869406,-1.0372920875,0.4577023464999997,NA,NA,NA,-2.2233642548759915,-3.343831338647594,-1.1163754510383397,-0.476180050220625,-0.6498442115,-0.26605321400000004,-0.7090411364392911,-0.8866097440699042,-0.43766225092734146,1,0.998875
BFA,348,Loropeni,2,2021,DHS 2021,0.12506294604325,0.122339165,0.02831314926479672,0.07706228712499999,0.1887529782499999,0.08383640345,0.1754168345,0.11169069112499991,0.22639119068093358,Medium,Moderate (5-20%),12.5%,[7.7%–18.9%],23%,0.093375,0.27834810756206974,-0.250510585,0.7753687647499995,NA,NA,NA,-4.602021927727486,-5.175663104277513,-4.039981787116983,-0.80738967901675,-0.8585429623999999,-0.7417689232500002,-0.8658703317339803,-0.9174210705793421,-0.7968075554329255,1,1
BFA,349,Malba,2,2021,DHS 2021,0.2299137392204375,0.19997082,0.1416066055663175,0.04340464595,0.5825566922499998,0.05639950165,0.5068553489999997,0.5391520462999998,0.6159118895915455,Low,High (20-50%),23.0%,[4.3%–58.3%],62%,0.597875,0.045613142644984,-1.348239255,1.4462101299999996,NA,NA,NA,-2.561670864802134,-4.581828568656001,-0.5299641667871702,-0.5042251011908125,-0.7957121562499999,-0.11511397675000035,-0.6807686120157052,-0.9359557476748991,-0.20150631263818816,0.9925,0.9755
BFA,350,Nako,2,2021,DHS 2021,0.24985930148875,0.24865878,0.025061748285903233,0.2030795745,0.301846972,0.21019633100000001,0.2929664285,0.09876739749999999,0.10030344332420879,High,High (20-50%),25.0%,[20.3%–30.2%],10%,0.99825,0.1468077244159025,-0.39795491824999996,0.6825168112499997,NA,NA,NA,-2.5544836759897445,-3.3321135039020904,-1.7693057366630405,-0.55345816555625,-0.66008658649999985,-0.411487728,-0.6872075846219917,-0.7548325727444916,-0.6010331437509706,1,1
BFA,351,Perigban,2,2021,DHS 2021,0.25948640521135,0.22700879499999999,0.15258795765660899,0.05219785230000001,0.6233542139999999,0.0669288266,0.5573663309999999,0.5711563617,0.5880383503418111,Low,High (20-50%),25.9%,[5.2%–62.3%],59%,0.676375,-0.0419557902451025,-1.4269207824999999,1.3361376449999995,NA,NA,NA,-2.5565686373470333,-4.599711819968386,-0.49210471908477116,-0.50351694981865,-0.7969504762500002,-0.11132753050000065,-0.6555499535408638,-0.9263996317639885,-0.17442180406911306,0.993125,0.969375
CIV,1,Abidjan,1,2011,DHS 2011-12,0.04255313022825,0.0415443895,0.010202550705502881,0.025931615124999998,0.06639450782499998,0.028088401500000002,0.06156171594999997,0.040462892699999975,0.23976028674688787,Medium,Low (1-5%),4.3%,[2.6%–6.6%],24%,0,0.5948643489995937,-0.26143466049999997,1.4708629275,NA,NA,NA,NA,NA,NA,NA,NA,NA,NA,NA,NA,NA,NA
CIV,2,Fresco,1,2011,DHS 2011-12,0.40735864587625,0.406596165,0.0434160849404124,0.324915335,0.4946961319999999,0.33781237150000004,0.4802842549999999,0.16978079699999987,0.10657951016854474,High,High (20-50%),40.7%,[32.5%–49.5%],11%,1,0.429163308574635,0.06992074352500001,0.79035990675,NA,NA,NA,NA,NA,NA,NA,NA,NA,NA,NA,NA,NA,NA
CIV,3,Sassandra,1,2011,DHS 2011-12,0.1768962664425,0.17608002,0.01813265069763737,0.143190275,0.21339578549999996,0.14797755950000002,0.20761845449999997,0.07020551049999996,0.10250442851223983,High,Moderate (5-20%),17.7%,[14.3%–21.3%],10%,0.552,0.08898358698961854,-0.29814294,0.47293042249999995,NA,NA,NA,NA,NA,NA,NA,NA,NA,NA,NA,NA,NA,NA
CIV,4,Buyo,1,2011,DHS 2011-12,0.3510861453625,0.350688735,0.025228319168437378,0.3027098955,0.401111188,0.3104789615,0.39372152549999995,0.09840129250000001,0.07185791721398999,High,High (20-50%),35.1%,[30.3%–40.1%],7%,1,0.83879834506875,0.47544444825000004,1.2069131149999999,NA,NA,NA,NA,NA,NA,NA,NA,NA,NA,NA,NA,NA,NA
CIV,5,Guéyo,1,2011,DHS 2011-12,0.25590426409125,0.23523244999999998,0.12583156165765744,0.07102414445,0.5492490369999998,0.088193731,0.4961275034999998,0.47822489254999984,0.49171342300411447,Low,High (20-50%),25.6%,[7.1%–54.9%],49%,0.718875,0.0703243935730575,-0.77282779925,0.9093306409999998,NA,NA,NA,NA,NA,NA,NA,NA,NA,NA,NA,NA,NA,NA
CIV,6,Méagui,1,2011,DHS 2011-12,0.16289198829575,0.14636042,0.08388375102928614,0.047180317900000004,0.3689795072499999,0.057145805050000005,0.321123373,0.3217991893499999,0.5149654805427576,Low,Moderate (5-20%),16.3%,[4.7%–36.9%],51%,0.372125,-0.48377670006708123,-1.2753658749999999,0.2880760592499992,NA,NA,NA,NA,NA,NA,NA,NA,NA,NA,NA,NA,NA,NA
CIV,7,Oupoyo,1,2011,DHS 2011-12,0.16877681222375,0.16818782,0.013995954245106896,0.14272243799999998,0.19818953050000002,0.146837405,0.1933145735,0.05546709250000004,0.08292581226473365,High,Moderate (5-20%),16.9%,[14.3%–19.8%],8%,0.41025,0.14563912608859286,-0.18012456825,0.48659697225,NA,NA,NA,NA,NA,NA,NA,NA,NA,NA,NA,NA,NA,NA
CIV,8,Soubré,1,2011,DHS 2011-12,0.16263381089,0.15701345,0.04449788563484372,0.09037041600000001,0.2622390352499999,0.09827205450000001,0.2442420734999999,0.1718686192499999,0.2736078395466031,Medium,Moderate (5-20%),16.3%,[9.0%–26.2%],27%,0.373125,-0.14151946322556713,-0.61372008375,0.3374881877499999,NA,NA,NA,NA,NA,NA,NA,NA,NA,NA,NA,NA,NA,NA
CIV,9,San-Pedro,1,2011,DHS 2011-12,0.1787397481875,0.17169769000000001,0.05780938381031005,0.0891200057,0.31280606474999995,0.09781247265,0.285209932,0.22368605904999994,0.3234276896802347,Medium,Moderate (5-20%),17.9%,[8.9%–31.3%],32%,0.4865,-0.3112577018465387,-0.913488883,0.29625035724999993,NA,NA,NA,NA,NA,NA,NA,NA,NA,NA,NA,NA,NA,NA
CIV,10,Tabou,1,2011,DHS 2011-12,0.36795898810875,0.36576803,0.0634400845333987,0.2499447195,0.49894655099999996,0.267934147,0.4755292154999998,0.24900183149999996,0.17241074843549964,Medium,High (20-50%),36.8%,[25.0%–49.9%],17%,0.999875,0.20711508850337776,-0.42113203925,0.8359698807499997,NA,NA,NA,NA,NA,NA,NA,NA,NA,NA,NA,NA,NA,NA
CIV,11,Abengourou,1,2011,DHS 2011-12,0.176394268848125,0.174184715,0.030460019141049986,0.12171576099999999,0.2425144815,0.12979471650000002,0.23007336599999997,0.1207987205,0.1726814558089525,Medium,Moderate (5-20%),17.6%,[12.2%–24.3%],17%,0.516375,-0.12197765326084326,-0.5606715312499999,0.3153956222499999,NA,NA,NA,NA,NA,NA,NA,NA,NA,NA,NA,NA,NA,NA
CIV,12,Agnibilékrou,1,2011,DHS 2011-12,0.1598647831425,0.159120525,0.018185426473531753,0.12650872425,0.19805468949999996,0.1314183525,0.1916874895,0.07154596524999995,0.11375505046237519,High,Moderate (5-20%),16.0%,[12.7%–19.8%],11%,0.279625,0.16422138472209813,-0.32761626425000007,0.6514997267499997,NA,NA,NA,NA,NA,NA,NA,NA,NA,NA,NA,NA,NA,NA
CIV,13,Bettié,1,2011,DHS 2011-12,0.33956877338375,0.3385888,0.034742026560004254,0.274019694,0.40861847125,0.28444556350000005,0.39805242999999996,0.13459877725000002,0.10231219500487446,High,High (20-50%),34.0%,[27.4%–40.9%],10%,1,0.042239616762246586,-0.395447764,0.48774136149999986,NA,NA,NA,NA,NA,NA,NA,NA,NA,NA,NA,NA,NA,NA
CIV,14,Aboisso,1,2011,DHS 2011-12,0.15532339501375,0.13576776000000002,0.09211876392138708,0.03626241460000001,0.3867984394999999,0.045137945,0.3362887379999998,0.3505360248999999,0.5930771981466944,Low,Moderate (5-20%),15.5%,[3.6%–38.7%],59%,0.338125,-0.30836358936386965,-1.127553735,0.5140025069999996,NA,NA,NA,NA,NA,NA,NA,NA,NA,NA,NA,NA,NA,NA
CIV,15,Adiake,1,2011,DHS 2011-12,0.16301055164475,0.14082591500000002,0.09700543759730736,0.038760558150000006,0.40836417975,0.04829770985000001,0.3562629125,0.3696036216,0.5950868616696173,Low,Moderate (5-20%),16.3%,[3.9%–40.8%],60%,0.37075,-0.06233822980880663,-1.0878684674999999,0.9655768289999996,NA,NA,NA,NA,NA,NA,NA,NA,NA,NA,NA,NA,NA,NA
CIV,16,Ayame,1,2011,DHS 2011-12,0.1658781011525,0.16519095,0.01357118918952548,0.14070737225000002,0.19399485425,0.144392231,0.1893646725,0.05328748199999997,0.08181423042122243,High,Moderate (5-20%),16.6%,[14.1%–19.4%],8%,0.355375,-0.17856741561057876,-0.6990073262500001,0.330663363,NA,NA,NA,NA,NA,NA,NA,NA,NA,NA,NA,NA,NA,NA
CIV,17,Bonoua,1,2011,DHS 2011-12,0.084528232973875,0.08426687,0.007528952780426782,0.0706389808,0.1003081165,0.07264989125,0.097483821,0.0296691357,0.08907027291998097,High,Moderate (5-20%),8.5%,[7.1%–10.0%],9%,0,-0.277264798554725,-0.76575874125,0.21255711699999927,NA,NA,NA,NA,NA,NA,NA,NA,NA,NA,NA,NA,NA,NA
CIV,18,Grand-Bassam,1,2011,DHS 2011-12,0.053466142021875,0.041911922000000004,0.04142252342786072,0.009605424825,0.16443483624999997,0.012162945200000002,0.13362777049999996,0.15482941142499995,0.7747430777951627,Low,Moderate (5-20%),5.3%,[1.0%–16.4%],77%,0.0195,-0.03802214111575687,-1.0662851775000002,0.98652373975,NA,NA,NA,NA,NA,NA,NA,NA,NA,NA,NA,NA,NA,NA
CIV,19,Mafere,1,2011,DHS 2011-12,0.13787848981865,0.118023935,0.08598055632205223,0.030880781149999998,0.35748971524999995,0.039124168650000006,0.30996292199999986,0.32660893409999997,0.6235965917173989,Low,Moderate (5-20%),13.8%,[3.1%–35.7%],62%,0.265,-0.23424136312183164,-1.1116323049999999,0.6412985557499996,NA,NA,NA,NA,NA,NA,NA,NA,NA,NA,NA,NA,NA,NA
CIV,20,Tiapoum,1,2011,DHS 2011-12,0.204614564190625,0.196507535,0.06630561555618568,0.09924332855,0.3549825465,0.112197085,0.32709980199999994,0.25573921795,0.3240513001528738,Medium,High (20-50%),20.5%,[9.9%–35.5%],32%,0.64375,0.066721342845081,-0.7931923985,0.9628431489999987,NA,NA,NA,NA,NA,NA,NA,NA,NA,NA,NA,NA,NA,NA
CIV,21,Kaniasso,1,2011,DHS 2011-12,0.206863059259875,0.185441965,0.11133966613846014,0.05430444212500001,0.479780959,0.06782721500000001,0.425978761,0.425476516875,0.5382288482864788,Low,High (20-50%),20.7%,[5.4%–48.0%],54%,0.54925,0.042903624258458124,-0.7047013744999999,0.8147377682499993,NA,NA,NA,NA,NA,NA,NA,NA,NA,NA,NA,NA,NA,NA
CIV,22,Minignan,1,2011,DHS 2011-12,0.04955456715725,0.048477052,0.010947266465913567,0.031152043525,0.073982640175,0.03354907345,0.06907632944999999,0.042830596650000004,0.22091337073281136,Medium,Low (1-5%),5.0%,[3.1%–7.4%],22%,0,-0.98889544923325,-1.59497329,-0.4035332945,NA,NA,NA,NA,NA,NA,NA,NA,NA,NA,NA,NA,NA,NA
CIV,23,Gbeleban,1,2011,DHS 2011-12,0.170947968891325,0.147749605,0.10460546056151608,0.0368934606,0.4386863325,0.047121613150000005,0.3767475534999997,0.4017928719,0.6119140299819289,Low,Moderate (5-20%),17.1%,[3.7%–43.9%],61%,0.398125,-0.13469317978220374,-1.2430032249999998,0.9432182042499995,NA,NA,NA,NA,NA,NA,NA,NA,NA,NA,NA,NA,NA,NA
CIV,24,Madinani,1,2011,DHS 2011-12,0.21966025385425,0.19629825,0.11740273412955257,0.053986216025000006,0.5023028424999998,0.06960829375000001,0.4452856839999998,0.4483166264749998,0.5344741803287371,Low,High (20-50%),22.0%,[5.4%–50.2%],53%,0.5895,0.02217342296624175,-0.7730817409999999,0.81076453775,NA,NA,NA,NA,NA,NA,NA,NA,NA,NA,NA,NA,NA,NA
CIV,25,Odienné,1,2011,DHS 2011-12,0.0879859334285,0.08284110049999999,0.03143255621988372,0.04021889395,0.16130986425,0.045935459500000005,0.14614463749999992,0.12109097029999999,0.35724524358688264,Low,Moderate (5-20%),8.8%,[4.0%–16.1%],36%,0.0165,-0.7493600600691875,-1.2701722725,-0.2387012752500002,NA,NA,NA,NA,NA,NA,NA,NA,NA,NA,NA,NA,NA,NA
CIV,26,Samatiguila,1,2011,DHS 2011-12,0.19999050083125,0.17789352,0.11005591072330255,0.04901575935000001,0.46746534599999995,0.0616155445,0.4104646584999999,0.4184495866499999,0.5503056908496201,Low,Moderate (5-20%),20.0%,[4.9%–46.7%],55%,0.522875,-0.15028693061655662,-1.1973719425,0.8514916354999996,NA,NA,NA,NA,NA,NA,NA,NA,NA,NA,NA,NA,NA,NA
CIV,27,Seguelon,1,2011,DHS 2011-12,0.106937358963,0.10665181,0.009493760106395873,0.0891017234,0.12662810225,0.09163578645,0.12311569249999998,0.037526378850000014,0.08877870370522883,High,Moderate (5-20%),10.7%,[8.9%–12.7%],9%,3.75e-4,-0.4781283602768181,-1.2266466425,0.2342786549999999,NA,NA,NA,NA,NA,NA,NA,NA,NA,NA,NA,NA,NA,NA
CIV,28,Gagnoa,1,2011,DHS 2011-12,0.188893135787375,0.18366871,0.046719874401428954,0.11109580025,0.29376790925,0.120461093,0.27428233899999993,0.18267210900000003,0.2473349505617745,Medium,Moderate (5-20%),18.9%,[11.1%–29.4%],25%,0.601125,-0.17023461942999563,-0.63364383475,0.29273484175000003,NA,NA,NA,NA,NA,NA,NA,NA,NA,NA,NA,NA,NA,NA
CIV,29,Oumé,1,2011,DHS 2011-12,0.27101307659575,0.2593565,0.10177361412760463,0.1094018015,0.5025689839999999,0.1274886995,0.4570865694999999,0.39316718249999993,0.37553027110722315,Low,High (20-50%),27.1%,[10.9%–50.3%],38%,0.830625,0.08822518133969875,-0.5770751625,0.7620745959999995,NA,NA,NA,NA,NA,NA,NA,NA,NA,NA,NA,NA,NA,NA
CIV,30,Divo,1,2011,DHS 2011-12,0.222288014016125,0.199082555,0.11705226143482124,0.05774906897500001,0.4991026679999999,0.07241277245,0.4414310149999997,0.44135359902499993,0.52657927577836094,Low,High (20-50%),22.2%,[5.8%–49.9%],53%,0.60275,-0.20680744144769336,-0.985201072,0.5910460569999999,NA,NA,NA,NA,NA,NA,NA,NA,NA,NA,NA,NA,NA,NA
CIV,31,Guitry,1,2011,DHS 2011-12,0.493320881775,0.493456905,0.024672965351342013,0.44409391724999997,0.5415067435,0.45297738500000007,0.5338055224999999,0.09741282625000008,0.05001402994044588,High,High (20-50%),49.3%,[44.4%–54.2%],5%,1,0.3518755804274338,-0.1700861745,0.8970078047499999,NA,NA,NA,NA,NA,NA,NA,NA,NA,NA,NA,NA,NA,NA
CIV,32,Lakota,1,2011,DHS 2011-12,0.16791462541125,0.167633225,0.01358527613122833,0.142386307,0.19624871625,0.145988742,0.19081813249999996,0.05386240925000002,0.08090585378108547,High,Moderate (5-20%),16.8%,[14.2%–19.6%],8%,0.391875,0.06631183670815584,-0.32671845425,0.4672837074999998,NA,NA,NA,NA,NA,NA,NA,NA,NA,NA,NA,NA,NA,NA
CIV,33,Didievi,1,2011,DHS 2011-12,0.248155834943375,0.22615405500000002,0.12428654365087964,0.067489187675,0.5453579942499999,0.0830048685,0.4847117634999999,0.47786880657499986,0.5008407063216537,Low,High (20-50%),24.8%,[6.7%–54.5%],50%,0.68375,0.268904456542711,-0.44414404825,0.972047758,NA,NA,NA,NA,NA,NA,NA,NA,NA,NA,NA,NA,NA,NA
CIV,34,Djekanou,1,2011,DHS 2011-12,0.255745970780625,0.23513541500000001,0.12666610670039466,0.07117718995,0.55549887925,0.08793588615,0.4954130549999998,0.48432168929999997,0.4952809473938767,Low,High (20-50%),25.6%,[7.1%–55.5%],50%,0.70475,-0.2386554170129675,-0.9575592405,0.47408067074999954,NA,NA,NA,NA,NA,NA,NA,NA,NA,NA,NA,NA,NA,NA
CIV,35,Tiebissou,1,2011,DHS 2011-12,0.29471188733875,0.29445917,0.020757357427746554,0.2546503665,0.335970714,0.26138744350000004,0.32922169399999995,0.0813203475,0.07043271180944077,High,High (20-50%),29.5%,[25.5%–33.6%],7%,1,-0.11869677462881162,-0.5383692145000001,0.28502077424999983,NA,NA,NA,NA,NA,NA,NA,NA,NA,NA,NA,NA,NA,NA
CIV,36,Toumodi,1,2011,DHS 2011-12,0.1486221669025,0.14187975,0.051579656546739,0.068445876825,0.27040755775,0.07712325295,0.242846079,0.20196168092500003,0.34705224410149127,Low,Moderate (5-20%),14.9%,[6.8%–27.0%],35%,0.285625,-0.5516828315879737,-1.04955344,-0.03504331802500024,NA,NA,NA,NA,NA,NA,NA,NA,NA,NA,NA,NA,NA,NA
CIV,37,Daoukro,1,2011,DHS 2011-12,0.306259529234375,0.296499395,0.10329903749737111,0.13424675575,0.5301310757499997,0.1537436255,0.4900788629999998,0.39588431999999973,0.33729248443504983,Low,High (20-50%),30.6%,[13.4%–53.0%],34%,0.913625,0.14442930292673106,-0.59420393825,0.8756622855,NA,NA,NA,NA,NA,NA,NA,NA,NA,NA,NA,NA,NA,NA
CIV,38,M'Bahiakro,1,2011,DHS 2011-12,0.46128330403375,0.45703473,0.12017104427275728,0.2411381035,0.6991304454999999,0.2712066755,0.6647288604999999,0.45799234199999994,0.2605146191546636,Medium,High (20-50%),46.1%,[24.1%–69.9%],26%,0.997125,0.6607614540487422,0.04024844847500001,1.2974952499999999,NA,NA,NA,NA,NA,NA,NA,NA,NA,NA,NA,NA,NA,NA
CIV,39,Prikro,1,2011,DHS 2011-12,0.2274729532725,0.20849695499999998,0.11433313451447029,0.0636878302,0.50086659475,0.07887814345000001,0.4478277954999997,0.43717876454999993,0.5026229838301063,Low,High (20-50%),22.7%,[6.4%–50.1%],50%,0.63275,0.26183410212421815,-0.6118671892499999,1.1544046925,NA,NA,NA,NA,NA,NA,NA,NA,NA,NA,NA,NA,NA,NA
CIV,40,Arrah,1,2011,DHS 2011-12,0.231656852023125,0.20941608499999997,0.11911735364689911,0.061941413875,0.52308474425,0.07781849175000001,0.46214062899999997,0.46114333037499994,0.5141974114152613,Low,High (20-50%),23.2%,[6.2%–52.3%],51%,0.634,-0.12451846715910425,-1.0166826225,0.73967346275,NA,NA,NA,NA,NA,NA,NA,NA,NA,NA,NA,NA,NA,NA
CIV,41,Bongouanou,1,2011,DHS 2011-12,0.175602713060125,0.16894012,0.05841381078329674,0.08324306587500001,0.3094946915,0.09409275785000001,0.2835974199999999,0.22625162562499995,0.3326475415177458,Low,Moderate (5-20%),17.6%,[8.3%–30.9%],33%,0.467125,0.22044356075113175,-0.27931636175,0.7246238607499997,NA,NA,NA,NA,NA,NA,NA,NA,NA,NA,NA,NA,NA,NA
CIV,42,M’Batto,1,2011,DHS 2011-12,0.224831393727875,0.202458785,0.11770508757292703,0.05990778672500001,0.5048108374999999,0.07431856335,0.4479528395,0.44490305077499986,0.5235260326473425,Low,High (20-50%),22.5%,[6.0%–50.5%],52%,0.610375,0.280793541708121,-0.46254989075,1.0568617349999998,NA,NA,NA,NA,NA,NA,NA,NA,NA,NA,NA,NA,NA,NA
CIV,43,Bocanda,1,2011,DHS 2011-12,0.236142912118625,0.21638311500000001,0.11651000647561806,0.06508009467499999,0.5122156187499998,0.0824362067,0.4625230514999999,0.4471355240749998,0.49338769235254426,Low,High (20-50%),23.6%,[6.5%–51.2%],49%,0.6595,0.1949975621740125,-0.54693197775,0.9432622569999998,NA,NA,NA,NA,NA,NA,NA,NA,NA,NA,NA,NA,NA,NA
CIV,44,Dimbokro,1,2011,DHS 2011-12,0.23587673475575,0.21342830499999998,0.12087806923439634,0.06380596520000001,0.5234546797499999,0.07769324929999999,0.46662367349999995,0.4596487145499999,0.5124628732866148,Low,High (20-50%),23.6%,[6.4%–52.3%],51%,0.648625,-0.6535745842455087,-1.415894785,0.07676809324999989,NA,NA,NA,NA,NA,NA,NA,NA,NA,NA,NA,NA,NA,NA
CIV,45,Kouassi-Kouassikro,1,2011,DHS 2011-12,0.14535772412625,0.14505919,0.012065394332246317,0.12254212425,0.16992084224999998,0.12620102249999998,0.16577107049999998,0.047378717999999986,0.0830048379250005,High,Moderate (5-20%),14.5%,[12.3%–17.0%],8%,0.074875,0.019401391512465775,-0.32353070175,0.3585157922499997,NA,NA,NA,NA,NA,NA,NA,NA,NA,NA,NA,NA,NA,NA
CIV,46,Agboville,1,2011,DHS 2011-12,0.102588490179,0.097654322,0.0349137076663395,0.049337073175,0.18342541524999997,0.05482233445,0.16664445949999995,0.13408834207499998,0.3403277268767757,Low,Moderate (5-20%),10.3%,[4.9%–18.3%],34%,0.043875,-0.4265541912833125,-0.9612759059999999,0.11322354199999962,NA,NA,NA,NA,NA,NA,NA,NA,NA,NA,NA,NA,NA,NA
CIV,47,Sikensi,1,2011,DHS 2011-12,0.205197856496875,0.18393242,0.10869354617583836,0.053940616399999995,0.47388606099999975,0.06707165585000001,0.41295712949999996,0.4199454445999998,0.5297011773487686,Low,High (20-50%),20.5%,[5.4%–47.4%],53%,0.541375,-0.3990975629182901,-1.2024107124999999,0.3689485797499984,NA,NA,NA,NA,NA,NA,NA,NA,NA,NA,NA,NA,NA,NA
CIV,48,Taabo,1,2011,DHS 2011-12,0.29874428217625,0.29835997999999997,0.020477067178773855,0.259636257,0.3401556565,0.266009368,0.332333187,0.08051939950000003,0.06854379615102729,High,High (20-50%),29.9%,[26.0%–34.0%],7%,1,0.85032450757125,0.544799341,1.1584401599999994,NA,NA,NA,NA,NA,NA,NA,NA,NA,NA,NA,NA,NA,NA
CIV,49,Tiassalé,1,2011,DHS 2011-12,0.239328416394625,0.21933418500000001,0.11975042680247426,0.06844375772499998,0.5269385224999997,0.08119193255000001,0.4647265204999999,0.45849476477499973,0.500360252269499,Low,High (20-50%),23.9%,[6.8%–52.7%],50%,0.65625,-0.09498794784203775,-0.9061756289999999,0.6872274622499999,NA,NA,NA,NA,NA,NA,NA,NA,NA,NA,NA,NA,NA,NA
CIV,50,Dabou,1,2011,DHS 2011-12,0.205933466605375,0.18424068,0.11193874228957022,0.052548873275,0.4837016609999996,0.06450937585,0.422239404,0.4311527877249996,0.5435675130165974,Low,High (20-50%),20.6%,[5.3%–48.4%],54%,0.543875,-0.43513662859499774,-1.31641798,0.4091310774999998,NA,NA,NA,NA,NA,NA,NA,NA,NA,NA,NA,NA,NA,NA
CIV,51,Grand-Lahou,1,2011,DHS 2011-12,0.20112327170375,0.200533505,0.015946996363778193,0.17151814625,0.23404641475,0.175818017,0.22822422299999992,0.06252826849999998,0.07928966264663671,High,High (20-50%),20.1%,[17.2%–23.4%],8%,0.8875,-0.1698185351864425,-0.66748179325,0.3319358602499995,NA,NA,NA,NA,NA,NA,NA,NA,NA,NA,NA,NA,NA,NA
CIV,52,Jacqueville,1,2011,DHS 2011-12,0.221690530335,0.197113945,0.11878241085095495,0.05865183520000001,0.5021624367499994,0.07180917385,0.45115309249999996,0.4435106015499994,0.5358028178806781,Low,High (20-50%),22.2%,[5.9%–50.2%],54%,0.589,-0.12650152551888338,-0.91049617,0.6374550699999997,NA,NA,NA,NA,NA,NA,NA,NA,NA,NA,NA,NA,NA,NA
CIV,53,Adzope,1,2011,DHS 2011-12,0.18436474509775,0.16206842500000002,0.10256211559217575,0.046492463225,0.4370430869999999,0.05776539905,0.3823872734999996,0.3905506237749999,0.55630004281891,Low,Moderate (5-20%),18.4%,[4.6%–43.7%],56%,0.454125,-0.176892131418845,-1.0834498275,0.7068993904999998,NA,NA,NA,NA,NA,NA,NA,NA,NA,NA,NA,NA,NA,NA
CIV,54,Akoupe,1,2011,DHS 2011-12,0.32831687429875,0.327263625,0.04161507271372795,0.251343381,0.4131901875,0.26247187250000004,0.3982368125,0.1618468065,0.12675276835104296,High,High (20-50%),32.8%,[25.1%–41.3%],13%,1,0.681619066446325,0.3103037945,1.0537956025,NA,NA,NA,NA,NA,NA,NA,NA,NA,NA,NA,NA,NA,NA
CIV,55,Alépé,1,2011,DHS 2011-12,0.103135219486625,0.099325371,0.03012111715493255,0.055621390099999994,0.17406229075,0.06124268745,0.1583456565,0.11844090064999999,0.2920546182464738,Medium,Moderate (5-20%),10.3%,[5.6%–17.4%],29%,0.03075,-0.3009423098909411,-0.74051785275,0.13968423874999958,NA,NA,NA,NA,NA,NA,NA,NA,NA,NA,NA,NA,NA,NA
CIV,56,Yakasse-Attobrou,1,2011,DHS 2011-12,0.186734872963125,0.16508505,0.10268102063652058,0.050553620300000005,0.4418291215,0.061057490000000006,0.38925556249999965,0.3912755012,0.5498759766034557,Low,Moderate (5-20%),18.7%,[5.1%–44.2%],55%,0.467125,-0.0982247411442425,-0.89105868875,0.6858307987499996,NA,NA,NA,NA,NA,NA,NA,NA,NA,NA,NA,NA,NA,NA
CIV,57,Blolequin,1,2011,DHS 2011-12,0.28576051042375,0.285002235,0.021689746422373844,0.24546825475,0.330329755,0.25117706749999996,0.322054856,0.08486150025,0.07590183258775134,High,High (20-50%),28.6%,[24.5%–33.0%],8%,1,0.1167214573955145,-0.22446810825,0.4572449399999996,NA,NA,NA,NA,NA,NA,NA,NA,NA,NA,NA,NA,NA,NA
CIV,58,Guiglo,1,2011,DHS 2011-12,0.33517027675375,0.32419087,0.11925090288447335,0.13894201025,0.5966033387499998,0.161531101,0.5516837159999998,0.45766132849999985,0.35579199933676436,Low,High (20-50%),33.5%,[13.9%–59.7%],36%,0.92675,0.1060111600710385,-0.5145712249999999,0.7233998237499999,NA,NA,NA,NA,NA,NA,NA,NA,NA,NA,NA,NA,NA,NA
CIV,59,Taï,1,2011,DHS 2011-12,0.170009427220875,0.145995395,0.1041416998372498,0.03539381045,0.4338780294999998,0.04595363305,0.3750868735,0.3984842190499998,0.6125642650507237,Low,Moderate (5-20%),17.0%,[3.5%–43.4%],61%,0.392875,-0.2615393501352045,-1.0504358125,0.5104265514999996,NA,NA,NA,NA,NA,NA,NA,NA,NA,NA,NA,NA,NA,NA
CIV,60,Toulepleu,1,2011,DHS 2011-12,0.2628034980975,0.26238264,0.019621064568222883,0.22600854500000003,0.30288371075000003,0.2313553575,0.29577236799999995,0.07687516575,0.07466059131733276,High,High (20-50%),26.3%,[22.6%–30.3%],7%,1,-0.0192583844222565,-0.39205844599999995,0.3558189467499999,NA,NA,NA,NA,NA,NA,NA,NA,NA,NA,NA,NA,NA,NA
CIV,61,Bangolo,1,2011,DHS 2011-12,0.33996505665,0.33918816500000004,0.02211500207751603,0.2979239755,0.3848677015,0.3046627085,0.37794806099999995,0.086943726,0.06505080932562965,High,High (20-50%),34.0%,[29.8%–38.5%],7%,1,0.6246502471633625,0.19652378875,1.0537257424999997,NA,NA,NA,NA,NA,NA,NA,NA,NA,NA,NA,NA,NA,NA
CIV,62,Duékoué,1,2011,DHS 2011-12,0.38976666912125,0.38851287,0.04596525861192073,0.30343745725,0.4842998025,0.31680286850000006,0.46801928699999995,0.18086234525,0.11793019325011009,High,High (20-50%),39.0%,[30.3%–48.4%],12%,1,0.1864181720339085,-0.27771705750000003,0.6525512152499999,NA,NA,NA,NA,NA,NA,NA,NA,NA,NA,NA,NA,NA,NA
CIV,63,Facobly,1,2011,DHS 2011-12,0.3702658497425,0.370156555,0.023916573413284674,0.323951171,0.41884290274999997,0.33131909000000004,0.4101240875,0.09489173174999999,0.06459297672177265,High,High (20-50%),37.0%,[32.4%–41.9%],6%,1,0.208538262894404,-0.28111071874999993,0.7057199467499998,NA,NA,NA,NA,NA,NA,NA,NA,NA,NA,NA,NA,NA,NA
CIV,64,Kouibly,1,2011,DHS 2011-12,0.284065036462375,0.263672295,0.13298804212363366,0.08389151345,0.5889568445,0.1011324375,0.5317907129999999,0.50506533105,0.4681605444295789,Low,High (20-50%),28.4%,[8.4%–58.9%],47%,0.782625,0.47465745903067474,-0.3629723915,1.3629167924999996,NA,NA,NA,NA,NA,NA,NA,NA,NA,NA,NA,NA,NA,NA
CIV,65,Biankouma,1,2011,DHS 2011-12,0.28146620946025,0.25967251999999996,0.13928744027444404,0.07610703975000001,0.6044173405,0.09350589625000001,0.5465468059999999,0.52831030075,0.494863808133654,Low,High (20-50%),28.1%,[7.6%–60.4%],49%,0.759375,0.29030444546342116,-0.52260062975,1.1308616074999989,NA,NA,NA,NA,NA,NA,NA,NA,NA,NA,NA,NA,NA,NA
CIV,66,Danané,1,2011,DHS 2011-12,0.2681852892345,0.254859825,0.10358695832460423,0.10314143475000001,0.5006926709999998,0.121273065,0.4582369359999999,0.3975512362499998,0.3862514555525387,Low,High (20-50%),26.8%,[10.3%–50.1%],39%,0.814125,0.12529896110670424,-0.5251906822500001,0.7890212707499997,NA,NA,NA,NA,NA,NA,NA,NA,NA,NA,NA,NA,NA,NA
CIV,67,Man,1,2011,DHS 2011-12,0.287467867565,0.28180932999999997,0.06622055467780934,0.1716308705,0.4308875755,0.1874725635,0.40462517849999996,0.259256705,0.2303581100688969,Medium,High (20-50%),28.7%,[17.2%–43.1%],23%,0.9685,0.09161096331272325,-0.47781565875,0.6596273314999999,NA,NA,NA,NA,NA,NA,NA,NA,NA,NA,NA,NA,NA,NA
CIV,68,Sipilou,1,2011,DHS 2011-12,0.324898639389375,0.304924835,0.15190326216915656,0.089504704625,0.66444885375,0.11210136550000001,0.6099857,0.5749441491249999,0.4675404687894306,Low,High (20-50%),32.5%,[9.0%–66.4%],47%,0.829,0.49117291511936373,-0.30869980375,1.28223443,NA,NA,NA,NA,NA,NA,NA,NA,NA,NA,NA,NA,NA,NA
CIV,69,Zouan-Hounien,1,2011,DHS 2011-12,0.20765280863425,0.19106854499999998,0.09531581938826751,0.06818726552499998,0.43357601699999976,0.08240341545,0.3914602549999997,0.3653887514749998,0.4590153151077882,Low,High (20-50%),20.8%,[6.8%–43.4%],46%,0.580875,0.17511817131103294,-0.46489996525,0.8384305104999998,NA,NA,NA,NA,NA,NA,NA,NA,NA,NA,NA,NA,NA,NA
CIV,70,Daloa,1,2011,DHS 2011-12,0.27644042359125,0.27330134,0.05279498107269437,0.18269370075,0.38804027825,0.1945122245,0.368752876,0.2053465775,0.1909814070852316,Medium,High (20-50%),27.6%,[18.3%–38.8%],19%,0.979125,0.16160493855602762,-0.29121762275,0.6143517304999996,NA,NA,NA,NA,NA,NA,NA,NA,NA,NA,NA,NA,NA,NA
CIV,71,Issia,1,2011,DHS 2011-12,0.39677797024625,0.39502886000000004,0.059509235117702966,0.2846881275,0.5174652624999999,0.301280539,0.4990408315,0.2327771349999999,0.14998119749634814,High,High (20-50%),39.7%,[28.5%–51.7%],15%,1,0.5364521764805374,0.164880748,0.9049154082499997,NA,NA,NA,NA,NA,NA,NA,NA,NA,NA,NA,NA,NA,NA
CIV,72,Vavoua,1,2011,DHS 2011-12,0.23956491403875,0.23789717500000002,0.03542432739994403,0.17579057375,0.3142645204999999,0.1850985655,0.3014760649999999,0.1384739467499999,0.14786943047183482,High,High (20-50%),24.0%,[17.6%–31.4%],15%,0.9625,0.4221108322766787,0.08235955922500002,0.7624935552500001,NA,NA,NA,NA,NA,NA,NA,NA,NA,NA,NA,NA,NA,NA
CIV,73,Zoukougbeu,1,2011,DHS 2011-12,0.45610384326375,0.45577435499999996,0.024822207309803068,0.40932117325,0.5045732922499999,0.416291566,0.496878855,0.09525211899999991,0.05442227176202327,High,High (20-50%),45.6%,[40.9%–50.5%],5%,1,0.92931914347375,0.62517908775,1.2329703349999999,NA,NA,NA,NA,NA,NA,NA,NA,NA,NA,NA,NA,NA,NA
CIV,74,Bouaflé,1,2011,DHS 2011-12,0.1730595959135,0.16363586000000002,0.06434072971892485,0.074662961875,0.3229651335,0.08487458735000002,0.29189140049999984,0.248302171625,0.37178365856744594,Low,Moderate (5-20%),17.3%,[7.5%–32.3%],37%,0.443375,-0.0916547494446295,-0.72795418125,0.536527935,NA,NA,NA,NA,NA,NA,NA,NA,NA,NA,NA,NA,NA,NA
CIV,75,Sinfra,1,2011,DHS 2011-12,0.164909391937125,0.160715885,0.042388042803006815,0.094270392225,0.2605346179999998,0.102985082,0.24097903399999993,0.16626422577499977,0.2570383791068013,Medium,Moderate (5-20%),16.5%,[9.4%–26.1%],26%,0.386875,-0.10930615697567732,-0.62998223025,0.3948047544999999,NA,NA,NA,NA,NA,NA,NA,NA,NA,NA,NA,NA,NA,NA
CIV,76,Zuénoula,1,2011,DHS 2011-12,0.244642952134,0.232024045,0.09444629358077701,0.095925707375,0.4626997249999997,0.11200234,0.4183996359999999,0.36677401762499967,0.38605769247358196,Low,High (20-50%),24.5%,[9.6%–46.3%],39%,0.76375,0.7337554736100438,0.16055888475,1.3129555224999998,NA,NA,NA,NA,NA,NA,NA,NA,NA,NA,NA,NA,NA,NA
CIV,77,Boundiali,1,2011,DHS 2011-12,0.102709900731875,0.09657185500000001,0.0382941619352561,0.046035790775,0.19169120699999986,0.05148346295,0.17395668749999987,0.14565541622499986,0.3728380775600525,Low,Moderate (5-20%),10.3%,[4.6%–19.2%],37%,0.05425,-0.7566588474963625,-1.3275220925000002,-0.20622825250000026,NA,NA,NA,NA,NA,NA,NA,NA,NA,NA,NA,NA,NA,NA
CIV,78,Kouto,1,2011,DHS 2011-12,0.201227381750125,0.19224659,0.07114604111184461,0.0897964797,0.36228087274999976,0.1025489235,0.331881561,0.2724843930499998,0.3535604374169641,Low,High (20-50%),20.1%,[9.0%–36.2%],35%,0.61375,0.19979297724990125,-0.3019471355,0.72364888225,NA,NA,NA,NA,NA,NA,NA,NA,NA,NA,NA,NA,NA,NA
CIV,79,Tengréla,1,2011,DHS 2011-12,0.119019708035125,0.118649875,0.010354887690062195,0.099663024375,0.1404987665,0.1024848505,0.1366680305,0.040835742125000005,0.08700145430541864,High,Moderate (5-20%),11.9%,[10.0%–14.0%],9%,5e-4,-0.4336091066587762,-0.972913983,0.09368852494999987,NA,NA,NA,NA,NA,NA,NA,NA,NA,NA,NA,NA,NA,NA
CIV,80,Dikodougou,1,2011,DHS 2011-12,0.197255376414125,0.17583890000000002,0.1067409779169557,0.051590148100000004,0.45222820625,0.0631549832,0.4018692984999999,0.40063805815,0.5411308926397012,Low,Moderate (5-20%),19.7%,[5.2%–45.2%],54%,0.51175,-0.38860904776696,-1.20203784,0.4187393987499988,NA,NA,NA,NA,NA,NA,NA,NA,NA,NA,NA,NA,NA,NA
CIV,81,Korhogo,1,2011,DHS 2011-12,0.092018307425875,0.088593477,0.02705789578644014,0.048817304275,0.1532894045,0.054265645,0.1411564295,0.104472100225,0.2940490489703533,Medium,Moderate (5-20%),9.2%,[4.9%–15.3%],29%,0.009875,-0.4593339559544275,-0.9490578967499999,0.021492590949999897,NA,NA,NA,NA,NA,NA,NA,NA,NA,NA,NA,NA,NA,NA
CIV,82,M'bengue,1,2011,DHS 2011-12,0.42217430986375,0.422203385,0.02409169143437642,0.375789274,0.46963925175,0.3831184285,0.4625178895,0.09384997774999998,0.057065744815575414,High,High (20-50%),42.2%,[37.6%–47.0%],6%,1,0.6717383459745212,0.063789921475,1.2709900925,NA,NA,NA,NA,NA,NA,NA,NA,NA,NA,NA,NA,NA,NA
CIV,83,Sinematiali,1,2011,DHS 2011-12,0.157436749373475,0.136704945,0.09415914017913654,0.037059949674999995,0.39797877849999985,0.04584563095000001,0.33779994249999984,0.36091882882499987,0.5980759927643712,Low,Moderate (5-20%),15.7%,[3.7%–39.8%],60%,0.341375,-0.07569706847794963,-1.0848677975,0.898669607,NA,NA,NA,NA,NA,NA,NA,NA,NA,NA,NA,NA,NA,NA
CIV,84,Ferkessedougou,1,2011,DHS 2011-12,0.06071780680975,0.057212769499999996,0.021235988122811026,0.029018882300000003,0.10925974099999997,0.03228088355,0.09953830025,0.08024085869999996,0.3497489326212121,Low,Moderate (5-20%),6.1%,[2.9%–10.9%],35%,1.25e-4,-0.34529952242177464,-0.9583891059999999,0.25249711874999986,NA,NA,NA,NA,NA,NA,NA,NA,NA,NA,NA,NA,NA,NA
CIV,85,Kong,1,2011,DHS 2011-12,0.59143702986875,0.591817365,0.024195147171360454,0.54283960375,0.63786469875,0.5511169180000001,0.630471808,0.095025095,0.04090908406044473,High,Very high (≥50%),59.1%,[54.3%–63.8%],4%,1,0.7152125889033125,0.23451683775,1.2008514425,NA,NA,NA,NA,NA,NA,NA,NA,NA,NA,NA,NA,NA,NA
CIV,86,Ouangolodougou,1,2011,DHS 2011-12,0.163037728739125,0.149344815,0.07752953351990459,0.053200387324999994,0.3532318169999998,0.06399345570000001,0.31178868,0.3000314296749998,0.4755312412623142,Low,Moderate (5-20%),16.3%,[5.3%–35.3%],48%,0.37625,-0.4991638200011025,-1.2614515925,0.22993319774999968,NA,NA,NA,NA,NA,NA,NA,NA,NA,NA,NA,NA,NA,NA
CIV,87,Béoumi,1,2011,DHS 2011-12,0.177684208274625,0.164697065,0.0811119263453775,0.061081729325,0.37244598599999995,0.07210193375,0.33291453749999994,0.31136425667499995,0.45649485192298356,Low,Moderate (5-20%),17.8%,[6.1%–37.2%],46%,0.454625,0.19260404394621924,-0.47016246625,0.86732979625,NA,NA,NA,NA,NA,NA,NA,NA,NA,NA,NA,NA,NA,NA
CIV,88,Botro,1,2011,DHS 2011-12,0.203527667448125,0.178877375,0.11995014251650457,0.0427524451,0.5084934032499998,0.05587110995,0.44399035949999976,0.46574095814999983,0.5893554621858839,Low,High (20-50%),20.4%,[4.3%–50.8%],59%,0.5185,-0.9953899512068655,-1.79498265,-0.21713361725000083,NA,NA,NA,NA,NA,NA,NA,NA,NA,NA,NA,NA,NA,NA
CIV,89,Bouaké,1,2011,DHS 2011-12,0.10554818123075,0.098641508,0.04196546068410004,0.04340956065,0.20541269449999996,0.049915142350000004,0.18509084999999995,0.16200313384999998,0.39759529908293656,Low,Moderate (5-20%),10.6%,[4.3%–20.5%],40%,0.07175,-0.8619255365600625,-1.545275515,-0.19538327900000013,NA,NA,NA,NA,NA,NA,NA,NA,NA,NA,NA,NA,NA,NA
CIV,90,Diabo,1,2011,DHS 2011-12,0.44819977905,0.44830609,0.02445127545438432,0.40003120249999996,0.496183742,0.408110245,0.4886454535,0.09615253950000002,0.054554412111070226,High,High (20-50%),44.8%,[40.0%–49.6%],5%,1,0.6277242370544438,-0.08826959944999997,1.3698519699999998,NA,NA,NA,NA,NA,NA,NA,NA,NA,NA,NA,NA,NA,NA
CIV,91,Sakassou,1,2011,DHS 2011-12,0.2762700565125,0.265387655,0.09909003551967048,0.11729685050000001,0.4966360105,0.134561968,0.4581884194999997,0.37933916,0.3586709206583418,Low,High (20-50%),27.6%,[11.7%–49.7%],36%,0.8575,-0.374163249543162,-1.02325581,0.2714398144999997,NA,NA,NA,NA,NA,NA,NA,NA,NA,NA,NA,NA,NA,NA
CIV,92,Dabakala,1,2011,DHS 2011-12,0.20260865383925,0.189821995,0.08674796218627856,0.07180527425000001,0.4056322834999999,0.08523652985,0.36434619249999994,0.3338270092499999,0.42815526653222086,Low,High (20-50%),20.3%,[7.2%–40.6%],43%,0.57475,0.03389980181165862,-0.60833294375,0.6659841084999999,NA,NA,NA,NA,NA,NA,NA,NA,NA,NA,NA,NA,NA,NA
CIV,93,Katiola,1,2011,DHS 2011-12,0.183504794236875,0.18112399,0.03411748148258892,0.12371643125000001,0.2568556427499999,0.131145171,0.24334917449999996,0.13313921149999988,0.18592147210360493,Medium,Moderate (5-20%),18.4%,[12.4%–25.7%],19%,0.587625,0.26133776109576123,-0.18071346324999998,0.7016075542499999,NA,NA,NA,NA,NA,NA,NA,NA,NA,NA,NA,NA,NA,NA
CIV,94,Niakarmadougou,1,2011,DHS 2011-12,0.080468503359,0.075574367,0.030635504450140554,0.03553950885,0.15327183424999996,0.04002071465,0.13772914649999995,0.11773232539999996,0.38071423192083176,Low,Moderate (5-20%),8.0%,[3.6%–15.3%],38%,0.010125,-0.6853976665393375,-1.3634338275,-0.0199740610750004,NA,NA,NA,NA,NA,NA,NA,NA,NA,NA,NA,NA,NA,NA
CIV,95,Koro,1,2011,DHS 2011-12,0.31091406380125,0.310551315,0.0232765647139607,0.26751277175,0.35871606450000004,0.2734372815,0.35024059099999993,0.09120329275000005,0.07486494637579376,High,High (20-50%),31.1%,[26.8%–35.9%],7%,1,0.134652021564837,-0.39524822600000004,0.6528573387499997,NA,NA,NA,NA,NA,NA,NA,NA,NA,NA,NA,NA,NA,NA
CIV,96,Ouaninou,1,2011,DHS 2011-12,0.287270014387,0.26772432,0.13727564330038286,0.08126466190000001,0.6045681537499997,0.09834812215000002,0.5434932269999998,0.5233034918499997,0.4778627647348183,Low,High (20-50%),28.7%,[8.1%–60.5%],48%,0.77525,-0.1745627076638725,-0.9343461744999999,0.5827119537499998,NA,NA,NA,NA,NA,NA,NA,NA,NA,NA,NA,NA,NA,NA
CIV,97,Touba,1,2011,DHS 2011-12,0.27455561999375,0.270285165,0.06480550528334343,0.1615298305,0.41179928824999995,0.17635128800000002,0.3870149585,0.25026945775,0.2360378027767877,Medium,High (20-50%),27.5%,[16.2%–41.2%],24%,0.948,0.14466949642554713,-0.3807153505,0.6718890109999999,NA,NA,NA,NA,NA,NA,NA,NA,NA,NA,NA,NA,NA,NA
CIV,98,Dianra,1,2011,DHS 2011-12,0.29854100151875,0.298075125,0.021045930080253156,0.25898373799999996,0.341002441,0.26476438500000005,0.3340795569999999,0.08201870300000003,0.07049594519073574,High,High (20-50%),29.9%,[25.9%–34.1%],7%,1,0.15521946171960013,-0.21465435224999999,0.52347007625,NA,NA,NA,NA,NA,NA,NA,NA,NA,NA,NA,NA,NA,NA
CIV,99,Kounahiri,1,2011,DHS 2011-12,0.135585874424375,0.13528468999999999,0.011609183777396349,0.11394941875,0.1595552805,0.117233293,0.155396612,0.045605861750000004,0.08562236904605826,High,Moderate (5-20%),13.6%,[11.4%–16.0%],9%,0.023625,-0.163540512331415,-0.7777122745,0.4467799139999995,NA,NA,NA,NA,NA,NA,NA,NA,NA,NA,NA,NA,NA,NA
CIV,100,Mankono,1,2011,DHS 2011-12,0.121835803426875,0.11697134000000001,0.03695540767683505,0.06349787309999999,0.2060899335,0.0693810199,0.18921807849999994,0.1425920604,0.3033214099418274,Medium,Moderate (5-20%),12.2%,[6.3%–20.6%],30%,0.101,-0.4950354233030175,-1.0062640925,0.01136741347499962,NA,NA,NA,NA,NA,NA,NA,NA,NA,NA,NA,NA,NA,NA
CIV,101,Kani,1,2011,DHS 2011-12,0.131034081815125,0.130379875,0.013915802481840378,0.10552426575,0.15998373550000003,0.109324752,0.1547529245,0.05445946975000003,0.10619987020990523,High,Moderate (5-20%),13.1%,[10.6%–16.0%],11%,0.02,-0.718506427214975,-1.1975850975000002,-0.23766608525000005,NA,NA,NA,NA,NA,NA,NA,NA,NA,NA,NA,NA,NA,NA
CIV,102,Séguéla,1,2011,DHS 2011-12,0.18933329662125,0.188552015,0.01952704608126722,0.15367846525,0.22853967175,0.158276426,0.22240454499999995,0.0748612065,0.10313582676548391,High,Moderate (5-20%),18.9%,[15.4%–22.9%],10%,0.734625,-0.1939775672025348,-0.64042023675,0.2564676884999999,NA,NA,NA,NA,NA,NA,NA,NA,NA,NA,NA,NA,NA,NA
CIV,103,Attiégoukaro,1,2011,DHS 2011-12,0.1610800200175,0.16071217999999998,0.013276815754125745,0.13607380925,0.18807775399999999,0.1398517125,0.18370607,0.052003944749999975,0.08242372798738994,High,Moderate (5-20%),16.1%,[13.6%–18.8%],8%,0.273125,0.022260219165427874,-0.5138968322499999,0.5562900254999998,NA,NA,NA,NA,NA,NA,NA,NA,NA,NA,NA,NA,NA,NA
CIV,104,Yamoussoukro,1,2011,DHS 2011-12,0.0565232884892,0.0515359215,0.026519103020387628,0.021239389450000003,0.1230142625,0.0237859633,0.10594962599999984,0.10177487304999999,0.46917126956360083,Low,Moderate (5-20%),5.7%,[2.1%–12.3%],47%,0.00325,-0.49200741926539615,-1.147898825,0.16541486749999942,NA,NA,NA,NA,NA,NA,NA,NA,NA,NA,NA,NA,NA,NA
CIV,105,Bouna,1,2011,DHS 2011-12,0.26508109017125,0.261794685,0.05260404860886535,0.17043899775000002,0.3758340352499999,0.18514916,0.356310511,0.2053950374999999,0.19844511947224008,Medium,High (20-50%),26.5%,[17.0%–37.6%],20%,0.9625,0.6239526293450607,0.10542739700000003,1.1443507075,NA,NA,NA,NA,NA,NA,NA,NA,NA,NA,NA,NA,NA,NA
CIV,106,Doropo,1,2011,DHS 2011-12,0.203934240779375,0.180382325,0.11586237717361947,0.04820232795,0.487663584,0.06014216210000001,0.42414521499999974,0.43946125604999997,0.5681359674119878,Low,High (20-50%),20.4%,[4.8%–48.8%],57%,0.52775,0.24586562320218663,-0.7282222030000001,1.2298577874999999,NA,NA,NA,NA,NA,NA,NA,NA,NA,NA,NA,NA,NA,NA
CIV,107,Nassian,1,2011,DHS 2011-12,0.16812126977375,0.167620725,0.013533172939660927,0.14294415700000002,0.19639047925,0.1469679125,0.1914025355,0.053446322249999983,0.08049649492817453,High,Moderate (5-20%),16.8%,[14.3%–19.6%],8%,0.39575,0.30134165104531124,0.01747297595000001,0.5932412407499998,NA,NA,NA,NA,NA,NA,NA,NA,NA,NA,NA,NA,NA,NA
CIV,108,Tehini,1,2011,DHS 2011-12,0.219814884995625,0.19602555,0.12180655476161327,0.05434138565,0.5227316187499998,0.06760608254999999,0.45556306749999964,0.46839023309999983,0.5541324226702737,Low,High (20-50%),22.0%,[5.4%–52.3%],55%,0.581375,0.09471823745543,-0.9640325215000001,1.1864766374999998,NA,NA,NA,NA,NA,NA,NA,NA,NA,NA,NA,NA,NA,NA
CIV,109,Bondoukou,1,2011,DHS 2011-12,0.199511975918,0.188581685,0.0776901525151618,0.080696642425,0.38025626125,0.09317628585,0.3442724169999997,0.299559618825,0.389400947776151,Low,Moderate (5-20%),20.0%,[8.1%–38.0%],39%,0.57875,0.0769858827240475,-0.565756073,0.72347180075,NA,NA,NA,NA,NA,NA,NA,NA,NA,NA,NA,NA,NA,NA
CIV,110,Koun-Fao,1,2011,DHS 2011-12,0.256815367400625,0.24844887999999998,0.08220742973807156,0.12290070225000001,0.4417727165,0.1368635195,0.405079589,0.31887201425,0.32010323435914256,Medium,High (20-50%),25.7%,[12.3%–44.2%],32%,0.846,-0.06889844738206675,-0.69146213675,0.55758499975,NA,NA,NA,NA,NA,NA,NA,NA,NA,NA,NA,NA,NA,NA
CIV,111,Sandégué,1,2011,DHS 2011-12,0.3189741195125,0.313186715,0.07748614723325754,0.18489443075,0.4861374817499998,0.20222024800000002,0.4562329865,0.3012430509999998,0.24292299121848038,Medium,High (20-50%),31.9%,[18.5%–48.6%],24%,0.9845,0.3365840850035046,-0.434876097,1.103232464999998,NA,NA,NA,NA,NA,NA,NA,NA,NA,NA,NA,NA,NA,NA
CIV,112,Tanda,1,2011,DHS 2011-12,0.183557572077,0.17757673,0.05176210091576633,0.09959337437499999,0.29952355574999995,0.10958832099999999,0.2781434974999999,0.19993018137499996,0.2819938198684215,Medium,Moderate (5-20%),18.4%,[10.0%–30.0%],28%,0.53375,0.19840073643251238,-0.32051172549999996,0.7302416157499999,NA,NA,NA,NA,NA,NA,NA,NA,NA,NA,NA,NA,NA,NA
CIV,113,Transua,1,2011,DHS 2011-12,0.220718347995875,0.21432601,0.06103412248481985,0.1193912455,0.35497559499999987,0.13239140900000002,0.3287703589999999,0.23558434949999985,0.27652491530047385,Medium,High (20-50%),22.1%,[11.9%–35.5%],28%,0.761125,0.1296877922494705,-0.38389983525,0.6440246012499997,NA,NA,NA,NA,NA,NA,NA,NA,NA,NA,NA,NA,NA,NA
CIV,1,Abidjan,2,2021,DHS 2021,0.01935202084515,0.0186033925,0.005481905524440862,0.010841608649999999,0.031994242274999994,0.01179562705,0.029221948449999986,0.021152633624999993,0.2832730270551944,Medium,Low (1-5%),1.9%,[1.1%–3.2%],28%,0,0.5948643489995937,-0.26143466049999997,1.4708629275,NA,NA,NA,-0.8223655133753881,-1.5420662395699452,-0.1144315063049348,-0.0232011093831,-0.047937839324999995,-0.0031992523750000172,-0.5208259023659029,-0.7755202053159236,-0.1055843572552297,0.98825,0.94825
CIV,2,Fresco,2,2021,DHS 2021,0.30547086496375,0.304525665,0.032593469243323965,0.24431055349999997,0.37242129574999994,0.25383805249999997,0.36089874549999995,0.12811074224999996,0.10669910941323917,High,High (20-50%),30.5%,[24.4%–37.2%],11%,0.403625,0.429163308574635,0.06992074352500001,0.79035990675,NA,NA,NA,-0.4480494982908348,-0.9127403295423531,0.02259864304109906,-0.1018877809125,-0.20901330474999996,0.005133626249999963,-0.24127096012675378,-0.4414575585744931,0.014697801017221599,0.969,0.669
CIV,3,Sassandra,2,2021,DHS 2021,0.48870499836,0.48823777,0.05922703069935965,0.37447191325,0.60535343775,0.39201201850000006,0.5863292334999999,0.23088152449999993,0.12119178420133654,High,High (20-50%),48.9%,[37.4%–60.5%],12%,0.99825,0.08898358698961854,-0.29814294,0.47293042249999995,NA,NA,NA,1.49673528927908,0.961965963936878,2.0325883458000304,0.3118087319175,0.19099196125,0.4335637205000001,1.7919484535480175,0.9904977197494327,2.7523713722796517,0,0
CIV,4,Buyo,2,2021,DHS 2021,0.46420700819375,0.462842475,0.06567966398141337,0.33857644649999996,0.5942295345,0.3580651095,0.5751290524999999,0.2556530880000001,0.1414878767922437,High,High (20-50%),46.4%,[33.9%–59.4%],14%,0.9905,0.83879834506875,0.47544444825000004,1.2069131149999999,NA,NA,NA,0.4701634413041344,-0.09422217916098234,1.0432334354835677,0.11312086283125,-0.02173782199999998,0.25367837875000004,0.3290258562313731,-0.05809622837075313,0.7739584215239438,0.050875,0.001875
CIV,5,Guéyo,2,2021,DHS 2021,0.373178644791625,0.36818589,0.103677199487438,0.1884679645,0.5887989327499996,0.21197575949999997,0.5521710300000001,0.4003309682499996,0.277821898263576,Medium,High (20-50%),37.3%,[18.8%–58.9%],28%,0.69775,0.0703243935730575,-0.77282779925,0.9093306409999998,NA,NA,NA,0.6344508447498082,-1.0230696621292543,2.215703275600987,0.117274380700375,-0.22562955174999993,0.40902625324999997,0.9191509297364894,-0.4780454404901673,4.351936258979985,0.220375,0.115125
CIV,6,Méagui,2,2021,DHS 2021,0.301422219208,0.29451376500000004,0.08295278827011122,0.15745806925,0.47951813175,0.176998531,0.4483293254999999,0.3220600625,0.2752046232294132,Medium,High (20-50%),30.1%,[15.7%–48.0%],28%,0.414875,-0.48377670006708123,-1.2753658749999999,0.2880760592499992,NA,NA,NA,0.8902501296611984,-0.5503570750403018,2.3092900616244476,0.13853023091225,-0.10573094975000003,0.3566971120249999,1.412275325652655,-0.3262007533867358,5.609001086813903,0.106,0.050125
CIV,7,Oupoyo,2,2021,DHS 2021,0.55155443212625,0.551702535,0.024570926070029604,0.5024832415,0.5991577739999999,0.5107463785,0.590990651,0.09667453249999991,0.044548506255870965,High,Very high (≥50%),55.2%,[50.2%–59.9%],4%,1,0.14563912608859286,-0.18012456825,0.48659697225,NA,NA,NA,1.805072328513291,1.5315756257813493,2.079178556937929,0.3827776199025,0.3277367067500001,0.43782416050000006,2.290389004166155,1.728282209147753,2.940498881422328,0,0
CIV,8,Soubré,2,2021,DHS 2021,0.3638652117775,0.360398745,0.06460179167657482,0.24518101875,0.499602862,0.262086358,0.474171535,0.25442184324999995,0.17754319342866495,Medium,High (20-50%),36.4%,[24.5%–50.0%],18%,0.771125,-0.14151946322556713,-0.61372008375,0.3374881877499999,NA,NA,NA,1.1051113230239273,0.2677460029250687,1.9282245827405473,0.2012314008875,0.04949195525,0.35196703077499997,1.409682034196651,0.22006887217082366,3.3176179096252314,0.005,5e-4
CIV,9,San-Pedro,2,2021,DHS 2021,0.30175477253125,0.296860185,0.07116567964272147,0.17788687450000001,0.4534010924999998,0.19505893,0.42635177449999995,0.2755142179999998,0.23583945017920632,Medium,High (20-50%),30.2%,[17.8%–45.3%],24%,0.414375,-0.3112577018465387,-0.913488883,0.29625035724999993,NA,NA,NA,0.7122215981132309,-0.29011112062147715,1.7120697191828738,0.12301502434375,-0.05488922424999999,0.29960068249999994,0.8689619373747365,-0.19491505817390406,2.791556968523939,0.08025,0.02325
CIV,10,Tabou,2,2021,DHS 2021,0.39616460681375,0.39598064499999996,0.03639929691856694,0.32602881775000003,0.4687972142499999,0.336541594,0.45734554899999996,0.1427683964999999,0.09187922467712883,High,High (20-50%),39.6%,[32.6%–46.9%],9%,0.9775,0.20711508850337776,-0.42113203925,0.8359698807499997,NA,NA,NA,0.12708257521146732,-0.4933342795365954,0.7535115740403961,0.028205618705,-0.11940125674999999,0.16858770074999999,0.11008923719296664,-0.25020333317651083,0.6393848466653288,0.34325,0.05275
CIV,11,Abengourou,2,2021,DHS 2021,0.168737234195375,0.165085445,0.037627962649639225,0.10505421625,0.25193118825,0.113048419,0.23761269299999999,0.146876972,0.22299738898215618,Medium,Moderate (5-20%),16.9%,[10.5%–25.2%],22%,6.25e-4,-0.12197765326084326,-0.5606715312499999,0.3153956222499999,NA,NA,NA,-0.06313647204178527,-0.727522404320449,0.5978846789958234,-0.00765703465275,-0.10077941500000001,0.0905606807499999,-0.014389774239837923,-0.4548495830008399,0.6261401239991005,0.575375,0.2695
CIV,12,Agnibilékrou,2,2021,DHS 2021,0.30087703122875,0.29648578999999997,0.0703501734639597,0.1775873275,0.4510203909999999,0.1933534965,0.4245615935,0.2734330634999999,0.23381702875974625,Medium,High (20-50%),30.1%,[17.8%–45.1%],23%,0.412,0.16422138472209813,-0.32761626425000007,0.6514997267499997,NA,NA,NA,0.7998479908721046,0.09512515834479697,1.5182190653233918,0.14101224808625001,0.013577438999999983,0.294714544,0.9070859759752348,0.08076093856157113,2.0033454614408264,0.01275,0.002
CIV,13,Bettié,2,2021,DHS 2021,0.092098464002125,0.09177672449999999,0.008471148416046062,0.076874617825,0.10958526499999999,0.07895835094999999,0.10678684349999998,0.03271064717499998,0.09197925837124282,High,Moderate (5-20%),9.2%,[7.7%–11.0%],9%,0,0.042239616762246586,-0.395447764,0.48774136149999986,NA,NA,NA,-1.6233639708093133,-1.979576266668606,-1.269374372337036,-0.247470309381625,-0.31779557300000005,-0.180717487425,-0.7259793397245556,-0.791381085038697,-0.6450684053710066,1,1
CIV,14,Aboisso,2,2021,DHS 2021,0.12618818157275,0.12022413000000001,0.04134751585433459,0.06197001445,0.22014602099999991,0.06794063135,0.20183296399999998,0.15817600654999991,0.3276655177925432,Medium,Moderate (5-20%),12.6%,[6.2%–22.0%],33%,7.5e-4,-0.30836358936386965,-1.127553735,0.5140025069999996,NA,NA,NA,-0.1279120834076249,-1.6787855364731712,1.4097412095353175,-0.029135213441,-0.26889907125,0.12097454009999986,0.15540809918741624,-0.7407758414622483,2.620695214664637,0.560625,0.426
CIV,15,Adiake,2,2021,DHS 2021,0.1563506640958,0.135508135,0.09415343361901425,0.035669315075000006,0.398727033,0.044114766900000005,0.33948167149999947,0.363057717925,0.602194011541416,Low,Moderate (5-20%),15.6%,[3.6%–39.9%],60%,0.06825,-0.06233822980880663,-1.0878684674999999,0.9655768289999996,NA,NA,NA,-0.055822121918788985,-2.010048610430002,1.8854173016384825,-0.00665988754895,-0.2709830745749999,0.2575506127499999,0.3432732609444429,-0.8140055475638959,3.935293784357923,0.522,0.41325
CIV,16,Ayame,2,2021,DHS 2021,0.10169583820875,0.10138664,0.00908149272792463,0.084956439425,0.12045755274999997,0.08752034985,0.11722031449999996,0.03550111332499997,0.08930053469133263,High,Moderate (5-20%),10.2%,[8.5%–12.0%],9%,0,-0.17856741561057876,-0.6990073262500001,0.330663363,NA,NA,NA,-0.5641197160838997,-0.8364737374723819,-0.29647319262858607,-0.06418226294375,-0.09684944100000001,-0.033508589624999995,-0.38287232805383864,-0.5160150360750628,-0.2262896402431671,1,0.98675
CIV,17,Bonoua,2,2021,DHS 2021,0.158007859436875,0.153193835,0.04364547313973468,0.08711768725,0.2543789145,0.09560271995,0.23661896999999996,0.16726122724999998,0.27622343151336265,Medium,Moderate (5-20%),15.8%,[8.7%–25.4%],28%,0.00425,-0.277264798554725,-0.76575874125,0.21255711699999927,NA,NA,NA,0.6765263728821129,0.004894733888769653,1.3436615634939546,0.073479626463,4.2759469999998907e-4,0.17108562644999997,0.8835519708234009,0.0045055688292923906,2.128388493689392,0.023875,0.003875
CIV,18,Grand-Bassam,2,2021,DHS 2021,0.02026001295494,0.013731657500000001,0.021491725991834184,0.0021922889075000006,0.07895021304999979,0.0030325586650000007,0.058491429049999925,0.07675792414249978,1.060795273904001,Low,Low (1-5%),2.0%,[0.2%–7.9%],106%,0,-0.03802214111575687,-1.0662851775000002,0.98652373975,NA,NA,NA,-1.153334311398122,-3.150103400277067,0.8851369956918166,-0.033206129066935,-0.1393989462475,0.03208619259999999,-0.45497598291426333,-0.9534448856398942,1.3278557853680517,0.866875,0.81675
CIV,19,Mafere,2,2021,DHS 2021,0.143694914243,0.13535784,0.05292778852227591,0.0640157392,0.26877982874999995,0.07196026650000001,0.2415181535,0.20476408954999994,0.3683344591637436,Low,Moderate (5-20%),14.4%,[6.4%–26.9%],37%,0.0095,-0.23424136312183164,-1.1116323049999999,0.6412985557499996,NA,NA,NA,0.16646379226957114,-1.4323386319437734,1.7386649129225598,0.00581642442435,-0.22466361225,0.17179663217499994,0.5168541998547505,-0.6848145528408286,3.8297596748341842,0.41725,0.29875
CIV,20,Tiapoum,2,2021,DHS 2021,0.24827050691,0.22593572,0.1301934803224034,0.064045919975,0.5511655894999996,0.07782411980000001,0.4950723574999999,0.48711966952499963,0.5244017178794401,Low,High (20-50%),24.8%,[6.4%–55.1%],52%,0.27825,0.066721342845081,-0.7931923985,0.9628431489999987,NA,NA,NA,0.16914658215789014,-1.446521445088399,1.7259799007989371,0.043655942719375,-0.19616959004999998,0.34650546225,0.3280158739083441,-0.7050191160701582,2.378629671266736,0.415625,0.2905
CIV,21,Kaniasso,2,2021,DHS 2021,0.3898154275625,0.38792929,0.056533219306020004,0.2835871725,0.50463988375,0.30046833400000006,0.485097461,0.22105271125000003,0.14502560778448387,High,High (20-50%),39.0%,[28.4%–50.5%],15%,0.907625,0.042903624258458124,-0.7047013744999999,0.8147377682499993,NA,NA,NA,1.0254873160768792,-0.4452061375804766,2.4698604427690145,0.182952368302625,-0.10597815975,0.3814696213499999,1.580644932875649,-0.23253007500175638,6.240336127054497,0.07975,0.03
CIV,22,Minignan,2,2021,DHS 2021,0.32386668696112497,0.31520549,0.10250489629042213,0.14970241575,0.543692426,0.17059714750000002,0.5059278575,0.39399001025,0.3165033651723686,Medium,High (20-50%),32.4%,[15.0%–54.4%],32%,0.510375,-0.98889544923325,-1.59497329,-0.4035332945,NA,NA,NA,2.201616893986828,1.169749801084631,3.2564467716511043,0.274312119803875,0.09988981274999999,0.49544709527499997,5.847271985353889,1.8469177088951125,12.184686790132917,0,0
CIV,23,Gbeleban,2,2021,DHS 2021,0.2372107712365,0.21437586,0.12780413594080492,0.05602449905000001,0.546449047,0.07276325685,0.48077653399999976,0.49042454794999996,0.5387788053409418,Low,High (20-50%),23.7%,[5.6%–54.6%],54%,0.248,-0.13469317978220374,-1.2430032249999998,0.9432182042499995,NA,NA,NA,0.4488002950185012,-1.436008386669808,2.3407303834586397,0.066262802345175,-0.23757735564999996,0.38206424067499967,0.9371434837479208,-0.6854973377527748,5.618180765654546,0.320125,0.22075
CIV,24,Madinani,2,2021,DHS 2021,0.38659503265375,0.38330164,0.072103189776974,0.25341959025,0.53439817225,0.27211820800000003,0.5096699069999999,0.280978582,0.18650831926635877,Medium,High (20-50%),38.7%,[25.3%–53.4%],19%,0.83975,0.02217342296624175,-0.7730817409999999,0.81076453775,NA,NA,NA,0.9316679411625269,-0.6064591234427277,2.5036512808662272,0.1669347787995,-0.14343885025,0.40192723392499996,1.431031031111274,-0.29253333633802436,6.266343019524044,0.1105,0.045875
CIV,25,Odienné,2,2021,DHS 2021,0.228270207015,0.226355715,0.041433986988558026,0.15456831149999997,0.31345538199999995,0.164592822,0.299534156,0.15888707049999998,0.18151289881572383,Medium,High (20-50%),22.8%,[15.5%–31.3%],18%,0.036375,-0.7493600600691875,-1.2701722725,-0.2387012752500002,NA,NA,NA,1.1669004864748804,0.2820088898405934,2.0495748129142557,0.1402842735865,0.03876390350000001,0.2422851754249998,1.9406459091440518,0.26144638186079205,4.927853245574604,0.00575,5e-4
CIV,26,Samatiguila,2,2021,DHS 2021,0.28744409276525,0.266519815,0.13680154832988425,0.07864028390000001,0.6056961392499999,0.100439537,0.5464225354999999,0.5270558553499999,0.47592402061157474,Low,High (20-50%),28.7%,[7.9%–60.6%],48%,0.376625,-0.15028693061655662,-1.1973719425,0.8514916354999996,NA,NA,NA,0.5216340296580203,-1.3948245570392,2.4389207190816733,0.087453591934,-0.24044579249999998,0.43897363887499974,0.9515651770722499,-0.655899154549644,5.451856781951252,0.29125,0.199125
CIV,27,Seguelon,2,2021,DHS 2021,0.31195762880075,0.29459188000000003,0.14116723241496934,0.09105932215000001,0.6193022559999999,0.1110204275,0.5696367984999999,0.5282429338499999,0.4525205328609997,Low,High (20-50%),31.2%,[9.1%–61.9%],45%,0.45,-0.4781283602768181,-1.2266466425,0.2342786549999999,NA,NA,NA,1.24535384274769,-0.17922048200416865,2.6243924359534003,0.20502026983775,-0.016526375175,0.5123429125,1.9383671733545087,-0.14842483440789017,4.987978099505538,0.045875,0.0215
CIV,28,Gagnoa,2,2021,DHS 2021,0.204813196847625,0.201872135,0.04088973514627436,0.13270283175,0.29165315875000003,0.14218624400000002,0.2760209345,0.15895032700000003,0.19964404528432372,Medium,High (20-50%),20.5%,[13.3%–29.2%],20%,0.01425,-0.17023461942999563,-0.63364383475,0.29273484175000003,NA,NA,NA,0.11077706664865528,-0.6635634606871985,0.8859059434000122,0.01592006106025,-0.11035680949999999,0.1343218175,0.15291549412960992,-0.40941989424856434,1.0422442149840792,0.3885,0.1655
CIV,29,Oumé,2,2021,DHS 2021,0.271371332936625,0.26316146500000004,0.08033160159695155,0.13766388400000001,0.44921343925,0.1533307625,0.41489164799999995,0.31154955525,0.2960209567003596,Medium,High (20-50%),27.1%,[13.8%–44.9%],30%,0.28825,0.08822518133969875,-0.5770751625,0.7620745959999995,NA,NA,NA,0.02553310456137632,-1.3105234591878567,1.3232882241296429,3.5825634087500037e-4,-0.2691451555,0.2412691859999999,0.16495969991260528,-0.6007849473653926,1.764855072877224,0.48225,0.30575
CIV,30,Divo,2,2021,DHS 2021,0.205840456995375,0.20060327,0.05234396153888284,0.11925373525,0.32127367325,0.1287985765,0.29910396699999997,0.202019938,0.25429384632613283,Medium,High (20-50%),20.6%,[11.9%–32.1%],25%,0.039875,-0.20680744144769336,-0.985201072,0.5910460569999999,NA,NA,NA,0.0031118443172862952,-1.5192075058613062,1.487723662015581,-0.01644755702075,-0.3087682575,0.18325154349999992,0.25928696687089114,-0.6558626053459752,2.584772635393288,0.491625,0.34725
CIV,31,Guitry,2,2021,DHS 2021,0.2360179209955,0.22409344,0.0841689256847809,0.101701306,0.4293128167499998,0.116980032,0.3895326094999999,0.32761151074999983,0.35662090967399757,Low,High (20-50%),23.6%,[10.2%–42.9%],36%,0.177125,0.3518755804274338,-0.1700861745,0.8970078047499999,NA,NA,NA,-1.206061240458678,-2.1785467180466833,-0.23744806358963186,-0.2573029607795,-0.4030177131750001,-0.05874128575000004,-0.5203055820237232,-0.7951349746256163,-0.12242430828594512,0.992875,0.95025
CIV,32,Lakota,2,2021,DHS 2021,0.34985284262875,0.34886501999999997,0.04474024047216822,0.267147626,0.441773686,0.277638931,0.4255948385,0.17462605999999997,0.12788302686351127,High,High (20-50%),35.0%,[26.7%–44.2%],13%,0.7715,0.06631183670815584,-0.32671845425,0.4672837074999998,NA,NA,NA,0.9780760558099669,0.5557649231756945,1.4158948414809818,0.1819382172175,0.09584851699999998,0.2779060525,1.097347757719361,0.5383430469058151,1.7788375936206784,0,0
CIV,33,Didievi,2,2021,DHS 2021,0.446183955885,0.445886185,0.024448224950254074,0.39890442475,0.49467308449999997,0.4068896795,0.48708005949999994,0.09576865974999998,0.05479404767426328,High,High (20-50%),44.6%,[39.9%–49.5%],5%,1,0.268904456542711,-0.44414404825,0.972047758,NA,NA,NA,1.0073375615523315,-0.39820011435630553,2.4161536352730075,0.198028120941625,-0.09897748424999997,0.38679224322499994,1.392291389739576,-0.18186877638006807,5.6064601265326575,0.078,0.02125
CIV,34,Djekanou,2,2021,DHS 2021,0.24357868529624999,0.24297658,0.023653094835409696,0.1993893755,0.29171634925,0.20608782350000002,0.2834129165,0.09232697375000001,0.09710658716562934,High,High (20-50%),24.4%,[19.9%–29.2%],10%,0.0135,-0.2386554170129675,-0.9575592405,0.47408067074999954,NA,NA,NA,0.04411306708017953,-1.3723813785778531,1.4534896510924575,-0.012167285484375,-0.31260439125,0.17977994237499992,0.26252454515687534,-0.5698168839857081,2.4265726399499226,0.479375,0.315125
CIV,35,Tiebissou,2,2021,DHS 2021,0.242120782994125,0.238107095,0.05606773641896586,0.14515199475,0.36223117474999994,0.15772630750000002,0.3399999224999999,0.21707917999999993,0.23156928424573256,Medium,High (20-50%),24.2%,[14.5%–36.2%],23%,0.11625,-0.11869677462881162,-0.5383692145000001,0.28502077424999983,NA,NA,NA,-0.29075895917258404,-0.9379268990232458,0.3300176102408131,-0.052591104344625,-0.15932798275,0.07224281499999995,-0.17462874178671947,-0.5174487411987186,0.2527187690350232,0.81425,0.477875
CIV,36,Toumodi,2,2021,DHS 2021,0.21843000354725,0.21541568500000002,0.04233145772917819,0.14374610775,0.3097396885,0.1547084735,0.29341872449999984,0.16599358075,0.19379873205020207,Medium,High (20-50%),21.8%,[14.4%–31.0%],19%,0.0275,-0.5516828315879737,-1.04955344,-0.03504331802500024,NA,NA,NA,0.5109229974455992,-0.41100272207776717,1.4287688701988444,0.06980783664475,-0.065344432,0.19299555877499996,0.6558376537983314,-0.2746796257978265,2.3774203873360014,0.139125,0.044875
CIV,37,Daoukro,2,2021,DHS 2021,0.263224108947625,0.25157554,0.10068348850189701,0.104270687,0.49207790249999994,0.120454061,0.4494231049999998,0.38780721549999997,0.3825010136967754,Low,High (20-50%),26.3%,[10.4%–49.2%],38%,0.28775,0.14442930292673106,-0.59420393825,0.8756622855,NA,NA,NA,-0.22946938556084118,-1.6933369769385411,1.211890266066344,-0.043035420286750004,-0.32424336875000004,0.24207718574999992,-0.026578775553428084,-0.7064192547924492,1.3891397287515361,0.618125,0.453625
CIV,38,M'Bahiakro,2,2021,DHS 2021,0.37263190804375,0.36856749,0.07838431625887686,0.22934064699999998,0.53397266525,0.2488037045,0.5096113559999998,0.30463201824999997,0.21035320531293283,Medium,High (20-50%),37.3%,[22.9%–53.4%],21%,0.760125,0.6607614540487422,0.04024844847500001,1.2974952499999999,NA,NA,NA,-0.3710873225917447,-1.5644406207884096,0.8262407277327168,-0.08865139598999999,-0.36637537775,0.18392369274999992,-0.12771220683864212,-0.5729885904739853,0.7046460480641722,0.72625,0.481625
CIV,39,Prikro,2,2021,DHS 2021,0.411166533652,0.40412057,0.12520259186547011,0.187282731,0.6637422812499999,0.21717805950000002,0.6289472854999999,0.47645955024999986,0.3045057941691289,Medium,High (20-50%),41.1%,[18.7%–66.4%],30%,0.7655,0.26183410212421815,-0.6118671892499999,1.1544046925,NA,NA,NA,0.9577973264731756,-0.6625676853076297,2.6469184430821757,0.1836935803795,-0.14382731025,0.49735260255,1.3933634767889453,-0.3516517865796311,5.973226425592713,0.132875,0.06525
CIV,40,Arrah,2,2021,DHS 2021,0.24750722676925,0.235213075,0.09380208051099997,0.0989690121,0.4555481219999999,0.11483371900000001,0.4178010089999998,0.35657910989999986,0.3789872390209086,Low,High (20-50%),24.8%,[9.9%–45.6%],38%,0.23125,-0.12451846715910425,-1.0166826225,0.73967346275,NA,NA,NA,0.14436882697452277,-1.5370222696482472,1.8278243801025398,0.015850374746125,-0.303566781,0.2877400247499999,0.4148293435718511,-0.6629786355905435,3.4064600308022768,0.428125,0.30275
CIV,41,Bongouanou,2,2021,DHS 2021,0.38287043147375,0.38001794,0.05969173553594862,0.273219353,0.504887208,0.28887146650000006,0.485935162,0.23166785499999998,0.15590583818703993,High,High (20-50%),38.3%,[27.3%–50.5%],16%,0.86575,0.22044356075113175,-0.27931636175,0.7246238607499997,NA,NA,NA,1.1141430321229997,0.1703831791167417,2.0482725406166864,0.207267718413625,0.035441434,0.36713066405,1.44235714074128,0.12490597236742149,3.7998843282112604,0.01125,0.001375
CIV,42,M’Batto,2,2021,DHS 2021,0.40191740935375,0.39907041499999996,0.07551668004832644,0.25989333575,0.5533390205,0.2815008825,0.5299487329999999,0.29344568474999994,0.18789104002673343,Medium,High (20-50%),40.2%,[26.0%–55.3%],19%,0.87375,0.280793541708121,-0.46254989075,1.0568617349999998,NA,NA,NA,0.9573888905241129,-0.5725882398471985,2.481281948343953,0.177086015625875,-0.13625285175,0.41909654334999996,1.4247326830865057,-0.28552172756728683,5.907613122966019,0.10625,0.04375
CIV,43,Bocanda,2,2021,DHS 2021,0.3866368024575,0.3844128,0.07254534047754276,0.251881452,0.5385180430000001,0.273009121,0.5090926425,0.28663659100000005,0.1876317515984969,Medium,High (20-50%),38.7%,[25.2%–53.9%],19%,0.8375,0.1949975621740125,-0.54693197775,0.9432622569999998,NA,NA,NA,0.8163219572156094,-0.625450007904811,2.3043100014220883,0.150493890338875,-0.14923083,0.38493265539999993,1.1610592864006664,-0.30432852473168764,4.932870329406975,0.131625,0.054375
CIV,44,Dimbokro,2,2021,DHS 2021,0.113923451624625,0.11152553000000001,0.02690891633276909,0.06922637675,0.17352658624999995,0.07452425115,0.162036411,0.10430020949999995,0.2362017297494928,Medium,Moderate (5-20%),11.4%,[6.9%–17.4%],24%,0,-0.6535745842455087,-1.415894785,0.07676809324999989,NA,NA,NA,-0.7802464399947819,-2.2795979922352703,0.6841446544907681,-0.121953283131125,-0.41571540525,0.05822055682499997,-0.35218587067282425,-0.8160897285606848,0.8645972005144982,0.85275,0.75425
CIV,45,Kouassi-Kouassikro,2,2021,DHS 2021,0.50937370264125,0.509268565,0.02458670221345193,0.4610308045,0.5568334912499999,0.46912890700000004,0.5502182885,0.09580268674999992,0.04826849538160837,High,Very high (≥50%),50.9%,[46.1%–55.7%],5%,1,0.019401391512465775,-0.32353070175,0.3585157922499997,NA,NA,NA,1.8124242504656922,1.541994193395648,2.0812209097043395,0.364015978515,0.3102101415,0.41630821374999993,2.528427836960129,1.911738403878022,3.233244811449523,0,0
CIV,46,Agboville,2,2021,DHS 2021,0.276251638295875,0.27185074,0.066121039431897,0.1596689825,0.41860193224999986,0.175800156,0.3921463835,0.25893294974999986,0.23935075947343012,Medium,High (20-50%),27.6%,[16.0%–41.9%],24%,0.283625,-0.4265541912833125,-0.9612759059999999,0.11322354199999962,NA,NA,NA,1.2366315610355505,0.2567321524270715,2.21558713854689,0.173663148116875,0.03691983824999998,0.3279993923749999,2.014139733988654,0.23675345673566847,5.156724032391488,0.007125,0.001375
CIV,47,Sikensi,2,2021,DHS 2021,0.161413870865,0.15410094000000002,0.053889349020658235,0.076995959675,0.28391240074999985,0.08569887055,0.26006155649999985,0.20691644107499985,0.3338582287375358,Low,Moderate (5-20%),16.1%,[7.7%–28.4%],33%,0.0115,-0.3990975629182901,-1.2024107124999999,0.3689485797499984,NA,NA,NA,-0.2122300590827744,-1.7556385671455073,1.3552603116185988,-0.043783985631875,-0.3223114185000001,0.15493475179999994,0.06930871580613816,-0.7377262645108839,2.23234738252534,0.601375,0.464375
CIV,48,Taabo,2,2021,DHS 2021,0.62079489878625,0.62107806,0.025328998430701417,0.57092906175,0.6688315487500001,0.5786797125,0.6615736594999999,0.09790248700000004,0.04080091263672354,High,Very high (≥50%),62.1%,[57.1%–66.9%],4%,1,0.85032450757125,0.544799341,1.1584401599999994,NA,NA,NA,1.3495388885866775,1.0636911935827835,1.6307950527099393,0.32205061661,0.25653430099999996,0.38429558375,1.087729923630476,0.7834426622891457,1.4303395489316784,0,0
CIV,49,Tiassalé,2,2021,DHS 2021,0.283366677651625,0.27512223,0.08426429514423783,0.14248950225,0.46489131024999997,0.1587648455,0.43250916999999983,0.32240180799999996,0.29736839858013775,Medium,High (20-50%),28.3%,[14.2%–46.5%],30%,0.34375,-0.09498794784203775,-0.9061756289999999,0.6872274622499999,NA,NA,NA,0.30673442333748546,-1.2533003296820777,1.8945197438689714,0.044038261257,-0.262997776,0.3037698377499999,0.5604750135089961,-0.5746603996139682,3.525499070217019,0.345,0.225
CIV,50,Dabou,2,2021,DHS 2021,0.1521061879945,0.141378175,0.06507683706634233,0.05595248565,0.3062514215,0.06599423874999999,0.27326144849999995,0.25029893585,0.42783819596277994,Low,Moderate (5-20%),15.2%,[5.6%–30.6%],43%,0.022,-0.43513662859499774,-1.31641798,0.4091310774999998,NA,NA,NA,-0.3173530860873937,-2.0624500448223793,1.3322252086971762,-0.053827278610875,-0.3507366598250001,0.16660658392499975,0.00541038484417973,-0.8014287918601178,2.19072944655978,0.6455,0.521
CIV,51,Grand-Lahou,2,2021,DHS 2021,0.3093381400475,0.306215445,0.06365388917973307,0.19526016999999998,0.43939511724999997,0.2095792565,0.417390199,0.24413494724999998,0.2057744614678254,Medium,High (20-50%),30.9%,[19.5%–43.9%],21%,0.45875,-0.1698185351864425,-0.66748179325,0.3319358602499995,NA,NA,NA,0.5616934017458466,-0.06162755917437807,1.1794566596617333,0.10821486834375,-0.010164828999999998,0.2416398025,0.5472025158899821,-0.04778728138112795,1.27514802923975,0.041625,0.003875
CIV,52,Jacqueville,2,2021,DHS 2021,0.27089243822,0.26829447500000003,0.05489817597293093,0.17285946500000002,0.38640607275,0.1861206595,0.3658173675,0.21354660774999998,0.2026567309654707,Medium,High (20-50%),27.1%,[17.3%–38.6%],20%,0.228625,-0.12650152551888338,-0.91049617,0.6374550699999997,NA,NA,NA,0.3821737233625632,-1.148039722476333,1.848501200991025,0.049201907885,-0.25014745975,0.254339370775,0.6714359042013403,-0.5277617660473223,3.7322732567309997,0.306,0.181375
CIV,53,Adzope,2,2021,DHS 2021,0.190319746240875,0.177082875,0.08034645974197775,0.07033036465,0.3799268899999999,0.0819067921,0.33959935750000003,0.30959652534999993,0.4221656519039732,Low,Moderate (5-20%),19.0%,[7.0%–38.0%],42%,0.082375,-0.176892131418845,-1.0834498275,0.7068993904999998,NA,NA,NA,0.10067720616360706,-1.617212939809465,1.7671415517114688,0.005955001143125,-0.2763921925,0.24607217152499994,0.41516405815678353,-0.7152744721517715,3.44405610745487,0.44775,0.32775
CIV,54,Akoupe,2,2021,DHS 2021,0.4116019926375,0.41078997,0.06163959560111906,0.29653252925,0.5367690825,0.31287145349999995,0.5164567800000001,0.24023655324999998,0.14975533817545283,High,High (20-50%),41.2%,[29.7%–53.7%],15%,0.938875,0.681619066446325,0.3103037945,1.0537956025,NA,NA,NA,0.35879260126448326,-0.2504206956999568,0.9885546876619467,0.08328511833875,-0.05600532899999997,0.2284148399999999,0.27387426868911,-0.1519978059621352,0.8251362234987665,0.131,0.012875
CIV,55,Alépé,2,2021,DHS 2021,0.27461139091375,0.2741128,0.01987355813080054,0.23736015900000001,0.314150018,0.24271622199999998,0.30841069249999997,0.07678985899999996,0.07236975154116033,High,High (20-50%),27.5%,[23.7%–31.4%],7%,0.085125,-0.3009423098909411,-0.74051785275,0.13968423874999958,NA,NA,NA,1.229995287813289,0.5525953617945236,1.8767519877622676,0.171476171427125,0.09240491575000001,0.23521982782499998,1.8929122962251235,0.5471983793065153,3.96548325034714,0,0
CIV,56,Yakasse-Attobrou,2,2021,DHS 2021,0.231659622758375,0.22505169,0.0691844562573965,0.117016855,0.3856576144999999,0.131861092,0.35397706349999974,0.2686407594999999,0.2986470211494607,Medium,High (20-50%),23.2%,[11.7%–38.6%],30%,0.13175,-0.0982247411442425,-0.89105868875,0.6858307987499996,NA,NA,NA,0.3710317871586066,-1.157772736693956,1.8701494974685067,0.04492474979525,-0.2235024335,0.25203721874999974,0.6827511984195866,-0.5772814260303694,3.826846239160655,0.31525,0.2
CIV,57,Blolequin,2,2021,DHS 2021,0.36052406401625,0.35936747999999996,0.04910889155159781,0.26923731850000004,0.459716023,0.282717414,0.44338425199999987,0.19047870449999993,0.13621529449247613,High,High (20-50%),36.1%,[26.9%–46.0%],14%,0.8135,0.1167214573955145,-0.22446810825,0.4572449399999996,NA,NA,NA,0.33900647736414746,-0.1195138366444818,0.8018422504252041,0.0747635535925,-0.025179157500000018,0.1823496954999999,0.26869013222726035,-0.08033776201398898,0.6759533947353501,0.075375,0.0035
CIV,58,Guiglo,2,2021,DHS 2021,0.30906447815375,0.306923385,0.05173262825785003,0.21598109675000002,0.41691471874999997,0.228252474,0.3989968605,0.20093362199999995,0.16738458125917224,Medium,High (20-50%),30.9%,[21.6%–41.7%],17%,0.46,0.1060111600710385,-0.5145712249999999,0.7233998237499999,NA,NA,NA,-0.08145735931806783,-1.304928728848707,1.091844265120089,-0.0261057986,-0.30508025475,0.19957943599999994,0.06304000328824573,-0.5292362704625968,1.2817587548910807,0.549875,0.3365
CIV,59,Taï,2,2021,DHS 2021,0.145343884977,0.142729195,0.031120985038318293,0.09228777637499999,0.21281175074999997,0.09902608610000001,0.200230637,0.12052397437499998,0.21411967241169486,Medium,Moderate (5-20%),14.5%,[9.2%–21.3%],21%,0,-0.2615393501352045,-1.0504358125,0.5104265514999996,NA,NA,NA,-0.029451230972246497,-1.600773211694485,1.5092211200190946,-0.024665542243875,-0.29329857200000004,0.12517248672499995,0.2674946232204245,-0.6957795535149004,2.974081139603526,0.509625,0.371375
CIV,60,Toulepleu,2,2021,DHS 2021,0.22471100088,0.22436747499999998,0.017439252761242304,0.1917173855,0.26039771425,0.1967352215,0.2543746204999999,0.06868032875000002,0.07760747223299139,High,High (20-50%),22.5%,[19.2%–26.0%],8%,8.75e-4,-0.0192583844222565,-0.39205844599999995,0.3558189467499999,NA,NA,NA,-0.20729490820333624,-0.4810378373160393,0.07082928281502558,-0.0380924972175,-0.08886385674999998,0.013343432499999974,-0.14015903924544965,-0.3054860237763475,0.055367913270045845,0.924875,0.273
CIV,61,Bangolo,2,2021,DHS 2021,0.50359031901125,0.50409623,0.07625596307488,0.3562673915,0.65222251375,0.377178011,0.6284147449999999,0.29595512225,0.15142460090297424,High,Very high (≥50%),50.4%,[35.6%–65.2%],15%,0.99525,0.6246502471633625,0.19652378875,1.0537257424999997,NA,NA,NA,0.6796913653657917,0.05140324536439437,1.3169741116126665,0.16362526236125,0.0117550875,0.31646165524999986,0.4871738228093017,0.0332877088115573,0.9790758597191594,0.01725,0.001
CIV,62,Duékoué,2,2021,DHS 2021,0.270632830402625,0.2645981,0.07044404145632215,0.15055708825,0.42228316674999994,0.1651683985,0.39661692049999997,0.27172607849999997,0.2602937764480435,Medium,High (20-50%),27.1%,[15.1%–42.2%],26%,0.265875,0.1864181720339085,-0.27771705750000003,0.6525512152499999,NA,NA,NA,-0.56862285478353225,-1.3688980887770044,0.2285683171395123,-0.119133838718625,-0.27377312975,0.0522544332499999,-0.29603269270924304,-0.6239399971120827,0.15643766503386222,0.914625,0.707625
CIV,63,Facobly,2,2021,DHS 2021,0.42117944688375,0.41791397,0.09614973735921038,0.24213887275,0.6153370107499999,0.2684693905,0.5863721054999999,0.3731981379999999,0.2282868693394451,Medium,High (20-50%),42.1%,[24.2%–61.5%],23%,0.870375,0.208538262894404,-0.28111071874999993,0.7057199467499998,NA,NA,NA,0.20184978298390138,-0.6197225870496793,1.0142957039093374,0.05091359714125,-0.1320698375,0.24799342074999992,0.14199257943637908,-0.34838250769070517,0.6935330957410161,0.317375,0.098125
CIV,64,Kouibly,2,2021,DHS 2021,0.532811848635,0.535353855,0.12033082793268166,0.29826650975,0.7611484722499999,0.33328840899999995,0.7318594405,0.4628819624999999,0.22584112617043858,Medium,Very high (≥50%),53.3%,[29.8%–76.1%],23%,0.966375,0.47465745903067474,-0.3629723915,1.3629167924999996,NA,NA,NA,1.1617682923477528,-0.48050481299658404,2.838485065188113,0.248746812172625,-0.114861968,0.5599310942749999,1.4189109468302166,-0.2293006491022089,5.647335774323358,0.080625,0.03075
CIV,65,Biankouma,2,2021,DHS 2021,0.50227353438375,0.50112611,0.10027541125272763,0.30676345024999996,0.6950418307499998,0.3354667625,0.6689211854999998,0.38827838049999985,0.19964303191040644,Medium,Very high (≥50%),50.2%,[30.7%–69.5%],20%,0.96825,0.29030444546342116,-0.52260062975,1.1308616074999989,NA,NA,NA,1.0565707400752142,-0.5172137594330777,2.6696498076840403,0.2208073249235,-0.12499375674999999,0.507644474525,1.3638675973471717,-0.23641890490860432,5.5706408145377475,0.099875,0.032125
CIV,66,Danané,2,2021,DHS 2021,0.43531152602875,0.435144065,0.028748054480606442,0.379426338,0.49145889874999993,0.3879389065,0.483106219,0.11203256074999995,0.06604018676663247,High,High (20-50%),43.5%,[37.9%–49.1%],7%,0.9995,0.12529896110670424,-0.5251906822500001,0.7890212707499997,NA,NA,NA,0.809353830921656,-0.28434923702525905,1.9104283994057414,0.16712623679425,-0.07057549399999999,0.33958530549999993,0.9115011768596976,-0.14632454063460174,3.190609802150455,0.074625,0.013125
CIV,67,Man,2,2021,DHS 2021,0.2904719934925,0.287044695,0.06105538204804531,0.18173127025,0.4203392894999999,0.196470336,0.39727692400000003,0.2386080192499999,0.21019369652111317,Medium,High (20-50%),29.0%,[18.2%–42.0%],21%,0.3435,0.09161096331272325,-0.47781565875,0.6596273314999999,NA,NA,NA,0.018429009669701128,-0.8642149990426904,0.8907016907688398,0.0030041259275000003,-0.17797401724999998,0.17856142449999993,0.06793551028043844,-0.45101287253022154,0.9013700194982868,0.4855,0.226875
CIV,68,Sipilou,2,2021,DHS 2021,0.63785905245,0.63789885,0.022961849020369095,0.592118227,0.68220458325,0.600127909,0.6748693405,0.09008635624999994,0.03599831174641675,High,Very high (≥50%),63.8%,[59.2%–68.2%],4%,1,0.49117291511936373,-0.30869980375,1.28223443,NA,NA,NA,1.3907602316690295,-0.10919394003721591,2.8945819977324283,0.312960413060625,-0.02491497824999997,0.5525786547500001,1.5786123448319542,-0.03791281682364904,6.172336221280675,0.036375,0.001875
CIV,69,Zouan-Hounien,2,2021,DHS 2021,0.45458171914,0.453960205,0.03646780460016461,0.384337336,0.52768650975,0.394387143,0.515823048,0.14334917375,0.0802227697786796,High,High (20-50%),45.5%,[38.4%–52.8%],8%,0.99975,0.17511817131103294,-0.46489996525,0.8384305104999998,NA,NA,NA,1.256058375723424,0.06088187767889739,2.4394388966008913,0.24692891050575,0.01466821699999999,0.40589487635,1.7485999844422546,0.035090414555185766,5.626699116961631,0.020125,0.002
CIV,70,Daloa,2,2021,DHS 2021,0.25250828676875,0.24942455,0.04805071652906053,0.16694495299999998,0.35548580599999996,0.17891938999999998,0.336974107,0.18854085299999998,0.19029362221710347,Medium,High (20-50%),25.3%,[16.7%–35.5%],19%,0.122125,0.16160493855602762,-0.29121762275,0.6143517304999996,NA,NA,NA,-0.12354259313716534,-0.8496906954011095,0.5843290887243973,-0.023932136822500002,-0.16414234324999996,0.11313680849999999,-0.05214618220668884,-0.4674479057380667,0.5374176457296647,0.6295,0.3125
CIV,71,Issia,2,2021,DHS 2021,0.395320531595,0.394292485,0.04386693438104672,0.31107778799999997,0.4840741915,0.32453246650000006,0.4697149235,0.1729964035,0.11096548465129491,High,High (20-50%),39.5%,[31.1%–48.4%],11%,0.960875,0.5364521764805374,0.164880748,0.9049154082499997,NA,NA,NA,-0.0031951243326480312,-0.6090253038217618,0.611712486481087,-0.0014574386512499996,-0.14698968400000004,0.14205905274999991,0.01950885249080883,-0.30086606691995177,0.4643549225177561,0.502375,0.112625
CIV,72,Vavoua,2,2021,DHS 2021,0.527530622505,0.5284116249999999,0.05611437234602757,0.41744240725000004,0.6363953407499999,0.435614734,0.6179286249999998,0.2189529334999999,0.10637178194427131,High,Very high (≥50%),52.8%,[41.7%–63.6%],11%,0.999875,0.4221108322766787,0.08235955922500002,0.7624935552500001,NA,NA,NA,1.2765240359890322,0.6894587926821655,1.868423819733781,0.28796570846625,0.1562351155,0.4174294237499999,1.250571913825261,0.5422540015813572,2.157127281263106,0,0
CIV,73,Zoukougbeu,2,2021,DHS 2021,0.510326021465,0.5105242999999999,0.05218112185829944,0.4069756885,0.6114954722499999,0.42455698399999997,0.5952197075,0.2045197837499999,0.1022505607464467,High,Very high (≥50%),51.0%,[40.7%–61.1%],10%,1,0.92931914347375,0.62517908775,1.2329703349999999,NA,NA,NA,0.2182185669762013,-0.23721935509189998,0.6751110568240217,0.05422217820125,-0.058279207999999985,0.1663390872499999,0.12208593729414224,-0.12356372697786869,0.38182759345303535,0.17625,0.005125
CIV,74,Bouaflé,2,2021,DHS 2021,0.3517640377875,0.34693491499999995,0.08746599092347435,0.1981982985,0.5330077637499999,0.216258149,0.5028706464999999,0.3348094652499999,0.24864961032859303,Medium,High (20-50%),35.2%,[19.8%–53.3%],25%,0.6525,-0.0916547494446295,-0.72795418125,0.536527935,NA,NA,NA,0.9962635619184981,-0.15540530294496047,2.169606392479666,0.178704441874,-0.029712069749999993,0.3903682181249999,1.3343406600807861,-0.10758543766723463,4.127135832566992,0.044375,0.014625
CIV,75,Sinfra,2,2021,DHS 2021,0.36649476334375,0.36422484499999996,0.07383153167214894,0.23366094299999998,0.5192438779999998,0.24972767099999998,0.4932662784999999,0.28558293499999987,0.20145316947652925,Medium,High (20-50%),36.6%,[23.4%–51.9%],20%,0.748,-0.10930615697567732,-0.62998223025,0.3948047544999999,NA,NA,NA,1.0926536367238897,0.2320446382299729,1.9603241075868834,0.201585371406625,0.04146719125000001,0.36864068275,1.3731218206942224,0.18791568498206665,3.224192319861025,0.00875,0.001375
CIV,76,Zuénoula,2,2021,DHS 2021,0.58364442817,0.583710985,0.026963710007883977,0.5295340390000001,0.6356022295,0.5389172015,0.6276558139999999,0.10606819049999994,0.04619886476502123,High,Very high (≥50%),58.4%,[53.0%–63.6%],5%,1,0.7337554736100438,0.16055888475,1.3129555224999998,NA,NA,NA,1.5340556508331886,0.46622691065739863,2.6165421642375257,0.339001476036,0.11588341199999999,0.4990379246999999,1.8040922484123165,0.258256428197042,5.185358828699284,0.0025,2.5e-4
CIV,77,Boundiali,2,2021,DHS 2021,0.18149278189825,0.177115015,0.04399685708897398,0.108102148,0.27839425775,0.11683869050000001,0.2591234355,0.17029210974999998,0.24241656681222656,Medium,Moderate (5-20%),18.1%,[10.8%–27.8%],24%,0.00825,-0.7566588474963625,-1.3275220925000002,-0.20622825250000026,NA,NA,NA,0.6997389666559732,-0.2671693328832046,1.6798489043265432,0.078782881166375,-0.034552487199999996,0.1933407310249998,1.0174022274604453,-0.2015302853085166,3.310867281052366,0.078,0.025375
CIV,78,Kouto,2,2021,DHS 2021,0.36122023281375,0.36089123,0.02261350381093307,0.31853133224999997,0.40659373625,0.32476750649999997,0.398862165,0.08806240400000004,0.0626030929518638,High,High (20-50%),36.1%,[31.9%–40.7%],6%,0.94075,0.19979297724990125,-0.3019471355,0.72364888225,NA,NA,NA,0.8658633363961771,-0.025236214965354296,1.7577773832909347,0.159992851063625,-0.005667865000000009,0.28300179899999994,1.0435476394449297,-0.01669445483410103,3.0414380927463456,0.029375,0.003875
CIV,79,Tengréla,2,2021,DHS 2021,0.184946720076,0.17521688000000002,0.06887347459188024,0.07744940085,0.3472474332499999,0.0897432591,0.3120797124999997,0.2697980323999999,0.37239630182994393,Low,Moderate (5-20%),18.5%,[7.7%–34.7%],37%,0.052625,-0.4336091066587762,-0.972913983,0.09368852494999987,NA,NA,NA,0.45653369574704317,-0.4715873184451603,1.3841389878968136,0.065927012040875,-0.04285546135,0.2282205262499999,0.5647562543112699,-0.34656749503907086,1.9636377591063465,0.16375,0.066875
CIV,80,Dikodougou,2,2021,DHS 2021,0.159944889482875,0.15215841,0.05627649881805582,0.0744575034,0.28880592499999996,0.0827692366,0.26180911399999995,0.21434842159999995,0.3518493088463526,Low,Moderate (5-20%),16.0%,[7.4%–28.9%],35%,0.013625,-0.38860904776696,-1.20203784,0.4187393987499988,NA,NA,NA,-0.17535817372612755,-1.7683937293466796,1.365928216527317,-0.03731048693125,-0.3136043745,0.16111651799999996,0.1041790866939235,-0.7403159140284784,2.320545853955496,0.580125,0.449625
CIV,81,Korhogo,2,2021,DHS 2021,0.139125280138125,0.136764955,0.028153754910433995,0.09089518307500001,0.2011169315,0.0975817617,0.18843144050000002,0.110221748425,0.2023626107525725,Medium,Moderate (5-20%),13.9%,[9.1%–20.1%],20%,0,-0.4593339559544275,-0.9490578967499999,0.021492590949999897,NA,NA,NA,0.4887884091223904,-0.2577035318378604,1.260558838652846,0.04710697271225,-0.02727332325000001,0.123877719625,0.6459388130846685,-0.20322556203046688,2.086746310199568,0.112,0.026375
CIV,82,M'bengue,2,2021,DHS 2021,0.31817116406975,0.305309355,0.11474481661475287,0.1306568045,0.5721922702499999,0.151064939,0.5272589149999999,0.44153546574999986,0.3606386422548284,Low,High (20-50%),31.8%,[13.1%–57.2%],36%,0.47175,0.6717383459745212,0.063789921475,1.2709900925,NA,NA,NA,-0.5002724585322624,-1.6013212669238868,0.6087999000195872,-0.104003145794,-0.30124350025,0.15029973649999956,-0.24413417744090407,-0.6914839354520764,0.36429488373192237,0.813625,0.6085
CIV,83,Sinematiali,2,2021,DHS 2021,0.1143964037307875,0.0954825475,0.07476199403493657,0.023999767875,0.30832739124999997,0.03080779815,0.263036001,0.28432762337499995,0.6535344783291983,Low,Moderate (5-20%),11.4%,[2.4%–30.8%],65%,0.025625,-0.07569706847794963,-1.0848677975,0.898669607,NA,NA,NA,-0.40088139745882695,-2.318805529013151,1.5625001613014882,-0.0430403456426875,-0.291910195675,0.1818232259999999,0.02139246798023895,-0.8697887509909952,2.9206257516998098,0.660125,0.562875
CIV,84,Ferkessedougou,2,2021,DHS 2021,0.349657236327,0.34537537,0.08680561670900887,0.19456993675,0.5287092214999999,0.21586761,0.500305805,0.3341392847499999,0.24825917410108486,Medium,High (20-50%),35.0%,[19.5%–52.9%],25%,0.63725,-0.34529952242177464,-0.9583891059999999,0.25249711874999986,NA,NA,NA,2.154265159997683,1.1358741963313375,3.2304596718614658,0.28893942951725,0.13035719835,0.47388568605,5.477881117678371,1.5929854048165355,12.781757754056034,0,0
CIV,85,Kong,2,2021,DHS 2021,0.27436712753375,0.272522135,0.03747741627660029,0.20661017625,0.35295151825,0.2170463155,0.339865053,0.14634134199999999,0.13659586924089578,High,High (20-50%),27.4%,[20.7%–35.3%],14%,0.182125,0.7152125889033125,0.23451683775,1.2008514425,NA,NA,NA,-1.3513870753013724,-1.7664418608262367,-0.9260452028853055,-0.317069902335,-0.4005886505,-0.22502445124999998,-0.5353403268508786,-0.6540389949664804,-0.39591300518796235,1,1
CIV,86,Ouangolodougou,2,2021,DHS 2021,0.162599544108375,0.15410111999999998,0.058560411960453224,0.073089132225,0.2986904809999999,0.08247794615,0.2689657784999999,0.22560134877499988,0.3601511448360633,Low,Moderate (5-20%),16.3%,[7.3%–29.9%],36%,0.020625,-0.4991638200011025,-1.2614515925,0.22993319774999968,NA,NA,NA,0.04264408781315673,-1.3407181717718328,1.397233218070621,-4.381846307500001e-4,-0.20712299842499998,0.17222467452499998,0.24434482836194915,-0.6646753985405245,2.3541061864628965,0.47475,0.327375
CIV,87,Béoumi,2,2021,DHS 2021,0.41230671037,0.41031447,0.08428184060408545,0.25571904575,0.5809622987499999,0.2766587375,0.5546500799999999,0.32524325299999995,0.20441539874151393,Medium,High (20-50%),41.2%,[25.6%–58.1%],20%,0.878125,0.19260404394621924,-0.47016246625,0.86732979625,NA,NA,NA,1.264666626446666,-0.035191968215816306,2.5841630739326207,0.234622502095375,-0.008355573749999992,0.4531974376499999,1.8815864507716196,-0.021066800838792744,6.169739486909649,0.029,0.008125
CIV,88,Botro,2,2021,DHS 2021,0.057949011659625,0.057655734,0.005441287167912133,0.047880707700000004,0.06933534354999998,0.049406383549999995,0.06732425445,0.02145463584999998,0.09389784246662586,High,Moderate (5-20%),5.8%,[4.8%–6.9%],9%,0,-0.9953899512068655,-1.79498265,-0.21713361725000083,NA,NA,NA,-1.261932417076156,-2.8503155734215238,0.2975528327447375,-0.1455786557885,-0.4523007239249999,0.014111011799999953,-0.5780285623210648,-0.8886888826842962,0.32771867352971645,0.94375,0.9045
CIV,89,Bouaké,2,2021,DHS 2021,0.073138194346375,0.0675086175,0.03337341722100999,0.026950159149999996,0.15609643724999991,0.0309366696,0.136560496,0.12914627809999993,0.45630627771526466,Low,Moderate (5-20%),7.3%,[2.7%–15.6%],46%,0,-0.8619255365600625,-1.545275515,-0.19538327900000013,NA,NA,NA,-0.42460533769692727,-1.681173449555245,0.8574600764807375,-0.032409986884375,-0.143620122875,0.06939156292499998,-0.1945423323519015,-0.7842256844661164,1.1969653740251238,0.744125,0.608125
CIV,90,Diabo,2,2021,DHS 2021,0.276608137227625,0.25265125,0.1374573688205066,0.074539085575,0.6018204574999996,0.09160298680000001,0.5386415115,0.5272813719249996,0.49693899173830475,Low,High (20-50%),27.7%,[7.5%–60.2%],50%,0.348875,0.6277242370544438,-0.08826959944999997,1.3698519699999998,NA,NA,NA,-0.8641631938121876,-2.3383673869204453,0.629753797831119,-0.171591641822375,-0.38242844555,0.15594143674999994,-0.38091933743173667,-0.8359504809151865,0.35217689771917016,0.874875,0.74475
CIV,91,Sakassou,2,2021,DHS 2021,0.15925426884575,0.152612405,0.05187148224918651,0.077333014175,0.27790893799999994,0.08675522684999999,0.25388225999999986,0.20057592382499995,0.3257148623088278,Medium,Moderate (5-20%),15.9%,[7.7%–27.8%],33%,0.009375,-0.374163249543162,-1.02325581,0.2714398144999997,NA,NA,NA,-0.6950344863676782,-1.9500004678988805,0.5567098802185425,-0.11701578766675,-0.35835094824999997,0.08198275199999995,-0.3377931661196222,-0.7756735173585112,0.5746318197850993,0.8615,0.741625
CIV,92,Dabakala,2,2021,DHS 2021,0.3430266001725,0.341044995,0.056145017495369445,0.23792775525,0.4579987177499999,0.255255626,0.43721006449999994,0.22007096249999988,0.16367540437719827,Medium,High (20-50%),34.3%,[23.8%–45.8%],16%,0.68225,0.03389980181165862,-0.60833294375,0.6659841084999999,NA,NA,NA,0.7971569345476994,-0.3707775021490128,1.9894606952180856,0.14041794633325,-0.08182628325,0.31814346164999974,1.0580070631561536,-0.22038284571209563,3.883647442881882,0.091375,0.028875
CIV,93,Katiola,2,2021,DHS 2021,0.442201532535,0.44052219,0.07751343994050412,0.29759139149999997,0.5952543349999997,0.317756063,0.5724266345,0.2976629434999997,0.1752898491693241,Medium,High (20-50%),44.2%,[29.8%–59.5%],18%,0.95175,0.26133776109576123,-0.18071346324999998,0.7016075542499999,NA,NA,NA,1.271177462188692,0.5026072303557424,2.0374882637458716,0.258696738298125,0.09811545950000004,0.42512965424999993,1.4941121552311845,0.4327205940519693,2.972676674912161,5e-4,0
CIV,94,Niakarmadougou,2,2021,DHS 2021,0.229777036679625,0.217414875,0.08903364003578267,0.092444501075,0.43272035024999966,0.1061936985,0.39462202799999996,0.34027584917499965,0.3874784065560087,Low,High (20-50%),23.0%,[9.2%–43.3%],39%,0.17325,-0.6853976665393375,-1.3634338275,-0.0199740610750004,NA,NA,NA,1.226135716390199,-0.038971593139830944,2.4981808108813333,0.149308533320625,-0.003716170499999986,0.35650935225,2.278871535131251,-0.03411982196618615,6.956311732855462,0.0285,0.01025
CIV,95,Koro,2,2021,DHS 2021,0.4496203207825,0.44766779999999995,0.09885614992529337,0.26344154175,0.6441960672499999,0.28986363649999997,0.6155369229999998,0.3807545254999999,0.21986584092384515,Medium,High (20-50%),45.0%,[26.3%–64.4%],22%,0.913875,0.134652021564837,-0.39524822600000004,0.6528573387499997,NA,NA,NA,0.5874341051223613,-0.25562186396404213,1.4186838252751248,0.13870625698125,-0.052736954749999995,0.33883002074999996,0.4541652934615263,-0.16298473460196516,1.1489732833674533,0.085,0.01775
CIV,96,Ouaninou,2,2021,DHS 2021,0.288064516985,0.287903315,0.020174673210727325,0.24944423125,0.32776275224999996,0.2552356085,0.32138421,0.07831852099999995,0.07003525953798,High,High (20-50%),28.8%,[24.9%–32.8%],7%,0.19075,-0.1745627076638725,-0.9343461744999999,0.5827119537499998,NA,NA,NA,0.10370805703085678,-1.33799667544383,1.5348319307652931,7.945025980000002e-4,-0.31803349175,0.213749010825,0.3170718667916959,-0.5293062605650117,2.560969507004949,0.4435,0.27375
CIV,97,Touba,2,2021,DHS 2021,0.5559150654675,0.5559704000000001,0.04447182957029338,0.4684626975,0.6425360764999999,0.4831927305,0.6284170155,0.17407337899999986,0.07999752540056553,High,Very high (≥50%),55.6%,[46.8%–64.3%],8%,1,0.14466949642554713,-0.3807153505,0.6718890109999999,NA,NA,NA,1.222377952689958,0.49482266341618286,1.9654336800899785,0.28135944547375,0.12199089125000001,0.4259273379999998,1.1460607259359055,0.3054942557874925,2.4932046967593724,0.001125,0
CIV,98,Dianra,2,2021,DHS 2021,0.313303848935,0.31157066499999997,0.041931626125373364,0.2357519115,0.39965967874999997,0.24649763,0.38491224949999997,0.16390776724999997,0.13383693263874571,High,High (20-50%),31.3%,[23.6%–40.0%],13%,0.489375,0.15521946171960013,-0.21465435224999999,0.52347007625,NA,NA,NA,0.06444298381148209,-0.3610242226628138,0.4942631274015764,0.01476284741625,-0.07286928149999997,0.1092163794999999,0.0546745246964667,-0.22819094615714866,0.39255791423928693,0.38725,0.042375
CIV,99,Kounahiri,2,2021,DHS 2021,0.428186576994875,0.424344255,0.1304365147703915,0.19471211075,0.69745141075,0.223171223,0.6568769614999999,0.5027393,0.304625417465977,Medium,High (20-50%),42.8%,[19.5%–69.7%],30%,0.7905,-0.163540512331415,-0.7777122745,0.4467799139999995,NA,NA,NA,1.5451427610871247,0.42682477867336316,2.7150336053017647,0.2926007025705,0.05979916325000002,0.5625995507499999,2.181083051511792,0.4283457649504529,4.323000709087788,0.00375,8.75e-4
CIV,100,Mankono,2,2021,DHS 2021,0.29095743278125,0.28797671,0.057760071244783044,0.18772988075,0.41328442675,0.20198089049999998,0.39382322000000003,0.225554546,0.1985172562620481,Medium,High (20-50%),29.1%,[18.8%–41.3%],20%,0.347,-0.4950354233030175,-1.0062640925,0.01136741347499962,NA,NA,NA,1.1120694915157516,0.22320473807074734,2.0044369941019275,0.169121629354375,0.03627835450000001,0.31005018824999997,1.6211987693108791,0.1920818792594462,4.085912633981233,0.00775,0.00125
CIV,101,Kani,2,2021,DHS 2021,0.30520788571875,0.29941506,0.07641152564172296,0.17107836950000002,0.47022907449999995,0.188488218,0.4390164445,0.29915070499999996,0.25035894948054,Medium,High (20-50%),30.5%,[17.1%–47.0%],25%,0.43525,-0.718506427214975,-1.1975850975000002,-0.23766608525000005,NA,NA,NA,1.0489820983042129,0.28287958153529785,1.8094738140767743,0.174173803903625,0.03792473799999998,0.34006459125,1.3556607114285568,0.26702605161686666,2.7614722528825597,0.002875,3.75e-4
CIV,102,Séguéla,2,2021,DHS 2021,0.46338841678375,0.462513325,0.07180864124464191,0.32534186325,0.6044115114999999,0.3458565865,0.5841829595000001,0.27906964824999997,0.15496425599725971,High,High (20-50%),46.3%,[32.5%–60.4%],15%,0.9825,-0.1939775672025348,-0.64042023675,0.2564676884999999,NA,NA,NA,1.3095801808808387,0.6828997514274264,1.937834545101107,0.2740551201625,0.13182944924999998,0.42115457424999997,1.4736898508658782,0.6447516926946838,2.4491279451678527,0,0
CIV,103,Attiégoukaro,2,2021,DHS 2021,0.31509091595,0.312601185,0.05949381594067656,0.20675458700000002,0.440836506,0.22092552799999998,0.4183266224999999,0.234081919,0.18881476084863488,Medium,High (20-50%),31.5%,[20.7%–44.1%],19%,0.49675,0.022260219165427874,-0.5138968322499999,0.5562900254999998,NA,NA,NA,0.8628123167346424,0.28995412742411275,1.4526421527488411,0.1540108959325,0.043929626250000006,0.2822856,0.9693576975060773,0.264999571050849,1.8617001917385438,0.001875,1.25e-4
CIV,104,Yamoussoukro,2,2021,DHS 2021,0.0549922821405,0.053232865000000004,0.01505183174253635,0.030927622850000003,0.08872804814999999,0.033721657950000004,0.0821217051,0.057800425299999986,0.27370807605475195,Medium,Moderate (5-20%),5.5%,[3.1%–8.9%],27%,0,-0.49200741926539615,-1.147898825,0.16541486749999942,NA,NA,NA,0.035791879839305304,-1.04985590074523,1.1158149961034363,-0.0015310063487,-0.07004155685,0.04834270107499997,0.19051651224679014,-0.6222402175107015,1.9162637532108147,0.4725,0.31275
CIV,105,Bouna,2,2021,DHS 2021,0.56458270937625,0.5652333949999999,0.0700735935228453,0.42724537725,0.6976106205,0.4492490985,0.6771360594999999,0.27036524325,0.12411572717177698,High,Very high (≥50%),56.5%,[42.7%–69.8%],12%,0.99925,0.6239526293450607,0.10542739700000003,1.1443507075,NA,NA,NA,1.3020960377974466,0.5350059995150933,2.071544995978432,0.299501619205,0.12580682625000003,0.46368225699999976,1.216328659310721,0.37040773422882617,2.4593449786996358,6.25e-4,0
CIV,106,Doropo,2,2021,DHS 2021,0.311939527458625,0.29498444,0.12315668420565656,0.11625621825,0.5877703745,0.137126151,0.5340307819999999,0.47151415625000004,0.3948094850595419,Low,High (20-50%),31.2%,[11.6%–58.8%],39%,0.4455,0.24586562320218663,-0.7282222030000001,1.2298577874999999,NA,NA,NA,0.6588086201157021,-1.0777042719576306,2.4178707920125992,0.10800528667925,-0.21306555900000002,0.40894380625,1.0992277751449726,-0.5360709986121709,5.616509047941958,0.223375,0.129625
CIV,107,Nassian,2,2021,DHS 2021,0.528510219465,0.5284894099999999,0.024647961113171978,0.479960944,0.57661498675,0.4881637565,0.5687379205,0.09665404275,0.04663667835623425,High,Very high (≥50%),52.9%,[48.0%–57.7%],5%,1,0.30134165104531124,0.01747297595000001,0.5932412407499998,NA,NA,NA,1.7165447673416958,1.4452921526571827,1.9849870678635229,0.36038894969125,0.30469225949999995,0.41466771874999997,2.163879501845046,1.622546497215972,2.775813937267251,0,0
CIV,108,Tehini,2,2021,DHS 2021,0.296942346958375,0.2746813,0.1478917762268605,0.07806964569999998,0.6375360947499997,0.09604461800000001,0.5728513969999999,0.5594664490499998,0.49804878873538294,Low,High (20-50%),29.7%,[7.8%–63.8%],50%,0.404875,0.09471823745543,-0.9640325215000001,1.1864766374999998,NA,NA,NA,0.4386590535971268,-1.4946263276748908,2.357978591534921,0.07712746196275,-0.26570925025,0.44105261774999976,0.8063357607278707,-0.6817415472093113,4.904387665985415,0.326,0.22725
CIV,109,Bondoukou,2,2021,DHS 2021,0.3572379893395,0.351155255,0.08981559711281906,0.200354159,0.5431952094999999,0.219251428,0.5147502354999998,0.3428410504999999,0.25141670201111527,Medium,High (20-50%),35.7%,[20.0%–54.3%],25%,0.664625,0.0769858827240475,-0.565756073,0.72347180075,NA,NA,NA,0.8513043447412815,-0.3968173042819535,2.0734424644460536,0.1577260134215,-0.07727945624999998,0.38485864012499993,1.0932639072108892,-0.24641039105583953,3.778959215845931,0.089875,0.03125
CIV,110,Koun-Fao,2,2021,DHS 2021,0.23920564648625,0.231192575,0.07450875350077907,0.116048649,0.40465569225000003,0.131230424,0.37369226599999994,0.28860704325000003,0.31148409159757007,Medium,High (20-50%),23.9%,[11.6%–40.5%],31%,0.1595,-0.06889844738206675,-0.69146213675,0.55758499975,NA,NA,NA,-0.09276883680027544,-1.2551646510935752,1.04664553950489,-0.017609720914375,-0.23569696499999995,0.19131908474999976,0.030023848033339427,-0.6082157346672542,1.201550910850965,0.561125,0.368
CIV,111,Sandégué,2,2021,DHS 2021,0.3327895384235,0.31765507000000004,0.14114679528271626,0.10713770900000001,0.642025083,0.131987464,0.5922855815,0.5348873740000001,0.4241323088200454,Low,High (20-50%),33.3%,[10.7%–64.2%],42%,0.51175,0.3365840850035046,-0.434876097,1.103232464999998,NA,NA,NA,0.013052123979309055,-1.5226751316631546,1.5010358866242894,0.013815418911,-0.27694071507499995,0.34403358799999995,0.1076344843561772,-0.6856957665972369,1.4247707156718326,0.49125,0.3335
CIV,112,Tanda,2,2021,DHS 2021,0.36925523430625,0.36517327499999996,0.08409349562700612,0.21921294424999999,0.5462245374999998,0.238582339,0.5128331024999999,0.3270115932499998,0.22773812749059452,Medium,High (20-50%),36.9%,[21.9%–54.6%],23%,0.735875,0.19840073643251238,-0.32051172549999996,0.7302416157499999,NA,NA,NA,0.9769606171363003,-0.004625143212624864,1.9586853508039939,0.18569766222925,-8.277737499999675e-4,0.3809893639999998,1.1785016487726163,-0.003210621173488557,3.1408269091769156,0.02575,0.006625
CIV,113,Transua,2,2021,DHS 2021,0.28329344396625,0.27822219000000004,0.06267067201206374,0.1745297465,0.4163269635,0.1898664125,0.39427059999999997,0.24179721699999998,0.22122175202730765,Medium,High (20-50%),28.3%,[17.5%–41.6%],22%,0.30475,0.1296877922494705,-0.38389983525,0.6440246012499997,NA,NA,NA,0.34780383991120134,-0.5735895556883192,1.2806806793886074,0.062575095970375,-0.10996064174999998,0.23398363499999997,0.38666261272111213,-0.3444734593056166,1.6682293841629878,0.233625,0.08225
