model_type,country,district_id,time,prev_mean,prev_median,prev_sd,prev_lower,prev_upper,prev_width95,prev_cv,b_mean,b_lower,b_upper,change_logit_mean,change_prob_mean,rel_change_mean,p_decline,district_name,label,year,reliability,prev_category,prev_pct_label,cri_label,cv_label
Independent,GHA,1,1,0.277576585008125,0.261774985,0.11731273962900368,0.09720900175,0.5362476804999999,0.4390386787499999,0.4226319724539078,-0.2705983478905925,-0.9542142914999999,0.41238886774999994,NA,NA,NA,NA,Asunafo North,DHS 2014,2014,Low,High (20-50%),27.8%,[9.7%–53.6%],42%
Independent,GHA,2,1,0.28710779080125,0.28704148,0.02019923608926556,0.24822661025,0.32770951575,0.0794829055,0.07035419008621907,-0.06706497049234625,-0.48251633325,0.36111851649999976,NA,NA,NA,NA,Asunafo South,DHS 2014,2014,High,High (20-50%),28.7%,[24.8%–32.8%],7%
Independent,GHA,3,1,0.3461233533355,0.328147265,0.15445576003817324,0.10316728275,0.68460767075,0.581440388,0.4462448388695059,-0.30073681630146265,-1.2176417325,0.6235525787499985,NA,NA,NA,NA,Asutifi North,DHS 2014,2014,Low,High (20-50%),34.6%,[10.3%–68.5%],45%
Independent,GHA,4,1,0.35396685177475,0.336727595,0.156191947992453,0.10638594575000002,0.6930270047499999,0.5866410589999999,0.4412615113797355,0.01191145512887625,-0.7914876737500001,0.8334763169999999,NA,NA,NA,NA,Asutifi South,DHS 2014,2014,Low,High (20-50%),35.4%,[10.6%–69.3%],44%
Independent,GHA,5,1,0.560117901195,0.560056555,0.024903605006873216,0.51166251275,0.6091251495,0.09746263675,0.04446136242698526,0.3408356289564939,-0.04461615047499998,0.7211397804999997,NA,NA,NA,NA,Tano North,DHS 2014,2014,High,Very high (≥50%),56.0%,[51.2%–60.9%],4%
Independent,GHA,6,1,0.228584861060375,0.21585891499999998,0.0961629240056896,0.08110905785,0.4516520884999999,0.3705430306499999,0.4206880698905539,-0.4138286898505362,-1.20165627,0.3558544862499998,NA,NA,NA,NA,Tano South,DHS 2014,2014,Low,High (20-50%),22.9%,[8.1%–45.2%],42%
Independent,GHA,7,1,0.38936421042325,0.374241425,0.16047761449715445,0.12408463225000001,0.7254525302499997,0.6013678979999997,0.41215296681405494,-0.013114100254401627,-1.0326128025,1.0364126174999992,NA,NA,NA,NA,Adansi Akrofuom,DHS 2014,2014,Low,High (20-50%),38.9%,[12.4%–72.5%],41%
Independent,GHA,8,1,0.366301828545125,0.35168970499999996,0.15821530393075622,0.108485519,0.7019948895,0.5935093705,0.43192605551316693,0.0010896017385547498,-1.0637109649999998,1.0472010099999993,NA,NA,NA,NA,Adansi Asokwa,DHS 2014,2014,Low,High (20-50%),36.6%,[10.8%–70.2%],43%
Independent,GHA,9,1,0.168865098105,0.16857747,0.013747149915103975,0.1430771955,0.19651000874999996,0.05343281324999996,0.08140906599039206,-0.3011318471062063,-1.05599092,0.4566398949999998,NA,NA,NA,NA,Adansi North,DHS 2014,2014,High,Moderate (5-20%),16.9%,[14.3%–19.7%],8%
Independent,GHA,10,1,0.401644419137125,0.38711729500000003,0.16040207257473463,0.13060457275,0.7294053092499999,0.5988007364999999,0.39936337947713874,-0.00385842860338525,-1.04867589,1.0364846074999998,NA,NA,NA,NA,Adansi South,DHS 2014,2014,Low,High (20-50%),40.2%,[13.1%–72.9%],40%
Independent,GHA,11,1,0.380254113601,0.36821668,0.15829633869208934,0.11764505325,0.7140441777500001,0.5963991245000001,0.41629093027561415,0.5101633781865338,-0.23357716874999998,1.2459116274999997,NA,NA,NA,NA,Afigya-Kwabre North,DHS 2014,2014,Low,High (20-50%),38.0%,[11.8%–71.4%],42%
Independent,GHA,12,1,0.59396540680875,0.594314145,0.02359247982666511,0.547540538,0.63864834875,0.09110781074999996,0.039720292724491305,0.712839474627675,0.23005700225,1.2072283275,NA,NA,NA,NA,Afigya-Kwabre South,DHS 2014,2014,High,Very high (≥50%),59.4%,[54.8%–63.9%],4%
Independent,GHA,13,1,0.35681433852625,0.33967008499999995,0.1554329392056325,0.10683420225,0.6977443152499999,0.590910113,0.43561292925507716,-0.0449537442360975,-1.0724064475,1.0399524624999998,NA,NA,NA,NA,Ahafo-Ano North,DHS 2014,2014,Low,High (20-50%),35.7%,[10.7%–69.8%],44%
Independent,GHA,14,1,0.30157328728375,0.30142202500000004,0.020844833809613137,0.26229955625,0.34376231774999993,0.081462761499999925,0.06912029244155254,-0.15786046308088025,-0.92049523225,0.5820395584999999,NA,NA,NA,NA,Ahafo-Ano South East,DHS 2014,2014,High,High (20-50%),30.2%,[26.2%–34.4%],7%
Independent,GHA,15,1,0.3734598291465,0.35890013,0.1601014213348628,0.1153914315,0.7111126272499992,0.5957211957499993,0.42869783799975597,-0.037110568297829126,-1.0588068775,0.9843153114999996,NA,NA,NA,NA,Ahafo-Ano South West,DHS 2014,2014,Low,High (20-50%),37.3%,[11.5%–71.1%],43%
Independent,GHA,16,1,0.34570252950675,0.327530915,0.15256425948620045,0.10044899125000001,0.6760341644999998,0.5755851732499997,0.4413165842433373,0.5414198993215575,-0.21805472899999995,1.2755232074999998,NA,NA,NA,NA,Amansie Central,DHS 2014,2014,Low,High (20-50%),34.6%,[10.0%–67.6%],44%
Independent,GHA,17,1,0.386556391641,0.372283335,0.15784093296345725,0.12363918674999999,0.7159182382499999,0.5922790514999999,0.4083257614584891,-0.03026148502288025,-1.08169622,0.9952352375000001,NA,NA,NA,NA,Amansie South,DHS 2014,2014,Low,High (20-50%),38.7%,[12.4%–71.6%],41%
Independent,GHA,18,1,0.39916674194875,0.39906843000000003,0.023673586045200742,0.3529907785,0.4461634335,0.093172655,0.059307511266157166,0.2598657220033026,0.031074695550000007,0.4930180784999999,NA,NA,NA,NA,Amansie West,DHS 2014,2014,High,High (20-50%),39.9%,[35.3%–44.6%],6%
Independent,GHA,19,1,0.16937123763875,0.1689494,0.013896912826672991,0.143942973,0.197391675,0.05344870199999999,0.08205001640428206,-0.427773948997003,-1.1565792225,0.3127548392499996,NA,NA,NA,NA,Asante-Akim Central,DHS 2014,2014,High,Moderate (5-20%),16.9%,[14.4%–19.7%],8%
Independent,GHA,20,1,0.391098043276375,0.3777977,0.1595950686736001,0.124919334,0.7243628449999998,0.5994435109999998,0.40806920775315664,0.003882800234845,-0.9873049,1.01103516,NA,NA,NA,NA,Asante-Akim North,DHS 2014,2014,Low,High (20-50%),39.1%,[12.5%–72.4%],41%
Independent,GHA,21,1,0.5513069905225,0.551585515,0.02459332003418723,0.502958585,0.5985442324999999,0.09558564749999987,0.04460912061151078,0.3988957368341976,-0.33763339624999994,1.1523731699999997,NA,NA,NA,NA,Asante-Akim South,DHS 2014,2014,High,Very high (≥50%),55.1%,[50.3%–59.9%],4%
Independent,GHA,22,1,0.23831922007825,0.21403912,0.13331465937091158,0.053737785425000004,0.55605147625,0.502313690825,0.559395332559157,0.010746105267426625,-1.0487209800000001,1.0599222824999996,NA,NA,NA,NA,Asokore-Mampong,DHS 2014,2014,Low,High (20-50%),23.8%,[5.4%–55.6%],56%
Independent,GHA,23,1,0.226541950042,0.20260454,0.1269053722588005,0.05166311715,0.53652233825,0.48485922109999996,0.5601848674617338,0.017039909123336375,-0.99352065075,1.0045306124999995,NA,NA,NA,NA,Asokwa,DHS 2014,2014,Low,High (20-50%),22.7%,[5.2%–53.7%],56%
Independent,GHA,24,1,0.3041820273585,0.2852551,0.14379725482773795,0.083156294975,0.6285130607499999,0.5453567657749999,0.4727342245577933,0.17475214215342275,-0.68027381175,1.0650409124999998,NA,NA,NA,NA,Atwima-Kwanwoma,DHS 2014,2014,Low,High (20-50%),30.4%,[8.3%–62.9%],47%
Independent,GHA,25,1,0.3624106642945,0.34709484999999995,0.15849032938747454,0.099999885525,0.70452352325,0.6045236377250001,0.43732247696409693,-0.03416021570601375,-1.0861556625,0.9979015367499999,NA,NA,NA,NA,Atwima-Mponua,DHS 2014,2014,Low,High (20-50%),36.2%,[10.0%–70.5%],44%
Independent,GHA,26,1,0.33481154831575,0.317641055,0.15138176636786732,0.0965082179,0.6712087712499998,0.5747005533499998,0.45214021777141344,-0.06650229632883126,-0.8191706945,0.6841945422499996,NA,NA,NA,NA,Atwima-Nwabiagya North,DHS 2014,2014,Low,High (20-50%),33.5%,[9.7%–67.1%],45%
Independent,GHA,27,1,0.30156791141,0.280831985,0.14980560184243386,0.076392805625,0.6396899789999996,0.5632971733749996,0.4967557759776503,0.002234528336466125,-1.04387494,1.053058885,NA,NA,NA,NA,Atwima-Nwabiagya South,DHS 2014,2014,Low,High (20-50%),30.2%,[7.6%–64.0%],50%
Independent,GHA,28,1,0.312751412419875,0.295444275,0.14680775028588644,0.08562859169999999,0.63825647275,0.5526278810499999,0.4694071535919848,0.005743616918015,-1.04990722,1.0558494024999996,NA,NA,NA,NA,Bekwai,DHS 2014,2014,Low,High (20-50%),31.3%,[8.6%–63.8%],47%
Independent,GHA,29,1,0.35343349550025,0.33663669500000004,0.15551834238462964,0.102112502,0.6892959929999998,0.5871834909999998,0.44002151568715603,0.19048544815242438,-0.541331764,0.9352467779999991,NA,NA,NA,NA,Bosome Freho,DHS 2014,2014,Low,High (20-50%),35.3%,[10.2%–68.9%],44%
Independent,GHA,30,1,0.5945428967225,0.594720005,0.023894851470960064,0.54714946,0.6407056192499999,0.09355615924999994,0.040190290057595064,0.5342186784298527,-0.05203903817499999,1.1212282249999996,NA,NA,NA,NA,Bosomtwe,DHS 2014,2014,High,Very high (≥50%),59.5%,[54.7%–64.1%],4%
Independent,GHA,31,1,0.33273657837125,0.331938315,0.02190300284363788,0.291200783,0.37643489874999997,0.08523411574999995,0.06582685603985403,0.3343742371207354,-0.19462738475000002,0.8534985972499999,NA,NA,NA,NA,Ejisu,DHS 2014,2014,High,High (20-50%),33.3%,[29.1%–37.6%],7%
Independent,GHA,32,1,0.39937672714,0.39913367,0.023373084650984526,0.3541872035,0.44544108075,0.09125387725,0.058523902527728364,-0.10759301875429687,-0.32832965150000004,0.11168709924999976,NA,NA,NA,NA,Ejura-Sekyedumase,DHS 2014,2014,High,High (20-50%),39.9%,[35.4%–44.5%],6%
Independent,GHA,33,1,0.114076957983375,0.113762165,0.00998599241287982,0.095723832175,0.134719791,0.03899595882500001,0.0875373308458587,-0.7015511881071512,-1.438714095,0.050422882324999856,NA,NA,NA,NA,Juaben,DHS 2014,2014,High,Moderate (5-20%),11.4%,[9.6%–13.5%],9%
Independent,GHA,34,1,0.2150908737779625,0.18588266,0.12834079428267656,0.04632801930000001,0.5293550005000001,0.48302698120000004,0.5966817281850939,0.020873129380124616,-1.0100402625,1.0617472275,NA,NA,NA,NA,Kumasi,DHS 2014,2014,Low,High (20-50%),21.5%,[4.6%–52.9%],60%
Independent,GHA,35,1,0.276749413345125,0.25339844,0.14131913557749992,0.07147091082500001,0.6045613184999998,0.5330904076749998,0.5106393320562004,0.0128573758098,-0.993945549,1.05781628,NA,NA,NA,NA,Kwabre East,DHS 2014,2014,Low,High (20-50%),27.7%,[7.1%–60.5%],51%
Independent,GHA,36,1,0.159628162914875,0.147508975,0.06951876593249523,0.060163259175,0.32386690649999994,0.26370364732499996,0.43550439134958624,-0.14380863802995186,-1.0404829325,0.7639976082499997,NA,NA,NA,NA,Kwadaso,DHS 2014,2014,Low,Moderate (5-20%),16.0%,[6.0%–32.4%],44%
Independent,GHA,37,1,0.339136532854875,0.321980925,0.1535081066838085,0.097151367525,0.67491029125,0.577758923725,0.45264397023690295,0.0022274319540625,-1.0285637124999998,1.0411367824999993,NA,NA,NA,NA,Mampong,DHS 2014,2014,Low,High (20-50%),33.9%,[9.7%–67.5%],45%
Independent,GHA,38,1,0.223393424309875,0.19702068,0.12506249143855408,0.05432360395,0.5257289875,0.47140538354999995,0.5598306746266468,-0.004209546253415,-1.0880675425,1.0544913525,NA,NA,NA,NA,Obuasi,DHS 2014,2014,Low,High (20-50%),22.3%,[5.4%–52.6%],56%
Independent,GHA,39,1,0.292170433837,0.27103177,0.1432836917100429,0.076480167825,0.61972566575,0.543245497925,0.4904113322773103,-0.00527866006558225,-1.078490665,1.0569252024999993,NA,NA,NA,NA,Obuasi East,DHS 2014,2014,Low,High (20-50%),29.2%,[7.6%–62.0%],49%
Independent,GHA,40,1,0.35433874923575,0.339131685,0.15320236387472735,0.10946267975000001,0.6769331567499995,0.5674704769999995,0.43236130455717725,8.65079992395625e-4,-1.0120427675,0.9952703707499997,NA,NA,NA,NA,Offinso,DHS 2014,2014,Low,High (20-50%),35.4%,[10.9%–67.7%],43%
Independent,GHA,41,1,0.37754576747275,0.36263790500000004,0.1576237726348516,0.1182616715,0.7140707439999999,0.5958090724999999,0.4174958010785497,-0.02450079616624275,-1.0232929924999998,0.9677352897499999,NA,NA,NA,NA,Offinso North,DHS 2014,2014,Low,High (20-50%),37.8%,[11.8%–71.4%],42%
Independent,GHA,42,1,0.233635672765125,0.20886963,0.1294179466779638,0.054201011225,0.5477950847499997,0.49359407352499973,0.5539305926457054,0.02182552644734875,-1.0140719225000001,1.0520748124999995,NA,NA,NA,NA,Oforikrom,DHS 2014,2014,Low,High (20-50%),23.4%,[5.4%–54.8%],55%
Independent,GHA,43,1,0.1455558396525,0.138376965,0.04977899118217886,0.069052534,0.26278457124999993,0.19373203724999993,0.34199240168598677,-0.16115143943691426,-1.02366821,0.7038812837499998,NA,NA,NA,NA,Old Tafo,DHS 2014,2014,Low,Moderate (5-20%),14.6%,[6.9%–26.3%],34%
Independent,GHA,44,1,0.482641126083375,0.479873535,0.16863248955815344,0.17278818075000002,0.8049357844999999,0.6321476037499999,0.3493951933325769,-0.00980643113681725,-1.0242884225,0.9847442012499996,NA,NA,NA,NA,Sekyere Afram Plains North,DHS 2014,2014,Low,High (20-50%),48.3%,[17.3%–80.5%],35%
Independent,GHA,45,1,0.424926489713875,0.41547758,0.16263929267105534,0.13671807275,0.75285729775,0.616139225,0.38274689059881584,0.0010406686495638747,-1.042020755,1.0500177499999994,NA,NA,NA,NA,Sekyere Central,DHS 2014,2014,Low,High (20-50%),42.5%,[13.7%–75.3%],38%
Independent,GHA,46,1,0.3457253448205,0.325598445,0.15652140936785508,0.097186244425,0.67653621125,0.579349966825,0.45273339578016975,-0.007282570516206,-1.0315772625,1.0461882174999997,NA,NA,NA,NA,Sekyere East,DHS 2014,2014,Low,High (20-50%),34.6%,[9.7%–67.7%],45%
Independent,GHA,47,1,0.229561835644,0.222138955,0.06819906329907277,0.11951357375,0.38261461499999955,0.26310104124999956,0.29708362937485194,-0.3036388066891501,-1.13799392,0.5342600709999997,NA,NA,NA,NA,Sekyere Kumawu,DHS 2014,2014,Medium,High (20-50%),23.0%,[12.0%–38.3%],30%
Independent,GHA,48,1,0.3319119671365,0.32074944,0.11438521868395621,0.14050383275,0.5817083777500001,0.44120454500000006,0.34462517176102564,0.423449334513805,-0.15214460849999994,1.0081863899999994,NA,NA,NA,NA,Sekyere South,DHS 2014,2014,Low,High (20-50%),33.2%,[14.1%–58.2%],34%
Independent,GHA,49,1,0.22991589106775,0.20559881,0.12780108826402514,0.053359114,0.5428235127499994,0.4894643987499994,0.5558601785657591,0.006597330411053,-1.01038966,1.0697862999999996,NA,NA,NA,NA,Suame,DHS 2014,2014,Low,High (20-50%),23.0%,[5.3%–54.3%],56%
Independent,GHA,50,1,0.36797956304475,0.35079965,0.15727360414636055,0.11124133600000001,0.7039677717499999,0.59272643575,0.4273976599272023,-0.022959096108812624,-1.074344005,1.0000889499999999,NA,NA,NA,NA,Banda,DHS 2014,2014,Low,High (20-50%),36.8%,[11.1%–70.4%],43%
Independent,GHA,51,1,0.29295361698125,0.29002157,0.05156869655125057,0.20041462475,0.401559831,0.20114520624999999,0.17603024356770833,-0.071297883575499,-0.853518098,0.72245358325,NA,NA,NA,NA,Berekum East,DHS 2014,2014,Medium,High (20-50%),29.3%,[20.0%–40.2%],18%
Independent,GHA,52,1,0.33294748694125,0.33244721,0.022115507095589893,0.29078443600000003,0.37779579324999996,0.08701135724999992,0.06642340898488977,0.03164247342938544,-0.7297691384999999,0.7786652202499998,NA,NA,NA,NA,Berekum West,DHS 2014,2014,High,High (20-50%),33.3%,[29.1%–37.8%],7%
Independent,GHA,53,1,0.25498474061725,0.250456775,0.05818516015682767,0.1535068155,0.37980254324999996,0.22629572774999995,0.2281907537524674,-0.38479176586673863,-1.0508539925,0.2839957039999989,NA,NA,NA,NA,Dormaa,DHS 2014,2014,Medium,High (20-50%),25.5%,[15.4%–38.0%],23%
Independent,GHA,54,1,0.337618522787,0.32263234,0.1528389192480788,0.094373734025,0.66759192375,0.5732181897249999,0.45269707949200194,-0.05160134061537537,-1.0995525725,0.9927259317499997,NA,NA,NA,NA,Dormaa East,DHS 2014,2014,Low,High (20-50%),33.8%,[9.4%–66.8%],45%
Independent,GHA,55,1,0.39929741497625,0.39937106499999997,0.024311389965110227,0.35282353925000004,0.44706202149999996,0.09423848224999992,0.06088541786967556,0.06119540885165437,-0.689079288,0.8275181604999998,NA,NA,NA,NA,Dormaa West,DHS 2014,2014,High,High (20-50%),39.9%,[35.3%–44.7%],6%
Independent,GHA,56,1,0.212932841071,0.207720485,0.0549778531303275,0.12019040425,0.33299992074999996,0.21280951649999996,0.2581933949399368,-0.49016997843832627,-1.1718903024999998,0.20093110999999977,NA,NA,NA,NA,Jaman North,DHS 2014,2014,Medium,High (20-50%),21.3%,[12.0%–33.3%],26%
Independent,GHA,57,1,0.38785262121375,0.38666852,0.05887649670991381,0.27603083650000004,0.5068040042499999,0.2307731677499999,0.15180120873146374,0.19788403629560625,-0.4673867585,0.84243151325,NA,NA,NA,NA,Jaman South,DHS 2014,2014,High,High (20-50%),38.8%,[27.6%–50.7%],15%
Independent,GHA,58,1,0.180002141289625,0.16413296,0.08560397804084793,0.058824297350000006,0.3875534114999997,0.3287291141499997,0.47557199835256625,-0.4762383315269669,-1.2579449,0.28969057549999994,NA,NA,NA,NA,Sunyani,DHS 2014,2014,Low,Moderate (5-20%),18.0%,[5.9%–38.8%],48%
Independent,GHA,59,1,0.312628878056125,0.292816205,0.1471935763267628,0.08359005617500001,0.6468460262499998,0.5632559700749997,0.4708252712992743,-0.033211676705755075,-0.9711607555,0.9121503924999997,NA,NA,NA,NA,Sunyani West,DHS 2014,2014,Low,High (20-50%),31.3%,[8.4%–64.7%],47%
Independent,GHA,60,1,0.319621181007,0.297757,0.15136939119594475,0.08985851119999999,0.6572539542499996,0.5673954430499996,0.4735899877443655,-0.06078502893330625,-0.90639264575,0.8022594624999998,NA,NA,NA,NA,Tain,DHS 2014,2014,Low,High (20-50%),32.0%,[9.0%–65.7%],47%
Independent,GHA,61,1,0.45793665829375,0.457783425,0.02444138299646841,0.41124905275,0.5057907552500001,0.09454170250000005,0.053372846558159,0.3749325185995875,-0.13938665174999998,0.8870620865,NA,NA,NA,NA,Wenchi,DHS 2014,2014,High,High (20-50%),45.8%,[41.1%–50.6%],5%
Independent,GHA,62,1,0.63256915740625,0.6333528900000001,0.039149974128909346,0.552601751,0.7070649372500001,0.1544631862500001,0.06189042521364405,0.55540773695545,0.23741710325000004,0.879504955,NA,NA,NA,NA,Atebubu-Amantin,DHS 2014,2014,High,Very high (≥50%),63.3%,[55.3%–70.7%],6%
Independent,GHA,63,1,0.295681193089625,0.27276196500000005,0.14547686980930688,0.07764621737499999,0.62420143325,0.546555215875,0.49200582657690667,-0.01349526394685375,-1.0368096924999999,1.0349547249999997,NA,NA,NA,NA,Kintampo North,DHS 2014,2014,Low,High (20-50%),29.6%,[7.8%–62.4%],49%
Independent,GHA,64,1,0.310615521799125,0.2935797,0.14341010943991495,0.088593204375,0.6250874062499999,0.536494201875,0.46169653277230055,-0.118421591742759,-0.91440992925,0.6689246864999991,NA,NA,NA,NA,Kintampo South,DHS 2014,2014,Low,High (20-50%),31.1%,[8.9%–62.5%],46%
Independent,GHA,65,1,0.3514272136205,0.334002675,0.15655079214046738,0.10074166175,0.6948088092499998,0.5940671474999998,0.4454714548928581,-0.0010940496307687499,-1.03194634,1.0239890574999997,NA,NA,NA,NA,Nkoranza North,DHS 2014,2014,Low,High (20-50%),35.1%,[10.1%–69.5%],45%
Independent,GHA,66,1,0.349762242307375,0.332237015,0.15519909187913014,0.10530037149999999,0.6856860904999996,0.5803857189999997,0.4437274042369028,-0.10587554579805625,-0.9897761737499999,0.8003692044999998,NA,NA,NA,NA,Nkoranza South,DHS 2014,2014,Low,High (20-50%),35.0%,[10.5%–68.6%],44%
Independent,GHA,67,1,0.21647827672375,0.21589511,0.016729224416974615,0.18453170300000002,0.25062479249999997,0.06609308949999995,0.07727899847578211,-0.3826710947685337,-0.8335100795,0.06939332942499994,NA,NA,NA,NA,Pru East,DHS 2014,2014,High,High (20-50%),21.6%,[18.5%–25.1%],8%
Independent,GHA,68,1,0.362912350421875,0.34720056499999996,0.15605442538366185,0.1083460275,0.6948472934999997,0.5865012659999997,0.43000582703303747,-0.1293764720314645,-0.8725726625,0.6137012577499997,NA,NA,NA,NA,Pru West,DHS 2014,2014,Low,High (20-50%),36.3%,[10.8%–69.5%],43%
Independent,GHA,69,1,0.66411976040625,0.66412056,0.022537261580660287,0.6195675332499999,0.70750131075,0.08793377750000009,0.03393553832350053,0.6697002192614625,0.2002055325,1.1410484574999997,NA,NA,NA,NA,Sene East,DHS 2014,2014,High,Very high (≥50%),66.4%,[62.0%–70.8%],3%
Independent,GHA,70,1,0.39314328376,0.389393885,0.09933171610616137,0.21397019975,0.5947794445,0.38080924475,0.2526603409224202,-0.27117256720532473,-0.8824700384999999,0.32738854949999974,NA,NA,NA,NA,Sene West,DHS 2014,2014,Medium,High (20-50%),39.3%,[21.4%–59.5%],25%
Independent,GHA,71,1,0.2095122253755,0.19656709,0.0907934744232413,0.07405647062500001,0.42142957025,0.34737309962499996,0.4333564509685101,-0.31999917739741024,-1.1576851624999998,0.4983620952499991,NA,NA,NA,NA,Techiman,DHS 2014,2014,Low,High (20-50%),21.0%,[7.4%–42.1%],43%
Independent,GHA,72,1,0.4572370568375,0.456812255,0.02445932941621956,0.41045701425000003,0.50601604775,0.09555903349999995,0.05349376007577684,0.474861836864937,-0.1722126362499999,1.1316523124999998,NA,NA,NA,NA,Techiman North,DHS 2014,2014,High,High (20-50%),45.7%,[41.0%–50.6%],5%
Independent,GHA,73,1,0.55002296777375,0.55341139,0.12060439229000636,0.30370658875,0.7714338837499999,0.4677272949999999,0.21927155656455521,0.29959109506388854,-0.6018418779999999,1.2266453399999995,NA,NA,NA,NA,Abura-Asebu-Kwamankese,DHS 2014,2014,Medium,Very high (≥50%),55.0%,[30.4%–77.1%],22%
Independent,GHA,74,1,0.520513433985,0.52114417,0.10084323654976823,0.323477358,0.7118009837499999,0.3883236257499999,0.19373800936840815,0.194409083726672,-0.406048765,0.7923006027499997,NA,NA,NA,NA,Agona East,DHS 2014,2014,Medium,Very high (≥50%),52.1%,[32.3%–71.2%],19%
Independent,GHA,75,1,0.4119920134375,0.409537285,0.0823837137361448,0.2599467225,0.58005422375,0.32010750125000004,0.19996434651431066,-0.028219522178553,-0.6544354925,0.5883698564999998,NA,NA,NA,NA,Agona West,DHS 2014,2014,Medium,High (20-50%),41.2%,[26.0%–58.0%],20%
Independent,GHA,76,1,0.44287376245125,0.441452915,0.07742144920095911,0.296036827,0.5962104839999999,0.30017365699999987,0.17481606671038996,-0.007194326631529,-0.653768365,0.641073891249999,NA,NA,NA,NA,Ajumako-Enyan-Essiam,DHS 2014,2014,Medium,High (20-50%),44.3%,[29.6%–59.6%],17%
Independent,GHA,77,1,0.26414047180625,0.261735465,0.04224280729050065,0.18865403175,0.35376489375,0.16511086199999997,0.15992553886814523,-0.26896301616434526,-1.0128265275,0.4811399587499996,NA,NA,NA,NA,Asikuma-Odoben-Brakwa,DHS 2014,2014,High,High (20-50%),26.4%,[18.9%–35.4%],16%
Independent,GHA,78,1,0.33369826092375,0.33346879,0.021787530956843736,0.29137197175,0.3767202265,0.08534825474999996,0.0652911132845915,-0.0509889285113825,-0.8032144119999999,0.70287827775,NA,NA,NA,NA,Assin Central,DHS 2014,2014,High,High (20-50%),33.4%,[29.1%–37.7%],7%
Independent,GHA,79,1,0.4774103631,0.47772617500000003,0.10271502728099828,0.2810525675,0.67861885875,0.39756629125000004,0.2151503930790946,0.09903406876970812,-0.36682645649999995,0.56586236725,NA,NA,NA,NA,Assin North,DHS 2014,2014,Medium,High (20-50%),47.7%,[28.1%–67.9%],22%
Independent,GHA,80,1,0.44587370661875,0.44522456,0.04728319326861024,0.35508558425000003,0.5400454522499999,0.18495986799999986,0.1060461573910218,0.0210031957137669,-0.32005673599999995,0.37070099774999987,NA,NA,NA,NA,Assin South,DHS 2014,2014,High,High (20-50%),44.6%,[35.5%–54.0%],11%
Independent,GHA,81,1,0.33264304176625,0.33252775,0.022030262498817867,0.29065725475,0.377041808,0.08638455325,0.06622793725623351,0.21661322357662,-0.53414107525,0.9811931524999999,NA,NA,NA,NA,Awutu Senya East,DHS 2014,2014,High,High (20-50%),33.3%,[29.1%–37.7%],7%
Independent,GHA,82,1,0.34851313790425,0.32920733999999996,0.15808898872309854,0.09773281165,0.69047502025,0.5927422085999999,0.453609840001302,0.5764744446698588,-0.30541899624999996,1.4769012774999997,NA,NA,NA,NA,Awutu Senya West,DHS 2014,2014,Low,High (20-50%),34.9%,[9.8%–69.0%],45%
Independent,GHA,83,1,0.24129915371475,0.21355971499999998,0.13802411695920722,0.05208571470000001,0.5735513297499996,0.5214656150499996,0.5720041485200209,-0.0848751212881725,-1.1768918350000002,1.0123029849999994,NA,NA,NA,NA,Cape Coast,DHS 2014,2014,Low,High (20-50%),24.1%,[5.2%–57.4%],57%
Independent,GHA,84,1,0.143016220710875,0.137201565,0.04604993121902503,0.06988525015,0.24904996274999996,0.17916471259999997,0.3219909671093929,-0.457234541984822,-1.3494056574999997,0.40112361749999964,NA,NA,NA,NA,Effutu,DHS 2014,2014,Medium,Moderate (5-20%),14.3%,[7.0%–24.9%],32%
Independent,GHA,85,1,0.32462775571525,0.31658008000000004,0.09799427809481308,0.15838800949999998,0.5358636189999999,0.3774756094999999,0.3018666037317203,-0.18766314728096115,-0.9236652575,0.5334561642499999,NA,NA,NA,NA,Ekumfi,DHS 2014,2014,Medium,High (20-50%),32.5%,[15.8%–53.6%],30%
Independent,GHA,86,1,0.356213700333875,0.33859401,0.1597139320556285,0.1022039025,0.7000837614999998,0.5978798589999998,0.4483654949428685,-0.027278210647511875,-1.1395068925,1.085672945,NA,NA,NA,NA,Gomoa Central,DHS 2014,2014,Low,High (20-50%),35.6%,[10.2%–70.0%],45%
Independent,GHA,87,1,0.258148900007125,0.24758763,0.0916604339965332,0.1066375585,0.4636766874999998,0.3570391289999998,0.3550680789033126,-0.16255218755157913,-0.86723093725,0.5202844919999998,NA,NA,NA,NA,Gomoa East,DHS 2014,2014,Low,High (20-50%),25.8%,[10.7%–46.4%],36%
Independent,GHA,88,1,0.36455384654375,0.36409702,0.02512814342055803,0.31580313000000004,0.41590952049999996,0.10010639049999992,0.06892848246916634,-0.2957154934439475,-0.8216115970000001,0.2183687167499999,NA,NA,NA,NA,Gomoa West,DHS 2014,2014,High,High (20-50%),36.5%,[31.6%–41.6%],7%
Independent,GHA,89,1,0.31661100879875,0.30872019500000003,0.09870756003091555,0.148856021,0.5308812772499998,0.3820252562499998,0.31176288027829707,-0.17939196425631462,-1.0782934575,0.7218218832500001,NA,NA,NA,NA,Komenda-Edina-Eguafo-Abirem-,DHS 2014,2014,Medium,High (20-50%),31.7%,[14.9%–53.1%],31%
Independent,GHA,90,1,0.23215142510375,0.213714125,0.11050828543123081,0.0710045765,0.4900720002499999,0.41906742374999995,0.47601812214525036,-0.35266240873027127,-1.33974278,0.632219129749999,NA,NA,NA,NA,Mfantseman,DHS 2014,2014,Low,High (20-50%),23.2%,[7.1%–49.0%],48%
Independent,GHA,91,1,0.27513396860625,0.27480295,0.01973256794329413,0.23770187150000002,0.31461853749999996,0.07691666599999994,0.07171985357988937,-0.41798811138327213,-0.9431097420000001,0.10076085649999988,NA,NA,NA,NA,Twifo-Atti-Morkwa,DHS 2014,2014,High,High (20-50%),27.5%,[23.8%–31.5%],7%
Independent,GHA,92,1,0.4126799556425,0.40273190999999997,0.16140628282517733,0.134621978,0.7424126904999999,0.6077907124999999,0.3911173310413985,-0.0873007576482975,-1.1594205275,0.9602938334999996,NA,NA,NA,NA,Twifo-Hemang-Lower Denkyira,DHS 2014,2014,Low,High (20-50%),41.3%,[13.5%–74.2%],39%
Independent,GHA,93,1,0.36282546172925,0.34819452500000003,0.15368579321735198,0.11083574925,0.6935472404999999,0.58271149125,0.42358050751145027,-0.12169270641008087,-1.069170525,0.82730748025,NA,NA,NA,NA,Upper Denkyira East,DHS 2014,2014,Low,High (20-50%),36.3%,[11.1%–69.4%],42%
Independent,GHA,94,1,0.354355817144375,0.34062089,0.1512614320700986,0.10884121325,0.6761327924999998,0.5672915792499998,0.42686312669863763,0.030211099739056252,-0.8089517675,0.8797380065,NA,NA,NA,NA,Upper Denkyira West,DHS 2014,2014,Low,High (20-50%),35.4%,[10.9%–67.6%],43%
Independent,GHA,95,1,0.2256694759965,0.21152463,0.09764603048069737,0.077845078725,0.45667344125,0.37882836252499996,0.43269489615073947,-0.20445539778373398,-1.1218105099999998,0.71415037525,NA,NA,NA,NA,Abuakwa North,DHS 2014,2014,Low,High (20-50%),22.6%,[7.8%–45.7%],43%
Independent,GHA,96,1,0.5949673235375,0.5952801999999999,0.023324750716312237,0.54826771625,0.64062449225,0.09235677599999992,0.03920341469785291,0.5855211774862372,-0.17281548349999998,1.3441659124999998,NA,NA,NA,NA,Abuakwa South,DHS 2014,2014,High,Very high (≥50%),59.5%,[54.8%–64.1%],4%
Independent,GHA,97,1,0.352382945072,0.338315625,0.15217696637201214,0.1032011585,0.6764446267499999,0.5732434682499999,0.43185111112831764,-0.00830483420483765,-1.04464954,0.9847319459999984,NA,NA,NA,NA,Achiase,DHS 2014,2014,Low,High (20-50%),35.2%,[10.3%–67.6%],43%
Independent,GHA,98,1,0.283347882610125,0.264522955,0.1400465100056361,0.0736906444,0.6093899109999998,0.5356992665999998,0.4942564197606315,0.06067029706866625,-0.9677848005,1.110846035,NA,NA,NA,NA,Akwapem North,DHS 2014,2014,Low,High (20-50%),28.3%,[7.4%–60.9%],49%
Independent,GHA,99,1,0.277184456531625,0.254587905,0.1399872863979891,0.073229452725,0.6007891834999998,0.5275597307749997,0.5050329594582351,0.07135044703426438,-0.9572825185,1.0936554849999995,NA,NA,NA,NA,Akwapem South,DHS 2014,2014,Low,High (20-50%),27.7%,[7.3%–60.1%],51%
Independent,GHA,100,1,0.30123419818125,0.30091537,0.020787873782606266,0.261311635,0.34300174624999996,0.08169011124999997,0.0690090099600789,-0.09149740402969837,-0.829793982,0.6524253544999998,NA,NA,NA,NA,Akyemansa,DHS 2014,2014,High,High (20-50%),30.1%,[26.1%–34.3%],7%
Independent,GHA,101,1,0.6604169766825,0.661082605,0.022103363854374617,0.616049117,0.702046662,0.08599754500000001,0.0334688002198359,0.6514537095175863,0.10050474375,1.2040281549999998,NA,NA,NA,NA,Asene-Manso-Akroso,DHS 2014,2014,High,Very high (≥50%),66.0%,[61.6%–70.2%],3%
Independent,GHA,102,1,0.291020156098375,0.26980171,0.14247150609620493,0.079088190825,0.6197673945,0.540679203675,0.48955889518540624,0.01432520860688125,-1.002550615,1.0460671099999999,NA,NA,NA,NA,Asuogyaman,DHS 2014,2014,Low,High (20-50%),29.1%,[7.9%–62.0%],49%
Independent,GHA,103,1,0.72060836379125,0.7210427150000001,0.020151742013179985,0.6790991625000001,0.758532402,0.07943323949999992,0.02796490163832966,0.8401410517073813,0.07140893315,1.61455811,NA,NA,NA,NA,Atiwa East,DHS 2014,2014,High,Very high (≥50%),72.1%,[67.9%–75.9%],3%
Independent,GHA,104,1,0.333842126028625,0.31473633,0.15541024452080954,0.09136402125,0.6743440707499998,0.5829800494999998,0.46552017377065236,0.0453588499816,-1.0174175425,1.101961725,NA,NA,NA,NA,Atiwa West,DHS 2014,2014,Low,High (20-50%),33.4%,[9.1%–67.4%],47%
Independent,GHA,105,1,0.36389092752325,0.349777385,0.15577316796646037,0.10966851325000002,0.6907856044999998,0.5811170912499998,0.42807653663337786,0.09054205816378424,-0.8541992655,1.0269605174999998,NA,NA,NA,NA,Ayensuano,DHS 2014,2014,Low,High (20-50%),36.4%,[11.0%–69.1%],43%
Independent,GHA,106,1,0.3117941941995,0.29097781,0.14679499438062082,0.08654214277500001,0.6389210399999998,0.5523788972249998,0.47080733737682995,0.025564308928217875,-1.0001683024999999,1.0605577675000002,NA,NA,NA,NA,Birim Central,DHS 2014,2014,Low,High (20-50%),31.2%,[8.7%–63.9%],47%
Independent,GHA,107,1,0.34181292924125,0.3400651,0.04879678890790466,0.251318975,0.44276834024999995,0.19144936524999995,0.14275875700846913,0.045011811589913374,-0.71188943575,0.8220741182499998,NA,NA,NA,NA,Birim North,DHS 2014,2014,High,High (20-50%),34.2%,[25.1%–44.3%],14%
Independent,GHA,108,1,0.316672441277125,0.31028667499999996,0.08921124169652098,0.165072335,0.5102445232499999,0.34517218824999996,0.281714573382945,-0.022948916498375,-0.8805240297500001,0.8313817382499994,NA,NA,NA,NA,Birim South,DHS 2014,2014,Medium,High (20-50%),31.7%,[16.5%–51.0%],28%
Independent,GHA,109,1,0.286689956975,0.28645376,0.020333013589853396,0.247694244,0.32852265299999994,0.08082840899999993,0.07092335498737572,-0.0880639805808425,-0.82488166925,0.648349319749999,NA,NA,NA,NA,Denkyembour,DHS 2014,2014,High,High (20-50%),28.7%,[24.8%–32.9%],7%
Independent,GHA,110,1,0.175497224486625,0.16336949,0.07396979681701608,0.0658637592,0.35011594625,0.28425218705,0.4214869895144893,-0.32799987204004377,-1.254604725,0.5388253614999995,NA,NA,NA,NA,Fanteakwa North,DHS 2014,2014,Low,Moderate (5-20%),17.5%,[6.6%–35.0%],42%
Independent,GHA,111,1,0.330290000281625,0.309480675,0.15164233581709682,0.09542559407500001,0.6719502719999998,0.5765246779249997,0.4591187613545597,0.03148654567046375,-1.0184361675,1.1043094874999992,NA,NA,NA,NA,Fanteakwa South,DHS 2014,2014,Low,High (20-50%),33.0%,[9.5%–67.2%],46%
Independent,GHA,112,1,0.238240019025875,0.225647415,0.08904687109387154,0.09718696017500002,0.4392049302499999,0.3420179700749999,0.37376957682411976,-0.28962298002930315,-1.1949992875,0.6136487437499982,NA,NA,NA,NA,Kwaebibirem,DHS 2014,2014,Low,High (20-50%),23.8%,[9.7%–43.9%],37%
Independent,GHA,113,1,0.29607172337525,0.288242585,0.0877225871307916,0.1466612785,0.486540204,0.3398789255,0.29628829842561294,-0.3936965581737991,-1.2209108525,0.4632037957499998,NA,NA,NA,NA,Kwahu Afram Plains North,DHS 2014,2014,Medium,High (20-50%),29.6%,[14.7%–48.7%],30%
Independent,GHA,114,1,0.37618654313125,0.3756961,0.023561366323669408,0.33051839325,0.42267114749999996,0.09215275424999997,0.06263213491783234,-0.3714165713443825,-0.66049957975,-0.08659804867500005,NA,NA,NA,NA,Kwahu Afram Plains South,DHS 2014,2014,High,High (20-50%),37.6%,[33.1%–42.3%],6%
Independent,GHA,115,1,0.47543997389875,0.47485196,0.08823836312834357,0.30812541899999996,0.64938620525,0.34126078625000006,0.1855930674166133,0.2676862943788145,-0.54332452925,1.0993257799999991,NA,NA,NA,NA,Kwahu East,DHS 2014,2014,Medium,High (20-50%),47.5%,[30.8%–64.9%],19%
Independent,GHA,116,1,0.33014932498125,0.311314215,0.15158368794458035,0.09523024527500001,0.6624844642499996,0.5672542189749996,0.4591367495698777,0.0162994192316545,-1.0122008574999999,1.0457824249999998,NA,NA,NA,NA,Kwahu South,DHS 2014,2014,Low,High (20-50%),33.0%,[9.5%–66.2%],46%
Independent,GHA,117,1,0.202119501915,0.201607985,0.015970805949717184,0.1720699925,0.23529733625,0.06322734375,0.07901665004316902,-0.27055672227635,-1.0108452875,0.4731730102499995,NA,NA,NA,NA,Kwahu West,DHS 2014,2014,High,High (20-50%),20.2%,[17.2%–23.5%],8%
Independent,GHA,118,1,0.3235750351885,0.30434632,0.15050937068377446,0.08865839722500002,0.6569775949999996,0.5683191977749996,0.46514518833659274,0.0520517213521625,-0.9922151965,1.0836874549999997,NA,NA,NA,NA,Lower Manya-Krobo,DHS 2014,2014,Low,High (20-50%),32.4%,[8.9%–65.7%],47%
Independent,GHA,119,1,0.1453956067775,0.14520737,0.012252752846179034,0.1225500755,0.17074942875,0.04819935324999999,0.08427182304709877,-0.3800401476394321,-1.1334351325,0.3889082457499999,NA,NA,NA,NA,New Juaben North,DHS 2014,2014,High,Moderate (5-20%),14.5%,[12.3%–17.1%],8%
Independent,GHA,120,1,0.20988927911375,0.205231985,0.052419503660634616,0.12099182650000001,0.324653204,0.20366137749999996,0.24974836200292888,0.039409802150287,-0.493165369,0.5828032587499987,NA,NA,NA,NA,New Juaben South,DHS 2014,2014,Medium,High (20-50%),21.0%,[12.1%–32.5%],25%
Independent,GHA,121,1,0.380313295498875,0.36958496500000004,0.14383104935103985,0.13693105649999998,0.6839020825,0.546971026,0.3781909574377878,0.2418051972230175,-0.7397296277500001,1.2311013499999999,NA,NA,NA,NA,Nsawam Adoagyiri,DHS 2014,2014,Low,High (20-50%),38.0%,[13.7%–68.4%],38%
Independent,GHA,122,1,0.44232581860875,0.44250234499999996,0.024057765266857416,0.39571780850000005,0.48883175475000007,0.09311394625000002,0.05438924036251478,0.30652448118464276,-0.4417007335,1.0324421124999998,NA,NA,NA,NA,Okere,DHS 2014,2014,High,High (20-50%),44.2%,[39.6%–48.9%],5%
Independent,GHA,123,1,0.284782053409125,0.279747395,0.06945751001136577,0.164043983,0.43237754949999996,0.26833356649999995,0.2438970756053275,-0.03556512755497625,-0.5313898389999999,0.44940365024999984,NA,NA,NA,NA,Suhum,DHS 2014,2014,Medium,High (20-50%),28.5%,[16.4%–43.2%],24%
Independent,GHA,124,1,0.33370667117625,0.33313406,0.02194670121768906,0.29237165525,0.37819552525,0.08582387000000002,0.06576644434566226,-0.019672319387078,-0.7558115157499999,0.7250571379999998,NA,NA,NA,NA,Upper Manya,DHS 2014,2014,High,High (20-50%),33.4%,[29.2%–37.8%],7%
Independent,GHA,125,1,0.49108116646875,0.491125705,0.04152697597074353,0.41010875325,0.572278318,0.16216956474999994,0.08456234693208521,0.2984542513908025,-0.43533731749999993,1.0502455725000002,NA,NA,NA,NA,Upper West Akim,DHS 2014,2014,High,High (20-50%),49.1%,[41.0%–57.2%],8%
Independent,GHA,126,1,0.324006845777125,0.311278545,0.11688909200356316,0.132775408,0.5760688802499999,0.44329347224999993,0.360761179978178,0.1365177118809444,-0.456242478,0.7272260217499997,NA,NA,NA,NA,West Akim,DHS 2014,2014,Low,High (20-50%),32.4%,[13.3%–57.6%],36%
Independent,GHA,127,1,0.44788029926125,0.44750977999999997,0.043088686062474166,0.364557843,0.5318890725,0.16733122949999996,0.09620580796598155,0.3584938820905354,-0.40140201275,1.108266545,NA,NA,NA,NA,Yilo-Krobo,DHS 2014,2014,High,High (20-50%),44.8%,[36.5%–53.2%],10%
Independent,GHA,128,1,0.202095481205875,0.17667462499999997,0.11906264094512456,0.04479683055,0.4938541942499998,0.4490573636999998,0.5891405400788514,0.05612520780659625,-1.0090199899999999,1.10990351,NA,NA,NA,NA,Ablekuma Central,DHS 2014,2014,Low,High (20-50%),20.2%,[4.5%–49.4%],59%
Independent,GHA,129,1,0.15508549190375,0.14062921,0.0779233030806257,0.047370799150000004,0.34321561474999995,0.2958448156,0.5024538538329999,-0.0479781620882975,-1.00754924,0.9160349102499991,NA,NA,NA,NA,Ablekuma North,DHS 2014,2014,Low,Moderate (5-20%),15.5%,[4.7%–34.3%],50%
Independent,GHA,130,1,0.219881034879375,0.19595268,0.1243833966660183,0.052225837675000004,0.5202556449999993,0.4680298073249993,0.5656849702124336,0.053063122448660335,-0.957171799,1.0854901549999993,NA,NA,NA,NA,Ablekuma West,DHS 2014,2014,Low,High (20-50%),22.0%,[5.2%–52.0%],57%
Independent,GHA,131,1,0.174978806153875,0.16718363,0.05853737021217694,0.08352214325,0.30670691250000004,0.22318476925000003,0.33453977369521903,0.25772742918153124,-0.691282479,1.2412514174999996,NA,NA,NA,NA,Accra,DHS 2014,2014,Low,Moderate (5-20%),17.5%,[8.4%–30.7%],33%
Independent,GHA,132,1,0.34859966903475,0.3299592,0.15869233280977563,0.09751394595000001,0.69531502075,0.5978010748,0.45522800767190763,0.09073350462699376,-0.976746429,1.1636773024999996,NA,NA,NA,NA,Ada East,DHS 2014,2014,Low,High (20-50%),34.9%,[9.8%–69.5%],46%
Independent,GHA,133,1,0.397274766369375,0.385488385,0.16235936017620467,0.1228726155,0.7405433397499999,0.6176707242499999,0.4086827906538808,0.079510562406855,-0.9763400192499999,1.1497432374999998,NA,NA,NA,NA,Ada West,DHS 2014,2014,Low,High (20-50%),39.7%,[12.3%–74.1%],41%
Independent,GHA,134,1,0.2088491083745125,0.18414643,0.1195061589992783,0.047805063999999994,0.5020175687499999,0.4542125047499999,0.572212924102972,0.058853962880078,-0.98393907325,1.1182410975000001,NA,NA,NA,NA,Adenta,DHS 2014,2014,Low,High (20-50%),20.9%,[4.8%–50.2%],57%
Independent,GHA,135,1,0.183966685765,0.18315933499999998,0.0217672681670915,0.1435722845,0.228488698,0.08491641349999998,0.11832179329956034,0.005836176512272501,-0.7920630605000001,0.7943970137499999,NA,NA,NA,NA,Ashaiman,DHS 2014,2014,High,Moderate (5-20%),18.4%,[14.4%–22.8%],12%
Independent,GHA,136,1,0.219166097257625,0.190211105,0.13060237164932592,0.046077008575,0.540810814499999,0.494733805924999,0.5959059055370487,0.05786631437143125,-1.011827125,1.1242125299999999,NA,NA,NA,NA,Ayawaso Central,DHS 2014,2014,Low,High (20-50%),21.9%,[4.6%–54.1%],60%
Independent,GHA,137,1,0.1706819355505,0.15487543,0.0845674516265698,0.05130846045,0.3757753427499999,0.3244668822999999,0.49546808426922634,0.012809055189147288,-0.9625684685,1.00404187,NA,NA,NA,NA,Ayawaso East,DHS 2014,2014,Low,Moderate (5-20%),17.1%,[5.1%–37.6%],50%
Independent,GHA,138,1,0.2040426376795,0.1776106,0.12132021215660238,0.044965690324999995,0.5034925825,0.458526892175,0.5945826496673999,0.14259063524846124,-0.8178770855,1.1297106824999994,NA,NA,NA,NA,Ayawaso North,DHS 2014,2014,Low,High (20-50%),20.4%,[4.5%–50.3%],59%
Independent,GHA,139,1,0.16681274119875,0.16614854,0.014073587736400238,0.14094927399999999,0.195949494,0.055000220000000016,0.08436758268741702,0.10683357025200922,-0.7151629755,0.9124735147499994,NA,NA,NA,NA,Ayawaso West,DHS 2014,2014,High,Moderate (5-20%),16.7%,[14.1%–19.6%],8%
Independent,GHA,140,1,0.22936395220675,0.20425829,0.12667652168611093,0.056592876275,0.53216912225,0.47557624597500003,0.5522948155860341,0.04353026244431,-1.0048003225,1.0975051224999997,NA,NA,NA,NA,Ga Central,DHS 2014,2014,Low,High (20-50%),22.9%,[5.7%–53.2%],55%
Independent,GHA,141,1,0.165090801243375,0.15994721499999998,0.04974764664582302,0.08389134570000001,0.27573854174999995,0.19184719604999995,0.30133506089467454,-0.046592636484015126,-0.891051315,0.7803430384999998,NA,NA,NA,NA,Ga East,DHS 2014,2014,Medium,Moderate (5-20%),16.5%,[8.4%–27.6%],30%
Independent,GHA,142,1,0.239255387602125,0.21500684,0.1296158172088475,0.05932232885,0.5470223324999999,0.4877000036499999,0.5417467021657835,0.06895441526868025,-0.9867040454999999,1.1086945699999997,NA,NA,NA,NA,Ga North,DHS 2014,2014,Low,High (20-50%),23.9%,[5.9%–54.7%],54%
Independent,GHA,143,1,0.3537647491925,0.33436517,0.15940593150284613,0.10084814650000001,0.700609042,0.5997608955,0.4505986870277623,0.0410749812281125,-1.0174976475,1.0991739450000002,NA,NA,NA,NA,Ga South,DHS 2014,2014,Low,High (20-50%),35.4%,[10.1%–70.1%],45%
Independent,GHA,144,1,0.2808119984535,0.25889723499999995,0.14100683814457274,0.07541105987499999,0.6138535254999999,0.538442465625,0.5021396483096581,0.0544342054069745,-0.98180764125,1.0856622399999996,NA,NA,NA,NA,Ga West,DHS 2014,2014,Low,High (20-50%),28.1%,[7.5%–61.4%],50%
Independent,GHA,145,1,0.08634455355783958,0.021249393,0.15495684051119302,3.3149068574999996e-4,0.6162327412499994,0.6159012505642494,1.7946336407587324,0.05653949141737525,-1.0213886225,1.1358804025,NA,NA,NA,NA,Korle-Klottey,DHS 2014,2014,Low,Moderate (5-20%),8.6%,[0.0%–61.6%],179%
Independent,GHA,146,1,0.243695278504125,0.22157443500000001,0.12845396763692277,0.062124731025,0.5473463007499999,0.4852215697249999,0.5271089716034381,0.07173378962056162,-0.967229895,1.1013946549999998,NA,NA,NA,NA,Kpone-Katamanso,DHS 2014,2014,Low,High (20-50%),24.4%,[6.2%–54.7%],53%
Independent,GHA,147,1,0.21355137399425,0.187333845,0.1242981876882255,0.047243923050000004,0.5153437182499996,0.46809979519999956,0.5820528585855519,0.05001141882375375,-1.0329624149999999,1.1421282349999995,NA,NA,NA,NA,Krowor,DHS 2014,2014,Low,High (20-50%),21.4%,[4.7%–51.5%],58%
Independent,GHA,148,1,0.17467269697075,0.15859823,0.085444372606404,0.054956271775,0.38023330774999997,0.32527703597499996,0.4891684509841408,0.03566472757119825,-0.9544044319999999,0.9953931389999999,NA,NA,NA,NA,La-Dade-Kotopon,DHS 2014,2014,Low,Moderate (5-20%),17.5%,[5.5%–38.0%],49%
Independent,GHA,149,1,0.226883119902875,0.202879105,0.12373487864780262,0.054465089275,0.5247101809999993,0.47024509172499934,0.5453683760200915,0.25382081918615945,-0.6932732494999999,1.20642848,NA,NA,NA,NA,La-Nkwantanang-Madina,DHS 2014,2014,Low,High (20-50%),22.7%,[5.4%–52.5%],55%
Independent,GHA,150,1,0.156931550133875,0.143721235,0.07486002966392405,0.0511881856,0.33564974924999996,0.28446156364999997,0.47702345130767226,-0.12629435457740013,-1.0731285075,0.8338736582499994,NA,NA,NA,NA,Ledzokuku,DHS 2014,2014,Low,Moderate (5-20%),15.7%,[5.1%–33.6%],48%
Independent,GHA,151,1,0.2941987317465,0.27351209,0.14325554053140313,0.08121355802500002,0.6230069864999999,0.5417934284749999,0.4869345958120616,0.07875131332546376,-0.99497261,1.1660612325,NA,NA,NA,NA,Ningo-Prampram,DHS 2014,2014,Low,High (20-50%),29.4%,[8.1%–62.3%],49%
Independent,GHA,152,1,0.2491237275125,0.23388696,0.10433852320524875,0.09153898705,0.48789018749999996,0.39635120044999994,0.41882210196141784,0.2263680479401045,-0.71262099675,1.1862835374999996,NA,NA,NA,NA,Okaikwei North,DHS 2014,2014,Low,High (20-50%),24.9%,[9.2%–48.8%],42%
Independent,GHA,153,1,0.35673882841375,0.356368535,0.029545762013987634,0.29977964825000003,0.41549239174999997,0.11571274349999994,0.0828218283537112,0.95017763435625,0.5372512045000001,1.366604685,NA,NA,NA,NA,Shai Osudoku,DHS 2014,2014,High,High (20-50%),35.7%,[30.0%–41.5%],8%
Independent,GHA,154,1,0.19945852561895,0.17441497,0.12032048695607687,0.040930476875,0.4993559699999999,0.4584254931249999,0.6032356179446539,0.06489960696152625,-1.0605131025,1.1927370099999999,NA,NA,NA,NA,Tema,DHS 2014,2014,Low,Moderate (5-20%),19.9%,[4.1%–49.9%],60%
Independent,GHA,155,1,0.20313716502225,0.177316175,0.11978546682089615,0.04422654875,0.50289962525,0.4586730765,0.5896777520143881,0.0550620805327075,-1.0106856325000002,1.1030809824999996,NA,NA,NA,NA,Tema West,DHS 2014,2014,Low,High (20-50%),20.3%,[4.4%–50.3%],59%
Independent,GHA,156,1,0.132387222424,0.12091645000000001,0.06205745717924978,0.045905145975000006,0.28231870949999993,0.23641356352499993,0.46875715075052143,-0.261921568542655,-1.19868934,0.6550680799999989,NA,NA,NA,NA,Weija Gbawe,DHS 2014,2014,Low,Moderate (5-20%),13.2%,[4.6%–28.2%],47%
Independent,GHA,157,1,0.26974306269375,0.267630605,0.039399734884026406,0.197996498,0.35289972174999995,0.15490322374999996,0.1460639413320464,-0.17029759184206025,-0.6484117592499999,0.31307664424999954,NA,NA,NA,NA,Bunkpurugu Nakpanduri,DHS 2014,2014,High,High (20-50%),27.0%,[19.8%–35.3%],15%
Independent,GHA,158,1,0.35250246668775,0.33398503,0.15623998186228344,0.10205402125,0.6911854382499998,0.5891314169999998,0.44323088950376704,0.025513532893190374,-0.7779014810000001,0.8203257179999996,NA,NA,NA,NA,Chereponi,DHS 2014,2014,Low,High (20-50%),35.3%,[10.2%–69.1%],44%
Independent,GHA,159,1,0.070825033134,0.0705610455,0.006548258662333839,0.05872951135,0.0843534866,0.02562397525,0.09245683867093465,-0.917433602514625,-1.39454724,-0.45040963100000003,NA,NA,NA,NA,East Mamprusi,DHS 2014,2014,High,Moderate (5-20%),7.1%,[5.9%–8.4%],9%
Independent,GHA,160,1,0.2985246572525,0.27957686,0.14310489825891828,0.0803410227,0.63100259575,0.55066157305,0.4793737963758096,-0.12056479826949325,-0.9079043017499999,0.650672628,NA,NA,NA,NA,Mamprugu Moagduri,DHS 2014,2014,Low,High (20-50%),29.9%,[8.0%–63.1%],48%
Independent,GHA,161,1,0.097119900955375,0.09489829050000001,0.022700429933485738,0.05988800325,0.14806295849999998,0.08817495524999998,0.2337361314229121,-0.655572040436057,-1.160113855,-0.15077431225000062,NA,NA,NA,NA,West Mamprusi,DHS 2014,2014,Medium,Moderate (5-20%),9.7%,[6.0%–14.8%],23%
Independent,GHA,162,1,0.31339556486275,0.295248935,0.1442867174797491,0.088795834375,0.6302070442499998,0.5414112098749999,0.46039808362616347,-0.00802415993514775,-0.7835029045,0.7518728479999996,NA,NA,NA,NA,Yunyoo-Nasuan,DHS 2014,2014,Low,High (20-50%),31.3%,[8.9%–63.0%],46%
Independent,GHA,163,1,0.4316843369105,0.42757758,0.1299185476394304,0.19708932325000003,0.69427680225,0.49718747899999993,0.30095728876622657,0.19388193772337645,-0.4265620345,0.8307752109999994,NA,NA,NA,NA,Gushegu,DHS 2014,2014,Medium,High (20-50%),43.2%,[19.7%–69.4%],30%
Independent,GHA,164,1,0.33254697444125,0.332656445,0.02202178752390412,0.29013124525,0.37619541775,0.08606417249999998,0.06622158436685653,0.10193869217274,-0.68171667025,0.8719712339999999,NA,NA,NA,NA,Karaga,DHS 2014,2014,High,High (20-50%),33.3%,[29.0%–37.6%],7%
Independent,GHA,165,1,0.54635551313625,0.54646035,0.024765674525495697,0.49765213325,0.5938793040000001,0.09622717075000009,0.045328863587983305,-0.251247905239665,-0.54874630525,0.04225281627499976,NA,NA,NA,NA,Kpandai,DHS 2014,2014,High,Very high (≥50%),54.6%,[49.8%–59.4%],5%
Independent,GHA,166,1,0.29392670622925,0.27395516,0.14090984251724337,0.07930976672500001,0.6196663219999999,0.5403565552749999,0.4794046935202269,0.07631765519098332,-0.7398793735,0.889565391499999,NA,NA,NA,NA,Kumbungu,DHS 2014,2014,Low,High (20-50%),29.4%,[7.9%–62.0%],48%
Independent,GHA,167,1,0.63736429638375,0.63914251,0.056667161147252974,0.520934215,0.74057413825,0.21963992324999992,0.08890859037565904,0.4182091932336175,0.021541668875000003,0.8187482049999997,NA,NA,NA,NA,Mion,DHS 2014,2014,High,Very high (≥50%),63.7%,[52.1%–74.1%],9%
Independent,GHA,168,1,0.265885086255,0.24326185,0.1376878339162059,0.06687521007500001,0.587314791,0.520439580925,0.5178471491407941,-0.00808143306407125,-1.04210856,1.0273374624999996,NA,NA,NA,NA,Nanton,DHS 2014,2014,Low,High (20-50%),26.6%,[6.7%–58.7%],52%
Independent,GHA,169,1,0.56643363754375,0.56669154,0.02380393420648608,0.51843909325,0.613307026,0.09486793274999994,0.04202422424930144,0.2579849218554636,-0.2187535845,0.7281878414999999,NA,NA,NA,NA,Nanumba North,DHS 2014,2014,High,Very high (≥50%),56.6%,[51.8%–61.3%],4%
Independent,GHA,170,1,0.719780365455,0.72093041,0.03889722179796682,0.6377220735,0.79114154425,0.15341947075000006,0.054040404079900725,1.05364122766,0.5957578127500001,1.5294872849999999,NA,NA,NA,NA,Nanumba South,DHS 2014,2014,High,Very high (≥50%),72.0%,[63.8%–79.1%],5%
Independent,GHA,171,1,0.53438075452625,0.53420771,0.02435041049143958,0.48544545225,0.58188960325,0.09644415100000003,0.045567528929867984,0.58796991391775,0.3022781965,0.875259253,NA,NA,NA,NA,Saboba,DHS 2014,2014,High,Very high (≥50%),53.4%,[48.5%–58.2%],5%
Independent,GHA,172,1,0.1993082310377125,0.17401884499999998,0.11813521611122482,0.043955059624999994,0.49356177524999967,0.44960671562499965,0.592726228596508,-0.016552353422163376,-1.0300234925,1.0073936774999994,NA,NA,NA,NA,Sagnerigu,DHS 2014,2014,Low,Moderate (5-20%),19.9%,[4.4%–49.4%],59%
Independent,GHA,173,1,0.24654675013625,0.2451218,0.029728614983354204,0.19211652199999998,0.30817511374999995,0.11605859174999997,0.12058003184761176,0.22621567028091524,-0.16689506875,0.6044162829999997,NA,NA,NA,NA,Savelugu,DHS 2014,2014,High,High (20-50%),24.7%,[19.2%–30.8%],12%
Independent,GHA,174,1,0.225785136296,0.2002777,0.12755816366535924,0.052505467800000004,0.5387001029999998,0.48619463519999984,0.5649537686933161,-0.2832217467731866,-1.1612456325,0.5685343954999997,NA,NA,NA,NA,Tamale,DHS 2014,2014,Low,High (20-50%),22.6%,[5.3%–53.9%],56%
Independent,GHA,175,1,0.406682679786875,0.39481998500000004,0.16303578936612764,0.1326805565,0.7482081432500001,0.6155275867500001,0.4008918930394767,0.09937213034630263,-0.64203475025,0.8594809394999998,NA,NA,NA,NA,Tatale Sanguli,DHS 2014,2014,Low,High (20-50%),40.7%,[13.3%–74.8%],40%
Independent,GHA,176,1,0.38777636590375,0.387433605,0.0231707343250326,0.3435366595,0.43389874625,0.09036208675000001,0.059752827563461695,0.12787695396798238,-0.6316988654999999,0.8976240012499997,NA,NA,NA,NA,Tolon,DHS 2014,2014,High,High (20-50%),38.8%,[34.4%–43.4%],6%
Independent,GHA,177,1,0.308500460288875,0.28860499,0.14597073811934902,0.08467489747500001,0.6435853595,0.5589104620249999,0.4731621404475841,-0.1411531891205575,-1.0728848275,0.7701437657499994,NA,NA,NA,NA,Yendi,DHS 2014,2014,Low,High (20-50%),30.9%,[8.5%–64.4%],47%
Independent,GHA,178,1,0.38513794080625,0.383179805,0.06485796854201356,0.265382815,0.518609025,0.25322620999999995,0.16840191959857165,0.62783138702515,0.27177749825,0.9814277664999996,NA,NA,NA,NA,Zabzugu,DHS 2014,2014,Medium,High (20-50%),38.5%,[26.5%–51.9%],17%
Independent,GHA,179,1,0.22887181788375,0.227469935,0.03604873022994449,0.16430944225,0.30456647649999996,0.14025703424999997,0.15750619959795392,-0.3635203352913899,-0.9998526112499999,0.27785812624999995,NA,NA,NA,NA,Biakoye,DHS 2014,2014,High,High (20-50%),22.9%,[16.4%–30.5%],16%
Independent,GHA,180,1,0.36467504219875,0.348274825,0.1613481198049984,0.10342783575,0.7066166909999999,0.6031888552499999,0.4424435487336223,-0.03204589120433875,-1.111611345,1.026334119999998,NA,NA,NA,NA,Jasikan,DHS 2014,2014,Low,High (20-50%),36.5%,[10.3%–70.7%],44%
Independent,GHA,181,1,0.70796809313125,0.7083574699999999,0.020548285963736354,0.6670288865,0.74696394175,0.07993505525,0.029024310788998954,0.57774612888425,0.12817010550000002,1.0322555324999994,NA,NA,NA,NA,Kadjebi,DHS 2014,2014,High,Very high (≥50%),70.8%,[66.7%–74.7%],3%
Independent,GHA,182,1,0.3803834664075,0.378835265,0.05316258747786943,0.281627572,0.4874401555,0.20581258350000003,0.13976051057097477,9.966352456345748e-4,-0.53598784625,0.5322619762499999,NA,NA,NA,NA,Krachi East,DHS 2014,2014,High,High (20-50%),38.0%,[28.2%–48.7%],14%
Independent,GHA,183,1,0.16981319695375,0.16940985,0.013929593234939006,0.14345731475,0.19838499975,0.054927685000000004,0.0820289205127729,-0.75289911407275,-1.164914325,-0.3331841482500001,NA,NA,NA,NA,Krachi Nchumuru,DHS 2014,2014,High,Moderate (5-20%),17.0%,[14.3%–19.8%],8%
Independent,GHA,184,1,0.443898531555,0.44384792500000003,0.024207191680654057,0.39689543525,0.49149347224999995,0.09459803699999997,0.05453316458573311,0.0711465279389461,-0.692557552,0.8200842654999997,NA,NA,NA,NA,Krachi West,DHS 2014,2014,High,High (20-50%),44.4%,[39.7%–49.1%],5%
Independent,GHA,185,1,0.43926392083125,0.436588685,0.08968762588462041,0.2723040625,0.6208717722499998,0.3485677097499998,0.20417708268618606,0.32053734303661596,-0.20158343124999997,0.8322160937499999,NA,NA,NA,NA,Nkwanta North,DHS 2014,2014,Medium,High (20-50%),43.9%,[27.2%–62.1%],20%
Independent,GHA,186,1,0.2877669910475,0.28723578,0.020087513652696117,0.25046759,0.3275080225,0.07704043249999998,0.06980478747606042,-0.38672913769970624,-0.78679235625,0.0010082004249999089,NA,NA,NA,NA,Nkwanta South,DHS 2014,2014,High,High (20-50%),28.8%,[25.0%–32.8%],7%
Independent,GHA,187,1,0.358222051276625,0.34129467,0.1537916266602037,0.10994361475,0.687257921,0.57731430625,0.4293192619274107,0.020596954020731622,-0.7840877914999999,0.8330309164999998,NA,NA,NA,NA,Bole,DHS 2014,2014,Low,High (20-50%),35.8%,[11.0%–68.7%],43%
Independent,GHA,188,1,0.4461753402575,0.44502747499999995,0.08772307226080046,0.282057697,0.6226046494999999,0.34054695249999994,0.19661120717736905,-0.3325388218220001,-0.8938992629999999,0.226009029749999,NA,NA,NA,NA,Central Gonja,DHS 2014,2014,Medium,High (20-50%),44.6%,[28.2%–62.3%],20%
Independent,GHA,189,1,0.38277938354,0.37070720999999995,0.15958197490697767,0.12124925325,0.7211251479999998,0.5998758947499998,0.41690326535128436,0.2711265950605912,-0.54591158025,1.1194263524999999,NA,NA,NA,NA,East Gonja,DHS 2014,2014,Low,High (20-50%),38.3%,[12.1%–72.1%],42%
Independent,GHA,190,1,0.27309138817125,0.272120105,0.029935038169135807,0.217495838,0.33469489199999997,0.11719905399999997,0.10961546011976094,-0.8998086060663375,-1.4693037999999998,-0.341116825,NA,NA,NA,NA,North East Gonja,DHS 2014,2014,High,High (20-50%),27.3%,[21.7%–33.5%],11%
Independent,GHA,191,1,0.371122347758125,0.35433177,0.16098650974731832,0.107196365,0.7157191325,0.6085227675,0.4337828501026824,-0.3363836706830233,-1.3511343325,0.6547799247499995,NA,NA,NA,NA,North Gonja,DHS 2014,2014,Low,High (20-50%),37.1%,[10.7%–71.6%],43%
Independent,GHA,192,1,0.36272053210625,0.357346595,0.09709787473941978,0.19035005700000002,0.56522218625,0.37487212924999996,0.26769335106449765,0.070504683826885,-0.6460399815000001,0.7662866387499999,NA,NA,NA,NA,Sawla-Tuna-Kalba,DHS 2014,2014,Medium,High (20-50%),36.3%,[19.0%–56.5%],27%
Independent,GHA,193,1,0.340089977936375,0.32005444000000005,0.15431236695924128,0.098016455875,0.68373095725,0.585714501375,0.4537398246651963,-0.1549023577162756,-1.102687915,0.7678795577499997,NA,NA,NA,NA,West Gonja,DHS 2014,2014,Low,High (20-50%),34.0%,[9.8%–68.4%],45%
Independent,GHA,194,1,0.105123212931375,0.09679283550000001,0.04529403382635481,0.040623619275,0.21360527424999998,0.17298165497499998,0.43086614804974616,-0.4117970994098836,-1.1318956949999999,0.32453491149999963,NA,NA,NA,NA,Bawku,DHS 2014,2014,Low,Moderate (5-20%),10.5%,[4.1%–21.4%],43%
Independent,GHA,195,1,0.090352322609,0.0858300575,0.030584498237909725,0.043692003375,0.1623069789999999,0.1186149756249999,0.3385026234495847,-0.72463737454061,-1.2482387975,-0.2078236790000002,NA,NA,NA,NA,Bawku West,DHS 2014,2014,Low,Moderate (5-20%),9.0%,[4.4%–16.2%],34%
Independent,GHA,196,1,0.189106181647125,0.176353205,0.08279172131368628,0.06584784415,0.3829241469999998,0.3170763028499998,0.4378054730552219,0.01559694387664,-0.736406355,0.7654354474999999,NA,NA,NA,NA,Binduri,DHS 2014,2014,Low,Moderate (5-20%),18.9%,[6.6%–38.3%],44%
Independent,GHA,197,1,0.13904883765375,0.13370857,0.04368720812188974,0.07065048975,0.23965166499999996,0.16900117524999997,0.3141860720236775,-0.21137284875547813,-1.0608106775,0.63336860325,NA,NA,NA,NA,Bolga East,DHS 2014,2014,Medium,Moderate (5-20%),13.9%,[7.1%–24.0%],31%
Independent,GHA,198,1,0.11251589944975,0.10695824,0.038624288109767244,0.0543108293,0.20386243299999993,0.14955160369999992,0.3432784904058558,-0.26668095106922496,-0.9353311129999999,0.4209862754999996,NA,NA,NA,NA,Bolgatanga,DHS 2014,2014,Low,Moderate (5-20%),11.3%,[5.4%–20.4%],34%
Independent,GHA,199,1,0.155081152282625,0.138655715,0.07989884826271323,0.045351648074999994,0.350269149,0.30491750092500003,0.5152066971820208,-0.37148821376262914,-1.2926402775,0.5206196652499991,NA,NA,NA,NA,Bongo,DHS 2014,2014,Low,Moderate (5-20%),15.5%,[4.5%–35.0%],52%
Independent,GHA,200,1,0.112774164770375,0.11234324,0.009840711844199247,0.0942407693,0.13303813225000002,0.038797362950000025,0.0872603389635951,-0.45153056461858626,-1.2723455675,0.3305304472499998,NA,NA,NA,NA,Builsa North,DHS 2014,2014,High,Moderate (5-20%),11.3%,[9.4%–13.3%],9%
Independent,GHA,201,1,0.45078051252375,0.45067585,0.024520942286396175,0.40321403525,0.49878234774999997,0.09556831249999997,0.05439663340616184,0.3534795276085624,-0.42414063875,1.1582199974999998,NA,NA,NA,NA,Builsa South,DHS 2014,2014,High,High (20-50%),45.1%,[40.3%–49.9%],5%
Independent,GHA,202,1,0.26787220537375,0.244160375,0.1350190101369719,0.07053823387500002,0.5873730584999998,0.5168348246249997,0.504042627149711,0.26216837809353727,-0.59487085475,1.1470614575,NA,NA,NA,NA,Garu,DHS 2014,2014,Low,High (20-50%),26.8%,[7.1%–58.7%],50%
Independent,GHA,203,1,0.17913156759325,0.167903145,0.0717895912438394,0.0727425288,0.35074464874999994,0.27800211994999996,0.40076460117208607,-0.16512577645334361,-1.0702545775,0.72804543625,NA,NA,NA,NA,Kasena Nankana East,DHS 2014,2014,Low,Moderate (5-20%),17.9%,[7.3%–35.1%],40%
Independent,GHA,204,1,0.106303546446875,0.0996728955,0.0404768673634368,0.046146568825,0.20132108499999996,0.15517451617499994,0.3807668578927895,-0.5871914434373434,-1.49720795,0.309459001499999,NA,NA,NA,NA,Kasena Nankana West,DHS 2014,2014,Low,Moderate (5-20%),10.6%,[4.6%–20.1%],38%
Independent,GHA,205,1,0.314007261112125,0.292838635,0.15379856213238052,0.077240436375,0.6562025679999998,0.5789621316249998,0.4897930117528794,0.127987827457961,-0.7100386470000001,0.9693908137499998,NA,NA,NA,NA,Nabdam,DHS 2014,2014,Low,High (20-50%),31.4%,[7.7%–65.6%],49%
Independent,GHA,206,1,0.28447791141375,0.28383131,0.020509808992911306,0.24565541225,0.32643508225,0.08077967,0.07209631458198333,0.303562646033357,-0.27093094824999997,0.8816857012499998,NA,NA,NA,NA,Pusiga,DHS 2014,2014,High,High (20-50%),28.4%,[24.6%–32.6%],7%
Independent,GHA,207,1,0.228545360515375,0.22333112500000002,0.056041120892646436,0.13426127325,0.35143229825,0.217171025,0.24520786930993668,0.05408017924690515,-0.5149306082499999,0.6376495065,NA,NA,NA,NA,Talensi,DHS 2014,2014,Medium,High (20-50%),22.9%,[13.4%–35.1%],25%
Independent,GHA,208,1,0.11644768646,0.11591925,0.012409436948909424,0.09428661305000001,0.14263515999999998,0.048348546949999974,0.10656662511858567,-0.20889593895400363,-0.6449708817500001,0.22169938299999994,NA,NA,NA,NA,Tempane,DHS 2014,2014,High,Moderate (5-20%),11.6%,[9.4%–14.3%],11%
Independent,GHA,209,1,0.55064512298625,0.550822505,0.02457049576791458,0.5026748502499999,0.5981769822499999,0.09550213200000002,0.04462129008727845,1.8482590544525,1.405719635,2.3146571325,NA,NA,NA,NA,Daffiama-Bussie-Issa,DHS 2014,2014,High,Very high (≥50%),55.1%,[50.3%–59.8%],4%
Independent,GHA,210,1,0.36107358409625,0.35894145,0.05169718595926928,0.26797285425,0.4676478094999999,0.1996749552499999,0.14317631706197748,-0.28080877366746376,-0.97048530725,0.4000009747499998,NA,NA,NA,NA,Jirapa,DHS 2014,2014,High,High (20-50%),36.1%,[26.8%–46.8%],14%
Independent,GHA,211,1,0.204467042885125,0.200542755,0.045591262088311366,0.1257888815,0.30482742574999994,0.17903854424999993,0.22297609162336127,0.1092906630632515,-0.45158005525,0.6607569754999993,NA,NA,NA,NA,Lambussie-Karni,DHS 2014,2014,Medium,High (20-50%),20.4%,[12.6%–30.5%],22%
Independent,GHA,212,1,0.4557481644475,0.45484845500000004,0.0890339756671462,0.28650971225,0.629424546,0.34291483375,0.19535783709646182,0.8734472249224722,0.21511465950000003,1.5631538174999997,NA,NA,NA,NA,Lawra,DHS 2014,2014,Medium,High (20-50%),45.6%,[28.7%–62.9%],20%
Independent,GHA,213,1,0.3864191487375,0.386287215,0.02428656822830511,0.339897209,0.43551881074999993,0.09562160174999995,0.06285032278460745,0.23258477024418373,-0.581890401,1.0586719924999997,NA,NA,NA,NA,Nadowli-Kaleo,DHS 2014,2014,High,High (20-50%),38.6%,[34.0%–43.6%],6%
Independent,GHA,214,1,0.577831256225,0.577929645,0.02425173406604026,0.5291112185,0.6246971145,0.095585896,0.04197027039429821,0.6565654601872125,0.20463814325,1.133477215,NA,NA,NA,NA,Nandom,DHS 2014,2014,High,Very high (≥50%),57.8%,[52.9%–62.5%],4%
Independent,GHA,215,1,0.118930084291125,0.11500873,0.0332243010823413,0.06580393779999999,0.19534211699999998,0.1295381792,0.27935993891177807,-0.1302496715541666,-0.73660051575,0.49781264624999916,NA,NA,NA,NA,Sissala East,DHS 2014,2014,Medium,Moderate (5-20%),11.9%,[6.6%–19.5%],28%
Independent,GHA,216,1,0.33590447965125,0.33373913499999996,0.05421179742340321,0.237382482,0.4490337995,0.2116513175,0.16139051637444118,0.09428524915055224,-0.640773276,0.8329605825,NA,NA,NA,NA,Sissala West,DHS 2014,2014,Medium,High (20-50%),33.6%,[23.7%–44.9%],16%
Independent,GHA,217,1,0.16978041981625,0.16956622999999998,0.014194137987735816,0.143420717,0.19859748875,0.05517677174999999,0.08360291488911296,-0.41854441338909376,-0.9591881095,0.11829273924999986,NA,NA,NA,NA,Wa East,DHS 2014,2014,High,Moderate (5-20%),17.0%,[14.3%–19.9%],8%
Independent,GHA,218,1,0.21003529047549999,0.197693285,0.08942386243987409,0.07746731407499999,0.4200820594999996,0.3426147454249996,0.42575636807236983,-0.14675142584322,-0.8959650275,0.6131929714999992,NA,NA,NA,NA,Wa Municipal,DHS 2014,2014,Low,High (20-50%),21.0%,[7.7%–42.0%],43%
Independent,GHA,219,1,0.593654166025,0.599388955,0.11969026550942032,0.34772124275,0.81239541675,0.46467417400000005,0.20161614683990933,0.2757262244109134,-0.5049879932499999,1.0678952825,NA,NA,NA,NA,Wa West,DHS 2014,2014,Medium,Very high (≥50%),59.4%,[34.8%–81.2%],20%
Independent,GHA,220,1,0.35228774048675,0.33609251,0.1597212835304474,0.09935712699999999,0.7004254587499998,0.6010683317499999,0.45338303089901233,0.03962318253758,-1.045332045,1.1419937049999997,NA,NA,NA,NA,Adaklu,DHS 2014,2014,Low,High (20-50%),35.2%,[9.9%–70.0%],45%
Independent,GHA,221,1,0.33593049009675,0.317677555,0.15178284692018118,0.09606251980000001,0.6690593804999998,0.5729968606999998,0.45182813526830146,-0.01314882007803625,-1.04026039,0.9926648112499988,NA,NA,NA,NA,Afadzato South,DHS 2014,2014,Low,High (20-50%),33.6%,[9.6%–66.9%],45%
Independent,GHA,222,1,0.389873918712875,0.375350095,0.1613015829902914,0.12111924125,0.73043873125,0.6093194900000001,0.4137275545971643,0.06562594992645063,-1.000514265,1.1299621475,NA,NA,NA,NA,Agotime Ziope,DHS 2014,2014,Low,High (20-50%),39.0%,[12.1%–73.0%],41%
Independent,GHA,223,1,0.430682532855875,0.42175688499999997,0.16648547941645409,0.13934548775,0.7717524414999999,0.6324069537499999,0.3865619492680176,0.07712085248642,-1.0092096525,1.1534361574999994,NA,NA,NA,NA,Akatsi North,DHS 2014,2014,Low,High (20-50%),43.1%,[13.9%–77.2%],39%
Independent,GHA,224,1,0.4693581772315,0.466897235,0.14603884229094263,0.20212265950000002,0.7592585862499998,0.5571359267499998,0.3111458356864045,0.9852243449117125,0.30359168775,1.6651440374999997,NA,NA,NA,NA,Akatsi South,DHS 2014,2014,Medium,High (20-50%),46.9%,[20.2%–75.9%],31%
Independent,GHA,225,1,0.59700017411875,0.598898655,0.05794116884852387,0.480798623,0.70585835575,0.22505973275000002,0.09705385586202313,0.5223936506831025,-0.29441525775,1.3379919399999998,NA,NA,NA,NA,Anloga,DHS 2014,2014,High,Very high (≥50%),59.7%,[48.1%–70.6%],10%
Independent,GHA,226,1,0.393602572979,0.37905968,0.16204804888558363,0.125001019,0.7348735404999999,0.6098725214999998,0.4117047499438715,0.06271464137070062,-0.9748747767499999,1.0912678675,NA,NA,NA,NA,Central Tongu,DHS 2014,2014,Low,High (20-50%),39.4%,[12.5%–73.5%],41%
Independent,GHA,227,1,0.208409918889125,0.193911575,0.0924306438009814,0.0724162409,0.42816012275,0.35574388185,0.4435040534234597,-0.22643440263299766,-1.1719634824999998,0.6911586202499995,NA,NA,NA,NA,Ho Municipal,DHS 2014,2014,Low,High (20-50%),20.8%,[7.2%–42.8%],44%
Independent,GHA,228,1,0.2897808919265,0.269300035,0.14096790716364083,0.077626084875,0.612037205,0.534411120125,0.4864637769125092,0.0258081520537935,-1.0322939175,1.0710574524999994,NA,NA,NA,NA,Ho West,DHS 2014,2014,Low,High (20-50%),29.0%,[7.8%–61.2%],49%
Independent,GHA,229,1,0.16162606439375,0.14677753,0.08004523805098862,0.049711240425,0.35310297599999985,0.3033917355749999,0.49524956479781695,-0.873732136382655,-1.6961466475,-0.07822023142500005,NA,NA,NA,NA,Hohoe,DHS 2014,2014,Low,Moderate (5-20%),16.2%,[5.0%–35.3%],50%
Independent,GHA,230,1,0.36880812242325,0.353358725,0.1618343450375881,0.10798807975000001,0.71017595225,0.6021878724999999,0.43880363581544024,0.0775539781413825,-1.006826505,1.1572522475,NA,NA,NA,NA,Keta Municipal,DHS 2014,2014,Low,High (20-50%),36.9%,[10.8%–71.0%],44%
Independent,GHA,231,1,0.3348816453875,0.334291495,0.022355149794753643,0.29222645725,0.37838161074999993,0.08615515349999991,0.06675537492921099,-0.016813463145412873,-0.5412397862499999,0.5006180887499997,NA,NA,NA,NA,Ketu North,DHS 2014,2014,High,High (20-50%),33.5%,[29.2%–37.8%],7%
Independent,GHA,232,1,0.216560279705125,0.201133655,0.10046235768593957,0.069016463,0.45243895875,0.38342249575,0.4639002028568311,-0.3694109501162425,-1.392549095,0.62859258575,NA,NA,NA,NA,Ketu South,DHS 2014,2014,Low,High (20-50%),21.7%,[6.9%–45.2%],46%
Independent,GHA,233,1,0.251583011178875,0.23351366499999998,0.1145261792446525,0.07903957985,0.5201464807499999,0.44110690089999993,0.4552222294661408,0.34312930624346927,-0.32820598549999996,1.0300097449999996,NA,NA,NA,NA,Kpando,DHS 2014,2014,Low,High (20-50%),25.2%,[7.9%–52.0%],46%
Independent,GHA,234,1,0.33217642634775,0.31446202,0.1519683005418119,0.09452578745,0.671260451,0.57673466355,0.4574927312352948,-0.01990444239966875,-1.05146204,1.0413531575,NA,NA,NA,NA,North Dayi,DHS 2014,2014,Low,High (20-50%),33.2%,[9.5%–67.1%],46%
Independent,GHA,235,1,0.38372281118775,0.36770559999999997,0.15825734125553167,0.1230027135,0.72173223275,0.59872951925,0.41242620100085386,-0.18706789357879464,-1.1013123825,0.7507016687499996,NA,NA,NA,NA,North Tongu,DHS 2014,2014,Low,High (20-50%),38.4%,[12.3%–72.2%],41%
Independent,GHA,236,1,0.327442415155125,0.30892856,0.15038008599279015,0.0921431629,0.6591214265,0.5669782636,0.4592565869071909,-0.33664487052970066,-1.0793564500000001,0.3976290592499993,NA,NA,NA,NA,South Dayi,DHS 2014,2014,Low,High (20-50%),32.7%,[9.2%–65.9%],46%
Independent,GHA,237,1,0.380450652097625,0.36768791,0.16142789658472517,0.11284419475,0.71668876025,0.6038445655,0.42430705715626477,0.08333775365118264,-0.9808479745,1.1185524574999999,NA,NA,NA,NA,South Tongu,DHS 2014,2014,Low,High (20-50%),38.0%,[11.3%–71.7%],42%
Independent,GHA,238,1,0.4527006617675,0.45064866000000003,0.08553623833477753,0.2873905505,0.62406733475,0.33667678424999997,0.18894657233504908,-0.30803913957272,-0.89481142525,0.2658406714999999,NA,NA,NA,NA,Ahanta West,DHS 2014,2014,Medium,High (20-50%),45.3%,[28.7%–62.4%],19%
Independent,GHA,239,1,0.2715445174955,0.258681365,0.10583974325927761,0.10413024200000001,0.51007649899999985,0.40594625699999987,0.3897693985334525,-0.23659125514054713,-1.1799642375000001,0.7087521904999998,NA,NA,NA,NA,Effia Kwesimintsim,DHS 2014,2014,Low,High (20-50%),27.2%,[10.4%–51.0%],39%
Independent,GHA,240,1,0.515557336531125,0.51724338,0.16907173428294806,0.1928619815,0.8279976922499999,0.6351357107499999,0.32793973105014856,-0.07947065527682225,-1.16398706,1.0122640799999996,NA,NA,NA,NA,Ellembelle,DHS 2014,2014,Medium,Very high (≥50%),51.6%,[19.3%–82.8%],33%
Independent,GHA,241,1,0.396910784899375,0.39059761,0.11638282913942823,0.19197290424999996,0.6362528384999999,0.44427993424999995,0.29322163460217804,-0.30309547271993736,-0.9960915367499998,0.3908391944999997,NA,NA,NA,NA,Jomoro,DHS 2014,2014,Medium,High (20-50%),39.7%,[19.2%–63.6%],29%
Independent,GHA,242,1,0.4216837280275,0.42093500500000003,0.05651983781650426,0.315257512,0.53505434425,0.21979683224999996,0.1340337178313372,-0.129226652980803,-0.92508203275,0.6525963054999998,NA,NA,NA,NA,Mpohor,DHS 2014,2014,High,High (20-50%),42.2%,[31.5%–53.5%],13%
Independent,GHA,243,1,0.6638911696825,0.66433944,0.02211188198992557,0.6182775157500001,0.7061098007499998,0.08783228499999973,0.03330648606231708,-0.25405943810125675,-0.68740258875,0.17078265899999992,NA,NA,NA,NA,Nzema East,DHS 2014,2014,High,Very high (≥50%),66.4%,[61.8%–70.6%],3%
Independent,GHA,244,1,0.34621331690375,0.341949105,0.07849263153161114,0.20379080324999999,0.5082198879999998,0.30442908474999986,0.22671754002296998,-0.6485409429228738,-1.3605572625,0.06059832124999976,NA,NA,NA,NA,Prestea-Huni Valley,DHS 2014,2014,Medium,High (20-50%),34.6%,[20.4%–50.8%],23%
Independent,GHA,245,1,0.3734894151935,0.36852047,0.10949689568135673,0.18090102875,0.6017343597499999,0.42083333099999987,0.29317268770422267,0.081696299226271,-0.8450305124999999,0.9860804322499997,NA,NA,NA,NA,Sekondi Takoradi,DHS 2014,2014,Medium,High (20-50%),37.3%,[18.1%–60.2%],29%
Independent,GHA,246,1,0.3911082887185,0.37676655000000003,0.16361400161710618,0.12135152800000001,0.7302252880000001,0.60887376,0.4183342729789787,-0.11339938354101226,-1.1695645625000002,0.9617789244999997,NA,NA,NA,NA,Shama,DHS 2014,2014,Low,High (20-50%),39.1%,[12.1%–73.0%],42%
Independent,GHA,247,1,0.540068415355,0.5412656600000001,0.06984109551496082,0.40027638125,0.6738209249999999,0.2735445437499999,0.12931897798365521,-0.07105102063071687,-0.73395383075,0.612625904499999,NA,NA,NA,NA,Tarkwa Nsuaem,DHS 2014,2014,High,Very high (≥50%),54.0%,[40.0%–67.4%],13%
Independent,GHA,248,1,0.74471234469375,0.745070525,0.018618011681013093,0.7061323897499999,0.779792782,0.0736603922500001,0.025000272673967056,0.3726974736857465,0.011239189950000011,0.7216993079999997,NA,NA,NA,NA,Wassa Amenfi Central,DHS 2014,2014,High,Very high (≥50%),74.5%,[70.6%–78.0%],3%
Independent,GHA,249,1,0.36373443562125,0.363333745,0.023166976018861276,0.31916241749999996,0.41070908349999996,0.091546666,0.06369200644776075,-0.18046896012782326,-0.8039743659999999,0.44632845424999995,NA,NA,NA,NA,Wassa Amenfi East,DHS 2014,2014,High,High (20-50%),36.4%,[31.9%–41.1%],6%
Independent,GHA,250,1,0.7096028495975,0.710140025,0.02039317868337192,0.6680537580000001,0.74823685125,0.08018309324999984,0.02873886244247654,0.15103454467388464,-0.3598394285,0.6600392647499997,NA,NA,NA,NA,Wassa Amenfi West,DHS 2014,2014,High,Very high (≥50%),71.0%,[66.8%–74.8%],3%
Independent,GHA,251,1,0.14707271914125,0.14659914000000002,0.012523139621205244,0.1238750595,0.17278355375,0.04890849425000002,0.08514930365282704,-0.68257908517451,-1.2215507425,-0.14540869675000037,NA,NA,NA,NA,Wassa East,DHS 2014,2014,High,Moderate (5-20%),14.7%,[12.4%–17.3%],9%
Independent,GHA,252,1,0.349220256665125,0.34107197,0.10824450064216468,0.16278771225000002,0.5812217917499999,0.4184340794999999,0.30996054374349397,-0.36077042935213194,-1.26108197,0.5263506429999999,NA,NA,NA,NA,Aowin,DHS 2014,2014,Medium,High (20-50%),34.9%,[16.3%–58.1%],31%
Independent,GHA,253,1,0.63884614231125,0.63911332,0.022464651017227253,0.593359757,0.6826547660000001,0.08929500900000009,0.035164415231425675,0.39216857170032626,-0.37470815775,1.1321127174999999,NA,NA,NA,NA,Bia East,DHS 2014,2014,High,Very high (≥50%),63.9%,[59.3%–68.3%],4%
Independent,GHA,254,1,0.419822827916375,0.409316275,0.16799778503811783,0.13099533149999998,0.760871965,0.6298766335,0.400163530582433,-0.354515177507691,-1.3469777175000002,0.63401752199999994,NA,NA,NA,NA,Bia West,DHS 2014,2014,Low,High (20-50%),42.0%,[13.1%–76.1%],40%
Independent,GHA,255,1,0.211817066324375,0.20175135500000002,0.07903569258001873,0.08773130292499999,0.39663092749999995,0.308899624575,0.37313184414981976,-0.6180032124377443,-1.325160585,0.09208394275,NA,NA,NA,NA,Bibiani-Anhwiaso-Bekwai-,DHS 2014,2014,Low,High (20-50%),21.2%,[8.8%–39.7%],37%
Independent,GHA,256,1,0.391207387437375,0.376550245,0.1614662905074098,0.12258946075,0.7297465405,0.60715707975,0.41273834721042313,-0.052522201448977,-1.1193181225,1.01470959,NA,NA,NA,NA,Bodi,DHS 2014,2014,Low,High (20-50%),39.1%,[12.3%–73.0%],41%
Independent,GHA,257,1,0.383662919585125,0.37072104,0.15510343459262227,0.12732749225,0.7088269164999996,0.5814994242499996,0.4042700680074682,-0.227636306901375,-1.10501959,0.6351633752499997,NA,NA,NA,NA,Juaboso,DHS 2014,2014,Low,High (20-50%),38.4%,[12.7%–70.9%],40%
Independent,GHA,258,1,0.55276337646125,0.553045485,0.02499439608653416,0.50332260675,0.60213853275,0.098815926,0.04521717094671942,0.2289418487888635,-0.53615146375,0.9998641012499999,NA,NA,NA,NA,Sefwi-Akontombra,DHS 2014,2014,High,Very high (≥50%),55.3%,[50.3%–60.2%],5%
Independent,GHA,259,1,0.479539355145,0.47867199,0.051929627821840615,0.37966491925,0.5805306665,0.20086574724999995,0.1082906486499705,0.1080302203509975,-0.40239167125,0.6080814282499998,NA,NA,NA,NA,Sefwi-Wiawso,DHS 2014,2014,High,High (20-50%),48.0%,[38.0%–58.1%],11%
Independent,GHA,260,1,0.393461829607125,0.37941707999999996,0.16233027436323966,0.124657693,0.7300455419999995,0.6053878489999995,0.4125693069778276,-0.06676294941973825,-1.12466531,0.9767726474999999,NA,NA,NA,NA,Suaman,DHS 2014,2014,Low,High (20-50%),39.3%,[12.5%–73.0%],41%
Independent,GHA,1,2,0.12875924385075,0.12556631000000001,0.0329850369464884,0.074862966175,0.20230446024999998,0.127441494075,0.25617606907293333,-0.2705983478905925,-0.9542142914999999,0.41238886774999994,-1.140428338325,-0.148817341157375,-0.42905165724345606,0.9045,Asunafo North,DHS 2022,2022,Medium,Moderate (5-20%),12.9%,[7.5%–20.2%],26%
Independent,GHA,2,2,0.171336912105125,0.164458505,0.05523030850763938,0.0841593544,0.29952964749999994,0.21537029309999994,0.32234915307538886,-0.06706497049234625,-0.48251633325,0.36111851649999976,-1.140428338325,-0.115770878696125,-0.40065551692985063,0.96175,Asunafo South,DHS 2022,2022,Medium,Moderate (5-20%),17.1%,[8.4%–30.0%],32%
Independent,GHA,3,2,0.086856052118625,0.0775481475,0.04630910290085044,0.026302074375,0.20422774249999995,0.17792566812499994,0.5331707091361125,-0.30073681630146265,-1.2176417325,0.6235525787499985,-1.140428338325,-0.259267301216875,-0.6790421763400311,0.97275,Asutifi North,DHS 2022,2022,Low,Moderate (5-20%),8.7%,[2.6%–20.4%],53%
Independent,GHA,4,2,0.1506424006535,0.14431319,0.04675327717730853,0.077365549325,0.25409453525,0.17672898592499997,0.31035934753089894,0.01191145512887625,-0.7914876737500001,0.8334763169999999,-1.140428338325,-0.20332445112125,-0.4543959916537119,0.905875,Asutifi South,DHS 2022,2022,Medium,Moderate (5-20%),15.1%,[7.7%–25.4%],31%
Independent,GHA,5,2,0.1023290681555,0.09973096000000001,0.026091563148709612,0.059971281324999993,0.16047417875,0.10050289742500002,0.25497704238897867,0.3408356289564939,-0.04461615047499998,0.7211397804999997,-1.140428338325,-0.4577888330395,-0.8169648029043671,1,Tano North,DHS 2022,2022,Medium,Moderate (5-20%),10.2%,[6.0%–16.0%],25%
Independent,GHA,6,2,0.129092230949875,0.11835718,0.05893434106569998,0.045618256875,0.27399634449999977,0.22837808762499978,0.456528953230218,-0.4138286898505362,-1.20165627,0.3558544862499998,-1.140428338325,-0.0994926301105,-0.3178303387642377,0.826375,Tano South,DHS 2022,2022,Low,Moderate (5-20%),12.9%,[4.6%–27.4%],46%
Independent,GHA,7,2,0.1838270560805,0.15968682,0.10859561118114576,0.0427255174,0.4530842847499998,0.41035876734999976,0.5907487912638414,-0.013114100254401627,-1.0326128025,1.0364126174999992,-1.140428338325,-0.20553715434275,-0.41704924254270764,0.86375,Adansi Akrofuom,DHS 2022,2022,Low,Moderate (5-20%),18.4%,[4.3%–45.3%],59%
Independent,GHA,8,2,0.184593108623,0.15912914,0.10988330590009826,0.042515836725,0.4613375145,0.418821677775,0.5952730669080188,0.0010896017385547498,-1.0637109649999998,1.0472010099999993,-1.140428338325,-0.181708719922125,-0.3613742350585081,0.840375,Adansi Asokwa,DHS 2022,2022,Low,Moderate (5-20%),18.5%,[4.3%–46.1%],60%
Independent,GHA,9,2,0.123210222353675,0.10186426500000001,0.08197823945657308,0.0246812425,0.33587179649999993,0.31119055399999995,0.6653525810646985,-0.3011318471062063,-1.05599092,0.4566398949999998,-1.140428338325,-0.045654875751325,-0.26658637033003524,0.7685,Adansi North,DHS 2022,2022,Low,Moderate (5-20%),12.3%,[2.5%–33.6%],67%
Independent,GHA,10,2,0.2016816562855,0.17779595999999998,0.1154900840005843,0.046357759975,0.48658137025000003,0.440223610275,0.5726355392336567,-0.00385842860338525,-1.04867589,1.0364846074999998,-1.140428338325,-0.199962762851625,-0.38695231466070634,0.85325,Adansi South,DHS 2022,2022,Low,High (20-50%),20.2%,[4.6%–48.7%],57%
Independent,GHA,11,2,0.32989427152375,0.32963692499999997,0.021895347215781045,0.288263465,0.37302387225,0.08476040725,0.06637080151361385,0.5101633781865338,-0.23357716874999998,1.2459116274999997,-1.140428338325,-0.05035984207725,0.09156771324394314,0.58925,Afigya-Kwabre North,DHS 2022,2022,High,High (20-50%),33.0%,[28.8%–37.3%],7%
Independent,GHA,12,2,0.10090085878775,0.0946531685,0.03807968411723307,0.0451761642,0.19028068649999996,0.14510452229999996,0.377397026890877,0.712839474627675,0.23005700225,1.2072283275,-1.140428338325,-0.493064548021,-0.8298667246120287,1,Afigya-Kwabre South,DHS 2022,2022,Low,Moderate (5-20%),10.1%,[4.5%–19.0%],38%
Independent,GHA,13,2,0.155757065200625,0.134071055,0.09535919721243376,0.03490406325,0.3977812169999999,0.3628771537499999,0.6122303157780038,-0.0449537442360975,-1.0724064475,1.0399524624999998,-1.140428338325,-0.201057273325625,-0.4507322061130519,0.879625,Ahafo-Ano North,DHS 2022,2022,Low,Moderate (5-20%),15.6%,[3.5%–39.8%],61%
Independent,GHA,14,2,0.177289585874,0.154024405,0.10556535555424294,0.039350300525000007,0.4370728049999999,0.3977225044749999,0.5954402512354471,-0.15786046308088025,-0.92049523225,0.5820395584999999,-1.140428338325,-0.12428370140975,-0.40948403776828585,0.871,Ahafo-Ano South East,DHS 2022,2022,Low,Moderate (5-20%),17.7%,[3.9%–43.7%],60%
Independent,GHA,15,2,0.17588493001875,0.15301287,0.10536878534184511,0.039985023175,0.4375623119999998,0.39757728882499976,0.59907796154345,-0.037110568297829126,-1.0588068775,0.9843153114999996,-1.140428338325,-0.19757489912775,-0.4023277717548087,0.863875,Ahafo-Ano South West,DHS 2022,2022,Low,Moderate (5-20%),17.6%,[4.0%–43.8%],60%
Independent,GHA,16,2,0.3292734972,0.32893509,0.022006557921715388,0.286950585,0.3734921285,0.08654154350000004,0.06683367507208955,0.5414198993215575,-0.21805472899999995,1.2755232074999998,-1.140428338325,-0.01642903230675,0.21647124591257905,0.5025,Amansie Central,DHS 2022,2022,High,High (20-50%),32.9%,[28.7%–37.3%],7%
Independent,GHA,17,2,0.182948927469375,0.15968681,0.1081717976699097,0.04130492175,0.4521260642499999,0.4108211424999999,0.5912677333843199,-0.03026148502288025,-1.08169622,0.9952352375000001,-1.140428338325,-0.203607464171625,-0.41945655482154953,0.8695,Amansie South,DHS 2022,2022,Low,Moderate (5-20%),18.3%,[4.1%–45.2%],59%
Independent,GHA,18,2,0.1994694845975,0.1989374,0.015580935288334374,0.17060560875,0.23164808124999997,0.06104247249999997,0.0781118742035876,0.2598657220033026,0.031074695550000007,0.4930180784999999,-1.140428338325,-0.19969725735125,-0.49854888363169936,1,Amansie West,DHS 2022,2022,High,Moderate (5-20%),19.9%,[17.1%–23.2%],8%
Independent,GHA,19,2,0.163806441810875,0.14075563000000002,0.10130328972806525,0.037355294549999994,0.42239073949999995,0.38503544494999997,0.6184328809548673,-0.427773948997003,-1.1565792225,0.3127548392499996,-1.140428338325,-0.0055647958278749994,-0.02529923199729359,0.612625,Asante-Akim Central,DHS 2022,2022,Low,Moderate (5-20%),16.4%,[3.7%–42.2%],62%
Independent,GHA,20,2,0.1916255599089,0.167322155,0.11066137254217079,0.0463564303,0.4684939309999997,0.42213750069999967,0.5774875366040934,0.003882800234845,-0.9873049,1.01103516,-1.140428338325,-0.199472483367475,-0.38953715314192355,0.849625,Asante-Akim North,DHS 2022,2022,Low,Moderate (5-20%),19.2%,[4.6%–46.8%],58%
Independent,GHA,21,2,0.18266392336575,0.157701815,0.10821627589494671,0.041621246225000005,0.453901495,0.41228024877499997,0.592433765250208,0.3988957368341976,-0.33763339624999994,1.1523731699999997,-1.140428338325,-0.36864306715675,-0.6682087298342142,0.993375,Asante-Akim South,DHS 2022,2022,Low,Moderate (5-20%),18.3%,[4.2%–45.4%],59%
Independent,GHA,22,2,0.084063230961775,0.0675446945,0.06283505980138367,0.01430089665,0.2510669494999999,0.2367660528499999,0.7474737656699855,0.010746105267426625,-1.0487209800000001,1.0599222824999996,-1.140428338325,-0.154255989116475,-0.518260729335097,0.899625,Asokore-Mampong,DHS 2022,2022,Low,Moderate (5-20%),8.4%,[1.4%–25.1%],75%
Independent,GHA,23,2,0.08110025419885,0.064266755,0.06158086397517905,0.014009556825000002,0.2441374634999999,0.2301279066749999,0.7593177676630792,0.017039909123336375,-0.99352065075,1.0045306124999995,-1.140428338325,-0.14544169584315,-0.5007850960193093,0.88525,Asokwa,DHS 2022,2022,Low,Moderate (5-20%),8.1%,[1.4%–24.4%],76%
Independent,GHA,24,2,0.1313307570765,0.121338455,0.055780259691334544,0.049745666425,0.266989157,0.21724349057499998,0.4247311211252869,0.17475214215342275,-0.68027381175,1.0650409124999998,-1.140428338325,-0.172851270282,-0.4299144647119394,0.883375,Atwima-Kwanwoma,DHS 2022,2022,Low,Moderate (5-20%),13.1%,[5.0%–26.7%],42%
Independent,GHA,25,2,0.1689531534807875,0.14818267499999999,0.09856804348649136,0.04009400355,0.41919024949999995,0.37909624594999997,0.5834045796469849,-0.03416021570601375,-1.0861556625,0.9979015367499999,-1.140428338325,-0.1934575108137125,-0.4010198916516917,0.86025,Atwima-Mponua,DHS 2022,2022,Low,Moderate (5-20%),16.9%,[4.0%–41.9%],58%
Independent,GHA,26,2,0.100539442545,0.10012771,0.009085625243867995,0.083515914425,0.11931184299999999,0.03579592857499998,0.09036876487356095,-0.06650229632883126,-0.8191706945,0.6841945422499996,-1.140428338325,-0.23427210577075,-0.611365986588587,0.96925,Atwima-Nwabiagya North,DHS 2022,2022,High,Moderate (5-20%),10.1%,[8.4%–11.9%],9%
Independent,GHA,27,2,0.116146041625,0.0975132845,0.07792140972308562,0.0243962509,0.31847504075,0.29407878985,0.6708916518624887,0.002234528336466125,-1.04387494,1.053058885,-1.140428338325,-0.185421869785,-0.48114151164148156,0.890375,Atwima-Nwabiagya South,DHS 2022,2022,Low,Moderate (5-20%),11.6%,[2.4%–31.8%],67%
Independent,GHA,28,2,0.131979470030425,0.11229434499999999,0.08586514079872219,0.026500115775,0.35102358375,0.324523467975,0.6505946779368628,0.005743616918015,-1.04990722,1.0558494024999996,-1.140428338325,-0.18077194238945,-0.43991134640173307,0.8655,Bekwai,DHS 2022,2022,Low,Moderate (5-20%),13.2%,[2.7%–35.1%],65%
Independent,GHA,29,2,0.2213870848475,0.220788535,0.017254095072759996,0.18910374475,0.2570275175,0.06792377275000003,0.0779363217355036,0.19048544815242438,-0.541331764,0.9352467779999991,-1.140428338325,-0.13204641065275,-0.20170636805954642,0.778375,Bosome Freho,DHS 2022,2022,High,High (20-50%),22.1%,[18.9%–25.7%],8%
Independent,GHA,30,2,0.11569699154505,0.103685055,0.059434698093589165,0.0357508811,0.26095779299999994,0.22520691189999995,0.5137099703275044,0.5342186784298527,-0.05203903817499999,1.1212282249999996,-1.140428338325,-0.47884590517745,-0.8050610172976188,1,Bosomtwe,DHS 2022,2022,Low,Moderate (5-20%),11.6%,[3.6%–26.1%],51%
Independent,GHA,31,2,0.162803228994875,0.15032187,0.06971438324342898,0.061542502199999995,0.33091727899999995,0.26937477679999994,0.42821253407463783,0.3343742371207354,-0.19462738475000002,0.8534985972499999,-1.140428338325,-0.169933349376375,-0.5084997702747622,0.974,Ejisu,DHS 2022,2022,Low,Moderate (5-20%),16.3%,[6.2%–33.1%],43%
Independent,GHA,32,2,0.112284722132625,0.11194857,0.009709089751675566,0.09429961017499999,0.13198144849999996,0.03768183832499997,0.08646848446761692,-0.10759301875429687,-0.32832965150000004,0.11168709924999976,-1.140428338325,-0.287092005007375,-0.717903062320879,1,Ejura-Sekyedumase,DHS 2022,2022,High,Moderate (5-20%),11.2%,[9.4%–13.2%],9%
Independent,GHA,33,2,0.169399226499125,0.14594826500000002,0.1031062290464529,0.037218140100000005,0.43026933999999994,0.3930511998999999,0.6086582045106651,-0.7015511881071512,-1.438714095,0.050422882324999856,-1.140428338325,0.05532226851575,0.49589516517881704,0.34975,Juaben,DHS 2022,2022,Low,Moderate (5-20%),16.9%,[3.7%–43.0%],61%
Independent,GHA,34,2,0.0801285971897625,0.0610478645,0.06401146462436623,0.012814642975000002,0.25720167024999985,0.24438702727499984,0.7988591697515024,0.020873129380124616,-1.0100402625,1.0617472275,-1.140428338325,-0.1349622765882,-0.47513060605734325,0.878,Kumasi,DHS 2022,2022,Low,Moderate (5-20%),8.0%,[1.3%–25.7%],80%
Independent,GHA,35,2,0.0988359430195625,0.08011821799999999,0.06940862963718501,0.01924984865,0.27859051775,0.2593406691,0.7022610147347613,0.0128573758098,-0.993945549,1.05781628,-1.140428338325,-0.1779134703255625,-0.5159718254093014,0.9,Kwabre East,DHS 2022,2022,Low,Moderate (5-20%),9.9%,[1.9%–27.9%],70%
Independent,GHA,36,2,0.0784576813049375,0.061004573,0.06116107285694018,0.01307080605,0.2432037354999997,0.23013292944999972,0.7795421919139891,-0.14380863802995186,-1.0404829325,0.7639976082499997,-1.140428338325,-0.0811704816099375,-0.4207798990280491,0.853625,Kwadaso,DHS 2022,2022,Low,Moderate (5-20%),7.8%,[1.3%–24.3%],78%
Independent,GHA,37,2,0.15691169129265,0.13444797,0.09635657891928408,0.034840348274999995,0.39642642049999993,0.36158607222499994,0.6140815775133868,0.0022274319540625,-1.0285637124999998,1.0411367824999993,-1.140428338325,-0.182224841562225,-0.4060690198948225,0.858,Mampong,DHS 2022,2022,Low,Moderate (5-20%),15.7%,[3.5%–39.6%],61%
Independent,GHA,38,2,0.086514322607525,0.0701925165,0.062468139265616986,0.016684372174999997,0.24856810124999995,0.23188372907499996,0.722055462989703,-0.004209546253415,-1.0880675425,1.0544913525,-1.140428338325,-0.13687910170235,-0.4604245197992018,0.87525,Obuasi,DHS 2022,2022,Low,Moderate (5-20%),8.7%,[1.7%–24.9%],72%
Independent,GHA,39,2,0.1121476519832375,0.0925201075,0.07660522552480167,0.022196468275,0.31171383724999996,0.28951736897499997,0.683074715966873,-0.00527866006558225,-1.078490665,1.0569252024999993,-1.140428338325,-0.1800227818537625,-0.49460593803182384,0.894125,Obuasi East,DHS 2022,2022,Low,Moderate (5-20%),11.2%,[2.2%–31.2%],68%
Independent,GHA,40,2,0.1605999136918125,0.13867259999999998,0.09662563545129897,0.035590318,0.40371962999999994,0.36812931199999993,0.6016543423349611,8.65079992395625e-4,-1.0120427675,0.9952703707499997,-1.140428338325,-0.1937388355439375,-0.428330231958691,0.866125,Offinso,DHS 2022,2022,Low,Moderate (5-20%),16.1%,[3.6%–40.4%],60%
Independent,GHA,41,2,0.179947228309125,0.1560493,0.10700476650422926,0.040350576150000005,0.44689921325,0.4065486371,0.5946452607783963,-0.02450079616624275,-1.0232929924999998,0.9677352897499999,-1.140428338325,-0.197598539163625,-0.40715893261024605,0.861625,Offinso North,DHS 2022,2022,Low,Moderate (5-20%),18.0%,[4.0%–44.7%],59%
Independent,GHA,42,2,0.0851316571414,0.06659997100000001,0.06476698822481965,0.0150745058,0.26167534374999996,0.24660083794999996,0.7607861798959754,0.02182552644734875,-1.0140719225000001,1.0520748124999995,-1.140428338325,-0.148504015623725,-0.5013676919804109,0.889875,Oforikrom,DHS 2022,2022,Low,Moderate (5-20%),8.5%,[1.5%–26.2%],76%
Independent,GHA,43,2,0.0762944817018625,0.059339330499999995,0.060002881448321166,0.01236492915,0.23576714499999996,0.22340221584999995,0.7864642384333332,-0.16115143943691426,-1.02366821,0.7038812837499998,-1.140428338325,-0.0692613579506375,-0.42238221850320834,0.860625,Old Tafo,DHS 2022,2022,Low,Moderate (5-20%),7.6%,[1.2%–23.6%],79%
Independent,GHA,44,2,0.247310632992125,0.223995285,0.1308717400170443,0.059196537699999996,0.5505088059999999,0.49131226829999985,0.529179592618695,-0.00980643113681725,-1.0242884225,0.9847442012499996,-1.140428338325,-0.23533049309125,-0.40635364732498436,0.87075,Sekyere Afram Plains North,DHS 2022,2022,Low,High (20-50%),24.7%,[5.9%–55.1%],53%
Independent,GHA,45,2,0.218077204962375,0.193606265,0.12236490481491824,0.0517448743,0.5227833017499999,0.47103842744999985,0.5611081856814422,0.0010406686495638747,-1.042020755,1.0500177499999994,-1.140428338325,-0.2068492847515,-0.37528359185131166,0.849875,Sekyere Central,DHS 2022,2022,Low,High (20-50%),21.8%,[5.2%–52.3%],56%
Independent,GHA,46,2,0.1605655102909625,0.137663855,0.09872167194044706,0.035711681875,0.41073258199999996,0.37502090012499995,0.6148373443434549,-0.007282570516206,-1.0315772625,1.0461882174999997,-1.140428338325,-0.1851598345295375,-0.4027353050295018,0.8535,Sekyere East,DHS 2022,2022,Low,Moderate (5-20%),16.1%,[3.6%–41.1%],61%
Independent,GHA,47,2,0.17622034000775,0.15302933000000002,0.10518665511370433,0.039310801549999996,0.4391037064999999,0.3997929049499999,0.5969041661653718,-0.3036388066891501,-1.13799392,0.5342600709999997,-1.140428338325,-0.05334149563625,-0.16502205870139997,0.711375,Sekyere Kumawu,DHS 2022,2022,Low,Moderate (5-20%),17.6%,[3.9%–43.9%],60%
Independent,GHA,48,2,0.28244792582125,0.28169718499999996,0.0199147348553697,0.2447424015,0.32270971875,0.07796731724999997,0.07050763356631246,0.423449334513805,-0.15214460849999994,1.0081863899999994,-1.140428338325,-0.04946404131525,-0.028350978876353565,0.634125,Sekyere South,DHS 2022,2022,High,High (20-50%),28.2%,[24.5%–32.3%],7%
Independent,GHA,49,2,0.081890193235025,0.06418392549999999,0.062274315889801216,0.0136203743,0.24603824099999985,0.23241786669999986,0.7604612155581782,0.006597330411053,-1.01038966,1.0697862999999996,-1.140428338325,-0.148025697832725,-0.5175459162216154,0.898375,Suame,DHS 2022,2022,Low,Moderate (5-20%),8.2%,[1.4%–24.6%],76%
Independent,GHA,50,2,0.1805762965985375,0.156977005,0.10844895608966407,0.039328018675,0.44318455949999974,0.4038565408249997,0.6005713824709283,-0.022959096108812624,-1.074344005,1.0000889499999999,-1.140428338325,-0.1874032664462125,-0.3893714351066987,0.851375,Banda,DHS 2022,2022,Low,Moderate (5-20%),18.1%,[3.9%–44.3%],60%
Independent,GHA,51,2,0.1282946495501125,0.108400725,0.08333272953511552,0.027210661475,0.34385284974999997,0.31664218827499996,0.6495417371444268,-0.071297883575499,-0.853518098,0.72245358325,-1.140428338325,-0.1646589674311375,-0.5484596768648142,0.94025,Berekum East,DHS 2022,2022,Low,Moderate (5-20%),12.8%,[2.7%–34.4%],65%
Independent,GHA,52,2,0.1272664555502875,0.10760783,0.0826229541361361,0.02644337485,0.33756430274999993,0.31112092789999996,0.6492123456953575,0.03164247342938544,-0.7297691384999999,0.7786652202499998,-1.140428338325,-0.2056810313909625,-0.6163108844018647,0.97225,Berekum West,DHS 2022,2022,Low,Moderate (5-20%),12.7%,[2.6%–33.8%],65%
Independent,GHA,53,2,0.115070913674125,0.10334872,0.05830435796217531,0.035981001150000004,0.25879958024999994,0.22281857909999994,0.5066819763619006,-0.38479176586673863,-1.0508539925,0.2839957039999989,-1.140428338325,-0.139913826943125,-0.5245513979528984,0.949125,Dormaa,DHS 2022,2022,Low,Moderate (5-20%),11.5%,[3.6%–25.9%],51%
Independent,GHA,54,2,0.134260045996525,0.11325461,0.08752508676553329,0.027474494675000002,0.36704114024999984,0.3395666455749998,0.6519071710119828,-0.05160134061537537,-1.0995525725,0.9927259317499997,-1.140428338325,-0.203358476790475,-0.4865293854654488,0.891625,Dormaa East,DHS 2022,2022,Low,Moderate (5-20%),13.4%,[2.7%–36.7%],65%
Independent,GHA,55,2,0.168251358931125,0.14302054,0.10351095177816201,0.037423031174999996,0.42870414475,0.391281113575,0.6152161411102481,0.06119540885165437,-0.689079288,0.8275181604999998,-1.140428338325,-0.231046056045125,-0.5772754455575598,0.963375,Dormaa West,DHS 2022,2022,Low,Moderate (5-20%),16.8%,[3.7%–42.9%],62%
Independent,GHA,56,2,0.124649983131875,0.11217637,0.06263912263827981,0.040357621775000005,0.28158972774999996,0.24123210597499994,0.5025201052134116,-0.49016997843832627,-1.1718903024999998,0.20093110999999977,-1.140428338325,-0.088282857939125,-0.37669169464177177,0.869375,Jaman North,DHS 2022,2022,Low,Moderate (5-20%),12.5%,[4.0%–28.2%],50%
Independent,GHA,57,2,0.178215113078375,0.163254075,0.08399175715060371,0.057808269775000004,0.379577146,0.32176887622499994,0.47129424491438066,0.19788403629560625,-0.4673867585,0.84243151325,-1.140428338325,-0.209637508135375,-0.5291062486432475,0.967625,Jaman South,DHS 2022,2022,Low,Moderate (5-20%),17.8%,[5.8%–38.0%],47%
Independent,GHA,58,2,0.074603185576125,0.0680611425,0.03538808599474907,0.026283147200000002,0.16347423299999989,0.1371910857999999,0.4743508701600833,-0.4762383315269669,-1.2579449,0.28969057549999994,-1.140428338325,-0.1053989557135,-0.4754846354034471,0.902,Sunyani,DHS 2022,2022,Low,Moderate (5-20%),7.5%,[2.6%–16.3%],47%
Independent,GHA,59,2,0.114922878066,0.104069635,0.05885395255875276,0.03600922295,0.26013587675,0.2241266538,0.5121169391959801,-0.033211676705755075,-0.9711607555,0.9121503924999997,-1.140428338325,-0.197705999990125,-0.5173650560014239,0.9175,Sunyani West,DHS 2022,2022,Low,Moderate (5-20%),11.5%,[3.6%–26.0%],51%
Independent,GHA,60,2,0.1280212575975,0.12185689499999999,0.042899940540126504,0.0616101965,0.22712771449999994,0.16551751799999995,0.33510013372157543,-0.06078502893330625,-0.90639264575,0.8022594624999998,-1.140428338325,-0.1915999234095,-0.47294883178912706,0.90525,Tain,DHS 2022,2022,Low,Moderate (5-20%),12.8%,[6.2%–22.7%],34%
Independent,GHA,61,2,0.132157487620375,0.12250409,0.05589409203191127,0.0516170625,0.27019309575000006,0.21857603325000005,0.42293549187669305,0.3749325185995875,-0.13938665174999998,0.8870620865,-1.140428338325,-0.325779170673375,-0.7106329969328733,1,Wenchi,DHS 2022,2022,Low,Moderate (5-20%),13.2%,[5.2%–27.0%],42%
Independent,GHA,62,2,0.186451914764875,0.18507678,0.029394545895832114,0.13365623175,0.24922248049999998,0.11556624874999999,0.15765215354800768,0.55540773695545,0.23741710325000004,0.879504955,-1.140428338325,-0.446117242641375,-0.704164951582502,1,Atebubu-Amantin,DHS 2022,2022,High,Moderate (5-20%),18.6%,[13.4%–24.9%],16%
Independent,GHA,63,2,0.141452274673125,0.119773265,0.09026895563730107,0.029360183825000004,0.3725611407499999,0.3432009569249999,0.6381583883744472,-0.01349526394685375,-1.0368096924999999,1.0349547249999997,-1.140428338325,-0.1542289184165,-0.36224176233426897,0.835125,Kintampo North,DHS 2022,2022,Low,Moderate (5-20%),14.1%,[2.9%–37.3%],64%
Independent,GHA,64,2,0.10213848364125,0.09791292,0.032268083189407416,0.051250229825,0.1767669255,0.125516695675,0.3159248310631422,-0.118421591742759,-0.91440992925,0.6689246864999991,-1.140428338325,-0.208477038157875,-0.5720953434191667,0.9475,Kintampo South,DHS 2022,2022,Medium,Moderate (5-20%),10.2%,[5.1%–17.7%],32%
Independent,GHA,65,2,0.161271699298625,0.139264305,0.09831639595755017,0.036161847625,0.41580795999999987,0.37964611237499984,0.6096320457038081,-0.0010940496307687499,-1.03194634,1.0239890574999997,-1.140428338325,-0.190155514321875,-0.413795915548177,0.8655,Nkoranza North,DHS 2022,2022,Low,Moderate (5-20%),16.1%,[3.6%–41.6%],61%
Independent,GHA,66,2,0.13024404638825,0.11982271,0.05875415711154112,0.046242981550000006,0.27234993799999996,0.22610695644999995,0.4511081983463441,-0.10587554579805625,-0.9897761737499999,0.8003692044999998,-1.140428338325,-0.219518195919125,-0.5246940141920484,0.928375,Nkoranza South,DHS 2022,2022,Low,Moderate (5-20%),13.0%,[4.6%–27.2%],45%
Independent,GHA,67,2,0.160001451817,0.154406155,0.04816832310712726,0.08219759000000001,0.27253812675,0.19034053674999998,0.3010492877415842,-0.3826710947685337,-0.8335100795,0.06939332942499994,-1.140428338325,-0.05647682490675,-0.25616866795701876,0.8655,Pru East,DHS 2022,2022,Medium,Moderate (5-20%),16.0%,[8.2%–27.3%],30%
Independent,GHA,68,2,0.125754228006625,0.125351015,0.010903963678868402,0.10522577524999999,0.14839405475,0.04316827950000002,0.0867085254445199,-0.1293764720314645,-0.8725726625,0.6137012577499997,-1.140428338325,-0.23715812241525,-0.5619000464005707,0.957875,Pru West,DHS 2022,2022,High,Moderate (5-20%),12.6%,[10.5%–14.8%],9%
Independent,GHA,69,2,0.46244829701375,0.46232763,0.024877440170463894,0.41442429875,0.5118134275,0.09738912875000005,0.05379507359224681,0.6697002192614625,0.2002055325,1.1410484574999997,-1.140428338325,-0.2016714633925,-0.3028343866358945,1,Sene East,DHS 2022,2022,High,High (20-50%),46.2%,[41.4%–51.2%],5%
Independent,GHA,70,2,0.148861987660375,0.145625,0.03721988776549116,0.08671197442499999,0.23091766199999997,0.14420568757499996,0.25002949611560626,-0.27117256720532473,-0.8824700384999999,0.32738854949999974,-1.140428338325,-0.244281296099625,-0.5938875760536139,0.994375,Sene West,DHS 2022,2022,Medium,Moderate (5-20%),14.9%,[8.7%–23.1%],25%
Independent,GHA,71,2,0.072841398171525,0.063381455,0.042122305768986935,0.01986018815,0.18016790524999998,0.16030771709999997,0.5782742619766639,-0.31999917739741024,-1.1576851624999998,0.4983620952499991,-1.140428338325,-0.136670827203975,-0.5784558570761855,0.943625,Techiman,DHS 2022,2022,Low,Moderate (5-20%),7.3%,[2.0%–18.0%],58%
Independent,GHA,72,2,0.1092660014200125,0.09724340849999999,0.05947786357078859,0.031993548725,0.25921454374999997,0.22722099502499998,0.5443400764905724,0.474861836864937,-0.1722126362499999,1.1316523124999998,-1.140428338325,-0.3479710554174875,-0.7603100855764173,0.99925,Techiman North,DHS 2022,2022,Low,Moderate (5-20%),10.9%,[3.2%–25.9%],54%
Independent,GHA,73,2,0.1764211725280375,0.152448405,0.10741969462927906,0.04001094125000001,0.4528330272499999,0.4128220859999999,0.6088821034913342,0.29959109506388854,-0.6018418779999999,1.2266453399999995,-1.140428338325,-0.3736017952457125,-0.6610835335816643,0.9825,Abura-Asebu-Kwamankese,DHS 2022,2022,Low,Moderate (5-20%),17.6%,[4.0%–45.3%],61%
Independent,GHA,74,2,0.09617691138075,0.09063494250000001,0.03683221321504252,0.041860596550000004,0.183695713,0.14183511645000002,0.3829631528634695,0.194409083726672,-0.406048765,0.7923006027499997,-1.140428338325,-0.42433652260425,-0.806865988800548,1,Agona East,DHS 2022,2022,Low,Moderate (5-20%),9.6%,[4.2%–18.4%],38%
Independent,GHA,75,2,0.09026339187325,0.082495466,0.04203892537228843,0.031132518775,0.19452099074999987,0.16338847197499987,0.4657361583677299,-0.028219522178553,-0.6544354925,0.5883698564999998,-1.140428338325,-0.32172862156425003,-0.7715604760463535,0.99975,Agona West,DHS 2022,2022,Low,Moderate (5-20%),9.0%,[3.1%–19.5%],47%
Independent,GHA,76,2,0.135891504792875,0.124212655,0.06354474670987724,0.0467888108,0.2941500652499999,0.24736125444999993,0.4676138277130108,-0.007194326631529,-0.653768365,0.641073891249999,-1.140428338325,-0.306982257658375,-0.6831468680543713,0.99625,Ajumako-Enyan-Essiam,DHS 2022,2022,Low,Moderate (5-20%),13.6%,[4.7%–29.4%],47%
Independent,GHA,77,2,0.17726554953475,0.154183305,0.10517502154742492,0.040998294649999996,0.4363792584999999,0.39538096384999993,0.5933190167151293,-0.26896301616434526,-1.0128265275,0.4811399587499996,-1.140428338325,-0.0868749222715,-0.31062262719053846,0.803,Asikuma-Odoben-Brakwa,DHS 2022,2022,Low,Moderate (5-20%),17.7%,[4.1%–43.6%],59%
Independent,GHA,78,2,0.1485048194593375,0.12625744,0.09247177658733625,0.031992646575,0.38044029374999994,0.34844764717499993,0.6226853574449562,-0.0509889285113825,-0.8032144119999999,0.70287827775,-1.140428338325,-0.1851934414644125,-0.5532549331556198,0.9505,Assin Central,DHS 2022,2022,Low,Moderate (5-20%),14.9%,[3.2%–38.0%],62%
Independent,GHA,79,2,0.14347686146,0.14299531,0.012136119199224199,0.121019719,0.16868673599999998,0.04766701699999998,0.08458589821194015,0.09903406876970812,-0.36682645649999995,0.56586236725,-1.140428338325,-0.33393350164,-0.683501209389464,1,Assin North,DHS 2022,2022,High,Moderate (5-20%),14.3%,[12.1%–16.9%],8%
Independent,GHA,80,2,0.15074013423675,0.14836029,0.02847610709507901,0.1013100925,0.21175461274999996,0.11044452024999996,0.1889085958378868,0.0210031957137669,-0.32005673599999995,0.37070099774999987,-1.140428338325,-0.295133572382,-0.6580887496947749,1,Assin South,DHS 2022,2022,Medium,Moderate (5-20%),15.1%,[10.1%–21.2%],19%
Independent,GHA,81,2,0.0984954109176,0.0797311445,0.0689697713972297,0.019852201225,0.2815092084999997,0.26165700727499974,0.7002333484849251,0.21661322357662,-0.53414107525,0.9811931524999999,-1.140428338325,-0.23414763084865,-0.7026139770703175,0.987625,Awutu Senya East,DHS 2022,2022,Low,Moderate (5-20%),9.8%,[2.0%–28.2%],70%
Independent,GHA,82,2,0.299384352133625,0.290546265,0.09563368243983845,0.14223835875,0.510833048,0.36859468924999994,0.31943447196984437,0.5764744446698588,-0.30541899624999996,1.4769012774999997,-1.140428338325,-0.049128785770625,0.12280562945561563,0.587875,Awutu Senya West,DHS 2022,2022,Medium,High (20-50%),29.9%,[14.2%–51.1%],32%
Independent,GHA,83,2,0.0994882442175625,0.07924347200000001,0.07409371081907878,0.017036059125000003,0.2974341664999999,0.28039810737499987,0.7447484011985321,-0.0848751212881725,-1.1768918350000002,1.0123029849999994,-1.140428338325,-0.1418109094971875,-0.4264799606672787,0.86375,Cape Coast,DHS 2022,2022,Low,Moderate (5-20%),9.9%,[1.7%–29.7%],74%
Independent,GHA,84,2,0.1127801515,0.091620941,0.08008891582858114,0.020571958175,0.3230628707499995,0.3024909125749995,0.7101330753982996,-0.457234541984822,-1.3494056574999997,0.40112361749999964,-1.140428338325,-0.030236069210875,-0.12873418516938245,0.69775,Effutu,DHS 2022,2022,Low,Moderate (5-20%),11.3%,[2.1%–32.3%],71%
Independent,GHA,85,2,0.15003380566875,0.137554095,0.06892474237755465,0.052117448475,0.31409814924999996,0.26198070077499996,0.4593947482058088,-0.18766314728096115,-0.9236652575,0.5334561642499999,-1.140428338325,-0.1745939500465,-0.48919236319760334,0.932375,Ekumfi,DHS 2022,2022,Low,Moderate (5-20%),15.0%,[5.2%–31.4%],46%
Independent,GHA,86,2,0.156190789258225,0.13103659,0.10194613138042587,0.03292198875,0.41561345349999995,0.38269146474999993,0.6527025816604445,-0.027278210647511875,-1.1395068925,1.085672945,-1.140428338325,-0.20002291107565,-0.4520001476788723,0.8825,Gomoa Central,DHS 2022,2022,Low,Moderate (5-20%),15.6%,[3.3%–41.6%],65%
Independent,GHA,87,2,0.078403403617,0.072566822,0.03389057916481406,0.030385316375,0.16098200399999996,0.13059668762499996,0.4322590295999045,-0.16255218755157913,-0.86723093725,0.5202844919999998,-1.140428338325,-0.179745496390125,-0.6529858277515632,0.9835,Gomoa East,DHS 2022,2022,Low,Moderate (5-20%),7.8%,[3.0%–16.1%],43%
Independent,GHA,88,2,0.101273914601,0.094914085,0.04077775895254558,0.042469176275000006,0.19922117824999983,0.15675200197499983,0.4026481953739244,-0.2957154934439475,-0.8216115970000001,0.2183687167499999,-1.140428338325,-0.26327993194275,-0.7209655370331731,1,Gomoa West,DHS 2022,2022,Low,Moderate (5-20%),10.1%,[4.2%–19.9%],40%
Independent,GHA,89,2,0.1577072171217,0.13559805,0.09893623956999023,0.033532614475,0.40378760849999984,0.37025499402499984,0.6273412300062514,-0.17939196425631462,-1.0782934575,0.7218218832500001,-1.140428338325,-0.15890379167705,-0.4519834990447125,0.888625,Komenda-Edina-Eguafo-Abirem-,DHS 2022,2022,Low,Moderate (5-20%),15.8%,[3.4%–40.4%],63%
Independent,GHA,90,2,0.14265813393845,0.119144005,0.09547131350225199,0.028829321825,0.3930669319999999,0.36423761017499995,0.6692314757421627,-0.35266240873027127,-1.33974278,0.632219129749999,-1.140428338325,-0.0894932911653,-0.2221236074490878,0.76375,Mfantseman,DHS 2022,2022,Low,Moderate (5-20%),14.3%,[2.9%–39.3%],67%
Independent,GHA,91,2,0.190358698623625,0.17892629,0.07416686458322862,0.077935038675,0.3614538854999999,0.2835188468249999,0.38961636699287633,-0.41798811138327213,-0.9431097420000001,0.10076085649999988,-1.140428338325,-0.084775269982625,-0.30459673437810136,0.867625,Twifo-Atti-Morkwa,DHS 2022,2022,Low,Moderate (5-20%),19.0%,[7.8%–36.1%],39%
Independent,GHA,92,2,0.208326476659375,0.18410314,0.11811530532297052,0.04709127075,0.4971213785,0.45003010774999996,0.5669721257567054,-0.0873007576482975,-1.1594205275,0.9602938334999996,-1.140428338325,-0.204353478983125,-0.3834356134157768,0.85375,Twifo-Hemang-Lower Denkyira,DHS 2022,2022,Low,High (20-50%),20.8%,[4.7%–49.7%],57%
Independent,GHA,93,2,0.134827413388125,0.12088505499999999,0.06982386598542507,0.0408945785,0.3092426015,0.268348023,0.5178758846646749,-0.12169270641008087,-1.069170525,0.82730748025,-1.140428338325,-0.227998048341125,-0.535809234909196,0.924875,Upper Denkyira East,DHS 2022,2022,Low,Moderate (5-20%),13.5%,[4.1%–30.9%],52%
Independent,GHA,94,2,0.16166550055,0.152059805,0.06144997967337494,0.0701100676,0.3074296419999998,0.2373195743999998,0.3801057087895488,0.030211099739056252,-0.8089517675,0.8797380065,-1.140428338325,-0.192690316594375,-0.4265197879001751,0.884,Upper Denkyira West,DHS 2022,2022,Low,Moderate (5-20%),16.2%,[7.0%–30.7%],38%
Independent,GHA,95,2,0.128289245802125,0.106707355,0.08377914766619174,0.0265412637,0.3474234942499999,0.3208822305499999,0.6530488751599163,-0.20445539778373398,-1.1218105099999998,0.71415037525,-1.140428338325,-0.097380230194375,-0.30372834903979007,0.799375,Abuakwa North,DHS 2022,2022,Low,Moderate (5-20%),12.8%,[2.7%–34.7%],65%
Independent,GHA,96,2,0.1416971077688875,0.11907909,0.09142078164642756,0.028953343225,0.37337823924999947,0.3444248960249995,0.6451845283641058,0.5855211774862372,-0.17281548349999998,1.3441659124999998,-1.140428338325,-0.4532702157686125,-0.761402794972083,0.99975,Abuakwa South,DHS 2022,2022,Low,Moderate (5-20%),14.2%,[2.9%–37.3%],65%
Independent,GHA,97,2,0.1647792878229,0.14421712,0.10036387985484096,0.036533046400000005,0.41957950499999963,0.38304645859999964,0.609080675010012,-0.00830483420483765,-1.04464954,0.9847319459999984,-1.140428338325,-0.1876036572491,-0.39653022700322343,0.85625,Achiase,DHS 2022,2022,Low,Moderate (5-20%),16.5%,[3.7%–42.0%],61%
Independent,GHA,98,2,0.1162113934317875,0.09584841399999999,0.07922195169797304,0.02363618845,0.32966187474999925,0.30602568629999927,0.6817055484708036,0.06067029706866625,-0.9677848005,1.110846035,-1.140428338325,-0.1671364891783375,-0.45590384896706126,0.874125,Akwapem North,DHS 2022,2022,Low,Moderate (5-20%),11.6%,[2.4%–33.0%],68%
Independent,GHA,99,2,0.114997619319275,0.09680469550000001,0.07528786905014373,0.024389818650000002,0.31036724024999995,0.28597742159999995,0.6546906753010022,0.07135044703426438,-0.9572825185,1.0936554849999995,-1.140428338325,-0.16218683721235,-0.4343866752230243,0.864375,Akwapem South,DHS 2022,2022,Low,Moderate (5-20%),11.5%,[2.4%–31.0%],65%
Independent,GHA,100,2,0.182890448145625,0.16003065,0.10713873975622011,0.04210415097500001,0.4546174157499999,0.4125132647749999,0.5858082849188044,-0.09149740402969837,-0.829793982,0.6524253544999998,-1.140428338325,-0.118343750035625,-0.38987819384150924,0.862125,Akyemansa,DHS 2022,2022,Low,Moderate (5-20%),18.3%,[4.2%–45.5%],59%
Independent,GHA,101,2,0.133064382852,0.121391585,0.06088037049236584,0.04710132089999999,0.2815259384999998,0.2344246175999998,0.45752566680506557,0.6514537095175863,0.10050474375,1.2040281549999998,-1.140428338325,-0.5273525938305,-0.7982998262758246,1,Asene-Manso-Akroso,DHS 2022,2022,Low,Moderate (5-20%),13.3%,[4.7%–28.2%],46%
Independent,GHA,102,2,0.1360435500746625,0.11636184499999999,0.08576847974724593,0.0291548213,0.3589046602499999,0.3297498389499999,0.6304487033760516,0.01432520860688125,-1.002550615,1.0460671099999999,-1.140428338325,-0.1549766060237125,-0.3819322026962055,0.846375,Asuogyaman,DHS 2022,2022,Low,Moderate (5-20%),13.6%,[2.9%–35.9%],63%
Independent,GHA,103,2,0.1561573149851375,0.133758395,0.09881018858233866,0.0324093503,0.40831469149999994,0.37590534119999996,0.6327605504214968,0.8401410517073813,0.07140893315,1.61455811,-1.140428338325,-0.5644510488061125,-0.7831932614742617,0.999875,Atiwa East,DHS 2022,2022,Low,Moderate (5-20%),15.6%,[3.2%–40.8%],63%
Independent,GHA,104,2,0.150768123708475,0.127361315,0.09752205981737247,0.030106678525,0.4004719267499997,0.3703652482249997,0.646834738130329,0.0453588499816,-1.0174175425,1.101961725,-1.140428338325,-0.18307400232015,-0.4155385392690829,0.857625,Atiwa West,DHS 2022,2022,Low,Moderate (5-20%),15.1%,[3.0%–40.0%],65%
Independent,GHA,105,2,0.176073769608625,0.15954468,0.08886146384117109,0.052869432575,0.39755863575,0.344689203175,0.5046831452446975,0.09054205816378424,-0.8541992655,1.0269605174999998,-1.140428338325,-0.187817157914625,-0.3829855918044852,0.857875,Ayensuano,DHS 2022,2022,Low,Moderate (5-20%),17.6%,[5.3%–39.8%],50%
Independent,GHA,106,2,0.12333524192525,0.103248325,0.08118708261533977,0.02497284225,0.3378344282499999,0.31286158599999986,0.6582634561542837,0.025564308928217875,-1.0001683024999999,1.0605577675000002,-1.140428338325,-0.18845895227425,-0.48437769745401643,0.892,Birim Central,DHS 2022,2022,Low,Moderate (5-20%),12.3%,[2.5%–33.8%],66%
Independent,GHA,107,2,0.16359963911125,0.140155405,0.09935812049790947,0.03795510465,0.4132954732499998,0.3753403685999998,0.6073248146369357,0.045011811589913374,-0.71188943575,0.8220741182499998,-1.140428338325,-0.17821329013,-0.5126020741784505,0.9315,Birim North,DHS 2022,2022,Low,Moderate (5-20%),16.4%,[3.8%–41.3%],61%
Independent,GHA,108,2,0.1480141125715625,0.126392955,0.09476865686524247,0.030557618100000003,0.3940039537499998,0.3634463356499998,0.640267709738984,-0.022948916498375,-0.8805240297500001,0.8313817382499994,-1.140428338325,-0.1686583287055625,-0.49150883662500067,0.9065,Birim South,DHS 2022,2022,Low,Moderate (5-20%),14.8%,[3.1%–39.4%],64%
Independent,GHA,109,2,0.15810199515125,0.136911265,0.09595003270139822,0.03503041185,0.39728452299999967,0.36225411114999967,0.6068869188501168,-0.0880639805808425,-0.82488166925,0.648349319749999,-1.140428338325,-0.12858796182375,-0.44566011810003947,0.893875,Denkyembour,DHS 2022,2022,Low,Moderate (5-20%),15.8%,[3.5%–39.7%],61%
Independent,GHA,110,2,0.144983177618625,0.12113801,0.09379927416403391,0.031069359050000002,0.39093562449999997,0.35986626544999994,0.646966604710312,-0.32799987204004377,-1.254604725,0.5388253614999995,-1.140428338325,-0.030514046868,-0.015543161290725286,0.649,Fanteakwa North,DHS 2022,2022,Low,Moderate (5-20%),14.5%,[3.1%–39.1%],65%
Independent,GHA,111,2,0.1394234231841125,0.11831548,0.08966029127459235,0.0293482215,0.37147246374999965,0.34212424224999965,0.6430791127269444,0.03148654567046375,-1.0184361675,1.1043094874999992,-1.140428338325,-0.1908665770975125,-0.4638547565122186,0.880125,Fanteakwa South,DHS 2022,2022,Low,Moderate (5-20%),13.9%,[2.9%–37.1%],64%
Independent,GHA,112,2,0.180748461166375,0.156422525,0.10923856140850301,0.0405340926,0.45325065449999996,0.41271656189999995,0.6043678640669107,-0.28962298002930315,-1.1949992875,0.6136487437499982,-1.140428338325,-0.0574915578595,-0.12081406869929127,0.695375,Kwaebibirem,DHS 2022,2022,Low,Moderate (5-20%),18.1%,[4.1%–45.3%],60%
Independent,GHA,113,2,0.255835672567625,0.23139934499999998,0.13191254694666327,0.067772358375,0.5644285337499999,0.4966561753749999,0.5156143614483427,-0.3936965581737991,-1.2209108525,0.4632037957499998,-1.140428338325,-0.040236050807625,-0.05557636644975323,0.631125,Kwahu Afram Plains North,DHS 2022,2022,Low,High (20-50%),25.6%,[6.8%–56.4%],52%
Independent,GHA,114,2,0.126428972277875,0.12604004000000002,0.010981039038015708,0.10576892600000001,0.14899856549999999,0.04322963949999997,0.08685540062669152,-0.3714165713443825,-0.66049957975,-0.08659804867500005,-1.140428338325,-0.249757570853375,-0.662604470823943,1,Kwahu Afram Plains South,DHS 2022,2022,High,Moderate (5-20%),12.6%,[10.6%–14.9%],9%
Independent,GHA,115,2,0.162928371920625,0.140492685,0.09952333304428522,0.036356917625000006,0.42317509775,0.386818180125,0.6108410209412191,0.2676862943788145,-0.54332452925,1.0993257799999991,-1.140428338325,-0.312511601978125,-0.6450318137556923,0.9795,Kwahu East,DHS 2022,2022,Low,Moderate (5-20%),16.3%,[3.6%–42.3%],61%
Independent,GHA,116,2,0.1453496988977,0.12236516,0.09325273907677732,0.030225679975,0.38259365949999985,0.3523679795249999,0.6415750413243749,0.0162994192316545,-1.0122008574999999,1.0457824249999998,-1.140428338325,-0.18479962608355,-0.43770202133086517,0.87575,Kwahu South,DHS 2022,2022,Low,Moderate (5-20%),14.5%,[3.0%–38.3%],64%
Independent,GHA,117,2,0.137631816029625,0.11598882999999999,0.08902211999094711,0.0282007862,0.36236506374999994,0.33416427754999994,0.6468135243655091,-0.27055672227635,-1.0108452875,0.4731730102499995,-1.140428338325,-0.064487685885375,-0.31465237503965293,0.801875,Kwahu West,DHS 2022,2022,Low,Moderate (5-20%),13.8%,[2.8%–36.2%],65%
Independent,GHA,118,2,0.1423710409082,0.12146334,0.08978177391853807,0.031616151125000005,0.3747753844999999,0.34315923337499993,0.6306182306865961,0.0520517213521625,-0.9922151965,1.0836874549999997,-1.140428338325,-0.1812039942803,-0.42137526708329937,0.862125,Lower Manya-Krobo,DHS 2022,2022,Low,Moderate (5-20%),14.2%,[3.2%–37.5%],63%
Independent,GHA,119,2,0.1196388697206375,0.0983938575,0.08185147510770285,0.024280370425000003,0.32993784574999996,0.305657475325,0.6841545335460789,-0.3800401476394321,-1.1334351325,0.3889082457499999,-1.140428338325,-0.0257567370568625,-0.17092987373310212,0.714,New Juaben North,DHS 2022,2022,Low,Moderate (5-20%),12.0%,[2.4%–33.0%],68%
Independent,GHA,120,2,0.0817516020865,0.07924753400000001,0.021403463313524607,0.047450681,0.13048650525,0.08303582425,0.2618109341866837,0.039409802150287,-0.493165369,0.5828032587499987,-1.140428338325,-0.12813767702725,-0.5852396048283989,0.994875,New Juaben South,DHS 2022,2022,Medium,Moderate (5-20%),8.2%,[4.7%–13.0%],26%
Independent,GHA,121,2,0.1240992334818,0.103996385,0.08234455021288241,0.0245768531,0.33861356599999975,0.31403671289999974,0.6635379438097722,0.2418051972230175,-0.7397296277500001,1.2311013499999999,-1.140428338325,-0.256214062017075,-0.612040029994504,0.947625,Nsawam Adoagyiri,DHS 2022,2022,Low,Moderate (5-20%),12.4%,[2.5%–33.9%],66%
Independent,GHA,122,2,0.14874551195905,0.127626565,0.09256468066665723,0.031376680750000004,0.38566985449999996,0.35429317374999997,0.6223023434289601,0.30652448118464276,-0.4417007335,1.0324421124999998,-1.140428338325,-0.2935803066497,-0.6626915172964863,0.987875,Okere,DHS 2022,2022,Low,Moderate (5-20%),14.9%,[3.1%–38.6%],62%
Independent,GHA,123,2,0.1396457890065,0.135748745,0.03787011511241121,0.07731500545,0.22692100324999992,0.14960599779999992,0.2711869465011114,-0.03556512755497625,-0.5313898389999999,0.44940365024999984,-1.140428338325,-0.145136264402625,-0.4784551850265254,0.973875,Suhum,DHS 2022,2022,Medium,Moderate (5-20%),14.0%,[7.7%–22.7%],27%
Independent,GHA,124,2,0.180194224434975,0.15663632,0.10695557202740631,0.041622329,0.44651185199999993,0.4048895229999999,0.5935571595747919,-0.019672319387078,-0.7558115157499999,0.7250571379999998,-1.140428338325,-0.153512446741275,-0.45764248131774293,0.902625,Upper Manya,DHS 2022,2022,Low,Moderate (5-20%),18.0%,[4.2%–44.7%],59%
Independent,GHA,125,2,0.1796494323540375,0.15876342999999998,0.10545605906087867,0.04103030337500001,0.4461699595,0.40513965612499997,0.5870102548003326,0.2984542513908025,-0.43533731749999993,1.0502455725000002,-1.140428338325,-0.3114317341147125,-0.631259691178875,0.984875,Upper West Akim,DHS 2022,2022,Low,Moderate (5-20%),18.0%,[4.1%–44.6%],59%
Independent,GHA,126,2,0.178713216275,0.17708461,0.024701821625020923,0.13505912850000001,0.2311770095,0.09611788099999999,0.13822045252103962,0.1365177118809444,-0.456242478,0.7272260217499997,-1.140428338325,-0.145293629502125,-0.3608639444274331,0.899,West Akim,DHS 2022,2022,High,Moderate (5-20%),17.9%,[13.5%–23.1%],14%
Independent,GHA,127,2,0.1368396384931,0.11579987,0.08799345853313276,0.0296179324,0.36853270374999997,0.33891477135,0.6430407117567015,0.3584938820905354,-0.40140201275,1.108266545,-1.140428338325,-0.31104066076815,-0.6915969606401391,0.99025,Yilo-Krobo,DHS 2022,2022,Low,Moderate (5-20%),13.7%,[3.0%–36.9%],64%
Independent,GHA,128,2,0.0826002360357875,0.0646404545,0.06367105653523948,0.01382590315,0.25473258049999997,0.24090667734999996,0.7708338328192339,0.05612520780659625,-1.0090199899999999,1.10990351,-1.140428338325,-0.1194952451700875,-0.4339289968171494,0.86025,Ablekuma Central,DHS 2022,2022,Low,Moderate (5-20%),8.3%,[1.4%–25.5%],77%
Independent,GHA,129,2,0.074573887251325,0.0580108765,0.057413986699918935,0.0125260792,0.23254606899999997,0.22001998979999995,0.7698939778534721,-0.0479781620882975,-1.00754924,0.9160349102499991,-1.140428338325,-0.080511604652425,-0.3972362421399397,0.842875,Ablekuma North,DHS 2022,2022,Low,Moderate (5-20%),7.5%,[1.3%–23.3%],77%
Independent,GHA,130,2,0.0891202229159125,0.07012009450000001,0.06900184241531271,0.015503647950000001,0.2755359119999997,0.26003226404999974,0.7742557206170584,0.053063122448660335,-0.957171799,1.0854901549999993,-1.140428338325,-0.1307608119634625,-0.43619323016157135,0.864875,Ablekuma West,DHS 2022,2022,Low,Moderate (5-20%),8.9%,[1.6%–27.6%],77%
Independent,GHA,131,2,0.0592906470624325,0.041550143,0.05627149925002123,0.0064530390275,0.2162481975,0.2097951584725,0.9490788520281768,0.25772742918153124,-0.691282479,1.2412514174999996,-1.140428338325,-0.1156881590914425,-0.6465425154091603,0.95075,Accra,DHS 2022,2022,Low,Moderate (5-20%),5.9%,[0.6%–21.6%],95%
Independent,GHA,132,2,0.1560339512926,0.13197761,0.09954096665020637,0.03245532505,0.4070398377499999,0.3745845126999999,0.6379442795981233,0.09073350462699376,-0.976746429,1.1636773024999996,-1.140428338325,-0.19256571774215,-0.4259200879087888,0.869375,Ada East,DHS 2022,2022,Low,Moderate (5-20%),15.6%,[3.2%–40.7%],64%
Independent,GHA,133,2,0.193834980756625,0.16885412500000002,0.11497456185044827,0.043795826975,0.4805060152499999,0.4367101882749999,0.5931569286495704,0.079510562406855,-0.9763400192499999,1.1497432374999998,-1.140428338325,-0.20343978561275,-0.40231738989648064,0.864,Ada West,DHS 2022,2022,Low,Moderate (5-20%),19.4%,[4.4%–48.1%],59%
Independent,GHA,134,2,0.0758271676745125,0.059726257000000005,0.05884031095735233,0.012735506800000001,0.23337005774999992,0.22063455094999992,0.775979279747384,0.058853962880078,-0.98393907325,1.1182410975000001,-1.140428338325,-0.1330219407,-0.48941022647289956,0.88675,Adenta,DHS 2022,2022,Low,Moderate (5-20%),7.6%,[1.3%–23.3%],78%
Independent,GHA,135,2,0.083506575539125,0.0668245625,0.061706640574677465,0.014571204775,0.2466587517499999,0.2320875469749999,0.7389434924889994,0.005836176512272501,-0.7920630605000001,0.7943970137499999,-1.140428338325,-0.100460110225875,-0.5410503489379664,0.92875,Ashaiman,DHS 2022,2022,Low,Moderate (5-20%),8.4%,[1.5%–24.7%],74%
Independent,GHA,136,2,0.0880078405725125,0.0690286415,0.06742210121447842,0.014883364225000001,0.270422325,0.25553896077500005,0.7660919842582341,0.05786631437143125,-1.011827125,1.1242125299999999,-1.140428338325,-0.1311582566851125,-0.45003479533846247,0.86675,Ayawaso Central,DHS 2022,2022,Low,Moderate (5-20%),8.8%,[1.5%–27.0%],77%
Independent,GHA,137,2,0.075392855469325,0.059261792,0.05841618696916235,0.013080313350000001,0.23199838749999993,0.21891807414999992,0.7748239087844347,0.012809055189147288,-0.9625684685,1.00404187,-1.140428338325,-0.095289080081175,-0.4558871593576029,0.870875,Ayawaso East,DHS 2022,2022,Low,Moderate (5-20%),7.5%,[1.3%–23.2%],77%
Independent,GHA,138,2,0.0863341002157625,0.07523314449999999,0.05000139296388966,0.023262729225,0.21493080424999997,0.19166807502499997,0.5791615692863922,0.14259063524846124,-0.8178770855,1.1297106824999994,-1.140428338325,-0.1177085374637375,-0.39925550502136836,0.851,Ayawaso North,DHS 2022,2022,Low,Moderate (5-20%),8.6%,[2.3%–21.5%],58%
Independent,GHA,139,2,0.06854424948135,0.052741534,0.05546035220404314,0.011187877225000002,0.217576464,0.206388586775,0.8091175061904089,0.10683357025200922,-0.7151629755,0.9124735147499994,-1.140428338325,-0.0982684917174,-0.5865514907705272,0.93675,Ayawaso West,DHS 2022,2022,Low,Moderate (5-20%),6.9%,[1.1%–21.8%],81%
Independent,GHA,140,2,0.086306199121775,0.069083792,0.06453112830199505,0.01574037155,0.25486211199999986,0.23912174044999987,0.747699805560246,0.04353026244431,-1.0048003225,1.0975051224999997,-1.140428338325,-0.143057753084975,-0.4800900655853756,0.876375,Ga Central,DHS 2022,2022,Low,Moderate (5-20%),8.6%,[1.6%–25.5%],75%
Independent,GHA,141,2,0.0765826632610375,0.061906994,0.05685925516666772,0.013869587825000002,0.22841169324999996,0.21454210542499996,0.7424559651687598,-0.046592636484015126,-0.891051315,0.7803430384999998,-1.140428338325,-0.0885081379823375,-0.4941857438231371,0.897125,Ga East,DHS 2022,2022,Low,Moderate (5-20%),7.7%,[1.4%–22.8%],74%
Independent,GHA,142,2,0.0880312397473625,0.07080041649999999,0.06438970799419116,0.016543119925000002,0.25449887174999997,0.23795575182499995,0.7314415675501189,0.06895441526868025,-0.9867040454999999,1.1086945699999997,-1.140428338325,-0.1512241478547625,-0.4920359177336722,0.88825,Ga North,DHS 2022,2022,Low,Moderate (5-20%),8.8%,[1.7%–25.4%],73%
Independent,GHA,143,2,0.142629718316575,0.11964820000000001,0.09211258345354946,0.029924363725,0.3838022834999999,0.3538779197749999,0.6458162053513994,0.0410749812281125,-1.0174976475,1.0991739450000002,-1.140428338325,-0.211135030875925,-0.49282646339480746,0.897375,Ga South,DHS 2022,2022,Low,Moderate (5-20%),14.3%,[3.0%–38.4%],65%
Independent,GHA,144,2,0.1025591301097125,0.083364287,0.07365308032463055,0.0192113172,0.30100956149999986,0.28179824429999983,0.7181523502182621,0.0544342054069745,-0.98180764125,1.0856622399999996,-1.140428338325,-0.1782528683437875,-0.5142422533900545,0.898875,Ga West,DHS 2022,2022,Low,Moderate (5-20%),10.3%,[1.9%–30.1%],72%
Independent,GHA,145,2,0.039101723538519685,0.00697920225,0.09326847133952683,1.1623538025000001e-4,0.3219241832499989,0.32180794786974887,2.385277755023936,0.05653949141737525,-1.0213886225,1.1358804025,-1.140428338325,-0.0472428300193199,-0.4423699661032129,0.86075,Korle-Klottey,DHS 2022,2022,Low,Low (1-5%),3.9%,[0.0%–32.2%],239%
Independent,GHA,146,2,0.0878099519670875,0.0703363805,0.06508247516503832,0.0158196406,0.26345230349999993,0.24763266289999994,0.741174248557068,0.07173378962056162,-0.967229895,1.1013946549999998,-1.140428338325,-0.1558853265370375,-0.5074462121904456,0.892125,Kpone-Katamanso,DHS 2022,2022,Low,Moderate (5-20%),8.8%,[1.6%–26.3%],74%
Independent,GHA,147,2,0.0861019069524375,0.0667226565,0.06704072190063273,0.01455910285,0.2693978859999999,0.2548387831499999,0.7786206400476807,0.05001141882375375,-1.0329624149999999,1.1421282349999995,-1.140428338325,-0.1274494670418125,-0.43389346175112026,0.85825,Krowor,DHS 2022,2022,Low,Moderate (5-20%),8.6%,[1.5%–26.9%],78%
Independent,GHA,148,2,0.0739917052792125,0.0569911815,0.05957686207815917,0.012199968975000001,0.2376112754999999,0.2254113065249999,0.8051829844080767,0.03566472757119825,-0.9544044319999999,0.9953931389999999,-1.140428338325,-0.1006809916915375,-0.47063064691808487,0.87375,La-Dade-Kotopon,DHS 2022,2022,Low,Moderate (5-20%),7.4%,[1.2%–23.8%],81%
Independent,GHA,149,2,0.1037679060589625,0.0918303925,0.05570245630180551,0.030882550925000002,0.24222050974999995,0.21133795882499995,0.5367984998189569,0.25382081918615945,-0.6932732494999999,1.20642848,-1.140428338325,-0.1231152138439125,-0.3611271376154427,0.845375,La-Nkwantanang-Madina,DHS 2022,2022,Low,Moderate (5-20%),10.4%,[3.1%–24.2%],54%
Independent,GHA,150,2,0.0843413741175375,0.0668076985,0.06344458841762028,0.015357206450000003,0.253822475,0.23846526855,0.7522356504318317,-0.12629435457740013,-1.0731285075,0.8338736582499994,-1.140428338325,-0.0725901760163375,-0.3407160284121652,0.819375,Ledzokuku,DHS 2022,2022,Low,Moderate (5-20%),8.4%,[1.5%–25.4%],75%
Independent,GHA,151,2,0.1148461338379,0.09347909900000001,0.08014478565395364,0.0218120768,0.3295396007499999,0.30772752394999986,0.6978448727501292,0.07875131332546376,-0.99497261,1.1660612325,-1.140428338325,-0.1793525979086,-0.4970684274380305,0.892125,Ningo-Prampram,DHS 2022,2022,Low,Moderate (5-20%),11.5%,[2.2%–33.0%],70%
Independent,GHA,152,2,0.0804831997079375,0.06348270850000001,0.06150831965214842,0.013781029075000001,0.2491676115,0.235386582425,0.7642380009163859,0.2263680479401045,-0.71262099675,1.1862835374999996,-1.140428338325,-0.1686405278045625,-0.6171072951152368,0.943875,Okaikwei North,DHS 2022,2022,Low,Moderate (5-20%),8.0%,[1.4%–24.9%],76%
Independent,GHA,153,2,0.389197901145,0.387201385,0.06300329131840135,0.27035933949999996,0.51791636925,0.24755702975,0.1618798331980952,0.95017763435625,0.5372512045000001,1.366604685,-1.140428338325,0.032459072731250004,0.09866993321159528,0.328125,Shai Osudoku,DHS 2022,2022,Medium,High (20-50%),38.9%,[27.0%–51.8%],16%
Independent,GHA,154,2,0.0809272215575875,0.062014633,0.06478030727951888,0.013283196,0.25695740699999997,0.24367421099999997,0.800476107207282,0.06489960696152625,-1.0605131025,1.1927370099999999,-1.140428338325,-0.1185313040613625,-0.4335490167800348,0.8545,Tema,DHS 2022,2022,Low,Moderate (5-20%),8.1%,[1.3%–25.7%],80%
Independent,GHA,155,2,0.077519796476375,0.0613853085,0.05947470610531419,0.013353359674999999,0.23872858375,0.225375224075,0.7672195853021848,0.0550620805327075,-1.0106856325000002,1.1030809824999996,-1.140428338325,-0.125617368545875,-0.4615078485873984,0.881125,Tema West,DHS 2022,2022,Low,Moderate (5-20%),7.8%,[1.3%–23.9%],77%
Independent,GHA,156,2,0.0885181578466625,0.069856027,0.06687465575569675,0.0158382951,0.27398852849999994,0.25815023339999993,0.7554908211210384,-0.261921568542655,-1.19868934,0.6550680799999989,-1.140428338325,-0.043869064577337497,-0.18219624204703644,0.742875,Weija Gbawe,DHS 2022,2022,Low,Moderate (5-20%),8.9%,[1.6%–27.4%],76%
Independent,GHA,157,2,0.068403748071625,0.06559896000000001,0.020663793022325704,0.035724521925,0.11632272725,0.08059820532499999,0.3020856839699605,-0.17029759184206025,-0.6484117592499999,0.31307664424999954,-1.140428338325,-0.201339314622125,-0.7410600553315916,1,Bunkpurugu Nakpanduri,DHS 2022,2022,Medium,Moderate (5-20%),6.8%,[3.6%–11.6%],30%
Independent,GHA,158,2,0.168567450908125,0.16583988500000002,0.03509068114094619,0.1082031745,0.2459043072499999,0.1377011327499999,0.20816996965844733,0.025513532893190374,-0.7779014810000001,0.8203257179999996,-1.140428338325,-0.183935015779625,-0.38629564211346756,0.880375,Chereponi,DHS 2022,2022,Medium,Moderate (5-20%),16.9%,[10.8%–24.6%],21%
Independent,GHA,159,2,0.116204313930125,0.112138765,0.0310917297795784,0.065887969075,0.18661064174999997,0.12072267267499998,0.2675608910549932,-0.917433602514625,-1.39454724,-0.45040963100000003,-1.140428338325,0.045379280796125,0.655341644219877,0.052875,East Mamprusi,DHS 2022,2022,Medium,Moderate (5-20%),11.6%,[6.6%–18.7%],27%
Independent,GHA,160,2,0.09244222964875,0.092017108,0.008555374447549908,0.07693479974999999,0.11035884724999998,0.033424047499999984,0.09254833510677436,-0.12056479826949325,-0.9079043017499999,0.650672628,-1.140428338325,-0.20608242760375,-0.5890768132305301,0.96,Mamprugu Moagduri,DHS 2022,2022,High,Moderate (5-20%),9.2%,[7.7%–11.0%],9%
Independent,GHA,161,2,0.082546587064375,0.0800641975,0.022582862862024256,0.046329757675,0.13481109624999998,0.08848133857499998,0.27357718429246175,-0.655572040436057,-1.160113855,-0.15077431225000062,-1.140428338325,-0.014573313891,-0.10377151032563857,0.687875,West Mamprusi,DHS 2022,2022,Medium,Moderate (5-20%),8.3%,[4.6%–13.5%],27%
Independent,GHA,162,2,0.14865699913725,0.147855835,0.019113964514046223,0.11369009625000001,0.18858594374999998,0.07489584749999997,0.12857762920667423,-0.00802415993514775,-0.7835029045,0.7518728479999996,-1.140428338325,-0.1647385657255,-0.38264049459319377,0.87725,Yunyoo-Nasuan,DHS 2022,2022,High,Moderate (5-20%),14.9%,[11.4%–18.9%],13%
Independent,GHA,163,2,0.110958766463375,0.109782825,0.017816158063102494,0.079940494825,0.14927464075000002,0.06933414592500002,0.16056557432064827,0.19388193772337645,-0.4265620345,0.8307752109999994,-1.140428338325,-0.320725570447125,-0.7137082795738638,0.998125,Gushegu,DHS 2022,2022,Medium,Moderate (5-20%),11.1%,[8.0%–14.9%],16%
Independent,GHA,164,2,0.1455301189658125,0.12485452,0.091304122132077975,0.031772616574999996,0.376212219,0.34443960242500005,0.6273898680281218,0.10193869217274,-0.68171667025,0.8719712339999999,-1.140428338325,-0.1870168554754375,-0.5604898072746156,0.953625,Karaga,DHS 2022,2022,Low,Moderate (5-20%),14.6%,[3.2%–37.6%],63%
Independent,GHA,165,2,0.063106198841875,0.06289290350000001,0.005845381183155894,0.05262348235,0.07505139079999998,0.022427908449999978,0.09262768619296255,-0.251247905239665,-0.54874630525,0.04225281627499976,-1.140428338325,-0.483249314294375,-0.8842702238888952,1,Kpandai,DHS 2022,2022,High,Moderate (5-20%),6.3%,[5.3%–7.5%],9%
Independent,GHA,166,2,0.136183545356125,0.13150968000000002,0.03920284533854036,0.073776917375,0.22692852999999996,0.15315161262499996,0.2878677099793773,0.07631765519098332,-0.7398793735,0.889565391499999,-1.140428338325,-0.157743160873125,-0.38812281989882114,0.871625,Kumbungu,DHS 2022,2022,Medium,Moderate (5-20%),13.6%,[7.4%–22.7%],29%
Independent,GHA,167,2,0.084369211194375,0.08396386,0.007654078181111955,0.07042450962499999,0.100210499,0.029785989375000002,0.09072122487287473,0.4182091932336175,0.021541668875000003,0.8187482049999997,-1.140428338325,-0.552995085189375,-0.8665241052513238,1,Mion,DHS 2022,2022,High,Moderate (5-20%),8.4%,[7.0%–10.0%],9%
Independent,GHA,168,2,0.12445279415525,0.104340025,0.08039905814491786,0.026803723725000006,0.3326411744999995,0.3058374507749995,0.6460205147714336,-0.00808143306407125,-1.04210856,1.0273374624999996,-1.140428338325,-0.14143229209975,-0.35119591485498614,0.832625,Nanton,DHS 2022,2022,Low,Moderate (5-20%),12.4%,[2.7%–33.3%],65%
Independent,GHA,169,2,0.101386598243375,0.094920111,0.039728094928326595,0.0437264282,0.19662380224999995,0.15289737404999995,0.3918475973812701,0.2579849218554636,-0.2187535845,0.7281878414999999,-1.140428338325,-0.465047039300375,-0.8206316189548885,1,Nanumba North,DHS 2022,2022,Low,Moderate (5-20%),10.1%,[4.4%–19.7%],39%
Independent,GHA,170,2,0.24123929245325,0.23408782,0.06784026311958317,0.12831774025,0.39545475975,0.2671370195,0.2812156445564522,1.05364122766,0.5957578127500001,1.5294872849999999,-1.140428338325,-0.47854107300175003,-0.6639521513899934,1,Nanumba South,DHS 2022,2022,Medium,High (20-50%),24.1%,[12.8%–39.5%],28%
Independent,GHA,171,2,0.1676536479975,0.16731926,0.013793999469773662,0.1417806325,0.19593333975000002,0.054152707250000015,0.08227676304412627,0.58796991391775,0.3022781965,0.875259253,-1.140428338325,-0.36672710652875,-0.6856263471902048,1,Saboba,DHS 2022,2022,High,Moderate (5-20%),16.8%,[14.2%–19.6%],8%
Independent,GHA,172,2,0.0698074469994125,0.055925361500000006,0.05100340248577328,0.013836266049999999,0.20456526924999982,0.19072900319999983,0.7306298207152959,-0.016552353422163376,-1.0300234925,1.0073936774999994,-1.140428338325,-0.1295007840383,-0.49210850554747854,0.887,Sagnerigu,DHS 2022,2022,Low,Moderate (5-20%),7.0%,[1.4%–20.5%],73%
Independent,GHA,173,2,0.147145780546125,0.146689965,0.017540066134393663,0.11481517800000002,0.18404961374999998,0.06923443574999996,0.11920196467268371,0.22621567028091524,-0.16689506875,0.6044162829999997,-1.140428338325,-0.099400969590125,-0.39441110065736756,0.998875,Savelugu,DHS 2022,2022,High,Moderate (5-20%),14.7%,[11.5%–18.4%],12%
Independent,GHA,174,2,0.046529821303375,0.043168355000000005,0.018511035368483513,0.020289879725,0.09081102524999998,0.07052114552499998,0.3978316453826749,-0.2832217467731866,-1.1612456325,0.5685343954999997,-1.140428338325,-0.179255314992625,-0.7059113230868835,0.976625,Tamale,DHS 2022,2022,Low,Low (1-5%),4.7%,[2.0%–9.1%],40%
Independent,GHA,175,2,0.21079229177375,0.21035034000000002,0.016560050660144196,0.17972649724999998,0.24430789249999998,0.06458139525,0.07856098778943311,0.09937213034630263,-0.64203475025,0.8594809394999998,-1.140428338325,-0.195890388013125,-0.3642997037372465,0.882875,Tatale Sanguli,DHS 2022,2022,High,High (20-50%),21.1%,[18.0%–24.4%],8%
Independent,GHA,176,2,0.151814270882875,0.12906928499999998,0.09525036646957437,0.032303775125,0.39845218674999955,0.36614841162499956,0.6274137860403137,0.12787695396798238,-0.6316988654999999,0.8976240012499997,-1.140428338325,-0.235962095020875,-0.6072071457742558,0.970625,Tolon,DHS 2022,2022,Low,Moderate (5-20%),15.2%,[3.2%–39.8%],63%
Independent,GHA,177,2,0.0956800123544,0.0847525135,0.05106376963912495,0.02898474415,0.22346722599999988,0.1944824818499999,0.5336931756445022,-0.1411531891205575,-1.0728848275,0.7701437657499994,-1.140428338325,-0.212820447934475,-0.5919180572998821,0.941125,Yendi,DHS 2022,2022,Low,Moderate (5-20%),9.6%,[2.9%–22.3%],53%
Independent,GHA,178,2,0.34867261003375,0.34865979,0.022668271454025397,0.3052616455,0.39359233199999993,0.08833068649999992,0.06501305465844079,0.62783138702515,0.27177749825,0.9814277664999996,-1.140428338325,-0.0364653307725,-0.06748659835433465,0.692625,Zabzugu,DHS 2022,2022,High,High (20-50%),34.9%,[30.5%–39.4%],7%
Independent,GHA,179,2,0.1080944050741125,0.0961289815,0.058641611202073944,0.0311849624,0.2579151974999999,0.22673023509999993,0.5425036676215355,-0.3635203352913899,-0.9998526112499999,0.27785812624999995,-1.140428338325,-0.1207774128096375,-0.5164743498872796,0.945875,Biakoye,DHS 2022,2022,Low,Moderate (5-20%),10.8%,[3.1%–25.8%],54%
Independent,GHA,180,2,0.1634161035556125,0.140792745,0.1005060405919873,0.03474741995,0.41665987149999956,0.38191245154999953,0.6150314345108826,-0.03204589120433875,-1.111611345,1.026334119999998,-1.140428338325,-0.20125893864313749,-0.4274012564887723,0.86575,Jasikan,DHS 2022,2022,Low,Moderate (5-20%),16.3%,[3.5%–41.7%],62%
Independent,GHA,181,2,0.130116788642375,0.124156695,0.044333579218392136,0.062458143475000005,0.23365973349999994,0.17120159002499993,0.34072143711018443,0.57774612888425,0.12817010550000002,1.0322555324999994,-1.140428338325,-0.577851304488875,-0.8160711771556022,1,Kadjebi,DHS 2022,2022,Low,Moderate (5-20%),13.0%,[6.2%–23.4%],34%
Independent,GHA,182,2,0.17627778599125,0.166773185,0.06781308701944902,0.07245685322499999,0.33093215224999983,0.2584752990249998,0.38469445618527964,9.966352456345748e-4,-0.53598784625,0.5322619762499999,-1.140428338325,-0.20410568041625,-0.5275564152784031,0.98325,Krachi East,DHS 2022,2022,Low,Moderate (5-20%),17.6%,[7.2%–33.1%],38%
Independent,GHA,183,2,0.14086972431875,0.13564015000000001,0.04300739900501579,0.07304582270000001,0.23722600524999995,0.16418018254999994,0.3052990925693991,-0.75289911407275,-1.164914325,-0.3331841482500001,-1.140428338325,-0.028943472635,-0.16502394958311703,0.760625,Krachi Nchumuru,DHS 2022,2022,Medium,Moderate (5-20%),14.1%,[7.3%–23.7%],31%
Independent,GHA,184,2,0.20471415422125,0.17943282500000002,0.11707462879031466,0.04602940622499999,0.4943315725,0.44830216627499997,0.571893180692251,0.0711465279389461,-0.692557552,0.8200842654999997,-1.140428338325,-0.23918437733375,-0.5375168217529848,0.953625,Krachi West,DHS 2022,2022,Low,High (20-50%),20.5%,[4.6%–49.4%],57%
Independent,GHA,185,2,0.27270341316125,0.269847365,0.04722878136446513,0.18787358799999998,0.3716575367499999,0.18378394874999993,0.17318734964471702,0.32053734303661596,-0.20158343124999997,0.8322160937499999,-1.140428338325,-0.16656050767,-0.3500405498524649,0.948375,Nkwanta North,DHS 2022,2022,Medium,High (20-50%),27.3%,[18.8%–37.2%],17%
Independent,GHA,186,2,0.130840514972875,0.12720030999999998,0.034061970706208713,0.0742876023,0.20704363974999992,0.13275603744999992,0.26033198289742454,-0.38672913769970624,-0.78679235625,0.0010082004249999089,-1.140428338325,-0.156926476074625,-0.5431947030070524,0.99975,Nkwanta South,DHS 2022,2022,Medium,Moderate (5-20%),13.1%,[7.4%–20.7%],26%
Independent,GHA,187,2,0.16099306329075,0.15581272000000002,0.046879558717181864,0.08537576617499999,0.2663311662499999,0.18095540007499994,0.2911899292984965,0.020596954020731622,-0.7840877914999999,0.8330309164999998,-1.140428338325,-0.197228987985875,-0.4364798561319915,0.899875,Bole,DHS 2022,2022,Medium,Moderate (5-20%),16.1%,[8.5%–26.6%],29%
Independent,GHA,188,2,0.075665831311375,0.07278778550000001,0.022043087112046212,0.04080567695,0.12548802224999997,0.08468234529999996,0.29132154804902577,-0.3325388218220001,-0.8938992629999999,0.226009029749999,-1.140428338325,-0.370509508946125,-0.8232631781974418,1,Central Gonja,DHS 2022,2022,Medium,Moderate (5-20%),7.6%,[4.1%–12.5%],29%
Independent,GHA,189,2,0.30563779193375,0.29965016,0.08059499109272109,0.167271979,0.48085001349999995,0.3135780345,0.26369445539703035,0.2711265950605912,-0.54591158025,1.1194263524999999,-1.140428338325,-0.07714159160625,-0.002641109320489936,0.641375,East Gonja,DHS 2022,2022,Medium,High (20-50%),30.6%,[16.7%–48.1%],26%
Independent,GHA,190,2,0.051821302239625,0.0488797205,0.01936197291487057,0.023489608375000002,0.09826531812499996,0.07477570974999996,0.3736296094092652,-0.8998086060663375,-1.4693037999999998,-0.341116825,-1.140428338325,-0.221270085931625,-0.8079077998817614,1,North East Gonja,DHS 2022,2022,Low,Moderate (5-20%),5.2%,[2.3%–9.8%],37%
Independent,GHA,191,2,0.0977860743841375,0.085353763,0.05558489825199257,0.0263840436,0.23838013574999994,0.21199609214999995,0.5684336814016675,-0.3363836706830233,-1.3511343325,0.6547799247499995,-1.140428338325,-0.2733362733739875,-0.6690287496331248,0.968125,North Gonja,DHS 2022,2022,Low,Moderate (5-20%),9.8%,[2.6%–23.8%],57%
Independent,GHA,192,2,0.232645819128625,0.222590625,0.08603589635338113,0.09618517515,0.43239676125,0.3362115861,0.3698149258629646,0.070504683826885,-0.6460399815000001,0.7662866387499999,-1.140428338325,-0.130074712977625,-0.30558948267877895,0.846625,Sawla-Tuna-Kalba,DHS 2022,2022,Low,High (20-50%),23.3%,[9.6%–43.2%],37%
Independent,GHA,193,2,0.11711521588875,0.1057159,0.0593779540266183,0.035733680850000005,0.2663701404999997,0.23063645964999968,0.50700460718121,-0.1549023577162756,-1.102687915,0.7678795577499997,-1.140428338325,-0.222974762047625,-0.5594771497508209,0.933875,West Gonja,DHS 2022,2022,Low,Moderate (5-20%),11.7%,[3.6%–26.6%],51%
Independent,GHA,194,2,0.07552144603825,0.0698069435,0.032736104098435054,0.029766535624999996,0.15490152775,0.12513499212499998,0.4334676547619985,-0.4117970994098836,-1.1318956949999999,0.32453491149999963,-1.140428338325,-0.029601766893125,-0.14069038233608924,0.71375,Bawku,DHS 2022,2022,Low,Moderate (5-20%),7.6%,[3.0%–15.5%],43%
Independent,GHA,195,2,0.106753593082625,0.104913445,0.020998673375423108,0.07083475047500001,0.15308445724999997,0.08224970677499996,0.19670226330621568,-0.72463737454061,-1.2482387975,-0.2078236790000002,-1.140428338325,0.016401270473625,0.3190805935945017,0.304,Bawku West,DHS 2022,2022,Medium,Moderate (5-20%),10.7%,[7.1%–15.3%],20%
Independent,GHA,196,2,0.199018928726125,0.19077553,0.06391737435484066,0.09806597060000001,0.340759068,0.2426930974,0.32116228724554624,0.01559694387664,-0.736406355,0.7654354474999999,-1.140428338325,0.009912747079,0.2889510606218271,0.4375,Binduri,DHS 2022,2022,Medium,Moderate (5-20%),19.9%,[9.8%–34.1%],32%
Independent,GHA,197,2,0.0604351856492125,0.048045147499999996,0.04564137289777728,0.010883643850000001,0.180646664,0.16976302015,0.7552119250976772,-0.21137284875547813,-1.0608106775,0.63336860325,-1.140428338325,-0.0786136520045375,-0.5233545682354405,0.912625,Bolga East,DHS 2022,2022,Low,Moderate (5-20%),6.0%,[1.1%–18.1%],76%
Independent,GHA,198,2,0.06177358672775,0.056359553500000006,0.028601741081366334,0.022987640725,0.13413712899999997,0.11114948827499996,0.4630092341476074,-0.26668095106922496,-0.9353311129999999,0.4209862754999996,-1.140428338325,-0.050742312722,-0.384629591320581,0.870375,Bolgatanga,DHS 2022,2022,Low,Moderate (5-20%),6.2%,[2.3%–13.4%],46%
Independent,GHA,199,2,0.116178528275725,0.10157265,0.06657251777489116,0.0323187509,0.2891543567499999,0.25683560584999987,0.5730191177572457,-0.37148821376262914,-1.2926402775,0.5206196652499991,-1.140428338325,-0.0389026240069,-0.023515117177772136,0.663375,Bongo,DHS 2022,2022,Low,Moderate (5-20%),11.6%,[3.2%–28.9%],57%
Independent,GHA,200,2,0.09828286363945,0.080019407,0.07069953776154549,0.0182117061,0.28180830425000003,0.26359659815000003,0.7193475560592765,-0.45153056461858626,-1.2723455675,0.3305304472499998,-1.140428338325,-0.014491301130925,-0.12140904197871437,0.688375,Builsa North,DHS 2022,2022,Low,Moderate (5-20%),9.8%,[1.8%–28.2%],72%
Independent,GHA,201,2,0.1271684307446,0.10728613000000001,0.08277478771752116,0.026202503800000002,0.3385214174999998,0.3123189136999998,0.6509067323773362,0.3534795276085624,-0.42414063875,1.1582199974999998,-1.140428338325,-0.32361208177915,-0.717286250951208,0.99425,Builsa South,DHS 2022,2022,Low,Moderate (5-20%),12.7%,[2.6%–33.9%],65%
Independent,GHA,202,2,0.185186440225375,0.176159615,0.06634438052854917,0.082971863425,0.34198232775000004,0.259010464325,0.35825722686718825,0.26216837809353727,-0.59487085475,1.1470614575,-1.140428338325,-0.082685765148375,-0.06546180125894399,0.688625,Garu,DHS 2022,2022,Low,Moderate (5-20%),18.5%,[8.3%–34.2%],36%
Independent,GHA,203,2,0.0887262748559625,0.07281014899999999,0.06186425471533321,0.017807433625,0.2538613524999999,0.2360539188749999,0.6972484172897276,-0.16512577645334361,-1.0702545775,0.72804543625,-1.140428338325,-0.0904052927372875,-0.42160656450891226,0.8625,Kasena Nankana East,DHS 2022,2022,Low,Moderate (5-20%),8.9%,[1.8%–25.4%],70%
Independent,GHA,204,2,0.1174913003417625,0.0977598985,0.07995016412444358,0.022670118899999998,0.33252663274999983,0.30985651384999985,0.6804773110169174,-0.5871914434373434,-1.49720795,0.309459001499999,-1.140428338325,0.011187753894887499,0.2787321549428782,0.51175,Kasena Nankana West,DHS 2022,2022,Low,Moderate (5-20%),11.7%,[2.3%–33.3%],68%
Independent,GHA,205,2,0.16614099754125,0.165734265,0.01369515120884534,0.139949544,0.19419696899999997,0.05424742499999996,0.08243089551358367,0.127987827457961,-0.7100386470000001,0.9693908137499998,-1.140428338325,-0.147866263570875,-0.2786750921271191,0.826,Nabdam,DHS 2022,2022,High,Moderate (5-20%),16.6%,[14.0%–19.4%],8%
Independent,GHA,206,2,0.107099640903875,0.10005976,0.04148639467587891,0.0457706093,0.20463900849999994,0.15886839919999995,0.38736259361610875,0.303562646033357,-0.27093094824999997,0.8816857012499998,-1.140428338325,-0.177378270509875,-0.6216864648615412,0.99825,Pusiga,DHS 2022,2022,Low,Moderate (5-20%),10.7%,[4.6%–20.5%],39%
Independent,GHA,207,2,0.15803249824025,0.15280598,0.04798298133133535,0.081676255025,0.26728018174999996,0.18560392672499995,0.3036273036599655,0.05408017924690515,-0.5149306082499999,0.6376495065,-1.140428338325,-0.070512862275125,-0.264562186046268,0.8385,Talensi,DHS 2022,2022,Medium,Moderate (5-20%),15.8%,[8.2%–26.7%],30%
Independent,GHA,208,2,0.19766281688625,0.196714575,0.026162890406094583,0.15028340875,0.25259225425,0.10230884549999997,0.1323612140018761,-0.20889593895400363,-0.6449708817500001,0.22169938299999994,-1.140428338325,0.08121513042625,0.7170622597647659,5e-4,Tempane,DHS 2022,2022,High,Moderate (5-20%),19.8%,[15.0%–25.3%],13%
Independent,GHA,209,2,0.65573233202375,0.656300155,0.022591760013366494,0.60984303875,0.69854629475,0.08870325599999995,0.034452716314357736,1.8482590544525,1.405719635,2.3146571325,-1.140428338325,0.1050872090375,0.19323489119044995,0.001125,Daffiama-Bussie-Issa,DHS 2022,2022,High,Very high (≥50%),65.6%,[61.0%–69.9%],3%
Independent,GHA,210,2,0.083153999730325,0.07551120350000001,0.03994290868661445,0.028541515775,0.1814791187499999,0.1529376029749999,0.48034861601549494,-0.28080877366746376,-0.97048530725,0.4000009747499998,-1.140428338325,-0.277919584365925,-0.765067009900519,0.999625,Jirapa,DHS 2022,2022,Low,Moderate (5-20%),8.3%,[2.9%–18.1%],48%
Independent,GHA,211,2,0.2273764586025,0.22511126,0.038325533360182344,0.15878936275,0.306582402,0.14779303924999998,0.16855541508447505,0.1092906630632515,-0.45158005525,0.6607569754999993,-1.140428338325,0.022909415717375,0.17022753801365614,0.341375,Lambussie-Karni,DHS 2022,2022,Medium,High (20-50%),22.7%,[15.9%–30.7%],17%
Independent,GHA,212,2,0.294830214012125,0.28699543000000005,0.08648932785075224,0.1480611505,0.48367723674999996,0.33561608624999995,0.2933530002701668,0.8734472249224722,0.21511465950000003,1.5631538174999997,-1.140428338325,-0.160917950435375,-0.32606943037400454,0.90025,Lawra,DHS 2022,2022,Medium,High (20-50%),29.5%,[14.8%–48.4%],29%
Independent,GHA,213,2,0.156858180297275,0.13453769999999998,0.09813659347956982,0.033779855525,0.40804469099999985,0.37426483547499984,0.6256389899052953,0.23258477024418373,-0.581890401,1.0586719924999997,-1.140428338325,-0.229560968440225,-0.5923667803394475,0.967375,Nadowli-Kaleo,DHS 2022,2022,Low,Moderate (5-20%),15.7%,[3.4%–40.8%],63%
Independent,GHA,214,2,0.10073073069325,0.100339235,0.00889672914848099,0.084244113225,0.11886694325,0.034622830024999995,0.08832189627983274,0.6565654601872125,0.20463814325,1.133477215,-1.140428338325,-0.47710052553175,-0.8253719407181385,1,Nandom,DHS 2022,2022,High,Moderate (5-20%),10.1%,[8.4%–11.9%],9%
Independent,GHA,215,2,0.146404729280875,0.14243416,0.036710880132999564,0.085981522425,0.22893495474999997,0.14295343232499996,0.2507492777953256,-0.1302496715541666,-0.73660051575,0.49781264624999916,-1.140428338325,0.02747464498975,0.331299868450066,0.280875,Sissala East,DHS 2022,2022,Medium,Moderate (5-20%),14.6%,[8.6%–22.9%],25%
Independent,GHA,216,2,0.0939265006440125,0.082416526,0.0523340735394164,0.026541297525,0.22373539749999996,0.19719409997499995,0.5571811275900282,0.09428524915055224,-0.640773276,0.8329605825,-1.140428338325,-0.2419779790072375,-0.7130890880537188,0.99625,Sissala West,DHS 2022,2022,Low,Moderate (5-20%),9.4%,[2.7%–22.4%],56%
Independent,GHA,217,2,0.161840167162,0.154566925,0.0540024818478503,0.07640335645,0.28500029224999995,0.20859693579999994,0.333677867459161,-0.41854441338909376,-0.9591881095,0.11829273924999986,-1.140428338325,-0.00794025265425,-0.03961096721672824,0.603,Wa East,DHS 2022,2022,Low,Moderate (5-20%),16.2%,[7.6%–28.5%],33%
Independent,GHA,218,2,0.079718458026,0.0755179475,0.02775094535701507,0.0374436487,0.14574976474999998,0.10830611604999998,0.34811191842125394,-0.14675142584322,-0.8959650275,0.6131929714999992,-1.140428338325,-0.1303168324495,-0.543026806041348,0.952875,Wa Municipal,DHS 2022,2022,Low,Moderate (5-20%),8.0%,[3.7%–14.6%],35%
Independent,GHA,219,2,0.143974107832,0.13368986500000002,0.06134814708387265,0.054051827875,0.2930651464999999,0.23901331862499986,0.42610541581169836,0.2757262244109134,-0.5049879932499999,1.0678952825,-1.140428338325,-0.449680058193,-0.7470499886874293,0.999125,Wa West,DHS 2022,2022,Low,Moderate (5-20%),14.4%,[5.4%–29.3%],43%
Independent,GHA,220,2,0.176583359298375,0.15137643,0.10963517783776443,0.03616807984999999,0.45420176299999987,0.4180336831499999,0.6208692499303549,0.03962318253758,-1.045332045,1.1419937049999997,-1.140428338325,-0.175704381188375,-0.3644337877637969,0.8315,Adaklu,DHS 2022,2022,Low,Moderate (5-20%),17.7%,[3.6%–45.4%],62%
Independent,GHA,221,2,0.145669008159375,0.12409363500000001,0.09092225650664551,0.032051308,0.3792685525,0.3472172445,0.624170217505486,-0.01314882007803625,-1.04026039,0.9926648112499988,-1.140428338325,-0.190261481937375,-0.44119275144131753,0.8685,Afadzato South,DHS 2022,2022,Low,Moderate (5-20%),14.6%,[3.2%–37.9%],62%
Independent,GHA,222,2,0.19501308492,0.17029802500000002,0.11391598087750922,0.043638888050000005,0.47506059775,0.4314217097,0.5841453199114349,0.06562594992645063,-1.000514265,1.1299621475,-1.140428338325,-0.194860833792875,-0.38297077883456065,0.8475,Agotime Ziope,DHS 2022,2022,Low,Moderate (5-20%),19.5%,[4.4%–47.5%],58%
Independent,GHA,223,2,0.234285761692,0.208370355,0.12971651509663232,0.05451364235,0.5469364457499999,0.4924228033999999,0.5536679402103917,0.07712085248642,-1.0092096525,1.1534361574999994,-1.140428338325,-0.196396771163875,-0.34322961039477456,0.834375,Akatsi North,DHS 2022,2022,Low,High (20-50%),23.4%,[5.5%–54.7%],55%
Independent,GHA,224,2,0.47737604454,0.476640685,0.05640803654904616,0.37032152799999996,0.5867839074999999,0.2164623794999999,0.11816268787303937,0.9852243449117125,0.30359168775,1.6651440374999997,-1.140428338325,0.0080178673085,0.14820540743387564,0.4805,Akatsi South,DHS 2022,2022,High,High (20-50%),47.7%,[37.0%–58.7%],12%
Independent,GHA,225,2,0.198945245078875,0.17347484,0.11908702843026452,0.042425653875000004,0.4902045804999998,0.4477789266249998,0.5985919813416529,0.5223936506831025,-0.29441525775,1.3379919399999998,-1.140428338325,-0.398054929039875,-0.6642601968987768,0.992375,Anloga,DHS 2022,2022,Low,Moderate (5-20%),19.9%,[4.2%–49.0%],60%
Independent,GHA,226,2,0.20268433324325,0.17693635000000002,0.11628781297864409,0.04734859595,0.4898804632499997,0.44253186729999966,0.5737385377442182,0.06271464137070062,-0.9748747767499999,1.0912678675,-1.140428338325,-0.19091823973575,-0.3625267300823444,0.83775,Central Tongu,DHS 2022,2022,Low,High (20-50%),20.3%,[4.7%–49.0%],57%
Independent,GHA,227,2,0.1251106725142,0.104164035,0.08284307505711591,0.025614462675,0.3438673635,0.318252900825,0.6621583386318483,-0.22643440263299766,-1.1719634824999998,0.6911586202499995,-1.140428338325,-0.083299246374925,-0.2669556859316114,0.78,Ho Municipal,DHS 2022,2022,Low,Moderate (5-20%),12.5%,[2.6%–34.4%],66%
Independent,GHA,228,2,0.1313224591208375,0.11038912000000001,0.08511272862482555,0.026847190625000003,0.35207150474999954,0.3252243141249995,0.6481201250313804,0.0258081520537935,-1.0322939175,1.0710574524999994,-1.140428338325,-0.1584584328056625,-0.406800636934676,0.8545,Ho West,DHS 2022,2022,Low,Moderate (5-20%),13.1%,[2.7%–35.2%],65%
Independent,GHA,229,2,0.062758467723425,0.0560297615,0.03312891953666047,0.020152266625,0.1449150524999999,0.12476278587499989,0.5278796748617062,-0.873732136382655,-1.6961466475,-0.07822023142500005,-1.140428338325,-0.098867596670325,-0.5059735406013144,0.912375,Hohoe,DHS 2022,2022,Low,Moderate (5-20%),6.3%,[2.0%–14.5%],53%
Independent,GHA,230,2,0.1717328949330125,0.149013285,0.10366933106342982,0.038653047575,0.4297323169999999,0.39107926942499993,0.6036661240926958,0.0775539781413825,-1.006826505,1.1572522475,-1.140428338325,-0.1970752274902375,-0.4180110577639866,0.860875,Keta Municipal,DHS 2022,2022,Low,Moderate (5-20%),17.2%,[3.9%–43.0%],60%
Independent,GHA,231,2,0.1837452761875,0.17310551000000002,0.07054977542262533,0.07720220209999999,0.3472698367499996,0.2700676346499996,0.3839542266688473,-0.016813463145412873,-0.5412397862499999,0.5006180887499997,-1.140428338325,-0.1511363692,-0.44901599602233117,0.963125,Ketu North,DHS 2022,2022,Low,Moderate (5-20%),18.4%,[7.7%–34.7%],38%
Independent,GHA,232,2,0.1690171856893625,0.14467433000000002,0.10662009993462611,0.03480026305,0.43509960424999994,0.40029934119999994,0.6308240165031721,-0.3694109501162425,-1.392549095,0.62859258575,-1.140428338325,-0.047543094015762496,-0.029203025788461946,0.667625,Ketu South,DHS 2022,2022,Low,Moderate (5-20%),16.9%,[3.5%–43.5%],63%
Independent,GHA,233,2,0.25668567617,0.25325705,0.05060979017551457,0.16831928750000003,0.36511357075,0.19679428324999998,0.1971663979488917,0.34312930624346927,-0.32820598549999996,1.0300097449999996,-1.140428338325,0.005102664991125,0.2885808454550498,0.44475,Kpando,DHS 2022,2022,Medium,High (20-50%),25.7%,[16.8%–36.5%],20%
Independent,GHA,234,2,0.150825071162,0.127433135,0.09532093046933088,0.031769729925000004,0.4010719724999996,0.3693022425749996,0.6319965887299164,-0.01990444239966875,-1.05146204,1.0413531575,-1.140428338325,-0.18135135518575,-0.41984926639533326,0.85875,North Dayi,DHS 2022,2022,Low,Moderate (5-20%),15.1%,[3.2%–40.1%],63%
Independent,GHA,235,2,0.126817925581125,0.11408866000000001,0.06512319543047781,0.038299695300000006,0.28708757974999977,0.24878788444999977,0.5135172739347382,-0.18706789357879464,-1.1013123825,0.7507016687499996,-1.140428338325,-0.256904885606625,-0.5935088319107226,0.95025,North Tongu,DHS 2022,2022,Low,Moderate (5-20%),12.7%,[3.8%–28.7%],51%
Independent,GHA,236,2,0.067642263189,0.0674028935,0.006248939438308324,0.056032321525000005,0.08072502277499999,0.024692701249999983,0.09238217563549127,-0.33664487052970066,-1.0793564500000001,0.3976290592499993,-1.140428338325,-0.259800151966125,-0.7309240080175412,0.992125,South Dayi,DHS 2022,2022,High,Moderate (5-20%),6.8%,[5.6%–8.1%],9%
Independent,GHA,237,2,0.181723840393,0.158434285,0.10769108530676835,0.04155944225,0.45674890224999987,0.41518945999999984,0.5926084605843308,0.08333775365118264,-0.9808479745,1.1185524574999999,-1.140428338325,-0.198726811704625,-0.4008531284615641,0.8545,South Tongu,DHS 2022,2022,Low,Moderate (5-20%),18.2%,[4.2%–45.7%],59%
Independent,GHA,238,2,0.134137515313375,0.1277321,0.044857903424089955,0.06534315625,0.23696342149999994,0.17162026524999993,0.3344172830344437,-0.30803913957272,-0.89481142525,0.2658406714999999,-1.140428338325,-0.318563146454125,-0.6921681320299133,0.999875,Ahanta West,DHS 2022,2022,Low,Moderate (5-20%),13.4%,[6.5%–23.7%],33%
Independent,GHA,239,2,0.1329641591373625,0.10924694,0.09130035016593498,0.0260612461,0.3733895959999998,0.34732834989999983,0.686653837833205,-0.23659125514054713,-1.1799642375000001,0.7087521904999998,-1.140428338325,-0.1385803583581375,-0.42916942518392853,0.866125,Effia Kwesimintsim,DHS 2022,2022,Low,Moderate (5-20%),13.3%,[2.6%–37.3%],69%
Independent,GHA,240,2,0.26822513303725,0.24547469,0.1415285946863258,0.063834130625,0.607353666,0.543519535375,0.5276485207919382,-0.07947065527682225,-1.16398706,1.0122640799999996,-1.140428338325,-0.247332203493875,-0.40432061826612303,0.871625,Ellembelle,DHS 2022,2022,Low,High (20-50%),26.8%,[6.4%–60.7%],53%
Independent,GHA,241,2,0.256850185675875,0.25002444,0.07558708766660632,0.13061525175000002,0.4223818815,0.29176662975,0.29428473048484133,-0.30309547271993736,-0.9960915367499998,0.3908391944999997,-1.140428338325,-0.1400605992235,-0.28734129709492023,0.841375,Jomoro,DHS 2022,2022,Medium,High (20-50%),25.7%,[13.1%–42.2%],29%
Independent,GHA,242,2,0.224097203906375,0.1992028,0.12258800712113532,0.055664446575,0.5244929617499999,0.4688285151749999,0.5470305072273506,-0.129226652980803,-0.92508203275,0.6525963054999998,-1.140428338325,-0.197586524121125,-0.4594521397248358,0.912875,Mpohor,DHS 2022,2022,Low,High (20-50%),22.4%,[5.6%–52.4%],55%
Independent,GHA,243,2,0.145316326783375,0.14498497500000002,0.01247237214180332,0.122046785,0.1709646735,0.04891788849999999,0.0858291178829207,-0.25405943810125675,-0.68740258875,0.17078265899999992,-1.140428338325,-0.518574842899125,-0.7808428139564685,1,Nzema East,DHS 2022,2022,High,Moderate (5-20%),14.5%,[12.2%–17.1%],9%
Independent,GHA,244,2,0.120203686694875,0.105982245,0.0658449877859273,0.0352513038,0.28385801099999985,0.24860670719999986,0.5477784383857394,-0.6485409429228738,-1.3605572625,0.06059832124999976,-1.140428338325,-0.226009630208875,-0.633664553545597,0.9815,Prestea-Huni Valley,DHS 2022,2022,Low,Moderate (5-20%),12.0%,[3.5%–28.4%],55%
Independent,GHA,245,2,0.122809584878175,0.1005091,0.08477003087687549,0.023029744574999997,0.3447862859999998,0.32175654142499976,0.6902558213266977,0.081696299226271,-0.8450305124999999,0.9860804322499997,-1.140428338325,-0.250679830315325,-0.6418881426262014,0.964375,Sekondi Takoradi,DHS 2022,2022,Low,Moderate (5-20%),12.3%,[2.3%–34.5%],69%
Independent,GHA,246,2,0.168538852691125,0.14631455999999998,0.10396475258756989,0.035636946275000005,0.43435927774999966,0.39872233147499964,0.6168592637693001,-0.11339938354101226,-1.1695645625000002,0.9617789244999997,-1.140428338325,-0.222569436027375,-0.470081411479108,0.892125,Shama,DHS 2022,2022,Low,Moderate (5-20%),16.9%,[3.6%–43.4%],62%
Independent,GHA,247,2,0.118159791222375,0.10625977,0.05960272775067437,0.038432328525,0.2654052884999999,0.2269729599749999,0.5044247889580552,-0.07105102063071687,-0.73395383075,0.612625904499999,-1.140428338325,-0.421908624132625,-0.777545710526782,0.999625,Tarkwa Nsuaem,DHS 2022,2022,Low,Moderate (5-20%),11.8%,[3.8%–26.5%],50%
Independent,GHA,248,2,0.147096974530375,0.14343751500000002,0.035384425339498336,0.08795065579999999,0.22556580599999995,0.13761515019999998,0.2405516867526842,0.3726974736857465,0.011239189950000011,0.7216993079999997,-1.140428338325,-0.597615370163375,-0.8023459880641135,1,Wassa Amenfi Central,DHS 2022,2022,Medium,Moderate (5-20%),14.7%,[8.8%–22.6%],24%
Independent,GHA,249,2,0.1793417525793,0.16349681500000002,0.08792080736716068,0.05450087135000001,0.39235874749999994,0.33785787614999996,0.4902417094886174,-0.18046896012782326,-0.8039743659999999,0.44632845424999995,-1.140428338325,-0.18439268304195,-0.50511983420412,0.95925,Wassa Amenfi East,DHS 2022,2022,Low,Moderate (5-20%),17.9%,[5.5%–39.2%],49%
Independent,GHA,250,2,0.12012309987775,0.11265697499999999,0.04671893540615242,0.05029635365,0.22978096225,0.17948460859999998,0.3889254893829627,0.15103454467388464,-0.3598394285,0.6600392647499997,-1.140428338325,-0.58947974971975,-0.8305858223487438,1,Wassa Amenfi West,DHS 2022,2022,Low,Moderate (5-20%),12.0%,[5.0%–23.0%],39%
Independent,GHA,251,2,0.298031001653,0.28821265500000004,0.0985304840835054,0.13433480974999998,0.5143870475,0.38005223774999997,0.33060481472402414,-0.68257908517451,-1.2215507425,-0.14540869675000037,-1.140428338325,0.15095828251175,1.0417859385509007,0.04625,Wassa East,DHS 2022,2022,Low,High (20-50%),29.8%,[13.4%–51.4%],33%
Independent,GHA,252,2,0.252881523465875,0.228187515,0.13373048066366508,0.061311732925,0.5728338482499999,0.5115221153249999,0.5288266174247059,-0.36077042935213194,-1.26108197,0.5263506429999999,-1.140428338325,-0.09633873319925,-0.19452835194162504,0.729125,Aowin,DHS 2022,2022,Low,High (20-50%),25.3%,[6.1%–57.3%],53%
Independent,GHA,253,2,0.199182756181375,0.17517547,0.1148597842410491,0.045294329175,0.4740747284999996,0.4287803993249996,0.5766552609426604,0.39216857170032626,-0.37470815775,1.1321127174999999,-1.140428338325,-0.439663386129875,-0.6878850004444556,0.997,Bia East,DHS 2022,2022,Low,Moderate (5-20%),19.9%,[4.5%–47.4%],58%
Independent,GHA,254,2,0.1129170991788875,0.100092195,0.06133290749889116,0.03250839995,0.26897773899999994,0.23646933904999995,0.543167579975866,-0.354515177507691,-1.3469777175000002,0.63401752199999994,-1.140428338325,-0.3069057287374875,-0.6733717325981131,0.972,Bia West,DHS 2022,2022,Low,Moderate (5-20%),11.3%,[3.3%–26.9%],54%
Independent,GHA,255,2,0.09528225913225,0.086538245,0.04543353088626712,0.032557113775,0.20890825349999992,0.1763511397249999,0.4768309578303158,-0.6180032124377443,-1.325160585,0.09208394275,-1.140428338325,-0.116534807192125,-0.48125310152350015,0.91425,Bibiani-Anhwiaso-Bekwai-,DHS 2022,2022,Low,Moderate (5-20%),9.5%,[3.3%–20.9%],48%
Independent,GHA,256,2,0.182666251175875,0.15923948500000001,0.10999136838831007,0.04004743905,0.456814616,0.41676717695,0.6021438973004817,-0.052522201448977,-1.1193181225,1.01470959,-1.140428338325,-0.2085411362615,-0.4232611408965145,0.870375,Bodi,DHS 2022,2022,Low,Moderate (5-20%),18.3%,[4.0%–45.7%],60%
Independent,GHA,257,2,0.123746270617625,0.11331376500000001,0.058616888834384956,0.042759778474999996,0.26872906049999995,0.22596928202499994,0.47368610416964146,-0.227636306901375,-1.10501959,0.6351633752499997,-1.140428338325,-0.2599166489675,-0.601962215038252,0.955,Juaboso,DHS 2022,2022,Low,Moderate (5-20%),12.4%,[4.3%–26.9%],47%
Independent,GHA,258,2,0.201838825861125,0.176347235,0.11700040300111744,0.046200416075,0.4965167914999997,0.4503163754249997,0.5796724317135071,0.2289418487888635,-0.53615146375,0.9998641012499999,-1.140428338325,-0.350924550600125,-0.6340669123334391,0.986875,Sefwi-Akontombra,DHS 2022,2022,Low,High (20-50%),20.2%,[4.6%–49.7%],58%
Independent,GHA,259,2,0.113429552539625,0.107437,0.043747831480030516,0.0472020336,0.21607002449999996,0.16886799089999996,0.38568283573848916,0.1080302203509975,-0.40239167125,0.6080814282499998,-1.140428338325,-0.366109802605375,-0.760440619910257,1,Sefwi-Wiawso,DHS 2022,2022,Low,Moderate (5-20%),11.3%,[4.7%–21.6%],39%
Independent,GHA,260,2,0.179084670362625,0.15691569,0.10609147194900923,0.0386450104,0.43598970324999997,0.39734469284999996,0.5924095665708669,-0.06676294941973825,-1.12466531,0.9767726474999999,-1.140428338325,-0.2143771592445,-0.4366497171670185,0.86975,Suaman,DHS 2022,2022,Low,Moderate (5-20%),17.9%,[3.9%–43.6%],59%
Independent,CIV,1,1,0.04255313022825,0.0415443895,0.010202550705502881,0.025931615124999998,0.06639450782499998,0.040462892699999975,0.23976028674688787,0.5948643489995937,-0.26143466049999997,1.4708629275,NA,NA,NA,NA,Abidjan,DHS 2011-12,2011,Medium,Low (1-5%),4.3%,[2.6%–6.6%],24%
Independent,CIV,2,1,0.40735864587625,0.406596165,0.0434160849404124,0.324915335,0.4946961319999999,0.16978079699999987,0.10657951016854474,0.429163308574635,0.06992074352500001,0.79035990675,NA,NA,NA,NA,Fresco,DHS 2011-12,2011,High,High (20-50%),40.7%,[32.5%–49.5%],11%
Independent,CIV,3,1,0.1768962664425,0.17608002,0.01813265069763737,0.143190275,0.21339578549999996,0.07020551049999996,0.10250442851223983,0.08898358698961854,-0.29814294,0.47293042249999995,NA,NA,NA,NA,Sassandra,DHS 2011-12,2011,High,Moderate (5-20%),17.7%,[14.3%–21.3%],10%
Independent,CIV,4,1,0.3510861453625,0.350688735,0.025228319168437378,0.3027098955,0.401111188,0.09840129250000001,0.07185791721398999,0.83879834506875,0.47544444825000004,1.2069131149999999,NA,NA,NA,NA,Buyo,DHS 2011-12,2011,High,High (20-50%),35.1%,[30.3%–40.1%],7%
Independent,CIV,5,1,0.25590426409125,0.23523244999999998,0.12583156165765744,0.07102414445,0.5492490369999998,0.47822489254999984,0.49171342300411447,0.0703243935730575,-0.77282779925,0.9093306409999998,NA,NA,NA,NA,Guéyo,DHS 2011-12,2011,Low,High (20-50%),25.6%,[7.1%–54.9%],49%
Independent,CIV,6,1,0.16289198829575,0.14636042,0.08388375102928614,0.047180317900000004,0.3689795072499999,0.3217991893499999,0.5149654805427576,-0.48377670006708123,-1.2753658749999999,0.2880760592499992,NA,NA,NA,NA,Méagui,DHS 2011-12,2011,Low,Moderate (5-20%),16.3%,[4.7%–36.9%],51%
Independent,CIV,7,1,0.16877681222375,0.16818782,0.013995954245106896,0.14272243799999998,0.19818953050000002,0.05546709250000004,0.08292581226473365,0.14563912608859286,-0.18012456825,0.48659697225,NA,NA,NA,NA,Oupoyo,DHS 2011-12,2011,High,Moderate (5-20%),16.9%,[14.3%–19.8%],8%
Independent,CIV,8,1,0.16263381089,0.15701345,0.04449788563484372,0.09037041600000001,0.2622390352499999,0.1718686192499999,0.2736078395466031,-0.14151946322556713,-0.61372008375,0.3374881877499999,NA,NA,NA,NA,Soubré,DHS 2011-12,2011,Medium,Moderate (5-20%),16.3%,[9.0%–26.2%],27%
Independent,CIV,9,1,0.1787397481875,0.17169769000000001,0.05780938381031005,0.0891200057,0.31280606474999995,0.22368605904999994,0.3234276896802347,-0.3112577018465387,-0.913488883,0.29625035724999993,NA,NA,NA,NA,San-Pedro,DHS 2011-12,2011,Medium,Moderate (5-20%),17.9%,[8.9%–31.3%],32%
Independent,CIV,10,1,0.36795898810875,0.36576803,0.0634400845333987,0.2499447195,0.49894655099999996,0.24900183149999996,0.17241074843549964,0.20711508850337776,-0.42113203925,0.8359698807499997,NA,NA,NA,NA,Tabou,DHS 2011-12,2011,Medium,High (20-50%),36.8%,[25.0%–49.9%],17%
Independent,CIV,11,1,0.176394268848125,0.174184715,0.030460019141049986,0.12171576099999999,0.2425144815,0.1207987205,0.1726814558089525,-0.12197765326084326,-0.5606715312499999,0.3153956222499999,NA,NA,NA,NA,Abengourou,DHS 2011-12,2011,Medium,Moderate (5-20%),17.6%,[12.2%–24.3%],17%
Independent,CIV,12,1,0.1598647831425,0.159120525,0.018185426473531753,0.12650872425,0.19805468949999996,0.07154596524999995,0.11375505046237519,0.16422138472209813,-0.32761626425000007,0.6514997267499997,NA,NA,NA,NA,Agnibilékrou,DHS 2011-12,2011,High,Moderate (5-20%),16.0%,[12.7%–19.8%],11%
Independent,CIV,13,1,0.33956877338375,0.3385888,0.034742026560004254,0.274019694,0.40861847125,0.13459877725000002,0.10231219500487446,0.042239616762246586,-0.395447764,0.48774136149999986,NA,NA,NA,NA,Bettié,DHS 2011-12,2011,High,High (20-50%),34.0%,[27.4%–40.9%],10%
Independent,CIV,14,1,0.15532339501375,0.13576776000000002,0.09211876392138708,0.03626241460000001,0.3867984394999999,0.3505360248999999,0.5930771981466944,-0.30836358936386965,-1.127553735,0.5140025069999996,NA,NA,NA,NA,Aboisso,DHS 2011-12,2011,Low,Moderate (5-20%),15.5%,[3.6%–38.7%],59%
Independent,CIV,15,1,0.16301055164475,0.14082591500000002,0.09700543759730736,0.038760558150000006,0.40836417975,0.3696036216,0.5950868616696173,-0.06233822980880663,-1.0878684674999999,0.9655768289999996,NA,NA,NA,NA,Adiake,DHS 2011-12,2011,Low,Moderate (5-20%),16.3%,[3.9%–40.8%],60%
Independent,CIV,16,1,0.1658781011525,0.16519095,0.01357118918952548,0.14070737225000002,0.19399485425,0.05328748199999997,0.08181423042122243,-0.17856741561057876,-0.6990073262500001,0.330663363,NA,NA,NA,NA,Ayame,DHS 2011-12,2011,High,Moderate (5-20%),16.6%,[14.1%–19.4%],8%
Independent,CIV,17,1,0.084528232973875,0.08426687,0.007528952780426782,0.0706389808,0.1003081165,0.0296691357,0.08907027291998097,-0.277264798554725,-0.76575874125,0.21255711699999927,NA,NA,NA,NA,Bonoua,DHS 2011-12,2011,High,Moderate (5-20%),8.5%,[7.1%–10.0%],9%
Independent,CIV,18,1,0.053466142021875,0.041911922000000004,0.04142252342786072,0.009605424825,0.16443483624999997,0.15482941142499995,0.7747430777951627,-0.03802214111575687,-1.0662851775000002,0.98652373975,NA,NA,NA,NA,Grand-Bassam,DHS 2011-12,2011,Low,Moderate (5-20%),5.3%,[1.0%–16.4%],77%
Independent,CIV,19,1,0.13787848981865,0.118023935,0.08598055632205223,0.030880781149999998,0.35748971524999995,0.32660893409999997,0.6235965917173989,-0.23424136312183164,-1.1116323049999999,0.6412985557499996,NA,NA,NA,NA,Mafere,DHS 2011-12,2011,Low,Moderate (5-20%),13.8%,[3.1%–35.7%],62%
Independent,CIV,20,1,0.204614564190625,0.196507535,0.06630561555618568,0.09924332855,0.3549825465,0.25573921795,0.3240513001528738,0.066721342845081,-0.7931923985,0.9628431489999987,NA,NA,NA,NA,Tiapoum,DHS 2011-12,2011,Medium,High (20-50%),20.5%,[9.9%–35.5%],32%
Independent,CIV,21,1,0.206863059259875,0.185441965,0.11133966613846014,0.05430444212500001,0.479780959,0.425476516875,0.5382288482864788,0.042903624258458124,-0.7047013744999999,0.8147377682499993,NA,NA,NA,NA,Kaniasso,DHS 2011-12,2011,Low,High (20-50%),20.7%,[5.4%–48.0%],54%
Independent,CIV,22,1,0.04955456715725,0.048477052,0.010947266465913567,0.031152043525,0.073982640175,0.042830596650000004,0.22091337073281136,-0.98889544923325,-1.59497329,-0.4035332945,NA,NA,NA,NA,Minignan,DHS 2011-12,2011,Medium,Low (1-5%),5.0%,[3.1%–7.4%],22%
Independent,CIV,23,1,0.170947968891325,0.147749605,0.10460546056151608,0.0368934606,0.4386863325,0.4017928719,0.6119140299819289,-0.13469317978220374,-1.2430032249999998,0.9432182042499995,NA,NA,NA,NA,Gbeleban,DHS 2011-12,2011,Low,Moderate (5-20%),17.1%,[3.7%–43.9%],61%
Independent,CIV,24,1,0.21966025385425,0.19629825,0.11740273412955257,0.053986216025000006,0.5023028424999998,0.4483166264749998,0.5344741803287371,0.02217342296624175,-0.7730817409999999,0.81076453775,NA,NA,NA,NA,Madinani,DHS 2011-12,2011,Low,High (20-50%),22.0%,[5.4%–50.2%],53%
Independent,CIV,25,1,0.0879859334285,0.08284110049999999,0.03143255621988372,0.04021889395,0.16130986425,0.12109097029999999,0.35724524358688264,-0.7493600600691875,-1.2701722725,-0.2387012752500002,NA,NA,NA,NA,Odienné,DHS 2011-12,2011,Low,Moderate (5-20%),8.8%,[4.0%–16.1%],36%
Independent,CIV,26,1,0.19999050083125,0.17789352,0.11005591072330255,0.04901575935000001,0.46746534599999995,0.4184495866499999,0.5503056908496201,-0.15028693061655662,-1.1973719425,0.8514916354999996,NA,NA,NA,NA,Samatiguila,DHS 2011-12,2011,Low,Moderate (5-20%),20.0%,[4.9%–46.7%],55%
Independent,CIV,27,1,0.106937358963,0.10665181,0.009493760106395873,0.0891017234,0.12662810225,0.037526378850000014,0.08877870370522883,-0.4781283602768181,-1.2266466425,0.2342786549999999,NA,NA,NA,NA,Seguelon,DHS 2011-12,2011,High,Moderate (5-20%),10.7%,[8.9%–12.7%],9%
Independent,CIV,28,1,0.188893135787375,0.18366871,0.046719874401428954,0.11109580025,0.29376790925,0.18267210900000003,0.2473349505617745,-0.17023461942999563,-0.63364383475,0.29273484175000003,NA,NA,NA,NA,Gagnoa,DHS 2011-12,2011,Medium,Moderate (5-20%),18.9%,[11.1%–29.4%],25%
Independent,CIV,29,1,0.27101307659575,0.2593565,0.10177361412760463,0.1094018015,0.5025689839999999,0.39316718249999993,0.37553027110722315,0.08822518133969875,-0.5770751625,0.7620745959999995,NA,NA,NA,NA,Oumé,DHS 2011-12,2011,Low,High (20-50%),27.1%,[10.9%–50.3%],38%
Independent,CIV,30,1,0.222288014016125,0.199082555,0.11705226143482124,0.05774906897500001,0.4991026679999999,0.44135359902499993,0.52657927577836094,-0.20680744144769336,-0.985201072,0.5910460569999999,NA,NA,NA,NA,Divo,DHS 2011-12,2011,Low,High (20-50%),22.2%,[5.8%–49.9%],53%
Independent,CIV,31,1,0.493320881775,0.493456905,0.024672965351342013,0.44409391724999997,0.5415067435,0.09741282625000008,0.05001402994044588,0.3518755804274338,-0.1700861745,0.8970078047499999,NA,NA,NA,NA,Guitry,DHS 2011-12,2011,High,High (20-50%),49.3%,[44.4%–54.2%],5%
Independent,CIV,32,1,0.16791462541125,0.167633225,0.01358527613122833,0.142386307,0.19624871625,0.05386240925000002,0.08090585378108547,0.06631183670815584,-0.32671845425,0.4672837074999998,NA,NA,NA,NA,Lakota,DHS 2011-12,2011,High,Moderate (5-20%),16.8%,[14.2%–19.6%],8%
Independent,CIV,33,1,0.248155834943375,0.22615405500000002,0.12428654365087964,0.067489187675,0.5453579942499999,0.47786880657499986,0.5008407063216537,0.268904456542711,-0.44414404825,0.972047758,NA,NA,NA,NA,Didievi,DHS 2011-12,2011,Low,High (20-50%),24.8%,[6.7%–54.5%],50%
Independent,CIV,34,1,0.255745970780625,0.23513541500000001,0.12666610670039466,0.07117718995,0.55549887925,0.48432168929999997,0.4952809473938767,-0.2386554170129675,-0.9575592405,0.47408067074999954,NA,NA,NA,NA,Djekanou,DHS 2011-12,2011,Low,High (20-50%),25.6%,[7.1%–55.5%],50%
Independent,CIV,35,1,0.29471188733875,0.29445917,0.020757357427746554,0.2546503665,0.335970714,0.0813203475,0.07043271180944077,-0.11869677462881162,-0.5383692145000001,0.28502077424999983,NA,NA,NA,NA,Tiebissou,DHS 2011-12,2011,High,High (20-50%),29.5%,[25.5%–33.6%],7%
Independent,CIV,36,1,0.1486221669025,0.14187975,0.051579656546739,0.068445876825,0.27040755775,0.20196168092500003,0.34705224410149127,-0.5516828315879737,-1.04955344,-0.03504331802500024,NA,NA,NA,NA,Toumodi,DHS 2011-12,2011,Low,Moderate (5-20%),14.9%,[6.8%–27.0%],35%
Independent,CIV,37,1,0.306259529234375,0.296499395,0.10329903749737111,0.13424675575,0.5301310757499997,0.39588431999999973,0.33729248443504983,0.14442930292673106,-0.59420393825,0.8756622855,NA,NA,NA,NA,Daoukro,DHS 2011-12,2011,Low,High (20-50%),30.6%,[13.4%–53.0%],34%
Independent,CIV,38,1,0.46128330403375,0.45703473,0.12017104427275728,0.2411381035,0.6991304454999999,0.45799234199999994,0.2605146191546636,0.6607614540487422,0.04024844847500001,1.2974952499999999,NA,NA,NA,NA,M'Bahiakro,DHS 2011-12,2011,Medium,High (20-50%),46.1%,[24.1%–69.9%],26%
Independent,CIV,39,1,0.2274729532725,0.20849695499999998,0.11433313451447029,0.0636878302,0.50086659475,0.43717876454999993,0.5026229838301063,0.26183410212421815,-0.6118671892499999,1.1544046925,NA,NA,NA,NA,Prikro,DHS 2011-12,2011,Low,High (20-50%),22.7%,[6.4%–50.1%],50%
Independent,CIV,40,1,0.231656852023125,0.20941608499999997,0.11911735364689911,0.061941413875,0.52308474425,0.46114333037499994,0.5141974114152613,-0.12451846715910425,-1.0166826225,0.73967346275,NA,NA,NA,NA,Arrah,DHS 2011-12,2011,Low,High (20-50%),23.2%,[6.2%–52.3%],51%
Independent,CIV,41,1,0.175602713060125,0.16894012,0.05841381078329674,0.08324306587500001,0.3094946915,0.22625162562499995,0.3326475415177458,0.22044356075113175,-0.27931636175,0.7246238607499997,NA,NA,NA,NA,Bongouanou,DHS 2011-12,2011,Low,Moderate (5-20%),17.6%,[8.3%–30.9%],33%
Independent,CIV,42,1,0.224831393727875,0.202458785,0.11770508757292703,0.05990778672500001,0.5048108374999999,0.44490305077499986,0.5235260326473425,0.280793541708121,-0.46254989075,1.0568617349999998,NA,NA,NA,NA,M’Batto,DHS 2011-12,2011,Low,High (20-50%),22.5%,[6.0%–50.5%],52%
Independent,CIV,43,1,0.236142912118625,0.21638311500000001,0.11651000647561806,0.06508009467499999,0.5122156187499998,0.4471355240749998,0.49338769235254426,0.1949975621740125,-0.54693197775,0.9432622569999998,NA,NA,NA,NA,Bocanda,DHS 2011-12,2011,Low,High (20-50%),23.6%,[6.5%–51.2%],49%
Independent,CIV,44,1,0.23587673475575,0.21342830499999998,0.12087806923439634,0.06380596520000001,0.5234546797499999,0.4596487145499999,0.5124628732866148,-0.6535745842455087,-1.415894785,0.07676809324999989,NA,NA,NA,NA,Dimbokro,DHS 2011-12,2011,Low,High (20-50%),23.6%,[6.4%–52.3%],51%
Independent,CIV,45,1,0.14535772412625,0.14505919,0.012065394332246317,0.12254212425,0.16992084224999998,0.047378717999999986,0.0830048379250005,0.019401391512465775,-0.32353070175,0.3585157922499997,NA,NA,NA,NA,Kouassi-Kouassikro,DHS 2011-12,2011,High,Moderate (5-20%),14.5%,[12.3%–17.0%],8%
Independent,CIV,46,1,0.102588490179,0.097654322,0.0349137076663395,0.049337073175,0.18342541524999997,0.13408834207499998,0.3403277268767757,-0.4265541912833125,-0.9612759059999999,0.11322354199999962,NA,NA,NA,NA,Agboville,DHS 2011-12,2011,Low,Moderate (5-20%),10.3%,[4.9%–18.3%],34%
Independent,CIV,47,1,0.205197856496875,0.18393242,0.10869354617583836,0.053940616399999995,0.47388606099999975,0.4199454445999998,0.5297011773487686,-0.3990975629182901,-1.2024107124999999,0.3689485797499984,NA,NA,NA,NA,Sikensi,DHS 2011-12,2011,Low,High (20-50%),20.5%,[5.4%–47.4%],53%
Independent,CIV,48,1,0.29874428217625,0.29835997999999997,0.020477067178773855,0.259636257,0.3401556565,0.08051939950000003,0.06854379615102729,0.85032450757125,0.544799341,1.1584401599999994,NA,NA,NA,NA,Taabo,DHS 2011-12,2011,High,High (20-50%),29.9%,[26.0%–34.0%],7%
Independent,CIV,49,1,0.239328416394625,0.21933418500000001,0.11975042680247426,0.06844375772499998,0.5269385224999997,0.45849476477499973,0.500360252269499,-0.09498794784203775,-0.9061756289999999,0.6872274622499999,NA,NA,NA,NA,Tiassalé,DHS 2011-12,2011,Low,High (20-50%),23.9%,[6.8%–52.7%],50%
Independent,CIV,50,1,0.205933466605375,0.18424068,0.11193874228957022,0.052548873275,0.4837016609999996,0.4311527877249996,0.5435675130165974,-0.43513662859499774,-1.31641798,0.4091310774999998,NA,NA,NA,NA,Dabou,DHS 2011-12,2011,Low,High (20-50%),20.6%,[5.3%–48.4%],54%
Independent,CIV,51,1,0.20112327170375,0.200533505,0.015946996363778193,0.17151814625,0.23404641475,0.06252826849999998,0.07928966264663671,-0.1698185351864425,-0.66748179325,0.3319358602499995,NA,NA,NA,NA,Grand-Lahou,DHS 2011-12,2011,High,High (20-50%),20.1%,[17.2%–23.4%],8%
Independent,CIV,52,1,0.221690530335,0.197113945,0.11878241085095495,0.05865183520000001,0.5021624367499994,0.4435106015499994,0.5358028178806781,-0.12650152551888338,-0.91049617,0.6374550699999997,NA,NA,NA,NA,Jacqueville,DHS 2011-12,2011,Low,High (20-50%),22.2%,[5.9%–50.2%],54%
Independent,CIV,53,1,0.18436474509775,0.16206842500000002,0.10256211559217575,0.046492463225,0.4370430869999999,0.3905506237749999,0.55630004281891,-0.176892131418845,-1.0834498275,0.7068993904999998,NA,NA,NA,NA,Adzope,DHS 2011-12,2011,Low,Moderate (5-20%),18.4%,[4.6%–43.7%],56%
Independent,CIV,54,1,0.32831687429875,0.327263625,0.04161507271372795,0.251343381,0.4131901875,0.1618468065,0.12675276835104296,0.681619066446325,0.3103037945,1.0537956025,NA,NA,NA,NA,Akoupe,DHS 2011-12,2011,High,High (20-50%),32.8%,[25.1%–41.3%],13%
Independent,CIV,55,1,0.103135219486625,0.099325371,0.03012111715493255,0.055621390099999994,0.17406229075,0.11844090064999999,0.2920546182464738,-0.3009423098909411,-0.74051785275,0.13968423874999958,NA,NA,NA,NA,Alépé,DHS 2011-12,2011,Medium,Moderate (5-20%),10.3%,[5.6%–17.4%],29%
Independent,CIV,56,1,0.186734872963125,0.16508505,0.10268102063652058,0.050553620300000005,0.4418291215,0.3912755012,0.5498759766034557,-0.0982247411442425,-0.89105868875,0.6858307987499996,NA,NA,NA,NA,Yakasse-Attobrou,DHS 2011-12,2011,Low,Moderate (5-20%),18.7%,[5.1%–44.2%],55%
Independent,CIV,57,1,0.28576051042375,0.285002235,0.021689746422373844,0.24546825475,0.330329755,0.08486150025,0.07590183258775134,0.1167214573955145,-0.22446810825,0.4572449399999996,NA,NA,NA,NA,Blolequin,DHS 2011-12,2011,High,High (20-50%),28.6%,[24.5%–33.0%],8%
Independent,CIV,58,1,0.33517027675375,0.32419087,0.11925090288447335,0.13894201025,0.5966033387499998,0.45766132849999985,0.35579199933676436,0.1060111600710385,-0.5145712249999999,0.7233998237499999,NA,NA,NA,NA,Guiglo,DHS 2011-12,2011,Low,High (20-50%),33.5%,[13.9%–59.7%],36%
Independent,CIV,59,1,0.170009427220875,0.145995395,0.1041416998372498,0.03539381045,0.4338780294999998,0.3984842190499998,0.6125642650507237,-0.2615393501352045,-1.0504358125,0.5104265514999996,NA,NA,NA,NA,Taï,DHS 2011-12,2011,Low,Moderate (5-20%),17.0%,[3.5%–43.4%],61%
Independent,CIV,60,1,0.2628034980975,0.26238264,0.019621064568222883,0.22600854500000003,0.30288371075000003,0.07687516575,0.07466059131733276,-0.0192583844222565,-0.39205844599999995,0.3558189467499999,NA,NA,NA,NA,Toulepleu,DHS 2011-12,2011,High,High (20-50%),26.3%,[22.6%–30.3%],7%
Independent,CIV,61,1,0.33996505665,0.33918816500000004,0.02211500207751603,0.2979239755,0.3848677015,0.086943726,0.06505080932562965,0.6246502471633625,0.19652378875,1.0537257424999997,NA,NA,NA,NA,Bangolo,DHS 2011-12,2011,High,High (20-50%),34.0%,[29.8%–38.5%],7%
Independent,CIV,62,1,0.38976666912125,0.38851287,0.04596525861192073,0.30343745725,0.4842998025,0.18086234525,0.11793019325011009,0.1864181720339085,-0.27771705750000003,0.6525512152499999,NA,NA,NA,NA,Duékoué,DHS 2011-12,2011,High,High (20-50%),39.0%,[30.3%–48.4%],12%
Independent,CIV,63,1,0.3702658497425,0.370156555,0.023916573413284674,0.323951171,0.41884290274999997,0.09489173174999999,0.06459297672177265,0.208538262894404,-0.28111071874999993,0.7057199467499998,NA,NA,NA,NA,Facobly,DHS 2011-12,2011,High,High (20-50%),37.0%,[32.4%–41.9%],6%
Independent,CIV,64,1,0.284065036462375,0.263672295,0.13298804212363366,0.08389151345,0.5889568445,0.50506533105,0.4681605444295789,0.47465745903067474,-0.3629723915,1.3629167924999996,NA,NA,NA,NA,Kouibly,DHS 2011-12,2011,Low,High (20-50%),28.4%,[8.4%–58.9%],47%
Independent,CIV,65,1,0.28146620946025,0.25967251999999996,0.13928744027444404,0.07610703975000001,0.6044173405,0.52831030075,0.494863808133654,0.29030444546342116,-0.52260062975,1.1308616074999989,NA,NA,NA,NA,Biankouma,DHS 2011-12,2011,Low,High (20-50%),28.1%,[7.6%–60.4%],49%
Independent,CIV,66,1,0.2681852892345,0.254859825,0.10358695832460423,0.10314143475000001,0.5006926709999998,0.3975512362499998,0.3862514555525387,0.12529896110670424,-0.5251906822500001,0.7890212707499997,NA,NA,NA,NA,Danané,DHS 2011-12,2011,Low,High (20-50%),26.8%,[10.3%–50.1%],39%
Independent,CIV,67,1,0.287467867565,0.28180932999999997,0.06622055467780934,0.1716308705,0.4308875755,0.259256705,0.2303581100688969,0.09161096331272325,-0.47781565875,0.6596273314999999,NA,NA,NA,NA,Man,DHS 2011-12,2011,Medium,High (20-50%),28.7%,[17.2%–43.1%],23%
Independent,CIV,68,1,0.324898639389375,0.304924835,0.15190326216915656,0.089504704625,0.66444885375,0.5749441491249999,0.4675404687894306,0.49117291511936373,-0.30869980375,1.28223443,NA,NA,NA,NA,Sipilou,DHS 2011-12,2011,Low,High (20-50%),32.5%,[9.0%–66.4%],47%
Independent,CIV,69,1,0.20765280863425,0.19106854499999998,0.09531581938826751,0.06818726552499998,0.43357601699999976,0.3653887514749998,0.4590153151077882,0.17511817131103294,-0.46489996525,0.8384305104999998,NA,NA,NA,NA,Zouan-Hounien,DHS 2011-12,2011,Low,High (20-50%),20.8%,[6.8%–43.4%],46%
Independent,CIV,70,1,0.27644042359125,0.27330134,0.05279498107269437,0.18269370075,0.38804027825,0.2053465775,0.1909814070852316,0.16160493855602762,-0.29121762275,0.6143517304999996,NA,NA,NA,NA,Daloa,DHS 2011-12,2011,Medium,High (20-50%),27.6%,[18.3%–38.8%],19%
Independent,CIV,71,1,0.39677797024625,0.39502886000000004,0.059509235117702966,0.2846881275,0.5174652624999999,0.2327771349999999,0.14998119749634814,0.5364521764805374,0.164880748,0.9049154082499997,NA,NA,NA,NA,Issia,DHS 2011-12,2011,High,High (20-50%),39.7%,[28.5%–51.7%],15%
Independent,CIV,72,1,0.23956491403875,0.23789717500000002,0.03542432739994403,0.17579057375,0.3142645204999999,0.1384739467499999,0.14786943047183482,0.4221108322766787,0.08235955922500002,0.7624935552500001,NA,NA,NA,NA,Vavoua,DHS 2011-12,2011,High,High (20-50%),24.0%,[17.6%–31.4%],15%
Independent,CIV,73,1,0.45610384326375,0.45577435499999996,0.024822207309803068,0.40932117325,0.5045732922499999,0.09525211899999991,0.05442227176202327,0.92931914347375,0.62517908775,1.2329703349999999,NA,NA,NA,NA,Zoukougbeu,DHS 2011-12,2011,High,High (20-50%),45.6%,[40.9%–50.5%],5%
Independent,CIV,74,1,0.1730595959135,0.16363586000000002,0.06434072971892485,0.074662961875,0.3229651335,0.248302171625,0.37178365856744594,-0.0916547494446295,-0.72795418125,0.536527935,NA,NA,NA,NA,Bouaflé,DHS 2011-12,2011,Low,Moderate (5-20%),17.3%,[7.5%–32.3%],37%
Independent,CIV,75,1,0.164909391937125,0.160715885,0.042388042803006815,0.094270392225,0.2605346179999998,0.16626422577499977,0.2570383791068013,-0.10930615697567732,-0.62998223025,0.3948047544999999,NA,NA,NA,NA,Sinfra,DHS 2011-12,2011,Medium,Moderate (5-20%),16.5%,[9.4%–26.1%],26%
Independent,CIV,76,1,0.244642952134,0.232024045,0.09444629358077701,0.095925707375,0.4626997249999997,0.36677401762499967,0.38605769247358196,0.7337554736100438,0.16055888475,1.3129555224999998,NA,NA,NA,NA,Zuénoula,DHS 2011-12,2011,Low,High (20-50%),24.5%,[9.6%–46.3%],39%
Independent,CIV,77,1,0.102709900731875,0.09657185500000001,0.0382941619352561,0.046035790775,0.19169120699999986,0.14565541622499986,0.3728380775600525,-0.7566588474963625,-1.3275220925000002,-0.20622825250000026,NA,NA,NA,NA,Boundiali,DHS 2011-12,2011,Low,Moderate (5-20%),10.3%,[4.6%–19.2%],37%
Independent,CIV,78,1,0.201227381750125,0.19224659,0.07114604111184461,0.0897964797,0.36228087274999976,0.2724843930499998,0.3535604374169641,0.19979297724990125,-0.3019471355,0.72364888225,NA,NA,NA,NA,Kouto,DHS 2011-12,2011,Low,High (20-50%),20.1%,[9.0%–36.2%],35%
Independent,CIV,79,1,0.119019708035125,0.118649875,0.010354887690062195,0.099663024375,0.1404987665,0.040835742125000005,0.08700145430541864,-0.4336091066587762,-0.972913983,0.09368852494999987,NA,NA,NA,NA,Tengréla,DHS 2011-12,2011,High,Moderate (5-20%),11.9%,[10.0%–14.0%],9%
Independent,CIV,80,1,0.197255376414125,0.17583890000000002,0.1067409779169557,0.051590148100000004,0.45222820625,0.40063805815,0.5411308926397012,-0.38860904776696,-1.20203784,0.4187393987499988,NA,NA,NA,NA,Dikodougou,DHS 2011-12,2011,Low,Moderate (5-20%),19.7%,[5.2%–45.2%],54%
Independent,CIV,81,1,0.092018307425875,0.088593477,0.02705789578644014,0.048817304275,0.1532894045,0.104472100225,0.2940490489703533,-0.4593339559544275,-0.9490578967499999,0.021492590949999897,NA,NA,NA,NA,Korhogo,DHS 2011-12,2011,Medium,Moderate (5-20%),9.2%,[4.9%–15.3%],29%
Independent,CIV,82,1,0.42217430986375,0.422203385,0.02409169143437642,0.375789274,0.46963925175,0.09384997774999998,0.057065744815575414,0.6717383459745212,0.063789921475,1.2709900925,NA,NA,NA,NA,M'bengue,DHS 2011-12,2011,High,High (20-50%),42.2%,[37.6%–47.0%],6%
Independent,CIV,83,1,0.157436749373475,0.136704945,0.09415914017913654,0.037059949674999995,0.39797877849999985,0.36091882882499987,0.5980759927643712,-0.07569706847794963,-1.0848677975,0.898669607,NA,NA,NA,NA,Sinematiali,DHS 2011-12,2011,Low,Moderate (5-20%),15.7%,[3.7%–39.8%],60%
Independent,CIV,84,1,0.06071780680975,0.057212769499999996,0.021235988122811026,0.029018882300000003,0.10925974099999997,0.08024085869999996,0.3497489326212121,-0.34529952242177464,-0.9583891059999999,0.25249711874999986,NA,NA,NA,NA,Ferkessedougou,DHS 2011-12,2011,Low,Moderate (5-20%),6.1%,[2.9%–10.9%],35%
Independent,CIV,85,1,0.59143702986875,0.591817365,0.024195147171360454,0.54283960375,0.63786469875,0.095025095,0.04090908406044473,0.7152125889033125,0.23451683775,1.2008514425,NA,NA,NA,NA,Kong,DHS 2011-12,2011,High,Very high (≥50%),59.1%,[54.3%–63.8%],4%
Independent,CIV,86,1,0.163037728739125,0.149344815,0.07752953351990459,0.053200387324999994,0.3532318169999998,0.3000314296749998,0.4755312412623142,-0.4991638200011025,-1.2614515925,0.22993319774999968,NA,NA,NA,NA,Ouangolodougou,DHS 2011-12,2011,Low,Moderate (5-20%),16.3%,[5.3%–35.3%],48%
Independent,CIV,87,1,0.177684208274625,0.164697065,0.0811119263453775,0.061081729325,0.37244598599999995,0.31136425667499995,0.45649485192298356,0.19260404394621924,-0.47016246625,0.86732979625,NA,NA,NA,NA,Béoumi,DHS 2011-12,2011,Low,Moderate (5-20%),17.8%,[6.1%–37.2%],46%
Independent,CIV,88,1,0.203527667448125,0.178877375,0.11995014251650457,0.0427524451,0.5084934032499998,0.46574095814999983,0.5893554621858839,-0.9953899512068655,-1.79498265,-0.21713361725000083,NA,NA,NA,NA,Botro,DHS 2011-12,2011,Low,High (20-50%),20.4%,[4.3%–50.8%],59%
Independent,CIV,89,1,0.10554818123075,0.098641508,0.04196546068410004,0.04340956065,0.20541269449999996,0.16200313384999998,0.39759529908293656,-0.8619255365600625,-1.545275515,-0.19538327900000013,NA,NA,NA,NA,Bouaké,DHS 2011-12,2011,Low,Moderate (5-20%),10.6%,[4.3%–20.5%],40%
Independent,CIV,90,1,0.44819977905,0.44830609,0.02445127545438432,0.40003120249999996,0.496183742,0.09615253950000002,0.054554412111070226,0.6277242370544438,-0.08826959944999997,1.3698519699999998,NA,NA,NA,NA,Diabo,DHS 2011-12,2011,High,High (20-50%),44.8%,[40.0%–49.6%],5%
Independent,CIV,91,1,0.2762700565125,0.265387655,0.09909003551967048,0.11729685050000001,0.4966360105,0.37933916,0.3586709206583418,-0.374163249543162,-1.02325581,0.2714398144999997,NA,NA,NA,NA,Sakassou,DHS 2011-12,2011,Low,High (20-50%),27.6%,[11.7%–49.7%],36%
Independent,CIV,92,1,0.20260865383925,0.189821995,0.08674796218627856,0.07180527425000001,0.4056322834999999,0.3338270092499999,0.42815526653222086,0.03389980181165862,-0.60833294375,0.6659841084999999,NA,NA,NA,NA,Dabakala,DHS 2011-12,2011,Low,High (20-50%),20.3%,[7.2%–40.6%],43%
Independent,CIV,93,1,0.183504794236875,0.18112399,0.03411748148258892,0.12371643125000001,0.2568556427499999,0.13313921149999988,0.18592147210360493,0.26133776109576123,-0.18071346324999998,0.7016075542499999,NA,NA,NA,NA,Katiola,DHS 2011-12,2011,Medium,Moderate (5-20%),18.4%,[12.4%–25.7%],19%
Independent,CIV,94,1,0.080468503359,0.075574367,0.030635504450140554,0.03553950885,0.15327183424999996,0.11773232539999996,0.38071423192083176,-0.6853976665393375,-1.3634338275,-0.0199740610750004,NA,NA,NA,NA,Niakarmadougou,DHS 2011-12,2011,Low,Moderate (5-20%),8.0%,[3.6%–15.3%],38%
Independent,CIV,95,1,0.31091406380125,0.310551315,0.0232765647139607,0.26751277175,0.35871606450000004,0.09120329275000005,0.07486494637579376,0.134652021564837,-0.39524822600000004,0.6528573387499997,NA,NA,NA,NA,Koro,DHS 2011-12,2011,High,High (20-50%),31.1%,[26.8%–35.9%],7%
Independent,CIV,96,1,0.287270014387,0.26772432,0.13727564330038286,0.08126466190000001,0.6045681537499997,0.5233034918499997,0.4778627647348183,-0.1745627076638725,-0.9343461744999999,0.5827119537499998,NA,NA,NA,NA,Ouaninou,DHS 2011-12,2011,Low,High (20-50%),28.7%,[8.1%–60.5%],48%
Independent,CIV,97,1,0.27455561999375,0.270285165,0.06480550528334343,0.1615298305,0.41179928824999995,0.25026945775,0.2360378027767877,0.14466949642554713,-0.3807153505,0.6718890109999999,NA,NA,NA,NA,Touba,DHS 2011-12,2011,Medium,High (20-50%),27.5%,[16.2%–41.2%],24%
Independent,CIV,98,1,0.29854100151875,0.298075125,0.021045930080253156,0.25898373799999996,0.341002441,0.08201870300000003,0.07049594519073574,0.15521946171960013,-0.21465435224999999,0.52347007625,NA,NA,NA,NA,Dianra,DHS 2011-12,2011,High,High (20-50%),29.9%,[25.9%–34.1%],7%
Independent,CIV,99,1,0.135585874424375,0.13528468999999999,0.011609183777396349,0.11394941875,0.1595552805,0.045605861750000004,0.08562236904605826,-0.163540512331415,-0.7777122745,0.4467799139999995,NA,NA,NA,NA,Kounahiri,DHS 2011-12,2011,High,Moderate (5-20%),13.6%,[11.4%–16.0%],9%
Independent,CIV,100,1,0.121835803426875,0.11697134000000001,0.03695540767683505,0.06349787309999999,0.2060899335,0.1425920604,0.3033214099418274,-0.4950354233030175,-1.0062640925,0.01136741347499962,NA,NA,NA,NA,Mankono,DHS 2011-12,2011,Medium,Moderate (5-20%),12.2%,[6.3%–20.6%],30%
Independent,CIV,101,1,0.131034081815125,0.130379875,0.013915802481840378,0.10552426575,0.15998373550000003,0.05445946975000003,0.10619987020990523,-0.718506427214975,-1.1975850975000002,-0.23766608525000005,NA,NA,NA,NA,Kani,DHS 2011-12,2011,High,Moderate (5-20%),13.1%,[10.6%–16.0%],11%
Independent,CIV,102,1,0.18933329662125,0.188552015,0.01952704608126722,0.15367846525,0.22853967175,0.0748612065,0.10313582676548391,-0.1939775672025348,-0.64042023675,0.2564676884999999,NA,NA,NA,NA,Séguéla,DHS 2011-12,2011,High,Moderate (5-20%),18.9%,[15.4%–22.9%],10%
Independent,CIV,103,1,0.1610800200175,0.16071217999999998,0.013276815754125745,0.13607380925,0.18807775399999999,0.052003944749999975,0.08242372798738994,0.022260219165427874,-0.5138968322499999,0.5562900254999998,NA,NA,NA,NA,Attiégoukaro,DHS 2011-12,2011,High,Moderate (5-20%),16.1%,[13.6%–18.8%],8%
Independent,CIV,104,1,0.0565232884892,0.0515359215,0.026519103020387628,0.021239389450000003,0.1230142625,0.10177487304999999,0.46917126956360083,-0.49200741926539615,-1.147898825,0.16541486749999942,NA,NA,NA,NA,Yamoussoukro,DHS 2011-12,2011,Low,Moderate (5-20%),5.7%,[2.1%–12.3%],47%
Independent,CIV,105,1,0.26508109017125,0.261794685,0.05260404860886535,0.17043899775000002,0.3758340352499999,0.2053950374999999,0.19844511947224008,0.6239526293450607,0.10542739700000003,1.1443507075,NA,NA,NA,NA,Bouna,DHS 2011-12,2011,Medium,High (20-50%),26.5%,[17.0%–37.6%],20%
Independent,CIV,106,1,0.203934240779375,0.180382325,0.11586237717361947,0.04820232795,0.487663584,0.43946125604999997,0.5681359674119878,0.24586562320218663,-0.7282222030000001,1.2298577874999999,NA,NA,NA,NA,Doropo,DHS 2011-12,2011,Low,High (20-50%),20.4%,[4.8%–48.8%],57%
Independent,CIV,107,1,0.16812126977375,0.167620725,0.013533172939660927,0.14294415700000002,0.19639047925,0.053446322249999983,0.08049649492817453,0.30134165104531124,0.01747297595000001,0.5932412407499998,NA,NA,NA,NA,Nassian,DHS 2011-12,2011,High,Moderate (5-20%),16.8%,[14.3%–19.6%],8%
Independent,CIV,108,1,0.219814884995625,0.19602555,0.12180655476161327,0.05434138565,0.5227316187499998,0.46839023309999983,0.5541324226702737,0.09471823745543,-0.9640325215000001,1.1864766374999998,NA,NA,NA,NA,Tehini,DHS 2011-12,2011,Low,High (20-50%),22.0%,[5.4%–52.3%],55%
Independent,CIV,109,1,0.199511975918,0.188581685,0.0776901525151618,0.080696642425,0.38025626125,0.299559618825,0.389400947776151,0.0769858827240475,-0.565756073,0.72347180075,NA,NA,NA,NA,Bondoukou,DHS 2011-12,2011,Low,Moderate (5-20%),20.0%,[8.1%–38.0%],39%
Independent,CIV,110,1,0.256815367400625,0.24844887999999998,0.08220742973807156,0.12290070225000001,0.4417727165,0.31887201425,0.32010323435914256,-0.06889844738206675,-0.69146213675,0.55758499975,NA,NA,NA,NA,Koun-Fao,DHS 2011-12,2011,Medium,High (20-50%),25.7%,[12.3%–44.2%],32%
Independent,CIV,111,1,0.3189741195125,0.313186715,0.07748614723325754,0.18489443075,0.4861374817499998,0.3012430509999998,0.24292299121848038,0.3365840850035046,-0.434876097,1.103232464999998,NA,NA,NA,NA,Sandégué,DHS 2011-12,2011,Medium,High (20-50%),31.9%,[18.5%–48.6%],24%
Independent,CIV,112,1,0.183557572077,0.17757673,0.05176210091576633,0.09959337437499999,0.29952355574999995,0.19993018137499996,0.2819938198684215,0.19840073643251238,-0.32051172549999996,0.7302416157499999,NA,NA,NA,NA,Tanda,DHS 2011-12,2011,Medium,Moderate (5-20%),18.4%,[10.0%–30.0%],28%
Independent,CIV,113,1,0.220718347995875,0.21432601,0.06103412248481985,0.1193912455,0.35497559499999987,0.23558434949999985,0.27652491530047385,0.1296877922494705,-0.38389983525,0.6440246012499997,NA,NA,NA,NA,Transua,DHS 2011-12,2011,Medium,High (20-50%),22.1%,[11.9%–35.5%],28%
Independent,CIV,1,2,0.01935202084515,0.0186033925,0.005481905524440862,0.010841608649999999,0.031994242274999994,0.021152633624999993,0.2832730270551944,0.5948643489995937,-0.26143466049999997,1.4708629275,0.77720258555325,-0.0232011093831,-0.5208259023659029,0.98825,Abidjan,DHS 2021,2021,Medium,Low (1-5%),1.9%,[1.1%–3.2%],28%
Independent,CIV,2,2,0.30547086496375,0.304525665,0.032593469243323965,0.24431055349999997,0.37242129574999994,0.12811074224999996,0.10669910941323917,0.429163308574635,0.06992074352500001,0.79035990675,0.77720258555325,-0.1018877809125,-0.24127096012675378,0.969,Fresco,DHS 2021,2021,High,High (20-50%),30.5%,[24.4%–37.2%],11%
Independent,CIV,3,2,0.48870499836,0.48823777,0.05922703069935965,0.37447191325,0.60535343775,0.23088152449999993,0.12119178420133654,0.08898358698961854,-0.29814294,0.47293042249999995,0.77720258555325,0.3118087319175,1.7919484535480175,0,Sassandra,DHS 2021,2021,High,High (20-50%),48.9%,[37.4%–60.5%],12%
Independent,CIV,4,2,0.46420700819375,0.462842475,0.06567966398141337,0.33857644649999996,0.5942295345,0.2556530880000001,0.1414878767922437,0.83879834506875,0.47544444825000004,1.2069131149999999,0.77720258555325,0.11312086283125,0.3290258562313731,0.050875,Buyo,DHS 2021,2021,High,High (20-50%),46.4%,[33.9%–59.4%],14%
Independent,CIV,5,2,0.373178644791625,0.36818589,0.103677199487438,0.1884679645,0.5887989327499996,0.4003309682499996,0.277821898263576,0.0703243935730575,-0.77282779925,0.9093306409999998,0.77720258555325,0.117274380700375,0.9191509297364894,0.220375,Guéyo,DHS 2021,2021,Medium,High (20-50%),37.3%,[18.8%–58.9%],28%
Independent,CIV,6,2,0.301422219208,0.29451376500000004,0.08295278827011122,0.15745806925,0.47951813175,0.3220600625,0.2752046232294132,-0.48377670006708123,-1.2753658749999999,0.2880760592499992,0.77720258555325,0.13853023091225,1.412275325652655,0.106,Méagui,DHS 2021,2021,Medium,High (20-50%),30.1%,[15.7%–48.0%],28%
Independent,CIV,7,2,0.55155443212625,0.551702535,0.024570926070029604,0.5024832415,0.5991577739999999,0.09667453249999991,0.044548506255870965,0.14563912608859286,-0.18012456825,0.48659697225,0.77720258555325,0.3827776199025,2.290389004166155,0,Oupoyo,DHS 2021,2021,High,Very high (≥50%),55.2%,[50.2%–59.9%],4%
Independent,CIV,8,2,0.3638652117775,0.360398745,0.06460179167657482,0.24518101875,0.499602862,0.25442184324999995,0.17754319342866495,-0.14151946322556713,-0.61372008375,0.3374881877499999,0.77720258555325,0.2012314008875,1.409682034196651,0.005,Soubré,DHS 2021,2021,Medium,High (20-50%),36.4%,[24.5%–50.0%],18%
Independent,CIV,9,2,0.30175477253125,0.296860185,0.07116567964272147,0.17788687450000001,0.4534010924999998,0.2755142179999998,0.23583945017920632,-0.3112577018465387,-0.913488883,0.29625035724999993,0.77720258555325,0.12301502434375,0.8689619373747365,0.08025,San-Pedro,DHS 2021,2021,Medium,High (20-50%),30.2%,[17.8%–45.3%],24%
Independent,CIV,10,2,0.39616460681375,0.39598064499999996,0.03639929691856694,0.32602881775000003,0.4687972142499999,0.1427683964999999,0.09187922467712883,0.20711508850337776,-0.42113203925,0.8359698807499997,0.77720258555325,0.028205618705,0.11008923719296664,0.34325,Tabou,DHS 2021,2021,High,High (20-50%),39.6%,[32.6%–46.9%],9%
Independent,CIV,11,2,0.168737234195375,0.165085445,0.037627962649639225,0.10505421625,0.25193118825,0.146876972,0.22299738898215618,-0.12197765326084326,-0.5606715312499999,0.3153956222499999,0.77720258555325,-0.00765703465275,-0.014389774239837923,0.575375,Abengourou,DHS 2021,2021,Medium,Moderate (5-20%),16.9%,[10.5%–25.2%],22%
Independent,CIV,12,2,0.30087703122875,0.29648578999999997,0.0703501734639597,0.1775873275,0.4510203909999999,0.2734330634999999,0.23381702875974625,0.16422138472209813,-0.32761626425000007,0.6514997267499997,0.77720258555325,0.14101224808625001,0.9070859759752348,0.01275,Agnibilékrou,DHS 2021,2021,Medium,High (20-50%),30.1%,[17.8%–45.1%],23%
Independent,CIV,13,2,0.092098464002125,0.09177672449999999,0.008471148416046062,0.076874617825,0.10958526499999999,0.03271064717499998,0.09197925837124282,0.042239616762246586,-0.395447764,0.48774136149999986,0.77720258555325,-0.247470309381625,-0.7259793397245556,1,Bettié,DHS 2021,2021,High,Moderate (5-20%),9.2%,[7.7%–11.0%],9%
Independent,CIV,14,2,0.12618818157275,0.12022413000000001,0.04134751585433459,0.06197001445,0.22014602099999991,0.15817600654999991,0.3276655177925432,-0.30836358936386965,-1.127553735,0.5140025069999996,0.77720258555325,-0.029135213441,0.15540809918741624,0.560625,Aboisso,DHS 2021,2021,Medium,Moderate (5-20%),12.6%,[6.2%–22.0%],33%
Independent,CIV,15,2,0.1563506640958,0.135508135,0.09415343361901425,0.035669315075000006,0.398727033,0.363057717925,0.602194011541416,-0.06233822980880663,-1.0878684674999999,0.9655768289999996,0.77720258555325,-0.00665988754895,0.3432732609444429,0.522,Adiake,DHS 2021,2021,Low,Moderate (5-20%),15.6%,[3.6%–39.9%],60%
Independent,CIV,16,2,0.10169583820875,0.10138664,0.00908149272792463,0.084956439425,0.12045755274999997,0.03550111332499997,0.08930053469133263,-0.17856741561057876,-0.6990073262500001,0.330663363,0.77720258555325,-0.06418226294375,-0.38287232805383864,1,Ayame,DHS 2021,2021,High,Moderate (5-20%),10.2%,[8.5%–12.0%],9%
Independent,CIV,17,2,0.158007859436875,0.153193835,0.04364547313973468,0.08711768725,0.2543789145,0.16726122724999998,0.27622343151336265,-0.277264798554725,-0.76575874125,0.21255711699999927,0.77720258555325,0.073479626463,0.8835519708234009,0.023875,Bonoua,DHS 2021,2021,Medium,Moderate (5-20%),15.8%,[8.7%–25.4%],28%
Independent,CIV,18,2,0.02026001295494,0.013731657500000001,0.021491725991834184,0.0021922889075000006,0.07895021304999979,0.07675792414249978,1.060795273904001,-0.03802214111575687,-1.0662851775000002,0.98652373975,0.77720258555325,-0.033206129066935,-0.45497598291426333,0.866875,Grand-Bassam,DHS 2021,2021,Low,Low (1-5%),2.0%,[0.2%–7.9%],106%
Independent,CIV,19,2,0.143694914243,0.13535784,0.05292778852227591,0.0640157392,0.26877982874999995,0.20476408954999994,0.3683344591637436,-0.23424136312183164,-1.1116323049999999,0.6412985557499996,0.77720258555325,0.00581642442435,0.5168541998547505,0.41725,Mafere,DHS 2021,2021,Low,Moderate (5-20%),14.4%,[6.4%–26.9%],37%
Independent,CIV,20,2,0.24827050691,0.22593572,0.1301934803224034,0.064045919975,0.5511655894999996,0.48711966952499963,0.5244017178794401,0.066721342845081,-0.7931923985,0.9628431489999987,0.77720258555325,0.043655942719375,0.3280158739083441,0.415625,Tiapoum,DHS 2021,2021,Low,High (20-50%),24.8%,[6.4%–55.1%],52%
Independent,CIV,21,2,0.3898154275625,0.38792929,0.056533219306020004,0.2835871725,0.50463988375,0.22105271125000003,0.14502560778448387,0.042903624258458124,-0.7047013744999999,0.8147377682499993,0.77720258555325,0.182952368302625,1.580644932875649,0.07975,Kaniasso,DHS 2021,2021,High,High (20-50%),39.0%,[28.4%–50.5%],15%
Independent,CIV,22,2,0.32386668696112497,0.31520549,0.10250489629042213,0.14970241575,0.543692426,0.39399001025,0.3165033651723686,-0.98889544923325,-1.59497329,-0.4035332945,0.77720258555325,0.274312119803875,5.847271985353889,0,Minignan,DHS 2021,2021,Medium,High (20-50%),32.4%,[15.0%–54.4%],32%
Independent,CIV,23,2,0.2372107712365,0.21437586,0.12780413594080492,0.05602449905000001,0.546449047,0.49042454794999996,0.5387788053409418,-0.13469317978220374,-1.2430032249999998,0.9432182042499995,0.77720258555325,0.066262802345175,0.9371434837479208,0.320125,Gbeleban,DHS 2021,2021,Low,High (20-50%),23.7%,[5.6%–54.6%],54%
Independent,CIV,24,2,0.38659503265375,0.38330164,0.072103189776974,0.25341959025,0.53439817225,0.280978582,0.18650831926635877,0.02217342296624175,-0.7730817409999999,0.81076453775,0.77720258555325,0.1669347787995,1.431031031111274,0.1105,Madinani,DHS 2021,2021,Medium,High (20-50%),38.7%,[25.3%–53.4%],19%
Independent,CIV,25,2,0.228270207015,0.226355715,0.041433986988558026,0.15456831149999997,0.31345538199999995,0.15888707049999998,0.18151289881572383,-0.7493600600691875,-1.2701722725,-0.2387012752500002,0.77720258555325,0.1402842735865,1.9406459091440518,0.00575,Odienné,DHS 2021,2021,Medium,High (20-50%),22.8%,[15.5%–31.3%],18%
Independent,CIV,26,2,0.28744409276525,0.266519815,0.13680154832988425,0.07864028390000001,0.6056961392499999,0.5270558553499999,0.47592402061157474,-0.15028693061655662,-1.1973719425,0.8514916354999996,0.77720258555325,0.087453591934,0.9515651770722499,0.29125,Samatiguila,DHS 2021,2021,Low,High (20-50%),28.7%,[7.9%–60.6%],48%
Independent,CIV,27,2,0.31195762880075,0.29459188000000003,0.14116723241496934,0.09105932215000001,0.6193022559999999,0.5282429338499999,0.4525205328609997,-0.4781283602768181,-1.2266466425,0.2342786549999999,0.77720258555325,0.20502026983775,1.9383671733545087,0.045875,Seguelon,DHS 2021,2021,Low,High (20-50%),31.2%,[9.1%–61.9%],45%
Independent,CIV,28,2,0.204813196847625,0.201872135,0.04088973514627436,0.13270283175,0.29165315875000003,0.15895032700000003,0.19964404528432372,-0.17023461942999563,-0.63364383475,0.29273484175000003,0.77720258555325,0.01592006106025,0.15291549412960992,0.3885,Gagnoa,DHS 2021,2021,Medium,High (20-50%),20.5%,[13.3%–29.2%],20%
Independent,CIV,29,2,0.271371332936625,0.26316146500000004,0.08033160159695155,0.13766388400000001,0.44921343925,0.31154955525,0.2960209567003596,0.08822518133969875,-0.5770751625,0.7620745959999995,0.77720258555325,3.5825634087500037e-4,0.16495969991260528,0.48225,Oumé,DHS 2021,2021,Medium,High (20-50%),27.1%,[13.8%–44.9%],30%
Independent,CIV,30,2,0.205840456995375,0.20060327,0.05234396153888284,0.11925373525,0.32127367325,0.202019938,0.25429384632613283,-0.20680744144769336,-0.985201072,0.5910460569999999,0.77720258555325,-0.01644755702075,0.25928696687089114,0.491625,Divo,DHS 2021,2021,Medium,High (20-50%),20.6%,[11.9%–32.1%],25%
Independent,CIV,31,2,0.2360179209955,0.22409344,0.0841689256847809,0.101701306,0.4293128167499998,0.32761151074999983,0.35662090967399757,0.3518755804274338,-0.1700861745,0.8970078047499999,0.77720258555325,-0.2573029607795,-0.5203055820237232,0.992875,Guitry,DHS 2021,2021,Low,High (20-50%),23.6%,[10.2%–42.9%],36%
Independent,CIV,32,2,0.34985284262875,0.34886501999999997,0.04474024047216822,0.267147626,0.441773686,0.17462605999999997,0.12788302686351127,0.06631183670815584,-0.32671845425,0.4672837074999998,0.77720258555325,0.1819382172175,1.097347757719361,0,Lakota,DHS 2021,2021,High,High (20-50%),35.0%,[26.7%–44.2%],13%
Independent,CIV,33,2,0.446183955885,0.445886185,0.024448224950254074,0.39890442475,0.49467308449999997,0.09576865974999998,0.05479404767426328,0.268904456542711,-0.44414404825,0.972047758,0.77720258555325,0.198028120941625,1.392291389739576,0.078,Didievi,DHS 2021,2021,High,High (20-50%),44.6%,[39.9%–49.5%],5%
Independent,CIV,34,2,0.24357868529624999,0.24297658,0.023653094835409696,0.1993893755,0.29171634925,0.09232697375000001,0.09710658716562934,-0.2386554170129675,-0.9575592405,0.47408067074999954,0.77720258555325,-0.012167285484375,0.26252454515687534,0.479375,Djekanou,DHS 2021,2021,High,High (20-50%),24.4%,[19.9%–29.2%],10%
Independent,CIV,35,2,0.242120782994125,0.238107095,0.05606773641896586,0.14515199475,0.36223117474999994,0.21707917999999993,0.23156928424573256,-0.11869677462881162,-0.5383692145000001,0.28502077424999983,0.77720258555325,-0.052591104344625,-0.17462874178671947,0.81425,Tiebissou,DHS 2021,2021,Medium,High (20-50%),24.2%,[14.5%–36.2%],23%
Independent,CIV,36,2,0.21843000354725,0.21541568500000002,0.04233145772917819,0.14374610775,0.3097396885,0.16599358075,0.19379873205020207,-0.5516828315879737,-1.04955344,-0.03504331802500024,0.77720258555325,0.06980783664475,0.6558376537983314,0.139125,Toumodi,DHS 2021,2021,Medium,High (20-50%),21.8%,[14.4%–31.0%],19%
Independent,CIV,37,2,0.263224108947625,0.25157554,0.10068348850189701,0.104270687,0.49207790249999994,0.38780721549999997,0.3825010136967754,0.14442930292673106,-0.59420393825,0.8756622855,0.77720258555325,-0.043035420286750004,-0.026578775553428084,0.618125,Daoukro,DHS 2021,2021,Low,High (20-50%),26.3%,[10.4%–49.2%],38%
Independent,CIV,38,2,0.37263190804375,0.36856749,0.07838431625887686,0.22934064699999998,0.53397266525,0.30463201824999997,0.21035320531293283,0.6607614540487422,0.04024844847500001,1.2974952499999999,0.77720258555325,-0.08865139598999999,-0.12771220683864212,0.72625,M'Bahiakro,DHS 2021,2021,Medium,High (20-50%),37.3%,[22.9%–53.4%],21%
Independent,CIV,39,2,0.411166533652,0.40412057,0.12520259186547011,0.187282731,0.6637422812499999,0.47645955024999986,0.3045057941691289,0.26183410212421815,-0.6118671892499999,1.1544046925,0.77720258555325,0.1836935803795,1.3933634767889453,0.132875,Prikro,DHS 2021,2021,Medium,High (20-50%),41.1%,[18.7%–66.4%],30%
Independent,CIV,40,2,0.24750722676925,0.235213075,0.09380208051099997,0.0989690121,0.4555481219999999,0.35657910989999986,0.3789872390209086,-0.12451846715910425,-1.0166826225,0.73967346275,0.77720258555325,0.015850374746125,0.4148293435718511,0.428125,Arrah,DHS 2021,2021,Low,High (20-50%),24.8%,[9.9%–45.6%],38%
Independent,CIV,41,2,0.38287043147375,0.38001794,0.05969173553594862,0.273219353,0.504887208,0.23166785499999998,0.15590583818703993,0.22044356075113175,-0.27931636175,0.7246238607499997,0.77720258555325,0.207267718413625,1.44235714074128,0.01125,Bongouanou,DHS 2021,2021,High,High (20-50%),38.3%,[27.3%–50.5%],16%
Independent,CIV,42,2,0.40191740935375,0.39907041499999996,0.07551668004832644,0.25989333575,0.5533390205,0.29344568474999994,0.18789104002673343,0.280793541708121,-0.46254989075,1.0568617349999998,0.77720258555325,0.177086015625875,1.4247326830865057,0.10625,M’Batto,DHS 2021,2021,Medium,High (20-50%),40.2%,[26.0%–55.3%],19%
Independent,CIV,43,2,0.3866368024575,0.3844128,0.07254534047754276,0.251881452,0.5385180430000001,0.28663659100000005,0.1876317515984969,0.1949975621740125,-0.54693197775,0.9432622569999998,0.77720258555325,0.150493890338875,1.1610592864006664,0.131625,Bocanda,DHS 2021,2021,Medium,High (20-50%),38.7%,[25.2%–53.9%],19%
Independent,CIV,44,2,0.113923451624625,0.11152553000000001,0.02690891633276909,0.06922637675,0.17352658624999995,0.10430020949999995,0.2362017297494928,-0.6535745842455087,-1.415894785,0.07676809324999989,0.77720258555325,-0.121953283131125,-0.35218587067282425,0.85275,Dimbokro,DHS 2021,2021,Medium,Moderate (5-20%),11.4%,[6.9%–17.4%],24%
Independent,CIV,45,2,0.50937370264125,0.509268565,0.02458670221345193,0.4610308045,0.5568334912499999,0.09580268674999992,0.04826849538160837,0.019401391512465775,-0.32353070175,0.3585157922499997,0.77720258555325,0.364015978515,2.528427836960129,0,Kouassi-Kouassikro,DHS 2021,2021,High,Very high (≥50%),50.9%,[46.1%–55.7%],5%
Independent,CIV,46,2,0.276251638295875,0.27185074,0.066121039431897,0.1596689825,0.41860193224999986,0.25893294974999986,0.23935075947343012,-0.4265541912833125,-0.9612759059999999,0.11322354199999962,0.77720258555325,0.173663148116875,2.014139733988654,0.007125,Agboville,DHS 2021,2021,Medium,High (20-50%),27.6%,[16.0%–41.9%],24%
Independent,CIV,47,2,0.161413870865,0.15410094000000002,0.053889349020658235,0.076995959675,0.28391240074999985,0.20691644107499985,0.3338582287375358,-0.3990975629182901,-1.2024107124999999,0.3689485797499984,0.77720258555325,-0.043783985631875,0.06930871580613816,0.601375,Sikensi,DHS 2021,2021,Low,Moderate (5-20%),16.1%,[7.7%–28.4%],33%
Independent,CIV,48,2,0.62079489878625,0.62107806,0.025328998430701417,0.57092906175,0.6688315487500001,0.09790248700000004,0.04080091263672354,0.85032450757125,0.544799341,1.1584401599999994,0.77720258555325,0.32205061661,1.087729923630476,0,Taabo,DHS 2021,2021,High,Very high (≥50%),62.1%,[57.1%–66.9%],4%
Independent,CIV,49,2,0.283366677651625,0.27512223,0.08426429514423783,0.14248950225,0.46489131024999997,0.32240180799999996,0.29736839858013775,-0.09498794784203775,-0.9061756289999999,0.6872274622499999,0.77720258555325,0.044038261257,0.5604750135089961,0.345,Tiassalé,DHS 2021,2021,Medium,High (20-50%),28.3%,[14.2%–46.5%],30%
Independent,CIV,50,2,0.1521061879945,0.141378175,0.06507683706634233,0.05595248565,0.3062514215,0.25029893585,0.42783819596277994,-0.43513662859499774,-1.31641798,0.4091310774999998,0.77720258555325,-0.053827278610875,0.00541038484417973,0.6455,Dabou,DHS 2021,2021,Low,Moderate (5-20%),15.2%,[5.6%–30.6%],43%
Independent,CIV,51,2,0.3093381400475,0.306215445,0.06365388917973307,0.19526016999999998,0.43939511724999997,0.24413494724999998,0.2057744614678254,-0.1698185351864425,-0.66748179325,0.3319358602499995,0.77720258555325,0.10821486834375,0.5472025158899821,0.041625,Grand-Lahou,DHS 2021,2021,Medium,High (20-50%),30.9%,[19.5%–43.9%],21%
Independent,CIV,52,2,0.27089243822,0.26829447500000003,0.05489817597293093,0.17285946500000002,0.38640607275,0.21354660774999998,0.2026567309654707,-0.12650152551888338,-0.91049617,0.6374550699999997,0.77720258555325,0.049201907885,0.6714359042013403,0.306,Jacqueville,DHS 2021,2021,Medium,High (20-50%),27.1%,[17.3%–38.6%],20%
Independent,CIV,53,2,0.190319746240875,0.177082875,0.08034645974197775,0.07033036465,0.3799268899999999,0.30959652534999993,0.4221656519039732,-0.176892131418845,-1.0834498275,0.7068993904999998,0.77720258555325,0.005955001143125,0.41516405815678353,0.44775,Adzope,DHS 2021,2021,Low,Moderate (5-20%),19.0%,[7.0%–38.0%],42%
Independent,CIV,54,2,0.4116019926375,0.41078997,0.06163959560111906,0.29653252925,0.5367690825,0.24023655324999998,0.14975533817545283,0.681619066446325,0.3103037945,1.0537956025,0.77720258555325,0.08328511833875,0.27387426868911,0.131,Akoupe,DHS 2021,2021,High,High (20-50%),41.2%,[29.7%–53.7%],15%
Independent,CIV,55,2,0.27461139091375,0.2741128,0.01987355813080054,0.23736015900000001,0.314150018,0.07678985899999996,0.07236975154116033,-0.3009423098909411,-0.74051785275,0.13968423874999958,0.77720258555325,0.171476171427125,1.8929122962251235,0,Alépé,DHS 2021,2021,High,High (20-50%),27.5%,[23.7%–31.4%],7%
Independent,CIV,56,2,0.231659622758375,0.22505169,0.0691844562573965,0.117016855,0.3856576144999999,0.2686407594999999,0.2986470211494607,-0.0982247411442425,-0.89105868875,0.6858307987499996,0.77720258555325,0.04492474979525,0.6827511984195866,0.31525,Yakasse-Attobrou,DHS 2021,2021,Medium,High (20-50%),23.2%,[11.7%–38.6%],30%
Independent,CIV,57,2,0.36052406401625,0.35936747999999996,0.04910889155159781,0.26923731850000004,0.459716023,0.19047870449999993,0.13621529449247613,0.1167214573955145,-0.22446810825,0.4572449399999996,0.77720258555325,0.0747635535925,0.26869013222726035,0.075375,Blolequin,DHS 2021,2021,High,High (20-50%),36.1%,[26.9%–46.0%],14%
Independent,CIV,58,2,0.30906447815375,0.306923385,0.05173262825785003,0.21598109675000002,0.41691471874999997,0.20093362199999995,0.16738458125917224,0.1060111600710385,-0.5145712249999999,0.7233998237499999,0.77720258555325,-0.0261057986,0.06304000328824573,0.549875,Guiglo,DHS 2021,2021,Medium,High (20-50%),30.9%,[21.6%–41.7%],17%
Independent,CIV,59,2,0.145343884977,0.142729195,0.031120985038318293,0.09228777637499999,0.21281175074999997,0.12052397437499998,0.21411967241169486,-0.2615393501352045,-1.0504358125,0.5104265514999996,0.77720258555325,-0.024665542243875,0.2674946232204245,0.509625,Taï,DHS 2021,2021,Medium,Moderate (5-20%),14.5%,[9.2%–21.3%],21%
Independent,CIV,60,2,0.22471100088,0.22436747499999998,0.017439252761242304,0.1917173855,0.26039771425,0.06868032875000002,0.07760747223299139,-0.0192583844222565,-0.39205844599999995,0.3558189467499999,0.77720258555325,-0.0380924972175,-0.14015903924544965,0.924875,Toulepleu,DHS 2021,2021,High,High (20-50%),22.5%,[19.2%–26.0%],8%
Independent,CIV,61,2,0.50359031901125,0.50409623,0.07625596307488,0.3562673915,0.65222251375,0.29595512225,0.15142460090297424,0.6246502471633625,0.19652378875,1.0537257424999997,0.77720258555325,0.16362526236125,0.4871738228093017,0.01725,Bangolo,DHS 2021,2021,High,Very high (≥50%),50.4%,[35.6%–65.2%],15%
Independent,CIV,62,2,0.270632830402625,0.2645981,0.07044404145632215,0.15055708825,0.42228316674999994,0.27172607849999997,0.2602937764480435,0.1864181720339085,-0.27771705750000003,0.6525512152499999,0.77720258555325,-0.119133838718625,-0.29603269270924304,0.914625,Duékoué,DHS 2021,2021,Medium,High (20-50%),27.1%,[15.1%–42.2%],26%
Independent,CIV,63,2,0.42117944688375,0.41791397,0.09614973735921038,0.24213887275,0.6153370107499999,0.3731981379999999,0.2282868693394451,0.208538262894404,-0.28111071874999993,0.7057199467499998,0.77720258555325,0.05091359714125,0.14199257943637908,0.317375,Facobly,DHS 2021,2021,Medium,High (20-50%),42.1%,[24.2%–61.5%],23%
Independent,CIV,64,2,0.532811848635,0.535353855,0.12033082793268166,0.29826650975,0.7611484722499999,0.4628819624999999,0.22584112617043858,0.47465745903067474,-0.3629723915,1.3629167924999996,0.77720258555325,0.248746812172625,1.4189109468302166,0.080625,Kouibly,DHS 2021,2021,Medium,Very high (≥50%),53.3%,[29.8%–76.1%],23%
Independent,CIV,65,2,0.50227353438375,0.50112611,0.10027541125272763,0.30676345024999996,0.6950418307499998,0.38827838049999985,0.19964303191040644,0.29030444546342116,-0.52260062975,1.1308616074999989,0.77720258555325,0.2208073249235,1.3638675973471717,0.099875,Biankouma,DHS 2021,2021,Medium,Very high (≥50%),50.2%,[30.7%–69.5%],20%
Independent,CIV,66,2,0.43531152602875,0.435144065,0.028748054480606442,0.379426338,0.49145889874999993,0.11203256074999995,0.06604018676663247,0.12529896110670424,-0.5251906822500001,0.7890212707499997,0.77720258555325,0.16712623679425,0.9115011768596976,0.074625,Danané,DHS 2021,2021,High,High (20-50%),43.5%,[37.9%–49.1%],7%
Independent,CIV,67,2,0.2904719934925,0.287044695,0.06105538204804531,0.18173127025,0.4203392894999999,0.2386080192499999,0.21019369652111317,0.09161096331272325,-0.47781565875,0.6596273314999999,0.77720258555325,0.0030041259275000003,0.06793551028043844,0.4855,Man,DHS 2021,2021,Medium,High (20-50%),29.0%,[18.2%–42.0%],21%
Independent,CIV,68,2,0.63785905245,0.63789885,0.022961849020369095,0.592118227,0.68220458325,0.09008635624999994,0.03599831174641675,0.49117291511936373,-0.30869980375,1.28223443,0.77720258555325,0.312960413060625,1.5786123448319542,0.036375,Sipilou,DHS 2021,2021,High,Very high (≥50%),63.8%,[59.2%–68.2%],4%
Independent,CIV,69,2,0.45458171914,0.453960205,0.03646780460016461,0.384337336,0.52768650975,0.14334917375,0.0802227697786796,0.17511817131103294,-0.46489996525,0.8384305104999998,0.77720258555325,0.24692891050575,1.7485999844422546,0.020125,Zouan-Hounien,DHS 2021,2021,High,High (20-50%),45.5%,[38.4%–52.8%],8%
Independent,CIV,70,2,0.25250828676875,0.24942455,0.04805071652906053,0.16694495299999998,0.35548580599999996,0.18854085299999998,0.19029362221710347,0.16160493855602762,-0.29121762275,0.6143517304999996,0.77720258555325,-0.023932136822500002,-0.05214618220668884,0.6295,Daloa,DHS 2021,2021,Medium,High (20-50%),25.3%,[16.7%–35.5%],19%
Independent,CIV,71,2,0.395320531595,0.394292485,0.04386693438104672,0.31107778799999997,0.4840741915,0.1729964035,0.11096548465129491,0.5364521764805374,0.164880748,0.9049154082499997,0.77720258555325,-0.0014574386512499996,0.01950885249080883,0.502375,Issia,DHS 2021,2021,High,High (20-50%),39.5%,[31.1%–48.4%],11%
Independent,CIV,72,2,0.527530622505,0.5284116249999999,0.05611437234602757,0.41744240725000004,0.6363953407499999,0.2189529334999999,0.10637178194427131,0.4221108322766787,0.08235955922500002,0.7624935552500001,0.77720258555325,0.28796570846625,1.250571913825261,0,Vavoua,DHS 2021,2021,High,Very high (≥50%),52.8%,[41.7%–63.6%],11%
Independent,CIV,73,2,0.510326021465,0.5105242999999999,0.05218112185829944,0.4069756885,0.6114954722499999,0.2045197837499999,0.1022505607464467,0.92931914347375,0.62517908775,1.2329703349999999,0.77720258555325,0.05422217820125,0.12208593729414224,0.17625,Zoukougbeu,DHS 2021,2021,High,Very high (≥50%),51.0%,[40.7%–61.1%],10%
Independent,CIV,74,2,0.3517640377875,0.34693491499999995,0.08746599092347435,0.1981982985,0.5330077637499999,0.3348094652499999,0.24864961032859303,-0.0916547494446295,-0.72795418125,0.536527935,0.77720258555325,0.178704441874,1.3343406600807861,0.044375,Bouaflé,DHS 2021,2021,Medium,High (20-50%),35.2%,[19.8%–53.3%],25%
Independent,CIV,75,2,0.36649476334375,0.36422484499999996,0.07383153167214894,0.23366094299999998,0.5192438779999998,0.28558293499999987,0.20145316947652925,-0.10930615697567732,-0.62998223025,0.3948047544999999,0.77720258555325,0.201585371406625,1.3731218206942224,0.00875,Sinfra,DHS 2021,2021,Medium,High (20-50%),36.6%,[23.4%–51.9%],20%
Independent,CIV,76,2,0.58364442817,0.583710985,0.026963710007883977,0.5295340390000001,0.6356022295,0.10606819049999994,0.04619886476502123,0.7337554736100438,0.16055888475,1.3129555224999998,0.77720258555325,0.339001476036,1.8040922484123165,0.0025,Zuénoula,DHS 2021,2021,High,Very high (≥50%),58.4%,[53.0%–63.6%],5%
Independent,CIV,77,2,0.18149278189825,0.177115015,0.04399685708897398,0.108102148,0.27839425775,0.17029210974999998,0.24241656681222656,-0.7566588474963625,-1.3275220925000002,-0.20622825250000026,0.77720258555325,0.078782881166375,1.0174022274604453,0.078,Boundiali,DHS 2021,2021,Medium,Moderate (5-20%),18.1%,[10.8%–27.8%],24%
Independent,CIV,78,2,0.36122023281375,0.36089123,0.02261350381093307,0.31853133224999997,0.40659373625,0.08806240400000004,0.0626030929518638,0.19979297724990125,-0.3019471355,0.72364888225,0.77720258555325,0.159992851063625,1.0435476394449297,0.029375,Kouto,DHS 2021,2021,High,High (20-50%),36.1%,[31.9%–40.7%],6%
Independent,CIV,79,2,0.184946720076,0.17521688000000002,0.06887347459188024,0.07744940085,0.3472474332499999,0.2697980323999999,0.37239630182994393,-0.4336091066587762,-0.972913983,0.09368852494999987,0.77720258555325,0.065927012040875,0.5647562543112699,0.16375,Tengréla,DHS 2021,2021,Low,Moderate (5-20%),18.5%,[7.7%–34.7%],37%
Independent,CIV,80,2,0.159944889482875,0.15215841,0.05627649881805582,0.0744575034,0.28880592499999996,0.21434842159999995,0.3518493088463526,-0.38860904776696,-1.20203784,0.4187393987499988,0.77720258555325,-0.03731048693125,0.1041790866939235,0.580125,Dikodougou,DHS 2021,2021,Low,Moderate (5-20%),16.0%,[7.4%–28.9%],35%
Independent,CIV,81,2,0.139125280138125,0.136764955,0.028153754910433995,0.09089518307500001,0.2011169315,0.110221748425,0.2023626107525725,-0.4593339559544275,-0.9490578967499999,0.021492590949999897,0.77720258555325,0.04710697271225,0.6459388130846685,0.112,Korhogo,DHS 2021,2021,Medium,Moderate (5-20%),13.9%,[9.1%–20.1%],20%
Independent,CIV,82,2,0.31817116406975,0.305309355,0.11474481661475287,0.1306568045,0.5721922702499999,0.44153546574999986,0.3606386422548284,0.6717383459745212,0.063789921475,1.2709900925,0.77720258555325,-0.104003145794,-0.24413417744090407,0.813625,M'bengue,DHS 2021,2021,Low,High (20-50%),31.8%,[13.1%–57.2%],36%
Independent,CIV,83,2,0.1143964037307875,0.0954825475,0.07476199403493657,0.023999767875,0.30832739124999997,0.28432762337499995,0.6535344783291983,-0.07569706847794963,-1.0848677975,0.898669607,0.77720258555325,-0.0430403456426875,0.02139246798023895,0.660125,Sinematiali,DHS 2021,2021,Low,Moderate (5-20%),11.4%,[2.4%–30.8%],65%
Independent,CIV,84,2,0.349657236327,0.34537537,0.08680561670900887,0.19456993675,0.5287092214999999,0.3341392847499999,0.24825917410108486,-0.34529952242177464,-0.9583891059999999,0.25249711874999986,0.77720258555325,0.28893942951725,5.477881117678371,0,Ferkessedougou,DHS 2021,2021,Medium,High (20-50%),35.0%,[19.5%–52.9%],25%
Independent,CIV,85,2,0.27436712753375,0.272522135,0.03747741627660029,0.20661017625,0.35295151825,0.14634134199999999,0.13659586924089578,0.7152125889033125,0.23451683775,1.2008514425,0.77720258555325,-0.317069902335,-0.5353403268508786,1,Kong,DHS 2021,2021,High,High (20-50%),27.4%,[20.7%–35.3%],14%
Independent,CIV,86,2,0.162599544108375,0.15410111999999998,0.058560411960453224,0.073089132225,0.2986904809999999,0.22560134877499988,0.3601511448360633,-0.4991638200011025,-1.2614515925,0.22993319774999968,0.77720258555325,-4.381846307500001e-4,0.24434482836194915,0.47475,Ouangolodougou,DHS 2021,2021,Low,Moderate (5-20%),16.3%,[7.3%–29.9%],36%
Independent,CIV,87,2,0.41230671037,0.41031447,0.08428184060408545,0.25571904575,0.5809622987499999,0.32524325299999995,0.20441539874151393,0.19260404394621924,-0.47016246625,0.86732979625,0.77720258555325,0.234622502095375,1.8815864507716196,0.029,Béoumi,DHS 2021,2021,Medium,High (20-50%),41.2%,[25.6%–58.1%],20%
Independent,CIV,88,2,0.057949011659625,0.057655734,0.005441287167912133,0.047880707700000004,0.06933534354999998,0.02145463584999998,0.09389784246662586,-0.9953899512068655,-1.79498265,-0.21713361725000083,0.77720258555325,-0.1455786557885,-0.5780285623210648,0.94375,Botro,DHS 2021,2021,High,Moderate (5-20%),5.8%,[4.8%–6.9%],9%
Independent,CIV,89,2,0.073138194346375,0.0675086175,0.03337341722100999,0.026950159149999996,0.15609643724999991,0.12914627809999993,0.45630627771526466,-0.8619255365600625,-1.545275515,-0.19538327900000013,0.77720258555325,-0.032409986884375,-0.1945423323519015,0.744125,Bouaké,DHS 2021,2021,Low,Moderate (5-20%),7.3%,[2.7%–15.6%],46%
Independent,CIV,90,2,0.276608137227625,0.25265125,0.1374573688205066,0.074539085575,0.6018204574999996,0.5272813719249996,0.49693899173830475,0.6277242370544438,-0.08826959944999997,1.3698519699999998,0.77720258555325,-0.171591641822375,-0.38091933743173667,0.874875,Diabo,DHS 2021,2021,Low,High (20-50%),27.7%,[7.5%–60.2%],50%
Independent,CIV,91,2,0.15925426884575,0.152612405,0.05187148224918651,0.077333014175,0.27790893799999994,0.20057592382499995,0.3257148623088278,-0.374163249543162,-1.02325581,0.2714398144999997,0.77720258555325,-0.11701578766675,-0.3377931661196222,0.8615,Sakassou,DHS 2021,2021,Medium,Moderate (5-20%),15.9%,[7.7%–27.8%],33%
Independent,CIV,92,2,0.3430266001725,0.341044995,0.056145017495369445,0.23792775525,0.4579987177499999,0.22007096249999988,0.16367540437719827,0.03389980181165862,-0.60833294375,0.6659841084999999,0.77720258555325,0.14041794633325,1.0580070631561536,0.091375,Dabakala,DHS 2021,2021,Medium,High (20-50%),34.3%,[23.8%–45.8%],16%
Independent,CIV,93,2,0.442201532535,0.44052219,0.07751343994050412,0.29759139149999997,0.5952543349999997,0.2976629434999997,0.1752898491693241,0.26133776109576123,-0.18071346324999998,0.7016075542499999,0.77720258555325,0.258696738298125,1.4941121552311845,5e-4,Katiola,DHS 2021,2021,Medium,High (20-50%),44.2%,[29.8%–59.5%],18%
Independent,CIV,94,2,0.229777036679625,0.217414875,0.08903364003578267,0.092444501075,0.43272035024999966,0.34027584917499965,0.3874784065560087,-0.6853976665393375,-1.3634338275,-0.0199740610750004,0.77720258555325,0.149308533320625,2.278871535131251,0.0285,Niakarmadougou,DHS 2021,2021,Low,High (20-50%),23.0%,[9.2%–43.3%],39%
Independent,CIV,95,2,0.4496203207825,0.44766779999999995,0.09885614992529337,0.26344154175,0.6441960672499999,0.3807545254999999,0.21986584092384515,0.134652021564837,-0.39524822600000004,0.6528573387499997,0.77720258555325,0.13870625698125,0.4541652934615263,0.085,Koro,DHS 2021,2021,Medium,High (20-50%),45.0%,[26.3%–64.4%],22%
Independent,CIV,96,2,0.288064516985,0.287903315,0.020174673210727325,0.24944423125,0.32776275224999996,0.07831852099999995,0.07003525953798,-0.1745627076638725,-0.9343461744999999,0.5827119537499998,0.77720258555325,7.945025980000002e-4,0.3170718667916959,0.4435,Ouaninou,DHS 2021,2021,High,High (20-50%),28.8%,[24.9%–32.8%],7%
Independent,CIV,97,2,0.5559150654675,0.5559704000000001,0.04447182957029338,0.4684626975,0.6425360764999999,0.17407337899999986,0.07999752540056553,0.14466949642554713,-0.3807153505,0.6718890109999999,0.77720258555325,0.28135944547375,1.1460607259359055,0.001125,Touba,DHS 2021,2021,High,Very high (≥50%),55.6%,[46.8%–64.3%],8%
Independent,CIV,98,2,0.313303848935,0.31157066499999997,0.041931626125373364,0.2357519115,0.39965967874999997,0.16390776724999997,0.13383693263874571,0.15521946171960013,-0.21465435224999999,0.52347007625,0.77720258555325,0.01476284741625,0.0546745246964667,0.38725,Dianra,DHS 2021,2021,High,High (20-50%),31.3%,[23.6%–40.0%],13%
Independent,CIV,99,2,0.428186576994875,0.424344255,0.1304365147703915,0.19471211075,0.69745141075,0.5027393,0.304625417465977,-0.163540512331415,-0.7777122745,0.4467799139999995,0.77720258555325,0.2926007025705,2.181083051511792,0.00375,Kounahiri,DHS 2021,2021,Medium,High (20-50%),42.8%,[19.5%–69.7%],30%
Independent,CIV,100,2,0.29095743278125,0.28797671,0.057760071244783044,0.18772988075,0.41328442675,0.225554546,0.1985172562620481,-0.4950354233030175,-1.0062640925,0.01136741347499962,0.77720258555325,0.169121629354375,1.6211987693108791,0.00775,Mankono,DHS 2021,2021,Medium,High (20-50%),29.1%,[18.8%–41.3%],20%
Independent,CIV,101,2,0.30520788571875,0.29941506,0.07641152564172296,0.17107836950000002,0.47022907449999995,0.29915070499999996,0.25035894948054,-0.718506427214975,-1.1975850975000002,-0.23766608525000005,0.77720258555325,0.174173803903625,1.3556607114285568,0.002875,Kani,DHS 2021,2021,Medium,High (20-50%),30.5%,[17.1%–47.0%],25%
Independent,CIV,102,2,0.46338841678375,0.462513325,0.07180864124464191,0.32534186325,0.6044115114999999,0.27906964824999997,0.15496425599725971,-0.1939775672025348,-0.64042023675,0.2564676884999999,0.77720258555325,0.2740551201625,1.4736898508658782,0,Séguéla,DHS 2021,2021,High,High (20-50%),46.3%,[32.5%–60.4%],15%
Independent,CIV,103,2,0.31509091595,0.312601185,0.05949381594067656,0.20675458700000002,0.440836506,0.234081919,0.18881476084863488,0.022260219165427874,-0.5138968322499999,0.5562900254999998,0.77720258555325,0.1540108959325,0.9693576975060773,0.001875,Attiégoukaro,DHS 2021,2021,Medium,High (20-50%),31.5%,[20.7%–44.1%],19%
Independent,CIV,104,2,0.0549922821405,0.053232865000000004,0.01505183174253635,0.030927622850000003,0.08872804814999999,0.057800425299999986,0.27370807605475195,-0.49200741926539615,-1.147898825,0.16541486749999942,0.77720258555325,-0.0015310063487,0.19051651224679014,0.4725,Yamoussoukro,DHS 2021,2021,Medium,Moderate (5-20%),5.5%,[3.1%–8.9%],27%
Independent,CIV,105,2,0.56458270937625,0.5652333949999999,0.0700735935228453,0.42724537725,0.6976106205,0.27036524325,0.12411572717177698,0.6239526293450607,0.10542739700000003,1.1443507075,0.77720258555325,0.299501619205,1.216328659310721,6.25e-4,Bouna,DHS 2021,2021,High,Very high (≥50%),56.5%,[42.7%–69.8%],12%
Independent,CIV,106,2,0.311939527458625,0.29498444,0.12315668420565656,0.11625621825,0.5877703745,0.47151415625000004,0.3948094850595419,0.24586562320218663,-0.7282222030000001,1.2298577874999999,0.77720258555325,0.10800528667925,1.0992277751449726,0.223375,Doropo,DHS 2021,2021,Low,High (20-50%),31.2%,[11.6%–58.8%],39%
Independent,CIV,107,2,0.528510219465,0.5284894099999999,0.024647961113171978,0.479960944,0.57661498675,0.09665404275,0.04663667835623425,0.30134165104531124,0.01747297595000001,0.5932412407499998,0.77720258555325,0.36038894969125,2.163879501845046,0,Nassian,DHS 2021,2021,High,Very high (≥50%),52.9%,[48.0%–57.7%],5%
Independent,CIV,108,2,0.296942346958375,0.2746813,0.1478917762268605,0.07806964569999998,0.6375360947499997,0.5594664490499998,0.49804878873538294,0.09471823745543,-0.9640325215000001,1.1864766374999998,0.77720258555325,0.07712746196275,0.8063357607278707,0.326,Tehini,DHS 2021,2021,Low,High (20-50%),29.7%,[7.8%–63.8%],50%
Independent,CIV,109,2,0.3572379893395,0.351155255,0.08981559711281906,0.200354159,0.5431952094999999,0.3428410504999999,0.25141670201111527,0.0769858827240475,-0.565756073,0.72347180075,0.77720258555325,0.1577260134215,1.0932639072108892,0.089875,Bondoukou,DHS 2021,2021,Medium,High (20-50%),35.7%,[20.0%–54.3%],25%
Independent,CIV,110,2,0.23920564648625,0.231192575,0.07450875350077907,0.116048649,0.40465569225000003,0.28860704325000003,0.31148409159757007,-0.06889844738206675,-0.69146213675,0.55758499975,0.77720258555325,-0.017609720914375,0.030023848033339427,0.561125,Koun-Fao,DHS 2021,2021,Medium,High (20-50%),23.9%,[11.6%–40.5%],31%
Independent,CIV,111,2,0.3327895384235,0.31765507000000004,0.14114679528271626,0.10713770900000001,0.642025083,0.5348873740000001,0.4241323088200454,0.3365840850035046,-0.434876097,1.103232464999998,0.77720258555325,0.013815418911,0.1076344843561772,0.49125,Sandégué,DHS 2021,2021,Low,High (20-50%),33.3%,[10.7%–64.2%],42%
Independent,CIV,112,2,0.36925523430625,0.36517327499999996,0.08409349562700612,0.21921294424999999,0.5462245374999998,0.3270115932499998,0.22773812749059452,0.19840073643251238,-0.32051172549999996,0.7302416157499999,0.77720258555325,0.18569766222925,1.1785016487726163,0.02575,Tanda,DHS 2021,2021,Medium,High (20-50%),36.9%,[21.9%–54.6%],23%
Independent,CIV,113,2,0.28329344396625,0.27822219000000004,0.06267067201206374,0.1745297465,0.4163269635,0.24179721699999998,0.22122175202730765,0.1296877922494705,-0.38389983525,0.6440246012499997,0.77720258555325,0.062575095970375,0.38666261272111213,0.233625,Transua,DHS 2021,2021,Medium,High (20-50%),28.3%,[17.5%–41.6%],22%
Independent,BFA,1,1,0.8444167722075,0.845009235,0.013173056206859471,0.8160380567500001,0.86841466925,0.05237661249999992,0.015600183038077356,0.3073404099740125,-0.51585770025,1.1611782849999999,NA,NA,NA,NA,Bagassi,DHS 2010,2010,High,Very high (≥50%),84.4%,[81.6%–86.8%],2%
Independent,BFA,2,1,0.628404888268375,0.644793505,0.17785068042120028,0.25032020925,0.9114350042499999,0.6611147949999999,0.28301925039329895,-0.04090181791780325,-1.3252980575,1.243913885,NA,NA,NA,NA,Bana,DHS 2010,2010,Medium,Very high (≥50%),62.8%,[25.0%–91.1%],28%
Independent,BFA,3,1,0.77359085304875,0.800687105,0.1343963876255967,0.439987136,0.9544127937499999,0.5144256577499999,0.1737305800552522,0.049125425627425875,-1.1644430425,1.291932125,NA,NA,NA,NA,Boromo,DHS 2010,2010,Medium,Very high (≥50%),77.4%,[44.0%–95.4%],17%
Independent,BFA,4,1,0.82250792674625,0.829510135,0.058360654312950885,0.6861756772500001,0.9163224072499999,0.23014672999999986,0.07095451899633254,0.3703195009777763,-0.5560222069999999,1.270476724999999,NA,NA,NA,NA,Fara,DHS 2010,2010,High,Very high (≥50%),82.3%,[68.6%–91.6%],7%
Independent,BFA,5,1,0.667811005325,0.66819544,0.02239114000238842,0.62323183975,0.710434379,0.08720253924999999,0.03352915693788461,-0.25447638831022423,-1.0445702749999999,0.5361297949999999,NA,NA,NA,NA,Oury,DHS 2010,2010,High,Very high (≥50%),66.8%,[62.3%–71.0%],3%
Independent,BFA,6,1,0.72488569128875,0.753475025,0.15124504339196018,0.37622631075,0.939330137,0.56310382625,0.20864674970072408,-0.05239208227564088,-1.3304327275,1.2300739374999996,NA,NA,NA,NA,Pa,DHS 2010,2010,Medium,Very high (≥50%),72.5%,[37.6%–93.9%],21%
Independent,BFA,7,1,0.734550341064,0.7620923,0.1481811137058091,0.38743740900000007,0.94171331475,0.55427590575,0.20173037220453535,0.023639844371288,-1.293669195,1.3143696099999993,NA,NA,NA,NA,Pompoï,DHS 2010,2010,Medium,Very high (≥50%),73.5%,[38.7%–94.2%],20%
Independent,BFA,8,1,0.673149009735,0.69855044,0.16931459622533862,0.29757932375000007,0.9272857745,0.62970645075,0.2515261758937936,0.1319201255739525,-1.1890365125,1.4484714174999982,NA,NA,NA,NA,Poura,DHS 2010,2010,Medium,Very high (≥50%),67.3%,[29.8%–92.7%],25%
Independent,BFA,9,1,0.788701133385,0.789112705,0.01655515841871686,0.75474868725,0.8197818802500001,0.0650331930000001,0.02099040779574429,0.14697896771514163,-0.6727363192499999,0.97953082675,NA,NA,NA,NA,Siby,DHS 2010,2010,High,Very high (≥50%),78.9%,[75.5%–82.0%],2%
Independent,BFA,10,1,0.799126498005,0.79952375,0.016066819454774773,0.76551604175,0.8293898300000001,0.06387378825000012,0.02010547703634556,0.030181784104434874,-0.81157602475,0.87042111975,NA,NA,NA,NA,Yaho,DHS 2010,2010,High,Very high (≥50%),79.9%,[76.6%–82.9%],2%
Independent,BFA,11,1,0.83129879735125,0.831812665,0.013821655707047159,0.80310011875,0.8571757604999999,0.0540756417499999,0.01662657969804216,0.08790771224780587,-0.4642043585,0.6129915857499996,NA,NA,NA,NA,Balavé,DHS 2010,2010,High,Very high (≥50%),83.1%,[80.3%–85.7%],2%
Independent,BFA,12,1,0.739176955585,0.7499285250000001,0.09241429143470162,0.5287880145,0.8890705032499999,0.3602824887499999,0.1250232312255501,0.17020139130357287,-0.40607103549999995,0.74842485225,NA,NA,NA,NA,Kouka,DHS 2010,2010,High,Very high (≥50%),73.9%,[52.9%–88.9%],13%
Independent,BFA,13,1,0.75624328931625,0.78803568,0.1454735905033927,0.40471481325,0.94916973325,0.54445492,0.1923634795290828,-0.18889753971483614,-1.5188834274999998,1.0742620324999996,NA,NA,NA,NA,Sami,DHS 2010,2010,Medium,Very high (≥50%),75.6%,[40.5%–94.9%],19%
Independent,BFA,14,1,0.94583013040375,0.9460243749999999,0.005046173908223066,0.93530532225,0.95498622975,0.019680907500000067,0.005335179908118372,0.71605359238375,0.47279133300000004,0.9587702372499997,NA,NA,NA,NA,Sanaba,DHS 2010,2010,High,Very high (≥50%),94.6%,[93.5%–95.5%],1%
Independent,BFA,15,1,0.76456711013875,0.773187835,0.07530801893171465,0.5922845999999999,0.887897959,0.2956133590000001,0.09849759155615276,-0.3627729462304224,-1.0296276425,0.3046949342499999,NA,NA,NA,NA,Solenzo,DHS 2010,2010,High,Very high (≥50%),76.5%,[59.2%–88.8%],10%
Independent,BFA,16,1,0.70081631817125,0.701354375,0.02058293836054064,0.6598875877499999,0.740807599,0.08092001125000015,0.02936994734119624,-0.2826302933808875,-1.19474237,0.6309807467499994,NA,NA,NA,NA,Tansila,DHS 2010,2010,High,Very high (≥50%),70.1%,[66.0%–74.1%],3%
Independent,BFA,17,1,0.87607321062875,0.88265425,0.04425099231215639,0.773485546,0.9432101655,0.16972461950000006,0.050510610044105606,0.28031610305775223,-0.657120781,1.2253528099999995,NA,NA,NA,NA,Barani,DHS 2010,2010,High,Very high (≥50%),87.6%,[77.3%–94.3%],5%
Independent,BFA,18,1,0.7457257971375,0.77344339,0.1459017591608637,0.39311186550000005,0.94649568475,0.55338381925,0.19565067980873638,-0.043602702311028,-1.380038775,1.2987305699999994,NA,NA,NA,NA,Bomborokuy,DHS 2010,2010,Medium,Very high (≥50%),74.6%,[39.3%–94.6%],20%
Independent,BFA,19,1,0.7737388179725,0.80193051,0.1358034511629145,0.43702098550000007,0.9553777515,0.5183567659999999,0.17551588211481098,-0.07144612030705012,-1.3658970125,1.2321394525000002,NA,NA,NA,NA,Bourasso,DHS 2010,2010,Medium,Very high (≥50%),77.4%,[43.7%–95.5%],18%
Independent,BFA,20,1,0.8011016439275,0.811123865,0.07206369424988056,0.63865814575,0.9115038527499999,0.2728457069999999,0.08995574381370555,0.2869525826430476,-0.7161482507499999,1.2920911075,NA,NA,NA,NA,Djibasso,DHS 2010,2010,High,Very high (≥50%),80.1%,[63.9%–91.2%],9%
Independent,BFA,21,1,0.70389236816,0.72854152,0.154331721920952,0.35358479825000005,0.92902843825,0.57544364,0.2192547169169921,-0.592999580520995,-1.4223036599999999,0.23467732524999968,NA,NA,NA,NA,Dokuy,DHS 2010,2010,Medium,Very high (≥50%),70.4%,[35.4%–92.9%],22%
Independent,BFA,22,1,0.92643084552375,0.92682168,0.006741695241914947,0.9124353470000001,0.93887097625,0.02643562924999998,0.007277062583234246,0.24873705390102963,-0.07458268039999995,0.564706172,NA,NA,NA,NA,Doumbala,DHS 2010,2010,High,Very high (≥50%),92.6%,[91.2%–93.9%],1%
Independent,BFA,23,1,0.71026355175125,0.740975745,0.1645001200105823,0.32274054125,0.94275525549999994,0.6200147142499999,0.2316043384247794,-0.006280456398808249,-1.460439225,1.43625717,NA,NA,NA,NA,Kombori,DHS 2010,2010,Medium,Very high (≥50%),71.0%,[32.3%–94.3%],23%
Independent,BFA,24,1,0.702123261515875,0.73459887,0.1763720413816681,0.2943076765,0.9503688287500001,0.6560611522500001,0.251198117266309,0.009039778731568037,-1.6206877225,1.674671494999998,NA,NA,NA,NA,Madouba,DHS 2010,2010,Medium,Very high (≥50%),70.2%,[29.4%–95.0%],25%
Independent,BFA,25,1,0.5827885953075,0.5844135100000001,0.05335439975882898,0.477070462,0.683277858,0.206207396,0.09155017820943681,-0.7094695876406125,-1.22896184,-0.1785426980000001,NA,NA,NA,NA,Nouna,DHS 2010,2010,High,Very high (≥50%),58.3%,[47.7%–68.3%],9%
Independent,BFA,26,1,0.78627871223125,0.816211765,0.13245766678039403,0.455308781,0.95941831675,0.5041095357500001,0.16846146884037388,-0.03499925595530625,-1.3289242775,1.2758434224999997,NA,NA,NA,NA,Sono,DHS 2010,2010,Medium,Very high (≥50%),78.6%,[45.5%–95.9%],17%
Independent,BFA,27,1,0.63701101358375,0.63727517,0.023097233916282354,0.5906411715,0.68147887875,0.09083770725000007,0.03625876699735535,-0.6950090566558632,-1.3650946400000001,-0.0411141924500003,NA,NA,NA,NA,Bondokuy,DHS 2010,2010,High,Very high (≥50%),63.7%,[59.1%–68.1%],4%
Independent,BFA,28,1,0.64367147019,0.651466455,0.11337859552238833,0.40172632025,0.83764950975,0.4359231895,0.17614357754417956,-0.11336271663334863,-0.68238112625,0.4527874729999998,NA,NA,NA,NA,Dedougou,DHS 2010,2010,Medium,Very high (≥50%),64.4%,[40.2%–83.8%],18%
Independent,BFA,29,1,0.7640466047025,0.789219835,0.13366272257880926,0.44002705650000007,0.947192925,0.5071658684999999,0.17494053603033036,0.11110120997899688,-0.68208938025,0.9140214357499998,NA,NA,NA,NA,Douroula,DHS 2010,2010,Medium,Very high (≥50%),76.4%,[44.0%–94.7%],17%
Independent,BFA,30,1,0.72938255958,0.75629789,0.1487731065763373,0.38419902475,0.940613138,0.55641411325,0.20397129684867327,-0.06993547842988625,-1.3262345325,1.1851418424999995,NA,NA,NA,NA,Kona,DHS 2010,2010,Medium,Very high (≥50%),72.9%,[38.4%–94.1%],20%
Independent,BFA,31,1,0.60273552219875,0.6028876249999999,0.024118756087053078,0.5543995875,0.6490398829999999,0.09464029549999997,0.04001548805198841,-0.599164088284875,-0.87903123225,-0.3320948182500001,NA,NA,NA,NA,Ouarkoye,DHS 2010,2010,High,Very high (≥50%),60.3%,[55.4%–64.9%],4%
Independent,BFA,32,1,0.905863093225,0.91494091,0.04571062456716877,0.7924423665,0.9681594085,0.17571704200000005,0.050460853200711066,0.7956645500925452,-0.20125557099999994,1.8385771074999997,NA,NA,NA,NA,Safane,DHS 2010,2010,High,Very high (≥50%),90.6%,[79.2%–96.8%],5%
Independent,BFA,33,1,0.85575129982625,0.85616136,0.0124070543701137,0.8297084955,0.8787269755,0.049018479999999975,0.01449843473522366,0.4681775502687546,-0.3442154225,1.2960731074999998,NA,NA,NA,NA,Tchériba,DHS 2010,2010,High,Very high (≥50%),85.6%,[83.0%–87.9%],1%
Independent,BFA,34,1,0.92125502832,0.921578475,0.007168800316888406,0.9063050007500001,0.93459918625,0.028294185499999958,0.007781558956548031,0.19008866437811675,-0.040085213375,0.42447709999999994,NA,NA,NA,NA,Gassan,DHS 2010,2010,High,Very high (≥50%),92.1%,[90.6%–93.5%],1%
Independent,BFA,35,1,0.8559444838675,0.856256985,0.012430770833554778,0.83081024,0.87926290075,0.04845266074999999,0.01452287042891798,0.49970372566410126,-0.299298134,1.3073374374999995,NA,NA,NA,NA,Gossina,DHS 2010,2010,High,Very high (≥50%),85.6%,[83.1%–87.9%],1%
Independent,BFA,36,1,0.72896026927425,0.756887235,0.1504644385966002,0.37924255125,0.94144468625,0.5622021349999999,0.20640965624423127,0.110257500965785,-1.1707588549999999,1.4088708275,NA,NA,NA,NA,Kougny,DHS 2010,2010,Medium,Very high (≥50%),72.9%,[37.9%–94.1%],21%
Independent,BFA,37,1,0.7736122836475,0.7778169349999999,0.051471645731290344,0.6607019295000001,0.86154767275,0.20084574324999993,0.06653416293832226,0.28408661062766377,-0.59057635775,1.1529356024999997,NA,NA,NA,NA,Toma,DHS 2010,2010,High,Very high (≥50%),77.4%,[66.1%–86.2%],7%
Independent,BFA,38,1,0.83202795036375,0.83249975,0.013782741329682206,0.8041718135,0.8581594994999999,0.053987685999999924,0.016565238371687635,0.36830158593405127,-0.4433242475,1.1778224474999994,NA,NA,NA,NA,Yaba,DHS 2010,2010,High,Very high (≥50%),83.2%,[80.4%–85.8%],2%
Independent,BFA,39,1,0.7209073694725,0.742973415,0.14590478787364383,0.378428635,0.9326716772500001,0.5542430422500001,0.20239047907140248,-0.30438094822212824,-1.093307045,0.49636905674999987,NA,NA,NA,NA,Ye,DHS 2010,2010,Medium,Very high (≥50%),72.1%,[37.8%–93.3%],20%
Independent,BFA,40,1,0.5034082032275,0.503666555,0.024805447671343187,0.4545052305,0.55163429175,0.09712906124999998,0.049275016800099936,-0.5264420548307575,-1.36066446,0.316464397999999,NA,NA,NA,NA,Di,DHS 2010,2010,High,Very high (≥50%),50.3%,[45.5%–55.2%],5%
Independent,BFA,41,1,0.76865588000725,0.795545425,0.13786759044378616,0.43056413250000003,0.9539454482499999,0.5233813157499999,0.17936191477841265,0.03081719734048275,-1.2914122525,1.3512402824999994,NA,NA,NA,NA,Gomboro,DHS 2010,2010,Medium,Very high (≥50%),76.9%,[43.1%–95.4%],18%
Independent,BFA,42,1,0.83244431354375,0.8328524100000001,0.013806089330334984,0.80436141875,0.8586079127499999,0.05424649399999992,0.016585000468754347,0.18419125124852237,-0.62073212875,0.9964512842499994,NA,NA,NA,NA,Kassoum,DHS 2010,2010,High,Very high (≥50%),83.2%,[80.4%–85.9%],2%
Independent,BFA,43,1,0.72012923402375,0.74542122,0.1497410452795837,0.37134607324999996,0.93593187875,0.5645858054999999,0.20793635115033426,0.031167440873431252,-1.22115272,1.287304915,NA,NA,NA,NA,Kiembara,DHS 2010,2010,Medium,Very high (≥50%),72.0%,[37.1%–93.6%],21%
Independent,BFA,44,1,0.72489322230125,0.75215869,0.15158792621781927,0.36666112,0.94015240225,0.57349128225,0.20911759353548295,-0.013190025031806999,-1.306700845,1.3204281299999991,NA,NA,NA,NA,Lanfièra,DHS 2010,2010,Medium,Very high (≥50%),72.5%,[36.7%–94.0%],21%
Independent,BFA,45,1,0.585454166105,0.585892005,0.024446530074536225,0.5363024075,0.6321623455000001,0.09585993800000003,0.04175652252537185,-0.32925854560489215,-1.1472936649999999,0.5106893094999999,NA,NA,NA,NA,Lankouè,DHS 2010,2010,High,Very high (≥50%),58.5%,[53.6%–63.2%],4%
Independent,BFA,46,1,0.9271612970525,0.927446655,0.006672881249599638,0.9134382805000001,0.9397972235000001,0.026358942999999968,0.007197109360381109,0.60902882647627,-0.20631271625,1.4310551199999995,NA,NA,NA,NA,Toeni,DHS 2010,2010,High,Very high (≥50%),92.7%,[91.3%–94.0%],1%
Independent,BFA,47,1,0.587901833335,0.590289485,0.07713521514278687,0.431767412,0.73407844225,0.30231103024999995,0.13120424324112193,-0.6633054142841375,-1.04826829,-0.26588109275000005,NA,NA,NA,NA,Tougan,DHS 2010,2010,High,Very high (≥50%),58.8%,[43.2%–73.4%],13%
Independent,BFA,48,1,0.44958909512,0.44805962499999996,0.06377900494074656,0.32692633175,0.5782800444999999,0.2513537127499999,0.14186065817215449,-1.0976373580413625,-1.7983045225,-0.43258952475,NA,NA,NA,NA,Banfora,DHS 2010,2010,High,High (20-50%),45.0%,[32.7%–57.8%],14%
Independent,BFA,49,1,0.59441288548525,0.6092196400000001,0.17582825500363097,0.23461356225,0.8834713495000001,0.6488577872500001,0.2958015535953486,-0.5101615605915134,-1.930515375,0.8449443657499995,NA,NA,NA,NA,Beregadougou,DHS 2010,2010,Medium,Very high (≥50%),59.4%,[23.5%–88.3%],30%
Independent,BFA,50,1,0.81855511639125,0.8229365049999999,0.045446342961422484,0.7172098792499999,0.8953636795000001,0.17815380025000016,0.05552019900844429,-0.13571881315631,-1.1293907174999998,0.8351379367499999,NA,NA,NA,NA,Mangodara,DHS 2010,2010,High,Very high (≥50%),81.9%,[71.7%–89.5%],6%
Independent,BFA,51,1,0.524558192239625,0.5292106750000001,0.1876722843636862,0.1693372065,0.8612380552500001,0.69190084875,0.3577720968619532,-0.5827985689387725,-1.960009425,0.7828366237499996,NA,NA,NA,NA,Moussodougou,DHS 2010,2010,Low,Very high (≥50%),52.5%,[16.9%–86.1%],36%
Independent,BFA,52,1,0.60696399370625,0.6133636,0.12463501191793314,0.3473516795,0.8269658849999999,0.4796142054999999,0.20534168947466802,-0.7747913908856646,-1.9223676525000002,0.3198650737499987,NA,NA,NA,NA,Niangoloko,DHS 2010,2010,Medium,Very high (≥50%),60.7%,[34.7%–82.7%],21%
Independent,BFA,53,1,0.88769255299625,0.887927825,0.009863732024573389,0.86746507575,0.9059003535,0.038435277749999996,0.01111165345623335,0.2358963214219385,-0.6606260655,1.1333628499999988,NA,NA,NA,NA,Ouo,DHS 2010,2010,High,Very high (≥50%),88.8%,[86.7%–90.6%],1%
Independent,BFA,54,1,0.64526632037375,0.6511158850000001,0.09170632427361122,0.45684423,0.8061234235000001,0.3492791935000001,0.14212166570307475,-0.8570409616702375,-1.5599278774999998,-0.17563760650000038,NA,NA,NA,NA,Sidéradougou,DHS 2010,2010,High,Very high (≥50%),64.5%,[45.7%–80.6%],14%
Independent,BFA,55,1,0.62547954033775,0.64252403,0.1695411162453352,0.26270338325,0.89840512025,0.635701737,0.2710578129442658,-0.36616908904230927,-1.312619255,0.5773736824999997,NA,NA,NA,NA,Soubakaniédougou,DHS 2010,2010,Medium,Very high (≥50%),62.5%,[26.3%–89.8%],27%
Independent,BFA,56,1,0.65779085150125,0.67922856,0.1642098936664762,0.2945405785000001,0.9120519972499999,0.6175114187499997,0.24963845771297435,-0.36902943621136874,-1.4661337675,0.7302911139999995,NA,NA,NA,NA,Tiéfora,DHS 2010,2010,Medium,Very high (≥50%),65.8%,[29.5%–91.2%],25%
Independent,BFA,57,1,0.59562472122325,0.611125055,0.1752003248538392,0.236838028,0.8908102287499998,0.6539722007499998,0.29414548894818493,-1.09778280065017,-2.057889125,-0.11144426950000015,NA,NA,NA,NA,Dakoro,DHS 2010,2010,Medium,Very high (≥50%),59.6%,[23.7%–89.1%],29%
Independent,BFA,58,1,0.66474075443375,0.66512731,0.022226810992561383,0.62117779675,0.7075144305000001,0.08633663375000011,0.03343681103394206,-0.4403032301158175,-1.4605128375,0.5204623474999995,NA,NA,NA,NA,Douna,DHS 2010,2010,High,Very high (≥50%),66.5%,[62.1%–70.8%],3%
Independent,BFA,59,1,0.46331410208125,0.463008945,0.024464430552468334,0.41569886375,0.5131364725,0.09743760875000007,0.05280312091208068,-0.8881322265184988,-1.9329803025,0.13713662824999998,NA,NA,NA,NA,Kankalaba,DHS 2010,2010,High,High (20-50%),46.3%,[41.6%–51.3%],5%
Independent,BFA,60,1,0.5451468285415,0.5514663049999999,0.18115022801319272,0.19426633599999998,0.8679455569999999,0.6736792209999999,0.3322962154945426,-1.055873297155845,-2.053731585,-0.07105306650000047,NA,NA,NA,NA,Loumana,DHS 2010,2010,Low,Very high (≥50%),54.5%,[19.4%–86.8%],33%
Independent,BFA,61,1,0.53890604643125,0.5395076999999999,0.12254012300853762,0.2908008475,0.7667976229999999,0.47599677549999986,0.227386802987319,-0.671114402759695,-1.4141407049999999,0.04073949947499989,NA,NA,NA,NA,Niankorodougou,DHS 2010,2010,Medium,Very high (≥50%),53.9%,[29.1%–76.7%],23%
Independent,BFA,62,1,0.8304562573325,0.83070029,0.013990703072763696,0.8019449517499999,0.85623736175,0.05429241000000007,0.016847007833625204,0.136133234713953,-0.9387903679999999,1.1136299249999997,NA,NA,NA,NA,Oueleni,DHS 2010,2010,High,Very high (≥50%),83.0%,[80.2%–85.6%],2%
Independent,BFA,63,1,0.2543942112625,0.2539463,0.018890374897136044,0.21839144475,0.292784105,0.07439266025000002,0.07425630796938128,-1.4456852940554688,-2.403606095,-0.4682467260000003,NA,NA,NA,NA,Sindou,DHS 2010,2010,High,High (20-50%),25.4%,[21.8%–29.3%],7%
Independent,BFA,64,1,0.61608943037875,0.61622546,0.023401180375024946,0.5697350597499999,0.6608347594999999,0.09109969974999998,0.03798341477898546,-0.7852671918957909,-1.7853193800000002,0.18605119649999977,NA,NA,NA,NA,Wolonkoto,DHS 2010,2010,High,Very high (≥50%),61.6%,[57.0%–66.1%],4%
Independent,BFA,65,1,0.43250731267,0.43212022,0.024252477872331032,0.3860312965,0.4796042722499999,0.0935729757499999,0.056074145249968295,-0.36363785160260725,-1.220781995,0.4831323537499997,NA,NA,NA,NA,Komki-Ipala,DHS 2010,2010,High,High (20-50%),43.3%,[38.6%–48.0%],6%
Independent,BFA,66,1,0.55865492623375,0.5610237250000001,0.11388824969212905,0.332240643,0.7699246022499999,0.4376839592499999,0.20386153302168575,0.7664707918339737,0.061901903325000014,1.4721309225,NA,NA,NA,NA,Komsilga,DHS 2010,2010,Medium,Very high (≥50%),55.9%,[33.2%–77.0%],20%
Independent,BFA,67,1,0.60357305677,0.610003765,0.12890836665595007,0.336580557,0.8309380622499999,0.4943575052499999,0.2135754159501398,-0.4427919022151737,-1.2525349575,0.3607622824999997,NA,NA,NA,NA,Koubri,DHS 2010,2010,Medium,Very high (≥50%),60.4%,[33.7%–83.1%],21%
Independent,BFA,68,1,0.184989662405625,0.18159985,0.04213217577860782,0.11167187,0.27617007825,0.16449820825,0.22775421734769705,0.6035790919780663,-0.63574838975,1.7876129174999995,NA,NA,NA,NA,Ouagadougou,DHS 2010,2010,Medium,Moderate (5-20%),18.5%,[11.2%–27.6%],23%
Independent,BFA,69,1,0.813180564535,0.81349615,0.014757616175989616,0.7822512465,0.840913874,0.05866262749999995,0.018148018803706218,0.6333272036286988,-0.18683454449999998,1.4744884025,NA,NA,NA,NA,Pabre,DHS 2010,2010,High,Very high (≥50%),81.3%,[78.2%–84.1%],2%
Independent,BFA,70,1,0.58143568357375,0.58123938,0.024717198327114002,0.5329387295000001,0.6292358227499999,0.0962970932499998,0.04251063191579786,0.176951062998325,-0.55991636575,0.9212329979999995,NA,NA,NA,NA,Saaba,DHS 2010,2010,High,Very high (≥50%),58.1%,[53.3%–62.9%],4%
Independent,BFA,71,1,0.608877350755,0.615301895,0.11378173812249912,0.37324405499999996,0.8087440905,0.4355000355,0.18687135920134199,0.73496704252636,0.10966394575000002,1.3802620425,NA,NA,NA,NA,Tanghin-Dassouri,DHS 2010,2010,Medium,Very high (≥50%),60.9%,[37.3%–80.9%],19%
Independent,BFA,72,1,0.72150530198375,0.72174307,0.019931042594173633,0.68127472525,0.7597093237499999,0.0784345984999999,0.027624249661608903,-0.36533477634011,-0.6457552430000001,-0.07317456220000017,NA,NA,NA,NA,Bagre,DHS 2010,2010,High,Very high (≥50%),72.2%,[68.1%–76.0%],3%
Independent,BFA,73,1,0.64390076865125,0.64444282,0.023126832825811034,0.597545019,0.68781461025,0.09026959125,0.035916765364721916,-0.29816056260857965,-1.1215295775,0.52850026675,NA,NA,NA,NA,Bane,DHS 2010,2010,High,Very high (≥50%),64.4%,[59.8%–68.8%],4%
Independent,BFA,74,1,0.7112349511475,0.71187556,0.020300865083234334,0.6700411377500001,0.74924510275,0.07920396499999993,0.028543120737361264,0.6072492649929763,-0.29767852749999996,1.51525754,NA,NA,NA,NA,Beguedo,DHS 2010,2010,High,Very high (≥50%),71.1%,[67.0%–74.9%],3%
Independent,BFA,75,1,0.68068948602375,0.704608175,0.16116396614710046,0.32383207125,0.9238677274999999,0.6000356562499999,0.23676576391467472,-0.007606080906825875,-1.2748852824999999,1.260777275,NA,NA,NA,NA,Bissiga,DHS 2010,2010,Medium,Very high (≥50%),68.1%,[32.4%–92.4%],24%
Independent,BFA,76,1,0.74846035960375,0.76062953,0.09646852812206387,0.52935781275,0.89748114675,0.36812333399999997,0.12888929504982236,0.0523880396389862,-0.778617069,0.8943490649999998,NA,NA,NA,NA,Bittou,DHS 2010,2010,High,Very high (≥50%),74.8%,[52.9%–89.7%],13%
Independent,BFA,77,1,0.33808472901375,0.337727025,0.02221193229258103,0.29539987500000003,0.3823142,0.08691432499999996,0.06569930667196053,-1.03214250427625,-1.4546180100000001,-0.6008891127500001,NA,NA,NA,NA,Boussouma,DHS 2010,2010,High,High (20-50%),33.8%,[29.5%–38.2%],7%
Independent,BFA,78,1,0.46898700401125,0.46894341500000003,0.05923990377252905,0.35554681075000005,0.5860745059999999,0.23052769524999983,0.12631459564092315,-0.03689059628598663,-0.530836318,0.46823522624999986,NA,NA,NA,NA,Garango,DHS 2010,2010,High,High (20-50%),46.9%,[35.6%–58.6%],13%
Independent,BFA,79,1,0.66639116573125,0.6668608,0.022522388504139887,0.6216241339999999,0.70943777875,0.08781364475000009,0.03379754964102117,0.031448454574865,-0.7992267014999999,0.8532512014999996,NA,NA,NA,NA,Komtoega,DHS 2010,2010,High,Very high (≥50%),66.6%,[62.2%–70.9%],3%
Independent,BFA,80,1,0.8553770742275,0.8558204,0.012484792167608729,0.82940229875,0.87855592425,0.04915362549999991,0.014595659088576667,1.31256281786375,1.009954265,1.6310137149999997,NA,NA,NA,NA,Niaogho,DHS 2010,2010,High,Very high (≥50%),85.5%,[82.9%–87.9%],1%
Independent,BFA,81,1,0.66060730933,0.664715865,0.08249699835834455,0.4881952905,0.8069287304999999,0.3187334399999999,0.12488054127347534,-0.48263779772056,-1.10108804,0.1340467842499996,NA,NA,NA,NA,Tenkodogo,DHS 2010,2010,High,Very high (≥50%),66.1%,[48.8%–80.7%],12%
Independent,BFA,82,1,0.6840503826875,0.6918696049999999,0.09009172590672951,0.49089987125000006,0.84208905475,0.3511891834999999,0.13170334844748827,0.023766226192929736,-0.6843794377499999,0.7208919709999998,NA,NA,NA,NA,Zabré,DHS 2010,2010,High,Very high (≥50%),68.4%,[49.1%–84.2%],13%
Independent,BFA,83,1,0.7401681171,0.77128056,0.15452077226539135,0.371956465,0.9510488957500001,0.57909243075,0.20876442621009966,-0.031277623760805624,-1.4444466125000002,1.3745319099999993,NA,NA,NA,NA,Zoaga,DHS 2010,2010,Medium,Very high (≥50%),74.0%,[37.2%–95.1%],21%
Independent,BFA,84,1,0.58668555072375,0.58865852,0.07635983619525706,0.43235605299999996,0.726709757,0.294353704,0.13015462218399218,-0.126708440392295,-0.6701979130000001,0.4290424617499998,NA,NA,NA,NA,Zonsé,DHS 2010,2010,High,Very high (≥50%),58.7%,[43.2%–72.7%],13%
Independent,BFA,85,1,0.75254377828625,0.782024385,0.1444999471224987,0.40595411475000004,0.94825681775,0.542302703,0.19201533690380776,0.009578314259385,-1.2630665725,1.2793305624999993,NA,NA,NA,NA,Comin-Yanga,DHS 2010,2010,Medium,Very high (≥50%),75.3%,[40.6%–94.8%],19%
Independent,BFA,86,1,0.85501468217625,0.855513865,0.012319946847129885,0.83002634125,0.87796777275,0.047941431500000076,0.014409047123930313,0.5674680947682025,-0.29105653425,1.4362479424999994,NA,NA,NA,NA,Dourtenga,DHS 2010,2010,High,Very high (≥50%),85.5%,[83.0%–87.8%],1%
Independent,BFA,87,1,0.7967194855125,0.8274782350000001,0.12879349817774224,0.47715139400000006,0.96159614025,0.4844447462499999,0.16165476120480995,0.003283338088056625,-1.2871487775000001,1.2884516724999997,NA,NA,NA,NA,Lalgaye,DHS 2010,2010,Medium,Very high (≥50%),79.7%,[47.7%–96.2%],16%
Independent,BFA,88,1,0.81653960478375,0.816903185,0.014655845322796877,0.78658920125,0.844377269,0.057788067750000005,0.017948725618371308,0.35666774476437874,-0.47715010674999997,1.207341375,NA,NA,NA,NA,Ouargaye,DHS 2010,2010,High,Very high (≥50%),81.7%,[78.7%–84.4%],2%
Independent,BFA,89,1,0.66622248151625,0.666061025,0.02206109672465518,0.6229010877500001,0.70942527425,0.08652418649999993,0.03311370801304471,0.20540843201231,-0.2961807335,0.7107319292499998,NA,NA,NA,NA,Sangha,DHS 2010,2010,High,Very high (≥50%),66.6%,[62.3%–70.9%],3%
Independent,BFA,90,1,0.81589414401,0.820019315,0.0428975243401286,0.7226641109999999,0.8876643555,0.16500024450000006,0.052577316132327606,0.02107306951173675,-0.8694308974999999,0.9073599017499998,NA,NA,NA,NA,Soudougui,DHS 2010,2010,High,Very high (≥50%),81.6%,[72.3%–88.8%],5%
Independent,BFA,91,1,0.69275194077375,0.72075873,0.16344245342836192,0.3222464275,0.93176900075,0.60952257325,0.23593214801507364,0.0377967778858025,-1.2985373125000002,1.3515867074999985,NA,NA,NA,NA,Yargatenga,DHS 2010,2010,Medium,Very high (≥50%),69.3%,[32.2%–93.2%],24%
Independent,BFA,92,1,0.664666195573625,0.6887869900000001,0.16711110632581463,0.292705659,0.92052270975,0.6278170507499999,0.2514211004541809,0.02829572993407,-1.240816355,1.3229267799999997,NA,NA,NA,NA,Yondé,DHS 2010,2010,Medium,Very high (≥50%),66.5%,[29.3%–92.1%],25%
Independent,BFA,93,1,0.91458758200125,0.914975275,0.007797913205317963,0.8985190464999999,0.928880785,0.030361738500000124,0.008526152507182527,1.0113683126725,0.63699873575,1.3861444774999996,NA,NA,NA,NA,Andemtenga,DHS 2010,2010,High,Very high (≥50%),91.5%,[89.9%–92.9%],1%
Independent,BFA,94,1,0.628758414857875,0.64913513,0.1749589780683235,0.2527632235,0.90847433325,0.65571110975,0.2782610521528708,0.059588371853291376,-1.2348534725,1.3712168674999998,NA,NA,NA,NA,Baskouré,DHS 2010,2010,Medium,Very high (≥50%),62.9%,[25.3%–90.8%],28%
Independent,BFA,95,1,0.67146074005625,0.678884445,0.09384962845423128,0.468858632,0.834422395,0.36556376300000004,0.13976934592835502,0.085301365157285,-0.8644402594999999,1.0447953124999998,NA,NA,NA,NA,Dialgaye,DHS 2010,2010,High,Very high (≥50%),67.1%,[46.9%–83.4%],14%
Independent,BFA,96,1,0.65104844066875,0.6719704049999999,0.16667184142253863,0.28589334400000005,0.9125982955,0.6267049515,0.2560052847240293,0.05110721141989025,-1.1688461350000001,1.2818182249999999,NA,NA,NA,NA,Gounghin,DHS 2010,2010,Medium,Very high (≥50%),65.1%,[28.6%–91.3%],26%
Independent,BFA,97,1,0.90693620736375,0.9071618749999999,0.008533980895481215,0.8893413685,0.92254370025,0.03320233174999998,0.009409681547820754,1.0174535525689703,0.18937452050000003,1.8633796224999999,NA,NA,NA,NA,Kando,DHS 2010,2010,High,Very high (≥50%),90.7%,[88.9%–92.3%],1%
Independent,BFA,98,1,0.362820483913875,0.35096524500000004,0.13954641497023104,0.1299597275,0.6566497139999999,0.5266899864999999,0.3846155913384319,-1.01957744124605,-1.8845917175,-0.14182948800000003,NA,NA,NA,NA,Koupéla,DHS 2010,2010,Low,High (20-50%),36.3%,[13.0%–65.7%],38%
Independent,BFA,99,1,0.43185164777625,0.42973755,0.0807671172640308,0.27803566375,0.5960212512499999,0.31798558749999994,0.18702514550987118,0.04566692027100575,-0.6013674205,0.6926287352499996,NA,NA,NA,NA,Pouytenga,DHS 2010,2010,Medium,High (20-50%),43.2%,[27.8%–59.6%],19%
Independent,BFA,100,1,0.65723543784875,0.66137449,0.0800528634153403,0.49131431150000004,0.80024288575,0.30892857425,0.12180241478969507,-0.350238886901825,-0.77966265725,0.07924997964999998,NA,NA,NA,NA,Tensobentenga,DHS 2010,2010,High,Very high (≥50%),65.7%,[49.1%–80.0%],12%
Independent,BFA,101,1,0.613024586365625,0.630511605,0.1762002504620474,0.247077068,0.9030007399999999,0.6559236719999999,0.28742770580649546,0.0093017887441075,-1.2854329775,1.3231844599999998,NA,NA,NA,NA,Yargo,DHS 2010,2010,Medium,Very high (≥50%),61.3%,[24.7%–90.3%],29%
Independent,BFA,102,1,0.734094443005,0.735620485,0.028952718116125563,0.6744420779999999,0.78737093225,0.1129288542500001,0.039440045340226555,0.21921229625166488,-0.17391607450000002,0.6319897704999998,NA,NA,NA,NA,Bourzanga,DHS 2010,2010,High,Very high (≥50%),73.4%,[67.4%–78.7%],4%
Independent,BFA,103,1,0.54120576684,0.5412041750000001,0.024291148038157323,0.49384759550000007,0.58859916,0.09475156449999994,0.044883387292764504,0.2505423887957119,-0.031011105599999984,0.54381423875,NA,NA,NA,NA,Guibare,DHS 2010,2010,High,Very high (≥50%),54.1%,[49.4%–58.9%],4%
Independent,BFA,104,1,0.5447407339875,0.5462540300000001,0.07046008439732941,0.402604719,0.6774684925,0.27486377349999996,0.1293460907201888,-0.267038130112906,-0.79127633175,0.26081280874999957,NA,NA,NA,NA,Kongoussi,DHS 2010,2010,High,Very high (≥50%),54.5%,[40.3%–67.7%],13%
Independent,BFA,105,1,0.66447970537425,0.687341075,0.16707119964902936,0.30052602575,0.9237358002499999,0.6232097744999999,0.25143160625941324,0.0615916956039175,-1.2567674875000001,1.3907717899999998,NA,NA,NA,NA,Nassere,DHS 2010,2010,Medium,Very high (≥50%),66.4%,[30.1%–92.4%],25%
Independent,BFA,106,1,0.61736800497125,0.617613635,0.02337358688068494,0.57048748475,0.66207915875,0.09159167400000001,0.03786005541666095,0.34154170638611264,-0.028248949124999995,0.7236739382499998,NA,NA,NA,NA,Rollo,DHS 2010,2010,High,Very high (≥50%),61.7%,[57.0%–66.2%],4%
Independent,BFA,107,1,0.767507653545,0.7682231,0.01784227290901053,0.731011999,0.8009249657499999,0.06991296674999992,0.023247029298795668,0.688490870731125,0.374674156,1.0167935074999999,NA,NA,NA,NA,Rouko,DHS 2010,2010,High,Very high (≥50%),76.8%,[73.1%–80.1%],2%
Independent,BFA,108,1,0.361868881065,0.36144699,0.022635771475130493,0.31912800575,0.40698590300000004,0.08785789725000004,0.06255241237796456,-0.7337622271300912,-1.567122995,0.12395274999999971,NA,NA,NA,NA,Sabce,DHS 2010,2010,High,High (20-50%),36.2%,[31.9%–40.7%],6%
Independent,BFA,109,1,0.620425556815,0.6206442050000001,0.02353455153693367,0.57332094200000006,0.66519632675,0.0918753847499999,0.03793291762149517,0.2686507282101925,-0.05254702509999999,0.6007116237499996,NA,NA,NA,NA,Tikare,DHS 2010,2010,High,Very high (≥50%),62.0%,[57.3%–66.5%],4%
Independent,BFA,110,1,0.6725982360628749,0.69669446,0.16495812867527923,0.30196961875,0.92232178925,0.6203521704999999,0.24525507179572625,0.08143731087131124,-1.280030845,1.3920610449999993,NA,NA,NA,NA,Zimtenga,DHS 2010,2010,Medium,Very high (≥50%),67.3%,[30.2%–92.2%],25%
Independent,BFA,111,1,0.7138304223975,0.7141420199999999,0.020268885790726866,0.6733107035,0.75240180175,0.07909109825000005,0.028394539031624567,0.418789344527725,0.15062287825,0.6926313347499998,NA,NA,NA,NA,Boala,DHS 2010,2010,High,Very high (≥50%),71.4%,[67.3%–75.2%],3%
Independent,BFA,112,1,0.67235507830625,0.678318065,0.0787988349596458,0.5008948492499999,0.8115682842499999,0.310673435,0.1171982446509519,0.113254073473409,-0.52540114575,0.7496273722499991,NA,NA,NA,NA,Boulsa,DHS 2010,2010,High,Very high (≥50%),67.2%,[50.1%–81.2%],12%
Independent,BFA,113,1,0.73722821422125,0.75055072,0.10265498615955544,0.503465706,0.8988602637499999,0.39539455775,0.1392445163917012,0.18801512131657624,-0.8823732645,1.2644798749999997,NA,NA,NA,NA,Bouroum,DHS 2010,2010,High,Very high (≥50%),73.7%,[50.3%–89.9%],14%
Independent,BFA,114,1,0.71496605358875,0.74126197,0.15314840384358563,0.35434908025,0.9342686214999999,0.5799195412499999,0.2142037416669812,0.16955019302522104,-1.109447025,1.45362774,NA,NA,NA,NA,Dargo,DHS 2010,2010,Medium,Very high (≥50%),71.5%,[35.4%–93.4%],21%
Independent,BFA,115,1,0.71662876738625,0.742705975,0.1540484069320947,0.36391834525,0.9398462859999999,0.5759279407499999,0.21496263329471588,0.19638558068100626,-1.0839730074999998,1.53039847,NA,NA,NA,NA,Nagbingou,DHS 2010,2010,Medium,Very high (≥50%),71.7%,[36.4%–94.0%],21%
Independent,BFA,116,1,0.844281435905,0.84469684,0.012959618284327474,0.8179261792500001,0.86836371225,0.05043753299999987,0.01534987947524374,0.41266900259053,0.12102264150000001,0.7457674572499994,NA,NA,NA,NA,Tougouri,DHS 2010,2010,High,Very high (≥50%),84.4%,[81.8%–86.8%],2%
Independent,BFA,117,1,0.79085326108875,0.8074245449999999,0.10262786164191316,0.54711782900000006,0.9365704005,0.3894525714999999,0.12976852558036833,0.5496842985609837,-0.5858450445,1.7036143849999994,NA,NA,NA,NA,Yalgo,DHS 2010,2010,High,Very high (≥50%),79.1%,[54.7%–93.7%],13%
Independent,BFA,118,1,0.6976044586685,0.719307385,0.15606319976904032,0.340772907,0.9306259235,0.5898530165,0.22371301936188054,0.191589044185265,-1.071015115,1.45786667,NA,NA,NA,NA,Zeguedeguin,DHS 2010,2010,Medium,Very high (≥50%),69.8%,[34.1%–93.1%],22%
Independent,BFA,119,1,0.75342255526875,0.78015731,0.14015186597857351,0.414878687,0.9480729875,0.5331943004999999,0.18602026843831423,0.225934642199115,-1.065994855,1.5226940199999994,NA,NA,NA,NA,Barsalogho,DHS 2010,2010,Medium,Very high (≥50%),75.3%,[41.5%–94.8%],19%
Independent,BFA,120,1,0.6686636249308751,0.68999944,0.15871144918969216,0.32369148525,0.9158403059999999,0.5921488207499999,0.23735618818221102,0.011397162024566376,-1.0000362125,1.0219566199999985,NA,NA,NA,NA,Boussouma,DHS 2010,2010,Medium,Very high (≥50%),66.9%,[32.4%–91.6%],24%
Independent,BFA,121,1,0.910152207565,0.910424135,0.007999531562287809,0.8937326017499999,0.9251821020000001,0.03144950025000015,0.008789223929577195,0.8638898137071638,-0.04059474709999999,1.7578820499999999,NA,NA,NA,NA,Dablo,DHS 2010,2010,High,Very high (≥50%),91.0%,[89.4%–92.5%],1%
Independent,BFA,122,1,0.460447923705,0.45915078,0.07087513460083637,0.3244753285,0.5998564390000001,0.2753811105000001,0.1539264940767649,-0.0820428075847534,-0.65833223,0.49753794024999964,NA,NA,NA,NA,Kaya,DHS 2010,2010,High,High (20-50%),46.0%,[32.4%–60.0%],15%
Independent,BFA,123,1,0.33882827981875,0.33891388,0.022171748631998445,0.29647987049999996,0.3832129525,0.08673308200000002,0.06543653511996937,-1.095725456312675,-1.7823380075,-0.43485908125000006,NA,NA,NA,NA,Korsimoro,DHS 2010,2010,High,High (20-50%),33.9%,[29.6%–38.3%],7%
Independent,BFA,124,1,0.6777974492175,0.6882590449999999,0.110638596678785,0.442885481,0.8608521090000001,0.41796662800000006,0.16323253621935946,0.1619059170461616,-0.5586368380000001,0.87235675874999985,NA,NA,NA,NA,Mane,DHS 2010,2010,Medium,Very high (≥50%),67.8%,[44.3%–86.1%],16%
Independent,BFA,125,1,0.33897717614875,0.33858299999999997,0.02224267539181509,0.29579099475,0.383383492,0.08759249725000001,0.06561702957267707,-0.77101347229167,-1.644933325,0.09473743077499938,NA,NA,NA,NA,Namissiguima,DHS 2010,2010,High,High (20-50%),33.9%,[29.6%–38.3%],7%
Independent,BFA,126,1,0.71481214570625,0.715403145,0.02033759770478828,0.67418826225,0.7538956689999999,0.07970740674999999,0.028451667794052785,-0.001285549190104125,-0.8731125275,0.8582524797500001,NA,NA,NA,NA,Pensa,DHS 2010,2010,High,Very high (≥50%),71.5%,[67.4%–75.4%],3%
Independent,BFA,127,1,0.657781901409375,0.681178655,0.164725338657599,0.293463869,0.91348896875,0.62002509975,0.25042546519546316,-0.27653618133943625,-1.13358458,0.5320016244999999,NA,NA,NA,NA,Pibaore,DHS 2010,2010,Medium,Very high (≥50%),65.8%,[29.3%–91.3%],25%
Independent,BFA,128,1,0.6787613748525,0.6793679,0.03503508787384116,0.6084520050000001,0.74528350225,0.13683149724999988,0.051616207362203764,0.03837864508289679,-0.8111128795,0.8934153124999986,NA,NA,NA,NA,Pissila,DHS 2010,2010,High,Very high (≥50%),67.9%,[60.8%–74.5%],5%
Independent,BFA,129,1,0.694488349946,0.719230105,0.15876473536789637,0.33329518625000004,0.9310006107500001,0.5977054245,0.22860676551340442,0.0780181426540625,-1.2035062024999998,1.3836267299999998,NA,NA,NA,NA,Ziga,DHS 2010,2010,Medium,Very high (≥50%),69.4%,[33.3%–93.1%],23%
Independent,BFA,130,1,0.73922632134375,0.76788124,0.1489545954754494,0.38696048250000004,0.9448528724999999,0.5578923899999999,0.20150066518827803,0.3121421812839221,-1.017208085,1.6348651675,NA,NA,NA,NA,Bingo,DHS 2010,2010,Medium,Very high (≥50%),73.9%,[38.7%–94.5%],20%
Independent,BFA,131,1,0.89800948984125,0.89848826,0.009043319200055997,0.8789716744999999,0.91461415775,0.03564248325000008,0.01007040493709557,1.0223354683476586,0.19313687100000004,1.8504363599999996,NA,NA,NA,NA,Imasgho,DHS 2010,2010,High,Very high (≥50%),89.8%,[87.9%–91.5%],1%
Independent,BFA,132,1,0.89830132536125,0.898750895,0.009132128735972106,0.87939091475,0.91512882375,0.03573790900000007,0.010165997175056644,1.6074543344625,1.3527104475,1.8676238825,NA,NA,NA,NA,Kindi,DHS 2010,2010,High,Very high (≥50%),89.8%,[87.9%–91.5%],1%
Independent,BFA,133,1,0.77781456527125,0.778423875,0.017397702657638958,0.7429100255,0.8106559927500001,0.06774596725000015,0.022367416906845652,1.361601360875,1.118911485,1.613880845,NA,NA,NA,NA,Kokologho,DHS 2010,2010,High,Very high (≥50%),77.8%,[74.3%–81.1%],2%
Independent,BFA,134,1,0.56681262486,0.5709654150000001,0.10486881845756046,0.35510977774999997,0.759140887,0.4040311092500001,0.18501496589540956,0.01465353012471925,-0.7227564700000001,0.7827440364999999,NA,NA,NA,NA,Koudougou,DHS 2010,2010,Medium,Very high (≥50%),56.7%,[35.5%–75.9%],19%
Independent,BFA,135,1,0.692894438368625,0.71786376,0.15966053113680406,0.32626864375000003,0.92907266525,0.6028040214999999,0.23042547651661693,0.32886208186302224,-0.9676800997499999,1.6453354475,NA,NA,NA,NA,Nandiala,DHS 2010,2010,Medium,Very high (≥50%),69.3%,[32.6%–92.9%],23%
Independent,BFA,136,1,0.6669784537175,0.6670803750000001,0.021548903064896204,0.62289413275,0.7077413124999999,0.08484717974999989,0.03230824465886462,0.12425469904362875,-0.6993633397500001,0.9452271224999981,NA,NA,NA,NA,Nanoro,DHS 2010,2010,High,Very high (≥50%),66.7%,[62.3%–70.8%],3%
Independent,BFA,137,1,0.7141173612625,0.7147709550000001,0.020577031854694304,0.672157632,0.7527895877499999,0.08063195574999993,0.028814636040098263,0.2892016026345123,-0.5756946719999999,1.1260477875,NA,NA,NA,NA,Pella,DHS 2010,2010,High,Very high (≥50%),71.4%,[67.2%–75.3%],3%
Independent,BFA,138,1,0.6876754776625,0.711498385,0.15843016532161616,0.33241965475,0.9253737564999998,0.5929541017499997,0.23038507329088026,0.3094294110468125,-0.9705870282499999,1.5930973275,NA,NA,NA,NA,Poa,DHS 2010,2010,Medium,Very high (≥50%),68.8%,[33.2%–92.5%],23%
Independent,BFA,139,1,0.666851501503125,0.689439435,0.16454723628975426,0.2961887455,0.92088208475,0.62469333925,0.24675244176380273,0.24026746769435925,-1.0075829825,1.505024505,NA,NA,NA,NA,Ramongo,DHS 2010,2010,Medium,Very high (≥50%),66.7%,[29.6%–92.1%],25%
Independent,BFA,140,1,0.67986232492625,0.68430345,0.07750191427528352,0.52020248025,0.8168292095,0.29662672925,0.11399648345522127,-0.15238730429637376,-0.57356254925,0.27192658074999987,NA,NA,NA,NA,Sabou,DHS 2010,2010,High,Very high (≥50%),68.0%,[52.0%–81.7%],11%
Independent,BFA,141,1,0.8319556336625,0.8323242900000001,0.013890731828305056,0.80358335825,0.8578000882499999,0.054216729999999824,0.016696481478410324,1.2307408709775,0.971768405,1.48978703,NA,NA,NA,NA,Sigle,DHS 2010,2010,High,Very high (≥50%),83.2%,[80.4%–85.8%],2%
Independent,BFA,142,1,0.7495928280525,0.777676455,0.14053854356260204,0.41570927025,0.9423437134999999,0.5266344432499999,0.18748651041356948,0.9930985443338955,0.16075271700000002,1.8129268525,NA,NA,NA,NA,Soaw,DHS 2010,2010,Medium,Very high (≥50%),75.0%,[41.6%–94.2%],19%
Independent,BFA,143,1,0.7174070271325,0.742738825,0.15313055991647892,0.36395178575000003,0.9388650337499999,0.5749132479999999,0.2134500417824828,-0.19475579581120772,-1.2800543674999998,0.9015439692499998,NA,NA,NA,NA,Sourgou,DHS 2010,2010,Medium,Very high (≥50%),71.7%,[36.4%–93.9%],21%
Independent,BFA,144,1,0.7138915284975,0.714379815,0.020521049893076137,0.67239346,0.7520101465000001,0.07961668650000009,0.02874533325289067,0.2003033921699125,-0.6047886765,1.0093745874999998,NA,NA,NA,NA,Thyou,DHS 2010,2010,High,Very high (≥50%),71.4%,[67.2%–75.2%],3%
Independent,BFA,145,1,0.80663640327375,0.83584871,0.12349385007274978,0.49501275375,0.96171681175,0.46670405800000003,0.1530972933673059,1.4074105748782375,0.55589516275,2.2364178774999997,NA,NA,NA,NA,Dassa,DHS 2010,2010,High,Very high (≥50%),80.7%,[49.5%–96.2%],15%
Independent,BFA,146,1,0.84455604488,0.845007285,0.013077595818778709,0.81714216725,0.86860086675,0.05145869950000004,0.015484580209992882,0.5091045772688164,-0.31108756225,1.3290932475,NA,NA,NA,NA,Didyr,DHS 2010,2010,High,Very high (≥50%),84.5%,[81.7%–86.9%],2%
Independent,BFA,147,1,0.7185596314775,0.743863275,0.15351748351492467,0.36685477475,0.93990117525,0.5730464005,0.21364612871344096,0.1481631546328642,-1.16016096,1.4300770074999982,NA,NA,NA,NA,Godyr,DHS 2010,2010,Medium,Very high (≥50%),71.9%,[36.7%–94.0%],21%
Independent,BFA,148,1,0.75050596527,0.750851605,0.018604839292599568,0.7131683430000001,0.7861869432499999,0.07301860024999984,0.024789728734409645,-0.04422391680057688,-0.40490565100000003,0.3256899725,NA,NA,NA,NA,Kordie,DHS 2010,2010,High,Very high (≥50%),75.1%,[71.3%–78.6%],2%
Independent,BFA,149,1,0.6727674405275,0.69670371,0.163566054465789,0.309104674,0.9228713262499999,0.6137666522499998,0.24312421293387945,-0.3995020815854066,-1.2586142425,0.4813845574999987,NA,NA,NA,NA,Kyon,DHS 2010,2010,Medium,Very high (≥50%),67.3%,[30.9%–92.3%],24%
Independent,BFA,150,1,0.7401823629885,0.7696071,0.14680058196544296,0.39748133799999996,0.943874083,0.546392745,0.19833028900166288,0.181951668970405,-1.0724498675,1.405385135,NA,NA,NA,NA,Pouni,DHS 2010,2010,Medium,Very high (≥50%),74.0%,[39.7%–94.4%],20%
Independent,BFA,151,1,0.7730631216075,0.78253945,0.07845336768992127,0.59667915375,0.8997900359999998,0.3031108822499998,0.10148377991021754,0.39031016514323374,-0.20763017599999997,0.99573359025,NA,NA,NA,NA,Réo,DHS 2010,2010,High,Very high (≥50%),77.3%,[59.7%–90.0%],10%
Independent,BFA,152,1,0.91467135887125,0.9150423649999999,0.007880208175128666,0.8979740734999999,0.9290887429999999,0.03111466949999997,0.008615343750189398,-0.007651934105995825,-0.3436619905,0.3288737662499998,NA,NA,NA,NA,Tenado,DHS 2010,2010,High,Very high (≥50%),91.5%,[89.8%–92.9%],1%
Independent,BFA,153,1,0.70194295309125,0.7025273700000001,0.020726144648533548,0.6593732875000001,0.740425432,0.08105214449999987,0.029526822026289687,-0.29266796487609836,-1.114343855,0.5099405909999997,NA,NA,NA,NA,Zamo,DHS 2010,2010,High,Very high (≥50%),70.2%,[65.9%–74.0%],3%
Independent,BFA,154,1,0.8066606322725,0.83554124,0.12111358894976863,0.49692969600000003,0.9609594959999999,0.4640297999999998,0.15014193590750932,0.3769113138317245,-0.42753424775,1.216665087499999,NA,NA,NA,NA,Zawara,DHS 2010,2010,High,Very high (≥50%),80.7%,[49.7%–96.1%],15%
Independent,BFA,155,1,0.80679932705625,0.8324849649999999,0.11975195983799601,0.50665297825,0.9607752195,0.45412224125,0.14842843297221406,0.7091576932900987,-0.10740847649999999,1.5111868699999993,NA,NA,NA,NA,Bieha,DHS 2010,2010,High,Very high (≥50%),80.7%,[50.7%–96.1%],15%
Independent,BFA,156,1,0.85594241019,0.8564332400000001,0.012260048656162115,0.8303001434999999,0.8786920795000001,0.048391936000000135,0.014323450398305022,0.23856323452601863,-0.027073658624999997,0.49932662475,NA,NA,NA,NA,Boura,DHS 2010,2010,High,Very high (≥50%),85.6%,[83.0%–87.9%],1%
Independent,BFA,157,1,0.8141652056274999,0.8253082199999999,0.07180918307754303,0.64592995499999994,0.92255065025,0.2766206952500001,0.08819976901640948,0.7472963993914338,0.21350889475000007,1.2683510499999997,NA,NA,NA,NA,Leo,DHS 2010,2010,High,Very high (≥50%),81.4%,[64.6%–92.3%],9%
Independent,BFA,158,1,0.7883829766225,0.816201945,0.12874731113793858,0.4724433535,0.9568410645000001,0.48439771100000006,0.1633055443301212,0.23895846673067875,-1.0240194249999999,1.5230202625,NA,NA,NA,NA,Nebielianayou,DHS 2010,2010,Medium,Very high (≥50%),78.8%,[47.2%–95.7%],16%
Independent,BFA,159,1,0.58261343077125,0.5827710150000001,0.024008986738761003,0.5346738660000001,0.62960313675,0.0949292707499999,0.04120911992533105,-0.45201122279086375,-1.2847949149999998,0.3703873047499999,NA,NA,NA,NA,Niabouri,DHS 2010,2010,High,Very high (≥50%),58.3%,[53.5%–63.0%],4%
Independent,BFA,160,1,0.8003431411475,0.80082611,0.01577481412491446,0.7678474887499999,0.8296337309999999,0.06178624225000007,0.019710063488889477,1.0096092339725,0.78843588725,1.2298520099999999,NA,NA,NA,NA,Silly,DHS 2010,2010,High,Very high (≥50%),80.0%,[76.8%–83.0%],2%
Independent,BFA,161,1,0.77348596874875,0.7747634,0.02455099904045161,0.7230191165,0.8182248365,0.09520572000000005,0.031740716745214115,0.24307803771246,-0.34567273574999996,0.8292996222499999,NA,NA,NA,NA,Tô,DHS 2010,2010,High,Very high (≥50%),77.3%,[72.3%–81.8%],3%
Independent,BFA,162,1,0.768108408155,0.794603195,0.1334971152002974,0.44423022824999997,0.9491893404999999,0.5049591122499999,0.17379983578224079,0.67915717663821,-0.12683687824999998,1.4853891074999994,NA,NA,NA,NA,Bakata,DHS 2010,2010,Medium,Very high (≥50%),76.8%,[44.4%–94.9%],17%
Independent,BFA,163,1,0.73792896549625,0.767269435,0.14722038589940914,0.38986619575,0.94505401125,0.5551878155000001,0.1995048206305398,0.2530460571784823,-0.9953671597499998,1.5340360399999995,NA,NA,NA,NA,Bougnounou,DHS 2010,2010,Medium,Very high (≥50%),73.8%,[39.0%–94.5%],20%
Independent,BFA,164,1,0.86489802227375,0.87900892,0.06859644912246424,0.69728874175,0.9580696065,0.26078086474999995,0.07931160362944233,1.179681831326625,0.5635515445,1.79782463,NA,NA,NA,NA,Cassou,DHS 2010,2010,High,Very high (≥50%),86.5%,[69.7%–95.8%],8%
Independent,BFA,165,1,0.75743064884375,0.7879067049999999,0.14472851825774793,0.40406009699999995,0.95031121275,0.5462511157500001,0.1910782439008537,0.2441833890997316,-1.0512691099999998,1.5476624575,NA,NA,NA,NA,Dalo,DHS 2010,2010,Medium,Very high (≥50%),75.7%,[40.4%–95.0%],19%
Independent,BFA,166,1,0.75868966360875,0.7904517900000001,0.14458259858673328,0.41249844875,0.9522798794999999,0.53978143075,0.190568826124529,0.2315272639416625,-1.09325546,1.5351398999999963,NA,NA,NA,NA,Gao,DHS 2010,2010,Medium,Very high (≥50%),75.9%,[41.2%–95.2%],19%
Independent,BFA,167,1,0.5431091497975,0.543338945,0.024955408758335868,0.493251973,0.590767338,0.09751536500000002,0.04594915914718169,-0.4006528681644575,-0.8340909209999999,0.03771671217499985,NA,NA,NA,NA,Sapouy,DHS 2010,2010,High,Very high (≥50%),54.3%,[49.3%–59.1%],5%
Independent,BFA,168,1,0.75415792496875,0.7666906,0.09338311119215076,0.53922817275,0.90008055425,0.3608523815,0.12382434514099984,0.3585853597870218,-0.17121075149999998,0.9048172757499993,NA,NA,NA,NA,Doulougou,DHS 2010,2010,High,Very high (≥50%),75.4%,[53.9%–90.0%],12%
Independent,BFA,169,1,0.5593691301225,0.5597871750000001,0.024094018030552077,0.51182410975,0.6059060227499999,0.0940819129999999,0.04307355685730381,-0.2906852099405525,-0.53526923625,-0.03545736360000006,NA,NA,NA,NA,Gaongo,DHS 2010,2010,High,Very high (≥50%),55.9%,[51.2%–60.6%],4%
Independent,BFA,170,1,0.716359808445,0.7424198049999999,0.15476879984192696,0.35730771875,0.9394250099999999,0.5821172912499999,0.21604897150481278,0.14066489646361124,-1.1547115399999999,1.4511408724999997,NA,NA,NA,NA,Ipelce,DHS 2010,2010,Medium,Very high (≥50%),71.6%,[35.7%–93.9%],22%
Independent,BFA,171,1,0.7989720286175,0.79954773,0.01599576866634471,0.7659576087500001,0.8289937964999999,0.06303618774999986,0.020020436377507434,0.20085144827204274,-0.370586376,0.7649461237499998,NA,NA,NA,NA,Kayao,DHS 2010,2010,High,Very high (≥50%),79.9%,[76.6%–82.9%],2%
Independent,BFA,172,1,0.59506326789125,0.595496325,0.035917051405045294,0.5243671034999999,0.6628318302499999,0.13846472675,0.060358374215108285,-0.39943158781294,-0.8837676564999999,0.08216154792499998,NA,NA,NA,NA,Kombissiri,DHS 2010,2010,High,Very high (≥50%),59.5%,[52.4%–66.3%],6%
Independent,BFA,173,1,0.70040515763,0.700431005,0.02087044170521668,0.6580811685,0.74014544425,0.08206427574999997,0.029797669931268294,0.14993510265846072,-0.14822467874999998,0.4511512104999999,NA,NA,NA,NA,Sapone,DHS 2010,2010,High,Very high (≥50%),70.0%,[65.8%–74.0%],3%
Independent,BFA,174,1,0.92135129592625,0.921710175,0.007263170606999707,0.90631625575,0.9345109465,0.02819469075000003,0.0078831718575898,0.8874765908655062,0.07923867610000004,1.6940514075,NA,NA,NA,NA,Toece,DHS 2010,2010,High,Very high (≥50%),92.1%,[90.6%–93.5%],1%
Independent,BFA,175,1,0.7789336309975,0.780390625,0.02815082995153332,0.719574245,0.83080739725,0.11123315224999997,0.03614021635640954,-0.85213016956875,-1.2194769625,-0.4837935462500002,NA,NA,NA,NA,Guiaro,DHS 2010,2010,High,Very high (≥50%),77.9%,[72.0%–83.1%],4%
Independent,BFA,176,1,0.44190972913875,0.441719495,0.024220210974616612,0.3955828185,0.48937209924999997,0.09378928074999998,0.05480805100584693,-0.64258315208695,-1.03144997,-0.24380536025000002,NA,NA,NA,NA,Pô,DHS 2010,2010,High,High (20-50%),44.2%,[39.6%–48.9%],5%
Independent,BFA,177,1,0.84760877595,0.84855032,0.017219220082392007,0.81111750625,0.87913215825,0.06801465200000001,0.020315056392723994,0.35180769463913875,-0.12163478375,0.8258546927499999,NA,NA,NA,NA,Tiébélé,DHS 2010,2010,High,Very high (≥50%),84.8%,[81.1%–87.9%],2%
Independent,BFA,178,1,0.624618628035,0.645641395,0.180170638890559,0.23698353200000002,0.9111139869999999,0.6741304549999999,0.2884490324237709,-0.011145249166329875,-1.4547360824999997,1.3796799025,NA,NA,NA,NA,Zecco,DHS 2010,2010,Medium,Very high (≥50%),62.5%,[23.7%–91.1%],29%
Independent,BFA,179,1,0.5834940699025,0.583521555,0.024090418937614995,0.5364983222499999,0.630154753,0.09365643075000007,0.0412864846109583,-0.3472251534330275,-1.19970397,0.47962537599999994,NA,NA,NA,NA,Ziou,DHS 2010,2010,High,Very high (≥50%),58.3%,[53.6%–63.0%],4%
Independent,BFA,180,1,0.64632072352375,0.667459185,0.16726842705572442,0.2785414115,0.9068618264999999,0.6283204149999999,0.2588009651675325,0.03984875649963808,-0.7995223564999999,0.8737199914999998,NA,NA,NA,NA,Bere,DHS 2010,2010,Medium,Very high (≥50%),64.6%,[27.9%–90.7%],26%
Independent,BFA,181,1,0.691465419636375,0.7173230500000001,0.15613929871642737,0.338860133,0.9219436012499999,0.5830834682499999,0.22580926577432792,0.3332470690604585,-0.49699774999999996,1.162482537499999,NA,NA,NA,NA,Binde,DHS 2010,2010,Medium,Very high (≥50%),69.1%,[33.9%–92.2%],23%
Independent,BFA,182,1,0.89078648069625,0.897275905,0.04077931867254556,0.7925564952499999,0.9522250160000001,0.15966852075000015,0.04577900490886652,0.6785860244825965,-0.273846728,1.6313315924999998,NA,NA,NA,NA,Gogo,DHS 2010,2010,High,Very high (≥50%),89.1%,[79.3%–95.2%],5%
Independent,BFA,183,1,0.688514138505,0.6932627600000001,0.07019993345078039,0.538579342,0.8100604032499998,0.2714810612499998,0.1019585939124046,-0.055195697392803625,-0.657469482,0.5484785207499999,NA,NA,NA,NA,Gomboussougou,DHS 2010,2010,High,Very high (≥50%),68.9%,[53.9%–81.0%],10%
Independent,BFA,184,1,0.5467109229475,0.546359715,0.02484503442947223,0.499046368,0.594745403,0.09569903499999999,0.045444554675301535,-0.21032419170103375,-1.0476791300000001,0.5940818667499994,NA,NA,NA,NA,Guiba,DHS 2010,2010,High,Very high (≥50%),54.7%,[49.9%–59.5%],5%
Independent,BFA,185,1,0.71509887839125,0.71797371,0.05391360692939341,0.60176903625,0.8115224025,0.20975336624999996,0.07539321981693253,0.05591645176311062,-0.5871664907499999,0.6949122677499998,NA,NA,NA,NA,Manga,DHS 2010,2010,High,Very high (≥50%),71.5%,[60.2%–81.2%],8%
Independent,BFA,186,1,0.68856206559,0.689029495,0.021126064119396187,0.6464144527500001,0.72896239025,0.08254793749999989,0.030681423179033464,-0.2753962838383789,-0.7400930059999999,0.18754396999999978,NA,NA,NA,NA,Nobere,DHS 2010,2010,High,Very high (≥50%),68.9%,[64.6%–72.9%],3%
Independent,BFA,187,1,0.776160446245,0.781714375,0.05784410101919497,0.64871132275,0.87428028125,0.22556895850000003,0.07452595825906864,0.537113888454325,0.1325316995,0.9396302087499999,NA,NA,NA,NA,Bilanga,DHS 2010,2010,High,Very high (≥50%),77.6%,[64.9%–87.4%],7%
Independent,BFA,188,1,0.70264982471,0.710418905,0.086928933595529,0.513069526,0.8487964005,0.33572687450000005,0.12371586889871722,0.4235559064539281,-0.19227533549999992,1.0384356275,NA,NA,NA,NA,Bogandé,DHS 2010,2010,High,Very high (≥50%),70.3%,[51.3%–84.9%],12%
Independent,BFA,189,1,0.73621028745,0.7440693949999999,0.07888895381307814,0.56166579525,0.8682333117500001,0.3065675165,0.10715546245125775,0.1591743904988925,-0.8344870357499999,1.1739464499999999,NA,NA,NA,NA,Koalla,DHS 2010,2010,High,Very high (≥50%),73.6%,[56.2%–86.8%],11%
Independent,BFA,190,1,0.79863198157625,0.799335495,0.015817201016263133,0.7657123145,0.8281733257499999,0.06246101124999992,0.019805368907271807,0.17299781473985326,-0.68141287025,0.9921790097499998,NA,NA,NA,NA,Liptougou,DHS 2010,2010,High,Very high (≥50%),79.9%,[76.6%–82.8%],2%
Independent,BFA,191,1,0.7760544500325,0.7766276,0.01726033503746648,0.740747615,0.8082299379999999,0.0674823229999999,0.022241139183911185,1.2031024994475,0.7436868577499999,1.7048884299999998,NA,NA,NA,NA,Mani,DHS 2010,2010,High,Very high (≥50%),77.6%,[74.1%–80.8%],2%
Independent,BFA,192,1,0.7389696674225,0.73952543,0.01905949460726052,0.7008227395,0.7748342965000001,0.07401155700000017,0.02579198504011587,0.5586949965991375,0.26103295750000005,0.8686866672499999,NA,NA,NA,NA,Piéla,DHS 2010,2010,High,Very high (≥50%),73.9%,[70.1%–77.5%],3%
Independent,BFA,193,1,0.70364619658825,0.72896473,0.15342181095491836,0.35651715474999995,0.9287325584999999,0.57221540375,0.21803828642691522,0.521644597190975,-0.31612014775,1.3573975299999992,NA,NA,NA,NA,Thion,DHS 2010,2010,Medium,Very high (≥50%),70.4%,[35.7%–92.9%],22%
Independent,BFA,194,1,0.62821922205375,0.630356795,0.05644603984969486,0.5125921569999999,0.73395973075,0.22136757375000005,0.08985086394708466,-0.20019715757735226,-1.0526679275,0.6664570009999995,NA,NA,NA,NA,Diabo,DHS 2010,2010,High,Very high (≥50%),62.8%,[51.3%–73.4%],9%
Independent,BFA,195,1,0.69993803505625,0.700442125,0.020423148624806608,0.65951912475,0.7388513735,0.07933224875,0.029178509527868875,-0.01707678493715561,-0.85118685825,0.7871684767499996,NA,NA,NA,NA,Diapangou,DHS 2010,2010,High,Very high (≥50%),70.0%,[66.0%–73.9%],3%
Independent,BFA,196,1,0.657815155115,0.661120395,0.062470136244426676,0.52713176,0.7714503272499998,0.2443185672499999,0.09496609459158109,0.0079934086359420755,-0.38010159025,0.3968013042499998,NA,NA,NA,NA,Fada N'gourma,DHS 2010,2010,High,Very high (≥50%),65.8%,[52.7%–77.1%],9%
Independent,BFA,197,1,0.74052634331125,0.75558001,0.10843999967547945,0.4878303395,0.9063555095,0.41852517,0.1464363836006049,-0.3673108753790931,-1.4462806325,0.6912730737499997,NA,NA,NA,NA,Matiacoali,DHS 2010,2010,High,Very high (≥50%),74.1%,[48.8%–90.6%],15%
Independent,BFA,198,1,0.83198602512625,0.832504585,0.013836997685891245,0.80352803525,0.85762609425,0.054098058999999976,0.016631286185115363,0.84445083430375,0.5647377587499999,1.1314829849999999,NA,NA,NA,NA,Tibga,DHS 2010,2010,High,Very high (≥50%),83.2%,[80.4%–85.8%],2%
Independent,BFA,199,1,0.60339574423375,0.603611195,0.02392348422407328,0.5557700442499999,0.64996441175,0.0941943675000001,0.03964808246112777,-0.3014226612842382,-0.66078962025,0.07225569972499996,NA,NA,NA,NA,Yamba,DHS 2010,2010,High,Very high (≥50%),60.3%,[55.6%–65.0%],4%
Independent,BFA,200,1,0.420926764835,0.421034555,0.024224385443519954,0.37410981425,0.46881735950000003,0.09470754525000002,0.05755011908785539,-0.8224211158213589,-1.6611745974999998,0.01891126289999992,NA,NA,NA,NA,Bartiébougou,DHS 2010,2010,High,High (20-50%),42.1%,[37.4%–46.9%],6%
Independent,BFA,201,1,0.79313759660375,0.822460645,0.13109119642585962,0.46675415175,0.96118991375,0.49443576199999995,0.1652817833717603,-0.21530111967839874,-1.53195951,1.0685402774999984,NA,NA,NA,NA,Foutouri,DHS 2010,2010,Medium,Very high (≥50%),79.3%,[46.7%–96.1%],17%
Independent,BFA,202,1,0.4165373915925,0.41631172,0.023963459156523648,0.37014485725,0.46415927650000005,0.09401441925000004,0.05753015129063656,-0.7690280396142063,-1.5828374525000002,0.049064703324999584,NA,NA,NA,NA,Gayéri,DHS 2010,2010,High,High (20-50%),41.7%,[37.0%–46.4%],6%
Independent,BFA,203,1,0.70992092279825,0.741550115,0.16789705074473754,0.32006071049999996,0.945001566,0.6249408555,0.2365010599813687,-0.12715051220008625,-1.58604741,1.3161288899999999,NA,NA,NA,NA,Kompienga,DHS 2010,2010,Medium,Very high (≥50%),71.0%,[32.0%–94.5%],24%
Independent,BFA,204,1,0.83761722577875,0.86940357,0.12018803917923221,0.5224521925000001,0.9753820575,0.4529298649999999,0.14348802230934413,-0.21562025621258438,-1.6663944274999998,1.2204127974999999,NA,NA,NA,NA,Madjoari,DHS 2010,2010,High,Very high (≥50%),83.8%,[52.2%–97.5%],14%
Independent,BFA,205,1,0.66817118201,0.67055982,0.05630828222259756,0.55188771025,0.77132839975,0.21944068949999995,0.08427224001671302,-0.7815392031996131,-1.679465955,0.11603529799999976,NA,NA,NA,NA,Pama,DHS 2010,2010,High,Very high (≥50%),66.8%,[55.2%–77.1%],8%
Independent,BFA,206,1,0.71461165134375,0.715244285,0.020756317352411836,0.67367395,0.7544625319999999,0.08078858199999994,0.02904559044535843,-0.38460369197872635,-1.2783177074999998,0.4999290364999996,NA,NA,NA,NA,Botou,DHS 2010,2010,High,Very high (≥50%),71.5%,[67.4%–75.4%],3%
Independent,BFA,207,1,0.7565485172925001,0.758377465,0.03483103744387321,0.68345928675,0.8193357499999999,0.1358764632499999,0.04603939687638921,-0.5232156050593875,-1.4082597374999999,0.3425230932499997,NA,NA,NA,NA,Diapaga,DHS 2010,2010,High,Very high (≥50%),75.7%,[68.3%–81.9%],5%
Independent,BFA,208,1,0.62482551412125,0.63022354,0.1156666461701927,0.38422250575000005,0.8270938649999999,0.4428713592499999,0.18511831472321585,-0.6640325972596506,-1.728294195,0.40704402449999966,NA,NA,NA,NA,Kantchari,DHS 2010,2010,Medium,Very high (≥50%),62.5%,[38.4%–82.7%],19%
Independent,BFA,209,1,0.768940835437875,0.79734874,0.1397524108669415,0.43448140225000004,0.9556989785000001,0.52121757625,0.18174663696636584,-0.22500845215090862,-1.5194382399999997,1.08319199,NA,NA,NA,NA,Logobou,DHS 2010,2010,Medium,Very high (≥50%),76.9%,[43.4%–95.6%],18%
Independent,BFA,210,1,0.540144957626125,0.55018879,0.1950775371060613,0.16364876025000002,0.878322554,0.7146737937500001,0.36115774914090587,-0.232222877022845,-1.6635429824999999,1.1793573825,NA,NA,NA,NA,Namounou,DHS 2010,2010,Low,Very high (≥50%),54.0%,[16.4%–87.8%],36%
Independent,BFA,211,1,0.71749452252375,0.7179636899999999,0.020013896694808807,0.6774828445000001,0.7554617610000001,0.0779789165,0.027894145622758146,-0.28621031505324873,-1.14474386,0.5491408927499999,NA,NA,NA,NA,Partiaga,DHS 2010,2010,High,Very high (≥50%),71.7%,[67.7%–75.5%],3%
Independent,BFA,212,1,0.78454061231375,0.7849490699999999,0.016979718962519017,0.750588198,0.816199015,0.06561081700000004,0.02164288080950048,-0.05819992649173175,-0.9296922307500001,0.8121012949999996,NA,NA,NA,NA,Tambaga,DHS 2010,2010,High,Very high (≥50%),78.5%,[75.1%–81.6%],2%
Independent,BFA,213,1,0.672354008693125,0.697426925,0.17034493768378933,0.29593241475000004,0.9268417725,0.63090935775,0.25335602298987403,-0.235543382044505,-1.622678355,1.1274215624999993,NA,NA,NA,NA,Tansarga,DHS 2010,2010,Medium,Very high (≥50%),67.2%,[29.6%–92.7%],25%
Independent,BFA,214,1,0.69767370302,0.704936165,0.0814346310879405,0.52061893525,0.8377702217499999,0.3171512864999999,0.11672309094557637,-0.3008893347772381,-0.84241494775,0.2185425497499999,NA,NA,NA,NA,Bama,DHS 2010,2010,High,Very high (≥50%),69.8%,[52.1%–83.8%],12%
Independent,BFA,215,1,0.3445252279075,0.340092915,0.07874142455110551,0.20421331125,0.5091302725,0.30491696125,0.22855053323481564,-1.1402118120887508,-1.9057280675000001,-0.3904250447500008,NA,NA,NA,NA,Bobo-Dioulasso,DHS 2010,2010,Medium,High (20-50%),34.5%,[20.4%–50.9%],23%
Independent,BFA,216,1,0.667931261095375,0.691294995,0.1670493215004802,0.29649289925,0.919594823,0.62310192375,0.25009957046557063,-0.3612060576711367,-1.762542125,0.9888331667499999,NA,NA,NA,NA,Dandé,DHS 2010,2010,Medium,Very high (≥50%),66.8%,[29.6%–92.0%],25%
Independent,BFA,217,1,0.58403571893375,0.58425496,0.024237358397335394,0.53696175,0.63186426175,0.09490251174999997,0.04149978778966558,-0.5722214099440438,-1.0463546350000001,-0.143437786,NA,NA,NA,NA,Faramana,DHS 2010,2010,High,Very high (≥50%),58.4%,[53.7%–63.2%],4%
Independent,BFA,218,1,0.76769215272125,0.76828337,0.017988198574248604,0.7305410765,0.8015353165,0.07099423999999999,0.02343152591893191,-0.011922794378598625,-0.9381833900000001,0.8842026845,NA,NA,NA,NA,Fo,DHS 2010,2010,High,Very high (≥50%),76.8%,[73.1%–80.2%],2%
Independent,BFA,219,1,0.643394939375125,0.6642033700000001,0.1668154040494639,0.27811891549999995,0.9089507024999999,0.630831787,0.2592737272871272,-0.46310057126122123,-1.8121809899999999,0.8977373394999998,NA,NA,NA,NA,Karankasso-Sambla,DHS 2010,2010,Medium,Very high (≥50%),64.3%,[27.8%–90.9%],26%
Independent,BFA,220,1,0.81858902193375,0.8322481450000001,0.08241890716412092,0.6206615925,0.9375512467499999,0.31688965424999993,0.10068411004269642,0.3566031030235114,-0.39594158574999994,1.10483736,NA,NA,NA,NA,Karankasso-Vigué,DHS 2010,2010,High,Very high (≥50%),81.9%,[62.1%–93.8%],10%
Independent,BFA,221,1,0.726593558985,0.7267318300000001,0.019562339431805784,0.6878174785000001,0.7640694269999999,0.07625194849999983,0.026923359269978932,-0.2050325704607575,-1.09975976,0.6961788107499997,NA,NA,NA,NA,Koundougou,DHS 2010,2010,High,Very high (≥50%),72.7%,[68.8%–76.4%],3%
Independent,BFA,222,1,0.672433870448625,0.6924026050000001,0.15802561298275122,0.32149180450000003,0.9179559545,0.59646415,0.23500543313994862,-0.7167947703194962,-1.5457752799999998,0.13816864474999965,NA,NA,NA,NA,Lena,DHS 2010,2010,Medium,Very high (≥50%),67.2%,[32.1%–91.8%],24%
Independent,BFA,223,1,0.81872219106625,0.828982125,0.07088667726247916,0.6532197705,0.9268771059999998,0.2736573354999998,0.08658208857165701,-0.030077893245800125,-0.5983567535000001,0.5300979939999998,NA,NA,NA,NA,Padéma,DHS 2010,2010,High,Very high (≥50%),81.9%,[65.3%–92.7%],9%
Independent,BFA,224,1,0.78715513591875,0.7875310799999999,0.01661384492581311,0.7535701260000001,0.8187134322499999,0.06514330624999987,0.021106188815527196,0.020685686769658124,-0.48272911074999997,0.4802039052499999,NA,NA,NA,NA,Peni,DHS 2010,2010,High,Very high (≥50%),78.7%,[75.4%–81.9%],2%
Independent,BFA,225,1,0.781156204005,0.7817268150000001,0.016901728969836365,0.746637876,0.81301237775,0.06637450175000004,0.021636810772520193,-0.08469896883993025,-0.9331504362499999,0.7656987372499999,NA,NA,NA,NA,Satiri,DHS 2010,2010,High,Very high (≥50%),78.1%,[74.7%–81.3%],2%
Independent,BFA,226,1,0.6485389407,0.67098024,0.17281793773015458,0.2668330185,0.9139605342499998,0.6471275157499998,0.2664727233550906,0.49288244195331377,-0.5247789915000001,1.4808928024999999,NA,NA,NA,NA,Toussiana,DHS 2010,2010,Medium,Very high (≥50%),64.9%,[26.7%–91.4%],27%
Independent,BFA,227,1,0.557135350065875,0.56793391,0.18711438199243902,0.18960626325000002,0.87531999225,0.6857137289999999,0.33585085198832715,-0.5055713788925785,-1.9490174975,0.8878818262499996,NA,NA,NA,NA,Banzon,DHS 2010,2010,Low,Very high (≥50%),55.7%,[19.0%–87.5%],34%
Independent,BFA,228,1,0.6195053662815,0.6351843749999999,0.17335001168320047,0.25839120325000003,0.8995042164999998,0.6411130132499998,0.27982003242959985,-0.5451003800388757,-1.8946583925,0.7768454342499992,NA,NA,NA,NA,Djigouera,DHS 2010,2010,Medium,Very high (≥50%),62.0%,[25.8%–90.0%],28%
Independent,BFA,229,1,0.60856141832375,0.61135511,0.07735878280455026,0.4479293565,0.7513963412500001,0.3034669847500001,0.12711746173070076,-0.3999304242518825,-1.4918623899999999,0.6976842002499992,NA,NA,NA,NA,Kangala,DHS 2010,2010,High,Very high (≥50%),60.9%,[44.8%–75.1%],13%
Independent,BFA,230,1,0.687380541211125,0.71275879,0.16247336794430808,0.30935971375,0.9300440985,0.6206843847500001,0.23636596936253002,-0.3742837561453059,-1.7168173825,0.9314757127499996,NA,NA,NA,NA,Kayan,DHS 2010,2010,Medium,Very high (≥50%),68.7%,[30.9%–93.0%],24%
Independent,BFA,231,1,0.639082883171125,0.6550124900000001,0.17268273023111394,0.26743176600000007,0.91100662375,0.6435748577499999,0.2702039669318999,-0.50920177687034,-1.8933816349999997,0.8466526927499999,NA,NA,NA,NA,Koloko,DHS 2010,2010,Medium,Very high (≥50%),63.9%,[26.7%–91.1%],27%
Independent,BFA,232,1,0.1473671567925,0.146963955,0.012371714565243887,0.12381575924999999,0.17289623949999997,0.049080480249999975,0.08395164047755804,-1.77107877667425,-2.7758327575,-0.7531259772500002,NA,NA,NA,NA,Kourinion,DHS 2010,2010,High,Moderate (5-20%),14.7%,[12.4%–17.3%],8%
Independent,BFA,233,1,0.60055989462,0.600848455,0.024332649654920414,0.55204579025,0.6472965964999999,0.09525080624999993,0.040516607707074284,-0.6460744620356025,-1.5646180325,0.27585349149999944,NA,NA,NA,NA,Kourouma,DHS 2010,2010,High,Very high (≥50%),60.1%,[55.2%–64.7%],4%
Independent,BFA,234,1,0.710013377635,0.73630768,0.16055173526918395,0.33714111825,0.9404996725,0.60335855425,0.22612494401720915,-0.5098314079680775,-2.0016037175,0.9169817397499991,NA,NA,NA,NA,Morolaba,DHS 2010,2010,Medium,Very high (≥50%),71.0%,[33.7%–94.0%],23%
Independent,BFA,235,1,0.4049863316175,0.4049056,0.02416642121690718,0.3588020445,0.45313776625,0.09433572175000005,0.05967218972647154,-1.1861180099472626,-2.1572686375,-0.2564704322500001,NA,NA,NA,NA,N'dorola,DHS 2010,2010,High,High (20-50%),40.5%,[35.9%–45.3%],6%
Independent,BFA,236,1,0.46200920179325,0.45777842,0.19127707163497407,0.1311255375,0.8242136342499997,0.6930880967499997,0.4140113895839047,-0.72765338947252,-1.96036635,0.4871583917499994,NA,NA,NA,NA,Orodara,DHS 2010,2010,Low,High (20-50%),46.2%,[13.1%–82.4%],41%
Independent,BFA,237,1,0.6219242854195,0.639073405,0.17710671675450013,0.24557321675,0.9052307665,0.65965754975,0.2847721513801929,-0.5971888394328275,-2.020108685,0.8043323634999974,NA,NA,NA,NA,Samogohiri,DHS 2010,2010,Medium,Very high (≥50%),62.2%,[24.6%–90.5%],28%
Independent,BFA,238,1,0.72919246440375,0.729337205,0.01957850536330296,0.6900527895,0.76658161325,0.07652882374999992,0.026849571709866776,-0.8085678941069275,-1.4174438,-0.2932429165000003,NA,NA,NA,NA,Samorogouan,DHS 2010,2010,High,Very high (≥50%),72.9%,[69.0%–76.7%],3%
Independent,BFA,239,1,0.82182235876,0.82223289,0.014472265667968139,0.7927131884999999,0.8487787969999999,0.056065608499999975,0.01760996827806498,-0.13202012223454376,-1.14189939,0.8460031937499999,NA,NA,NA,NA,Sindo,DHS 2010,2010,High,Very high (≥50%),82.2%,[79.3%–84.9%],2%
Independent,BFA,240,1,0.700457166791625,0.72423293,0.15283501264638316,0.34489794175,0.9296554174999999,0.5847574757499999,0.21819323135264485,-0.504760036348137,-1.331332725,0.34515711499999985,NA,NA,NA,NA,Bekuy,DHS 2010,2010,Medium,Very high (≥50%),70.0%,[34.5%–93.0%],22%
Independent,BFA,241,1,0.71205633962375,0.73801381,0.15037445684116593,0.365567015,0.930953341,0.565386326,0.21118336917079295,-0.1205183798660425,-0.93698003725,0.6904029604999989,NA,NA,NA,NA,Bereba,DHS 2010,2010,Medium,Very high (≥50%),71.2%,[36.6%–93.1%],21%
Independent,BFA,242,1,0.73286790242125,0.7333127399999999,0.020075660706280016,0.692078918,0.7713383837500001,0.07925946575000009,0.027393286893796304,-0.14175366631437475,-0.9847536432499999,0.6893402985,NA,NA,NA,NA,Boni,DHS 2010,2010,High,Very high (≥50%),73.3%,[69.2%–77.1%],3%
Independent,BFA,243,1,0.81679125279375,0.8172964300000001,0.014711776708324537,0.78695292275,0.8444670842499999,0.057514161499999994,0.018011672698507026,0.1279030754676276,-0.7254063249999999,0.9716003842499998,NA,NA,NA,NA,Founzan,DHS 2010,2010,High,Very high (≥50%),81.7%,[78.7%–84.4%],2%
Independent,BFA,244,1,0.69445646093875,0.69821015,0.06806599299065427,0.5519988907500001,0.81245787725,0.2604589864999999,0.09801333390813911,-0.5262347061193775,-1.0932344725,0.041503630874999656,NA,NA,NA,NA,Houndé,DHS 2010,2010,High,Very high (≥50%),69.4%,[55.2%–81.2%],10%
Independent,BFA,245,1,0.81741516299,0.818066085,0.014636166007682905,0.787243856,0.84421154325,0.05696768725000001,0.017905425138121593,0.12605485281551376,-0.72165781,0.9552920862499998,NA,NA,NA,NA,Koti,DHS 2010,2010,High,Very high (≥50%),81.7%,[78.7%–84.4%],2%
Independent,BFA,246,1,0.8317243294,0.832158095,0.014076788100948224,0.803175239,0.8579876814999999,0.05481244249999995,0.0169248242516882,-0.5836542673598974,-1.1784125925,-0.005052669645000022,NA,NA,NA,NA,Koumbia,DHS 2010,2010,High,Very high (≥50%),83.2%,[80.3%–85.8%],2%
Independent,BFA,247,1,0.76529344482625,0.793932245,0.14137959007567216,0.416354124,0.952467069,0.536112945,0.1847390579802635,0.05045865630031941,-1.2678430375,1.3871865199999998,NA,NA,NA,NA,Banh,DHS 2010,2010,Medium,Very high (≥50%),76.5%,[41.6%–95.2%],18%
Independent,BFA,248,1,0.53704122190125,0.53692422,0.02515251874313574,0.48731432925,0.58694424325,0.09962991400000004,0.04683535959137366,-0.4502402968267336,-1.291337115,0.39553958274999884,NA,NA,NA,NA,Ouindigui,DHS 2010,2010,High,Very high (≥50%),53.7%,[48.7%–58.7%],5%
Independent,BFA,249,1,0.72813319554875,0.758543815,0.15430263701557426,0.36066682125000005,0.94347674875,0.5828099274999999,0.21191539948853133,0.1052220891192625,-1.2501828825,1.4555383499999983,NA,NA,NA,NA,Solle,DHS 2010,2010,Medium,Very high (≥50%),72.8%,[36.1%–94.3%],21%
Independent,BFA,250,1,0.663809285755,0.66531561,0.05509057890539071,0.55114170675,0.7647353307499999,0.21359362399999993,0.08299157617647977,-0.09893260279301637,-0.95572820225,0.7883421947499999,NA,NA,NA,NA,Titao,DHS 2010,2010,High,Very high (≥50%),66.4%,[55.1%–76.5%],8%
Independent,BFA,251,1,0.7634536668925,0.764218365,0.01806126723503278,0.7262511282499999,0.797174325,0.07092319675000003,0.023657319387236555,0.57673747945591,0.028753038825000014,1.1347230499999996,NA,NA,NA,NA,Arbolle,DHS 2010,2010,High,Very high (≥50%),76.3%,[72.6%–79.7%],2%
Independent,BFA,252,1,0.72953758796375,0.758987715,0.15281707374409306,0.36982251775,0.9433755375,0.5735530197500001,0.2094711448256267,0.09659383867057125,-1.2134120075000001,1.4023780049999999,NA,NA,NA,NA,Bagare,DHS 2010,2010,Medium,Very high (≥50%),73.0%,[37.0%–94.3%],21%
Independent,BFA,253,1,0.7853471517675,0.785947155,0.016563425470298983,0.75177619125,0.81627213775,0.06449594650000001,0.02109057813862492,0.5853776655197812,0.007807948262500007,1.1815933399999998,NA,NA,NA,NA,Bokin,DHS 2010,2010,High,Very high (≥50%),78.5%,[75.2%–81.6%],2%
Independent,BFA,254,1,0.68350316576375,0.7067058049999999,0.15856757481207107,0.32700962000000006,0.9201434865,0.5931338664999999,0.23199245117597492,0.22529359922673262,-0.625420059,1.0740132749999998,NA,NA,NA,NA,Gomponsom,DHS 2010,2010,Medium,Very high (≥50%),68.4%,[32.7%–92.0%],23%
Independent,BFA,255,1,0.64311653192375,0.6435421400000001,0.023031464270153738,0.59785547375,0.6871484457499999,0.08929297199999986,0.035812272157364516,-0.02441636228748125,-0.852159717,0.7892613779999998,NA,NA,NA,NA,Kirsi,DHS 2010,2010,High,Very high (≥50%),64.3%,[59.8%–68.7%],4%
Independent,BFA,256,1,0.674182930994125,0.69928711,0.1658594243221278,0.3031423435,0.9251801040000001,0.6220377605,0.24601546063700797,0.1278382336521375,-1.1573296875,1.4590467099999995,NA,NA,NA,NA,Lâ-Todin,DHS 2010,2010,Medium,Very high (≥50%),67.4%,[30.3%–92.5%],25%
Independent,BFA,257,1,0.66451457626675,0.685140395,0.1622360824418061,0.30928001725000004,0.91128990975,0.6020098924999999,0.24414224794473302,-0.0639618693975234,-0.8985987522500001,0.7728407599999995,NA,NA,NA,NA,Pilimpikou,DHS 2010,2010,Medium,Very high (≥50%),66.5%,[30.9%–91.1%],24%
Independent,BFA,258,1,0.63722798702,0.6374750549999999,0.022677683678694573,0.5916454002499999,0.680679537,0.08903413675000005,0.03558802209040893,-0.01961334073726625,-0.85796063,0.8172092884999995,NA,NA,NA,NA,Samba,DHS 2010,2010,High,Very high (≥50%),63.7%,[59.2%–68.1%],4%
Independent,BFA,259,1,0.5665275136475,0.5684350899999999,0.07643142331878015,0.41193194575000003,0.71060760925,0.29867566349999997,0.13491211190554228,-0.15874689339030212,-0.7989874665,0.5153509474999997,NA,NA,NA,NA,Yako,DHS 2010,2010,High,Very high (≥50%),56.7%,[41.2%–71.1%],13%
Independent,BFA,260,1,0.43103511312375,0.43102883999999997,0.024682337028749893,0.38331214649999995,0.4803158715,0.09700372500000004,0.0572629381626819,-0.348932699096005,-1.2088276574999999,0.50658616775,NA,NA,NA,NA,Barga,DHS 2010,2010,High,High (20-50%),43.1%,[38.3%–48.0%],6%
Independent,BFA,261,1,0.669010514360375,0.694720175,0.1745325850014727,0.28250577450000003,0.93063003025,0.64812425575,0.26088167712631416,0.037129307589427,-1.39449834,1.4662152324999997,NA,NA,NA,NA,Kaïn,DHS 2010,2010,Medium,Very high (≥50%),66.9%,[28.3%–93.1%],26%
Independent,BFA,262,1,0.5799726967775,0.58021275,0.02396335679185036,0.53323256825,0.6267296395,0.09349707125000006,0.04131807742846839,-0.4703851270539975,-1.0679427625,0.12995664999999998,NA,NA,NA,NA,Kalsaka,DHS 2010,2010,High,Very high (≥50%),58.0%,[53.3%–62.7%],4%
Independent,BFA,263,1,0.5905170892325,0.59022592,0.023743831803056097,0.54386537025,0.6374538049999999,0.0935884347499999,0.04020854304812102,-0.37201665795717126,-0.67813690125,-0.05146023620000004,NA,NA,NA,NA,Kossouka,DHS 2010,2010,High,Very high (≥50%),59.1%,[54.4%–63.7%],4%
Independent,BFA,264,1,0.650019846905125,0.6707426750000001,0.1690726600427141,0.28363259825,0.9123543222500001,0.6287217240000001,0.26010384274834525,0.0012932428269474994,-1.2952674924999998,1.2996081674999995,NA,NA,NA,NA,Koumbri,DHS 2010,2010,Medium,Very high (≥50%),65.0%,[28.4%–91.2%],26%
Independent,BFA,265,1,0.5015262065175,0.50187214,0.024521012277765656,0.4524761185,0.5483129317500001,0.09583681325000004,0.0488927835855972,-0.5959623078671125,-0.984334715,-0.18771598025000003,NA,NA,NA,NA,Namissiguima,DHS 2010,2010,High,Very high (≥50%),50.2%,[45.2%–54.8%],5%
Independent,BFA,266,1,0.2730414094775,0.2687279,0.057257626718635345,0.17409824475,0.39632134925,0.22222310450000002,0.2097030879975503,-0.7388509221575625,-1.51649055,0.014423804824999782,NA,NA,NA,NA,Ouahigouya,DHS 2010,2010,Medium,High (20-50%),27.3%,[17.4%–39.6%],21%
Independent,BFA,267,1,0.60271000471875,0.60868491,0.09588747164417885,0.4045132675,0.7798804592499999,0.37536719174999994,0.1590938774758252,-0.2695366437228,-0.8697355849999999,0.3487899084999998,NA,NA,NA,NA,Oula,DHS 2010,2010,High,Very high (≥50%),60.3%,[40.5%–78.0%],16%
Independent,BFA,268,1,0.53040831485,0.530685485,0.024767989657007952,0.48229262975,0.57920624075,0.09691361100000007,0.04669608104468039,-0.6688591278709213,-1.1952552200000002,-0.1337705500000003,NA,NA,NA,NA,Rambo,DHS 2010,2010,High,Very high (≥50%),53.0%,[48.2%–57.9%],5%
Independent,BFA,269,1,0.8826356672,0.888058,0.0398716091300234,0.7907852295,0.94439286475,0.15360763524999999,0.04517334910848184,0.7835648493624288,0.011939274900000033,1.5660408199999998,NA,NA,NA,NA,Seguenega,DHS 2010,2010,High,Very high (≥50%),88.3%,[79.1%–94.4%],5%
Independent,BFA,270,1,0.65998354274875,0.660658185,0.03392067607340143,0.59173114325,0.7226129739999999,0.13088183074999993,0.05139624532473339,-0.09544586285957363,-0.93639254025,0.7699315859999999,NA,NA,NA,NA,Tangaye,DHS 2010,2010,High,Very high (≥50%),66.0%,[59.2%–72.3%],5%
Independent,BFA,271,1,0.709721697441875,0.73686496,0.15710855807117613,0.34833389025000006,0.93778431475,0.5894504245,0.2213664294574326,0.024057171078835725,-1.26678831,1.3161399774999998,NA,NA,NA,NA,Thiou,DHS 2010,2010,Medium,Very high (≥50%),71.0%,[34.8%–93.8%],22%
Independent,BFA,272,1,0.6472603908895,0.669195185,0.1733437125688952,0.2706108125,0.9158404964999999,0.6452296839999998,0.2678114017307269,0.0011980103959404996,-1.32178403,1.3178449499999996,NA,NA,NA,NA,Zogore,DHS 2010,2010,Medium,Very high (≥50%),64.7%,[27.1%–91.6%],27%
Independent,BFA,273,1,0.61748747085475,0.634865395,0.17466948132029775,0.25000482,0.8976778122499997,0.6476729922499996,0.28287129628478697,0.0233779278999024,-1.2484045799999999,1.3230238999999993,NA,NA,NA,NA,Bassi,DHS 2010,2010,Medium,Very high (≥50%),61.7%,[25.0%–89.8%],28%
Independent,BFA,274,1,0.91463010375375,0.91484769,0.007773063659191887,0.8983345365,0.9290450235000001,0.03071048700000012,0.008498587163587024,0.71853455544,0.44456898575000003,1.0045155625,NA,NA,NA,NA,Boussou,DHS 2010,2010,High,Very high (≥50%),91.5%,[89.8%–92.9%],1%
Independent,BFA,275,1,0.49982612299,0.500350555,0.05201674670509624,0.39896859475,0.6004442342499999,0.20147563949999991,0.10406968406118489,-0.2495330800803825,-0.83479419725,0.3411409449999998,NA,NA,NA,NA,Gourcy,DHS 2010,2010,High,High (20-50%),50.0%,[39.9%–60.0%],10%
Independent,BFA,276,1,0.631176561105125,0.650357345,0.17206181228694145,0.25895418200000003,0.9045140425,0.6455598604999999,0.27260488251604115,-0.005080405174731999,-1.31828621,1.3092500224999994,NA,NA,NA,NA,Léba,DHS 2010,2010,Medium,Very high (≥50%),63.1%,[25.9%–90.5%],27%
Independent,BFA,277,1,0.76333396568125,0.76379184,0.01761066007998399,0.7281768627499999,0.79662229075,0.06844542800000009,0.0230707146173786,0.3110315600610975,-0.51717359175,1.1303580074999997,NA,NA,NA,NA,Tougo,DHS 2010,2010,High,Very high (≥50%),76.3%,[72.8%–79.7%],2%
Independent,BFA,278,1,0.59833822551625,0.59949302,0.038437079421093145,0.5215782619999999,0.67105036375,0.14947210175000014,0.06423971891137223,-0.2770016516378461,-0.7153857600000001,0.16780047049999958,NA,NA,NA,NA,Boudry,DHS 2010,2010,High,Very high (≥50%),59.8%,[52.2%–67.1%],6%
Independent,BFA,279,1,0.642453413068625,0.662535035,0.16738994269890922,0.281429363,0.90733815775,0.62590879475,0.26054798572768906,0.20139758412116,-0.63114155475,1.0384593,NA,NA,NA,NA,Kogho,DHS 2010,2010,Medium,Very high (≥50%),64.2%,[28.1%–90.7%],26%
Independent,BFA,280,1,0.731927297805,0.73242133,0.019194520086677016,0.692947493,0.7679208110000001,0.07497331800000007,0.026224626604636925,-0.06409264301160363,-0.30005293,0.1849635135,NA,NA,NA,NA,Méguet,DHS 2010,2010,High,Very high (≥50%),73.2%,[69.3%–76.8%],3%
Independent,BFA,281,1,0.8292550594175,0.83325286,0.04091201059340789,0.736768343,0.8973906055,0.1606222625,0.04933585888779024,0.5787436434386075,-0.31476014425000004,1.4770254849999993,NA,NA,NA,NA,Mogtédo,DHS 2010,2010,High,Very high (≥50%),82.9%,[73.7%–89.7%],5%
Independent,BFA,282,1,0.703591457251,0.725736215,0.15166216371813454,0.36052799350000003,0.9299963402499999,0.5694683467499999,0.2155542995230404,0.3052642658031135,-0.499063929,1.1340848774999999,NA,NA,NA,NA,Salogo,DHS 2010,2010,Medium,Very high (≥50%),70.4%,[36.1%–93.0%],22%
Independent,BFA,283,1,0.8555105074425,0.85582985,0.01234552787401519,0.830487412,0.87804104025,0.04755362824999998,0.014430597598294197,1.02791805670125,0.78436862275,1.2853857574999998,NA,NA,NA,NA,Zam,DHS 2010,2010,High,Very high (≥50%),85.6%,[83.0%–87.8%],1%
Independent,BFA,284,1,0.47962989309375,0.478707865,0.07394442991502834,0.3381197905,0.6244558794999999,0.2863360889999999,0.154169769190293,0.17246048256566462,-0.4137743555,0.7603343302499999,NA,NA,NA,NA,Zorgho,DHS 2010,2010,High,High (20-50%),48.0%,[33.8%–62.4%],15%
Independent,BFA,285,1,0.80390414536625,0.80421291,0.015537722749287353,0.77245883775,0.83304789,0.06058905225,0.019327830113636913,0.058778357998296574,-0.233734732,0.3547220514999999,NA,NA,NA,NA,Zoungou,DHS 2010,2010,High,Very high (≥50%),80.4%,[77.2%–83.3%],2%
Independent,BFA,286,1,0.64601531370625,0.648438135,0.056693701590823785,0.52848930775,0.75127338125,0.22278407349999996,0.08775906760718526,-0.1929674062260105,-0.5974078812499999,0.206926422,NA,NA,NA,NA,Boussé,DHS 2010,2010,High,Very high (≥50%),64.6%,[52.8%–75.1%],9%
Independent,BFA,287,1,0.719727135365,0.74642176,0.15045337369923006,0.364511743,0.9367150147500001,0.5722032717500001,0.20904224157524595,0.7761300469442006,-0.046332803099999986,1.6173681049999995,NA,NA,NA,NA,Laye,DHS 2010,2010,Medium,Very high (≥50%),72.0%,[36.5%–93.7%],21%
Independent,BFA,288,1,0.68942994964875,0.712542875,0.16041090127965188,0.33006875625000004,0.92658391525,0.596515159,0.23267179118252382,0.16812078315490775,-1.1147246450000001,1.43494123,NA,NA,NA,NA,Niou,DHS 2010,2010,Medium,Very high (≥50%),68.9%,[33.0%–92.7%],23%
Independent,BFA,289,1,0.3693644993525,0.36918168500000004,0.02280282668734658,0.3248996645,0.4146118455,0.089712181,0.06173529596731734,-0.6179001352195826,-1.4184521924999998,0.21029993099999975,NA,NA,NA,NA,Sourgoubila,DHS 2010,2010,High,High (20-50%),36.9%,[32.5%–41.5%],6%
Independent,BFA,290,1,0.57326528812875,0.5732847400000001,0.024580906240702707,0.5252042735,0.62150061125,0.09629633775000002,0.04287876267711864,-0.12223173886838462,-0.9698667702499999,0.7155032897499999,NA,NA,NA,NA,Toéghin,DHS 2010,2010,High,Very high (≥50%),57.3%,[52.5%–62.2%],4%
Independent,BFA,291,1,0.60112206494125,0.6009147,0.023150542471869925,0.5552372637499999,0.64645402575,0.09121676200000006,0.03851221544185459,-0.2926763298443125,-0.578503755,0.002254794229999402,NA,NA,NA,NA,Absouya,DHS 2010,2010,High,Very high (≥50%),60.1%,[55.5%–64.6%],4%
Independent,BFA,292,1,0.61771198532,0.61945388,0.07131255479233423,0.46801680575000004,0.7481824514999998,0.2801656457499998,0.11544628643621252,0.8041413203524375,0.3619723315,1.2431943599999995,NA,NA,NA,NA,Dapélogo,DHS 2010,2010,High,Very high (≥50%),61.8%,[46.8%–74.8%],12%
Independent,BFA,293,1,0.43144948652375,0.43143655000000003,0.02483067536535911,0.38280999725,0.47993467924999994,0.09712468199999996,0.05755175551470324,-0.321996980550549,-1.15235764,0.5245682574999996,NA,NA,NA,NA,Loumbila,DHS 2010,2010,High,High (20-50%),43.1%,[38.3%–48.0%],6%
Independent,BFA,294,1,0.59478584174625,0.5966040349999999,0.05686093101917485,0.478665478,0.70057175925,0.22190628125000006,0.0955989988803955,0.18883649354805437,-0.14467732875,0.5231194292499999,NA,NA,NA,NA,Nagreongo,DHS 2010,2010,High,Very high (≥50%),59.5%,[47.9%–70.1%],10%
Independent,BFA,295,1,0.33914309818625,0.338708125,0.022456145299103707,0.29597276475,0.38382955775,0.08785679299999999,0.06621436620470832,-0.9089384102675592,-1.7421142349999998,-0.04715588595000027,NA,NA,NA,NA,Ourgou-Manega,DHS 2010,2010,High,High (20-50%),33.9%,[29.6%–38.4%],7%
Independent,BFA,296,1,0.60243880584625,0.606404895,0.08725591640211344,0.4239798735,0.7614784345,0.337498561,0.14483780851325548,-0.09574502726565169,-0.75336406875,0.571308203,NA,NA,NA,NA,Ziniare,DHS 2010,2010,High,Very high (≥50%),60.2%,[42.4%–76.1%],14%
Independent,BFA,297,1,0.5588608665375,0.55868907,0.0418514976973633,0.477819736,0.6394396072499999,0.16161987124999994,0.07488715027885215,0.23061011248401625,-0.088699733425,0.5592010835,NA,NA,NA,NA,Zitenga,DHS 2010,2010,High,Very high (≥50%),55.9%,[47.8%–63.9%],7%
Independent,BFA,298,1,0.675607637165,0.68336492,0.0979715943758997,0.46272331025,0.8429976057499999,0.3802742954999999,0.14501256200567877,-0.3320047111099581,-1.407912465,0.7715408969999983,NA,NA,NA,NA,Deou,DHS 2010,2010,High,Very high (≥50%),67.6%,[46.3%–84.3%],15%
Independent,BFA,299,1,0.718602413175,0.71899643,0.03030763889270803,0.6567631190000001,0.77643402175,0.11967090274999992,0.042175810068323924,-0.09447702788710337,-1.0213601325,0.8479706747499995,NA,NA,NA,NA,Gorom-Gorom,DHS 2010,2010,High,Very high (≥50%),71.9%,[65.7%–77.6%],4%
Independent,BFA,300,1,0.84504013197125,0.8452624049999999,0.012895669235894493,0.818598694,0.86945092,0.050852226000000056,0.015260422254517528,0.29185267256037,-0.6307104010000001,1.2543059925,NA,NA,NA,NA,Markoye,DHS 2010,2010,High,Very high (≥50%),84.5%,[81.9%–86.9%],2%
Independent,BFA,301,1,0.83238967643125,0.8326555849999999,0.013663307005737497,0.80452495775,0.85812879925,0.05360384149999997,0.01641455605782732,0.32322881354428573,-0.6213511695,1.2795790925,NA,NA,NA,NA,Oursi,DHS 2010,2010,High,Very high (≥50%),83.2%,[80.5%–85.8%],2%
Independent,BFA,302,1,0.88880333398875,0.8892313000000001,0.009853711923766183,0.868540761,0.90695298725,0.03841222624999996,0.011086492981011822,0.108883925315311,-0.8522824210000001,1.0950653999999997,NA,NA,NA,NA,Tin-Akoff,DHS 2010,2010,High,Very high (≥50%),88.9%,[86.9%–90.7%],1%
Independent,BFA,303,1,0.78169155516125,0.78288241,0.028553124650892617,0.7229650895,0.83416518875,0.11120009924999996,0.03652735463542597,0.2305142823424225,-0.1582846925,0.6677881694999999,NA,NA,NA,NA,Bani,DHS 2010,2010,High,Very high (≥50%),78.2%,[72.3%–83.4%],4%
Independent,BFA,304,1,0.6842497360775,0.69206999,0.09077117361674128,0.49002045499999997,0.8400419969999999,0.35002154199999996,0.1326579592665861,0.5212640418014487,-0.10908197574999995,1.1909893249999999,NA,NA,NA,NA,Dori,DHS 2010,2010,High,Very high (≥50%),68.4%,[49.0%–84.0%],13%
Independent,BFA,305,1,0.7145998701075,0.7419676049999999,0.15661693084007175,0.35473252425,0.93922041825,0.584487894,0.21916730941542328,0.16727014520560224,-1.1687341425000002,1.5403586199999995,NA,NA,NA,NA,Falagountou,DHS 2010,2010,Medium,Very high (≥50%),71.5%,[35.5%–93.9%],22%
Independent,BFA,306,1,0.7497035364425,0.75035913,0.018455468863386486,0.7114232189999999,0.784339873,0.07291665400000003,0.024617022551289468,0.09381400323062875,-0.794181534,1.0295558424999998,NA,NA,NA,NA,Gorgadji,DHS 2010,2010,High,Very high (≥50%),75.0%,[71.1%–78.4%],2%
Independent,BFA,307,1,0.7329361154975,0.73358213,0.01933590424462182,0.6939806730000001,0.7694533225,0.07547264949999988,0.026381431936256895,0.01283537138885875,-0.86371369575,0.8975615527499997,NA,NA,NA,NA,Sampelga,DHS 2010,2010,High,Very high (≥50%),73.3%,[69.4%–76.9%],3%
Independent,BFA,308,1,0.8554894097725,0.855876775,0.012275839821605284,0.8304166744999999,0.8781689875,0.04775231300000016,0.014349493613100124,0.5297567898702538,-0.362593802,1.4167593999999997,NA,NA,NA,NA,Seytenga,DHS 2010,2010,High,Very high (≥50%),85.5%,[83.0%–87.8%],1%
Independent,BFA,309,1,0.8665094033525,0.868953665,0.028953334829565136,0.80369895725,0.91653901275,0.11284005550000009,0.03341375721665052,0.5531150580371063,-0.35851292725,1.4511408274999993,NA,NA,NA,NA,Aribinda,DHS 2010,2010,High,Very high (≥50%),86.7%,[80.4%–91.7%],3%
Independent,BFA,310,1,0.83257276804875,0.83284181,0.013824979438006169,0.8047043495,0.85823586975,0.053531520249999964,0.016605130468543824,0.2926762067254375,-0.54639382625,1.1278871849999996,NA,NA,NA,NA,Baraboule,DHS 2010,2010,High,Very high (≥50%),83.3%,[80.5%–85.8%],2%
Independent,BFA,311,1,0.83314653810625,0.8640707400000001,0.11721525225360999,0.530703357,0.97338921875,0.4426858617499999,0.14068983893282613,0.22350719791639026,-1.1490257575,1.5996168949999998,NA,NA,NA,NA,Diguel,DHS 2010,2010,High,Very high (≥50%),83.3%,[53.1%–97.3%],14%
Independent,BFA,312,1,0.79045687190625,0.79708183,0.06301096811268712,0.64932760975,0.89505174125,0.24572413149999994,0.07971461866190262,-0.12812071214641824,-0.80908725075,0.5799532565,NA,NA,NA,NA,Djibo,DHS 2010,2010,High,Very high (≥50%),79.0%,[64.9%–89.5%],8%
Independent,BFA,313,1,0.97913657317625,0.97924614,0.002031505274360694,0.97485222975,0.98286123525,0.008009005500000055,0.00207479255704915,1.872573754602875,0.9175629510000001,2.8358845274999998,NA,NA,NA,NA,Kelbo,DHS 2010,2010,High,Very high (≥50%),97.9%,[97.5%–98.3%],0%
Independent,BFA,314,1,0.92212215742625,0.922353375,0.007032356504167181,0.90749028275,0.93498340225,0.027493119499999996,0.007626274292980123,0.6862588035546338,-0.25709920774999995,1.6280634449999998,NA,NA,NA,NA,Koutougou,DHS 2010,2010,High,Very high (≥50%),92.2%,[90.7%–93.5%],1%
Independent,BFA,315,1,0.9224288016125,0.922670455,0.007083773673178535,0.90784358175,0.93551584,0.02767225824999997,0.00767948015152538,0.48988125216758877,-0.39832404275,1.402970855,NA,NA,NA,NA,Nassoumbou,DHS 2010,2010,High,Very high (≥50%),92.2%,[90.8%–93.6%],1%
Independent,BFA,316,1,0.9790941552975,0.97918953,0.0020552307728650032,0.9748742945,0.9828240512499999,0.007949756749999981,0.002099114535353872,1.711900194514375,0.80636371625,2.6245228824999995,NA,NA,NA,NA,Pobe-Mengao,DHS 2010,2010,High,Very high (≥50%),97.9%,[97.5%–98.3%],0%
Independent,BFA,317,1,0.76896049930875,0.770481075,0.03237864578993066,0.7013941585000001,0.8272039867500001,0.12580982824999998,0.0421070338710989,-0.016169672942909875,-0.907574471,0.8790174892499996,NA,NA,NA,NA,Tongomayel,DHS 2010,2010,High,Very high (≥50%),76.9%,[70.1%–82.7%],4%
Independent,BFA,318,1,0.75194821097,0.785077885,0.1533360368375853,0.37523590475,0.9544853847499999,0.5792494799999999,0.2039183478338016,-0.223554158650975,-1.651275755,1.1979311249999998,NA,NA,NA,NA,Boundore,DHS 2010,2010,Medium,Very high (≥50%),75.2%,[37.5%–95.4%],20%
Independent,BFA,319,1,0.6806530260425,0.6898381650000001,0.1026694803685996,0.4638758065,0.8533106690000001,0.3894348625000001,0.15083967372560966,-0.4815917903576675,-1.5206036375,0.5410949957500001,NA,NA,NA,NA,Mansila,DHS 2010,2010,High,Very high (≥50%),68.1%,[46.4%–85.3%],15%
Independent,BFA,320,1,0.269468841365,0.269169885,0.019708419212576638,0.23229076399999998,0.3094591285,0.07716836450000003,0.07313802632149688,-1.3834212001707575,-2.2738950974999996,-0.4975702482500001,NA,NA,NA,NA,Sebba,DHS 2010,2010,High,High (20-50%),26.9%,[23.2%–30.9%],7%
Independent,BFA,321,1,0.6678926957575,0.66825747,0.02228561948382438,0.62306120225,0.71023861475,0.0871774125000001,0.03336706573583475,-0.36769852254061497,-1.2051497825000002,0.4677511884999996,NA,NA,NA,NA,Solhan,DHS 2010,2010,High,Very high (≥50%),66.8%,[62.3%–71.0%],3%
Independent,BFA,322,1,0.71833290348,0.75020869,0.1635280042944826,0.32691111125,0.9453822534999999,0.61847114225,0.22764933013963712,-0.18834005299800124,-1.6282860325,1.246607059999999,NA,NA,NA,NA,Tankougounadie,DHS 2010,2010,Medium,Very high (≥50%),71.8%,[32.7%–94.5%],23%
Independent,BFA,323,1,0.69621677967125,0.72093641,0.15812228428527253,0.34090690175,0.92958284525,0.5886759435,0.2271164512293672,-0.06848291058622825,-1.3890391274999998,1.258212552499999,NA,NA,NA,NA,Titabe,DHS 2010,2010,Medium,Very high (≥50%),69.6%,[34.1%–93.0%],23%
Independent,BFA,324,1,0.9212655868375,0.92152874,0.007122152465711125,0.9065984545,0.93446614275,0.027867688249999967,0.007730835241724258,0.6005347398382712,-0.2756101692499999,1.46887558,NA,NA,NA,NA,Bondigui,DHS 2010,2010,High,Very high (≥50%),92.1%,[90.7%–93.4%],1%
Independent,BFA,325,1,0.187600925585,0.187204845,0.015037550060739046,0.15947375274999998,0.21814522624999996,0.05867147349999999,0.08015712083427697,-1.3537527765925,-1.8833680925,-0.8320119887500002,NA,NA,NA,NA,Diebougou,DHS 2010,2010,High,Moderate (5-20%),18.8%,[15.9%–21.8%],8%
Independent,BFA,326,1,0.71595396053125,0.742987485,0.15604180841522572,0.354674586,0.9378778345,0.5832032484999999,0.21794950096992274,-0.1466035650349225,-1.510731625,1.2063708924999992,NA,NA,NA,NA,Dolo,DHS 2010,2010,Medium,Very high (≥50%),71.6%,[35.5%–93.8%],22%
Independent,BFA,327,1,0.71414328988375,0.74212936,0.1535358047675397,0.3584364355,0.9330679617499997,0.5746315262499997,0.21499299502279526,-0.07148214699214388,-1.3725370149999998,1.1774649824999999,NA,NA,NA,NA,Gueguere,DHS 2010,2010,Medium,Very high (≥50%),71.4%,[35.8%–93.3%],21%
Independent,BFA,328,1,0.60212153964875,0.6020033149999999,0.023215170573601014,0.55659522925,0.64681315375,0.09021792449999999,0.03855562215419776,-0.49856832554742175,-1.4069603025,0.4164154794999998,NA,NA,NA,NA,Iolonioro,DHS 2010,2010,High,Very high (≥50%),60.2%,[55.7%–64.7%],4%
Independent,BFA,329,1,0.772320088925,0.798353595,0.132566633736159,0.45648383875000004,0.95153154075,0.495047702,0.17164726858352192,-0.21638194130684074,-1.0890484075,0.6464998449999995,NA,NA,NA,NA,Tiankoura,DHS 2010,2010,Medium,Very high (≥50%),77.2%,[45.6%–95.2%],17%
Independent,BFA,330,1,0.82649588314625,0.8287521200000001,0.03259023168697447,0.7568416195000001,0.8837467745,0.126905155,0.039431813698710905,0.04758180849693075,-0.6853804327499999,0.7772617227499988,NA,NA,NA,NA,Dano,DHS 2010,2010,High,Very high (≥50%),82.6%,[75.7%–88.4%],4%
Independent,BFA,331,1,0.85512094159,0.8555117400000001,0.012458305105412678,0.8290861435,0.87808287925,0.048996735749999965,0.014569056257993027,0.5215266800401475,-0.31854997174999994,1.3543352249999994,NA,NA,NA,NA,Dissin,DHS 2010,2010,High,Very high (≥50%),85.5%,[82.9%–87.8%],1%
Independent,BFA,332,1,0.7390400004675,0.7656058800000001,0.14528876574641827,0.39702242825000006,0.94187873575,0.5448563074999999,0.1965912070449663,-0.14925433647410088,-1.0282785375,0.7269979634999997,NA,NA,NA,NA,Koper,DHS 2010,2010,Medium,Very high (≥50%),73.9%,[39.7%–94.2%],20%
Independent,BFA,333,1,0.74147286947625,0.772227455,0.15727224797288475,0.36511924975000004,0.95432774375,0.589208494,0.21210789288079585,0.1492552997873154,-1.3013246025,1.6121728149999999,NA,NA,NA,NA,Niego,DHS 2010,2010,Medium,Very high (≥50%),74.1%,[36.5%–95.4%],21%
Independent,BFA,334,1,0.712590904723875,0.741376305,0.15341708433261395,0.36019682075000004,0.93437749625,0.5741806755,0.21529475511908508,-0.13281992565137124,-1.007898775,0.7519174447499998,NA,NA,NA,NA,Oronkua,DHS 2010,2010,Medium,Very high (≥50%),71.3%,[36.0%–93.4%],22%
Independent,BFA,335,1,0.72938655684125,0.758333235,0.15484233847118575,0.35953343425,0.9450781789999999,0.58554474475,0.21229118773693958,0.12828536164458376,-1.2517226350000001,1.4956795499999986,NA,NA,NA,NA,Ouessa,DHS 2010,2010,Medium,Very high (≥50%),72.9%,[36.0%–94.5%],21%
Independent,BFA,336,1,0.75527642506375,0.78436901,0.1448476439263558,0.407545834,0.9524239589999999,0.5448781249999999,0.19178096802654704,-0.055543587252993,-1.3828771375,1.2721871924999997,NA,NA,NA,NA,Zambo,DHS 2010,2010,Medium,Very high (≥50%),75.5%,[40.8%–95.2%],19%
Independent,BFA,337,1,0.84908061609125,0.85812546,0.06047910325194064,0.7057207045,0.940997962,0.23527725749999995,0.07122892939230756,0.4034445029638227,-0.32299302025,1.1130599475,NA,NA,NA,NA,Batié,DHS 2010,2010,High,Very high (≥50%),84.9%,[70.6%–94.1%],7%
Independent,BFA,338,1,0.647332976947125,0.66866143,0.17419128753885735,0.272656667,0.91819628525,0.64553961825,0.26909070562163795,-1.29873992158682,-2.3394639125,-0.29932262300000045,NA,NA,NA,NA,Boussoukoula,DHS 2010,2010,Medium,Very high (≥50%),64.7%,[27.3%–91.8%],27%
Independent,BFA,339,1,0.657040371695,0.658430385,0.04006724698332387,0.5742251335,0.733476545,0.1592514115,0.06098140800687846,-0.3760627476927425,-1.3877289375,0.5999422937499996,NA,NA,NA,NA,Kpuéré,DHS 2010,2010,High,Very high (≥50%),65.7%,[57.4%–73.3%],6%
Independent,BFA,340,1,0.727016560087625,0.75724231,0.1580443754083107,0.351615403,0.9469449329999998,0.5953295299999999,0.21738758658985993,0.098954519536285,-1.3784567925,1.5815036774999995,NA,NA,NA,NA,Legmoin,DHS 2010,2010,Medium,Very high (≥50%),72.7%,[35.2%–94.7%],22%
Independent,BFA,341,1,0.78867459696125,0.81705786,0.13042168666082007,0.46604971999999995,0.9587658517500001,0.4927161317500001,0.16536818500726744,-0.0432010421284175,-1.3984540874999998,1.257486719999999,NA,NA,NA,NA,Midebdo,DHS 2010,2010,Medium,Very high (≥50%),78.9%,[46.6%–95.9%],17%
Independent,BFA,342,1,0.76997554384375,0.7990531949999999,0.1358839252150298,0.43521478075000003,0.952478892,0.51726411125,0.17647823531730836,0.5694610589217453,-0.31975528625,1.4587739099999997,NA,NA,NA,NA,Bouroum-Bouroum,DHS 2010,2010,Medium,Very high (≥50%),77.0%,[43.5%–95.2%],18%
Independent,BFA,343,1,0.9075605696175,0.90796393,0.008449205732747895,0.88991121,0.9230682674999999,0.033157057499999976,0.009309798172819355,0.6227117641517746,-0.24422152724999996,1.4606029724999998,NA,NA,NA,NA,Boussera,DHS 2010,2010,High,Very high (≥50%),90.8%,[89.0%–92.3%],1%
Independent,BFA,344,1,0.78441605865625,0.784959235,0.01688626924807394,0.750252988,0.81601905125,0.06576606325,0.02152718453648322,0.09499774511511075,-0.8129663665,0.9805684172499997,NA,NA,NA,NA,Djigouè,DHS 2010,2010,High,Very high (≥50%),78.4%,[75.0%–81.6%],2%
Independent,BFA,345,1,0.561064825005,0.5626918000000001,0.07908296873214603,0.402025749,0.709742151,0.30771640200000006,0.1409515713829347,-0.6060608418776987,-1.2482097349999999,0.03846300579999964,NA,NA,NA,NA,Gaoua,DHS 2010,2010,High,Very high (≥50%),56.1%,[40.2%–71.0%],14%
Independent,BFA,346,1,0.9791511878175,0.9792654700000001,0.002026960036731349,0.9748918505,0.98276753075,0.007875680249999961,0.0020701195708595164,1.39843138107875,0.972723746,1.7980847075000002,NA,NA,NA,NA,Gbomblora,DHS 2010,2010,High,Very high (≥50%),97.9%,[97.5%–98.3%],0%
Independent,BFA,347,1,0.66922923522125,0.672250375,0.06660873827265015,0.526593803,0.7881385719999999,0.2615447689999999,0.09953052671201525,-0.2716910205869406,-1.0372920875,0.4577023464999997,NA,NA,NA,NA,Kampti,DHS 2010,2010,High,Very high (≥50%),66.9%,[52.7%–78.8%],10%
Independent,BFA,348,1,0.93245262506,0.9329691499999999,0.007977914784757942,0.9156755897500001,0.94684959825,0.03117400849999996,0.008555839267699624,0.27834810756206974,-0.250510585,0.7753687647499995,NA,NA,NA,NA,Loropeni,DHS 2010,2010,High,Very high (≥50%),93.2%,[91.6%–94.7%],1%
Independent,BFA,349,1,0.73413884041125,0.7612401950000001,0.1523050855947321,0.36855107025,0.9463718915,0.57782082125,0.20746087417117698,0.045613142644984,-1.348239255,1.4462101299999996,NA,NA,NA,NA,Malba,DHS 2010,2010,Medium,Very high (≥50%),73.4%,[36.9%–94.6%],21%
Independent,BFA,350,1,0.803317467045,0.810262065,0.05994191397906963,0.6700039975,0.899059956,0.22905595850000005,0.07461796417743251,0.1468077244159025,-0.39795491824999996,0.6825168112499997,NA,NA,NA,NA,Nako,DHS 2010,2010,High,Very high (≥50%),80.3%,[67.0%–89.9%],7%
Independent,BFA,351,1,0.76300335503,0.79189048,0.1429204630428238,0.41900242575,0.95598244525,0.5369800195,0.18731302044825793,-0.0419557902451025,-1.4269207824999999,1.3361376449999995,NA,NA,NA,NA,Perigban,DHS 2010,2010,Medium,Very high (≥50%),76.3%,[41.9%–95.6%],19%
Independent,BFA,1,2,0.2095420455319375,0.18141006999999998,0.1257901398182785,0.045466737,0.5224861207499994,0.47701938374999947,0.6003097826927823,0.3073404099740125,-0.51585770025,1.1611782849999999,-2.515109554475,-0.6348747266755626,-0.7518674653119313,0.999875,Bagassi,DHS 2021,2021,Low,High (20-50%),21.0%,[4.5%–52.2%],60%
Independent,BFA,2,2,0.1202824469071875,0.0954042,0.08922363812772065,0.019836666424999996,0.36113959424999986,0.3413029278249999,0.7417843619074985,-0.04090181791780325,-1.3252980575,1.243913885,-2.515109554475,-0.5081224413611874,-0.7960785747167591,0.995375,Bana,DHS 2021,2021,Low,Moderate (5-20%),12.0%,[2.0%–36.1%],74%
Independent,BFA,3,2,0.2430190754663625,0.21628990999999997,0.13811629794877653,0.05246546712500001,0.5723811934999998,0.5199157263749998,0.5683352127141719,0.049125425627425875,-1.1644430425,1.291932125,-2.515109554475,-0.5305717775823875,-0.6788962759329661,0.99525,Boromo,DHS 2021,2021,Low,High (20-50%),24.3%,[5.2%–57.2%],57%
Independent,BFA,4,2,0.2246216694590125,0.199583265,0.12836054450744838,0.047868410800000004,0.5356536909999998,0.48778528019999984,0.5714521881018731,0.3703195009777763,-0.5560222069999999,1.270476724999999,-2.515109554475,-0.5978862572872375,-0.7264805769923839,0.99925,Fara,DHS 2021,2021,Low,High (20-50%),22.5%,[4.8%–53.6%],57%
Independent,BFA,5,2,0.2049553608820125,0.178354475,0.12212584128739687,0.0445783113,0.5007852494999998,0.4562069381999998,0.595865561953764,-0.25447638831022423,-1.0445702749999999,0.5361297949999999,-2.515109554475,-0.4628556444429875,-0.6929031546710145,0.997125,Oury,DHS 2021,2021,Low,High (20-50%),20.5%,[4.5%–50.1%],60%
Independent,BFA,6,2,0.20260641580775,0.171703575,0.12716770076541473,0.03951049902500001,0.5201692624999996,0.4806587634749996,0.6276588046751794,-0.05239208227564088,-1.3304327275,1.2300739374999996,-2.515109554475,-0.522279275481,-0.7129134800960396,0.993875,Pa,DHS 2021,2021,Low,High (20-50%),20.3%,[4.0%–52.0%],63%
Independent,BFA,7,2,0.208030469904925,0.178020645,0.1335104314711182,0.037179087075,0.5444579542499999,0.5072788671749999,0.6417830596264852,0.023639844371288,-1.293669195,1.3143696099999993,-2.515109554475,-0.526519871159075,-0.7116753899309742,0.994875,Pompoï,DHS 2021,2021,Low,High (20-50%),20.8%,[3.7%–54.4%],64%
Independent,BFA,8,2,0.1689960176531375,0.13964463500000002,0.11651101373129148,0.029216592275,0.4696440717499999,0.4404274794749999,0.689430528300549,0.1319201255739525,-1.1890365125,1.4484714174999982,-2.515109554475,-0.5041529920818625,-0.7380424008261663,0.992625,Poura,DHS 2021,2021,Low,Moderate (5-20%),16.9%,[2.9%–47.0%],69%
Independent,BFA,9,2,0.21934120824,0.19004843500000002,0.13003385340874984,0.047655143350000005,0.5443818919999998,0.49672674864999977,0.5928382288587956,0.14697896771514163,-0.6727363192499999,0.97953082675,-2.515109554475,-0.569359925145,-0.7218276159044387,0.999375,Siby,DHS 2021,2021,Low,High (20-50%),21.9%,[4.8%–54.4%],59%
Independent,BFA,10,2,0.206667078192125,0.178264895,0.12521874298935073,0.0429648911,0.5163661602499999,0.4734012691499999,0.6058959370052301,0.030181784104434874,-0.81157602475,0.87042111975,-2.515109554475,-0.592459419812875,-0.7413594563970147,0.9995,Yaho,DHS 2021,2021,Low,High (20-50%),20.7%,[4.3%–51.6%],61%
Independent,BFA,11,2,0.131474474514375,0.13112945999999998,0.011399323971613449,0.11039982375,0.15524520025,0.04484537649999999,0.0867037043785034,0.08790771224780587,-0.4642043585,0.6129915857499996,-2.515109554475,-0.699824322836875,-0.841798028424105,1,Balavé,DHS 2021,2021,High,Moderate (5-20%),13.1%,[11.0%–15.5%],9%
Independent,BFA,12,2,0.2027772362825,0.202294955,0.01585974552796942,0.17286880625,0.234639358,0.061770551749999986,0.07821265255767834,0.17020139130357287,-0.40607103549999995,0.74842485225,-2.515109554475,-0.5363997193025,-0.7207260163411038,1,Kouka,DHS 2021,2021,High,High (20-50%),20.3%,[17.3%–23.5%],8%
Independent,BFA,13,2,0.225642983795375,0.195953605,0.14012474610239412,0.04156779595,0.5655034284999999,0.5239356325499999,0.621002008329524,-0.18889753971483614,-1.5188834274999998,1.0742620324999996,-2.515109554475,-0.530600305520875,-0.6966513446402522,0.995,Sami,DHS 2021,2021,Low,High (20-50%),22.6%,[4.2%–56.6%],62%
Independent,BFA,14,2,0.20111722234125,0.200696715,0.015763739702614528,0.1716371325,0.23351376074999997,0.061876628249999954,0.07838085430529197,0.71605359238375,0.47279133300000004,0.9587702372499997,-2.515109554475,-0.7447129080625,-0.7873601333776317,1,Sanaba,DHS 2021,2021,High,High (20-50%),20.1%,[17.2%–23.4%],8%
Independent,BFA,15,2,0.0888289355535,0.08462368249999999,0.027900817270414748,0.046634396924999995,0.15317306649999995,0.10653866957499997,0.31409604422886067,-0.3627729462304224,-1.0296276425,0.3046949342499999,-2.515109554475,-0.67573817458525,-0.8827648958342409,1,Solenzo,DHS 2021,2021,Medium,Moderate (5-20%),8.9%,[4.7%–15.3%],31%
Independent,BFA,16,2,0.1907950438575,0.16247666500000002,0.12302007354313411,0.03648687455,0.505559506,0.46907263145,0.6447760437373556,-0.2826302933808875,-1.19474237,0.6309807467499994,-2.515109554475,-0.51002127431375,-0.7276676353818057,0.998,Tansila,DHS 2021,2021,Low,Moderate (5-20%),19.1%,[3.6%–50.6%],64%
Independent,BFA,17,2,0.2711567622852375,0.24586063,0.14825855042765315,0.05985138617500001,0.6185558064999997,0.5587044203249998,0.5467632419644242,0.28031610305775223,-0.657120781,1.2253528099999995,-2.515109554475,-0.6049164483435125,-0.6907218389513655,0.999625,Barani,DHS 2021,2021,Low,High (20-50%),27.1%,[6.0%–61.9%],55%
Independent,BFA,18,2,0.21667283177875,0.185567775,0.13702007953049053,0.040416540775,0.5607287812499998,0.5203122404749998,0.6323823730259137,-0.043602702311028,-1.380038775,1.2987305699999994,-2.515109554475,-0.52905296535875,-0.7041365691338838,0.99425,Bomborokuy,DHS 2021,2021,Low,High (20-50%),21.7%,[4.0%–56.1%],63%
Independent,BFA,19,2,0.243609011657475,0.21284713500000002,0.14515514955394349,0.04801912005,0.5855477494999999,0.5375286294499999,0.5958529553826113,-0.07144612030705012,-1.3658970125,1.2321394525000002,-2.515109554475,-0.530129806315025,-0.6804102492486098,0.995125,Bourasso,DHS 2021,2021,Low,High (20-50%),24.4%,[4.8%–58.6%],60%
Independent,BFA,20,2,0.1887198117466375,0.15975530500000001,0.12218133925898181,0.036413888075,0.5060451537499998,0.4696312656749998,0.6474219009025626,0.2869525826430476,-0.7161482507499999,1.2920911075,-2.515109554475,-0.6123818321808625,-0.7645403974112268,0.999375,Djibasso,DHS 2021,2021,Low,Moderate (5-20%),18.9%,[3.6%–50.6%],65%
Independent,BFA,21,2,0.08458756343525,0.08411639600000001,0.007727613444373735,0.07049388617499999,0.1007518095,0.030257923325000005,0.09135637829654547,-0.592999580520995,-1.4223036599999999,0.23467732524999968,-2.515109554475,-0.61930480472475,-0.8714434693567968,1,Dokuy,DHS 2021,2021,High,Moderate (5-20%),8.5%,[7.0%–10.1%],9%
Independent,BFA,22,2,0.072861599435375,0.072602592999999993,0.006840859651855504,0.060222127675,0.086826344325,0.026604216649999998,0.09388840905040854,0.24873705390102963,-0.07458268039999995,0.564706172,-2.515109554475,-0.853569246088375,-0.9213489815208384,1,Doumbala,DHS 2021,2021,High,Moderate (5-20%),7.3%,[6.0%–8.7%],9%
Independent,BFA,23,2,0.19771202182635,0.16371255499999998,0.1361634725896489,0.031936801050000005,0.5415119784999999,0.5095751774499999,0.6886959696828195,-0.006280456398808249,-1.460439225,1.43625717,-2.515109554475,-0.5125515299249,-0.7191153523852444,0.99525,Kombori,DHS 2021,2021,Low,Moderate (5-20%),19.8%,[3.2%–54.2%],69%
Independent,BFA,24,2,0.1988028923100375,0.158546315,0.14758859860604906,0.026625627375,0.59131693825,0.564691310875,0.7423865764280803,0.009039778731568037,-1.6206877225,1.674671494999998,-2.515109554475,-0.5033203692058374,-0.7176799722769516,0.994625,Madouba,DHS 2021,2021,Low,Moderate (5-20%),19.9%,[2.7%–59.1%],74%
Independent,BFA,25,2,0.115773384726125,0.10817177,0.047117128982333514,0.047003639625,0.22918504599999998,0.18218140637499997,0.4069772089137274,-0.7094695876406125,-1.22896184,-0.1785426980000001,-2.515109554475,-0.467015210581375,-0.7998324555341263,1,Nouna,DHS 2021,2021,Low,Moderate (5-20%),11.6%,[4.7%–22.9%],41%
Independent,BFA,26,2,0.259428910028625,0.22896568499999997,0.15006875514988288,0.0520475054,0.61415681,0.5621093046,0.5784581029667223,-0.03499925595530625,-1.3289242775,1.2758434224999997,-2.515109554475,-0.526849802202625,-0.6648589569535424,0.994125,Sono,DHS 2021,2021,Low,High (20-50%),25.9%,[5.2%–61.4%],58%
Independent,BFA,27,2,0.0947076448376125,0.082828646,0.05439388688497885,0.0260855504,0.2293521804999999,0.2032666300999999,0.5743347010502017,-0.6950090566558632,-1.3650946400000001,-0.0411141924500003,-2.515109554475,-0.5423033687461375,-0.8511986125012045,1,Bondokuy,DHS 2021,2021,Low,Moderate (5-20%),9.5%,[2.6%–22.9%],57%
Independent,BFA,28,2,0.146886175417125,0.14512815,0.023975377869775136,0.10534278025,0.19818638824999987,0.09284360799999987,0.16322419588971013,-0.11336271663334863,-0.68238112625,0.4527874729999998,-2.515109554475,-0.496785294772875,-0.7636507718087998,1,Dedougou,DHS 2021,2021,Medium,Moderate (5-20%),14.7%,[10.5%–19.8%],16%
Independent,BFA,29,2,0.21475631607625,0.214340375,0.016494930025843062,0.18417966400000002,0.24816200074999997,0.06398233674999995,0.07680765961726814,0.11110120997899688,-0.68208938025,0.9140214357499998,-2.515109554475,-0.54929028862625,-0.7069891875329393,0.999,Douroula,DHS 2021,2021,High,High (20-50%),21.5%,[18.4%–24.8%],8%
Independent,BFA,30,2,0.201646492881625,0.17131744999999998,0.12650754073212045,0.039353033675,0.5197443522499999,0.48039131857499995,0.6273728787655419,-0.06993547842988625,-1.3262345325,1.1851418424999995,-2.515109554475,-0.527736066698375,-0.7151273407227418,0.993,Kona,DHS 2021,2021,Low,High (20-50%),20.2%,[3.9%–52.0%],63%
Independent,BFA,31,2,0.15060428709625,0.15017738,0.012869355352193537,0.12676447575,0.17697171425,0.0502072385,0.08545145427346855,-0.599164088284875,-0.87903123225,-0.3320948182500001,-2.515109554475,-0.4521312351025,-0.7497197036938561,1,Ouarkoye,DHS 2021,2021,High,Moderate (5-20%),15.1%,[12.7%–17.7%],9%
Independent,BFA,32,2,0.228698951415375,0.19962192499999998,0.13491223904894067,0.048971821250000006,0.5636952377499999,0.5147234164999999,0.5899119266354047,0.7956645500925452,-0.20125557099999994,1.8385771074999997,-2.515109554475,-0.677164141809625,-0.7479698696550566,1,Safane,DHS 2021,2021,Low,High (20-50%),22.9%,[4.9%–56.4%],59%
Independent,BFA,33,2,0.2399141859475,0.211855505,0.1374124693754474,0.051936785175,0.5741850292499999,0.5222482440749999,0.5727567498051872,0.4681775502687546,-0.3442154225,1.2960731074999998,-2.515109554475,-0.61583711387875,-0.7196433008950652,1,Tchériba,DHS 2021,2021,Low,High (20-50%),24.0%,[5.2%–57.4%],57%
Independent,BFA,34,2,0.097142553021375,0.09663699349999999,0.00874366623421321,0.081399843475,0.11568145175,0.034281608275,0.09000861066817212,0.19008866437811675,-0.040085213375,0.42447709999999994,-2.515109554475,-0.824112475298625,-0.894549344303045,1,Gassan,DHS 2021,2021,High,Moderate (5-20%),9.7%,[8.1%–11.6%],9%
Independent,BFA,35,2,0.2476879577585625,0.22270741,0.1373823582376712,0.055115953675,0.58633799375,0.531222040075,0.5546590132233505,0.49970372566410126,-0.299298134,1.3073374374999995,-2.515109554475,-0.6082565261089375,-0.7106465061419056,1,Gossina,DHS 2021,2021,Low,High (20-50%),24.8%,[5.5%–58.6%],55%
Independent,BFA,36,2,0.208827434569475,0.178420735,0.13157355278721372,0.04149073500000001,0.5376251499999999,0.4961344149999999,0.6300587518994799,0.110257500965785,-1.1707588549999999,1.4088708275,-2.515109554475,-0.520132834704775,-0.7057187909991457,0.995125,Kougny,DHS 2021,2021,Low,High (20-50%),20.9%,[4.1%–53.8%],63%
Independent,BFA,37,2,0.1980490329667,0.17099591,0.12110983582308626,0.04119246640000001,0.49156285924999976,0.45037039284999975,0.6115144013020739,0.28408661062766377,-0.59057635775,1.1529356024999997,-2.515109554475,-0.5755632506808,-0.7438122239487238,0.99975,Toma,DHS 2021,2021,Low,Moderate (5-20%),19.8%,[4.1%–49.2%],61%
Independent,BFA,38,2,0.22671830709025,0.20069082,0.1319529484479492,0.049514268575,0.54977329475,0.5002590261750001,0.5820127635101939,0.36830158593405127,-0.4433242475,1.1778224474999994,-2.515109554475,-0.6053096432735,-0.7275367651116786,1,Yaba,DHS 2021,2021,Low,High (20-50%),22.7%,[5.0%–55.0%],58%
Independent,BFA,39,2,0.10111772094475,0.1007834,0.009107413763532047,0.084315609575,0.11990573075,0.03559012117499999,0.0900674350493745,-0.30438094822212824,-1.093307045,0.49636905674999987,-2.515109554475,-0.61978964852775,-0.851721464609008,1,Ye,DHS 2021,2021,High,Moderate (5-20%),10.1%,[8.4%–12.0%],9%
Independent,BFA,40,2,0.1444216898599625,0.11773070999999999,0.100883340099205,0.025657760725000006,0.40765535625,0.381997595525,0.6985331649077491,-0.5264420548307575,-1.36066446,0.316464397999999,-2.515109554475,-0.3589865133675375,-0.7126387499417506,0.991625,Di,DHS 2021,2021,Low,Moderate (5-20%),14.4%,[2.6%–40.8%],70%
Independent,BFA,41,2,0.247286527188125,0.21850777,0.14593168753799327,0.04898194815,0.6014696972499998,0.5524877490999998,0.5901319784679361,0.03081719734048275,-1.2914122525,1.3512402824999994,-2.515109554475,-0.521369352819125,-0.6743052205553474,0.994,Gomboro,DHS 2021,2021,Low,High (20-50%),24.7%,[4.9%–60.1%],59%
Independent,BFA,42,2,0.24487313822725,0.217941355,0.1377031634426994,0.0522948838,0.5787134922499998,0.5264186084499998,0.5623449123068228,0.18419125124852237,-0.62073212875,0.9964512842499994,-2.515109554475,-0.5875711753165,-0.7058446210289718,0.999875,Kassoum,DHS 2021,2021,Low,High (20-50%),24.5%,[5.2%–57.9%],56%
Independent,BFA,43,2,0.1990671850319875,0.170560875,0.12344895443474858,0.039267362050000004,0.5035490534999996,0.46428169144999953,0.6201371381973978,0.031167440873431252,-1.22115272,1.287304915,-2.515109554475,-0.5210620489917624,-0.7159741758115462,0.995,Kiembara,DHS 2021,2021,Low,Moderate (5-20%),19.9%,[3.9%–50.4%],62%
Independent,BFA,44,2,0.2066481127023,0.17727831,0.13120090897113706,0.03821286285000001,0.54276363475,0.5045507719,0.6349001075085879,-0.013190025031806999,-1.306700845,1.3204281299999991,-2.515109554475,-0.51824510959895,-0.7080852338503235,0.99325,Lanfièra,DHS 2021,2021,Low,High (20-50%),20.7%,[3.8%–54.3%],63%
Independent,BFA,45,2,0.1658647214625125,0.13851238,0.110107579855335,0.032904440699999996,0.4585075469999999,0.4256031062999999,0.663839657309048,-0.32925854560489215,-1.1472936649999999,0.5106893094999999,-2.515109554475,-0.4195894446424875,-0.7164612201560097,0.995375,Lankouè,DHS 2021,2021,Low,Moderate (5-20%),16.6%,[3.3%–45.9%],66%
Independent,BFA,46,2,0.310367967618,0.287483205,0.15670272629378879,0.074821158725,0.66618394175,0.5913627830249999,0.5048933609239535,0.60902882647627,-0.20631271625,1.4310551199999995,-2.515109554475,-0.6167933294345,-0.6652549316340436,1,Toeni,DHS 2021,2021,Low,High (20-50%),31.0%,[7.5%–66.6%],50%
Independent,BFA,47,2,0.105277095789125,0.10496827,0.009342658106881062,0.087476334125,0.12430070824999999,0.03682437412499999,0.08874350148863193,-0.6633054142841375,-1.04826829,-0.26588109275000005,-2.515109554475,-0.482624737545875,-0.8176566787504328,1,Tougan,DHS 2021,2021,High,Moderate (5-20%),10.5%,[8.7%–12.4%],9%
Independent,BFA,48,2,0.0293281586615375,0.027158877499999998,0.012283352506903938,0.01218517645,0.05868243962499999,0.04649726317499999,0.4188245381737169,-1.0976373580413625,-1.7983045225,-0.43258952475,-2.515109554475,-0.4202609364584625,-0.9336097898671253,1,Banfora,DHS 2021,2021,Low,Low (1-5%),2.9%,[1.2%–5.9%],42%
Independent,BFA,49,2,0.1297696184618375,0.1027583,0.09721753807715221,0.020271440700000004,0.3967781774999998,0.3765067367999998,0.7491548424775699,-0.5101615605915134,-1.930515375,0.8449443657499995,-2.515109554475,-0.4646432670234125,-0.7694703181704847,0.9945,Beregadougou,DHS 2021,2021,Low,Moderate (5-20%),13.0%,[2.0%–39.7%],75%
Independent,BFA,50,2,0.24982045007375,0.22211904500000001,0.14416438190235054,0.050339453125,0.5963641457499999,0.5460246926249999,0.5770719805355865,-0.13571881315631,-1.1293907174999998,0.8351379367499999,-2.515109554475,-0.5687346663175,-0.6949307480418341,0.99975,Mangodara,DHS 2021,2021,Low,High (20-50%),25.0%,[5.0%–59.6%],58%
Independent,BFA,51,2,0.0995077776896375,0.07782712750000001,0.07788711099279914,0.015872561275,0.3146127587499999,0.2987401974749999,0.7827238513528789,-0.5827985689387725,-1.960009425,0.7828366237499996,-2.515109554475,-0.4250504145499875,-0.7907399841365945,0.993875,Moussodougou,DHS 2021,2021,Low,Moderate (5-20%),10.0%,[1.6%–31.5%],78%
Independent,BFA,52,2,0.182632836263575,0.155821255,0.11872420618265546,0.033882280099999995,0.48011689099999943,0.44623461089999944,0.650070428799086,-0.7747913908856646,-1.9223676525000002,0.3198650737499987,-2.515109554475,-0.424331157442675,-0.6910170176758118,0.989375,Niangoloko,DHS 2021,2021,Low,Moderate (5-20%),18.3%,[3.4%–48.0%],65%
Independent,BFA,53,2,0.283158973288975,0.25664504,0.1516381474428604,0.06351232765,0.6356578937499996,0.5721455660999996,0.5355230162107829,0.2358963214219385,-0.6606260655,1.1333628499999988,-2.515109554475,-0.604533579707275,-0.6809941012266526,0.999875,Ouo,DHS 2021,2021,Low,High (20-50%),28.3%,[6.4%–63.6%],54%
Independent,BFA,54,2,0.072337236356875,0.067857269,0.027766670158058556,0.031197928625,0.13869344924999996,0.10749552062499997,0.3838503038887466,-0.8570409616702375,-1.5599278774999998,-0.17563760650000038,-2.515109554475,-0.572929084016875,-0.8856793865260385,1,Sidéradougou,DHS 2021,2021,Low,Moderate (5-20%),7.2%,[3.1%–13.9%],38%
Independent,BFA,55,2,0.16628560266375,0.16595501499999998,0.013657482592244525,0.14069201725,0.194527849,0.05383583175000001,0.08213268240583425,-0.36616908904230927,-1.312619255,0.5773736824999997,-2.515109554475,-0.459193937674,-0.7044693277329194,0.996125,Soubakaniédougou,DHS 2021,2021,High,Moderate (5-20%),16.6%,[14.1%–19.5%],8%
Independent,BFA,56,2,0.16404579215275,0.15176609,0.07493871730233426,0.05580877595,0.34634534349999985,0.29053656754999985,0.45681584586184104,-0.36902943621136874,-1.4661337675,0.7302911139999995,-2.515109554475,-0.4937450593485,-0.7334226703678972,0.996875,Tiéfora,DHS 2021,2021,Low,Moderate (5-20%),16.4%,[5.6%–34.6%],46%
Independent,BFA,57,2,0.067537474374625,0.06725563300000001,0.006303475505561702,0.055841654824999996,0.080842151475,0.025000496650000002,0.09333300606707359,-1.09778280065017,-2.057889125,-0.11144426950000015,-2.515109554475,-0.528087246848625,-0.8717555589065125,1,Dakoro,DHS 2021,2021,High,Moderate (5-20%),6.8%,[5.6%–8.1%],9%
Independent,BFA,58,2,0.1268722939434375,0.102466825,0.09025254580945981,0.021676398225000004,0.361435613,0.339759214775,0.7113652871264109,-0.4403032301158175,-1.4605128375,0.5204623474999995,-2.515109554475,-0.53786846049031245,-0.8090286660491515,0.99975,Douna,DHS 2021,2021,Low,Moderate (5-20%),12.7%,[2.2%–36.1%],71%
Independent,BFA,59,2,0.1082793483567875,0.085086277,0.08227015518779374,0.018718392299999997,0.332305905,0.3135875127,0.75979544055537,-0.8881322265184988,-1.9329803025,0.13713662824999998,-2.515109554475,-0.3550347537244625,-0.7659886931113492,0.995375,Kankalaba,DHS 2021,2021,Low,Moderate (5-20%),10.8%,[1.9%–33.2%],76%
Independent,BFA,60,2,0.050778818665875,0.0505768305,0.004789640371527529,0.041956162925,0.0609293438,0.018973180875000002,0.09432358801104448,-1.055873297155845,-2.053731585,-0.07105306650000047,-2.515109554475,-0.494368009875625,-0.891461477444523,1,Loumana,DHS 2021,2021,High,Moderate (5-20%),5.1%,[4.2%–6.1%],9%
Independent,BFA,61,2,0.08935077751,0.088173718,0.015710770073918873,0.062237891249999996,0.12323780449999996,0.06099991324999997,0.17583249426296876,-0.671114402759695,-1.4141407049999999,0.04073949947499989,-2.515109554475,-0.44955526892125,-0.8240768942221146,1,Niankorodougou,DHS 2021,2021,Medium,Moderate (5-20%),8.9%,[6.2%–12.3%],18%
Independent,BFA,62,2,0.15008640028335,0.1208978,0.1055092807733496,0.025831936,0.41424822774999953,0.38841629174999953,0.7029902814256143,0.136133234713953,-0.9387903679999999,1.1136299249999997,-2.515109554475,-0.68036985704915,-0.8192852034719789,1,Oueleni,DHS 2021,2021,Low,Moderate (5-20%),15.0%,[2.6%–41.4%],70%
Independent,BFA,63,2,0.092647338408125,0.073297293,0.07047508000346196,0.015158316425,0.2788925017499996,0.2637341853249996,0.7606811076753116,-1.4456852940554688,-2.403606095,-0.4682467260000003,-2.515109554475,-0.161746872854375,-0.6340316570730993,0.960875,Sindou,DHS 2021,2021,Low,Moderate (5-20%),9.3%,[1.5%–27.9%],76%
Independent,BFA,64,2,0.15459518051215,0.128152985,0.10393758571968593,0.029726698475,0.42461890224999993,0.39489220377499995,0.6723209958768233,-0.7852671918957909,-1.7853193800000002,0.18605119649999977,-2.515109554475,-0.4614942498666,-0.7489682076896649,0.998375,Wolonkoto,DHS 2021,2021,Low,Moderate (5-20%),15.5%,[3.0%–42.5%],67%
Independent,BFA,65,2,0.1464025022553875,0.12018788,0.1006635803596896,0.026067428900000002,0.4087099937499993,0.38264256484999926,0.6875810099481087,-0.36363785160260725,-1.220781995,0.4831323537499997,-2.515109554475,-0.2861048104146125,-0.6605863126054389,0.979875,Komki-Ipala,DHS 2021,2021,Low,Moderate (5-20%),14.6%,[2.6%–40.9%],69%
Independent,BFA,66,2,0.15069392843325,0.14385988,0.050470762325182474,0.07311999817500002,0.2699054955,0.19678549732499995,0.3349223346283559,0.7664707918339737,0.061901903325000014,1.4721309225,-2.515109554475,-0.4079609978005,-0.7184478907932241,0.99975,Komsilga,DHS 2021,2021,Low,Moderate (5-20%),15.1%,[7.3%–27.0%],33%
Independent,BFA,67,2,0.07282456159825,0.0667018205,0.03364142132404814,0.026292844725,0.15560608449999985,0.12931323977499987,0.46195158042470874,-0.4427919022151737,-1.2525349575,0.3607622824999997,-2.515109554475,-0.53074849517175,-0.8738839119868613,1,Koubri,DHS 2021,2021,Low,Moderate (5-20%),7.3%,[2.6%–15.6%],46%
Independent,BFA,68,2,0.025767192608025,0.0245441545,0.008287716224018936,0.013298403425,0.045628885374999976,0.032330481949999976,0.32163830767647494,0.6035790919780663,-0.63574838975,1.7876129174999995,-2.515109554475,-0.1592224697976,-0.8540711116244779,1,Ouagadougou,DHS 2021,2021,Medium,Low (1-5%),2.6%,[1.3%–4.6%],32%
Independent,BFA,69,2,0.1799622726883,0.15262474,0.1140692840449582,0.03601242535,0.4638416465,0.42782922115,0.6338510974604638,0.6333272036286988,-0.18683454449999998,1.4744884025,-2.515109554475,-0.6332182918467,-0.7786549701348191,1,Pabre,DHS 2021,2021,Low,Moderate (5-20%),18.0%,[3.6%–46.4%],63%
Independent,BFA,70,2,0.0413056586062125,0.035312800500000005,0.025177073936488954,0.01102409435,0.10352310224999993,0.09249900789999993,0.6095308678288994,0.176951062998325,-0.55991636575,0.9212329979999995,-2.515109554475,-0.5401300249675375,-0.9288751300138349,1,Saaba,DHS 2021,2021,Low,Low (1-5%),4.1%,[1.1%–10.4%],61%
Independent,BFA,71,2,0.216112745084375,0.21350216,0.04264384645672281,0.141296305,0.30865344474999984,0.16735713974999983,0.19732221919662235,0.73496704252636,0.10966394575000002,1.3802620425,-2.515109554475,-0.392764605670625,-0.6309707580406302,0.999625,Tanghin-Dassouri,DHS 2021,2021,Medium,High (20-50%),21.6%,[14.1%–30.9%],20%
Independent,BFA,72,2,0.10269250209725,0.10165838499999999,0.01470943440326252,0.077002562125,0.13402559825,0.057023036124999996,0.1432376668486727,-0.36533477634011,-0.6457552430000001,-0.07317456220000017,-2.515109554475,-0.6188127998865,-0.8575792071245384,1,Bagre,DHS 2021,2021,High,Moderate (5-20%),10.3%,[7.7%–13.4%],14%
Independent,BFA,73,2,0.188078286792625,0.16002081,0.11912575179820063,0.03712034645,0.48787999374999946,0.45075964729999946,0.6333838628036239,-0.29816056260857965,-1.1215295775,0.52850026675,-2.515109554475,-0.455822481858625,-0.7077203854212581,0.997,Bane,DHS 2021,2021,Low,Moderate (5-20%),18.8%,[3.7%–48.8%],63%
Independent,BFA,74,2,0.1081271304237375,0.0851960925,0.08149304954885705,0.0171936713,0.32636454974999973,0.30917087844999974,0.753678093828028,0.6072492649929763,-0.29767852749999996,1.51525754,-2.515109554475,-0.6031078207237625,-0.847987028143726,1,Beguedo,DHS 2021,2021,Low,Moderate (5-20%),10.8%,[1.7%–32.6%],75%
Independent,BFA,75,2,0.175770670955,0.14859374,0.11514139171122371,0.03449338365,0.470028356,0.43553497235,0.655066007802301,-0.007606080906825875,-1.2748852824999999,1.260777275,-2.515109554475,-0.50491881506875,-0.7323087340507416,0.994625,Bissiga,DHS 2021,2021,Low,Moderate (5-20%),17.6%,[3.4%–47.0%],66%
Independent,BFA,76,2,0.1941971164900125,0.17776993,0.09173220928181697,0.06267326285,0.4123092694999998,0.34963600664999983,0.47236648483673405,0.0523880396389862,-0.778617069,0.8943490649999998,-2.515109554475,-0.5542632431137375,-0.7373188623330764,0.99975,Bittou,DHS 2021,2021,Low,Moderate (5-20%),19.4%,[6.3%–41.2%],47%
Independent,BFA,77,2,0.073591103169625,0.07020322600000001,0.024149128832289722,0.036739409449999996,0.12882209649999998,0.09208268704999999,0.3281528308744985,-1.03214250427625,-1.4546180100000001,-0.6008891127500001,-2.515109554475,-0.264493625844125,-0.781431569578365,1,Boussouma,DHS 2021,2021,Medium,Moderate (5-20%),7.4%,[3.7%–12.9%],33%
Independent,BFA,78,2,0.184071787091625,0.17757716499999998,0.05631604354169343,0.09222254772499999,0.31171109674999997,0.21948854902499998,0.30594609000922623,-0.03689059628598663,-0.530836318,0.46823522624999986,-2.515109554475,-0.284915216919625,-0.6015611340431152,0.9995,Garango,DHS 2021,2021,Medium,Moderate (5-20%),18.4%,[9.2%–31.2%],31%
Independent,BFA,79,2,0.1663281423613875,0.140896085,0.10692117076575487,0.03263406565,0.43754271175000004,0.40490864610000005,0.6428327115771135,0.031448454574865,-0.7992267014999999,0.8532512014999996,-2.515109554475,-0.5000630233698625,-0.7502605049701507,0.998375,Komtoega,DHS 2021,2021,Low,Moderate (5-20%),16.6%,[3.3%–43.8%],64%
Independent,BFA,80,2,0.41552118062625,0.41547272,0.030019879913685214,0.3577136985,0.47529769975,0.11758400125000001,0.07224632898000759,1.31256281786375,1.009954265,1.6310137149999997,-2.515109554475,-0.43985589360125,-0.5141112782777165,1,Niaogho,DHS 2021,2021,High,High (20-50%),41.6%,[35.8%–47.5%],7%
Independent,BFA,81,2,0.05008628740955,0.046409785499999995,0.02109285455447232,0.019987360975,0.1004313485,0.08044398752500001,0.42113032619084734,-0.48263779772056,-1.10108804,0.1340467842499996,-2.515109554475,-0.61052102192045,-0.9231278491879201,1,Tenkodogo,DHS 2021,2021,Low,Moderate (5-20%),5.0%,[2.0%–10.0%],42%
Independent,BFA,82,2,0.1532232224645,0.14319307,0.06363641687437359,0.058839992625,0.3042329317499999,0.24539293912499988,0.41531835612658125,0.023766226192929736,-0.6843794377499999,0.7208919709999998,-2.515109554475,-0.530827160223,-0.7727009041789581,1,Zabré,DHS 2021,2021,Low,Moderate (5-20%),15.3%,[5.9%–30.4%],42%
Independent,BFA,83,2,0.2301253696849625,0.19907526,0.1435629997573684,0.04255638415,0.5781713669999999,0.53561498285,0.6238469055102597,-0.031277623760805624,-1.4444466125000002,1.3745319099999993,-2.515109554475,-0.5100427474150375,-0.6836976288373061,0.994875,Zoaga,DHS 2021,2021,Low,High (20-50%),23.0%,[4.3%–57.8%],62%
Independent,BFA,84,2,0.171210552834375,0.165195175,0.051316556909011414,0.0885485839,0.28647719199999994,0.19792860809999993,0.29972776829155984,-0.126708440392295,-0.6701979130000001,0.4290424617499998,-2.515109554475,-0.415474997889375,-0.703152972320136,1,Zonsé,DHS 2021,2021,Medium,Moderate (5-20%),17.1%,[8.9%–28.6%],30%
Independent,BFA,85,2,0.2393619196647125,0.211233845,0.14010717437677694,0.051571228925000004,0.582179007,0.530607778075,0.5853361076525155,0.009578314259385,-1.2630665725,1.2793305624999993,-2.515109554475,-0.5131818586215375,-0.6749064498549764,0.992375,Comin-Yanga,DHS 2021,2021,Low,High (20-50%),23.9%,[5.2%–58.2%],59%
Independent,BFA,86,2,0.211461428586675,0.18099761,0.1312130015443946,0.04092637635000001,0.5329748855,0.49204850915000004,0.6205056043618484,0.5674680947682025,-0.29105653425,1.4362479424999994,-2.515109554475,-0.643553253589575,-0.7526841283203636,0.999875,Dourtenga,DHS 2021,2021,Low,High (20-50%),21.1%,[4.1%–53.3%],62%
Independent,BFA,87,2,0.287510263763625,0.25842271,0.15729857249050086,0.063649649175,0.6530611645000001,0.589411515325,0.5471059378242685,0.003283338088056625,-1.2871487775000001,1.2884516724999997,-2.515109554475,-0.509209221748875,-0.634680810739018,0.992125,Lalgaye,DHS 2021,2021,Low,High (20-50%),28.8%,[6.4%–65.3%],55%
Independent,BFA,88,2,0.204590042814875,0.174553985,0.12827015025411312,0.04073274122500001,0.52287804375,0.482145302525,0.6269618427626971,0.35666774476437874,-0.47715010674999997,1.207341375,-2.515109554475,-0.611949561968875,-0.7494800066128677,0.99975,Ouargaye,DHS 2021,2021,Low,High (20-50%),20.5%,[4.1%–52.3%],63%
Independent,BFA,89,2,0.1864142163515,0.176792895,0.0687954240173167,0.079553853525,0.3474334849999998,0.2678796314749998,0.36904601678874654,0.20540843201231,-0.2961807335,0.7107319292499998,-2.515109554475,-0.47980826516475,-0.7200115019265193,1,Sangha,DHS 2021,2021,Low,Moderate (5-20%),18.6%,[8.0%–34.7%],37%
Independent,BFA,90,2,0.258875228428875,0.23099829500000002,0.14402042384206704,0.056632309475,0.60087089325,0.544238583775,0.5563314215737567,0.02107306951173675,-0.8694308974999999,0.9073599017499998,-2.515109554475,-0.557018915581125,-0.6824625511253611,0.999125,Soudougui,DHS 2021,2021,Low,High (20-50%),25.9%,[5.7%–60.1%],56%
Independent,BFA,91,2,0.1850653720544125,0.15651863500000002,0.1227989561159142,0.03327494085000001,0.5064724374999999,0.47319749664999994,0.6635436697461107,0.0377967778858025,-1.2985373125000002,1.3515867074999985,-2.515109554475,-0.5076865687193375,-0.7256852436881864,0.995375,Yargatenga,DHS 2021,2021,Low,Moderate (5-20%),18.5%,[3.3%–50.6%],66%
Independent,BFA,92,2,0.1689256512373625,0.13795855499999998,0.11625974590983432,0.02922767945,0.468946231,0.43971855155,0.6882302661451591,0.02829572993407,-1.240816355,1.3229267799999997,-2.515109554475,-0.4957405443362625,-0.7342163050169114,0.992625,Yondé,DHS 2021,2021,Low,Moderate (5-20%),16.9%,[2.9%–46.9%],69%
Independent,BFA,93,2,0.19596664011625,0.1950441,0.02511725011229578,0.14981170075,0.247420737,0.09760903625,0.12817105042672516,1.0113683126725,0.63699873575,1.3861444774999996,-2.515109554475,-0.718620941885,-0.7857203356846687,1,Andemtenga,DHS 2021,2021,High,Moderate (5-20%),19.6%,[15.0%–24.7%],13%
Independent,BFA,94,2,0.151247592071,0.12330448,0.10730930610253746,0.025570565450000002,0.43461493549999963,0.4090443700499996,0.7094943108394305,0.059588371853291376,-1.2348534725,1.3712168674999998,-2.515109554475,-0.477510822786875,-0.7449741189240074,0.99125,Baskouré,DHS 2021,2021,Low,Moderate (5-20%),15.1%,[2.6%–43.5%],71%
Independent,BFA,95,2,0.1480384267358625,0.12238688,0.09950595663178896,0.0274563486,0.39935653049999964,0.3719001818999996,0.6721630243297061,0.085301365157285,-0.8644402594999999,1.0447953124999998,-2.515109554475,-0.5234223133203875,-0.7769738642546117,0.998625,Dialgaye,DHS 2021,2021,Low,Moderate (5-20%),14.8%,[2.7%–39.9%],67%
Independent,BFA,96,2,0.1606378928258,0.13400471,0.10829526418724425,0.030128813700000003,0.45117244124999994,0.42104362754999997,0.6741576491213224,0.05110721141989025,-1.1688461350000001,1.2818182249999999,-2.515109554475,-0.49041054784295,-0.739924591621097,0.99225,Gounghin,DHS 2021,2021,Low,Moderate (5-20%),16.1%,[3.0%–45.1%],67%
Independent,BFA,97,2,0.215011241359625,0.18702534,0.1287593771869789,0.045193535949999995,0.5338484254999998,0.4886548895499998,0.598849513042984,1.0174535525689703,0.18937452050000003,1.8633796224999999,-2.515109554475,-0.691924966004125,-0.76293291131478,1,Kando,DHS 2021,2021,Low,High (20-50%),21.5%,[4.5%–53.4%],60%
Independent,BFA,98,2,0.0533635771959125,0.047843008500000006,0.025777502059894597,0.019041124325000002,0.11791734674999992,0.09887622242499991,0.4830542368862986,-1.01957744124605,-1.8845917175,-0.14182948800000003,-2.515109554475,-0.3094569067179625,-0.8287503937480033,0.999625,Koupéla,DHS 2021,2021,Low,Moderate (5-20%),5.3%,[1.9%–11.8%],48%
Independent,BFA,99,2,0.068437975927375,0.0641408145,0.0255477364142434,0.031001076550000003,0.12968646049999996,0.09868538394999996,0.37329766212481424,0.04566692027100575,-0.6013674205,0.6926287352499996,-2.515109554475,-0.363413671848875,-0.8361738969190472,1,Pouytenga,DHS 2021,2021,Low,Moderate (5-20%),6.8%,[3.1%–13.0%],37%
Independent,BFA,100,2,0.07787744374375,0.077607761,0.007108780746828274,0.06491159010000001,0.092577722025,0.02766613192499999,0.09128163952349533,-0.350238886901825,-0.77966265725,0.07924997964999998,-2.515109554475,-0.579357994105,-0.8796624106142663,1,Tensobentenga,DHS 2021,2021,High,Moderate (5-20%),7.8%,[6.5%–9.3%],9%
Independent,BFA,101,2,0.140416225900775,0.11324033,0.10045907067508529,0.023876838775,0.40425049899999993,0.3803736602249999,0.7154377639096682,0.0093017887441075,-1.2854329775,1.3231844599999998,-2.515109554475,-0.47260836046485,-0.7569797114912582,0.99275,Yargo,DHS 2021,2021,Low,Moderate (5-20%),14.0%,[2.4%–40.4%],72%
Independent,BFA,102,2,0.154462243325,0.154069365,0.012893761243643552,0.130098793,0.181131833,0.05103304,0.08347516497293207,0.21921229625166488,-0.17391607450000002,0.6319897704999998,-2.515109554475,-0.57963219968,-0.789253295313276,1,Bourzanga,DHS 2021,2021,High,Moderate (5-20%),15.4%,[13.0%–18.1%],8%
Independent,BFA,103,2,0.28263047397375,0.282499895,0.019726072071631313,0.244819602,0.32243452475,0.07761492275000001,0.06979456883854435,0.2505423887957119,-0.031011105599999984,0.54381423875,-2.515109554475,-0.25857529286625,-0.4767518386124267,1,Guibare,DHS 2021,2021,High,High (20-50%),28.3%,[24.5%–32.2%],7%
Independent,BFA,104,2,0.088052894539875,0.0850478855,0.025252331174960542,0.047598390000000004,0.14565602349999995,0.09805763349999995,0.2867859291499492,-0.267038130112906,-0.79127633175,0.26081280874999957,-2.515109554475,-0.456687839447625,-0.8356039921751025,1,Kongoussi,DHS 2021,2021,Medium,Moderate (5-20%),8.8%,[4.8%–14.6%],29%
Independent,BFA,105,2,0.1686421127206875,0.14005689500000001,0.11379692401535008,0.030205484249999998,0.46473293274999994,0.4345274484999999,0.6747835530489681,0.0615916956039175,-1.2567674875000001,1.3907717899999998,-2.515109554475,-0.4958375926535625,-0.7349517168606209,0.993625,Nassere,DHS 2021,2021,Low,Moderate (5-20%),16.9%,[3.0%–46.5%],67%
Independent,BFA,106,2,0.33012397918125,0.32985745499999997,0.02190745879799086,0.28898204250000004,0.37360987225,0.08462782974999994,0.06636130720441508,0.34154170638611264,-0.028248949124999995,0.7236739382499998,-2.515109554475,-0.28724402579,-0.46445542979337867,1,Rollo,DHS 2021,2021,High,High (20-50%),33.0%,[28.9%–37.4%],7%
Independent,BFA,107,2,0.2132881896625,0.212962985,0.01676733748128503,0.18137083099999998,0.24731594799999998,0.065945117,0.0786135299278272,0.688490870731125,0.374674156,1.0167935074999999,-2.515109554475,-0.5542194638825,-0.7219660417957746,1,Rouko,DHS 2021,2021,High,High (20-50%),21.3%,[18.1%–24.7%],8%
Independent,BFA,108,2,0.119505809743925,0.095434523500000007,0.08807806245308565,0.020316952525,0.3494591842499997,0.32914223172499973,0.7370190841919553,-0.7337622271300912,-1.567122995,0.12395274999999971,-2.515109554475,-0.242363071321075,-0.6688492905695431,0.978125,Sabce,DHS 2021,2021,Low,Moderate (5-20%),12.0%,[2.0%–34.9%],74%
Independent,BFA,109,2,0.1988649096225,0.198499615,0.01573731272857702,0.16894129624999998,0.23044506324999997,0.06150376699999999,0.07913569446943025,0.2686507282101925,-0.05254702509999999,0.6007116237499996,-2.515109554475,-0.4215606471925,-0.6789781860000244,1,Tikare,DHS 2021,2021,High,Moderate (5-20%),19.9%,[16.9%–23.0%],8%
Independent,BFA,110,2,0.1757936732987,0.146551815,0.11820095945140206,0.030187916975000003,0.47879016949999975,0.44860225252499975,0.6723846042545615,0.08143731087131124,-1.280030845,1.3920610449999993,-2.515109554475,-0.496804562764175,-0.7289509008118502,0.993125,Zimtenga,DHS 2021,2021,Low,Moderate (5-20%),17.6%,[3.0%–47.9%],67%
Independent,BFA,111,2,0.22977808242125,0.229245165,0.017704035253295922,0.196832383,0.26565802125,0.06882563824999999,0.07704840717070342,0.418789344527725,0.15062287825,0.6926313347499998,-2.515109554475,-0.48405233997625,-0.6778618789101839,1,Boala,DHS 2021,2021,High,High (20-50%),23.0%,[19.7%–26.6%],8%
Independent,BFA,112,2,0.173125398719875,0.16257012999999998,0.0683617225798959,0.07019782017500001,0.33336096374999996,0.2631631435749999,0.3948682462849276,0.113254073473409,-0.52540114575,0.7496273722499991,-2.515109554475,-0.499229679586375,-0.7395242092166482,1,Boulsa,DHS 2021,2021,Low,Moderate (5-20%),17.3%,[7.0%–33.3%],39%
Independent,BFA,113,2,0.2113603917685125,0.18307603,0.12844141854473284,0.04361889485,0.5366320259999998,0.49301313114999984,0.607689158172101,0.18801512131657624,-0.8823732645,1.2644798749999997,-2.515109554475,-0.5258678224527376,-0.7110724140945802,0.998,Bouroum,DHS 2021,2021,Low,High (20-50%),21.1%,[4.4%–53.7%],61%
Independent,BFA,114,2,0.2036824651297625,0.175982945,0.12718046123411483,0.038635779775000004,0.5260442569999998,0.4874084772249998,0.6244055478859725,0.16955019302522104,-1.109447025,1.45362774,-2.515109554475,-0.5112835884589875,-0.7055463968800894,0.992625,Dargo,DHS 2021,2021,Low,High (20-50%),20.4%,[3.9%–52.6%],62%
Independent,BFA,115,2,0.206369631247875,0.176813365,0.12969583201036863,0.040675524325,0.5289389224999999,0.48826339817499986,0.6284637484019545,0.19638558068100626,-1.0839730074999998,1.53039847,-2.515109554475,-0.510259136138375,-0.7028250324636977,0.992875,Nagbingou,DHS 2021,2021,Low,High (20-50%),20.6%,[4.1%–52.9%],63%
Independent,BFA,116,2,0.14384072779625,0.14333762,0.012233982358955224,0.12097564949999999,0.16870562675,0.047729977250000014,0.08505228349709566,0.41266900259053,0.12102264150000001,0.7457674572499994,-2.515109554475,-0.70044070810875,-0.8295865276380192,1,Tougouri,DHS 2021,2021,High,Moderate (5-20%),14.4%,[12.1%–16.9%],9%
Independent,BFA,117,2,0.1956058876909375,0.16798164999999998,0.1232956648513526,0.0369824818,0.5066601297499997,0.4696776479499997,0.630326961559373,0.5496842985609837,-0.5858450445,1.7036143849999994,-2.515109554475,-0.5952473733978125,-0.7514687992461945,0.999,Yalgo,DHS 2021,2021,Low,Moderate (5-20%),19.6%,[3.7%–50.7%],63%
Independent,BFA,118,2,0.189656162865625,0.16103214999999999,0.12042040193716178,0.035055855225,0.4931628927499997,0.4581070375249997,0.6349406215841344,0.191589044185265,-1.071015115,1.45786667,-2.515109554475,-0.507948295802875,-0.7170378305162166,0.992375,Zeguedeguin,DHS 2021,2021,Low,Moderate (5-20%),19.0%,[3.5%–49.3%],63%
Independent,BFA,119,2,0.2369524447069,0.20827164,0.13860176783958572,0.0476571328,0.5746553684999995,0.5269982356999996,0.5849349560880461,0.225934642199115,-1.065994855,1.5226940199999994,-2.515109554475,-0.51647011056185,-0.678342178838203,0.99375,Barsalogho,DHS 2021,2021,Low,High (20-50%),23.7%,[4.8%–57.5%],58%
Independent,BFA,120,2,0.14430243169325,0.133808425,0.06315245333404812,0.051986608575,0.29458188049999995,0.24259527192499994,0.4376395643026589,0.011397162024566376,-1.0000362125,1.0219566199999985,-2.515109554475,-0.524361193237625,-0.7705462551215622,0.998625,Boussouma,DHS 2021,2021,Low,Moderate (5-20%),14.4%,[5.2%–29.5%],44%
Independent,BFA,121,2,0.277158542259625,0.25061812,0.15156161927683992,0.058878363575,0.6359608887499999,0.5770825251749999,0.5468408732459935,0.8638898137071638,-0.04059474709999999,1.7578820499999999,-2.515109554475,-0.632993665305375,-0.6955175428930427,1,Dablo,DHS 2021,2021,Low,High (20-50%),27.7%,[5.9%–63.6%],55%
Independent,BFA,122,2,0.1382777743285,0.132141105,0.04500255805441864,0.06887356757499999,0.24250861224999992,0.17363504467499993,0.3254504078689333,-0.0820428075847534,-0.65833223,0.49753794024999964,-2.515109554475,-0.3221701493765,-0.692556366337778,0.999875,Kaya,DHS 2021,2021,Medium,Moderate (5-20%),13.8%,[6.9%–24.3%],33%
Independent,BFA,123,2,0.08835229006845,0.0755127465,0.053369435648124595,0.022746218649999997,0.22510684049999996,0.20236062184999998,0.6040526579082126,-1.095725456312675,-1.7823380075,-0.43485908125000006,-2.515109554475,-0.2504759897503,-0.7382326623049228,0.99725,Korsimoro,DHS 2021,2021,Low,Moderate (5-20%),8.8%,[2.3%–22.5%],60%
Independent,BFA,124,2,0.189771214342375,0.1827682,0.0618661459966291,0.08998919807500001,0.33223104225,0.242241844175,0.3260038473749424,0.1619059170461616,-0.5586368380000001,0.87235675874999985,-2.515109554475,-0.488026234875125,-0.712434332683917,0.99975,Mane,DHS 2021,2021,Medium,Moderate (5-20%),19.0%,[9.0%–33.2%],33%
Independent,BFA,125,2,0.1453129053472875,0.119218905,0.1007430299838972,0.0258210819,0.4078408002499997,0.3820197183499997,0.693283433726196,-0.77101347229167,-1.644933325,0.09473743077499938,-2.515109554475,-0.1936642708014625,-0.5700579010172662,0.944,Namissiguima,DHS 2021,2021,Low,Moderate (5-20%),14.5%,[2.6%–40.8%],69%
Independent,BFA,126,2,0.22020582103615,0.191840375,0.1323478383078722,0.045317458375,0.5456463997500001,0.5003289413750001,0.6010187999805208,-0.001285549190104125,-0.8731125275,0.8582524797500001,-2.515109554475,-0.4946063246701,-0.6917841082546877,0.99725,Pensa,DHS 2021,2021,Low,High (20-50%),22.0%,[4.5%–54.6%],60%
Independent,BFA,127,2,0.0844051134315,0.08404293,0.007741401596590675,0.07013053529999999,0.10046927424999999,0.03033873895,0.09171721098240455,-0.27653618133943625,-1.13358458,0.5320016244999999,-2.515109554475,-0.573376787977875,-0.859597166016635,0.999875,Pibaore,DHS 2021,2021,High,Moderate (5-20%),8.4%,[7.0%–10.0%],9%
Independent,BFA,128,2,0.1824920034141625,0.15499406500000001,0.114435142085544,0.036467254025,0.4761879674999998,0.4397207134749998,0.6270693506818236,0.03837864508289679,-0.8111128795,0.8934153124999986,-2.515109554475,-0.4962693714383375,-0.7308597026590629,0.998625,Pissila,DHS 2021,2021,Low,Moderate (5-20%),18.2%,[3.6%–47.6%],63%
Independent,BFA,129,2,0.191880693491125,0.16472672500000002,0.12138046757463324,0.037062546625,0.49452175299999984,0.4574592063749998,0.6325830148213812,0.0780181426540625,-1.2035062024999998,1.3836267299999998,-2.515109554475,-0.502607656454875,-0.7131813578445085,0.99425,Ziga,DHS 2021,2021,Low,Moderate (5-20%),19.2%,[3.7%–49.5%],63%
Independent,BFA,130,2,0.23318156856775,0.203032015,0.1410112021190775,0.045639134750000004,0.5802689034999997,0.5346297687499997,0.6047270501918218,0.3121421812839221,-1.017208085,1.6348651675,-2.515109554475,-0.506044752776,-0.6783785416110621,0.993875,Bingo,DHS 2021,2021,Low,High (20-50%),23.3%,[4.6%–58.0%],60%
Independent,BFA,131,2,0.231806403719,0.205614035,0.13435986319201684,0.048386667425,0.5536801905,0.505293523075,0.5796210157976928,1.0223354683476586,0.19313687100000004,1.8504363599999996,-2.515109554475,-0.66620308612225,-0.7418988412863389,1,Imasgho,DHS 2021,2021,Low,High (20-50%),23.2%,[4.8%–55.4%],58%
Independent,BFA,132,2,0.39631497187625,0.39625084,0.023810083291782715,0.350405072,0.44422329625,0.09381822425000003,0.060078687360863706,1.6074543344625,1.3527104475,1.8676238825,-2.515109554475,-0.501986353485,-0.5587717253487775,1,Kindi,DHS 2021,2021,High,High (20-50%),39.6%,[35.0%–44.4%],6%
Independent,BFA,133,2,0.59288265858,0.5931705899999999,0.024404632917583668,0.544862868,0.64009696225,0.09523409425000007,0.04116266948342638,1.361601360875,1.118911485,1.613880845,-2.515109554475,-0.18493190669125,-0.237358158659969,1,Kokologho,DHS 2021,2021,High,Very high (≥50%),59.3%,[54.5%–64.0%],4%
Independent,BFA,134,2,0.064900836780375,0.0579030085,0.03323263636472562,0.021617199625000003,0.1461347444999999,0.12451754487499991,0.5120525098495287,0.01465353012471925,-0.7227564700000001,0.7827440364999999,-2.515109554475,-0.501911788079625,-0.8817856784935953,1,Koudougou,DHS 2021,2021,Low,Moderate (5-20%),6.5%,[2.2%–14.6%],51%
Independent,BFA,135,2,0.19144149956905,0.162915555,0.12334801318269349,0.036636124575,0.5015588114999999,0.46492268692499994,0.6443117791093345,0.32886208186302224,-0.9676800997499999,1.6453354475,-2.515109554475,-0.501452938799575,-0.7145826653008255,0.99375,Nandiala,DHS 2021,2021,Low,Moderate (5-20%),19.1%,[3.7%–50.2%],64%
Independent,BFA,136,2,0.17718348946475,0.15291090499999999,0.11146842406451059,0.03550163705000001,0.46480897099999996,0.42930733395,0.6291129292082648,0.12425469904362875,-0.6993633397500001,0.9452271224999981,-2.515109554475,-0.48979496425275,-0.7342907570937554,0.99875,Nanoro,DHS 2021,2021,Low,Moderate (5-20%),17.7%,[3.6%–46.5%],63%
Independent,BFA,137,2,0.199264026206875,0.17123971500000001,0.1236544569454394,0.038232067075,0.5050210959999999,0.4667890289249999,0.6205558489371379,0.2892016026345123,-0.5756946719999999,1.1260477875,-2.515109554475,-0.514853335055625,-0.7208966938772787,0.9985,Pella,DHS 2021,2021,Low,Moderate (5-20%),19.9%,[3.8%–50.5%],62%
Independent,BFA,138,2,0.188001198435875,0.15909493,0.12083844041227985,0.036151561500000005,0.49135445499999986,0.45520289349999987,0.6427535644327098,0.3094294110468125,-0.9705870282499999,1.5930973275,-2.515109554475,-0.499674279226625,-0.7163421811278632,0.992625,Poa,DHS 2021,2021,Low,Moderate (5-20%),18.8%,[3.6%–49.1%],64%
Independent,BFA,139,2,0.1681773532391,0.14079371499999999,0.10906075410578994,0.033634266925,0.44170172674999963,0.40806745982499965,0.6484865649582249,0.24026746769435925,-1.0075829825,1.505024505,-2.515109554475,-0.498674148264025,-0.7365404059642433,0.995,Ramongo,DHS 2021,2021,Low,Moderate (5-20%),16.8%,[3.4%–44.2%],65%
Independent,BFA,140,2,0.084513363584875,0.084125508,0.007644611948913941,0.07063462195,0.10019104799999999,0.029556426049999987,0.09045447518174587,-0.15238730429637376,-0.57356254925,0.27192658074999987,-2.515109554475,-0.595348961341375,-0.873977804449554,1,Sabou,DHS 2021,2021,High,Moderate (5-20%),8.5%,[7.1%–10.0%],9%
Independent,BFA,141,2,0.39620408170125,0.39611419000000003,0.023752467552582444,0.3500701425,0.4420655654999999,0.09199542299999991,0.05995008292340747,1.2307408709775,0.971768405,1.48978703,-2.515109554475,-0.43575155196125,-0.5236419760945404,1,Sigle,DHS 2021,2021,High,High (20-50%),39.6%,[35.0%–44.2%],6%
Independent,BFA,142,2,0.39602797887875,0.395899935,0.02352231395110464,0.35011055750000003,0.44236741949999997,0.09225686199999994,0.05939558618484971,0.9930985443338955,0.16075271700000002,1.8129268525,-2.515109554475,-0.35356484917375,-0.4453772704150775,0.979375,Soaw,DHS 2021,2021,High,High (20-50%),39.6%,[35.0%–44.2%],6%
Independent,BFA,143,2,0.126546708496375,0.11344631999999999,0.06534831462405301,0.03902445095,0.2868904652499999,0.24786601429999988,0.5163967945157969,-0.19475579581120772,-1.2800543674999998,0.9015439692499998,-2.515109554475,-0.590860318636125,-0.8158104350929365,0.999625,Sourgou,DHS 2021,2021,Low,Moderate (5-20%),12.7%,[3.9%–28.7%],52%
Independent,BFA,144,2,0.187158724801125,0.16064999,0.11645683358570824,0.037478896675,0.4874153694999998,0.4499364728249998,0.6222356649921362,0.2003033921699125,-0.6047886765,1.0093745874999998,-2.515109554475,-0.526732803696375,-0.7376572156914128,0.999625,Thyou,DHS 2021,2021,Low,Moderate (5-20%),18.7%,[3.7%–48.7%],62%
Independent,BFA,145,2,0.65934119170625,0.65966656,0.02226252576814827,0.61468018575,0.7021470947499999,0.08746690899999987,0.03376480348594189,1.4074105748782375,0.55589516275,2.2364178774999997,-2.515109554475,-0.1472952115675,-0.15603851777977257,0.873375,Dassa,DHS 2021,2021,High,Very high (≥50%),65.9%,[61.5%–70.2%],3%
Independent,BFA,146,2,0.234977106181625,0.207747455,0.132389132975021,0.052932287924999995,0.5531221015,0.5001898135749999,0.5634129006282472,0.5091045772688164,-0.31108756225,1.3290932475,-2.515109554475,-0.609578938698375,-0.7217690214608201,1,Didyr,DHS 2021,2021,Low,High (20-50%),23.5%,[5.3%–55.3%],56%
Independent,BFA,147,2,0.2025038125345875,0.17475975,0.1269953242757757,0.038618670675,0.5273495045000001,0.48873083382500004,0.6271255967296171,0.1481631546328642,-1.16016096,1.4300770074999982,-2.515109554475,-0.5160558189429125,-0.7110718398210372,0.99475,Godyr,DHS 2021,2021,Low,High (20-50%),20.3%,[3.9%–52.7%],63%
Independent,BFA,148,2,0.1681207066975,0.16762270499999998,0.014001977115251267,0.14168598775000002,0.19689533324999997,0.05520934549999995,0.08328526206141317,-0.04422391680057688,-0.40490565100000003,0.3256899725,-2.515109554475,-0.5823852585725,-0.7758554410318038,1,Kordie,DHS 2021,2021,High,Moderate (5-20%),16.8%,[14.2%–19.7%],8%
Independent,BFA,149,2,0.0677758823865,0.067455121,0.006261163259960264,0.0563197845,0.080963746,0.024643961500000006,0.09238040198805882,-0.3995020815854066,-1.2586142425,0.4813845574999987,-2.515109554475,-0.604991558141,-0.8904477679759876,1,Kyon,DHS 2021,2021,High,Moderate (5-20%),6.8%,[5.6%–8.1%],9%
Independent,BFA,150,2,0.220630301947125,0.19225679,0.13138578176295104,0.04680161477500001,0.5383725522499995,0.49157093747499947,0.5955019804779047,0.181951668970405,-1.0724498675,1.405385135,-2.515109554475,-0.519552061041375,-0.6937595467403713,0.993875,Pouni,DHS 2021,2021,Low,High (20-50%),22.1%,[4.7%–53.8%],60%
Independent,BFA,151,2,0.170010458281,0.16612833,0.041590351638478136,0.10057503525000001,0.26425007549999996,0.16367504024999996,0.24463407756795738,0.39031016514323374,-0.20763017599999997,0.99573359025,-2.515109554475,-0.6030526633265,-0.7777197583485661,1,Réo,DHS 2021,2021,Medium,Moderate (5-20%),17.0%,[10.1%–26.4%],24%
Independent,BFA,152,2,0.057219391409375,0.05690776,0.005388898215636872,0.04717855765,0.068386175475,0.021207617825000004,0.09417957938563355,-0.007651934105995825,-0.3436619905,0.3288737662499998,-2.515109554475,-0.857451967461875,-0.937439739232141,1,Tenado,DHS 2021,2021,High,Moderate (5-20%),5.7%,[4.7%–6.8%],9%
Independent,BFA,153,2,0.256769619470875,0.23012275,0.1408748671718611,0.05787646027499999,0.58916652875,0.5312900684749999,0.5486430499922921,-0.29266796487609836,-1.114343855,0.5099405909999997,-2.515109554475,-0.445173333620375,-0.6340189005506068,0.994375,Zamo,DHS 2021,2021,Low,High (20-50%),25.7%,[5.8%–58.9%],55%
Independent,BFA,154,2,0.33250831987875,0.33188517,0.022401288198307695,0.29016767250000003,0.3772882765,0.08712060399999999,0.06737060957294656,0.3769113138317245,-0.42753424775,1.216665087499999,-2.515109554475,-0.47415231239375,-0.5748534069487435,0.99675,Zawara,DHS 2021,2021,High,High (20-50%),33.3%,[29.0%–37.7%],7%
Independent,BFA,155,2,0.4412841282175,0.44128075,0.024255444771933945,0.395118794,0.4891233387499999,0.09400454474999992,0.05496559522752408,0.7091576932900987,-0.10740847649999999,1.5111868699999993,-2.515109554475,-0.36551519883875,-0.4368582328533235,0.98825,Bieha,DHS 2021,2021,High,High (20-50%),44.1%,[39.5%–48.9%],5%
Independent,BFA,156,2,0.211558079535,0.21118985,0.016471710461185483,0.18022575400000002,0.24513798824999994,0.06491223424999992,0.07785904701626116,0.23856323452601863,-0.027073658624999997,0.49932662475,-2.515109554475,-0.644384330655,-0.7527936215907919,1,Boura,DHS 2021,2021,High,High (20-50%),21.2%,[18.0%–24.5%],8%
Independent,BFA,157,2,0.24113143531625,0.23919743,0.03636286768532511,0.17571016274999998,0.31747789874999993,0.14176773599999995,0.15080102533141015,0.7472963993914338,0.21350889475000007,1.2683510499999997,-2.515109554475,-0.57303377031125,-0.7013798107193189,1,Leo,DHS 2021,2021,High,High (20-50%),24.1%,[17.6%–31.7%],15%
Independent,BFA,158,2,0.27570978845849997,0.248619775,0.15260344513960494,0.06057495017500001,0.6293274047499998,0.5687524545749998,0.5534930261011568,0.23895846673067875,-1.0240194249999999,1.5230202625,-2.515109554475,-0.512673188164,-0.6464487991034685,0.993375,Nebielianayou,DHS 2021,2021,Low,High (20-50%),27.6%,[6.1%–62.9%],55%
Independent,BFA,159,2,0.216305827015625,0.189262555,0.12947272561842893,0.044641023575,0.5392512429999999,0.49461021942499994,0.5985632814647955,-0.45201122279086375,-1.2847949149999998,0.3703873047499999,-2.515109554475,-0.366307603755625,-0.6281717484136551,0.985,Niabouri,DHS 2021,2021,Low,High (20-50%),21.6%,[4.5%–53.9%],60%
Independent,BFA,160,2,0.59377800524625,0.593601855,0.02377668243811887,0.5470514562500001,0.63932644725,0.09227499099999992,0.040043050143392,1.0096092339725,0.78843588725,1.2298520099999999,-2.515109554475,-0.20656513590125,-0.2577971275087,1,Silly,DHS 2021,2021,High,Very high (≥50%),59.4%,[54.7%–63.9%],4%
Independent,BFA,161,2,0.188719376501875,0.174882775,0.08317181689181621,0.06564928442500001,0.3862540252499997,0.3206047408249997,0.4407168910447829,0.24307803771246,-0.34567273574999996,0.8292996222499999,-2.515109554475,-0.584766592246875,-0.7559083342725051,1,Tô,DHS 2021,2021,Low,Moderate (5-20%),18.9%,[6.6%–38.6%],44%
Independent,BFA,162,2,0.3545797708425,0.35417619,0.022544617071503913,0.31071680425000003,0.399128673,0.08841186874999996,0.06358122748496546,0.67915717663821,-0.12683687824999998,1.4853891074999994,-2.515109554475,-0.4135286373125,-0.5188526241089472,0.99175,Bakata,DHS 2021,2021,High,High (20-50%),35.5%,[31.1%–39.9%],6%
Independent,BFA,163,2,0.2239919524808625,0.195354485,0.13495081862704036,0.046752417600000006,0.55158776875,0.50483535115,0.6024806567038177,0.2530460571784823,-0.9953671597499998,1.5340360399999995,-2.515109554475,-0.5139370130153875,-0.6897540966532466,0.994125,Bougnounou,DHS 2021,2021,Low,High (20-50%),22.4%,[4.7%–55.2%],60%
Independent,BFA,164,2,0.486666491955,0.486338855,0.03744887331266358,0.41315716900000005,0.55872647425,0.14556930524999995,0.07694976730825824,1.179681831326625,0.5635515445,1.79782463,-2.515109554475,-0.37823153031875,-0.43348218114017545,0.999625,Cassou,DHS 2021,2021,High,High (20-50%),48.7%,[41.3%–55.9%],8%
Independent,BFA,165,2,0.2449796128213375,0.21620232,0.14212976451447085,0.0505532096,0.5805986382499999,0.5300454286499999,0.580169765465853,0.2441833890997316,-1.0512691099999998,1.5476624575,-2.515109554475,-0.5124510360224125,-0.6701832252086322,0.99375,Dalo,DHS 2021,2021,Low,High (20-50%),24.5%,[5.1%–58.1%],58%
Independent,BFA,166,2,0.2462231898708125,0.215789375,0.14423336539044937,0.051263249675000004,0.5986394347499999,0.547376185075,0.5857830266358145,0.2315272639416625,-1.09325546,1.5351398999999963,-2.515109554475,-0.5124664737379375,-0.6686003277675747,0.9935,Gao,DHS 2021,2021,Low,High (20-50%),24.6%,[5.1%–59.9%],59%
Independent,BFA,167,2,0.22831813224825,0.2214362,0.06620667777922692,0.12015598525000001,0.3735143645,0.25335837924999993,0.28997555790812307,-0.4006528681644575,-0.8340909209999999,0.03771671217499985,-2.515109554475,-0.31479101754925,-0.5788188138767623,0.999875,Sapouy,DHS 2021,2021,Medium,High (20-50%),22.8%,[12.0%–37.4%],29%
Independent,BFA,168,2,0.27188183910125,0.27128974,0.019988887534668563,0.23436458975,0.31198471925,0.0776201295,0.07352049552388312,0.3585853597870218,-0.17121075149999998,0.9048172757499993,-2.515109554475,-0.4822760858675,-0.6331270152179063,1,Doulougou,DHS 2021,2021,High,High (20-50%),27.2%,[23.4%–31.2%],7%
Independent,BFA,169,2,0.23851484208,0.23803775,0.01774761667101516,0.2044059065,0.27459297375,0.07018706725000001,0.07440885655686974,-0.2906852099405525,-0.53526923625,-0.03545736360000006,-2.515109554475,-0.3208542880425,-0.5728401200736275,1,Gaongo,DHS 2021,2021,High,High (20-50%),23.9%,[20.4%–27.5%],7%
Independent,BFA,170,2,0.20644203147655,0.17731182,0.1268734385191384,0.039925442500000005,0.5221988224999997,0.4822733799999997,0.614571740123329,0.14066489646361124,-1.1547115399999999,1.4511408724999997,-2.515109554475,-0.50991777696845,-0.7037203301300846,0.993125,Ipelce,DHS 2021,2021,Low,High (20-50%),20.6%,[4.0%–52.2%],61%
Independent,BFA,171,2,0.18539490795825,0.172423445,0.08107882751108617,0.066534013375,0.3764574767499999,0.3099234633749999,0.4373303905916591,0.20085144827204274,-0.370586376,0.7649461237499998,-2.515109554475,-0.61357712065925,-0.7678886643827103,1,Kayao,DHS 2021,2021,Low,Moderate (5-20%),18.5%,[6.7%–37.6%],44%
Independent,BFA,172,2,0.088514046973,0.0830089775,0.035245542536581784,0.037050011900000006,0.17242929049999994,0.13537927859999993,0.39819151583175216,-0.39943158781294,-0.8837676564999999,0.08216154792499998,-2.515109554475,-0.50654922091825,-0.8508088359945554,1,Kombissiri,DHS 2021,2021,Low,Moderate (5-20%),8.9%,[3.7%–17.2%],40%
Independent,BFA,173,2,0.22557073853125,0.222559905,0.041472200144707046,0.15101690225,0.3152343105,0.16421740825,0.18385452126788862,0.14993510265846072,-0.14822467874999998,0.4511512104999999,-2.515109554475,-0.47483441909875,-0.6776911736865154,1,Sapone,DHS 2021,2021,Medium,High (20-50%),22.6%,[15.1%–31.5%],18%
Independent,BFA,174,2,0.258663146895125,0.232981275,0.14181263202786762,0.05866346655,0.589653492,0.53099002545,0.5482521717149199,0.8874765908655062,0.07923867610000004,1.6940514075,-2.515109554475,-0.662688149031125,-0.7192629621044057,1,Toece,DHS 2021,2021,Low,High (20-50%),25.9%,[5.9%–59.0%],55%
Independent,BFA,175,2,0.068521423311625,0.0682394305,0.00638906760543485,0.056817421025,0.082039443975,0.02522202295,0.09324189861582914,-0.85213016956875,-1.2194769625,-0.4837935462500002,-2.515109554475,-0.710412207685875,-0.911912104309156,1,Guiaro,DHS 2021,2021,High,Moderate (5-20%),6.9%,[5.7%–8.2%],9%
Independent,BFA,176,2,0.1418995467965,0.136651915,0.04057604370877033,0.07720671985,0.235467357,0.15826063715,0.2859490718949298,-0.64258315208695,-1.03144997,-0.24380536025000002,-2.515109554475,-0.30001018234225,-0.6780773592795168,1,Pô,DHS 2021,2021,Medium,Moderate (5-20%),14.2%,[7.7%–23.5%],29%
Independent,BFA,177,2,0.1568307193205,0.149443265,0.05461769013186357,0.07207486085,0.28231375575,0.2102388949,0.34825887663147553,0.35180769463913875,-0.12163478375,0.8258546927499999,-2.515109554475,-0.6907780566295,-0.8149215444472843,1,Tiébélé,DHS 2021,2021,Low,Moderate (5-20%),15.7%,[7.2%–28.2%],35%
Independent,BFA,178,2,0.14787208317835,0.11873251500000001,0.10886948446295279,0.023674437925000003,0.42848702975,0.404812591825,0.7362409599088708,-0.011145249166329875,-1.4547360824999997,1.3796799025,-2.515109554475,-0.47674654485665,-0.7533433514790504,0.993625,Zecco,DHS 2021,2021,Low,Moderate (5-20%),14.8%,[2.4%–42.8%],74%
Independent,BFA,179,2,0.165914188148125,0.13883962500000002,0.10952550650796704,0.031201103350000002,0.44222348125,0.4110223779,0.6601334565202149,-0.3472251534330275,-1.19970397,0.47962537599999994,-2.515109554475,-0.417579881754375,-0.7153522554308481,0.99625,Ziou,DHS 2021,2021,Low,Moderate (5-20%),16.6%,[3.1%–44.2%],66%
Independent,BFA,180,2,0.12535248624075,0.124956855,0.010977654060146464,0.10478071775,0.14824448725,0.0434637695,0.08757428264376789,0.03984875649963808,-0.7995223564999999,0.8737199914999998,-2.515109554475,-0.520968237283,-0.7862380422608278,0.999,Bere,DHS 2021,2021,High,Moderate (5-20%),12.5%,[10.5%–14.8%],9%
Independent,BFA,181,2,0.210149735505,0.20957034,0.016527246370004745,0.1793309815,0.2442161625,0.06488518100000001,0.07864509717458826,0.3332470690604585,-0.49699774999999996,1.162482537499999,-2.515109554475,-0.481315684131375,-0.6731346051671108,0.99725,Binde,DHS 2021,2021,High,High (20-50%),21.0%,[17.9%–24.4%],8%
Independent,BFA,182,2,0.245445622186625,0.21744308499999998,0.1411232923431612,0.051830028425,0.5780914775,0.526261449075,0.5749676489884911,0.6785860244825965,-0.273846728,1.6313315924999998,-2.515109554475,-0.645340858509625,-0.724697297585708,1,Gogo,DHS 2021,2021,Low,High (20-50%),24.5%,[5.2%–57.8%],57%
Independent,BFA,183,2,0.156320734671,0.14842887500000002,0.05482298128287124,0.07192252757499999,0.28331220325,0.211389675675,0.35070831389229506,-0.055195697392803625,-0.657469482,0.5484785207499999,-2.515109554475,-0.532193403834,-0.7708986657652851,1,Gomboussougou,DHS 2021,2021,Low,Moderate (5-20%),15.6%,[7.2%–28.3%],35%
Independent,BFA,184,2,0.1488650443063125,0.125138885,0.10018733505134682,0.026407211425,0.41196148799999993,0.3855542765749999,0.6730077938592227,-0.21032419170103375,-1.0476791300000001,0.5940818667499994,-2.515109554475,-0.3978458786411875,-0.7272580804508931,0.9955,Guiba,DHS 2021,2021,Low,Moderate (5-20%),14.9%,[2.6%–41.2%],67%
Independent,BFA,185,2,0.068934720803125,0.061994728,0.034253854443596736,0.023211798125,0.15498615174999997,0.13177435362499998,0.4969027805512475,0.05591645176311062,-0.5871664907499999,0.6949122677499998,-2.515109554475,-0.646164157588125,-0.9032260044104634,1,Manga,DHS 2021,2021,Low,Moderate (5-20%),6.9%,[2.3%–15.5%],50%
Independent,BFA,186,2,0.108526757025625,0.10317582,0.03653645675906504,0.05289716865,0.19304068099999994,0.14014351234999994,0.3366585140882646,-0.2753962838383789,-0.7400930059999999,0.18754396999999978,-2.515109554475,-0.580035308564375,-0.8422409669715498,1,Nobere,DHS 2021,2021,Low,Moderate (5-20%),10.9%,[5.3%–19.3%],34%
Independent,BFA,187,2,0.29095011065375,0.2903148,0.02906747557546241,0.23661342875,0.350477543,0.11386411425000001,0.09990536009816006,0.537113888454325,0.1325316995,0.9396302087499999,-2.515109554475,-0.48521033559125,-0.6229022368747569,1,Bilanga,DHS 2021,2021,High,High (20-50%),29.1%,[23.7%–35.0%],10%
Independent,BFA,188,2,0.2891703083725,0.283204115,0.08051137878720482,0.15313963025000002,0.46312260699999985,0.30998297674999986,0.2784220110298898,0.4235559064539281,-0.19227533549999992,1.0384356275,-2.515109554475,-0.4134795163375,-0.5818463487603364,0.999125,Bogandé,DHS 2021,2021,Medium,High (20-50%),28.9%,[15.3%–46.3%],28%
Independent,BFA,189,2,0.199288437121175,0.17170790000000002,0.12448402679031574,0.03960853135,0.5107071199999998,0.47109858864999987,0.6246424960150834,0.1591743904988925,-0.8344870357499999,1.1739464499999999,-2.515109554475,-0.536921850328825,-0.7279480431230568,0.9975,Koalla,DHS 2021,2021,Low,Moderate (5-20%),19.9%,[4.0%–51.1%],62%
Independent,BFA,190,2,0.2040587690470625,0.17732552000000001,0.1235138431312905,0.03979679877500001,0.51688924925,0.477092450475,0.6052856425043133,0.17299781473985326,-0.68141287025,0.9921790097499998,-2.515109554475,-0.5945732125291875,-0.7444814748188716,0.999875,Liptougou,DHS 2021,2021,Low,High (20-50%),20.4%,[4.0%–51.7%],61%
Independent,BFA,191,2,0.31160957359375,0.30896466,0.057794195396506355,0.20832397075000003,0.4340842212499999,0.22576025049999987,0.18546989660803392,1.2031024994475,0.7436868577499999,1.7048884299999998,-2.515109554475,-0.46444487643875,-0.5982546202550373,1,Mani,DHS 2021,2021,Medium,High (20-50%),31.2%,[20.8%–43.4%],19%
Independent,BFA,192,2,0.32365703150625,0.32182493,0.04889835756201877,0.23354778775,0.42370206574999997,0.19015427799999995,0.1510807824395266,0.5586949965991375,0.26103295750000005,0.8686866672499999,-2.515109554475,-0.41531263591625,-0.5617394786369111,1,Piéla,DHS 2021,2021,High,High (20-50%),32.4%,[23.4%–42.4%],15%
Independent,BFA,193,2,0.22177467746375,0.221252,0.016807351601100414,0.19001410275,0.256356217,0.06634211425,0.07578571094460343,0.521644597190975,-0.31612014775,1.3573975299999992,-2.515109554475,-0.4818715191245,-0.6631444973400736,0.997625,Thion,DHS 2021,2021,High,High (20-50%),22.2%,[19.0%–25.6%],8%
Independent,BFA,194,2,0.1723744731722375,0.14648068,0.11251188301987466,0.0327249589,0.4640723462499998,0.43134738734999983,0.6527177774603098,-0.20019715757735226,-1.0526679275,0.6664570009999995,-2.515109554475,-0.4558447488815125,-0.7243188597239913,0.997,Diabo,DHS 2021,2021,Low,Moderate (5-20%),17.2%,[3.3%–46.4%],65%
Independent,BFA,195,2,0.1780786826665375,0.151771535,0.11325032807052868,0.0339889529,0.46708696725000004,0.43309801435000006,0.6359566814776836,-0.01707678493715561,-0.85118685825,0.7871684767499996,-2.515109554475,-0.5218593523897125,-0.7454042401881662,0.999375,Diapangou,DHS 2021,2021,Low,Moderate (5-20%),17.8%,[3.4%–46.7%],64%
Independent,BFA,196,2,0.24819040890375,0.246175245,0.03762063303465408,0.17942677324999998,0.3261781199999999,0.14675134674999993,0.1515797213954534,0.0079934086359420755,-0.38010159025,0.3968013042499998,-2.515109554475,-0.40962474621125,-0.6191433923985447,1,Fada N'gourma,DHS 2021,2021,High,High (20-50%),24.8%,[17.9%–32.6%],15%
Independent,BFA,197,2,0.253657662049875,0.22481964999999998,0.1426807521412523,0.055752495675000006,0.5961337647499999,0.540381269075,0.5624933660123302,-0.3673108753790931,-1.4462806325,0.6912730737499997,-2.515109554475,-0.486868681261375,-0.6543724805450813,0.994125,Matiacoali,DHS 2021,2021,Low,High (20-50%),25.4%,[5.6%–59.6%],56%
Independent,BFA,198,2,0.3654019402275,0.36481774499999997,0.022922702128490326,0.32176576199999996,0.4106499,0.08888413800000006,0.06273284185141054,0.84445083430375,0.5647377587499999,1.1314829849999999,-2.515109554475,-0.46658408489875,-0.5606910802810852,1,Tibga,DHS 2021,2021,High,High (20-50%),36.5%,[32.2%–41.1%],6%
Independent,BFA,199,2,0.28139192673125,0.279782535,0.041092346543024585,0.20587433,0.36757807375,0.16170374375000002,0.1460324289341492,-0.3014226612842382,-0.66078962025,0.07225569972499996,-2.515109554475,-0.3220038175025,-0.5329380479006568,1,Yamba,DHS 2021,2021,High,High (20-50%),28.1%,[20.6%–36.8%],15%
Independent,BFA,200,2,0.14332414488195,0.116492975,0.10152507103373647,0.026113358575,0.41465347049999984,0.3885401119249998,0.7083598588176357,-0.8224211158213589,-1.6611745974999998,0.01891126289999992,-2.515109554475,-0.27760261995305,-0.65874327875103,0.976625,Bartiébougou,DHS 2021,2021,Low,Moderate (5-20%),14.3%,[2.6%–41.5%],71%
Independent,BFA,201,2,0.286361796307125,0.26029951,0.1583807325834992,0.057677235575000006,0.6527199982499994,0.5950427626749993,0.5530791279631266,-0.21530111967839874,-1.53195951,1.0685402774999984,-2.515109554475,-0.5067758002966251,-0.6365387023191258,0.993875,Foutouri,DHS 2021,2021,Low,High (20-50%),28.6%,[5.8%–65.3%],55%
Independent,BFA,202,2,0.14709407351255,0.12028815500000001,0.10021929798680294,0.027279297450000003,0.40721370949999997,0.37993441204999995,0.6813279120878536,-0.7690280396142063,-1.5828374525000002,0.049064703324999584,-2.515109554475,-0.26944331807995,-0.6458743423785783,0.977125,Gayéri,DHS 2021,2021,Low,Moderate (5-20%),14.7%,[2.7%–40.7%],68%
Independent,BFA,203,2,0.205971541666275,0.17346325,0.1373476486021984,0.03301675555,0.5559429634999995,0.5229262079499994,0.6668282787567599,-0.12715051220008625,-1.58604741,1.3161288899999999,-2.515109554475,-0.503949381131975,-0.7041605336563814,0.99325,Kompienga,DHS 2021,2021,Low,High (20-50%),20.6%,[3.3%–55.6%],67%
Independent,BFA,204,2,0.354993197903,0.33280845000000003,0.1799791847492748,0.07889793825000001,0.7503015084999999,0.6714035702499999,0.5069933334284707,-0.21562025621258438,-1.6663944274999998,1.2204127974999999,-2.515109554475,-0.48262402787575,-0.5764357212712617,0.993,Madjoari,DHS 2021,2021,Low,High (20-50%),35.5%,[7.9%–75.0%],51%
Independent,BFA,205,2,0.288601587226,0.26152678,0.15686138010037326,0.062993272125,0.64545488325,0.5824616111250001,0.5435222363400838,-0.7815392031996131,-1.679465955,0.11603529799999976,-2.515109554475,-0.379569594784,-0.5665155339626082,0.979375,Pama,DHS 2021,2021,Low,High (20-50%),28.9%,[6.3%–64.5%],54%
Independent,BFA,206,2,0.2029416085801,0.172917575,0.1304338234535666,0.03729725155,0.5358388219999999,0.49854157044999986,0.6427160224369911,-0.38460369197872635,-1.2783177074999998,0.4999290364999996,-2.515109554475,-0.51167004276365,-0.7159740913840401,0.998,Botou,DHS 2021,2021,Low,High (20-50%),20.3%,[3.7%–53.6%],64%
Independent,BFA,207,2,0.27503047457575,0.24725935,0.15079382608862377,0.058818868899999995,0.6292596079999998,0.5704407390999998,0.5482804271825941,-0.5232156050593875,-1.4082597374999999,0.3425230932499997,-2.515109554475,-0.48151804271674997,-0.6361628474528875,0.996375,Diapaga,DHS 2021,2021,Low,High (20-50%),27.5%,[5.9%–62.9%],55%
Independent,BFA,208,2,0.2096372531483375,0.17736138499999998,0.1337636893950067,0.03911568745,0.5450705997499999,0.5059549122999999,0.6380721335837991,-0.6640325972596506,-1.728294195,0.40704402449999966,-2.515109554475,-0.4151882609729125,-0.6584171385683447,0.985875,Kantchari,DHS 2021,2021,Low,High (20-50%),21.0%,[3.9%–54.5%],64%
Independent,BFA,209,2,0.25951850253575,0.227767655,0.15175068212961712,0.053917180050000006,0.6242700365,0.57035285645,0.584739356334382,-0.22500845215090862,-1.5194382399999997,1.08319199,-2.515109554475,-0.509422332902125,-0.6575696822210901,0.9925,Logobou,DHS 2021,2021,Low,High (20-50%),26.0%,[5.4%–62.4%],58%
Independent,BFA,210,2,0.106907818027925,0.0804276075,0.08856783633107611,0.014197735575000002,0.35536903799999986,0.3411713024249999,0.828450509652546,-0.232222877022845,-1.6635429824999999,1.1793573825,-2.515109554475,-0.4332371395982,-0.7880400390921432,0.99275,Namounou,DHS 2021,2021,Low,Moderate (5-20%),10.7%,[1.4%–35.5%],83%
Independent,BFA,211,2,0.1872419113111375,0.159276895,0.1196035919763718,0.034418556775000005,0.4895874322499999,0.4551688754749999,0.6387650667463441,-0.28621031505324873,-1.14474386,0.5491408927499999,-2.515109554475,-0.5302526112126125,-0.7388637901142447,0.998375,Partiaga,DHS 2021,2021,Low,Moderate (5-20%),18.7%,[3.4%–49.0%],64%
Independent,BFA,212,2,0.208594549456775,0.180094575,0.12725306636301104,0.042527233325,0.5262063109999999,0.48367907767499996,0.610049815272764,-0.05819992649173175,-0.9296922307500001,0.8121012949999996,-2.515109554475,-0.575946062856975,-0.7341085176538834,0.99975,Tambaga,DHS 2021,2021,Low,High (20-50%),20.9%,[4.3%–52.6%],61%
Independent,BFA,213,2,0.1747221349881375,0.144320925,0.12121052214074754,0.029358777750000002,0.4905729274999999,0.4612141497499999,0.6937330644968193,-0.235543382044505,-1.622678355,1.1274215624999993,-2.515109554475,-0.4976318737049875,-0.7326739984894045,0.995,Tansarga,DHS 2021,2021,Low,Moderate (5-20%),17.5%,[2.9%–49.1%],69%
Independent,BFA,214,2,0.1109154107445,0.109770655,0.016998818577218137,0.0803835678,0.1470519265,0.06666835870000001,0.15325930331156495,-0.3008893347772381,-0.84241494775,0.2185425497499999,-2.515109554475,-0.5867582922755,-0.8388063859166676,1,Bama,DHS 2021,2021,High,Moderate (5-20%),11.1%,[8.0%–14.7%],15%
Independent,BFA,215,2,0.0465981593647625,0.041737986500000004,0.023190877980767216,0.0159781422,0.10301534524999997,0.08703720304999997,0.4976779833562298,-1.1402118120887508,-1.9057280675000001,-0.3904250447500008,-2.515109554475,-0.2979270685427375,-0.8583108287838297,1,Bobo-Dioulasso,DHS 2021,2021,Low,Low (1-5%),4.7%,[1.6%–10.3%],50%
Independent,BFA,216,2,0.159904379898275,0.131614965,0.11100928483725599,0.027096801425,0.44248949024999973,0.41539268882499975,0.6942229156441857,-0.3612060576711367,-1.762542125,0.9888331667499999,-2.515109554475,-0.5080268811971,-0.7512865279952047,0.994375,Dandé,DHS 2021,2021,Low,Moderate (5-20%),16.0%,[2.7%–44.2%],69%
Independent,BFA,217,2,0.08394592392125,0.0835723795,0.0077502558394580475,0.0698197121,0.10002053975000001,0.03020082765000001,0.09232438547854441,-0.5722214099440438,-1.0463546350000001,-0.143437786,-2.515109554475,-0.5000897950125,-0.8560214331497389,1,Faramana,DHS 2021,2021,High,Moderate (5-20%),8.4%,[7.0%–10.0%],9%
Independent,BFA,218,2,0.158697584050025,0.131773895,0.10645510398820873,0.0292209409,0.4351990652499997,0.4059781243499997,0.6708048180157029,-0.011922794378598625,-0.9381833900000001,0.8842026845,-2.515109554475,-0.608994568671225,-0.7931852772660126,0.999875,Fo,DHS 2021,2021,Low,Moderate (5-20%),15.9%,[2.9%–43.5%],67%
Independent,BFA,219,2,0.149825748259125,0.12224285,0.10494453207902944,0.026208494825,0.4260126179999999,0.3998041231749999,0.7004439043249556,-0.46310057126122123,-1.8121809899999999,0.8977373394999998,-2.515109554475,-0.493569191116,-0.7557392660284509,0.9945,Karankasso-Sambla,DHS 2021,2021,Low,Moderate (5-20%),15.0%,[2.6%–42.6%],70%
Independent,BFA,220,2,0.254007868059875,0.2498221,0.06049229652667178,0.14892115949999998,0.38565228725,0.23673112775000002,0.2381512706228945,0.3566031030235114,-0.39594158574999994,1.10483736,-2.515109554475,-0.564581153873875,-0.6864798043269607,1,Karankasso-Vigué,DHS 2021,2021,Medium,High (20-50%),25.4%,[14.9%–38.6%],24%
Independent,BFA,221,2,0.1608799916463,0.136287195,0.10590599299506726,0.02968478955,0.43662836224999996,0.4069435727,0.6582918852202895,-0.2050325704607575,-1.09975976,0.6961788107499997,-2.515109554475,-0.5657135673387,-0.778511756696505,0.999625,Koundougou,DHS 2021,2021,Low,Moderate (5-20%),16.1%,[3.0%–43.7%],66%
Independent,BFA,222,2,0.078091396908375,0.0777871705,0.007264083218790443,0.06483588025,0.093157265075,0.02832138482499999,0.09302027504148026,-0.7167947703194962,-1.5457752799999998,0.13816864474999965,-2.515109554475,-0.59434247354025,-0.8744819991623449,1,Lena,DHS 2021,2021,High,Moderate (5-20%),7.8%,[6.5%–9.3%],9%
Independent,BFA,223,2,0.134322504137,0.134023795,0.011716520663696729,0.11218035,0.158918657,0.04673830699999999,0.0872267885338607,-0.030077893245800125,-0.5983567535000001,0.5300979939999998,-2.515109554475,-0.68439968692925,-0.8346161943894285,1,Padéma,DHS 2021,2021,High,Moderate (5-20%),13.4%,[11.2%–15.9%],9%
Independent,BFA,224,2,0.16654947127125,0.16595957,0.01401081140220639,0.1410202365,0.195065421,0.05404518449999998,0.08412402210144365,0.020685686769658124,-0.48272911074999997,0.4802039052499999,-2.515109554475,-0.6206056646475,-0.7883292852485811,1,Peni,DHS 2021,2021,High,Moderate (5-20%),16.7%,[14.1%–19.5%],8%
Independent,BFA,225,2,0.1859857476970625,0.15956633,0.11637448732880515,0.037281623375,0.4778123034999998,0.4405306801249998,0.6257172324750301,-0.08469896883993025,-0.9331504362499999,0.7656987372499999,-2.515109554475,-0.5951704563079375,-0.761854940514729,0.9995,Satiri,DHS 2021,2021,Low,Moderate (5-20%),18.6%,[3.7%–47.8%],63%
Independent,BFA,226,2,0.3586951921075,0.35850342,0.022686398296793583,0.31508387974999996,0.4040415715,0.08895769175000001,0.06324700970620908,0.49288244195331377,-0.5247789915000001,1.4808928024999999,-2.515109554475,-0.2898437485925,-0.38597871031784137,0.9295,Toussiana,DHS 2021,2021,High,High (20-50%),35.9%,[31.5%–40.4%],6%
Independent,BFA,227,2,0.109297345281275,0.085005352,0.08567115844248378,0.016576276350000002,0.33857205649999994,0.32199578014999997,0.7838356752582637,-0.5055713788925785,-1.9490174975,0.8878818262499996,-2.515109554475,-0.4478380047846,-0.7872483250271205,0.993375,Banzon,DHS 2021,2021,Low,Moderate (5-20%),10.9%,[1.7%–33.9%],78%
Independent,BFA,228,2,0.1383407257513875,0.11220299,0.09865488076760043,0.02403242495,0.3943718344999999,0.3703394095499999,0.7131297037207495,-0.5451003800388757,-1.8946583925,0.7768454342499992,-2.515109554475,-0.4811646405301125,-0.7616316068379064,0.9925,Djigouera,DHS 2021,2021,Low,Moderate (5-20%),13.8%,[2.4%–39.4%],71%
Independent,BFA,229,2,0.10669068182065,0.0830755735,0.08192933528454016,0.016392333550000002,0.3294990084999999,0.3131066749499999,0.7679146284046215,-0.3999304242518825,-1.4918623899999999,0.6976842002499992,-2.515109554475,-0.5018707365031,-0.8233162632729758,0.998875,Kangala,DHS 2021,2021,Low,Moderate (5-20%),10.7%,[1.6%–32.9%],77%
Independent,BFA,230,2,0.1745063767434125,0.145060145,0.11762723392695935,0.0299662525,0.4755482172499995,0.4455819647499995,0.6740569377582915,-0.3742837561453059,-1.7168173825,0.9314757127499996,-2.515109554475,-0.5128741644677125,-0.7358559418084222,0.99475,Kayan,DHS 2021,2021,Low,Moderate (5-20%),17.5%,[3.0%–47.6%],67%
Independent,BFA,231,2,0.1484131632763125,0.119186775,0.10583930261276799,0.024812687025000002,0.4296111389999996,0.4047984519749996,0.7131395913697939,-0.50920177687034,-1.8933816349999997,0.8466526927499999,-2.515109554475,-0.4906697198948125,-0.7586942196400992,0.995125,Koloko,DHS 2021,2021,Low,Moderate (5-20%),14.8%,[2.5%–43.0%],71%
Independent,BFA,232,2,0.08489977257755,0.0639666535,0.06993266210363125,0.0132742038,0.2824275762499999,0.26915337244999993,0.823708473891996,-1.77107877667425,-2.7758327575,-0.7531259772500002,-2.515109554475,-0.06246738421495,-0.42081861193038683,0.85575,Kourinion,DHS 2021,2021,Low,Moderate (5-20%),8.5%,[1.3%–28.2%],82%
Independent,BFA,233,2,0.1528171530868375,0.126577025,0.10256304260016257,0.0287951499,0.4190298399999998,0.39023469009999984,0.6711487586860206,-0.6460744620356025,-1.5646180325,0.27585349149999944,-2.515109554475,-0.4477427415331625,-0.7453130856974486,0.99775,Kourouma,DHS 2021,2021,Low,Moderate (5-20%),15.3%,[2.9%–41.9%],67%
Independent,BFA,234,2,0.192449111701625,0.16004732500000002,0.13179738927541704,0.0298947164,0.5288741177499998,0.4989794013499998,0.684842803949945,-0.5098314079680775,-2.0016037175,0.9169817397499991,-2.515109554475,-0.517564265933375,-0.724839012275511,0.9945,Morolaba,DHS 2021,2021,Low,Moderate (5-20%),19.2%,[3.0%–52.9%],68%
Independent,BFA,235,2,0.132658103625125,0.105866305,0.09627430145751363,0.022931597825,0.38695829949999955,0.36402670167499956,0.7257325321758904,-1.1861180099472626,-2.1572686375,-0.2564704322500001,-2.515109554475,-0.272328227992375,-0.671433072986582,0.977375,N'dorola,DHS 2021,2021,Low,Moderate (5-20%),13.3%,[2.3%–38.7%],73%
Independent,BFA,236,2,0.0549273696862625,0.048204674,0.030599935827903074,0.016188170475,0.1344798175,0.11829164702499999,0.557098146200804,-0.72765338947252,-1.96036635,0.4871583917499994,-2.515109554475,-0.4070818321069875,-0.8586370841567283,0.99875,Orodara,DHS 2021,2021,Low,Moderate (5-20%),5.5%,[1.6%–13.4%],56%
Independent,BFA,237,2,0.1425674567669375,0.114088885,0.10366158676169357,0.023419467975000004,0.41183226799999983,0.38841280002499984,0.7271055338467222,-0.5971888394328275,-2.020108685,0.8043323634999974,-2.515109554475,-0.4793568286525625,-0.7621521825713696,0.9955,Samogohiri,DHS 2021,2021,Low,Moderate (5-20%),14.3%,[2.3%–41.2%],73%
Independent,BFA,238,2,0.072546353018125,0.0722766325,0.006712648685965263,0.060245456225,0.086498220775,0.026252764549999995,0.09252909907529291,-0.8085678941069275,-1.4174438,-0.2932429165000003,-2.515109554475,-0.656646111385625,-0.9004437550182295,1,Samorogouan,DHS 2021,2021,High,Moderate (5-20%),7.3%,[6.0%–8.6%],9%
Independent,BFA,239,2,0.193599804799225,0.164938065,0.12449237288118072,0.0360048481,0.5111435105000001,0.4751386624000001,0.6430397644785181,-0.13202012223454376,-1.14189939,0.8460031937499999,-2.515109554475,-0.628222553960775,-0.7644445044521998,0.999875,Sindo,DHS 2021,2021,Low,Moderate (5-20%),19.4%,[3.6%–51.1%],64%
Independent,BFA,240,2,0.112190025656875,0.11174531500000001,0.009729566252795033,0.093970687175,0.132585489,0.038614801825,0.0867239863421745,-0.504760036348137,-1.331332725,0.34515711499999985,-2.515109554475,-0.58826714113475,-0.8284611666609443,0.999625,Bekuy,DHS 2021,2021,High,Moderate (5-20%),11.2%,[9.4%–13.3%],9%
Independent,BFA,241,2,0.1765683004075,0.17632458,0.01455357847941974,0.148986653,0.20605470750000002,0.05706805450000002,0.08242463933691212,-0.1205183798660425,-0.93698003725,0.6904029604999989,-2.515109554475,-0.53548803921625,-0.7360633166533449,0.998875,Bereba,DHS 2021,2021,High,Moderate (5-20%),17.7%,[14.9%–20.6%],8%
Independent,BFA,242,2,0.1904582266883625,0.16601691000000002,0.11545057813502976,0.04121957715,0.4763021517499999,0.4350825745999999,0.6061727032875084,-0.14175366631437475,-0.9847536432499999,0.6893402985,-2.515109554475,-0.5424096757328875,-0.7401017190758109,0.999875,Boni,DHS 2021,2021,Low,Moderate (5-20%),19.0%,[4.1%–47.6%],61%
Independent,BFA,243,2,0.222076088363125,0.19616546,0.12812543993275355,0.0494559267,0.5378124544999998,0.48835652779999983,0.5769438793574696,0.1279030754676276,-0.7254063249999999,0.9716003842499998,-2.515109554475,-0.594715164430625,-0.7280832597713539,0.99975,Founzan,DHS 2021,2021,Low,High (20-50%),22.2%,[4.9%–53.8%],58%
Independent,BFA,244,2,0.0982696030285,0.093466256,0.03372611892990868,0.046485377375000005,0.17610132124999997,0.12961594387499997,0.3431999101505221,-0.5262347061193775,-1.0932344725,0.041503630874999656,-2.515109554475,-0.59618685791025,-0.8572020237461981,1,Houndé,DHS 2021,2021,Low,Moderate (5-20%),9.8%,[4.6%–17.6%],34%
Independent,BFA,245,2,0.2444196528151625,0.21862224000000002,0.13724999419219108,0.0541886549,0.5764130009999998,0.5222243460999998,0.5615341999359751,0.12605485281551376,-0.72165781,0.9552920862499998,-2.515109554475,-0.5729955101748375,-0.7009779494139058,0.999875,Koti,DHS 2021,2021,Low,High (20-50%),24.4%,[5.4%–57.6%],56%
Independent,BFA,246,2,0.072581225303,0.06696155100000001,0.03201756011010147,0.0274436869,0.1498125944999999,0.1223689075999999,0.44112730222505747,-0.5836542673598974,-1.1784125925,-0.005052669645000022,-2.515109554475,-0.759143104097,-0.9127254506086263,1,Koumbia,DHS 2021,2021,Low,Moderate (5-20%),7.3%,[2.7%–15.0%],44%
Independent,BFA,247,2,0.244503932512,0.216089595,0.14623043238353614,0.0465136072,0.5993190415,0.5528054343000001,0.5980698587592627,0.05045865630031941,-1.2678430375,1.3871865199999998,-2.515109554475,-0.52078951231425,-0.6754854903994463,0.99375,Banh,DHS 2021,2021,Low,High (20-50%),24.5%,[4.7%–59.9%],60%
Independent,BFA,248,2,0.1899887652410875,0.16304422000000002,0.11938271184185512,0.038672806075,0.490932287,0.452259480925,0.6283672178739813,-0.4502402968267336,-1.291337115,0.39553958274999884,-2.515109554475,-0.3470524566601625,-0.6457959717195139,0.985375,Ouindigui,DHS 2021,2021,Low,Moderate (5-20%),19.0%,[3.9%–49.1%],63%
Independent,BFA,249,2,0.215299224867225,0.18572802,0.1369343890023235,0.039001420800000006,0.5530330459999999,0.5140316251999999,0.6360189595980706,0.1052220891192625,-1.2501828825,1.4555383499999983,-2.515109554475,-0.512833970681525,-0.6981688661470263,0.992875,Solle,DHS 2021,2021,Low,High (20-50%),21.5%,[3.9%–55.3%],64%
Independent,BFA,250,2,0.181020993523,0.15229831500000002,0.11391616059578848,0.037676133274999996,0.4654656287499999,0.4277894954749999,0.629298063052088,-0.09893260279301637,-0.95572820225,0.7883421947499999,-2.515109554475,-0.482788292232,-0.7261661725510414,0.999375,Titao,DHS 2021,2021,Low,Moderate (5-20%),18.1%,[3.8%–46.5%],63%
Independent,BFA,251,2,0.22154025569625,0.209236185,0.08269973524584583,0.09243346372500001,0.40929070599999984,0.31685724227499984,0.3732943928675157,0.57673747945591,0.028753038825000014,1.1347230499999996,-2.515109554475,-0.54191341119625,-0.709707551433956,1,Arbolle,DHS 2021,2021,Low,High (20-50%),22.2%,[9.2%–40.9%],37%
Independent,BFA,252,2,0.2105315260439125,0.180200105,0.13342461646176318,0.0389652084,0.5473847372499998,0.5084195288499999,0.6337512436685305,0.09659383867057125,-1.2134120075000001,1.4023780049999999,-2.515109554475,-0.5190060619198374,-0.7045748557389977,0.992,Bagare,DHS 2021,2021,Low,High (20-50%),21.1%,[3.9%–54.7%],63%
Independent,BFA,253,2,0.271922011123,0.25939051999999996,0.10301298010629709,0.11101034325,0.50637379025,0.3953634469999999,0.37883281195541263,0.5853776655197812,0.007807948262500007,1.1815933399999998,-2.515109554475,-0.5134251406445,-0.6536252308800362,1,Bokin,DHS 2021,2021,Low,High (20-50%),27.2%,[11.1%–50.6%],38%
Independent,BFA,254,2,0.17638196172625,0.175860915,0.014152921022732906,0.14959237775,0.20529855325,0.05570617549999998,0.08024018377059813,0.22529359922673262,-0.625420059,1.0740132749999998,-2.515109554475,-0.5071212040375,-0.7216022670967787,0.998875,Gomponsom,DHS 2021,2021,High,Moderate (5-20%),17.6%,[15.0%–20.5%],8%
Independent,BFA,255,2,0.160074042157175,0.136066855,0.10392310321279236,0.0312224824,0.425330284499999,0.39410780209999896,0.6492189602531019,-0.02441636228748125,-0.852159717,0.7892613779999998,-2.515109554475,-0.483042489766575,-0.7508560283108636,0.9985,Kirsi,DHS 2021,2021,Low,Moderate (5-20%),16.0%,[3.1%–42.5%],65%
Independent,BFA,256,2,0.173428699482275,0.14569565,0.11445092254392457,0.03144015135,0.4654550832499999,0.4340149318999999,0.6599306970852413,0.1278382336521375,-1.1573296875,1.4590467099999995,-2.515109554475,-0.50075423151185,-0.7334003080662828,0.993375,Lâ-Todin,DHS 2021,2021,Low,Moderate (5-20%),17.3%,[3.1%–46.5%],66%
Independent,BFA,257,2,0.106173557598625,0.10585932,0.009265988719143015,0.088838647225,0.12481104600000001,0.03597239877500001,0.08727209418913749,-0.0639618693975234,-0.8985987522500001,0.7728407599999995,-2.515109554475,-0.558341018668125,-0.8259992307693979,0.999625,Pilimpikou,DHS 2021,2021,High,Moderate (5-20%),10.6%,[8.9%–12.5%],9%
Independent,BFA,258,2,0.17274164125115,0.145811565,0.1124876794855537,0.03286846,0.4567155692499999,0.4238471092499999,0.6511902901397543,-0.01961334073726625,-0.85796063,0.8172092884999995,-2.515109554475,-0.46448634576885,-0.7288536474943987,0.9975,Samba,DHS 2021,2021,Low,Moderate (5-20%),17.3%,[3.3%–45.7%],65%
Independent,BFA,259,2,0.1239588088505,0.11357985500000001,0.05446628358727432,0.04690231475,0.25686270175,0.20996038699999997,0.4393901820479991,-0.15874689339030212,-0.7989874665,0.5153509474999997,-2.515109554475,-0.442568704797,-0.7772299176939432,1,Yako,DHS 2021,2021,Low,Moderate (5-20%),12.4%,[4.7%–25.7%],44%
Independent,BFA,260,2,0.096691757221125,0.076606994,0.0740472701568205,0.015225106124999999,0.2973511774999998,0.2821260713749998,0.7658074719593866,-0.348932699096005,-1.2088276574999999,0.50658616775,-2.515109554475,-0.334343355902625,-0.775223836563666,0.996125,Barga,DHS 2021,2021,Low,Moderate (5-20%),9.7%,[1.5%–29.7%],77%
Independent,BFA,261,2,0.1708625163864125,0.13943378,0.12145069093937802,0.026451833325,0.4835270227499994,0.4570751894249994,0.7108094478996924,0.037129307589427,-1.39449834,1.4662152324999997,-2.515109554475,-0.4981479979739625,-0.7374419168191136,0.993375,Kaïn,DHS 2021,2021,Low,Moderate (5-20%),17.1%,[2.6%–48.4%],71%
Independent,BFA,262,2,0.0755451055749375,0.06679619049999999,0.04008044491937759,0.024325835200000003,0.17648773849999982,0.15216190329999982,0.5305498564644867,-0.4703851270539975,-1.0679427625,0.12995664999999998,-2.515109554475,-0.5044275912025625,-0.8695716703221008,1,Kalsaka,DHS 2021,2021,Low,Moderate (5-20%),7.6%,[2.4%–17.6%],53%
Independent,BFA,263,2,0.05966626638525,0.059443327500000004,0.005621488023455566,0.0493286827,0.07102501522499999,0.021696332524999987,0.09421551513143187,-0.37201665795717126,-0.67813690125,-0.05146023620000004,-2.515109554475,-0.53085082284725,-0.8987929352766155,1,Kossouka,DHS 2021,2021,High,Moderate (5-20%),6.0%,[4.9%–7.1%],9%
Independent,BFA,264,2,0.1502196033335875,0.12428009000000001,0.10427680440499239,0.025583076075,0.4139803737499998,0.3883972976749998,0.6941624268134198,0.0012932428269474994,-1.2952674924999998,1.2996081674999995,-2.515109554475,-0.4998002435715375,-0.7582778338034601,0.9955,Koumbri,DHS 2021,2021,Low,Moderate (5-20%),15.0%,[2.6%–41.4%],69%
Independent,BFA,265,2,0.06313805717775,0.06289017899999999,0.005832931365133581,0.052498458500000005,0.0753892713,0.0228908128,0.0923837638638827,-0.5959623078671125,-0.984334715,-0.18771598025000003,-2.515109554475,-0.43838814933975,-0.8738252188528698,1,Namissiguima,DHS 2021,2021,High,Moderate (5-20%),6.3%,[5.2%–7.5%],9%
Independent,BFA,266,2,0.0387058294248875,0.032949224,0.024525815382881858,0.010051754275,0.10178995075,0.09173819647499999,0.6336465526588607,-0.7388509221575625,-1.51649055,0.014423804824999782,-2.515109554475,-0.2343355800526125,-0.8530526730124626,0.999625,Ouahigouya,DHS 2021,2021,Low,Low (1-5%),3.9%,[1.0%–10.2%],63%
Independent,BFA,267,2,0.09236139186925,0.0885715145,0.029319266929171844,0.046518022075,0.16105311924999996,0.11453509717499996,0.31744072210039037,-0.2695366437228,-0.8697355849999999,0.3487899084999998,-2.515109554475,-0.5103486128495,-0.8425629927241808,1,Oula,DHS 2021,2021,Medium,Moderate (5-20%),9.2%,[4.7%–16.1%],32%
Independent,BFA,268,2,0.0519189011005,0.047590603,0.023345868955361462,0.020002530749999997,0.109623522,0.08962099125,0.44966030598703544,-0.6688591278709213,-1.1952552200000002,-0.1337705500000003,-2.515109554475,-0.4784894137495,-0.901908488881256,1,Rambo,DHS 2021,2021,Low,Moderate (5-20%),5.2%,[2.0%–11.0%],45%
Independent,BFA,269,2,0.129218998622125,0.11436705999999999,0.0688151732069612,0.03746896305,0.30171143324999994,0.2642424701999999,0.5325468695837626,0.7835648493624288,0.011939274900000033,1.5660408199999998,-2.515109554475,-0.753416668577875,-0.8536149759153719,1,Seguenega,DHS 2021,2021,Low,Moderate (5-20%),12.9%,[3.7%–30.2%],53%
Independent,BFA,270,2,0.16311121005805,0.137059505,0.10723580958523038,0.030025756200000003,0.4396200255,0.4095942693,0.6574398506826478,-0.09544586285957363,-0.93639254025,0.7699315859999999,-2.515109554475,-0.4968723326907,-0.7524449524980137,0.998875,Tangaye,DHS 2021,2021,Low,Moderate (5-20%),16.3%,[3.0%–44.0%],66%
Independent,BFA,271,2,0.193035160350575,0.16543659,0.12119636666438773,0.0364567363,0.4878529659999998,0.45139622969999976,0.6278460693082057,0.024057171078835725,-1.26678831,1.3161399774999998,-2.515109554475,-0.5166865370913,-0.7193453943942241,0.994625,Thiou,DHS 2021,2021,Low,Moderate (5-20%),19.3%,[3.6%–48.8%],63%
Independent,BFA,272,2,0.1536963169478875,0.126346545,0.10573627277690824,0.027987209099999997,0.42384619674999957,0.39585898764999955,0.6879558006114053,0.0011980103959404996,-1.32178403,1.3178449499999996,-2.515109554475,-0.4935640739416125,-0.749883129405178,0.994375,Zogore,DHS 2021,2021,Low,Moderate (5-20%),15.4%,[2.8%–42.4%],69%
Independent,BFA,273,2,0.1370037308468625,0.11126633999999999,0.09829682326978197,0.024216227500000003,0.39345704475,0.36924081724999996,0.7174755217407501,0.0233779278999024,-1.2484045799999999,1.3230238999999993,-2.515109554475,-0.4804837400078875,-0.7635690772378629,0.99375,Bassi,DHS 2021,2021,Low,Moderate (5-20%),13.7%,[2.4%–39.3%],72%
Independent,BFA,274,2,0.1677643322925,0.16722148,0.013744917880100281,0.14242161849999999,0.19578043899999997,0.05335882049999999,0.08192991735654381,0.71853455544,0.44456898575000003,1.0045155625,-2.515109554475,-0.74686577146125,-0.8165634757031383,1,Boussou,DHS 2021,2021,High,Moderate (5-20%),16.8%,[14.2%–19.6%],8%
Independent,BFA,275,2,0.1313183803405,0.12186307,0.05628840892784001,0.05104825037500001,0.2644004897499998,0.2133522393749998,0.4286407491616013,-0.2495330800803825,-0.83479419725,0.3411409449999998,-2.515109554475,-0.3685077426495,-0.7345300926509951,0.999875,Gourcy,DHS 2021,2021,Low,Moderate (5-20%),13.1%,[5.1%–26.4%],43%
Independent,BFA,276,2,0.1438127031231125,0.116610885,0.10305510735322423,0.023759945475000002,0.4099307645,0.386170819025,0.7165925200988867,-0.005080405174731999,-1.31828621,1.3092500224999994,-2.515109554475,-0.4873638579820125,-0.7600424718435471,0.9945,Léba,DHS 2021,2021,Low,Moderate (5-20%),14.4%,[2.4%–41.0%],72%
Independent,BFA,277,2,0.1663589597075625,0.14098345,0.10845670560653514,0.032295251649999995,0.44417494324999973,0.4118796915999997,0.6519438796514956,0.3110315600610975,-0.51717359175,1.1303580074999997,-2.515109554475,-0.5969750059736875,-0.7820144693607921,1,Tougo,DHS 2021,2021,Low,Moderate (5-20%),16.6%,[3.2%–44.4%],65%
Independent,BFA,278,2,0.10370865078825,0.0991330895,0.03318678467163635,0.052359718025,0.183043711,0.130683992975,0.32000015832234074,-0.2770016516378461,-0.7153857600000001,0.16780047049999958,-2.515109554475,-0.494629574728,-0.8260302681937205,1,Boudry,DHS 2021,2021,Medium,Moderate (5-20%),10.4%,[5.2%–18.3%],32%
Independent,BFA,279,2,0.14294171198875,0.14249158499999998,0.01208736712634532,0.121121073,0.16762721699999997,0.04650614399999997,0.08456151082964948,0.20139758412116,-0.63114155475,1.0384593,-2.515109554475,-0.499511701079875,-0.7550270089980217,0.99875,Kogho,DHS 2021,2021,High,Moderate (5-20%),14.3%,[12.1%–16.8%],8%
Independent,BFA,280,2,0.078017834821625,0.0778363435,0.007148571679404128,0.06479304425,0.09287019112499999,0.028077146874999986,0.09162740411533038,-0.06409264301160363,-0.30005293,0.1849635135,-2.515109554475,-0.653909462983375,-0.8933345294539438,1,Méguet,DHS 2021,2021,High,Moderate (5-20%),7.8%,[6.5%–9.3%],9%
Independent,BFA,281,2,0.19810588917975,0.17049691,0.12187857622923605,0.0395095324,0.5031154524999998,0.4636059200999998,0.6152193492776501,0.5787436434386075,-0.31476014425000004,1.4770254849999993,-2.515109554475,-0.63114917023775,-0.7611646122725799,0.999875,Mogtédo,DHS 2021,2021,Low,Moderate (5-20%),19.8%,[4.0%–50.3%],62%
Independent,BFA,282,2,0.20182367292875,0.200522315,0.024213887741856045,0.15741074100000002,0.25260442949999995,0.09519368849999993,0.11997545872829446,0.3052642658031135,-0.499063929,1.1340848774999999,-2.515109554475,-0.50176778432225,-0.6941412588644333,0.997875,Salogo,DHS 2021,2021,High,High (20-50%),20.2%,[15.7%–25.3%],12%
Independent,BFA,283,2,0.33220291231875,0.331969275,0.02225463285967721,0.28918161200000003,0.376761626,0.08758001399999998,0.06699108296294466,1.02791805670125,0.78436862275,1.2853857574999998,-2.515109554475,-0.52330759512375,-0.6116127768341247,1,Zam,DHS 2021,2021,High,High (20-50%),33.2%,[28.9%–37.7%],7%
Independent,BFA,284,2,0.201949541186125,0.19248445,0.07147930825783418,0.09114630245000001,0.3692522444999999,0.2781059420499999,0.3539463760997402,0.17246048256566462,-0.4137743555,0.7603343302499999,-2.515109554475,-0.277680351907625,-0.5688045878953014,0.99325,Zorgho,DHS 2021,2021,Low,High (20-50%),20.2%,[9.1%–36.9%],35%
Independent,BFA,285,2,0.07252660616075,0.072216213,0.006605177677414999,0.060315188175,0.08628440375,0.025969215575000003,0.09107247708206694,0.058778357998296574,-0.233734732,0.3547220514999999,-2.515109554475,-0.7313775392055,-0.9097503772669474,1,Zoungou,DHS 2021,2021,High,Moderate (5-20%),7.3%,[6.0%–8.6%],9%
Independent,BFA,286,2,0.088609817332875,0.08692007800000001,0.01899211848420563,0.056464982675000004,0.130619961,0.07415497832500001,0.21433424710559007,-0.1929674062260105,-0.5974078812499999,0.206926422,-2.515109554475,-0.557405496373375,-0.8617930080977074,1,Boussé,DHS 2021,2021,Medium,Moderate (5-20%),8.9%,[5.6%–13.1%],21%
Independent,BFA,287,2,0.29812190421875,0.29785297499999996,0.02036709516018237,0.2595598555,0.33918397449999993,0.07962411899999994,0.06831800975361342,0.7761300469442006,-0.046332803099999986,1.6173681049999995,-2.515109554475,-0.42160523114625,-0.5587153558035182,0.989375,Laye,DHS 2021,2021,High,High (20-50%),29.8%,[26.0%–33.9%],7%
Independent,BFA,288,2,0.18646794194915,0.15891471499999998,0.11905543379271878,0.034868469425,0.4904872804999995,0.4556188110749995,0.6384766869212581,0.16812078315490775,-1.1147246450000001,1.43494123,-2.515109554475,-0.5029620076996,-0.7187902425004066,0.9935,Niou,DHS 2021,2021,Low,Moderate (5-20%),18.6%,[3.5%–49.0%],64%
Independent,BFA,289,2,0.173556259518875,0.145686565,0.1137895131863463,0.034528787224999996,0.46323586924999993,0.42870708202499996,0.6556347405837656,-0.6179001352195826,-1.4184521924999998,0.21029993099999975,-2.515109554475,-0.195808239833625,-0.5284225308660434,0.926875,Sourgoubila,DHS 2021,2021,Low,Moderate (5-20%),17.4%,[3.5%–46.3%],66%
Independent,BFA,290,2,0.1583553780994,0.132158575,0.10607303629599554,0.02881645175,0.43633252325,0.4075160715,0.6698417039515593,-0.12223173886838462,-0.9698667702499999,0.7155032897499999,-2.515109554475,-0.41490991002935,-0.723483299153112,0.995125,Toéghin,DHS 2021,2021,Low,Moderate (5-20%),15.8%,[2.9%–43.6%],67%
Independent,BFA,291,2,0.096174407065,0.09585719849999999,0.008590596055328196,0.080334018225,0.11398006399999998,0.03364604577499998,0.08932309870672969,-0.2926763298443125,-0.578503755,0.002254794229999402,-2.515109554475,-0.50494765787625,-0.8397782310619061,1,Absouya,DHS 2021,2021,High,Moderate (5-20%),9.6%,[8.0%–11.4%],9%
Independent,BFA,292,2,0.45389650397625,0.452900405,0.06032187514854137,0.33664118200000004,0.5752612442499999,0.23862006224999988,0.1328978624424428,0.8041413203524375,0.3619723315,1.2431943599999995,-2.515109554475,-0.16381548134374999,-0.2547305345671775,0.955375,Dapélogo,DHS 2021,2021,High,High (20-50%),45.4%,[33.7%–57.5%],13%
Independent,BFA,293,2,0.1229246066698125,0.10003036500000001,0.08754326153060382,0.022584367674999998,0.3557690109999997,0.3331846433249997,0.7121703611853204,-0.321996980550549,-1.15235764,0.5245682574999996,-2.515109554475,-0.3085248798539375,-0.7144771228636196,0.99025,Loumbila,DHS 2021,2021,Low,Moderate (5-20%),12.3%,[2.3%–35.6%],71%
Independent,BFA,294,2,0.3011620427125,0.300977585,0.021516261593489776,0.25931093875,0.34403858174999996,0.08472764299999996,0.07144413485742612,0.18883649354805437,-0.14467732875,0.5231194292499999,-2.515109554475,-0.29362379903375,-0.48889000090097046,1,Nagreongo,DHS 2021,2021,High,High (20-50%),30.1%,[25.9%–34.4%],7%
Independent,BFA,295,2,0.1562375535977625,0.12873342,0.10735987853198792,0.029061512575,0.44071618199999973,0.41165466942499973,0.6871579595286585,-0.9089384102675592,-1.7421142349999998,-0.04715588595000027,-2.515109554475,-0.1829055445884875,-0.5378149344924767,0.932375,Ourgou-Manega,DHS 2021,2021,Low,Moderate (5-20%),15.6%,[2.9%–44.1%],69%
Independent,BFA,296,2,0.094538463448875,0.0863206515,0.042524751566379845,0.035395357050000006,0.19732982,0.16193446294999997,0.44981428738131124,-0.09574502726565169,-0.75336406875,0.571308203,-2.515109554475,-0.507900342397375,-0.8400663800109246,1,Ziniare,DHS 2021,2021,Low,Moderate (5-20%),9.5%,[3.5%–19.7%],45%
Independent,BFA,297,2,0.2569960431325,0.25644133,0.018760768098142224,0.22126885875000002,0.2948494585,0.07358059974999998,0.07300022159667918,0.23061011248401625,-0.088699733425,0.5592010835,-2.515109554475,-0.301864823405,-0.5375248216096823,1,Zitenga,DHS 2021,2021,High,High (20-50%),25.7%,[22.1%–29.5%],7%
Independent,BFA,298,2,0.27317995022735,0.24459309499999998,0.15119629672774418,0.060576369275,0.62278396225,0.562207592975,0.5534677658514591,-0.3320047111099581,-1.407912465,0.7715408969999983,-2.515109554475,-0.40242768693765,-0.5903903851006027,0.980875,Deou,DHS 2021,2021,Low,High (20-50%),27.3%,[6.1%–62.3%],55%
Independent,BFA,299,2,0.24185345007105,0.21448316,0.13730130643091026,0.0535017533,0.5734668589999997,0.5199651056999998,0.5677045598918471,-0.09447702788710337,-1.0213601325,0.8479706747499995,-2.515109554475,-0.47674896310395,-0.6631919104006214,0.99675,Gorom-Gorom,DHS 2021,2021,Low,High (20-50%),24.2%,[5.4%–57.3%],57%
Independent,BFA,300,2,0.28881168330975,0.26337516,0.1545086564599042,0.06435809585,0.6435556994999998,0.5791976036499998,0.5349806305937905,0.29185267256037,-0.6307104010000001,1.2543059925,-2.515109554475,-0.5562284486615,-0.658223794443265,0.999625,Markoye,DHS 2021,2021,Low,High (20-50%),28.9%,[6.4%–64.4%],53%
Independent,BFA,301,2,0.251825155569525,0.224454915,0.1439330889705031,0.052019721850000006,0.606498547,0.55447882515,0.571559615023311,0.32322881354428573,-0.6213511695,1.2795790925,-2.515109554475,-0.580564520861725,-0.6974923315458093,1,Oursi,DHS 2021,2021,Low,High (20-50%),25.2%,[5.2%–60.6%],57%
Independent,BFA,302,2,0.4019171218795,0.38655008,0.17806726486027163,0.10593732850000001,0.7717100587499999,0.6657727302499998,0.4430447352617601,0.108883925315311,-0.8522824210000001,1.0950653999999997,-2.515109554475,-0.48688621210925,-0.547833535461249,0.999,Tin-Akoff,DHS 2021,2021,Low,High (20-50%),40.2%,[10.6%–77.2%],44%
Independent,BFA,303,2,0.174691863555,0.17414357,0.014249571232995946,0.14827085375,0.20412054625,0.05584969250000002,0.08156974768609994,0.2305142823424225,-0.1582846925,0.6677881694999999,-2.515109554475,-0.60699969160625,-0.7762207894230542,1,Bani,DHS 2021,2021,High,Moderate (5-20%),17.5%,[14.8%–20.4%],8%
Independent,BFA,304,2,0.30822740079125,0.30623414,0.05697720184505383,0.20445581125,0.42592175725,0.22146594599999997,0.18485443441688754,0.5212640418014487,-0.10908197574999995,1.1909893249999999,-2.515109554475,-0.37602233528625,-0.5412158408052722,0.99925,Dori,DHS 2021,2021,Medium,High (20-50%),30.8%,[20.4%–42.6%],18%
Independent,BFA,305,2,0.20460189355535,0.17454750000000002,0.12791863030045125,0.04057759995000001,0.51924458125,0.47866698129999996,0.6252074605841613,0.16727014520560224,-1.1687341425000002,1.5403586199999995,-2.515109554475,-0.50999797655215,-0.7065094837312077,0.994,Falagountou,DHS 2021,2021,Low,High (20-50%),20.5%,[4.1%–51.9%],63%
Independent,BFA,306,2,0.227889508008125,0.20080711,0.13397179005721788,0.046515975800000005,0.5571178205,0.5106018447,0.5878804655299943,0.09381400323062875,-0.794181534,1.0295558424999998,-2.515109554475,-0.521814028434375,-0.695934363906411,0.9985,Gorgadji,DHS 2021,2021,Low,High (20-50%),22.8%,[4.7%–55.7%],59%
Independent,BFA,307,2,0.20632770576035,0.180546515,0.12463730042577342,0.04368920942500001,0.5149385062499999,0.47124929682499994,0.6040744744699477,0.01283537138885875,-0.86371369575,0.8975615527499997,-2.515109554475,-0.52660840973715,-0.7183427356967266,0.99875,Sampelga,DHS 2021,2021,Low,High (20-50%),20.6%,[4.4%–51.5%],60%
Independent,BFA,308,2,0.2260822937318375,0.200522275,0.13287917320705508,0.047022872550000004,0.5559245429999997,0.5089016704499997,0.5877469261908089,0.5297567898702538,-0.362593802,1.4167593999999997,-2.515109554475,-0.6294071160406625,-0.73575462553509,1,Seytenga,DHS 2021,2021,Low,High (20-50%),22.6%,[4.7%–55.6%],59%
Independent,BFA,309,2,0.255276377612375,0.22890128999999998,0.141400800832716,0.05758331345000001,0.5969779019999998,0.5393945885499998,0.5539125952634222,0.5531150580371063,-0.35851292725,1.4511408274999993,-2.515109554475,-0.611233025740125,-0.705358955713543,0.999875,Aribinda,DHS 2021,2021,Low,High (20-50%),25.5%,[5.8%–59.7%],55%
Independent,BFA,310,2,0.26428442363025,0.239390055,0.14317490986662185,0.058717005100000004,0.5968618474999998,0.5381448423999998,0.5417455478455752,0.2926762067254375,-0.54639382625,1.1278871849999996,-2.515109554475,-0.5682883444185,-0.6825545203501303,0.9995,Baraboule,DHS 2021,2021,Low,High (20-50%),26.4%,[5.9%–59.7%],54%
Independent,BFA,311,2,0.331884868366625,0.30933338499999996,0.16978607599243808,0.07433488335,0.70819385725,0.6338589738999999,0.511581250534386,0.22350719791639026,-1.1490257575,1.5996168949999998,-2.515109554475,-0.501261669739625,-0.5997986134769492,0.991125,Diguel,DHS 2021,2021,Low,High (20-50%),33.2%,[7.4%–70.8%],51%
Independent,BFA,312,2,0.07588623871975,0.070565036,0.030351383686531362,0.0325142902,0.14858335974999998,0.11606906954999999,0.3999589938647489,-0.12812071214641824,-0.80908725075,0.5799532565,-2.515109554475,-0.7145706331865,-0.9036017759952261,1,Djibo,DHS 2021,2021,Low,Moderate (5-20%),7.6%,[3.3%–14.9%],40%
Independent,BFA,313,2,0.344159316662625,0.32144986,0.17394325818921727,0.07654125480000001,0.7263267607499998,0.6497855059499997,0.5054149336300886,1.872573754602875,0.9175629510000001,2.8358845274999998,-2.515109554475,-0.634977256513625,-0.6485119239111709,1,Kelbo,DHS 2021,2021,Low,High (20-50%),34.4%,[7.7%–72.6%],51%
Independent,BFA,314,2,0.342915074643625,0.32351064500000004,0.1634172005440704,0.086199211825,0.6979622842500001,0.611763072425,0.4765529795209557,0.6862588035546338,-0.25709920774999995,1.6280634449999998,-2.515109554475,-0.579207082782625,-0.6281458918771389,1,Koutougou,DHS 2021,2021,Low,High (20-50%),34.3%,[8.6%–69.8%],48%
Independent,BFA,315,2,0.393583939466875,0.37963974,0.1709377207104033,0.11012083975,0.7516965509999993,0.6415757112499993,0.4343107113108965,0.48988125216758877,-0.39832404275,1.402970855,-2.515109554475,-0.528844862145625,-0.5733463431008275,0.999875,Nassoumbou,DHS 2021,2021,Low,High (20-50%),39.4%,[11.0%–75.2%],43%
Independent,BFA,316,2,0.32507679723675,0.304135055,0.1644097209734535,0.07481342327500001,0.6905247584999997,0.6157113352249997,0.5057565546694975,1.711900194514375,0.80636371625,2.6245228824999995,-2.515109554475,-0.65401735806075,-0.6679877884464822,1,Pobe-Mengao,DHS 2021,2021,Low,High (20-50%),32.5%,[7.5%–69.1%],51%
Independent,BFA,317,2,0.29631505569725,0.27276276,0.1530153737424336,0.07200445785000001,0.6450093637499998,0.5730049058999999,0.5163941919264877,-0.016169672942909875,-0.907574471,0.8790174892499996,-2.515109554475,-0.4726454436115,-0.6144103948722834,0.995875,Tongomayel,DHS 2021,2021,Low,High (20-50%),29.6%,[7.2%–64.5%],52%
Independent,BFA,318,2,0.244127314737775,0.2121163,0.15048147315876859,0.04454245765,0.60949211875,0.5649496611,0.6164057197794748,-0.223554158650975,-1.651275755,1.1979311249999998,-2.515109554475,-0.507820896232225,-0.6725543185181051,0.992375,Boundore,DHS 2021,2021,Low,High (20-50%),24.4%,[4.5%–60.9%],62%
Independent,BFA,319,2,0.230872472716725,0.202696675,0.1380988704970759,0.044656468549999995,0.5637565017499999,0.5191000332,0.5981608325671631,-0.4815917903576675,-1.5206036375,0.5410949957500001,-2.515109554475,-0.449780553325775,-0.6567628040303023,0.98975,Mansila,DHS 2021,2021,Low,High (20-50%),23.1%,[4.5%–56.4%],60%
Independent,BFA,320,2,0.150827662863,0.12194943,0.1088158950011649,0.024674435175000002,0.4337527354999999,0.40907830032499987,0.7214584707846644,-1.3834212001707575,-2.2738950974999996,-0.4975702482500001,-2.515109554475,-0.118641178502,-0.4385151982446839,0.869125,Sebba,DHS 2021,2021,Low,Moderate (5-20%),15.1%,[2.5%–43.4%],72%
Independent,BFA,321,2,0.216041551833,0.18971912000000002,0.1277121269859181,0.044571114875,0.52933842575,0.484767310875,0.5911461286143672,-0.36769852254061497,-1.2051497825000002,0.4677511884999996,-2.515109554475,-0.4518511439245,-0.6762839322103108,0.995875,Solhan,DHS 2021,2021,Low,High (20-50%),21.6%,[4.5%–52.9%],59%
Independent,BFA,322,2,0.2140998426039625,0.18185658,0.13914011360502018,0.037162372900000004,0.55949402225,0.52233164935,0.6498842405148271,-0.18834005299800124,-1.6282860325,1.246607059999999,-2.515109554475,-0.5042330608760375,-0.6977098159212204,0.994375,Tankougounadie,DHS 2021,2021,Low,High (20-50%),21.4%,[3.7%–55.9%],65%
Independent,BFA,323,2,0.191202128905325,0.16238957,0.12502597876103608,0.034751262725,0.5141365189999998,0.4793852562749998,0.6538942818097152,-0.06848291058622825,-1.3890391274999998,1.258212552499999,-2.515109554475,-0.505014650765925,-0.7175964687366786,0.9945,Titabe,DHS 2021,2021,Low,Moderate (5-20%),19.1%,[3.5%–51.4%],65%
Independent,BFA,324,2,0.258043862651375,0.231232655,0.14450345629076528,0.056128089125,0.599044829,0.542916739875,0.5599957108299598,0.6005347398382712,-0.2756101692499999,1.46887558,-2.515109554475,-0.663221724186125,-0.7199343421914012,1,Bondigui,DHS 2021,2021,Low,High (20-50%),25.8%,[5.6%–59.9%],56%
Independent,BFA,325,2,0.116836431152375,0.112418505,0.035243360277848225,0.061397645225000005,0.1979106679999999,0.13651302277499988,0.3016470113836733,-1.3537527765925,-1.8833680925,-0.8320119887500002,-2.515109554475,-0.070764494432625,-0.3734354478590985,0.955625,Diebougou,DHS 2021,2021,Medium,Moderate (5-20%),11.7%,[6.1%–19.8%],30%
Independent,BFA,326,2,0.209609071383725,0.17838638,0.13469003695518322,0.036913035725,0.5432325629999998,0.5063195272749997,0.6425773277178937,-0.1466035650349225,-1.510731625,1.2063708924999992,-2.515109554475,-0.506344889147525,-0.6998076318389452,0.993625,Dolo,DHS 2021,2021,Low,High (20-50%),21.0%,[3.7%–54.3%],64%
Independent,BFA,327,2,0.205501025335375,0.17577374,0.12879439769896758,0.038822394125,0.52687826825,0.48805587412499996,0.6267336013957925,-0.07148214699214388,-1.3725370149999998,1.1774649824999999,-2.515109554475,-0.508642264548375,-0.7029203695078571,0.992625,Gueguere,DHS 2021,2021,Low,High (20-50%),20.6%,[3.9%–52.7%],63%
Independent,BFA,328,2,0.1928136509887125,0.16322709,0.12408929731703117,0.036617107350000004,0.51011441075,0.47349730339999996,0.6435711199944836,-0.49856832554742175,-1.4069603025,0.4164154794999998,-2.515109554475,-0.4093078886600375,-0.6794704390909627,0.992125,Iolonioro,DHS 2021,2021,Low,Moderate (5-20%),19.3%,[3.7%–51.0%],64%
Independent,BFA,329,2,0.20080263388,0.200347595,0.0159237512759638,0.170800004,0.23340917900000002,0.06260917500000002,0.07930050999968388,-0.21638194130684074,-1.0890484075,0.6464998449999995,-2.515109554475,-0.571517455045,-0.7296752673797593,1,Tiankoura,DHS 2021,2021,High,High (20-50%),20.1%,[17.1%–23.3%],8%
Independent,BFA,330,2,0.1196435055189125,0.103246315,0.07044653331177309,0.03046068585,0.30386085875,0.2734001729,0.5888036547093427,0.04758180849693075,-0.6853804327499999,0.7772617227499988,-2.515109554475,-0.7068523776273375,-0.8551088826294921,1,Dano,DHS 2021,2021,Low,Moderate (5-20%),12.0%,[3.0%–30.4%],59%
Independent,BFA,331,2,0.213161642820175,0.18570001,0.1287636632195845,0.044039773775000006,0.534275044,0.490235270225,0.6040658230815505,0.5215266800401475,-0.31854997174999994,1.3543352249999994,-2.515109554475,-0.641959298769825,-0.7507529180787897,1,Dissin,DHS 2021,2021,Low,High (20-50%),21.3%,[4.4%–53.4%],60%
Independent,BFA,332,2,0.15491838533337499,0.15251493500000002,0.02854494946595359,0.1052496705,0.21810470449999997,0.11285503399999997,0.18425798464479595,-0.14925433647410088,-1.0282785375,0.7269979634999997,-2.515109554475,-0.584121615134125,-0.7791260026156867,0.99975,Koper,DHS 2021,2021,Medium,Moderate (5-20%),15.5%,[10.5%–21.8%],18%
Independent,BFA,333,2,0.2407571626663375,0.205906125,0.15373491636061698,0.039360982125000006,0.6172059677499997,0.5778449856249996,0.6385476330508031,0.1492552997873154,-1.3013246025,1.6121728149999999,-2.515109554475,-0.5007157068099125,-0.670840708435007,0.9915,Niego,DHS 2021,2021,Low,High (20-50%),24.1%,[3.9%–61.7%],64%
Independent,BFA,334,2,0.15000434382475,0.148376365,0.026626155713973577,0.10340826875,0.20721018499999994,0.10380191624999993,0.1775025644929383,-0.13281992565137124,-1.007898775,0.7519174447499998,-2.515109554475,-0.562586560899125,-0.776188610224012,0.999625,Oronkua,DHS 2021,2021,Medium,Moderate (5-20%),15.0%,[10.3%–20.7%],18%
Independent,BFA,335,2,0.2280928712579125,0.19729095000000002,0.14440537576510584,0.040171800125,0.5834609817499998,0.5432891816249998,0.6330990309724397,0.12828536164458376,-1.2517226350000001,1.4956795499999986,-2.515109554475,-0.5012936855833375,-0.6799499038373449,0.99075,Ouessa,DHS 2021,2021,Low,High (20-50%),22.8%,[4.0%–58.3%],63%
Independent,BFA,336,2,0.246110110470125,0.218059465,0.14090066041392044,0.052599624500000004,0.58020738975,0.52760776525,0.5725106544577501,-0.055543587252993,-1.3828771375,1.2721871924999997,-2.515109554475,-0.509166314593625,-0.6660685069338,0.99225,Zambo,DHS 2021,2021,Low,High (20-50%),24.6%,[5.3%–58.0%],57%
Independent,BFA,337,2,0.2772489124375,0.27488873999999996,0.046068912315068926,0.19465686425,0.37525774074999996,0.18060087649999995,0.16616444735542182,0.4034445029638227,-0.32299302025,1.1130599475,-2.515109554475,-0.57183170365375,-0.6719863611443334,1,Batié,DHS 2021,2021,Medium,High (20-50%),27.7%,[19.5%–37.5%],17%
Independent,BFA,338,2,0.03440890054,0.034281591,0.0033652278837786615,0.028201241175,0.04152880925,0.013327568075,0.09780108724679006,-1.29873992158682,-2.3394639125,-0.29932262300000045,-2.515109554475,-0.612924076407125,-0.940958561564859,1,Boussoukoula,DHS 2021,2021,High,Low (1-5%),3.4%,[2.8%–4.2%],10%
Independent,BFA,339,2,0.2036726938187875,0.17189621500000002,0.13308072344415742,0.03632630185,0.5383957729999999,0.5020694711499999,0.6534048376782532,-0.3760627476927425,-1.3877289375,0.5999422937499996,-2.515109554475,-0.4533676778762125,-0.6899825732728405,0.994625,Kpuéré,DHS 2021,2021,Low,High (20-50%),20.4%,[3.6%–53.8%],65%
Independent,BFA,340,2,0.223859922414,0.189401515,0.14585107315248932,0.037794311675,0.5906972922499996,0.5529029805749995,0.6515282931384057,0.098954519536285,-1.3784567925,1.5815036774999995,-2.515109554475,-0.503156637673625,-0.6879132341602033,0.99175,Legmoin,DHS 2021,2021,Low,High (20-50%),22.4%,[3.8%–59.1%],65%
Independent,BFA,341,2,0.288088408991125,0.26245778,0.15639989374350033,0.061467594550000004,0.64504699125,0.5835793967,0.5428885330416694,-0.0432010421284175,-1.3984540874999998,1.257486719999999,-2.515109554475,-0.500586187970125,-0.6294625465757252,0.99225,Midebdo,DHS 2021,2021,Low,High (20-50%),28.8%,[6.1%–64.5%],54%
Independent,BFA,342,2,0.3966366186875,0.39624634999999997,0.023616816163731912,0.35103623650000004,0.44365941525,0.09262317874999998,0.059542702441044676,0.5694610589217453,-0.31975528625,1.4587739099999997,-2.515109554475,-0.37333892515625,-0.4623187097940573,0.982625,Bouroum-Bouroum,DHS 2021,2021,High,High (20-50%),39.7%,[35.1%–44.4%],6%
Independent,BFA,343,2,0.29374184026275,0.267904935,0.15403972671263344,0.06812869792500001,0.6409421269999998,0.5728134290749998,0.5244051258576101,0.6227117641517746,-0.24422152724999996,1.4606029724999998,-2.515109554475,-0.61381872935475,-0.6763652966662344,1,Boussera,DHS 2021,2021,Low,High (20-50%),29.4%,[6.8%–64.1%],52%
Independent,BFA,344,2,0.2161529024192625,0.183481495,0.13479815336431358,0.04257682125000001,0.5576166799999999,0.5150398587499998,0.6236240728465973,0.09499774511511075,-0.8129663665,0.9805684172499997,-2.515109554475,-0.5682631562369875,-0.7244886813358142,0.999625,Djigouè,DHS 2021,2021,Low,High (20-50%),21.6%,[4.3%–55.8%],62%
Independent,BFA,345,2,0.09680846176675,0.0909846275,0.03574346880979457,0.044159444049999996,0.18279278874999996,0.13863334469999997,0.369218435635459,-0.6060608418776987,-1.2482097349999999,0.03846300579999964,-2.515109554475,-0.46425636323825,-0.8242211538767752,1,Gaoua,DHS 2021,2021,Low,Moderate (5-20%),9.7%,[4.4%–18.3%],37%
Independent,BFA,346,2,0.30061544562375,0.30022116,0.020733773126069648,0.26076459875,0.341100974,0.08033637524999998,0.0689710839143642,1.39843138107875,0.972723746,1.7980847075000002,-2.515109554475,-0.67853574219375,-0.6929839222027037,1,Gbomblora,DHS 2021,2021,High,High (20-50%),30.1%,[26.1%–34.1%],7%
Independent,BFA,347,2,0.193049185000625,0.1823967,0.07569047305062117,0.075548152025,0.366014084,0.29046593197500004,0.39207869771828413,-0.2716910205869406,-1.0372920875,0.4577023464999997,-2.515109554475,-0.476180050220625,-0.7090411364392911,1,Kampti,DHS 2021,2021,Low,Moderate (5-20%),19.3%,[7.6%–36.6%],39%
Independent,BFA,348,2,0.12506294604325,0.122339165,0.02831314926479672,0.07706228712499999,0.1887529782499999,0.11169069112499991,0.22639119068093358,0.27834810756206974,-0.250510585,0.7753687647499995,-2.515109554475,-0.80738967901675,-0.8658703317339803,1,Loropeni,DHS 2021,2021,Medium,Moderate (5-20%),12.5%,[7.7%–18.9%],23%
Independent,BFA,349,2,0.2299137392204375,0.19997082,0.1416066055663175,0.04340464595,0.5825566922499998,0.5391520462999998,0.6159118895915455,0.045613142644984,-1.348239255,1.4462101299999996,-2.515109554475,-0.5042251011908125,-0.6807686120157052,0.9925,Malba,DHS 2021,2021,Low,High (20-50%),23.0%,[4.3%–58.3%],62%
Independent,BFA,350,2,0.24985930148875,0.24865878,0.025061748285903233,0.2030795745,0.301846972,0.09876739749999999,0.10030344332420879,0.1468077244159025,-0.39795491824999996,0.6825168112499997,-2.515109554475,-0.55345816555625,-0.6872075846219917,1,Nako,DHS 2021,2021,High,High (20-50%),25.0%,[20.3%–30.2%],10%
Independent,BFA,351,2,0.25948640521135,0.22700879499999999,0.15258795765660899,0.05219785230000001,0.6233542139999999,0.5711563617,0.5880383503418111,-0.0419557902451025,-1.4269207824999999,1.3361376449999995,-2.515109554475,-0.50351694981865,-0.6555499535408638,0.993125,Perigban,DHS 2021,2021,Low,High (20-50%),25.9%,[5.2%–62.3%],59%
Pooled,GHA,1,1,0.272404659868875,0.256716165,0.11704283258533599,0.0913020077,0.5414549822499999,0.45015297454999986,0.4296653098433626,-0.10225599618772546,-0.7054201047499999,0.46162886224999944,NA,NA,NA,NA,Asunafo North,DHS 2014,2014,Low,High (20-50%),27.2%,[9.1%–54.1%],43%
Pooled,GHA,2,1,0.127128903888125,0.123389095,0.03270990768029967,0.0731739626,0.19978643424999998,0.12661247164999997,0.25729717381253275,-0.04507786911572381,-0.5881367072500001,0.5014990304999998,NA,NA,NA,NA,Asunafo South,DHS 2014,2014,Medium,Moderate (5-20%),12.7%,[7.3%–20.0%],26%
Pooled,GHA,3,1,0.28725302180375,0.28695472499999997,0.020448368221370767,0.248475058,0.328878141,0.08040308300000001,0.07118591161537371,-0.13357661200935012,-0.7838405102499999,0.46063659574999954,NA,NA,NA,NA,Asutifi North,DHS 2014,2014,High,High (20-50%),28.7%,[24.8%–32.9%],7%
Pooled,GHA,4,1,0.169854383369375,0.163305245,0.05484167424624046,0.084506555925,0.29630056499999996,0.21179400907499996,0.3228746480270611,-0.02327847717028715,-0.6337409897499999,0.5764947214999999,NA,NA,NA,NA,Asutifi South,DHS 2014,2014,Medium,Moderate (5-20%),17.0%,[8.5%–29.6%],32%
Pooled,GHA,5,1,0.345608009414375,0.326226615,0.16065132064828525,0.0926143426,0.6979818505,0.6053675078999999,0.46483679854672727,0.035106811384569364,-0.5236147824999999,0.6171433167499993,NA,NA,NA,NA,Tano North,DHS 2014,2014,Low,High (20-50%),34.6%,[9.3%–69.8%],46%
Pooled,GHA,6,1,0.08707360623665,0.0757996295,0.050235897634464496,0.02415787145,0.21562549249999996,0.19146762104999995,0.5769359947942502,-0.12095614593345888,-0.758623212,0.47572962399999996,NA,NA,NA,NA,Tano South,DHS 2014,2014,Low,Moderate (5-20%),8.7%,[2.4%–21.6%],58%
Pooled,GHA,7,1,0.36689087650425,0.352664095,0.1612235485011343,0.10339368175000001,0.7163412759999999,0.6129475942499999,0.4394318824095009,0.03576761780415275,-0.61378973475,0.7016609612499985,NA,NA,NA,NA,Adansi Akrofuom,DHS 2014,2014,Low,High (20-50%),36.7%,[10.3%–71.6%],44%
Pooled,GHA,8,1,0.151383781380375,0.14528629,0.04807601688649556,0.07617048562499999,0.2637656652499999,0.18759517962499989,0.31757706438642314,0.0486077239936985,-0.621414694,0.7087279287499999,NA,NA,NA,NA,Adansi Asokwa,DHS 2014,2014,Medium,Moderate (5-20%),15.1%,[7.6%–26.4%],32%
Pooled,GHA,9,1,0.5603015038425,0.560281955,0.02426755812031207,0.51265224025,0.6081272685000001,0.0954750282500001,0.04331160625821495,-0.04005306269428587,-0.679096224,0.5733035804999997,NA,NA,NA,NA,Adansi North,DHS 2014,2014,High,Very high (≥50%),56.0%,[51.3%–60.8%],4%
Pooled,GHA,10,1,0.104309901444375,0.10118529500000001,0.02673542213394311,0.0601818498,0.16480939325,0.10462754345,0.2563076157079893,0.049207325681062265,-0.6361899384999999,0.7458920894999997,NA,NA,NA,NA,Adansi South,DHS 2014,2014,Medium,Moderate (5-20%),10.4%,[6.0%–16.5%],26%
Pooled,GHA,11,1,0.218120183163125,0.203244495,0.09422677028322736,0.076244042525,0.44143803299999984,0.36519399047499984,0.4319947329805707,0.24435973970976824,-0.37119550100000004,0.9333703484999999,NA,NA,NA,NA,Afigya-Kwabre North,DHS 2014,2014,Low,High (20-50%),21.8%,[7.6%–44.1%],43%
Pooled,GHA,12,1,0.122482688974375,0.110863765,0.059429613103526985,0.0408706817,0.2733658025,0.23249512079999998,0.48520826576529885,0.2560064117586511,-0.30342536525,0.8926160217499999,NA,NA,NA,NA,Afigya-Kwabre South,DHS 2014,2014,Low,Moderate (5-20%),12.2%,[4.1%–27.3%],49%
Pooled,GHA,13,1,0.40035648736825,0.389740055,0.166368823263514,0.11873652325,0.7448608444999999,0.6261243212499998,0.41555171081938047,-0.03194489376893541,-0.762918117,0.6883366844999995,NA,NA,NA,NA,Ahafo-Ano North,DHS 2014,2014,Low,High (20-50%),40.0%,[11.9%–74.5%],42%
Pooled,GHA,14,1,0.1855175917744375,0.16044668499999998,0.11274385104375008,0.039081395675000005,0.47228500349999986,0.43320360782499984,0.6077259302763603,-0.030074448425107377,-0.6415035512499999,0.566575173,NA,NA,NA,NA,Ahafo-Ano South East,DHS 2014,2014,Low,Moderate (5-20%),18.6%,[3.9%–47.2%],61%
Pooled,GHA,15,1,0.376465385460375,0.3614608,0.1666569998638304,0.10535083049999999,0.7337438724999997,0.6283930419999997,0.44268877378999283,-0.02159322623416825,-0.6911812125,0.6257371177499998,NA,NA,NA,NA,Ahafo-Ano South West,DHS 2014,2014,Low,High (20-50%),37.6%,[10.5%–73.4%],44%
Pooled,GHA,16,1,0.17983097704155,0.153521155,0.11193602947049502,0.036562452525,0.4660026657499999,0.42944021322499987,0.6224513224138919,0.19027431634285374,-0.4041491905,0.8287342762499998,NA,NA,NA,NA,Amansie Central,DHS 2014,2014,Low,Moderate (5-20%),18.0%,[3.7%–46.6%],62%
Pooled,GHA,17,1,0.16864635711,0.16811495999999998,0.013797812479767198,0.14306916549999998,0.197702642,0.05463347650000003,0.08181506387812185,0.026236375898061624,-0.6346066334999999,0.6797189187499997,NA,NA,NA,NA,Amansie South,DHS 2014,2014,High,Moderate (5-20%),16.9%,[14.3%–19.8%],8%
Pooled,GHA,18,1,0.1194111664668625,0.09844217250000001,0.084045858379664,0.022237166025,0.3370802214999999,0.3148430554749999,0.7038358376893282,0.1289844073137746,-0.429766237,0.6991515552499998,NA,NA,NA,NA,Amansie West,DHS 2014,2014,Low,Moderate (5-20%),11.9%,[2.2%–33.7%],70%
Pooled,GHA,19,1,0.4071272319335,0.395157335,0.16615635539426146,0.12766836225,0.7472118632499999,0.6195435009999999,0.4081189917097007,-0.07696305791733912,-0.7174818017499999,0.5192184894999999,NA,NA,NA,NA,Asante-Akim Central,DHS 2014,2014,Low,High (20-50%),40.7%,[12.8%–74.7%],41%
Pooled,GHA,20,1,0.1966747162955,0.170159355,0.11823725958230794,0.042494916225,0.49349373775,0.450998821525,0.6011817980947725,0.025348050404627873,-0.6074282069999999,0.6843603812499995,NA,NA,NA,NA,Asante-Akim North,DHS 2014,2014,Low,Moderate (5-20%),19.7%,[4.2%–49.3%],60%
Pooled,GHA,21,1,0.392220187501,0.37741695500000005,0.16787215641658676,0.11058101375,0.7373194049999999,0.62673839125,0.42800488543481396,0.1471099458673635,-0.440499124,0.7732184029999998,NA,NA,NA,NA,Asante-Akim South,DHS 2014,2014,Low,High (20-50%),39.2%,[11.1%–73.7%],43%
Pooled,GHA,22,1,0.3299631818425,0.32945069,0.021832436708321048,0.28770687425,0.37429519125000005,0.08658831700000003,0.06616628129965796,0.07778911564490537,-0.62282627125,0.8151071814999999,NA,NA,NA,NA,Asokore-Mampong,DHS 2014,2014,High,High (20-50%),33.0%,[28.8%–37.4%],7%
Pooled,GHA,23,1,0.5939477582275,0.5942588099999999,0.02389531094819447,0.5472417835,0.640521785,0.09328000150000004,0.04023133451922525,0.08285460854059037,-0.6149674325,0.7888257262499999,NA,NA,NA,NA,Asokwa,DHS 2014,2014,High,Very high (≥50%),59.4%,[54.7%–64.1%],4%
Pooled,GHA,24,1,0.104145165126625,0.098142521,0.038967126596130365,0.04534405240000001,0.19805545449999995,0.15271140209999995,0.37416164781871675,0.13124015918225326,-0.49988171275000004,0.7887215594999997,NA,NA,NA,NA,Atwima-Kwanwoma,DHS 2014,2014,Low,Moderate (5-20%),10.4%,[4.5%–19.8%],37%
Pooled,GHA,25,1,0.354907212007625,0.338564865,0.16416816624720662,0.09596279654999999,0.7031987762499999,0.6072359797,0.46256644185545476,0.00652986678098075,-0.6106167954999999,0.6320383547499999,NA,NA,NA,NA,Atwima-Mponua,DHS 2014,2014,Low,High (20-50%),35.5%,[9.6%–70.3%],46%
Pooled,GHA,26,1,0.1544292883814375,0.130150855,0.10298135238212346,0.028559980300000003,0.4210279384999999,0.3924679581999999,0.666851174809285,0.050033219174624,-0.564983827,0.703105977999999,NA,NA,NA,NA,Atwima-Nwabiagya North,DHS 2014,2014,Low,Moderate (5-20%),15.4%,[2.9%–42.1%],67%
Pooled,GHA,27,1,0.30162741845,0.30110724499999997,0.02049635248851013,0.2633004585,0.34284039375,0.07953993525000003,0.06795255084513399,0.05077352753259187,-0.59559652525,0.7002932849999998,NA,NA,NA,NA,Atwima-Nwabiagya South,DHS 2014,2014,High,High (20-50%),30.2%,[26.3%–34.3%],7%
Pooled,GHA,28,1,0.167490071099875,0.144071445,0.10223186484118939,0.037523241325,0.422700763,0.38517752167499997,0.6103756728375148,0.07970425046956225,-0.58622057325,0.7543296687499993,NA,NA,NA,NA,Bekwai,DHS 2014,2014,Low,Moderate (5-20%),16.7%,[3.8%–42.3%],61%
Pooled,GHA,29,1,0.361946689617125,0.34637343,0.16501080378521502,0.09880680227500001,0.7141104472499998,0.6153036449749998,0.45589808808520116,0.11326710653661788,-0.474910768,0.7188581959999989,NA,NA,NA,NA,Bosome Freho,DHS 2014,2014,Low,High (20-50%),36.2%,[9.9%–71.4%],46%
Pooled,GHA,30,1,0.16126760018995,0.13664287,0.10451568971113499,0.03094378095,0.43033628899999987,0.3993925080499999,0.6480885781646814,0.21103675206155825,-0.383347751,0.8563084059999997,NA,NA,NA,NA,Bosomtwe,DHS 2014,2014,Low,Moderate (5-20%),16.1%,[3.1%–43.0%],65%
Pooled,GHA,31,1,0.4007776908885,0.38850259499999995,0.16834497458425998,0.11914757200000001,0.7444846434999997,0.6253370714999996,0.42004577203648563,0.1364817283491786,-0.45492789625,0.7766729139999996,NA,NA,NA,NA,Ejisu,DHS 2014,2014,Low,High (20-50%),40.1%,[11.9%–74.4%],42%
Pooled,GHA,32,1,0.32974170383625,0.32936931999999997,0.02223524100043239,0.28629579025,0.3744420172499999,0.08814622699999991,0.06743229849832531,0.0056450525632871255,-0.54536201825,0.5419397679999998,NA,NA,NA,NA,Ejura-Sekyedumase,DHS 2014,2014,High,High (20-50%),33.0%,[28.6%–37.4%],7%
Pooled,GHA,33,1,0.378671303863375,0.36241214499999996,0.16229724278635205,0.11544168825000001,0.72010300425,0.604661316,0.42859662491063505,-0.14627598838888325,-0.8258353182499999,0.45735978249999987,NA,NA,NA,NA,Juaben,DHS 2014,2014,Low,High (20-50%),37.9%,[11.5%–72.0%],43%
Pooled,GHA,34,1,0.1686883082789375,0.14294349,0.10672034301213358,0.033992302924999995,0.43419245674999984,0.40020015382499985,0.6326481313433074,0.070714680551115,-0.5973435205000001,0.7789651452499995,NA,NA,NA,NA,Kumasi,DHS 2014,2014,Low,Moderate (5-20%),16.9%,[3.4%–43.4%],63%
Pooled,GHA,35,1,0.39962247050125,0.39951731,0.023610872758937983,0.35400781349999993,0.44620258524999995,0.09219477175000002,0.059082945784611804,0.06669864816994625,-0.5832025035,0.7617315985,NA,NA,NA,NA,Kwabre East,DHS 2014,2014,High,High (20-50%),40.0%,[35.4%–44.6%],6%
Pooled,GHA,36,1,0.19940693538375,0.199016725,0.01573737973075397,0.16978092324999997,0.23165650849999994,0.061875585249999976,0.07892092469335665,0.03426812855464863,-0.64089377275,0.7005753867499998,NA,NA,NA,NA,Kwadaso,DHS 2014,2014,High,Moderate (5-20%),19.9%,[17.0%–23.2%],8%
Pooled,GHA,37,1,0.1693689950475,0.16879778499999998,0.0139407132571727,0.1432573325,0.198322069,0.05506473649999999,0.08230971231341952,0.034139614498384124,-0.6690042367500001,0.738801692,NA,NA,NA,NA,Mampong,DHS 2014,2014,High,Moderate (5-20%),16.9%,[14.3%–19.8%],8%
Pooled,GHA,38,1,0.142300244740575,0.1184366,0.09362855222183146,0.028537385125000002,0.3831531357499999,0.3546157506249999,0.6579648010621765,0.04848402355739888,-0.67492297225,0.7851092904999999,NA,NA,NA,NA,Obuasi,DHS 2014,2014,Low,Moderate (5-20%),14.2%,[2.9%–38.3%],66%
Pooled,GHA,39,1,0.40190624485925003,0.388873235,0.1689369202469487,0.118382309,0.7544198442499999,0.6360375352499998,0.42033912736566564,0.04731737796156073,-0.6819929527499999,0.7830459922499998,NA,NA,NA,NA,Obuasi East,DHS 2014,2014,Low,High (20-50%),40.2%,[11.8%–75.4%],42%
Pooled,GHA,40,1,0.1962881169315,0.16994240500000002,0.11895573567557449,0.042326888175,0.49367188049999994,0.4513449923249999,0.6060261697710784,0.05350527270637662,-0.6027927470000001,0.7311694257499992,NA,NA,NA,NA,Offinso,DHS 2014,2014,Low,Moderate (5-20%),19.6%,[4.2%–49.4%],61%
Pooled,GHA,41,1,0.55219148521125,0.552198525,0.024093057284191324,0.504661811,0.5988158617500001,0.09415405075000016,0.04363170735052918,-0.008467194783133812,-0.641514169,0.6150305754999998,NA,NA,NA,NA,Offinso North,DHS 2014,2014,High,Very high (≥50%),55.2%,[50.5%–59.9%],4%
Pooled,GHA,42,1,0.198030304473,0.17401499,0.1148927062881007,0.046203858975000005,0.48465201774999994,0.43844815877499993,0.5801773955448596,0.08257749373887875,-0.60392519625,0.8085453239999995,NA,NA,NA,NA,Oforikrom,DHS 2014,2014,Low,Moderate (5-20%),19.8%,[4.6%–48.5%],58%
Pooled,GHA,43,1,0.208662056420625,0.18111693,0.12790502107566748,0.042506778950000004,0.518074709,0.47556793005,0.6129769027955618,0.02726485390801675,-0.6261886055,0.6844670447499996,NA,NA,NA,NA,Old Tafo,DHS 2014,2014,Low,High (20-50%),20.9%,[4.3%–51.8%],61%
Pooled,GHA,44,1,0.0743182755094375,0.056389482000000005,0.06089551863130608,0.011686317475000001,0.236004652,0.224318334525,0.8193882085379269,0.008051936380522375,-0.6142842585,0.6279140379999989,NA,NA,NA,NA,Sekyere Afram Plains North,DHS 2014,2014,Low,Moderate (5-20%),7.4%,[1.2%–23.6%],82%
Pooled,GHA,45,1,0.214986480358375,0.18898500499999998,0.12780246381574928,0.0457362659,0.5270984479999998,0.4813621820999998,0.5944674455933555,0.01470541952276,-0.672969772,0.69549259125,NA,NA,NA,NA,Sekyere Central,DHS 2014,2014,Low,High (20-50%),21.5%,[4.6%–52.7%],59%
Pooled,GHA,46,1,0.0759311777674875,0.0592917325,0.06100284553244886,0.011752710625,0.24010941999999974,0.22835670937499974,0.8033965404731189,0.021763800190265376,-0.6591790072499999,0.6996836884999978,NA,NA,NA,NA,Sekyere East,DHS 2014,2014,Low,Moderate (5-20%),7.6%,[1.2%–24.0%],80%
Pooled,GHA,47,1,0.3063196612905,0.2872258,0.14823955634040284,0.080379636325,0.6333070737499993,0.5529274374249993,0.4839374518628075,-0.06393491285521137,-0.7112940442500001,0.5494955832499999,NA,NA,NA,NA,Sekyere Kumawu,DHS 2014,2014,Low,High (20-50%),30.6%,[8.0%–63.3%],48%
Pooled,GHA,48,1,0.131417593655625,0.12038368499999999,0.05826093933428768,0.048413330925000005,0.27421295924999994,0.22579962832499995,0.4433267853538571,0.1640402981855575,-0.39399887575,0.7785152184999998,NA,NA,NA,NA,Sekyere South,DHS 2014,2014,Low,Moderate (5-20%),13.1%,[4.8%–27.4%],44%
Pooled,GHA,49,1,0.374977660959125,0.36046283,0.16103501026602313,0.10845531675000002,0.7128624122499999,0.6044070954999999,0.429452276847972,0.07027533582264299,-0.6036114194999999,0.7685154869999988,NA,NA,NA,NA,Suame,DHS 2014,2014,Low,High (20-50%),37.5%,[10.8%–71.3%],43%
Pooled,GHA,50,1,0.17191681657715,0.145732715,0.10992450024773587,0.034305220850000005,0.4511814207499999,0.4168761998999999,0.6394051637083785,-0.03555601319931325,-0.6740438142499999,0.5938889325,NA,NA,NA,NA,Banda,DHS 2014,2014,Low,Moderate (5-20%),17.2%,[3.4%–45.1%],64%
Pooled,GHA,51,1,0.3151677201405,0.29387759,0.15207304093677307,0.08427579655,0.6530144414999999,0.5687386449499998,0.4825146460715576,-0.061085868364054496,-0.69038667425,0.5417711717499998,NA,NA,NA,NA,Berekum East,DHS 2014,2014,Low,High (20-50%),31.5%,[8.4%–65.3%],48%
Pooled,GHA,52,1,0.1003657765475,0.09993323400000001,0.009001005205340307,0.0837195856,0.11908381299999998,0.03536422739999999,0.08968201627056023,-0.0396999872804875,-0.6700794407499999,0.5906655614999998,NA,NA,NA,NA,Berekum West,DHS 2014,2014,High,Moderate (5-20%),10.0%,[8.4%–11.9%],9%
Pooled,GHA,53,1,0.307197235321875,0.28299090000000005,0.15319353433982552,0.07803943395,0.64741184175,0.5693724078,0.4986813575301629,-0.14418296941641276,-0.7424010787499999,0.40196307349999993,NA,NA,NA,NA,Dormaa,DHS 2014,2014,Low,High (20-50%),30.7%,[7.8%–64.7%],50%
Pooled,GHA,54,1,0.11986758376335,0.0987957845,0.0831328533587328,0.021707900075,0.3380483779999999,0.3163404779249999,0.6935390766102271,-0.06527846172790874,-0.7277473897499999,0.6004135259999986,NA,NA,NA,NA,Dormaa East,DHS 2014,2014,Low,Moderate (5-20%),12.0%,[2.2%–33.8%],69%
Pooled,GHA,55,1,0.32978004847325,0.30967784,0.1556221478688282,0.09047992395,0.6741808622499998,0.5837009382999998,0.4718967948161104,-0.0140558421308494,-0.6086938814999999,0.5825284677499998,NA,NA,NA,NA,Dormaa West,DHS 2014,2014,Low,High (20-50%),33.0%,[9.0%–67.4%],47%
Pooled,GHA,56,1,0.1374828003256,0.113578655,0.09270240866057369,0.027232930225,0.37539798399999985,0.34816505377499984,0.6742836808751853,-0.16417284022189263,-0.7870707687499999,0.4083371764999995,NA,NA,NA,NA,Jaman North,DHS 2014,2014,Low,Moderate (5-20%),13.7%,[2.7%–37.5%],67%
Pooled,GHA,57,1,0.3749168986855,0.36137113,0.16026379183116893,0.11292634325,0.7101897969999998,0.5972634537499999,0.4274648392565698,0.0126887941619064,-0.56540248975,0.5976611429999992,NA,NA,NA,NA,Jaman South,DHS 2014,2014,Low,High (20-50%),37.5%,[11.3%–71.0%],43%
Pooled,GHA,58,1,0.22159482328375,0.22129776,0.017078359134717964,0.188978392,0.256634979,0.06765658699999999,0.07707020805648196,-0.19014323068022376,-0.8806282335000001,0.4249023012499996,NA,NA,NA,NA,Sunyani,DHS 2014,2014,High,High (20-50%),22.2%,[18.9%–25.7%],8%
Pooled,GHA,59,1,0.59509609202375,0.59521764,0.023831685764193155,0.54743504225,0.640890015,0.09345497275000003,0.040046785861336226,-0.042377552709936615,-0.6428259089999999,0.5568932882499997,NA,NA,NA,NA,Sunyani West,DHS 2014,2014,High,Very high (≥50%),59.5%,[54.7%–64.1%],4%
Pooled,GHA,60,1,0.123066698846125,0.11029173,0.06342451374742837,0.0365125979,0.2793388624999999,0.2428262645999999,0.5153669866998746,-0.060571676022162374,-0.7063382384999999,0.55405793925,NA,NA,NA,NA,Tain,DHS 2014,2014,Low,Moderate (5-20%),12.3%,[3.7%–27.9%],52%
Pooled,GHA,61,1,0.33307208591875,0.33282946,0.021940586495961197,0.29087884,0.3769077975,0.08602895749999995,0.06587338724420579,0.0721398773329645,-0.50049463375,0.6544632917500001,NA,NA,NA,NA,Wenchi,DHS 2014,2014,High,High (20-50%),33.3%,[29.1%–37.7%],7%
Pooled,GHA,62,1,0.1677120045245,0.15578312,0.07220932509866712,0.062398957125,0.34204137599999995,0.27964241887499997,0.43055549484007577,0.1254161596237124,-0.40240169800000003,0.6830919049999997,NA,NA,NA,NA,Atebubu-Amantin,DHS 2014,2014,Low,Moderate (5-20%),16.8%,[6.2%–34.2%],43%
Pooled,GHA,63,1,0.398726314795,0.39868642,0.023625193089146596,0.35296995225,0.44629245924999994,0.09332250699999994,0.059251652606106986,-0.019410149176799875,-0.66738694325,0.628568715,NA,NA,NA,NA,Kintampo North,DHS 2014,2014,High,High (20-50%),39.9%,[35.3%–44.6%],6%
Pooled,GHA,64,1,0.112229841025875,0.111870165,0.00979805760589228,0.094574086825,0.13216301849999998,0.03758893167499998,0.08730349714772653,-0.0499545767659585,-0.6445279939999999,0.5144410559999998,NA,NA,NA,NA,Kintampo South,DHS 2014,2014,High,Moderate (5-20%),11.2%,[9.5%–13.2%],9%
Pooled,GHA,65,1,0.11375687383925,0.113345895,0.009867962363452882,0.095134043475,0.13450722024999998,0.03937317677499998,0.08674607547142438,0.003350459945280337,-0.616730561,0.64123096125,NA,NA,NA,NA,Nkoranza North,DHS 2014,2014,High,Moderate (5-20%),11.4%,[9.5%–13.5%],9%
Pooled,GHA,66,1,0.132532675901525,0.109555655,0.09058288813969395,0.026315175474999997,0.37030394724999993,0.3439887717749999,0.6834758864070566,-0.02964554986701,-0.69490787025,0.6280815907499999,NA,NA,NA,NA,Nkoranza South,DHS 2014,2014,Low,Moderate (5-20%),13.3%,[2.6%–37.0%],68%
Pooled,GHA,67,1,0.1799895301497375,0.15245962000000002,0.11772236271546707,0.033470589225,0.4807322394999999,0.44726165027499987,0.6540511696293172,-0.106074416972165,-0.6998319649999999,0.4462291049999998,NA,NA,NA,NA,Pru East,DHS 2014,2014,Low,Moderate (5-20%),18.0%,[3.3%–48.1%],65%
Pooled,GHA,68,1,0.0626687143683625,0.0469024775,0.053925237269632526,0.0095470449625,0.21234435974999996,0.20279731478749996,0.8604809882114958,-0.0559926784048,-0.66375735225,0.5123887795,NA,NA,NA,NA,Pru West,DHS 2014,2014,Low,Moderate (5-20%),6.3%,[1.0%–21.2%],86%
Pooled,GHA,69,1,0.251311864110875,0.22647737,0.13836411898984333,0.058324462725,0.57954700625,0.521222543525,0.5505673975216672,0.16078200416531863,-0.36324198300000005,0.7157527392499997,NA,NA,NA,NA,Sene East,DHS 2014,2014,Low,High (20-50%),25.1%,[5.8%–58.0%],55%
Pooled,GHA,70,1,0.0902187140694375,0.0722913365,0.0678309362924707,0.01591622925,0.2694104217499999,0.2534941924999999,0.7518499569863533,-0.07674536153216037,-0.6607037922500001,0.4861890322499998,NA,NA,NA,NA,Sene West,DHS 2014,2014,Low,Moderate (5-20%),9.0%,[1.6%–26.9%],75%
Pooled,GHA,71,1,0.15853602185025,0.145106595,0.07116425705476315,0.057010040925000005,0.32738676725,0.270376726325,0.44888383235693585,-0.08900613644203312,-0.72416192075,0.5058146149999997,NA,NA,NA,NA,Techiman,DHS 2014,2014,Low,Moderate (5-20%),15.9%,[5.7%–32.7%],45%
Pooled,GHA,72,1,0.0756747341024375,0.0576909355,0.06087511897806742,0.012051400674999999,0.2368071805,0.224755779825,0.8044312239758055,0.13876108451106864,-0.45246328724999996,0.7730498337499996,NA,NA,NA,NA,Techiman North,DHS 2014,2014,Low,Moderate (5-20%),7.6%,[1.2%–23.7%],80%
Pooled,GHA,73,1,0.336932690057125,0.31702724,0.15861970361222943,0.089297424925,0.6927704892499997,0.6034730643249997,0.47077564241491787,0.0882818174922325,-0.58320369325,0.8036562394999999,NA,NA,NA,NA,Abura-Asebu-Kwamankese,DHS 2014,2014,Low,High (20-50%),33.7%,[8.9%–69.3%],47%
Pooled,GHA,74,1,0.1540136829178875,0.128654345,0.10112900260047183,0.030479483500000005,0.41897279349999994,0.3884933099999999,0.656623493994289,0.12738720000354087,-0.47895173224999993,0.7778757099999997,NA,NA,NA,NA,Agona East,DHS 2014,2014,Low,Moderate (5-20%),15.4%,[3.0%–41.9%],66%
Pooled,GHA,75,1,0.245038720501625,0.218597305,0.1366984956539229,0.054991928525,0.5750598332499998,0.5200679047249998,0.557864876922651,0.03907422013051705,-0.59855543075,0.6745377579999998,NA,NA,NA,NA,Agona West,DHS 2014,2014,Low,High (20-50%),24.5%,[5.5%–57.5%],56%
Pooled,GHA,76,1,0.094627811076925,0.0759079895,0.07021548517922026,0.015824249375000002,0.2801121977499999,0.2642879483749999,0.7420174299724693,-0.007553055386653,-0.64436058125,0.6276279789999998,NA,NA,NA,NA,Ajumako-Enyan-Essiam,DHS 2014,2014,Low,Moderate (5-20%),9.5%,[1.6%–28.0%],74%
Pooled,GHA,77,1,0.281280789236375,0.257872055,0.1475530878638922,0.06813843582500001,0.6178817474999999,0.5497433116749999,0.5245757744937768,-0.06115919404513,-0.6899756742500001,0.5481321719999995,NA,NA,NA,NA,Asikuma-Odoben-Brakwa,DHS 2014,2014,Low,High (20-50%),28.1%,[6.8%–61.8%],52%
Pooled,GHA,78,1,0.1088197495407875,0.0879889165,0.07830519147632124,0.019917270850000002,0.31076878599999985,0.29085151514999985,0.7195862130427999,-0.0019963498631212495,-0.6598921845,0.6355427909999997,NA,NA,NA,NA,Assin Central,DHS 2014,2014,Low,Moderate (5-20%),10.9%,[2.0%–31.1%],72%
Pooled,GHA,79,1,0.348013878284125,0.330844735,0.15890734726134229,0.096727522625,0.6881899037499997,0.5914623811249997,0.45661209847386425,0.041362215519124876,-0.54967826675,0.6311721152499996,NA,NA,NA,NA,Assin North,DHS 2014,2014,Low,High (20-50%),34.8%,[9.7%–68.8%],46%
Pooled,GHA,80,1,0.15758458674195,0.132163675,0.10263251246982733,0.032851391875,0.4194870014999999,0.3866356096249999,0.6512852214277243,-0.008688234924960625,-0.58551675825,0.5872404962499999,NA,NA,NA,NA,Assin South,DHS 2014,2014,Low,Moderate (5-20%),15.8%,[3.3%–41.9%],65%
Pooled,GHA,81,1,0.377515667753875,0.36050701,0.16454654367156973,0.11008453774999999,0.7248841904999999,0.6147996527499999,0.43586679368986464,0.11903208832770913,-0.5373090792499999,0.7954907604999998,NA,NA,NA,NA,Awutu Senya East,DHS 2014,2014,Low,High (20-50%),37.8%,[11.0%–72.5%],44%
Pooled,GHA,82,1,0.1768724629059625,0.15066606500000002,0.11180365134981012,0.036493684049999996,0.45877294524999995,0.4222792612,0.6321145163747315,0.243535006158889,-0.4049521865,0.9746589447499998,NA,NA,NA,NA,Awutu Senya West,DHS 2014,2014,Low,Moderate (5-20%),17.7%,[3.6%–45.9%],63%
Pooled,GHA,83,1,0.214944510828125,0.187051085,0.12849762656241653,0.04392547255,0.5257209289999998,0.48179545644999977,0.597817669627146,-0.03754562431208267,-0.8209839484999999,0.7251982232499996,NA,NA,NA,NA,Cape Coast,DHS 2014,2014,Low,High (20-50%),21.5%,[4.4%–52.6%],60%
Pooled,GHA,84,1,0.07657651336745,0.059560582,0.06072044356859564,0.012495622175,0.24068457649999994,0.22818895432499994,0.7929382117102994,-0.12355794036942674,-0.89677809725,0.5980115227499998,NA,NA,NA,NA,Effutu,DHS 2014,2014,Low,Moderate (5-20%),7.7%,[1.2%–24.1%],79%
Pooled,GHA,85,1,0.142834472527875,0.136538295,0.04883718308381926,0.067538798525,0.2549202274999999,0.18738142897499988,0.3419145407932836,-0.071847368793838,-0.807501351,0.6579812719999996,NA,NA,NA,NA,Ekumfi,DHS 2014,2014,Low,Moderate (5-20%),14.3%,[6.8%–25.5%],34%
Pooled,GHA,86,1,0.06823177144385,0.0524462285,0.055809032942035514,0.0109608037,0.2193580974999998,0.2083972937999998,0.8179332261358987,-0.00540332680926,-0.803656957,0.7821565837499997,NA,NA,NA,NA,Gomoa Central,DHS 2014,2014,Low,Moderate (5-20%),6.8%,[1.1%–21.9%],82%
Pooled,GHA,87,1,0.5007038076035,0.5013346949999999,0.17619999410889547,0.17604537099999998,0.8288415102499997,0.6527961392499998,0.35190464189244924,-0.0133817951494455,-0.652639025,0.6222805919999999,NA,NA,NA,NA,Gomoa East,DHS 2014,2014,Low,Very high (≥50%),50.1%,[17.6%–82.9%],35%
Pooled,GHA,88,1,0.262873107435625,0.236714665,0.14302256108156275,0.06009892255,0.5942481985,0.53414927595,0.5440745250694294,-0.04820576029064062,-0.6900614677499999,0.5697365224999994,NA,NA,NA,NA,Gomoa West,DHS 2014,2014,Low,High (20-50%),26.3%,[6.0%–59.4%],54%
Pooled,GHA,89,1,0.424847547109375,0.412622605,0.1730527459551591,0.129077146,0.7762733394999999,0.6471961934999999,0.4073290457543997,-0.08367609588105437,-0.8331178752499999,0.6364834709999997,NA,NA,NA,NA,Komenda-Edina-Eguafo-Abirem-,DHS 2014,2014,Low,High (20-50%),42.5%,[12.9%–77.6%],41%
Pooled,GHA,90,1,0.2153574047712875,0.19187656,0.12355317627730956,0.04695386195000001,0.5194677704999998,0.4725139085499998,0.5737122269305052,-0.12694909407617513,-0.925217807,0.6032885292499992,NA,NA,NA,NA,Mfantseman,DHS 2014,2014,Low,High (20-50%),21.5%,[4.7%–51.9%],57%
Pooled,GHA,91,1,0.33550725488037497,0.318821125,0.15480732716543807,0.090865516675,0.6742189267499995,0.5833534100749995,0.4614127560986262,-0.10138595003449613,-0.712299815,0.48810977724999904,NA,NA,NA,NA,Twifo-Atti-Morkwa,DHS 2014,2014,Low,High (20-50%),33.6%,[9.1%–67.4%],46%
Pooled,GHA,92,1,0.15064148935,0.12605438,0.09983440886326832,0.030423073325,0.4018238344999997,0.3714007611749997,0.6627285039071364,-0.04560406100744375,-0.72584808875,0.6399772069999996,NA,NA,NA,NA,Twifo-Hemang-Lower Denkyira,DHS 2014,2014,Low,Moderate (5-20%),15.1%,[3.0%–40.2%],66%
Pooled,GHA,93,1,0.226295217754125,0.21967034,0.06619270097265707,0.11607186900000001,0.37271874074999994,0.25664687174999995,0.29250596468449,-0.022180362193750875,-0.6971984179999999,0.6212660219999997,NA,NA,NA,NA,Upper Denkyira East,DHS 2014,2014,Medium,High (20-50%),22.6%,[11.6%–37.3%],29%
Pooled,GHA,94,1,0.16154562352915,0.136477055,0.10486203371171877,0.031277315550000004,0.42846320225,0.3971858867,0.6491171436334021,0.0291695859789,-0.601630393,0.6763697074999999,NA,NA,NA,NA,Upper Denkyira West,DHS 2014,2014,Low,Moderate (5-20%),16.2%,[3.1%–42.8%],65%
Pooled,GHA,95,1,0.336216973822375,0.326779665,0.11819165828229435,0.139374885,0.5923214752499999,0.4529465902499999,0.3515338828334573,0.01623508034679275,-0.6722304689999999,0.7062898174999998,NA,NA,NA,NA,Abuakwa North,DHS 2014,2014,Low,High (20-50%),33.6%,[13.9%–59.2%],35%
Pooled,GHA,96,1,0.28261918937875,0.281750195,0.0202179062374179,0.244916501,0.323292932,0.07837643099999997,0.07153762729933749,0.24526004697754777,-0.35147743324999997,0.9358931289999993,NA,NA,NA,NA,Abuakwa South,DHS 2014,2014,High,High (20-50%),28.3%,[24.5%–32.3%],7%
Pooled,GHA,97,1,0.21520410213375,0.18500793,0.13183459207354015,0.04318412462500001,0.5467955882499999,0.5036114636249999,0.6126025980285662,0.04134678168815899,-0.64903289775,0.7237942859999998,NA,NA,NA,NA,Achiase,DHS 2014,2014,Low,High (20-50%),21.5%,[4.3%–54.7%],61%
Pooled,GHA,98,1,0.0736572326733625,0.0568924495,0.05883033344735424,0.012085974150000001,0.23245911149999984,0.22037313734999983,0.7987040961508961,0.12204979942683412,-0.5216734512499999,0.7989840914999997,NA,NA,NA,NA,Akwapem North,DHS 2014,2014,Low,Moderate (5-20%),7.4%,[1.2%–23.2%],80%
Pooled,GHA,99,1,0.405972867967,0.39513303,0.1690483895807338,0.12187949450000002,0.7548498092499998,0.6329703147499998,0.4164031710475664,0.11767509840053463,-0.56049847475,0.8407590837499996,NA,NA,NA,NA,Akwapem South,DHS 2014,2014,Low,High (20-50%),40.6%,[12.2%–75.5%],42%
Pooled,GHA,100,1,0.2062637285895,0.17990834,0.12319974110556318,0.044250989600000006,0.5101690899999999,0.46591810039999987,0.5972923206035496,0.027383470663287723,-0.5736857240000001,0.6147673984999991,NA,NA,NA,NA,Akyemansa,DHS 2014,2014,Low,High (20-50%),20.6%,[4.4%–51.0%],60%
Pooled,GHA,101,1,0.29270110342375,0.29001488,0.05195642745409517,0.19851293125,0.40116789024999994,0.20265495899999994,0.1775067700338549,0.21977670010903236,-0.3514468862499999,0.8650171592499999,NA,NA,NA,NA,Asene-Manso-Akroso,DHS 2014,2014,Medium,High (20-50%),29.3%,[19.9%–40.1%],18%
Pooled,GHA,102,1,0.1271848313507375,0.10588085,0.08440899031706639,0.025546092275,0.34691358549999995,0.32136749322499997,0.6636718342951746,0.026756278557126874,-0.62127661625,0.6811697177499998,NA,NA,NA,NA,Asuogyaman,DHS 2014,2014,Low,Moderate (5-20%),12.7%,[2.6%–34.7%],66%
Pooled,GHA,103,1,0.33276960112125,0.332255865,0.022132122984589588,0.290697943,0.37762912125000003,0.08693117825000002,0.06650884849462374,0.2706919869833898,-0.32162768450000007,0.9504860327499998,NA,NA,NA,NA,Atiwa East,DHS 2014,2014,High,High (20-50%),33.3%,[29.1%–37.8%],7%
Pooled,GHA,104,1,0.1341509169294,0.11165961499999999,0.08985571659483316,0.02599225595,0.37227942574999995,0.34628716979999996,0.6698106777915039,0.0974111039162315,-0.5471195584999999,0.7638402697499996,NA,NA,NA,NA,Atiwa West,DHS 2014,2014,Low,Moderate (5-20%),13.4%,[2.6%–37.2%],67%
Pooled,GHA,105,1,0.25417792312075,0.249460455,0.058968821652014905,0.15239550925,0.38030644474999986,0.22791093549999986,0.23199820396675885,0.13039958958411,-0.4935995085,0.7983724694999997,NA,NA,NA,NA,Ayensuano,DHS 2014,2014,Medium,High (20-50%),25.4%,[15.2%–38.0%],23%
Pooled,GHA,106,1,0.110883503211375,0.099743607,0.05756391184629982,0.033924912075,0.25411639625,0.22019148417499998,0.5191386471310064,0.06651093881993288,-0.6422862265,0.79288848175,NA,NA,NA,NA,Birim Central,DHS 2014,2014,Low,Moderate (5-20%),11.1%,[3.4%–25.4%],52%
Pooled,GHA,107,1,0.344755704243125,0.323574975,0.16088804569771156,0.09248556819999999,0.6964519682499999,0.6039664000499999,0.46667261402077276,0.0615455306285725,-0.5800268005,0.7078182224999999,NA,NA,NA,NA,Birim North,DHS 2014,2014,Low,High (20-50%),34.5%,[9.2%–69.6%],47%
Pooled,GHA,108,1,0.138075267860675,0.112524285,0.09427085122743326,0.027005687700000003,0.38147986549999996,0.35447417779999996,0.6827497254798547,0.03521650104316462,-0.6147090535,0.67482776125,NA,NA,NA,NA,Birim South,DHS 2014,2014,Low,Moderate (5-20%),13.8%,[2.7%–38.1%],68%
Pooled,GHA,109,1,0.399086222485,0.39870998,0.023855322703765326,0.35341502925,0.4467137545,0.09329872524999999,0.059774859064852706,0.034668539049196374,-0.6060358020000001,0.6578147054999999,NA,NA,NA,NA,Denkyembour,DHS 2014,2014,High,High (20-50%),39.9%,[35.3%–44.7%],6%
Pooled,GHA,110,1,0.164713834772225,0.13923128499999998,0.10543587072169272,0.0331508162,0.4390766652499996,0.4059258490499996,0.6401154515496225,-0.06245013302516875,-0.7361504309999999,0.5709656814999998,NA,NA,NA,NA,Fanteakwa North,DHS 2014,2014,Low,Moderate (5-20%),16.5%,[3.3%–43.9%],64%
Pooled,GHA,111,1,0.210071567826625,0.20527864499999998,0.055234073148390544,0.11874179824999999,0.33103620075,0.21229440250000003,0.2629297896894643,0.07814298101383263,-0.580514208,0.7352349014999999,NA,NA,NA,NA,Fanteakwa South,DHS 2014,2014,Medium,High (20-50%),21.0%,[11.9%–33.1%],26%
Pooled,GHA,112,1,0.1161992423915,0.104013315,0.05981638208440697,0.036079565800000005,0.26304703225,0.22696746645,0.514774286418089,-0.021953989597032625,-0.6660508929999999,0.6199328919999999,NA,NA,NA,NA,Kwaebibirem,DHS 2014,2014,Low,Moderate (5-20%),11.6%,[3.6%–26.3%],51%
Pooled,GHA,113,1,0.3897994649175,0.38821633499999997,0.057601122050582446,0.28154730125000005,0.505806399,0.22425909774999997,0.14777116757400774,-0.10744903127248757,-0.7166832384999999,0.47455848899999986,NA,NA,NA,NA,Kwahu Afram Plains North,DHS 2014,2014,High,High (20-50%),39.0%,[28.2%–50.6%],15%
Pooled,GHA,114,1,0.18012209214425,0.16437553,0.08661553451580786,0.057161601225,0.390542232,0.333380630775,0.4808712439695747,-0.07470046981855212,-0.63437866475,0.44279446199999994,NA,NA,NA,NA,Kwahu Afram Plains South,DHS 2014,2014,Low,Moderate (5-20%),18.0%,[5.7%–39.1%],48%
Pooled,GHA,115,1,0.17168817260375,0.15645089,0.08518702759703695,0.052889110425,0.3806220144999997,0.3277329040749997,0.49617295300617753,0.11281650231965362,-0.49759787749999995,0.7690635987499997,NA,NA,NA,NA,Kwahu East,DHS 2014,2014,Low,Moderate (5-20%),17.2%,[5.3%–38.1%],50%
Pooled,GHA,116,1,0.072097452891625,0.0648814455,0.03501178502190735,0.02518739065,0.15983115825,0.1346437676,0.4856175026673431,0.04595742711578087,-0.6219806505,0.7366984532499999,NA,NA,NA,NA,Kwahu South,DHS 2014,2014,Low,Moderate (5-20%),7.2%,[2.5%–16.0%],49%
Pooled,GHA,117,1,0.32661374519475,0.30482584,0.15541378588609114,0.08800158425,0.6710194404999996,0.5830178562499996,0.4758335745895279,-0.0139009333112075,-0.6709797582499999,0.5991080994999994,NA,NA,NA,NA,Kwahu West,DHS 2014,2014,Low,High (20-50%),32.7%,[8.8%–67.1%],48%
Pooled,GHA,118,1,0.120483804158625,0.10635599000000001,0.06393072101996689,0.035568612075000006,0.2802861067499999,0.24471749467499987,0.5306167203668122,0.07873697168660314,-0.6036310665,0.8033902692499997,NA,NA,NA,NA,Lower Manya-Krobo,DHS 2014,2014,Low,Moderate (5-20%),12.0%,[3.6%–28.0%],53%
Pooled,GHA,119,1,0.33728866271825,0.317483485,0.1567636363770325,0.09380656144999999,0.684858435,0.59105187355,0.46477588399697595,-0.018076235721057987,-0.67849706,0.6356228722499999,NA,NA,NA,NA,New Juaben North,DHS 2014,2014,Low,High (20-50%),33.7%,[9.4%–68.5%],46%
Pooled,GHA,120,1,0.131788306792375,0.12564263,0.045704326107242885,0.061168325850000003,0.23979075299999994,0.17862242714999993,0.34680107226240836,0.1081644830633585,-0.49937018675,0.7509034792499998,NA,NA,NA,NA,New Juaben South,DHS 2014,2014,Low,Moderate (5-20%),13.2%,[6.1%–24.0%],35%
Pooled,GHA,121,1,0.45873361358125,0.458451005,0.024219333596014258,0.41066774149999996,0.5063297194999999,0.09566197799999998,0.052796073535877,0.17717987946470945,-0.4976988617499999,0.9224103529999998,NA,NA,NA,NA,Nsawam Adoagyiri,DHS 2014,2014,High,High (20-50%),45.9%,[41.1%–50.6%],5%
Pooled,GHA,122,1,0.139542731312625,0.13108719,0.057231493523100606,0.05459097165,0.2764145592499999,0.22182358759999993,0.4101359704281683,0.1806918211907524,-0.46875002525,0.8851055172499998,NA,NA,NA,NA,Okere,DHS 2014,2014,Low,Moderate (5-20%),14.0%,[5.5%–27.6%],41%
Pooled,GHA,123,1,0.6346797754775,0.63547435,0.03939917880173154,0.5552625449999999,0.7081243725,0.1528618275000001,0.06207725584463386,0.08667467305844474,-0.539057043,0.7334532409999998,NA,NA,NA,NA,Suhum,DHS 2014,2014,High,Very high (≥50%),63.5%,[55.5%–70.8%],6%
Pooled,GHA,124,1,0.188056077685,0.186234275,0.029545457267794575,0.1357608295,0.25159271549999995,0.11583188599999994,0.15710982400305173,0.02462078562159105,-0.5827396885,0.6210723877500001,NA,NA,NA,NA,Upper Manya,DHS 2014,2014,High,Moderate (5-20%),18.8%,[13.6%–25.2%],16%
Pooled,GHA,125,1,0.3432765703195,0.32162603,0.16311245905136448,0.08842971295,0.6992547284999998,0.6108250155499998,0.47516339055575446,0.1858783880890567,-0.402409621,0.8360185002499997,NA,NA,NA,NA,Upper West Akim,DHS 2014,2014,Low,High (20-50%),34.3%,[8.8%–69.9%],48%
Pooled,GHA,126,1,0.1713030503588125,0.146791805,0.10739492188555698,0.034950974425,0.44092538675,0.405974412325,0.6269294192987624,0.13927316491004438,-0.45559309224999994,0.7646244017499998,NA,NA,NA,NA,West Akim,DHS 2014,2014,Low,Moderate (5-20%),17.1%,[3.5%–44.1%],63%
Pooled,GHA,127,1,0.325225056075,0.30569612,0.15380046360127356,0.0891262362,0.66701363475,0.5778873985499999,0.47290471852760846,0.17923031901131609,-0.40977958675,0.8109820872499997,NA,NA,NA,NA,Yilo-Krobo,DHS 2014,2014,Low,High (20-50%),32.5%,[8.9%–66.7%],47%
Pooled,GHA,128,1,0.103106635337,0.098596026,0.032867900796882184,0.0509443909,0.17820220574999998,0.12725781484999998,0.31877580612978723,0.09440187333748624,-0.6975432545,0.9481450234999989,NA,NA,NA,NA,Ablekuma Central,DHS 2014,2014,Medium,Moderate (5-20%),10.3%,[5.1%–17.8%],32%
Pooled,GHA,129,1,0.3810578311435,0.36777430499999997,0.1640028487976537,0.10914810375,0.7251191589999999,0.61597105525,0.4303883436944587,0.0657709197883415,-0.645244991,0.7748648489999997,NA,NA,NA,NA,Ablekuma North,DHS 2014,2014,Low,High (20-50%),38.1%,[10.9%–72.5%],43%
Pooled,GHA,130,1,0.182414623747025,0.15664865,0.11367472927582471,0.036774654025,0.4752844899999998,0.43850983597499976,0.6231667557172956,0.08575589734347196,-0.69163263825,0.9077723864999999,NA,NA,NA,NA,Ablekuma West,DHS 2014,2014,Low,Moderate (5-20%),18.2%,[3.7%–47.5%],62%
Pooled,GHA,131,1,0.35384480956475,0.33289047,0.16499324143736566,0.09612331637500002,0.7075533205,0.6114300041249999,0.4662870189909443,0.13537707143231786,-0.627707314,0.9229994324999998,NA,NA,NA,NA,Accra,DHS 2014,2014,Low,High (20-50%),35.4%,[9.6%–70.8%],47%
Pooled,GHA,132,1,0.131541176739375,0.12021765000000001,0.06156181122264225,0.045375237475,0.28094007024999984,0.23556483277499984,0.4680041090450014,0.1739221213611606,-0.61238416825,1.0304413925,NA,NA,NA,NA,Ada East,DHS 2014,2014,Low,Moderate (5-20%),13.2%,[4.5%–28.1%],47%
Pooled,GHA,133,1,0.2166193249925,0.21588821,0.016914880845852895,0.18497684150000002,0.25144609724999994,0.06646925574999993,0.07808574256446667,0.13731535499672026,-0.5682478767499999,0.8782846025,NA,NA,NA,NA,Ada West,DHS 2014,2014,High,High (20-50%),21.7%,[18.5%–25.1%],8%
Pooled,GHA,134,1,0.15742197411125,0.15146567,0.04874486025645153,0.08072112925,0.2671710554999999,0.18644992624999993,0.3096445749181342,0.10668716665618087,-0.6266579735,0.8676578114999991,NA,NA,NA,NA,Adenta,DHS 2014,2014,Medium,Moderate (5-20%),15.7%,[8.1%–26.7%],31%
Pooled,GHA,135,1,0.367324399909,0.351240625,0.15998443324974354,0.10656673,0.7078726829999998,0.6013059529999998,0.43553990230264494,0.111256759812401,-0.607397456,0.8926636034999998,NA,NA,NA,NA,Ashaiman,DHS 2014,2014,Low,High (20-50%),36.7%,[10.7%–70.8%],44%
Pooled,GHA,136,1,0.1259371432785,0.125466145,0.01104302521003605,0.1056221825,0.1489564575,0.043334275000000005,0.0876868009115887,0.09312708712956425,-0.6661708295000001,0.8941967697499993,NA,NA,NA,NA,Ayawaso Central,DHS 2014,2014,High,Moderate (5-20%),12.6%,[10.6%–14.9%],9%
Pooled,GHA,137,1,0.664011315485,0.66442753,0.0220872841028592,0.6189936699999999,0.70650235725,0.08750868725000005,0.03326341522768545,0.0861988976560125,-0.64759444325,0.8673356067499977,NA,NA,NA,NA,Ayawaso East,DHS 2014,2014,High,Very high (≥50%),66.4%,[61.9%–70.7%],3%
Pooled,GHA,138,1,0.463029917615,0.46307806,0.024574392494235563,0.41496796324999996,0.5109675807499999,0.09599961749999997,0.053073012259801045,0.134960448604227,-0.59032530025,0.9141963484999992,NA,NA,NA,NA,Ayawaso North,DHS 2014,2014,High,High (20-50%),46.3%,[41.5%–51.1%],5%
Pooled,GHA,139,1,0.389374008685,0.386187245,0.09971184794773863,0.210809648,0.5918075522499999,0.3809979042499999,0.2560824444458608,0.09139689622621093,-0.56795213925,0.7734530509999996,NA,NA,NA,NA,Ayawaso West,DHS 2014,2014,Medium,High (20-50%),38.9%,[21.1%–59.2%],26%
Pooled,GHA,140,1,0.148972905275875,0.14527210000000002,0.037207626154604295,0.087878347725,0.2330530477499998,0.1451747000249998,0.24976102926704336,0.09479865154190875,-0.64713742775,0.8741701114999996,NA,NA,NA,NA,Ga Central,DHS 2014,2014,Medium,Moderate (5-20%),14.9%,[8.8%–23.3%],25%
Pooled,GHA,141,1,0.20356566896625,0.188751215,0.09075149194346102,0.06965253662500001,0.4192718595,0.34961932287499997,0.44580941572474625,0.082270705861335,-0.595085872,0.796515768,NA,NA,NA,NA,Ga East,DHS 2014,2014,Low,High (20-50%),20.4%,[7.0%–41.9%],45%
Pooled,GHA,142,1,0.0719482992919125,0.062159303,0.04297561474199873,0.019294862675,0.18146386299999992,0.16216900032499992,0.5973124474789286,0.12027791097249049,-0.5834171042499999,0.8743493702499995,NA,NA,NA,NA,Ga North,DHS 2014,2014,Low,Moderate (5-20%),7.2%,[1.9%–18.1%],60%
Pooled,GHA,143,1,0.45779905375375,0.457779085,0.024263520550058315,0.4106059225,0.505178319,0.09457239649999999,0.05300037287344341,0.10088000504300387,-0.6041549285,0.8434869534999999,NA,NA,NA,NA,Ga South,DHS 2014,2014,High,High (20-50%),45.8%,[41.1%–50.5%],5%
Pooled,GHA,144,1,0.1188658546115,0.10455236,0.06538077928148821,0.0349377103,0.28593446725,0.25099675695,0.550038356222467,0.10761326445496425,-0.5856823837499999,0.8368065184999997,NA,NA,NA,NA,Ga West,DHS 2014,2014,Low,Moderate (5-20%),11.9%,[3.5%–28.6%],55%
Pooled,GHA,145,1,0.55479277716,0.5599255,0.12120055843488806,0.308359218,0.7764339447499999,0.46807472674999995,0.2184609523132532,0.09396599067393263,-0.6483181795,0.86291314275,NA,NA,NA,NA,Korle-Klottey,DHS 2014,2014,Medium,Very high (≥50%),55.5%,[30.8%–77.6%],22%
Pooled,GHA,146,1,0.187543858164125,0.160185025,0.11566275531507801,0.039082369650000004,0.4826593042499999,0.4435769345999999,0.6167237703612678,0.118796044259681,-0.56350205525,0.8414982642499997,NA,NA,NA,NA,Kpone-Katamanso,DHS 2014,2014,Low,Moderate (5-20%),18.8%,[3.9%–48.3%],62%
Pooled,GHA,147,1,0.5231762149625,0.523914555,0.09919797022039087,0.32613085399999997,0.70829546350000006,0.3821646095000001,0.189607186610158,0.09028095382230625,-0.73628812025,0.9385542099999998,NA,NA,NA,NA,Krowor,DHS 2014,2014,Medium,Very high (≥50%),52.3%,[32.6%–70.8%],19%
Pooled,GHA,148,1,0.0981859753085,0.092438472,0.03742856106332439,0.042907098575,0.18760775974999985,0.14470066117499986,0.3812006851866978,0.08107283899612944,-0.6691997035,0.8708963099999989,NA,NA,NA,NA,La-Dade-Kotopon,DHS 2014,2014,Low,Moderate (5-20%),9.8%,[4.3%–18.8%],38%
Pooled,GHA,149,1,0.410499324525,0.407902755,0.0812862909692118,0.26033465375,0.5769935205000001,0.3166588667500001,0.19801808702918183,0.16276879966276822,-0.5256245042500001,0.9115757137499994,NA,NA,NA,NA,La-Nkwantanang-Madina,DHS 2014,2014,Medium,High (20-50%),41.0%,[26.0%–57.7%],20%
Pooled,GHA,150,1,0.08957420569425,0.081047037,0.043422931686427677,0.0312082859,0.199590358,0.1683820721,0.48477049112382037,0.0363988731305315,-0.7329938684999999,0.80676443975,NA,NA,NA,NA,Ledzokuku,DHS 2014,2014,Low,Moderate (5-20%),9.0%,[3.1%–20.0%],48%
Pooled,GHA,151,1,0.44062011611375,0.43864608,0.07871916008272119,0.29193537324999996,0.59894285525,0.30700748200000005,0.17865539316956452,0.13660125331089887,-0.6322386764999999,0.928812451,NA,NA,NA,NA,Ningo-Prampram,DHS 2014,2014,Medium,High (20-50%),44.1%,[29.2%–59.9%],18%
Pooled,GHA,152,1,0.13662191665675,0.124327045,0.0660117925021959,0.045126953475,0.29517548599999976,0.25004853252499976,0.48317132505207383,0.15725669419267013,-0.5240489115,0.89433529875,NA,NA,NA,NA,Okaikwei North,DHS 2014,2014,Low,Moderate (5-20%),13.7%,[4.5%–29.5%],48%
Pooled,GHA,153,1,0.2628337031575,0.260350125,0.04164306316946759,0.18613569424999998,0.35214107599999994,0.16600538174999996,0.1584388252693509,0.27902577068817463,-0.29723729474999994,0.9013709259999999,NA,NA,NA,NA,Shai Osudoku,DHS 2014,2014,High,High (20-50%),26.3%,[18.6%–35.2%],16%
Pooled,GHA,154,1,0.1638066110670125,0.140798425,0.1021856596790492,0.035070530125,0.42915192774999955,0.39408139762499955,0.623818898476848,0.11660302579840726,-0.7123794807500001,0.9630304899999999,NA,NA,NA,NA,Tema,DHS 2014,2014,Low,Moderate (5-20%),16.4%,[3.5%–42.9%],62%
Pooled,GHA,155,1,0.33344684762875,0.33312877,0.021999941478282412,0.2908933525,0.3780064505,0.087113098,0.06597735631550042,0.10998274054136588,-0.65050685,0.9185108759999996,NA,NA,NA,NA,Tema West,DHS 2014,2014,High,High (20-50%),33.3%,[29.1%–37.8%],7%
Pooled,GHA,156,1,0.1414766302924375,0.118867865,0.09250311536301475,0.029246858050000005,0.3805271102499994,0.3512802521999994,0.6538402503071167,-0.01011539591785425,-0.70714038925,0.6868166874999999,NA,NA,NA,NA,Weija Gbawe,DHS 2014,2014,Low,Moderate (5-20%),14.1%,[2.9%–38.1%],65%
Pooled,GHA,157,1,0.481251135145,0.480227525,0.10252509570633671,0.28696884575,0.68068800025,0.3937191545,0.21303865740585962,-0.05599174173343425,-0.63231645375,0.5105412805,NA,NA,NA,NA,Bunkpurugu Nakpanduri,DHS 2014,2014,Medium,High (20-50%),48.1%,[28.7%–68.1%],21%
Pooled,GHA,158,1,0.1435507930625,0.14317273,0.012312041178382901,0.120745714,0.1687902275,0.0480445135,0.08576783809910693,0.04195541323992625,-0.6206458857499999,0.7069624944999996,NA,NA,NA,NA,Chereponi,DHS 2014,2014,High,Moderate (5-20%),14.4%,[12.1%–16.9%],9%
Pooled,GHA,159,1,0.44574807479,0.445766195,0.04706226312912587,0.35474367474999996,0.53969031225,0.1849466375,0.10558040694017076,-0.22085783029085188,-0.8012040309999999,0.3106010222499997,NA,NA,NA,NA,East Mamprusi,DHS 2014,2014,High,High (20-50%),44.6%,[35.5%–54.0%],11%
Pooled,GHA,160,1,0.150245055139375,0.14764647,0.029082432868453686,0.0994954831,0.21377709374999995,0.11428161064999995,0.1935666557643134,-0.06357001463947187,-0.634008182,0.5009138967499998,NA,NA,NA,NA,Mamprugu Moagduri,DHS 2014,2014,Medium,Moderate (5-20%),15.0%,[9.9%–21.4%],19%
Pooled,GHA,161,1,0.331941771795,0.33171117,0.021690775087485202,0.291229364,0.37489620675,0.08366684275000003,0.06534512053180505,-0.21262349026565439,-0.7989903882499999,0.3094787012499999,NA,NA,NA,NA,West Mamprusi,DHS 2014,2014,High,High (20-50%),33.2%,[29.1%–37.5%],7%
Pooled,GHA,162,1,0.107636268406375,0.087381127,0.07716520323753591,0.019728503225000003,0.3117942017499996,0.2920656985249996,0.7169070832723669,0.0029175822356253124,-0.64057860325,0.6353194174999999,NA,NA,NA,NA,Yunyoo-Nasuan,DHS 2014,2014,Low,Moderate (5-20%),10.8%,[2.0%–31.2%],72%
Pooled,GHA,163,1,0.368155800591375,0.352188085,0.16577947446203622,0.09689851387500001,0.7120933014999996,0.6151947876249996,0.4502970595485439,0.048596209162935375,-0.50809846925,0.6165321189999998,NA,NA,NA,NA,Gushegu,DHS 2014,2014,Low,High (20-50%),36.8%,[9.7%–71.2%],45%
Pooled,GHA,164,1,0.305775954343375,0.297641345,0.09840123898886959,0.13802272525,0.5176489112499999,0.37962618599999987,0.32180829653586385,0.005757626551829625,-0.56613916775,0.5890586737499994,NA,NA,NA,NA,Karaga,DHS 2014,2014,Medium,High (20-50%),30.6%,[13.8%–51.8%],32%
Pooled,GHA,165,1,0.272226995153875,0.24535674000000002,0.1494391132507204,0.056729709724999994,0.6226315434999998,0.5659018337749998,0.5489503829928793,0.0108501984148503,-0.548159097,0.5653699804999999,NA,NA,NA,NA,Kpandai,DHS 2014,2014,Low,High (20-50%),27.2%,[5.7%–62.3%],55%
Pooled,GHA,166,1,0.113606833181125,0.09115822400000001,0.0841925175272308,0.018891714900000002,0.3423795934999999,0.3234878785999999,0.7410867389728351,-0.010627462602858,-0.60972354325,0.5767186517499994,NA,NA,NA,NA,Kumbungu,DHS 2014,2014,Low,Moderate (5-20%),11.4%,[1.9%–34.2%],74%
Pooled,GHA,167,1,0.1409085544005,0.135308925,0.04525831447831201,0.0705516151,0.24456273324999991,0.17401111814999992,0.32118926115497365,0.10566525683230107,-0.41829297225,0.6514203202499997,NA,NA,NA,NA,Mion,DHS 2014,2014,Medium,Moderate (5-20%),14.1%,[7.1%–24.5%],32%
Pooled,GHA,168,1,0.107486229387825,0.087766804,0.07708603718497763,0.020116234875,0.3110684494999999,0.29095221462499987,0.7171712843962613,-0.0035219328411843745,-0.66566074625,0.6711727009999998,NA,NA,NA,NA,Nanton,DHS 2014,2014,Low,Moderate (5-20%),10.7%,[2.0%–31.1%],72%
Pooled,GHA,169,1,0.324617665853625,0.31645685,0.10107552073644913,0.15126497025,0.5387690252499999,0.38750405499999996,0.31136789943534865,0.13371009705583475,-0.4233838485,0.7358423889999999,NA,NA,NA,NA,Nanumba North,DHS 2014,2014,Medium,High (20-50%),32.5%,[15.1%–53.9%],31%
Pooled,GHA,170,1,0.14866178508375,0.13601508,0.0674318266073433,0.05230980795,0.30901470249999996,0.25670489454999995,0.4535922030625083,0.32280473646279423,-0.23703494825,0.9545668139999998,NA,NA,NA,NA,Nanumba South,DHS 2014,2014,Low,Moderate (5-20%),14.9%,[5.2%–30.9%],45%
Pooled,GHA,171,1,0.341056547700625,0.31843345,0.16380578486399183,0.0868167672,0.7075799965,0.6207632293,0.4802892246706796,0.18398834077347825,-0.36097531999999993,0.7880371957499994,NA,NA,NA,NA,Saboba,DHS 2014,2014,Low,High (20-50%),34.1%,[8.7%–70.8%],48%
Pooled,GHA,172,1,0.149191648959025,0.12337015000000001,0.10138464618351858,0.02753610345,0.4090822942499998,0.3815461907999998,0.6795597936675634,-0.0198443152641575,-0.6911496895,0.6299665897499998,NA,NA,NA,NA,Sagnerigu,DHS 2014,2014,Low,Moderate (5-20%),14.9%,[2.8%–40.9%],68%
Pooled,GHA,173,1,0.264081921548625,0.252463825,0.09576151248928079,0.11088942075000001,0.47929770025,0.3684082795,0.3626204774931872,0.01764288824178125,-0.54151613425,0.5888805754999998,NA,NA,NA,NA,Savelugu,DHS 2014,2014,Low,High (20-50%),26.4%,[11.1%–47.9%],36%
Pooled,GHA,174,1,0.081014197965875,0.07504248699999999,0.036253224957301725,0.03097835465,0.16843036674999995,0.13745201209999994,0.4474922404659538,-0.09618966736343597,-0.71161443925,0.48320282999999986,NA,NA,NA,NA,Tamale,DHS 2014,2014,Low,Moderate (5-20%),8.1%,[3.1%–16.8%],45%
Pooled,GHA,175,1,0.36417789831625,0.363443435,0.02491654385498385,0.31674734125,0.41467093099999996,0.09792358974999998,0.06841860522064538,0.13982832103392687,-0.47689099075,0.7908368197499998,NA,NA,NA,NA,Tatale Sanguli,DHS 2014,2014,High,High (20-50%),36.4%,[31.7%–41.5%],7%
Pooled,GHA,176,1,0.09726151010275,0.0905106245,0.039542168738173254,0.040236069825000005,0.19032072775,0.150084657925,0.4065551593472044,0.019755482172961625,-0.554228096,0.5905128197499998,NA,NA,NA,NA,Tolon,DHS 2014,2014,Low,Moderate (5-20%),9.7%,[4.0%–19.0%],41%
Pooled,GHA,177,1,0.321518647769375,0.31397790999999997,0.10074318581653047,0.14927582525000002,0.537057001,0.38778117574999993,0.31333543642169537,0.03513275668729114,-0.6339037539999999,0.6750373922499998,NA,NA,NA,NA,Yendi,DHS 2014,2014,Medium,High (20-50%),32.2%,[14.9%–53.7%],31%
Pooled,GHA,178,1,0.16288892566135,0.13922389000000002,0.10597353796969743,0.032640810775,0.43636126799999986,0.40372045722499983,0.6505877397093217,0.24276941938395374,-0.32383315925,0.8564842264999999,NA,NA,NA,NA,Zabzugu,DHS 2014,2014,Low,Moderate (5-20%),16.3%,[3.3%–43.6%],65%
Pooled,GHA,179,1,0.2325813849535,0.214366425,0.11118676894105481,0.069240403775,0.49203165649999997,0.42279125272499996,0.47805532228335634,-0.120523946456136,-0.7406297385,0.45553100749999975,NA,NA,NA,NA,Biakoye,DHS 2014,2014,Low,High (20-50%),23.3%,[6.9%–49.2%],48%
Pooled,GHA,180,1,0.1423850014070875,0.11715758500000001,0.09720090188608291,0.0272406721,0.3963330104999997,0.3690923383999997,0.6826625060611512,-0.043954788899542914,-0.8201222559999999,0.69039449925,NA,NA,NA,NA,Jasikan,DHS 2014,2014,Low,Moderate (5-20%),14.2%,[2.7%–39.6%],68%
Pooled,GHA,181,1,0.27521147614125,0.27478168000000003,0.0192000946439883,0.23775329125,0.31339614400000004,0.07564285275000004,0.06976487649858762,0.15681528085309626,-0.43905773099999995,0.796464055,NA,NA,NA,NA,Kadjebi,DHS 2014,2014,High,High (20-50%),27.5%,[23.8%–31.3%],7%
Pooled,GHA,182,1,0.179219103471125,0.16780361,0.07476799109554044,0.06842760972499999,0.35459801024999993,0.2861704005249999,0.41718761921820874,-0.0031499527727162496,-0.58108108375,0.5754315909999999,NA,NA,NA,NA,Krachi East,DHS 2014,2014,Low,Moderate (5-20%),17.9%,[6.8%–35.5%],42%
Pooled,GHA,183,1,0.408685415583875,0.39500621,0.16665113822105948,0.1304269985,0.7474029599999996,0.6169759614999997,0.4077736368031892,-0.16414386382632226,-0.7591681822499999,0.376072838,NA,NA,NA,NA,Krachi Nchumuru,DHS 2014,2014,Low,High (20-50%),40.9%,[13.0%–74.7%],41%
Pooled,GHA,184,1,0.199274850389125,0.17334662,0.11938722643116564,0.043169909875,0.4961347842499996,0.4529648743749996,0.5991083480832509,0.039876962883766,-0.6334287475,0.708413372,NA,NA,NA,NA,Krachi West,DHS 2014,2014,Low,Moderate (5-20%),19.9%,[4.3%–49.6%],60%
Pooled,GHA,185,1,0.3559478957385,0.33914263499999997,0.16242328252527571,0.09295781365,0.70405141125,0.6110935976,0.4563119615815942,0.17917247206037962,-0.43116154275,0.841054083,NA,NA,NA,NA,Nkwanta North,DHS 2014,2014,Low,High (20-50%),35.6%,[9.3%–70.4%],46%
Pooled,GHA,186,1,0.131869735064,0.11727054,0.06913967431361202,0.038915756,0.3002961112499999,0.26138035524999986,0.5243028226306563,-0.06867411800681925,-0.6672339165,0.49409862349999994,NA,NA,NA,NA,Nkwanta South,DHS 2014,2014,Low,Moderate (5-20%),13.2%,[3.9%–30.0%],52%
Pooled,GHA,187,1,0.3675126611555,0.35164310499999996,0.16041020149542434,0.10829796100000001,0.70926262575,0.60096466475,0.4364753067039299,-0.029335568991766627,-0.5914047805,0.5210826534999999,NA,NA,NA,NA,Bole,DHS 2014,2014,Low,High (20-50%),36.8%,[10.8%–70.9%],44%
Pooled,GHA,188,1,0.162207627676875,0.15310768,0.06306665804402314,0.06720651990000001,0.3100940182499998,0.24288749834999981,0.38880204924551887,-0.1142996701490514,-0.6746262835,0.41333838474999973,NA,NA,NA,NA,Central Gonja,DHS 2014,2014,Low,Moderate (5-20%),16.2%,[6.7%–31.0%],39%
Pooled,GHA,189,1,0.21877783314875,0.203453275,0.09680885639632755,0.07411046427500001,0.4410629932499999,0.3669525289749999,0.44249846980843766,0.06794036824579,-0.5403176695,0.7089600084999998,NA,NA,NA,NA,East Gonja,DHS 2014,2014,Low,High (20-50%),21.9%,[7.4%–44.1%],44%
Pooled,GHA,190,1,0.123499701256675,0.100090495,0.08701408671464042,0.022070738700000002,0.34860429474999993,0.32653355604999995,0.7045692080970716,-0.226567076015907,-0.8301085460000001,0.28310637349999895,NA,NA,NA,NA,North East Gonja,DHS 2014,2014,Low,Moderate (5-20%),12.3%,[2.2%–34.9%],70%
Pooled,GHA,191,1,0.59490855302375,0.5952541149999999,0.02389047499187697,0.5475571895,0.640250923,0.09269373349999999,0.04015823082463434,-0.11482017449624125,-0.7359059669999999,0.4430039384999997,NA,NA,NA,NA,North Gonja,DHS 2014,2014,High,Very high (≥50%),59.5%,[54.8%–64.0%],4%
Pooled,GHA,192,1,0.1627281785513125,0.13781826,0.10402384794291314,0.032898508374999996,0.42421617424999963,0.3913176658749996,0.6392491384650487,0.033868920285518626,-0.5267830109999999,0.6013063622499994,NA,NA,NA,NA,Sawla-Tuna-Kalba,DHS 2014,2014,Low,Moderate (5-20%),16.3%,[3.3%–42.4%],64%
Pooled,GHA,193,1,0.36449709215025,0.34718876,0.16234054863861233,0.10009825175,0.709370948,0.60927269625,0.4453822873618252,-0.080194925618017,-0.7130302117499999,0.5258394229999992,NA,NA,NA,NA,West Gonja,DHS 2014,2014,Low,High (20-50%),36.4%,[10.0%–70.9%],45%
Pooled,GHA,194,1,0.1660732607815875,0.14117697,0.10531413939721965,0.03462466870000001,0.4331032162499999,0.3984785475499999,0.6341426603029391,-0.13074300503265476,-0.7655773232499999,0.4742204219999997,NA,NA,NA,NA,Bawku,DHS 2014,2014,Low,Moderate (5-20%),16.6%,[3.5%–43.3%],63%
Pooled,GHA,195,1,0.291648978105875,0.27100103,0.14439089254334536,0.07491792787500001,0.6170083449999998,0.5420904171249998,0.4950845138601113,-0.20267306785011774,-0.7764295075,0.32536419424999957,NA,NA,NA,NA,Bawku West,DHS 2014,2014,Low,High (20-50%),29.2%,[7.5%–61.7%],50%
Pooled,GHA,196,1,0.12277096504345,0.10185893500000001,0.08390165849217524,0.023187265625,0.34561859275,0.322431327125,0.6833998450894436,-0.019667582784170374,-0.6298723432500001,0.5982021154999998,NA,NA,NA,NA,Binduri,DHS 2014,2014,Low,Moderate (5-20%),12.3%,[2.3%–34.6%],68%
Pooled,GHA,197,1,0.289320418167625,0.266732955,0.14787809569853774,0.0710134213,0.6322339509999999,0.5612205296999999,0.511122224401255,-0.11897689126176088,-0.77151630775,0.51040422925,NA,NA,NA,NA,Bolga East,DHS 2014,2014,Low,High (20-50%),28.9%,[7.1%–63.2%],51%
Pooled,GHA,198,1,0.1223862493458875,0.101664005,0.08386616747236719,0.022821877975,0.34490439949999996,0.32208252152499994,0.6852580900272953,-0.14727752535573987,-0.7527580965,0.4305902099999999,NA,NA,NA,NA,Bolgatanga,DHS 2014,2014,Low,Moderate (5-20%),12.2%,[2.3%–34.5%],69%
Pooled,GHA,199,1,0.30128766895,0.30087203500000004,0.02100377327429569,0.26129546875000004,0.3430438675,0.08174839874999995,0.06971335185238317,-0.1444761574505331,-0.7713998577500001,0.4202379497499999,NA,NA,NA,NA,Bongo,DHS 2014,2014,High,High (20-50%),30.1%,[26.1%–34.3%],7%
Pooled,GHA,200,1,0.1773926089289875,0.15210149,0.10884673740256427,0.03897200060000001,0.4563431329999997,0.4173711323999997,0.6135922914699168,-0.2036039603063267,-0.89355529875,0.4186214319999999,NA,NA,NA,NA,Builsa North,DHS 2014,2014,Low,Moderate (5-20%),17.7%,[3.9%–45.6%],61%
Pooled,GHA,201,1,0.661199494745,0.66171506,0.022494821155010315,0.6161843875,0.7037916237500002,0.08760723625000011,0.03402123161586161,0.0479300701880605,-0.5387315625,0.6503247869999997,NA,NA,NA,NA,Builsa South,DHS 2014,2014,High,Very high (≥50%),66.1%,[61.6%–70.4%],3%
Pooled,GHA,202,1,0.14111402092725,0.12923924,0.06389086565650728,0.0506146327,0.2942721804999999,0.24365754779999993,0.45276057784113183,0.0378244845517962,-0.5547961634999998,0.6681681589999997,NA,NA,NA,NA,Garu,DHS 2014,2014,Low,Moderate (5-20%),14.1%,[5.1%–29.4%],45%
Pooled,GHA,203,1,0.31331808017025,0.29097595499999995,0.15507162546217643,0.080516557825,0.66466658675,0.584150028925,0.49493353648124616,-0.10316162027889288,-0.6962700074999999,0.46152937324999965,NA,NA,NA,NA,Kasena Nankana East,DHS 2014,2014,Low,High (20-50%),31.3%,[8.1%–66.5%],49%
Pooled,GHA,204,1,0.1482118561814375,0.12404049,0.09947582680613944,0.027438332825,0.4043611255,0.37692279267499995,0.6711732068476589,-0.17995664095793,-0.8011388597499999,0.37675671474999994,NA,NA,NA,NA,Kasena Nankana West,DHS 2014,2014,Low,Moderate (5-20%),14.8%,[2.7%–40.4%],67%
Pooled,GHA,205,1,0.72118541275125,0.72171812,0.01952406264052171,0.68156166175,0.7589049795,0.07734331775000003,0.027072181848547615,0.00903283400004,-0.60938830775,0.6155362509999999,NA,NA,NA,NA,Nabdam,DHS 2014,2014,High,Very high (≥50%),72.1%,[68.2%–75.9%],3%
Pooled,GHA,206,1,0.196040336171125,0.17306285,0.11598343095915856,0.043694788575,0.47841728999999966,0.4347225014249997,0.5916304431242956,0.07647742377741383,-0.5398536602499999,0.7162400874999999,NA,NA,NA,NA,Pusiga,DHS 2014,2014,Low,Moderate (5-20%),19.6%,[4.4%–47.8%],59%
Pooled,GHA,207,1,0.3450702733335,0.32751882,0.16002870926327573,0.092478448225,0.695636571,0.603158122775,0.46375686818033385,-0.04416634336106,-0.60268594025,0.5088071767499995,NA,NA,NA,NA,Talensi,DHS 2014,2014,Low,High (20-50%),34.5%,[9.2%–69.6%],46%
Pooled,GHA,208,1,0.154918413116175,0.13060577499999998,0.10073147216939952,0.03131492197500001,0.41730821649999994,0.3859932945249999,0.6502227213872885,-0.04132525595788,-0.655690725,0.5840631854999999,NA,NA,NA,NA,Tempane,DHS 2014,2014,Low,Moderate (5-20%),15.5%,[3.1%–41.7%],65%
Pooled,GHA,209,1,0.370371950727875,0.353231505,0.16361592951883802,0.10590951575,0.715341493,0.6094319772500001,0.44176112472148915,0.5034308395622957,-0.072648688125,1.1910670149999998,NA,NA,NA,NA,Daffiama-Bussie-Issa,DHS 2014,2014,Low,High (20-50%),37.0%,[10.6%–71.5%],44%
Pooled,GHA,210,1,0.175097996007625,0.15764994,0.09029544405088692,0.0495946298,0.39215921699999995,0.34256458719999994,0.515685194061015,0.08846394154706237,-0.49212807549999993,0.6642465297499999,NA,NA,NA,NA,Jirapa,DHS 2014,2014,Low,Moderate (5-20%),17.5%,[5.0%–39.2%],52%
Pooled,GHA,211,1,0.3081839111945,0.287948005,0.15309034022306797,0.07638881327500001,0.6527267617499999,0.5763379484749999,0.4967499426874692,0.1642592786297665,-0.38234593175,0.7458781549999993,NA,NA,NA,NA,Lambussie-Karni,DHS 2014,2014,Low,High (20-50%),30.8%,[7.6%–65.3%],50%
Pooled,GHA,212,1,0.124519021156575,0.10176099,0.08725401226709016,0.023096404950000003,0.35094177174999996,0.3278453668,0.7007283823519108,0.3576534706215774,-0.19721745125,1.0029204475,NA,NA,NA,NA,Lawra,DHS 2014,2014,Low,Moderate (5-20%),12.5%,[2.3%–35.1%],70%
Pooled,GHA,213,1,0.34389758555,0.34200575,0.04764821322384018,0.255577186,0.4420989987499999,0.1865218127499999,0.13855349739555675,0.19112320575319813,-0.40267436424999997,0.7989975029999998,NA,NA,NA,NA,Nadowli-Kaleo,DHS 2014,2014,High,High (20-50%),34.4%,[25.6%–44.2%],14%
Pooled,GHA,214,1,0.1690404813740375,0.14393539500000002,0.10566810120120627,0.033977069525,0.4361863314999999,0.4022092619749999,0.6251053022464688,0.2867442293603055,-0.25109675899999995,0.8926262589999999,NA,NA,NA,NA,Nandom,DHS 2014,2014,Low,Moderate (5-20%),16.9%,[3.4%–43.6%],63%
Pooled,GHA,215,1,0.32513455806775,0.317458115,0.09238808544871618,0.16683802450000002,0.519864186,0.35302616149999994,0.2841533855944799,-0.03968799484341354,-0.62046535,0.4858754459999995,NA,NA,NA,NA,Sissala East,DHS 2014,2014,Medium,High (20-50%),32.5%,[16.7%–52.0%],28%
Pooled,GHA,216,1,0.1580127354486875,0.132393295,0.10274868571626977,0.031101995349999998,0.4217335704999998,0.3906315751499998,0.6502557241636768,0.11101148734957962,-0.46421808025,0.691464368,NA,NA,NA,NA,Sissala West,DHS 2014,2014,Low,Moderate (5-20%),15.8%,[3.1%–42.2%],65%
Pooled,GHA,217,1,0.287720704395,0.287428295,0.020345318312444793,0.249055781,0.32985638449999993,0.08080060349999993,0.07071204123187998,-0.0634037193928095,-0.6410479657500001,0.47234145625,NA,NA,NA,NA,Wa East,DHS 2014,2014,High,High (20-50%),28.8%,[24.9%–33.0%],7%
Pooled,GHA,218,1,0.159386658644775,0.13554476999999998,0.10078742221100263,0.03353273895000001,0.41334551249999996,0.3798127735499999,0.6323454112657417,0.06907790543605476,-0.5413483385,0.6692217785,NA,NA,NA,NA,Wa Municipal,DHS 2014,2014,Low,Moderate (5-20%),15.9%,[3.4%–41.3%],63%
Pooled,GHA,219,1,0.175973878238625,0.16299067,0.07681536452599816,0.065870318325,0.35908770174999993,0.2932173834249999,0.4365157220768561,0.17361329683314775,-0.38527734225,0.76838652575,NA,NA,NA,NA,Wa West,DHS 2014,2014,Low,Moderate (5-20%),17.6%,[6.6%–35.9%],44%
Pooled,GHA,220,1,0.1376173742658875,0.11177609999999999,0.09379375890914074,0.025724862424999998,0.3793569145,0.353632052075,0.6815546322510404,0.06930723743487713,-0.70501971275,0.8431344429999996,NA,NA,NA,NA,Adaklu,DHS 2014,2014,Low,Moderate (5-20%),13.8%,[2.6%–37.9%],68%
Pooled,GHA,221,1,0.33174812053075,0.30908890499999997,0.15687178518183328,0.085103664575,0.6708396449999999,0.585735980425,0.47286412634639996,-0.03690082227723775,-0.738509492,0.6481976309999993,NA,NA,NA,NA,Afadzato South,DHS 2014,2014,Low,High (20-50%),33.2%,[8.5%–67.1%],47%
Pooled,GHA,222,1,0.141137648740825,0.11862882999999999,0.09379114022935293,0.02648958845,0.38470086249999985,0.35821127404999986,0.6645366496191546,0.10817164865395337,-0.62516752725,0.8911506544999998,NA,NA,NA,NA,Agotime Ziope,DHS 2014,2014,Low,Moderate (5-20%),14.1%,[2.6%–38.5%],66%
Pooled,GHA,223,1,0.237652234468375,0.2268706,0.09169920398693868,0.092200663375,0.4471636634999998,0.3549630001249998,0.38585458366115777,0.14282085562123226,-0.6462727814999999,0.9779161642499995,NA,NA,NA,NA,Akatsi North,DHS 2014,2014,Low,High (20-50%),23.8%,[9.2%–44.7%],39%
Pooled,GHA,224,1,0.1672090942180875,0.14263766,0.10544377345326407,0.033865662375,0.4381982034999999,0.4043325411249999,0.6306102783843555,0.3673826143517713,-0.27710231724999995,1.096442032499999,NA,NA,NA,NA,Akatsi South,DHS 2014,2014,Low,Moderate (5-20%),16.7%,[3.4%–43.8%],63%
Pooled,GHA,225,1,0.28886760328075,0.280337915,0.09060769230642175,0.13726509575,0.4914039259999999,0.35413883024999987,0.3136651229745562,0.31257378699890564,-0.38917993849999993,1.10178173,NA,NA,NA,NA,Anloga,DHS 2014,2014,Medium,High (20-50%),28.9%,[13.7%–49.1%],31%
Pooled,GHA,226,1,0.229207361462,0.20362635,0.12944676774857017,0.051084006300000005,0.5432071959999999,0.4921231896999999,0.5647583346489986,0.10415114201063637,-0.60812036525,0.8300962619999996,NA,NA,NA,NA,Central Tongu,DHS 2014,2014,Low,High (20-50%),22.9%,[5.1%–54.3%],56%
Pooled,GHA,227,1,0.3758786810225,0.37576236500000004,0.023318308666249603,0.33114462825,0.42137354299999996,0.09022891474999994,0.062036794964846056,-0.029925191442750486,-0.8249860899999999,0.7435995812499997,NA,NA,NA,NA,Ho Municipal,DHS 2014,2014,High,High (20-50%),37.6%,[33.1%–42.1%],6%
Pooled,GHA,228,1,0.126557635594,0.12633537,0.010927227654923391,0.10633666775,0.1488956265,0.04255895874999999,0.0863419074134587,0.034945186465475675,-0.67083924175,0.7130146417499998,NA,NA,NA,NA,Ho West,DHS 2014,2014,High,Moderate (5-20%),12.7%,[10.6%–14.9%],9%
Pooled,GHA,229,1,0.47842676728,0.477369485,0.08845075637911151,0.30880908774999993,0.6512466815,0.34243759375000005,0.18487836055240106,-0.29749591290335825,-1.0150736674999998,0.33881905249999966,NA,NA,NA,NA,Hohoe,DHS 2014,2014,Medium,High (20-50%),47.8%,[30.9%–65.1%],18%
Pooled,GHA,230,1,0.1727771156215,0.146893175,0.10858747810845433,0.03627980547500001,0.44756681999999987,0.41128701452499983,0.628482989300129,0.14133090657939376,-0.58867527925,0.9031232839999993,NA,NA,NA,NA,Keta Municipal,DHS 2014,2014,Low,Moderate (5-20%),17.3%,[3.6%–44.8%],63%
Pooled,GHA,231,1,0.33424811725975,0.314607005,0.15695394908703827,0.087999604925,0.67725051525,0.589250910325,0.46957317328751513,0.11235074482397125,-0.56991601775,0.79972695325,NA,NA,NA,NA,Ketu North,DHS 2014,2014,Low,High (20-50%),33.4%,[8.8%–67.7%],47%
Pooled,GHA,232,1,0.1475428583780375,0.121806045,0.09930802064374879,0.027147466475000003,0.40979271074999984,0.38264524427499985,0.6730791428026942,-0.041089678554368125,-0.90012302525,0.7968240604999997,NA,NA,NA,NA,Ketu South,DHS 2014,2014,Low,Moderate (5-20%),14.8%,[2.7%–41.0%],67%
Pooled,GHA,233,1,0.20173385378125,0.20100632499999999,0.016082289458944417,0.17175474775,0.23457173199999998,0.06281698424999999,0.07972033031393551,0.054560686466724,-0.5722678955,0.6884844145,NA,NA,NA,NA,Kpando,DHS 2014,2014,High,High (20-50%),20.2%,[17.2%–23.5%],8%
Pooled,GHA,234,1,0.1278805261614125,0.10619975000000001,0.08575036822985621,0.025450372900000004,0.35055076749999986,0.32510039459999984,0.6705506366279801,-0.032295961298972,-0.74560638775,0.6899289442499996,NA,NA,NA,NA,North Dayi,DHS 2014,2014,Low,Moderate (5-20%),12.8%,[2.5%–35.1%],67%
Pooled,GHA,235,1,0.321342138348125,0.297686995,0.15776589764324916,0.08587994015,0.6768094627499999,0.5909295225999999,0.4909592574887704,0.02583665046319225,-0.6476268027500001,0.6694341699999993,NA,NA,NA,NA,North Tongu,DHS 2014,2014,Low,High (20-50%),32.1%,[8.6%–67.7%],49%
Pooled,GHA,236,1,0.1420528151508625,0.117334195,0.0948025886360343,0.0279167307,0.390203686,0.3622869553,0.6673756414848403,-0.101277371536924,-0.75503167775,0.5205007054999999,NA,NA,NA,NA,South Dayi,DHS 2014,2014,Low,Moderate (5-20%),14.2%,[2.8%–39.0%],67%
Pooled,GHA,237,1,0.14499405024875,0.14461666,0.01208498373749698,0.1228051285,0.16920737849999998,0.04640224999999998,0.08334813543565499,0.1543064919815124,-0.5442041889999999,0.8865497779999991,NA,NA,NA,NA,South Tongu,DHS 2014,2014,High,Moderate (5-20%),14.5%,[12.3%–16.9%],8%
Pooled,GHA,238,1,0.107872242214275,0.087306587,0.07628710231585466,0.020052008075000002,0.3086597749999999,0.2886077669249999,0.7071986337719732,-0.08111650083307075,-0.7509461569999999,0.5637979419999998,NA,NA,NA,NA,Ahanta West,DHS 2014,2014,Low,Moderate (5-20%),10.8%,[2.0%–30.9%],71%
Pooled,GHA,239,1,0.2097202732005,0.20521252,0.05313167893972449,0.12038004725000001,0.32769116124999986,0.20731111399999985,0.2533454593058284,-0.08837142722803525,-0.8836382454999999,0.6764297782499997,NA,NA,NA,NA,Effia Kwesimintsim,DHS 2014,2014,Medium,High (20-50%),21.0%,[12.0%–32.8%],25%
Pooled,GHA,240,1,0.082263054145375,0.079918517,0.02181019374343508,0.047133631225,0.13253073275,0.08539710152499999,0.2651274496190255,-0.030404139519083575,-0.7447972525,0.7015158682499995,NA,NA,NA,NA,Ellembelle,DHS 2014,2014,Medium,Moderate (5-20%),8.2%,[4.7%–13.3%],27%
Pooled,GHA,241,1,0.387342956769375,0.37635955,0.1505743842528693,0.1326443225,0.7011443319999999,0.5685000094999999,0.388736600527686,-0.086485856809089,-0.73738840325,0.5455607394999997,NA,NA,NA,NA,Jomoro,DHS 2014,2014,Low,High (20-50%),38.7%,[13.3%–70.1%],39%
Pooled,GHA,242,1,0.1324749791001375,0.108879925,0.09178281993668094,0.024447446900000003,0.3747051579999997,0.3502577110999997,0.6928313600057452,-0.06785323940995976,-0.76137499675,0.5787442854999999,NA,NA,NA,NA,Mpohor,DHS 2014,2014,Low,Moderate (5-20%),13.2%,[2.4%–37.5%],69%
Pooled,GHA,243,1,0.44296427822625,0.442775045,0.02398591311534344,0.396035633,0.49075997675000005,0.09472434375000005,0.05414863973092727,-0.0295953078628515,-0.6615988575,0.5907916279999992,NA,NA,NA,NA,Nzema East,DHS 2014,2014,High,High (20-50%),44.3%,[39.6%–49.1%],5%
Pooled,GHA,244,1,0.1665581184575375,0.14242606,0.10578173143693012,0.032862176375,0.4311997874999998,0.3983376111249998,0.6351040250487593,-0.1829394529106,-0.85129400825,0.4136351987499999,NA,NA,NA,NA,Prestea-Huni Valley,DHS 2014,2014,Low,Moderate (5-20%),16.7%,[3.3%–43.1%],64%
Pooled,GHA,245,1,0.28419099297,0.27833600000000003,0.0723633816302916,0.1590442325,0.44291898974999977,0.2838747572499998,0.25462939860986544,0.009201925226441,-0.7222216787499999,0.7602827957499999,NA,NA,NA,NA,Sekondi Takoradi,DHS 2014,2014,Medium,High (20-50%),28.4%,[15.9%–44.3%],25%
Pooled,GHA,246,1,0.13763027036675,0.133669215,0.03684306994717497,0.07733035575,0.22083133349999998,0.14350097774999998,0.2676959788642242,-0.06642493943831125,-0.8163661667499998,0.6608042829999999,NA,NA,NA,NA,Shama,DHS 2014,2014,Medium,Moderate (5-20%),13.8%,[7.7%–22.1%],27%
Pooled,GHA,247,1,0.333759929105,0.33329761999999996,0.021948965415838146,0.29170358,0.37848822675,0.08678464674999997,0.06576273393482493,-0.02824391284602389,-0.6638449455,0.6173002194999997,NA,NA,NA,NA,Tarkwa Nsuaem,DHS 2014,2014,High,High (20-50%),33.4%,[29.2%–37.8%],7%
Pooled,GHA,248,1,0.179490490084225,0.155042455,0.10862004122355741,0.03872905265,0.45756453074999986,0.4188354780999999,0.6051576391183066,0.08755004642684337,-0.46950269274999995,0.6693462107499996,NA,NA,NA,NA,Wassa Amenfi Central,DHS 2014,2014,Low,Moderate (5-20%),17.9%,[3.9%–45.8%],61%
Pooled,GHA,249,1,0.49238821832625,0.49256261,0.04230616106304911,0.410388591,0.5760547882499999,0.16566619724999987,0.08592033580100326,-0.04801517650191625,-0.64858387575,0.5478840294999995,NA,NA,NA,NA,Wassa Amenfi East,DHS 2014,2014,High,High (20-50%),49.2%,[41.0%–57.6%],9%
Pooled,GHA,250,1,0.1821491692061125,0.15779726,0.11050532672318868,0.0373094907,0.4539368495,0.4166273588,0.60667488742781694,0.040633530281044376,-0.52839299425,0.6362616037499995,NA,NA,NA,NA,Wassa Amenfi West,DHS 2014,2014,Low,Moderate (5-20%),18.2%,[3.7%–45.4%],61%
Pooled,GHA,251,1,0.325392060269375,0.31432782,0.11991627052369666,0.1264985875,0.5890533897499998,0.4625548022499998,0.36852856957979946,-0.19562751984093624,-0.833232129,0.38139799049999995,NA,NA,NA,NA,Wassa East,DHS 2014,2014,Low,High (20-50%),32.5%,[12.6%–58.9%],37%
Pooled,GHA,252,1,0.1788461886575,0.17745792999999999,0.02454440632994179,0.13378673625,0.22984630299999997,0.09605956674999996,0.13723751405709653,-0.146349697660225,-0.81953452225,0.46563341024999977,NA,NA,NA,NA,Aowin,DHS 2014,2014,High,Moderate (5-20%),17.9%,[13.4%–23.0%],14%
Pooled,GHA,253,1,0.44814264415125,0.44702187,0.04451575086076407,0.36271217999999994,0.53602536125,0.17331318125000006,0.09933388719360486,0.07863150731262987,-0.51312292375,0.713675909,NA,NA,NA,NA,Bia East,DHS 2014,2014,High,High (20-50%),44.8%,[36.3%–53.6%],10%
Pooled,GHA,254,1,0.1500456839228125,0.12590007,0.09761090365077119,0.03079173735,0.398565892,0.36777415464999996,0.6505412291698096,-0.14378920378047214,-0.83917709375,0.5087000474999996,NA,NA,NA,NA,Bia West,DHS 2014,2014,Low,Moderate (5-20%),15.0%,[3.1%–39.9%],65%
Pooled,GHA,255,1,0.1947774727348375,0.166604845,0.1239548460134948,0.037418406524999996,0.5072025319999997,0.46978412547499965,0.6363921056838134,-0.14701234106357963,-0.783822788,0.4414680739999997,NA,NA,NA,NA,Bibiani-Anhwiaso-Bekwai-,DHS 2014,2014,Low,Moderate (5-20%),19.5%,[3.7%–50.7%],64%
Pooled,GHA,256,1,0.0777667120868125,0.0596837615,0.06278713854950109,0.012237933900000001,0.24442294224999983,0.23218500834999983,0.8073780781603648,-0.03810163473849075,-0.7579361667500001,0.6482712109999996,NA,NA,NA,NA,Bodi,DHS 2014,2014,Low,Moderate (5-20%),7.8%,[1.2%–24.4%],81%
Pooled,GHA,257,1,0.15896817915825,0.14281333,0.08214404624501068,0.04533930465,0.35602881274999987,0.31068950809999984,0.5167326359273307,-0.10112635073998776,-0.717853682,0.4784707787499998,NA,NA,NA,NA,Juaboso,DHS 2014,2014,Low,Moderate (5-20%),15.9%,[4.5%–35.6%],52%
Pooled,GHA,258,1,0.0766900761413125,0.0596909795,0.05960596232483064,0.0129500428,0.23862012074999994,0.22567007794999994,0.7772317531019017,0.03710129301775075,-0.5896618905000001,0.6778540632499999,NA,NA,NA,NA,Sefwi-Akontombra,DHS 2014,2014,Low,Moderate (5-20%),7.7%,[1.3%–23.9%],78%
Pooled,GHA,259,1,0.207057409801375,0.17839125,0.12882532783197476,0.04109449175,0.5267905144999999,0.4856960227499999,0.6221720244426591,0.016918424682660874,-0.5463417695,0.5732428524999988,NA,NA,NA,NA,Sefwi-Wiawso,DHS 2014,2014,Low,High (20-50%),20.7%,[4.1%–52.7%],62%
Pooled,GHA,260,1,0.0817428384215125,0.063519209,0.06389860062704567,0.013650061924999998,0.25348437024999987,0.23983430832499986,0.7817027382576096,-0.067345470749,-0.773290477,0.5825738052499999,NA,NA,NA,NA,Suaman,DHS 2014,2014,Low,Moderate (5-20%),8.2%,[1.4%–25.3%],78%
Pooled,CIV,1,1,0.183301307405625,0.17598501500000002,0.06025368604814782,0.088015074525,0.3200443275,0.232029252975,0.32871389135710444,-0.05250532639537288,-0.75250438099999994,0.6240029149999995,NA,NA,NA,NA,Abidjan,DHS 2011-12,2011,Medium,Moderate (5-20%),18.3%,[8.8%–32.0%],33%
Pooled,CIV,2,1,0.0712303240211125,0.0521682625,0.06301365012539711,0.009397343740000003,0.24619341149999993,0.23679606775999992,0.8846464057459575,0.05225368437804875,-0.579380335,0.7075437044999998,NA,NA,NA,NA,Fresco,DHS 2011-12,2011,Low,Moderate (5-20%),7.1%,[0.9%–24.6%],88%
Pooled,CIV,3,1,0.36935427436275,0.35066531,0.16967089164638913,0.095594662075,0.730876663,0.635282000925,0.45937167490243275,-0.028602228404949626,-0.6670817295,0.6108265447499998,NA,NA,NA,NA,Sassandra,DHS 2011-12,2011,Low,High (20-50%),36.9%,[9.6%–73.1%],46%
Pooled,CIV,4,1,0.1741918879109125,0.14616202,0.11394002335676634,0.0320209037,0.45932180349999974,0.42730089979999974,0.6541063692646758,0.20572034533264424,-0.43309673774999996,0.8934053462499997,NA,NA,NA,NA,Buyo,DHS 2011-12,2011,Low,Moderate (5-20%),17.4%,[3.2%–45.9%],65%
Pooled,CIV,5,1,0.394617926097375,0.379482445,0.17265421321699403,0.11073878500000002,0.7541641104999999,0.6434253254999999,0.43752247883029594,-0.012615449547001225,-0.72039517725,0.7119543789999998,NA,NA,NA,NA,Guéyo,DHS 2011-12,2011,Low,High (20-50%),39.5%,[11.1%–75.4%],44%
Pooled,CIV,6,1,0.194416833436,0.16596676999999999,0.12078614669775582,0.03935632605000001,0.49968792999999984,0.46033160394999983,0.6212741178994532,-0.19662967970643874,-0.9461555082499999,0.5071841234999991,NA,NA,NA,NA,Méagui,DHS 2011-12,2011,Low,Moderate (5-20%),19.4%,[3.9%–50.0%],62%
Pooled,CIV,7,1,0.219217253923375,0.19154889000000003,0.12874888966870318,0.048156704950000004,0.5288433832499999,0.4806866782999999,0.5873118441384452,-0.005334061247066438,-0.69548676375,0.6883342519999999,NA,NA,NA,NA,Oupoyo,DHS 2011-12,2011,Low,High (20-50%),21.9%,[4.8%–52.9%],59%
Pooled,CIV,8,1,0.0831506068519875,0.064664465,0.06467394506458615,0.013790224525000002,0.25706909699999997,0.24327887247499996,0.7777928209196262,-0.0560803530066645,-0.68803033625,0.5622052470000001,NA,NA,NA,NA,Soubré,DHS 2011-12,2011,Low,Moderate (5-20%),8.3%,[1.4%–25.7%],78%
Pooled,CIV,9,1,0.1836044261325,0.18270176,0.0219570308718845,0.14325004325,0.22907062074999995,0.08582057749999997,0.11958878843170691,-0.1359719680282975,-0.9039926702499999,0.5761064915,NA,NA,NA,NA,San-Pedro,DHS 2011-12,2011,High,Moderate (5-20%),18.4%,[14.3%–22.9%],12%
Pooled,CIV,10,1,0.0825342099597875,0.065035306,0.06468474581788475,0.013104381475000001,0.26150516299999993,0.24840078152499992,0.7837325376883185,0.0086138608649175,-0.70484811875,0.7081003442499999,NA,NA,NA,NA,Tabou,DHS 2011-12,2011,Low,Moderate (5-20%),8.3%,[1.3%–26.2%],78%
Pooled,CIV,11,1,0.1769780514780875,0.14849516000000001,0.11553646974848478,0.033065207525,0.47367978624999973,0.44061457872499976,0.6528293694248853,-0.11463382624926426,-0.693805498,0.42988242174999997,NA,NA,NA,NA,Abengourou,DHS 2011-12,2011,Low,Moderate (5-20%),17.7%,[3.3%–47.4%],65%
Pooled,CIV,12,1,0.0687720650445,0.051841910500000005,0.0574726435754309,0.010681511800000001,0.22257856724999936,0.21189705544999937,0.8356975108751259,-0.02890931311537325,-0.6006546372499999,0.5404882914999996,NA,NA,NA,NA,Agnibilékrou,DHS 2011-12,2011,Low,Moderate (5-20%),6.9%,[1.1%–22.3%],84%
Pooled,CIV,13,1,0.169877032353,0.153465455,0.08765235254536347,0.049031559425,0.39019158874999993,0.34116002932499995,0.5159752989045876,-0.11268883573509425,-0.7395203855,0.47148477124999927,NA,NA,NA,NA,Bettié,DHS 2011-12,2011,Low,Moderate (5-20%),17.0%,[4.9%–39.0%],52%
Pooled,CIV,14,1,0.075428569775975,0.0580194825,0.060465199025735945,0.012100087325,0.23903114749999993,0.22693106017499992,0.8016219743436647,-0.20666467456187337,-0.9490234995,0.4597460227499999,NA,NA,NA,NA,Aboisso,DHS 2011-12,2011,Low,Moderate (5-20%),7.5%,[1.2%–23.9%],80%
Pooled,CIV,15,1,0.19775558601175,0.17157533,0.12290277642876037,0.039230017825,0.5091022462499996,0.46987222842499954,0.6214882669431036,-0.12677576407281696,-0.8771250595,0.5867923322499998,NA,NA,NA,NA,Adiake,DHS 2011-12,2011,Low,Moderate (5-20%),19.8%,[3.9%–50.9%],62%
Pooled,CIV,16,1,0.0836084885078625,0.072722378,0.04948682765179089,0.022223721875,0.20964409725,0.187420375375,0.5918876005889901,-0.12938546732001888,-0.72602405325,0.43752208574999985,NA,NA,NA,NA,Ayame,DHS 2011-12,2011,Low,Moderate (5-20%),8.4%,[2.2%–21.0%],59%
Pooled,CIV,17,1,0.16743724456875,0.16708104000000001,0.013955281443531697,0.1414976265,0.19672866974999997,0.05523104324999997,0.08334633957620842,-0.17448471630932613,-0.81992775625,0.4361603807499997,NA,NA,NA,NA,Bonoua,DHS 2011-12,2011,High,Moderate (5-20%),16.7%,[14.1%–19.7%],8%
Pooled,CIV,18,1,0.0804339069646875,0.06362190649999999,0.06175534563245311,0.013995873375,0.24702613999999992,0.23303026662499993,0.7677775202386383,-0.13196832989791174,-0.90595281325,0.6308531767499999,NA,NA,NA,NA,Grand-Bassam,DHS 2011-12,2011,Low,Moderate (5-20%),8.0%,[1.4%–24.7%],77%
Pooled,CIV,19,1,0.2198440323832625,0.19227429499999998,0.12895884939745722,0.045961067325,0.5349881939999998,0.48902712667499976,0.5865924491988863,-0.1643337245397666,-0.884415783,0.50201775425,NA,NA,NA,NA,Mafere,DHS 2011-12,2011,Low,High (20-50%),22.0%,[4.6%–53.5%],59%
Pooled,CIV,20,1,0.0859038805290375,0.067027577,0.06677596944357266,0.01368354415,0.2634296544999999,0.24974611034999988,0.7773335620269312,-0.0681738839419525,-0.7627384632499999,0.5922863679999999,NA,NA,NA,NA,Tiapoum,DHS 2011-12,2011,Low,Moderate (5-20%),8.6%,[1.4%–26.3%],78%
Pooled,CIV,21,1,0.166342185074375,0.160054835,0.05125301510751598,0.0846391287,0.28335975674999997,0.19872062804999996,0.30811796228719557,-0.31606015237456914,-1.0789492424999998,0.37103282924999964,NA,NA,NA,NA,Kaniasso,DHS 2011-12,2011,Medium,Moderate (5-20%),16.6%,[8.5%–28.3%],31%
Pooled,CIV,22,1,0.0815723055090125,0.0647673535,0.06326153310146014,0.013983912550000002,0.2505310767499999,0.2365471641999999,0.775527094725436,-0.6397469600240837,-1.5063589499999999,0.07780319324999896,NA,NA,NA,NA,Minignan,DHS 2011-12,2011,Low,Moderate (5-20%),8.2%,[1.4%–25.1%],78%
Pooled,CIV,23,1,0.245370489031,0.218784335,0.13646948364822442,0.055892598,0.5698494634999999,0.5139568654999999,0.5561772492982354,-0.35540086393161835,-1.4730867075,0.6186272462499993,NA,NA,NA,NA,Gbeleban,DHS 2011-12,2011,Low,High (20-50%),24.5%,[5.6%–57.0%],56%
Pooled,CIV,24,1,0.0942877627775125,0.074458998,0.07029878336770994,0.0167948941,0.2775932307499999,0.2607983366499999,0.7455769582060345,-0.3148318586536987,-1.0737431125,0.3468106047499995,NA,NA,NA,NA,Madinani,DHS 2011-12,2011,Low,Moderate (5-20%),9.4%,[1.7%–27.8%],75%
Pooled,CIV,25,1,0.318474525334,0.296025035,0.15762055727363655,0.081003825425,0.6703063874999999,0.589302562075,0.49492359587735335,-0.4745746171632025,-1.234808035,0.14865696049999974,NA,NA,NA,NA,Odienné,DHS 2011-12,2011,Low,High (20-50%),31.8%,[8.1%–67.0%],49%
Pooled,CIV,26,1,0.130818007823775,0.10713,0.09225661013963049,0.023663258149999998,0.3751723669999998,0.3515091088499998,0.7052286735929308,-0.398284911086027,-1.3328161525000002,0.4000642327499998,NA,NA,NA,NA,Samatiguila,DHS 2011-12,2011,Low,Moderate (5-20%),13.1%,[2.4%–37.5%],71%
Pooled,CIV,27,1,0.275126902993625,0.25155390499999997,0.1458520478045909,0.066740701625,0.6195969379999997,0.5528562363749997,0.5301264478958295,-0.47614278684982625,-1.3749698249999998,0.25775019524999954,NA,NA,NA,NA,Seguelon,DHS 2011-12,2011,Low,High (20-50%),27.5%,[6.7%–62.0%],53%
Pooled,CIV,28,1,0.1055339007242875,0.0854185865,0.07701379028906466,0.019041164200000002,0.30670087324999995,0.28765970904999993,0.7297540388492506,-0.0673851159610525,-0.696147073,0.5439452519999997,NA,NA,NA,NA,Gagnoa,DHS 2011-12,2011,Low,Moderate (5-20%),10.6%,[1.9%–30.7%],73%
Pooled,CIV,29,1,0.19622828130363362,0.12048499,0.2051351588929332,0.00257385137,0.75690243625,0.75432858488,1.0453903867991257,-0.026185436321796374,-0.6690401439999999,0.613829075,NA,NA,NA,NA,Oumé,DHS 2011-12,2011,Low,Moderate (5-20%),19.6%,[0.3%–75.7%],105%
Pooled,CIV,30,1,0.09502816903295237,0.042711503,0.1334950877104655,8.645411535000003e-4,0.49325127874999963,0.49238673759649965,1.4047949052261985,-0.115924834895765,-0.798526432,0.5326757969999998,NA,NA,NA,NA,Divo,DHS 2011-12,2011,Low,Moderate (5-20%),9.5%,[0.1%–49.3%],140%
Pooled,CIV,31,1,0.254064045437375,0.227902785,0.1392159097998555,0.05933453780000001,0.5865043769999999,0.5271698391999999,0.5479559674026022,0.03333380515764337,-0.6073596255,0.69560164425,NA,NA,NA,NA,Guitry,DHS 2011-12,2011,Low,High (20-50%),25.4%,[5.9%–58.7%],55%
Pooled,CIV,32,1,0.09807994728735,0.077614747,0.07397813782273424,0.016894646000000003,0.296961257,0.28006661099999997,0.7542636376628199,-0.02760614694478941,-0.6592287685,0.599938482249999,NA,NA,NA,NA,Lakota,DHS 2011-12,2011,Low,Moderate (5-20%),9.8%,[1.7%–29.7%],75%
Pooled,CIV,33,1,0.208010756308125,0.18160029,0.1259961497493642,0.04124074465000001,0.5147534359999999,0.4735126913499999,0.6057193963697095,-0.009562972139660876,-0.6270971622499999,0.6124607832499992,NA,NA,NA,NA,Didievi,DHS 2011-12,2011,Low,High (20-50%),20.8%,[4.1%–51.5%],61%
Pooled,CIV,34,1,0.082951095272675,0.0640118535,0.0656425358006458,0.0136508302,0.2589029549999999,0.2452521247999999,0.7913401936992769,-0.14737587284601186,-0.8290673947500001,0.5004317322499999,NA,NA,NA,NA,Djekanou,DHS 2011-12,2011,Low,Moderate (5-20%),8.3%,[1.4%–25.9%],79%
Pooled,CIV,35,1,0.184907995188875,0.16781873,0.09218336177038063,0.056985769725,0.40500351799999995,0.3480177482749999,0.4985363757593044,-0.12346715108406,-0.72442353175,0.44204200925,NA,NA,NA,NA,Tiebissou,DHS 2011-12,2011,Low,Moderate (5-20%),18.5%,[5.7%–40.5%],50%
Pooled,CIV,36,1,0.079547763416575,0.0619300565,0.060875416197564335,0.013277913075,0.24423258899999986,0.23095467592499985,0.7652687339400419,-0.21369221807630276,-0.87040598075,0.3910522544999999,NA,NA,NA,NA,Toumodi,DHS 2011-12,2011,Low,Moderate (5-20%),8.0%,[1.3%–24.4%],77%
Pooled,CIV,37,1,0.23603333812175,0.20881653,0.13302011866468774,0.053872751749999996,0.5565521485,0.5026793967500001,0.5635649596078403,-0.022884286419412876,-0.6008709797499999,0.5546309179999999,NA,NA,NA,NA,Daoukro,DHS 2011-12,2011,Low,High (20-50%),23.6%,[5.4%–55.7%],56%
Pooled,CIV,38,1,0.1085222198751375,0.09669142450000001,0.057364487119592286,0.03183062195,0.24987161024999996,0.21804098829999996,0.5285966983129741,0.10125632687177039,-0.498645738,0.7406644384999996,NA,NA,NA,NA,M'Bahiakro,DHS 2011-12,2011,Low,Moderate (5-20%),10.9%,[3.2%–25.0%],53%
Pooled,CIV,39,1,0.15060474181225,0.13527016,0.07499867234663785,0.048797652100000005,0.3355026867499999,0.28670503464999986,0.49798347279220623,0.0157416565898175,-0.62626677725,0.6500481742499999,NA,NA,NA,NA,Prikro,DHS 2011-12,2011,Low,Moderate (5-20%),15.1%,[4.9%–33.6%],50%
Pooled,CIV,40,1,0.0778314865492875,0.0609636815,0.06097923500760121,0.013097302275000002,0.24634862949999992,0.23325132722499992,0.7834777120566181,-0.10088055088719725,-0.7599455097499999,0.5272345882499994,NA,NA,NA,NA,Arrah,DHS 2011-12,2011,Low,Moderate (5-20%),7.8%,[1.3%–24.6%],78%
Pooled,CIV,41,1,0.32634723293475,0.30413534,0.16166321127994976,0.07933870255,0.6869177099999998,0.6075790074499998,0.49537178491190936,-4.8997744796575e-4,-0.60050563525,0.607014717499999,NA,NA,NA,NA,Bongouanou,DHS 2011-12,2011,Low,High (20-50%),32.6%,[7.9%–68.7%],50%
Pooled,CIV,42,1,0.1371088958705625,0.113062055,0.09455118033972203,0.026113407825,0.382494618,0.356381210175,0.689606460174422,-0.013360943701693,-0.6340916067499999,0.6170429004999988,NA,NA,NA,NA,M’Batto,DHS 2011-12,2011,Low,Moderate (5-20%),13.7%,[2.6%–38.2%],69%
Pooled,CIV,43,1,0.25224901844725,0.236702645,0.10700644177118487,0.089080696025,0.50099216725,0.41191147122499994,0.42420954670062244,-0.01640197397043225,-0.63678257775,0.6317553964999995,NA,NA,NA,NA,Bocanda,DHS 2011-12,2011,Low,High (20-50%),25.2%,[8.9%–50.1%],42%
Pooled,CIV,44,1,0.0832658707112125,0.0648019615,0.06397311227373138,0.014495989650000003,0.2588129934999999,0.2443170038499999,0.7682993251293393,-0.25352530845343113,-0.9509773264999999,0.34127497849999994,NA,NA,NA,NA,Dimbokro,DHS 2011-12,2011,Low,Moderate (5-20%),8.3%,[1.4%–25.9%],77%
Pooled,CIV,45,1,0.35894886244875,0.35815606,0.029019290328988503,0.303684016,0.41811923249999994,0.11443521649999994,0.08084519374436468,-0.0624330686364965,-0.64464012775,0.5181460867499998,NA,NA,NA,NA,Kouassi-Kouassikro,DHS 2011-12,2011,High,High (20-50%),35.9%,[30.4%–41.8%],8%
Pooled,CIV,46,1,0.3993969053125,0.397436575,0.06329372204706257,0.28055938725,0.5287279167500001,0.24816852950000007,0.15847324104211494,-0.20810394058164305,-0.85804630025,0.3970262754999996,NA,NA,NA,NA,Agboville,DHS 2011-12,2011,High,High (20-50%),39.9%,[28.1%–52.9%],16%
Pooled,CIV,47,1,0.215394638004625,0.18771232,0.13131212731112066,0.044029227250000004,0.53799458525,0.49396535799999997,0.6096350797195847,-0.23651196267654911,-0.96429868025,0.41493398824999955,NA,NA,NA,NA,Sikensi,DHS 2011-12,2011,Low,High (20-50%),21.5%,[4.4%–53.8%],61%
Pooled,CIV,48,1,0.0867977622205875,0.067233078,0.06900708659588917,0.01382654095,0.275259017,0.26143247605,0.7950330150276781,0.13293757992701774,-0.47637194675,0.7966613012499997,NA,NA,NA,NA,Taabo,DHS 2011-12,2011,Low,Moderate (5-20%),8.7%,[1.4%–27.5%],80%
Pooled,CIV,49,1,0.21765289207625,0.190009045,0.133893232131976,0.043019047075000004,0.5498590002499999,0.5068399531749999,0.6151686332064422,-0.11100842075371271,-0.7601383219999999,0.5251994147499999,NA,NA,NA,NA,Tiassalé,DHS 2011-12,2011,Low,High (20-50%),21.8%,[4.3%–55.0%],62%
Pooled,CIV,50,1,0.0851806117650875,0.06595098599999999,0.06659604995567667,0.014035918400000002,0.2602183812499996,0.24618246284999956,0.7818216912944504,-0.2667977452204859,-1.02868103,0.43407073825,NA,NA,NA,NA,Dabou,DHS 2011-12,2011,Low,Moderate (5-20%),8.5%,[1.4%–26.0%],78%
Pooled,CIV,51,1,0.13647697845625,0.123647645,0.06468258442910436,0.04527003805,0.28879524474999985,0.24352520669999983,0.4739450210633104,-0.11734501366124388,-0.77102843525,0.49952577974999984,NA,NA,NA,NA,Grand-Lahou,DHS 2011-12,2011,Low,Moderate (5-20%),13.6%,[4.5%–28.9%],47%
Pooled,CIV,52,1,0.089179563158,0.071738142,0.06700618598927192,0.015328838775000003,0.2713272817499995,0.25599844297499946,0.7513625725050551,-0.15187889700069612,-0.8985475414999999,0.5517977534999999,NA,NA,NA,NA,Jacqueville,DHS 2011-12,2011,Low,Moderate (5-20%),8.9%,[1.5%–27.1%],75%
Pooled,CIV,53,1,0.27003763590375,0.267925875,0.039523394993086096,0.19893572725,0.3530349697499999,0.15409924249999993,0.14636254261673912,-0.17045570884653125,-0.90778011125,0.50686921925,NA,NA,NA,NA,Adzope,DHS 2011-12,2011,High,High (20-50%),27.0%,[19.9%–35.3%],15%
Pooled,CIV,54,1,0.068876142161875,0.0660695895,0.021060190234253484,0.036244574774999996,0.11743750174999998,0.08119292697499998,0.30576901628371,0.0753124872221972,-0.5015515574999999,0.6894582119999997,NA,NA,NA,NA,Akoupe,DHS 2011-12,2011,Medium,Moderate (5-20%),6.9%,[3.6%–11.7%],31%
Pooled,CIV,55,1,0.346797792105625,0.329188045,0.16084488949033496,0.092695870325,0.70351734575,0.610821475425,0.4638002119729357,-0.19247511719597538,-0.84725728575,0.39423598074999966,NA,NA,NA,NA,Alépé,DHS 2011-12,2011,Low,High (20-50%),34.7%,[9.3%–70.4%],46%
Pooled,CIV,56,1,0.168969041400375,0.1659359,0.03651981002824309,0.10617765750000001,0.24884224799999996,0.14266459049999997,0.21613314324077143,-0.14081198805567913,-0.8221647175,0.4780959184999998,NA,NA,NA,NA,Yakasse-Attobrou,DHS 2011-12,2011,Medium,Moderate (5-20%),16.9%,[10.6%–24.9%],22%
Pooled,CIV,57,1,0.070491552507875,0.07021053,0.006516685265877554,0.0585604698,0.084038301575,0.025477831775,0.09244632915624236,0.022715057286757125,-0.6389131975000001,0.6751983502499996,NA,NA,NA,NA,Blolequin,DHS 2011-12,2011,High,Moderate (5-20%),7.0%,[5.9%–8.4%],9%
Pooled,CIV,58,1,0.111054985967375,0.107925885,0.02859998531932377,0.06349210582499999,0.17553260724999997,0.11204050142499998,0.25752995302458265,0.03641448161077063,-0.65820430325,0.7250752712499999,NA,NA,NA,NA,Guiglo,DHS 2011-12,2011,Medium,Moderate (5-20%),11.1%,[6.3%–17.6%],26%
Pooled,CIV,59,1,0.314549522670375,0.29198342,0.15363920239848702,0.08149016005,0.6541727489999999,0.5726825889499999,0.4884420141355284,-0.105476441041961,-0.8201920500000001,0.5553392454999999,NA,NA,NA,NA,Taï,DHS 2011-12,2011,Low,High (20-50%),31.5%,[8.1%–65.4%],49%
Pooled,CIV,60,1,0.092496940958625,0.092110466,0.008744378961625216,0.07625924717500002,0.11065890899999996,0.03439966182499994,0.09453695301703742,-0.03986864439949,-0.7807065287499999,0.6820912787499994,NA,NA,NA,NA,Toulepleu,DHS 2011-12,2011,High,Moderate (5-20%),9.2%,[7.6%–11.1%],9%
Pooled,CIV,61,1,0.096852491967125,0.0944712245,0.02294257444793843,0.059044386075,0.14911966599999998,0.09007527992499999,0.23688161225346593,0.1843789463916545,-0.413905169,0.8455080594999999,NA,NA,NA,NA,Bangolo,DHS 2011-12,2011,Medium,Moderate (5-20%),9.7%,[5.9%–14.9%],24%
Pooled,CIV,62,1,0.081955493793625,0.0791584865,0.022543215501352833,0.046056356199999995,0.13296280975,0.08690645355,0.27506655695492105,0.08782070421771102,-0.56313702075,0.7115195137499999,NA,NA,NA,NA,Duékoué,DHS 2011-12,2011,Medium,Moderate (5-20%),8.2%,[4.6%–13.3%],28%
Pooled,CIV,63,1,0.30363955038875,0.282888755,0.14917013631371057,0.07759333915,0.6383271132499999,0.5607337740999999,0.49127373598968876,0.047927150522046,-0.62848314725,0.7246120564999997,NA,NA,NA,NA,Facobly,DHS 2011-12,2011,Low,High (20-50%),30.4%,[7.8%–63.8%],49%
Pooled,CIV,64,1,0.14784549155812501,0.1468743,0.0190058372062282,0.11320189800000001,0.187380208,0.07417830999999998,0.12855202418368036,0.17103588005212436,-0.558938399,0.9278103707500001,NA,NA,NA,NA,Kouibly,DHS 2011-12,2011,High,Moderate (5-20%),14.8%,[11.3%–18.7%],13%
Pooled,CIV,65,1,0.43684047071675,0.432760515,0.13224645570954918,0.19552170700000002,0.7046743974999999,0.5091526904999999,0.3027339831691066,0.04311142505415875,-0.6579418255,0.7537557997499993,NA,NA,NA,NA,Biankouma,DHS 2011-12,2011,Medium,High (20-50%),43.7%,[19.6%–70.5%],30%
Pooled,CIV,66,1,0.1117741086605,0.110437525,0.017715499911248492,0.080913425275,0.14953006849999995,0.06861664322499994,0.15849377036910334,0.04814954543982945,-0.646054692,0.7622195344999998,NA,NA,NA,NA,Danané,DHS 2011-12,2011,High,Moderate (5-20%),11.2%,[8.1%–15.0%],16%
Pooled,CIV,67,1,0.333158912535,0.33259473,0.021937848286889876,0.29124564875000003,0.37786225225,0.08661660349999994,0.06584800064319214,0.05022719794824425,-0.62640695875,0.7567519777499998,NA,NA,NA,NA,Man,DHS 2011-12,2011,High,High (20-50%),33.3%,[29.1%–37.8%],7%
Pooled,CIV,68,1,0.1661426205073375,0.143543845,0.10279269032852854,0.0353975443,0.42729431824999997,0.39189677395,0.6187015108744407,0.11246746557191288,-0.6273807779999999,0.8934187152499997,NA,NA,NA,NA,Sipilou,DHS 2011-12,2011,Low,Moderate (5-20%),16.6%,[3.5%–42.7%],62%
Pooled,CIV,69,1,0.54536092682125,0.54538028,0.024408281153708373,0.49648432150000005,0.59304159975,0.09655727824999999,0.044756197140813025,0.06419308536633847,-0.65549536275,0.7775682234999994,NA,NA,NA,NA,Zouan-Hounien,DHS 2011-12,2011,High,Very high (≥50%),54.5%,[49.6%–59.3%],4%
Pooled,CIV,70,1,0.06297860660875,0.0628232055,0.005874645361255931,0.05219338605,0.07518943592499999,0.022996049874999994,0.09328001487476115,0.03728823704742365,-0.57672122175,0.6444557804999999,NA,NA,NA,NA,Daloa,DHS 2011-12,2011,High,Moderate (5-20%),6.3%,[5.2%–7.5%],9%
Pooled,CIV,71,1,0.30689005494625,0.2847346,0.1493249857398238,0.08134103075000002,0.6385655484999998,0.5572245177499998,0.48657486071348,0.136103770110617,-0.47397768149999997,0.7665064954999999,NA,NA,NA,NA,Issia,DHS 2011-12,2011,Low,High (20-50%),30.7%,[8.1%–63.9%],49%
Pooled,CIV,72,1,0.137395386856625,0.13260866999999998,0.03995359362278561,0.07352002845,0.22976447049999993,0.15624444204999993,0.2907928318181311,0.06996329187391488,-0.52400472025,0.6744864264999999,NA,NA,NA,NA,Vavoua,DHS 2011-12,2011,Medium,Moderate (5-20%),13.7%,[7.4%–23.0%],29%
Pooled,CIV,73,1,0.64059098474375,0.642557815,0.05596876888379468,0.5263431454999999,0.7442702272499999,0.21792708174999997,0.08737052224702066,0.24505860653148612,-0.35982649775,0.8881067275,NA,NA,NA,NA,Zoukougbeu,DHS 2011-12,2011,High,Very high (≥50%),64.1%,[52.6%–74.4%],9%
Pooled,CIV,74,1,0.084743974612125,0.084360294,0.0076861614820973485,0.0709673395,0.10070644975,0.029739110249999992,0.09069861919124132,-0.07657730426901513,-0.70184166925,0.5286477607499999,NA,NA,NA,NA,Bouaflé,DHS 2011-12,2011,High,Moderate (5-20%),8.5%,[7.1%–10.1%],9%
Pooled,CIV,75,1,0.27527571258175,0.250057395,0.14439843506002023,0.065850879975,0.6141773024999999,0.548326422525,0.5245592998588189,-0.04961795033417875,-0.6830525185,0.5688668547499997,NA,NA,NA,NA,Sinfra,DHS 2011-12,2011,Low,High (20-50%),27.5%,[6.6%–61.4%],52%
Pooled,CIV,76,1,0.135675143791225,0.11025812,0.09424213736189231,0.0255362317,0.39354927274999996,0.36801304104999993,0.694616086104252,0.15023476608355513,-0.45220899049999996,0.8091462317499998,NA,NA,NA,NA,Zuénoula,DHS 2011-12,2011,Low,Moderate (5-20%),13.6%,[2.6%–39.4%],69%
Pooled,CIV,77,1,0.5668834366125,0.5670516299999999,0.024036303470156964,0.520086786,0.613223501,0.09313671499999998,0.042400786330589635,-0.4700581354620496,-1.1915855874999999,0.14247114949999942,NA,NA,NA,NA,Boundiali,DHS 2011-12,2011,High,Very high (≥50%),56.7%,[52.0%–61.3%],4%
Pooled,CIV,78,1,0.104374186369625,0.097356182,0.041012213548461345,0.0442432984,0.20180484799999981,0.15756154959999982,0.3929344503172743,-0.2417060843867975,-0.935402482,0.3981084209999999,NA,NA,NA,NA,Kouto,DHS 2011-12,2011,Low,Moderate (5-20%),10.4%,[4.4%–20.2%],39%
Pooled,CIV,79,1,0.7226380240075,0.724629075,0.03797266922215886,0.6432515544999999,0.79290773775,0.14965618325000007,0.05254728918300701,-0.42214755277645677,-1.1880436449999998,0.24276472174999988,NA,NA,NA,NA,Tengréla,DHS 2011-12,2011,High,Very high (≥50%),72.3%,[64.3%–79.3%],5%
Pooled,CIV,80,1,0.255051032087125,0.24919101500000002,0.07087550186438585,0.136543743,0.41296756874999985,0.27642382574999985,0.2778875320926947,-0.3528202115704506,-1.093328775,0.296023471,NA,NA,NA,NA,Dikodougou,DHS 2011-12,2011,Medium,High (20-50%),25.5%,[13.7%–41.3%],28%
Pooled,CIV,81,1,0.53494701499375,0.5351319,0.024685048844221746,0.48516388299999996,0.58227768825,0.09711380525000007,0.046144848279058355,-0.374266172642575,-1.026352835,0.19426375974999996,NA,NA,NA,NA,Korhogo,DHS 2011-12,2011,High,Very high (≥50%),53.5%,[48.5%–58.2%],5%
Pooled,CIV,82,1,0.168017702505,0.167678755,0.014126928563555763,0.14148091575,0.19658319475,0.055102279000000004,0.084080000815005565,-0.11313766628702063,-0.7726711064999999,0.5271006697499999,NA,NA,NA,NA,M'bengue,DHS 2011-12,2011,High,Moderate (5-20%),16.8%,[14.1%–19.7%],8%
Pooled,CIV,83,1,0.1850935590925125,0.158870705,0.11777731149417789,0.033824181975,0.47893164725,0.445107465275,0.6363123172498458,-0.2901153602986493,-1.0753869274999999,0.4061906412499998,NA,NA,NA,NA,Sinematiali,DHS 2011-12,2011,Low,Moderate (5-20%),18.5%,[3.4%–47.9%],64%
Pooled,CIV,84,1,0.071244832601875,0.055707562,0.05580952267727683,0.012081090425,0.2265719389999998,0.2144908485749998,0.7833483585981231,-0.3207012227976557,-0.9714089075,0.25369698224999937,NA,NA,NA,NA,Ferkessedougou,DHS 2011-12,2011,Low,Moderate (5-20%),7.1%,[1.2%–22.7%],78%
Pooled,CIV,85,1,0.2473101743225,0.245775035,0.030054578120521,0.1910251735,0.31089911724999997,0.11987394374999996,0.12152584584461502,0.010859409451680626,-0.5437126305,0.5828231027499997,NA,NA,NA,NA,Kong,DHS 2011-12,2011,High,High (20-50%),24.7%,[19.1%–31.1%],12%
Pooled,CIV,86,1,0.147811485110375,0.146973845,0.017673624332267063,0.11557672525,0.18515529525,0.06957856999999999,0.11956868114185897,-0.4143704556937859,-1.0799044249999998,0.17386343374999963,NA,NA,NA,NA,Ouangolodougou,DHS 2011-12,2011,High,Moderate (5-20%),14.8%,[11.6%–18.5%],12%
Pooled,CIV,87,1,0.2049548594855,0.17905297,0.12208684525406144,0.045218103225,0.5121509399999999,0.46693283677499997,0.595676753215499,-0.05302874920957,-0.6553028792500001,0.5711650659999998,NA,NA,NA,NA,Béoumi,DHS 2011-12,2011,Low,High (20-50%),20.5%,[4.5%–51.2%],60%
Pooled,CIV,88,1,0.046170031411625,0.0430244835,0.0183429912942916,0.019445611025000004,0.09041578734999998,0.07097017632499998,0.39729215539743123,-0.4149581576929771,-1.1977973199999998,0.24286794649999943,NA,NA,NA,NA,Botro,DHS 2011-12,2011,Low,Low (1-5%),4.6%,[1.9%–9.0%],40%
Pooled,CIV,89,1,0.398334755499375,0.384113975,0.16801125617973844,0.12131654375000002,0.74495316875,0.62363662499999994,0.421784074475525,-0.32810471043338624,-1.007198755,0.24139940749999994,NA,NA,NA,NA,Bouaké,DHS 2011-12,2011,Low,High (20-50%),39.8%,[12.1%–74.5%],42%
Pooled,CIV,90,1,0.21063356776375,0.21018858,0.016449591442826105,0.18021171175,0.24357865024999997,0.06336693849999997,0.07809577370533946,0.0537822062393095,-0.5708040175,0.7292513707499997,NA,NA,NA,NA,Diabo,DHS 2011-12,2011,High,High (20-50%),21.1%,[18.0%–24.4%],8%
Pooled,CIV,91,1,0.38773818207875,0.38765868000000003,0.02321456667253997,0.34271680024999995,0.43341984749999996,0.09070304725,0.059871758174759974,-0.19611156708275726,-0.8670578632499999,0.40648364399999976,NA,NA,NA,NA,Sakassou,DHS 2011-12,2011,High,High (20-50%),38.8%,[34.3%–43.3%],6%
Pooled,CIV,92,1,0.1513802506043875,0.12830738,0.09594725577370411,0.0313860705,0.3959864279999997,0.36460035749999975,0.6338162038352659,-0.0864646020142165,-0.67157558525,0.4610714567499994,NA,NA,NA,NA,Dabakala,DHS 2011-12,2011,Low,Moderate (5-20%),15.1%,[3.1%–39.6%],63%
Pooled,CIV,93,1,0.30514478509025,0.282339985,0.1498435349780138,0.0766224778,0.6408721444999997,0.5642496666999998,0.49105717121692216,-0.0822635300328518,-0.68446487475,0.5059944259999997,NA,NA,NA,NA,Katiola,DHS 2011-12,2011,Low,High (20-50%),30.5%,[7.7%–64.1%],49%
Pooled,CIV,94,1,0.0988994038157125,0.0871392345,0.054191838563956846,0.0282356661,0.2352514625,0.2070157964,0.5479490924428323,-0.3713042256693075,-1.0258881100000001,0.20878276374999996,NA,NA,NA,NA,Niakarmadougou,DHS 2011-12,2011,Low,Moderate (5-20%),9.9%,[2.8%–23.5%],55%
Pooled,CIV,95,1,0.3901439659175,0.38790458,0.06637592327065674,0.26637154975,0.526962571,0.26059102125,0.17013187199899593,-0.13149704685714955,-0.8632670219999999,0.56370812675,NA,NA,NA,NA,Koro,DHS 2011-12,2011,Medium,High (20-50%),39.0%,[26.6%–52.7%],17%
Pooled,CIV,96,1,0.34944537938375,0.34929847,0.022512982344824704,0.3059098435,0.39466798200000003,0.08875813850000003,0.06442489634439164,-0.12593546894907975,-0.9894018569999999,0.6873645427499999,NA,NA,NA,NA,Ouaninou,DHS 2011-12,2011,High,High (20-50%),34.9%,[30.6%–39.5%],6%
Pooled,CIV,97,1,0.22827497413875,0.226698275,0.03557514847500074,0.16320195575,0.30130483374999995,0.13810287799999996,0.15584340162219215,-0.0470201236270445,-0.7428533039999999,0.63624061275,NA,NA,NA,NA,Touba,DHS 2011-12,2011,High,High (20-50%),22.8%,[16.3%–30.1%],16%
Pooled,CIV,98,1,0.10749581016975,0.0943115215,0.06046714059160584,0.030061752100000002,0.25850307274999995,0.22844132064999995,0.5625069525604792,-0.20776276568116625,-0.84319787275,0.4001765157499999,NA,NA,NA,NA,Dianra,DHS 2011-12,2011,Low,Moderate (5-20%),10.7%,[3.0%–25.9%],56%
Pooled,CIV,99,1,0.357921605201875,0.33864756,0.16626357330936462,0.09477071214999999,0.72525911675,0.6304884046,0.4645251107867283,-0.10996041350556737,-0.7600954685,0.5265349575,NA,NA,NA,NA,Kounahiri,DHS 2011-12,2011,Low,High (20-50%),35.8%,[9.5%–72.5%],46%
Pooled,CIV,100,1,0.1642064941373375,0.13773002499999998,0.10802973372839009,0.030426510175000004,0.43920482399999977,0.40877831382499974,0.6578895329074937,-0.2742534051211431,-0.9229833972499999,0.2744396794999993,NA,NA,NA,NA,Mankono,DHS 2011-12,2011,Low,Moderate (5-20%),16.4%,[3.0%–43.9%],66%
Pooled,CIV,101,1,0.7090536521825,0.7094724649999999,0.02063085567127842,0.6679246665,0.7485964765,0.08067181000000001,0.02909632523261912,-0.44431555628395986,-1.1678172025,0.1773680632499999,NA,NA,NA,NA,Kani,DHS 2011-12,2011,High,Very high (≥50%),70.9%,[66.8%–74.9%],3%
Pooled,CIV,102,1,0.136725728080875,0.13008452,0.04700007316973351,0.064373756625,0.24583948649999995,0.18146572987499995,0.34375441864118195,-0.19104168970361188,-0.86255615025,0.3936534162499998,NA,NA,NA,NA,Séguéla,DHS 2011-12,2011,Low,Moderate (5-20%),13.7%,[6.4%–24.6%],34%
Pooled,CIV,103,1,0.3822000231625,0.381159935,0.05320164304809068,0.2818588245,0.4890237354999999,0.2071649109999999,0.13919842968055218,-0.05316737093852213,-0.690273665,0.5837184474999998,NA,NA,NA,NA,Attiégoukaro,DHS 2011-12,2011,High,High (20-50%),38.2%,[28.2%–48.9%],14%
Pooled,CIV,104,1,0.179408214447875,0.16901098,0.07031083143380633,0.07232025815000001,0.34404586174999996,0.2717256036,0.39190419262677817,-0.2310715063905725,-0.9026677397499999,0.3652531934999999,NA,NA,NA,NA,Yamoussoukro,DHS 2011-12,2011,Low,Moderate (5-20%),17.9%,[7.2%–34.4%],39%
Pooled,CIV,105,1,0.16928308181875001,0.16875719,0.013805890449020407,0.1432928515,0.19776120775,0.05446835624999999,0.08155505145991056,0.07207386745431113,-0.4545750645,0.6057999667499986,NA,NA,NA,NA,Bouna,DHS 2011-12,2011,High,Moderate (5-20%),16.9%,[14.3%–19.8%],8%
Pooled,CIV,106,1,0.133072050215625,0.12773507,0.04184242657989956,0.066806128275,0.22727186824999998,0.16046573997499997,0.314434372297561,0.045466929290675404,-0.5648896255000001,0.6778837249999999,NA,NA,NA,NA,Doropo,DHS 2011-12,2011,Medium,Moderate (5-20%),13.3%,[6.7%–22.7%],31%
Pooled,CIV,107,1,0.44387754463375,0.44372801500000003,0.024554824682603785,0.395983168,0.4922153905,0.09623222250000002,0.05531891617284749,-0.015914681764287,-0.5709818755,0.5408520712499997,NA,NA,NA,NA,Nassian,DHS 2011-12,2011,High,High (20-50%),44.4%,[39.6%–49.2%],6%
Pooled,CIV,108,1,0.2061570802065,0.179855875,0.12472984030177266,0.04314684675000001,0.5155175837499999,0.4723707369999999,0.6050233160890489,0.0017466218958511251,-0.61281010925,0.6299088117499996,NA,NA,NA,NA,Tehini,DHS 2011-12,2011,Low,High (20-50%),20.6%,[4.3%–51.6%],61%
Pooled,CIV,109,1,0.43818993635375,0.43572231,0.09218373711074766,0.2639377905,0.6189155267500001,0.35497773625000006,0.21037392569492488,-0.03902140313360529,-0.578455552,0.4910863834999997,NA,NA,NA,NA,Bondoukou,DHS 2011-12,2011,Medium,High (20-50%),43.8%,[26.4%–61.9%],21%
Pooled,CIV,110,1,0.2718612752775,0.26962644,0.04815873967258367,0.185013954,0.37514548475,0.19013153074999997,0.17714453676208963,-0.08533568440107675,-0.6723335045,0.4684233399999995,NA,NA,NA,NA,Koun-Fao,DHS 2011-12,2011,Medium,High (20-50%),27.2%,[18.5%–37.5%],18%
Pooled,CIV,111,1,0.28690166099,0.286359555,0.020443940769972066,0.24845185975,0.3284743145,0.08002245474999997,0.07125765915549943,0.03583023397957075,-0.5284236442499999,0.6522738439999999,NA,NA,NA,NA,Sandégué,DHS 2011-12,2011,High,High (20-50%),28.7%,[24.8%–32.8%],7%
Pooled,CIV,112,1,0.129173794698125,0.12560017499999998,0.03469772872904885,0.07301361265,0.20782843524999997,0.13481482259999997,0.26861275392688067,-0.008325609364193125,-0.5950369847500001,0.5798357654999996,NA,NA,NA,NA,Tanda,DHS 2011-12,2011,Medium,Moderate (5-20%),12.9%,[7.3%–20.8%],27%
Pooled,CIV,113,1,0.388029901026,0.375562745,0.16336429522509938,0.11666173,0.7323928039999998,0.6157310739999998,0.4210095531121276,-0.025930212368257374,-0.60536322475,0.5460238002499997,NA,NA,NA,NA,Transua,DHS 2011-12,2011,Low,High (20-50%),38.8%,[11.7%–73.2%],42%
Pooled,BFA,1,1,0.165591296554125,0.159615855,0.04874679093767107,0.08686945282500001,0.27496762774999983,0.1880981749249998,0.29438015132478745,0.11476566381710325,-0.44055751249999997,0.7107184359999996,NA,NA,NA,NA,Bagassi,DHS 2010,2010,Medium,Moderate (5-20%),16.6%,[8.7%–27.5%],29%
Pooled,BFA,2,1,0.44311783310625,0.44114201,0.08865552124524305,0.2779999785,0.61907148125,0.34107150275,0.20007211315276807,0.016081924452860375,-0.6309556895,0.6467402857499998,NA,NA,NA,NA,Bana,DHS 2010,2010,Medium,High (20-50%),44.3%,[27.8%–61.9%],20%
Pooled,BFA,3,1,0.075474083808,0.072777864,0.022111374556069607,0.040679261849999995,0.12593998249999994,0.08526072064999994,0.29296645206477984,0.09321443397722125,-0.5069040655,0.6853329872499999,NA,NA,NA,NA,Boromo,DHS 2010,2010,Medium,Moderate (5-20%),7.5%,[4.1%–12.6%],29%
Pooled,BFA,4,1,0.40241180710325,0.38661657,0.17031129658406718,0.12001300575000001,0.752345641,0.63233263525,0.42322639042340293,0.19050942595121725,-0.34875489499999995,0.7869256144999999,NA,NA,NA,NA,Fara,DHS 2010,2010,Low,High (20-50%),40.2%,[12.0%–75.2%],42%
Pooled,BFA,5,1,0.30769511899275,0.30243147000000004,0.08295071559267382,0.16510412075,0.48482555925000004,0.3197214385,0.2695873625302075,0.01846115839003975,-0.56165754525,0.5816055277499994,NA,NA,NA,NA,Oury,DHS 2010,2010,Medium,High (20-50%),30.8%,[16.5%–48.5%],27%
Pooled,BFA,6,1,0.272551814415,0.271925065,0.03067447178639996,0.21472113225,0.33567920149999997,0.12095806924999997,0.11254546902297849,0.028120639025913562,-0.62117991825,0.6908463115,NA,NA,NA,NA,Pa,DHS 2010,2010,High,High (20-50%),27.3%,[21.5%–33.6%],11%
Pooled,BFA,7,1,0.051394424556875,0.0481613165,0.019149573391998603,0.023279903325,0.09786507139999996,0.07458516807499996,0.372600210180522,0.0579743609256385,-0.617610808,0.7516749404999995,NA,NA,NA,NA,Pompoï,DHS 2010,2010,Low,Moderate (5-20%),5.1%,[2.3%–9.8%],37%
Pooled,BFA,8,1,0.366474014610875,0.34915863,0.162525703775095,0.10533442700000002,0.7102699414999998,0.6049355144999997,0.44348493288853263,0.14945165905017324,-0.49385576175,0.8450672775,NA,NA,NA,NA,Poura,DHS 2010,2010,Low,High (20-50%),36.6%,[10.5%–71.0%],44%
Pooled,BFA,9,1,0.0997472802151375,0.085999647,0.05825728579542135,0.026342891400000002,0.24945011274999998,0.22310722134999997,0.5840488649893064,0.12961936942697283,-0.46894118074999996,0.7592331245,NA,NA,NA,NA,Siby,DHS 2010,2010,Low,Moderate (5-20%),10.0%,[2.6%–24.9%],58%
Pooled,BFA,10,1,0.360385724544625,0.354606095,0.09753502777589555,0.18725688675000002,0.5652858807499999,0.37802899399999984,0.270640652870306,0.010663534616754712,-0.5773076065,0.6176897152499999,NA,NA,NA,NA,Yaho,DHS 2010,2010,Medium,High (20-50%),36.0%,[18.7%–56.5%],27%
Pooled,BFA,11,1,0.231373861900375,0.220231235,0.08657166665407448,0.09718992835000001,0.43043026149999974,0.33324033314999973,0.37416355478973906,-0.026521210690610624,-0.6429779979999999,0.5793262754999999,NA,NA,NA,NA,Balavé,DHS 2010,2010,Low,High (20-50%),23.1%,[9.7%–43.0%],37%
Pooled,BFA,12,1,0.370536680756,0.353596075,0.1665838544069083,0.10243024975000001,0.722566843,0.6201365932499999,0.4495745308319542,-0.03596446139577762,-0.619471992,0.5462819754999998,NA,NA,NA,NA,Kouka,DHS 2010,2010,Low,High (20-50%),37.1%,[10.2%–72.3%],45%
Pooled,BFA,13,1,0.126010783335125,0.112105055,0.0659070351356349,0.03806756240000001,0.29067104299999996,0.25260348059999993,0.5230269457206332,-0.10256298095374287,-0.8071821985000001,0.5580079444999991,NA,NA,NA,NA,Sami,DHS 2010,2010,Low,Moderate (5-20%),12.6%,[3.8%–29.1%],52%
Pooled,BFA,14,1,0.1040139688905,0.09589988699999999,0.04574548558636864,0.038451421525,0.21715951074999995,0.17870808922499995,0.4398013658581463,0.14084829246313937,-0.4016853439999999,0.7459304684999999,NA,NA,NA,NA,Sanaba,DHS 2010,2010,Low,Moderate (5-20%),10.4%,[3.8%–21.7%],44%
Pooled,BFA,15,1,0.074176890779125,0.06838615449999999,0.03218476067613861,0.028713539775,0.15016750624999983,0.12145396647499983,0.43389201593761206,-0.13041427183749213,-0.7076143607500001,0.4252146459999999,NA,NA,NA,NA,Solenzo,DHS 2010,2010,Low,Moderate (5-20%),7.4%,[2.9%–15.0%],43%
Pooled,BFA,16,1,0.087536981832875,0.0828642055,0.030692296656743105,0.0413564546,0.16185737025,0.12050091564999998,0.35062091488761427,-0.09911455206882888,-0.7583887197499999,0.5342160420000001,NA,NA,NA,NA,Tansila,DHS 2010,2010,Low,Moderate (5-20%),8.8%,[4.1%–16.2%],35%
Pooled,BFA,17,1,0.10534247115225,0.10340542,0.020604056602317504,0.070177816225,0.15019022499999998,0.08001240877499999,0.19559116448425393,0.061102569110178126,-0.5663956097499999,0.7062677682499995,NA,NA,NA,NA,Barani,DHS 2010,2010,Medium,Moderate (5-20%),10.5%,[7.0%–15.0%],20%
Pooled,BFA,18,1,0.187442167349375,0.17390205,0.08289826877708274,0.0658861375,0.3838449827499999,0.3179588452499999,0.44226051133183913,-0.01294083771698425,-0.738834,0.7117112497499991,NA,NA,NA,NA,Bomborokuy,DHS 2010,2010,Low,Moderate (5-20%),18.7%,[6.6%–38.4%],44%
Pooled,BFA,19,1,0.197509523358125,0.18889441,0.06386218586368408,0.09434537012500001,0.342081796,0.247736425875,0.32333724864440555,-0.021964563290512874,-0.68482719825,0.6413143287499993,NA,NA,NA,NA,Bourasso,DHS 2010,2010,Medium,Moderate (5-20%),19.8%,[9.4%–34.2%],32%
Pooled,BFA,20,1,0.139116611653375,0.13322906,0.044728782486785995,0.06820676485,0.2440459574999999,0.17583919264999992,0.32152006834548913,0.07641482336397787,-0.5839923052499999,0.7740731092499998,NA,NA,NA,NA,Djibasso,DHS 2010,2010,Medium,Moderate (5-20%),13.9%,[6.8%–24.4%],32%
Pooled,BFA,21,1,0.0655781323186625,0.0507082185,0.05179761678668284,0.011289294125,0.20449480974999995,0.19320551562499996,0.7898611161260849,-0.17995812509848375,-0.81863508425,0.40839611049999996,NA,NA,NA,NA,Dokuy,DHS 2010,2010,Low,Moderate (5-20%),6.6%,[1.1%–20.4%],79%
Pooled,BFA,22,1,0.113033058944125,0.10749033999999999,0.03789381227477442,0.054341396025,0.20105083199999996,0.14670943597499997,0.3352453930624513,0.02935822341587375,-0.55235427275,0.6278540442499997,NA,NA,NA,NA,Doumbala,DHS 2010,2010,Low,Moderate (5-20%),11.3%,[5.4%–20.1%],34%
Pooled,BFA,23,1,0.0628423238911625,0.057393745,0.028865629294766746,0.0233598895,0.13651048324999995,0.11315059374999994,0.4593342115221508,0.021007469754368,-0.77501306425,0.85294707299999994,NA,NA,NA,NA,Kombori,DHS 2010,2010,Low,Moderate (5-20%),6.3%,[2.3%–13.7%],46%
Pooled,BFA,24,1,0.141794143904,0.12548098,0.077070558778796,0.040325100825,0.3353021369999999,0.2949770361749999,0.5435383765282696,0.023744848689508876,-0.9788865634999999,1.0832951549999996,NA,NA,NA,NA,Madouba,DHS 2010,2010,Low,Moderate (5-20%),14.2%,[4.0%–33.5%],54%
Pooled,BFA,25,1,0.10438089428375,0.090120006,0.061257943029775185,0.0274016,0.25950290499999995,0.23210130499999995,0.5868693064005662,-0.19191425316956626,-0.80039566025,0.3823693872499995,NA,NA,NA,NA,Nouna,DHS 2010,2010,Low,Moderate (5-20%),10.4%,[2.7%–26.0%],59%
Pooled,BFA,26,1,0.112872161070125,0.11241712000000001,0.010039916944165568,0.09441106115,0.13315492474999996,0.038743863599999956,0.08894945262834109,-0.004242804148015924,-0.6495466532499999,0.6647105992499993,NA,NA,NA,NA,Sono,DHS 2010,2010,High,Moderate (5-20%),11.3%,[9.4%–13.3%],9%
Pooled,BFA,27,1,0.10241217533035,0.0818203015,0.075349172677101,0.0178371309,0.30917700249999996,0.29133987159999997,0.7357442846424058,-0.18043344859788438,-0.76653151925,0.3386522429999999,NA,NA,NA,NA,Bondokuy,DHS 2010,2010,Low,Moderate (5-20%),10.2%,[1.8%–30.9%],74%
Pooled,BFA,28,1,0.45156436588375,0.45126428500000004,0.02472057532980772,0.40398304725,0.5007004295,0.09671738225000004,0.05474430047514366,-0.009700148454127,-0.56083837275,0.5415757025,NA,NA,NA,NA,Dedougou,DHS 2010,2010,High,High (20-50%),45.2%,[40.4%–50.1%],5%
Pooled,BFA,29,1,0.153099866916875,0.131169125,0.09626572950625832,0.03178044665,0.39965537599999984,0.3678749293499998,0.6287773558844792,0.08330681252660024,-0.49518989075000003,0.6899426349999984,NA,NA,NA,NA,Douroula,DHS 2010,2010,Low,Moderate (5-20%),15.3%,[3.2%–40.0%],63%
Pooled,BFA,30,1,0.297574218521125,0.273890645,0.14976674784459312,0.07481907659999999,0.6432903092499999,0.5684712326499999,0.5032920815146528,-0.009117650617168375,-0.65386977425,0.6559353677499996,NA,NA,NA,NA,Kona,DHS 2010,2010,Low,High (20-50%),29.8%,[7.5%–64.3%],50%
Pooled,BFA,31,1,0.191728959956375,0.182924625,0.06769092098982923,0.08623993125,0.34868070074999996,0.26244076949999995,0.353055276601048,-0.1473982217643357,-0.74123434175,0.38433348749999985,NA,NA,NA,NA,Ouarkoye,DHS 2010,2010,Low,Moderate (5-20%),19.2%,[8.6%–34.9%],35%
Pooled,BFA,32,1,0.186300497089,0.17599331000000001,0.07492052059476162,0.07052487947500001,0.35789326049999987,0.28736838102499984,0.40214879597970354,0.2247146391458759,-0.34351726399999993,0.8783537142499999,NA,NA,NA,NA,Safane,DHS 2010,2010,Low,Moderate (5-20%),18.6%,[7.1%–35.8%],40%
Pooled,BFA,33,1,0.0958127025483375,0.077988255,0.06818168242331439,0.018481937825000003,0.2792641735,0.260782235675,0.7116142286970429,0.19156703858532126,-0.35439165325,0.7987977947499999,NA,NA,NA,NA,Tchériba,DHS 2010,2010,Low,Moderate (5-20%),9.6%,[1.8%–27.9%],71%
Pooled,BFA,34,1,0.1035887711665,0.097574595,0.0395548641920316,0.04437064745,0.19650690024999992,0.15213625279999993,0.3818450952415913,0.07788494236894125,-0.44803394249999995,0.6168225642499997,NA,NA,NA,NA,Gassan,DHS 2010,2010,Low,Moderate (5-20%),10.4%,[4.4%–19.7%],38%
Pooled,BFA,35,1,0.102911921829175,0.082809785,0.07390229003347144,0.0200974581,0.2998416322499997,0.2797441741499997,0.7181120391099385,0.23295446872720288,-0.3645120415,0.8731337589999998,NA,NA,NA,NA,Gossina,DHS 2010,2010,Low,Moderate (5-20%),10.3%,[2.0%–30.0%],72%
Pooled,BFA,36,1,0.288865689115125,0.264803915,0.1487640664905223,0.07287089534999999,0.6289882637499998,0.5561173683999998,0.514993895419797,0.08928261165155126,-0.59826881525,0.7987181429999999,NA,NA,NA,NA,Kougny,DHS 2010,2010,Low,High (20-50%),28.9%,[7.3%–62.9%],51%
Pooled,BFA,37,1,0.16572210736875,0.16519434500000002,0.01352275150339924,0.140621927,0.1934947215,0.05287279449999999,0.0815989593549497,0.15965469780559888,-0.4570471175,0.8011633942499997,NA,NA,NA,NA,Toma,DHS 2010,2010,High,Moderate (5-20%),16.6%,[14.1%–19.3%],8%
Pooled,BFA,38,1,0.284615915905,0.28426766000000003,0.019995649602433913,0.24730166375,0.32533437875000004,0.07803271500000003,0.0702548539453715,0.16134201940240375,-0.40489023925,0.7911293762499997,NA,NA,NA,NA,Yaba,DHS 2010,2010,High,High (20-50%),28.5%,[24.7%–32.5%],7%
Pooled,BFA,39,1,0.109880971338875,0.10305561499999999,0.0436984113356985,0.0455439603,0.21704990899999999,0.1715059487,0.3976886152647101,0.005155764995116,-0.5983429705000001,0.6095858954999998,NA,NA,NA,NA,Ye,DHS 2010,2010,Low,Moderate (5-20%),11.0%,[4.6%–21.7%],40%
Pooled,BFA,40,1,0.2297624683395,0.225341705,0.056376631579499153,0.13294582749999997,0.35469205049999997,0.221746223,0.2453691936151918,-0.136341336850554,-0.821934449,0.5109297659999997,NA,NA,NA,NA,Di,DHS 2010,2010,Medium,High (20-50%),23.0%,[13.3%–35.5%],25%
Pooled,BFA,41,1,0.157753466054625,0.15163086999999997,0.04877559000710375,0.07982660530000002,0.271487244,0.1916606387,0.30918870581400926,0.020063634132246374,-0.7103198125,0.7808859897499991,NA,NA,NA,NA,Gomboro,DHS 2010,2010,Medium,Moderate (5-20%),15.8%,[8.0%–27.1%],31%
Pooled,BFA,42,1,0.116406006992625,0.11565308499999999,0.012557828173142875,0.093342697375,0.14303251925,0.049689821874999984,0.1078795544798516,0.06183268517870937,-0.54536881975,0.6771637519999982,NA,NA,NA,NA,Kassoum,DHS 2010,2010,High,Moderate (5-20%),11.6%,[9.3%–14.3%],11%
Pooled,BFA,43,1,0.196840674555,0.195920065,0.02641314441343212,0.14797613425,0.2522212155,0.10424508124999998,0.13418539879089839,0.018178562465204,-0.643100666,0.68152783075,NA,NA,NA,NA,Kiembara,DHS 2010,2010,High,Moderate (5-20%),19.7%,[14.8%–25.2%],13%
Pooled,BFA,44,1,0.55326329179125,0.55345565,0.024550033658553724,0.5034181034999999,0.6002224627499999,0.09680435924999997,0.04437314751005859,0.00648101932229825,-0.6744392475,0.6788344092499986,NA,NA,NA,NA,Lanfièra,DHS 2010,2010,High,Very high (≥50%),55.3%,[50.3%–60.0%],4%
Pooled,BFA,45,1,0.65744029942,0.658033895,0.02211523215142091,0.61345961875,0.699695359,0.08623574025000003,0.03363838841478256,-0.066434610340119,-0.740994005,0.5846618395000001,NA,NA,NA,NA,Lankouè,DHS 2010,2010,High,Very high (≥50%),65.7%,[61.3%–70.0%],3%
Pooled,BFA,46,1,0.35554847257875,0.35343228,0.051666796019139725,0.25954725675,0.46367333075,0.204126074,0.14531575862049614,0.16194453276975376,-0.4332598775,0.8285160049999999,NA,NA,NA,NA,Toeni,DHS 2010,2010,High,High (20-50%),35.6%,[26.0%–46.4%],15%
Pooled,BFA,47,1,0.0786272778401875,0.070743204,0.03964353060272583,0.02620981525,0.178546645,0.15233682975,0.5041956391177957,-0.1152966424241915,-0.69108249925,0.4516284387499998,NA,NA,NA,NA,Tougan,DHS 2010,2010,Low,Moderate (5-20%),7.9%,[2.6%–17.9%],50%
Pooled,BFA,48,1,0.20497588384675,0.20095753500000002,0.04575094153581193,0.12695740875,0.30466514899999997,0.17770774024999997,0.22320158194813577,-0.46732278458604837,-1.1501953999999999,0.11151702274999988,NA,NA,NA,NA,Banfora,DHS 2010,2010,Medium,High (20-50%),20.5%,[12.7%–30.5%],22%
Pooled,BFA,49,1,0.22614001086125,0.223662935,0.03818378415010539,0.158380179,0.3063229315,0.1479427525,0.1688501915458621,-0.283327269832162,-1.0630402774999999,0.3988614387499999,NA,NA,NA,NA,Beregadougou,DHS 2010,2010,Medium,High (20-50%),22.6%,[15.8%–30.6%],17%
Pooled,BFA,50,1,0.45941726821375,0.457958395,0.09111139305785214,0.28488219774999995,0.63927602825,0.3543938305,0.1983194785256991,-0.061894467262321874,-0.6428997605,0.49601967324999974,NA,NA,NA,NA,Mangodara,DHS 2010,2010,Medium,High (20-50%),45.9%,[28.5%–63.9%],20%
Pooled,BFA,51,1,0.295171841082,0.289149245,0.0857589163831558,0.1492528305,0.48611415974999994,0.33686132924999995,0.2905389486639127,-0.334992768610495,-1.07505738,0.3263894162499998,NA,NA,NA,NA,Moussodougou,DHS 2010,2010,Medium,High (20-50%),29.5%,[14.9%–48.6%],29%
Pooled,BFA,52,1,0.38625234953875,0.385600925,0.02372571689393338,0.3402996455,0.43440395875,0.09410431324999996,0.06142543060842442,-0.31140940761368374,-0.9711732747499999,0.26284969274999925,NA,NA,NA,NA,Niangoloko,DHS 2010,2010,High,High (20-50%),38.6%,[34.0%–43.4%],6%
Pooled,BFA,53,1,0.1618903825162625,0.13846447,0.10118825450130889,0.033598822199999996,0.414468364,0.3808695418,0.6250417901825894,0.06560748622332963,-0.48284051,0.6437243394999992,NA,NA,NA,NA,Ouo,DHS 2010,2010,Low,Moderate (5-20%),16.2%,[3.4%–41.4%],63%
Pooled,BFA,54,1,0.578147111485,0.578600875,0.024292138319303023,0.5298467407499999,0.62627799325,0.09643125250000006,0.04201722682122798,-0.26588814601019695,-0.8898054612499999,0.2826459424999994,NA,NA,NA,NA,Sidéradougou,DHS 2010,2010,High,Very high (≥50%),57.8%,[53.0%–62.6%],4%
Pooled,BFA,55,1,0.100834046452375,0.10052182000000001,0.009026982847796348,0.083977178925,0.11955609075,0.03557891182499999,0.0895231637070113,-0.315922412231907,-1.0091470875,0.28829061774999987,NA,NA,NA,NA,Soubakaniédougou,DHS 2010,2010,High,Moderate (5-20%),10.1%,[8.4%–12.0%],9%
Pooled,BFA,56,1,0.1238037530695,0.11956929999999999,0.03421297315146239,0.06834726275,0.20107743424999996,0.13273017149999997,0.2763484329288158,-0.2310382521977596,-0.8902888337500001,0.41175565999999936,NA,NA,NA,NA,Tiéfora,DHS 2010,2010,Medium,Moderate (5-20%),12.4%,[6.8%–20.1%],28%
Pooled,BFA,57,1,0.15013686300825,0.14597995,0.0374460870538045,0.08875605965,0.2321904727499999,0.1434344130999999,0.24941301092555027,-0.4981646734356546,-1.2332979574999998,0.13998054874999993,NA,NA,NA,NA,Dakoro,DHS 2010,2010,Medium,Moderate (5-20%),15.0%,[8.9%–23.2%],25%
Pooled,BFA,58,1,0.33867897453875,0.33574457,0.0558803904739537,0.23683321375000002,0.45486482599999994,0.21803161224999992,0.1649951566968623,-0.35349469744830875,-1.1071568625000001,0.32601177849999985,NA,NA,NA,NA,Douna,DHS 2010,2010,Medium,High (20-50%),33.9%,[23.7%–45.5%],16%
Pooled,BFA,59,1,0.1000849093206125,0.08788274700000001,0.055180307356862,0.028986886625000003,0.23311925925,0.20413237262499997,0.5513349388177705,-0.4245349004645405,-1.2125317925,0.23015433174999989,NA,NA,NA,NA,Kankalaba,DHS 2010,2010,Low,Moderate (5-20%),10.0%,[2.9%–23.3%],55%
Pooled,BFA,60,1,0.1696081629025,0.169020755,0.01411943439785427,0.14333618925,0.19920712949999997,0.05587094024999997,0.0832473753398938,-0.4918397308539949,-1.242223835,0.1704287879999999,NA,NA,NA,NA,Loumana,DHS 2010,2010,High,Moderate (5-20%),17.0%,[14.3%–19.9%],8%
Pooled,BFA,61,1,0.158551984534,0.15123098000000001,0.05429332243583561,0.074762437825,0.28301286025000005,0.20825042242500005,0.34243231073650116,-0.42003764816151873,-1.1541230974999999,0.21890225099999977,NA,NA,NA,NA,Niankorodougou,DHS 2010,2010,Low,Moderate (5-20%),15.9%,[7.5%–28.3%],34%
Pooled,BFA,62,1,0.201545441509625,0.187655405,0.08924703491587242,0.06918302825000001,0.41298212599999984,0.34379909774999984,0.44281346304530705,-0.15443738543431,-0.8945318274999999,0.5481975537499998,NA,NA,NA,NA,Oueleni,DHS 2010,2010,Low,High (20-50%),20.2%,[6.9%–41.3%],44%
Pooled,BFA,63,1,0.077705605544875,0.07398173,0.026902839145387724,0.036700956550000004,0.14192756875,0.10522661220000001,0.3462149089083583,-0.5696803224186975,-1.3308476975,0.06764571474999964,NA,NA,NA,NA,Sindou,DHS 2010,2010,Low,Moderate (5-20%),7.8%,[3.7%–14.2%],35%
Pooled,BFA,64,1,0.5829940917375,0.5892691400000001,0.1207591601130369,0.33528998275,0.8008151824999998,0.46552519974999984,0.20713616454180145,-0.41060840400081877,-1.1659376399999999,0.22629979474999945,NA,NA,NA,NA,Wolonkoto,DHS 2010,2010,Medium,Very high (≥50%),58.3%,[33.5%–80.1%],21%
Pooled,BFA,65,1,0.14189801277975,0.13104241,0.06127794143361502,0.054153645774999995,0.2886170494999999,0.2344634037249999,0.43184495845427284,0.05405132730618362,-0.5962283044999999,0.6891318182499999,NA,NA,NA,NA,Komki-Ipala,DHS 2010,2010,Low,Moderate (5-20%),14.2%,[5.4%–28.9%],43%
Pooled,BFA,66,1,0.39354110675875,0.378489505,0.17215090403459127,0.10978696725,0.7591260907499998,0.6493391234999998,0.43744071731780704,0.28677772689572373,-0.28084596824999997,0.9056195427499997,NA,NA,NA,NA,Komsilga,DHS 2010,2010,Low,High (20-50%),39.4%,[11.0%–75.9%],44%
Pooled,BFA,67,1,0.2006475224430625,0.17323357,0.12245337846611272,0.03902533255,0.5100584307499998,0.4710330981999998,0.6102910067123364,-0.0210770909854285,-0.611937093,0.5354589992500001,NA,NA,NA,NA,Koubri,DHS 2010,2010,Low,High (20-50%),20.1%,[3.9%–51.0%],61%
Pooled,BFA,68,1,0.330281004110125,0.30909510500000004,0.157997488256113,0.08725858372499999,0.6757428609999997,0.5884842772749997,0.47837291969547296,0.27364028780017263,-0.3346047055,0.9764106995,NA,NA,NA,NA,Ouagadougou,DHS 2010,2010,Low,High (20-50%),33.0%,[8.7%–67.6%],48%
Pooled,BFA,69,1,0.1435693533676625,0.11754545999999999,0.09670776814429527,0.027858587825000003,0.39462735274999966,0.36676876492499966,0.6735961810501383,0.264239846644805,-0.31966146925,0.8980826872499998,NA,NA,NA,NA,Pabre,DHS 2010,2010,Low,Moderate (5-20%),14.4%,[2.8%–39.5%],67%
Pooled,BFA,70,1,0.406335416605125,0.39772573,0.17449138345515225,0.11092759775,0.76226066375,0.6513330660000001,0.4294269618754946,0.09064630567018125,-0.5066554225,0.7116559294999995,NA,NA,NA,NA,Saaba,DHS 2010,2010,Low,High (20-50%),40.6%,[11.1%–76.2%],43%
Pooled,BFA,71,1,0.204976753623625,0.176142425,0.12620660419718419,0.043119956900000006,0.5216962347499996,0.47857627784999957,0.6157117915377015,0.315828138606905,-0.23250552424999998,0.95041988925,NA,NA,NA,NA,Tanghin-Dassouri,DHS 2010,2010,Low,High (20-50%),20.5%,[4.3%–52.2%],62%
Pooled,BFA,72,1,0.432761088822375,0.423527185,0.17290425972314694,0.130612305,0.7803497082499998,0.6497374032499998,0.39953744499916155,-0.12727349869951962,-0.677568847,0.3924730262499992,NA,NA,NA,NA,Bagre,DHS 2010,2010,Low,High (20-50%),43.3%,[13.1%–78.0%],40%
Pooled,BFA,73,1,0.23051394881525,0.203562285,0.13372920777327416,0.05004275235,0.5566272682499999,0.5065845158999999,0.5801349916592426,-0.12131567734648488,-0.73584840975,0.47230433674999994,NA,NA,NA,NA,Bane,DHS 2010,2010,Low,High (20-50%),23.1%,[5.0%–55.7%],58%
Pooled,BFA,74,1,0.509457195146875,0.5078736150000001,0.14730838095981355,0.23146614725,0.785592668,0.55412652075,0.2891477092935059,0.17096929055273125,-0.4806420615,0.8648169822499997,NA,NA,NA,NA,Beguedo,DHS 2010,2010,Medium,Very high (≥50%),50.9%,[23.1%–78.6%],29%
Pooled,BFA,75,1,0.48276803514625,0.48306986500000004,0.057032968609509474,0.37157036975,0.59364675275,0.222076383,0.11813741684913309,-0.04056567850239,-0.71056359525,0.6103656469999994,NA,NA,NA,NA,Bissiga,DHS 2010,2010,High,High (20-50%),48.3%,[37.2%–59.4%],12%
Pooled,BFA,76,1,0.59703604063,0.5988712,0.059759572953308096,0.47536709975,0.70696975475,0.231602655,0.10009374457570272,-0.028261494571877,-0.5737592687499999,0.5213502824999992,NA,NA,NA,NA,Bittou,DHS 2010,2010,High,Very high (≥50%),59.7%,[47.5%–70.7%],10%
Pooled,BFA,77,1,0.209578443255525,0.181325395,0.12603698915501937,0.043982323600000005,0.5200294999999995,0.4760471763999995,0.601383363657067,-0.232515316474151,-0.8411026779999999,0.30959699549999986,NA,NA,NA,NA,Boussouma,DHS 2010,2010,Low,High (20-50%),21.0%,[4.4%–52.0%],60%
Pooled,BFA,78,1,0.4023476853475,0.38965256,0.17055666956933355,0.1144960435,0.7544993885,0.640003345,0.4239036927030586,-0.04198149226416512,-0.6063278405,0.4917000979999999,NA,NA,NA,NA,Garango,DHS 2010,2010,Low,High (20-50%),40.2%,[11.4%–75.4%],42%
Pooled,BFA,79,1,0.2049620776381125,0.17794525,0.12456069865868939,0.04233465845,0.5211506087499999,0.47881595029999985,0.6077255856013408,0.02032618987222625,-0.584680345,0.6189265124999999,NA,NA,NA,NA,Komtoega,DHS 2010,2010,Low,High (20-50%),20.5%,[4.2%–52.1%],61%
Pooled,BFA,80,1,0.209789349676625,0.19334387,0.09682170434097451,0.067970156825,0.4388828269999998,0.3709126701749998,0.46151868286077496,0.3374147947234915,-0.225391979,1.0043498825,NA,NA,NA,NA,Niaogho,DHS 2010,2010,Low,High (20-50%),21.0%,[6.8%–43.9%],46%
Pooled,BFA,81,1,0.12862467347225,0.103346045,0.09246399048381435,0.0220165256,0.3702108027499999,0.3481942771499999,0.7188666683283195,-0.15731082431792126,-0.7398383875,0.37644165399999996,NA,NA,NA,NA,Tenkodogo,DHS 2010,2010,Low,Moderate (5-20%),12.9%,[2.2%–37.0%],72%
Pooled,BFA,82,1,0.312251955247125,0.28762568499999996,0.15624665353169429,0.07657359062500001,0.6545594804999998,0.5779858898749998,0.5003864696636928,-0.055998217876900375,-0.6298974577500001,0.51093253225,NA,NA,NA,NA,Zabré,DHS 2010,2010,Low,High (20-50%),31.2%,[7.7%–65.5%],50%
Pooled,BFA,83,1,0.1433133729397,0.119895575,0.09489815220446846,0.028105929400000004,0.38825663674999994,0.36015070734999993,0.6621723448264486,-0.07694830306928845,-0.74321329075,0.5747711247499998,NA,NA,NA,NA,Zoaga,DHS 2010,2010,Low,Moderate (5-20%),14.3%,[2.8%–38.8%],66%
Pooled,BFA,84,1,0.1435146146827125,0.12897271,0.07340274868489048,0.043250970325000006,0.3286758829999997,0.2854249126749997,0.5114653225190482,-0.08241607773997073,-0.66580923575,0.48489480049999995,NA,NA,NA,NA,Zonsé,DHS 2010,2010,Low,Moderate (5-20%),14.4%,[4.3%–32.9%],51%
Pooled,BFA,85,1,0.0570014796444625,0.0499789855,0.03054362319272573,0.01814572785,0.13608318074999984,0.11793745289999984,0.5358391287951934,-0.032772615468291875,-0.681852339,0.6338427392499996,NA,NA,NA,NA,Comin-Yanga,DHS 2010,2010,Low,Moderate (5-20%),5.7%,[1.8%–13.6%],54%
Pooled,BFA,86,1,0.388811421647,0.37060891,0.17319848249132228,0.103250275,0.7539738454999998,0.6507235704999998,0.4454562619525317,0.1143746045725675,-0.51847776425,0.7812171247499999,NA,NA,NA,NA,Dourtenga,DHS 2010,2010,Low,High (20-50%),38.9%,[10.3%–75.4%],45%
Pooled,BFA,87,1,0.190376171461125,0.16250775,0.1175990139425483,0.03744182485,0.48158112624999994,0.4441393013999999,0.6177191874381303,-0.03335491085096,-0.666422597,0.5908473897499997,NA,NA,NA,NA,Lalgaye,DHS 2010,2010,Low,Moderate (5-20%),19.0%,[3.7%–48.2%],62%
Pooled,BFA,88,1,0.334290998755,0.33380223499999995,0.021981774697933255,0.29269414349999995,0.37832795575,0.08563381225000005,0.06575640618443207,0.05933433871043613,-0.5312222349999999,0.7046789997499999,NA,NA,NA,NA,Ouargaye,DHS 2010,2010,High,High (20-50%),33.4%,[29.3%–37.8%],7%
Pooled,BFA,89,1,0.1818635829525,0.171708215,0.06976106235821342,0.073640256825,0.34424632574999986,0.27060606892499983,0.3835900581395339,0.032247512894456626,-0.571263582,0.6687348279999996,NA,NA,NA,NA,Sangha,DHS 2010,2010,Low,Moderate (5-20%),18.2%,[7.4%–34.4%],38%
Pooled,BFA,90,1,0.19578513442775,0.17794566499999998,0.0972750472236249,0.058261956250000003,0.43552535024999994,0.3772633939999999,0.4968459301465608,-0.05104268707905962,-0.6831702117499999,0.5644111972499999,NA,NA,NA,NA,Soudougui,DHS 2010,2010,Low,Moderate (5-20%),19.6%,[5.8%–43.6%],50%
Pooled,BFA,91,1,0.14596404275075,0.12015203999999999,0.10115650608988272,0.026039221325,0.40559752725,0.37955830592499995,0.6930234610082623,-0.0097126441528625,-0.714161663,0.7369363979999999,NA,NA,NA,NA,Yargatenga,DHS 2010,2010,Low,Moderate (5-20%),14.6%,[2.6%–40.6%],69%
Pooled,BFA,92,1,0.270475023340375,0.25335352,0.12215693522444403,0.08570638905,0.548130993,0.46242460395,0.4516385051595599,-0.0116719044650015,-0.6840249912499999,0.6773922042499995,NA,NA,NA,NA,Yondé,DHS 2010,2010,Low,High (20-50%),27.0%,[8.6%–54.8%],45%
Pooled,BFA,93,1,0.2601229531875,0.25621786,0.05169089907550024,0.16890664900000002,0.37228210700000003,0.203375458,0.1987171775581095,0.24831746045678166,-0.28837290099999996,0.8589460819999998,NA,NA,NA,NA,Andemtenga,DHS 2010,2010,Medium,High (20-50%),26.0%,[16.9%–37.2%],20%
Pooled,BFA,94,1,0.3464713606355,0.3273922,0.16333421564982087,0.089096536225,0.6990087452499999,0.6099122090249999,0.4714219823255585,0.0140607874820135,-0.680811835,0.7299867754999996,NA,NA,NA,NA,Baskouré,DHS 2010,2010,Low,High (20-50%),34.6%,[8.9%–69.9%],47%
Pooled,BFA,95,1,0.1586895153413,0.1319785,0.10520972924312524,0.030378103850000004,0.4232335164999999,0.3928554126499999,0.6629910553122959,-0.01617787721087575,-0.64194103825,0.6278100379999993,NA,NA,NA,NA,Dialgaye,DHS 2010,2010,Low,Moderate (5-20%),15.9%,[3.0%–42.3%],66%
Pooled,BFA,96,1,0.383472806948875,0.36702689,0.16764736491471688,0.10642618325,0.7368056669999999,0.63037948375,0.43718188585160306,0.006678465713932375,-0.631602003,0.6393816704999998,NA,NA,NA,NA,Gounghin,DHS 2010,2010,Low,High (20-50%),38.3%,[10.6%–73.7%],44%
Pooled,BFA,97,1,0.125161253192375,0.11192644,0.06557310709007855,0.03761014695,0.2873238862499999,0.24971373929999988,0.5239090007295752,0.27807796494528075,-0.31281308725,0.9631054807499997,NA,NA,NA,NA,Kando,DHS 2010,2010,Low,Moderate (5-20%),12.5%,[3.8%–28.7%],52%
Pooled,BFA,98,1,0.309072825617,0.28876983,0.15166784742153802,0.081286040975,0.659210269,0.577924228025,0.490718804277809,-0.2256759476069545,-0.9033105530000001,0.34808593274999927,NA,NA,NA,NA,Koupéla,DHS 2010,2010,Low,High (20-50%),30.9%,[8.1%–65.9%],49%
Pooled,BFA,99,1,0.067406564840875,0.06716617650000001,0.006181087728856372,0.05607368245,0.08019792177499996,0.024124239324999956,0.09169860151526654,0.028303295438038376,-0.57478025725,0.6454985934999999,NA,NA,NA,NA,Pouytenga,DHS 2010,2010,High,Moderate (5-20%),6.7%,[5.6%–8.0%],9%
Pooled,BFA,100,1,0.399966808623,0.38471519,0.16979634001761207,0.11956335375,0.7528616452499998,0.6332982914999997,0.42452607655666347,-0.1164556432348975,-0.7013470735,0.4253818189999997,NA,NA,NA,NA,Tensobentenga,DHS 2010,2010,Low,High (20-50%),40.0%,[12.0%–75.3%],42%
Pooled,BFA,101,1,0.194875963709875,0.16770159499999998,0.12104501729833965,0.040723977875,0.5020702437499998,0.4613462658749998,0.6211387746030471,-0.019861460985770376,-0.74325867175,0.6733981622499998,NA,NA,NA,NA,Yargo,DHS 2010,2010,Low,Moderate (5-20%),19.5%,[4.1%–50.2%],62%
Pooled,BFA,102,1,0.444834941325,0.443357535,0.08760937644000177,0.279009768,0.620463505,0.34145373700000003,0.19694805488760753,0.09602287759005387,-0.4770582705,0.7162307274999998,NA,NA,NA,NA,Bourzanga,DHS 2010,2010,Medium,High (20-50%),44.5%,[27.9%–62.0%],20%
Pooled,BFA,103,1,0.129897336282375,0.124224365,0.04374654376797708,0.0622825383,0.2318180435,0.1695355052,0.3367778356353624,0.05292860905991875,-0.52486968575,0.6482681559999999,NA,NA,NA,NA,Guibare,DHS 2010,2010,Low,Moderate (5-20%),13.0%,[6.2%–23.2%],34%
Pooled,BFA,104,1,0.26279119871125,0.249058815,0.10752530987895514,0.095510305,0.50970434525,0.41419404024999995,0.40916632827228705,-0.052393162467935,-0.6589877869999999,0.53010694225,NA,NA,NA,NA,Kongoussi,DHS 2010,2010,Low,High (20-50%),26.3%,[9.6%–51.0%],41%
Pooled,BFA,105,1,0.12030832068855,0.0968697005,0.08465300265941535,0.021099988650000002,0.343259059,0.32215907034999997,0.7036338149757912,0.01419802646178225,-0.67141705225,0.6991205997499994,NA,NA,NA,NA,Nassere,DHS 2010,2010,Low,Moderate (5-20%),12.0%,[2.1%–34.3%],70%
Pooled,BFA,106,1,0.47995664073325,0.47799281,0.1788153192995036,0.1512838015,0.8161519212499999,0.6648681197499999,0.3725655697279652,0.0944894971442925,-0.51177986525,0.735546437,NA,NA,NA,NA,Rollo,DHS 2010,2010,Low,High (20-50%),48.0%,[15.1%–81.6%],37%
Pooled,BFA,107,1,0.23241597452675,0.20392649499999999,0.1348407030881258,0.0508771299,0.5594950349999999,0.5086179050999998,0.5801696865402264,0.15569717324977211,-0.43422204100000006,0.7697935289999998,NA,NA,NA,NA,Rouko,DHS 2010,2010,Low,High (20-50%),23.2%,[5.1%–55.9%],58%
Pooled,BFA,108,1,0.38197655316575,0.373862975,0.11630895038047452,0.1787258485,0.626585835,0.4478599865,0.3044923815782088,-0.1669438010448535,-0.826776129,0.42798344374999997,NA,NA,NA,NA,Sabce,DHS 2010,2010,Medium,High (20-50%),38.2%,[17.9%–62.7%],30%
Pooled,BFA,109,1,0.242940717873,0.23537239999999998,0.07608630430746284,0.11750911350000001,0.4096667764999998,0.2921576629999998,0.31318876874002577,0.06256485098960762,-0.5115688270000001,0.6629928377499998,NA,NA,NA,NA,Tikare,DHS 2010,2010,Medium,High (20-50%),24.3%,[11.8%–41.0%],31%
Pooled,BFA,110,1,0.421276116315,0.41971318,0.05727097683472021,0.312611053,0.5359106529999998,0.22329959999999982,0.135946412855499,0.033684892836874876,-0.6846325325,0.774782511,NA,NA,NA,NA,Zimtenga,DHS 2010,2010,High,High (20-50%),42.1%,[31.3%–53.6%],14%
Pooled,BFA,111,1,0.210987795202125,0.18626086,0.12193849476705837,0.046920448075,0.50812905425,0.461208606175,0.5779409877725015,0.15371625582620174,-0.40345894225,0.7662519102499998,NA,NA,NA,NA,Boala,DHS 2010,2010,Low,High (20-50%),21.1%,[4.7%–50.8%],58%
Pooled,BFA,112,1,0.6637547703125,0.6642166899999999,0.022176888631740648,0.6192658099999999,0.7056957482499999,0.08642993825,0.03341126817258071,0.08780069837121587,-0.47714407975,0.6709569284999994,NA,NA,NA,NA,Boulsa,DHS 2010,2010,High,Very high (≥50%),66.4%,[61.9%–70.6%],3%
Pooled,BFA,113,1,0.14454690646125,0.144145745,0.012165943883026999,0.12174516525000001,0.16948828249999998,0.04774311724999997,0.08416606194397133,0.10280204021164525,-0.52713155075,0.7810093934999992,NA,NA,NA,NA,Bouroum,DHS 2010,2010,High,Moderate (5-20%),14.5%,[12.2%–16.9%],8%
Pooled,BFA,114,1,0.334740689841875,0.329412215,0.07867344904924965,0.193435658,0.49930981825,0.30587416024999997,0.23502804241221306,0.09241796284868,-0.5613401705,0.7797949735,NA,NA,NA,NA,Dargo,DHS 2010,2010,Medium,High (20-50%),33.5%,[19.3%–49.9%],24%
Pooled,BFA,115,1,0.10606281835375,0.091711351,0.062153153020271766,0.028449408175000003,0.26209901349999976,0.23364960532499976,0.5860032194597462,0.117338477074375,-0.58727143075,0.8688740329999995,NA,NA,NA,NA,Nagbingou,DHS 2010,2010,Low,Moderate (5-20%),10.6%,[2.8%–26.2%],59%
Pooled,BFA,116,1,0.368843782057625,0.36084053,0.11245210164146377,0.17230484449999997,0.6055492547499999,0.43324441024999993,0.3048773142226787,0.17020663880319262,-0.39246205075,0.7830949359999992,NA,NA,NA,NA,Tougouri,DHS 2010,2010,Medium,High (20-50%),36.9%,[17.2%–60.6%],30%
Pooled,BFA,117,1,0.1187211207030875,0.09769895949999999,0.08413085419727667,0.020917014725,0.3427020589999999,0.3217850442749999,0.7086426888412007,0.1918190301291955,-0.45684079424999996,0.9448768419999993,NA,NA,NA,NA,Yalgo,DHS 2010,2010,Low,Moderate (5-20%),11.9%,[2.1%–34.3%],71%
Pooled,BFA,118,1,0.367629619167125,0.349382635,0.16727911502143938,0.10020872975,0.7219701294999998,0.6217613997499998,0.4550207771626639,0.1046694348977255,-0.5715116237499999,0.8035529059999986,NA,NA,NA,NA,Zeguedeguin,DHS 2010,2010,Low,High (20-50%),36.8%,[10.0%–72.2%],46%
Pooled,BFA,119,1,0.155146314471625,0.129166505,0.10382790849658852,0.031300620774999996,0.4212519955,0.38995137472499997,0.669225748933777,0.13561956758892713,-0.51692260225,0.8464091827499999,NA,NA,NA,NA,Barsalogho,DHS 2010,2010,Low,Moderate (5-20%),15.5%,[3.1%–42.1%],67%
Pooled,BFA,120,1,0.53817308217625,0.537984415,0.07028124862303545,0.40125472175,0.672700601,0.27144587924999997,0.13059227774609983,0.004983746186171751,-0.633948827,0.6545664277499988,NA,NA,NA,NA,Boussouma,DHS 2010,2010,High,Very high (≥50%),53.8%,[40.1%–67.3%],13%
Pooled,BFA,121,1,0.1157559257517625,0.10378302,0.058703728210637476,0.036976031175,0.26152373875,0.224547707575,0.5071336765646631,0.3011495047916187,-0.311213952,1.03034968,NA,NA,NA,NA,Dablo,DHS 2010,2010,Low,Moderate (5-20%),11.6%,[3.7%–26.2%],51%
Pooled,BFA,122,1,0.74471974319625,0.7452453649999999,0.019048562018670414,0.7059745165,0.781237632,0.07526311549999998,0.025578161708075864,-0.009991736641882874,-0.6046802107500001,0.5825214597499997,NA,NA,NA,NA,Kaya,DHS 2010,2010,High,Very high (≥50%),74.5%,[70.6%–78.1%],3%
Pooled,BFA,123,1,0.14832287418275,0.14461127000000001,0.03527257566578405,0.08970194100000001,0.22908560249999993,0.13938366149999992,0.23780941314772785,-0.24838859494240675,-0.8982711649999999,0.3382284254999998,NA,NA,NA,NA,Korsimoro,DHS 2010,2010,Medium,Moderate (5-20%),14.8%,[9.0%–22.9%],24%
Pooled,BFA,124,1,0.36363663971875,0.36319339,0.023142318511282626,0.31985431774999995,0.41061319549999997,0.09075887775000002,0.06364132758784084,0.027855751130472714,-0.5514424797499999,0.62819748075,NA,NA,NA,NA,Mane,DHS 2010,2010,High,High (20-50%),36.4%,[32.0%–41.1%],6%
Pooled,BFA,125,1,0.168608966959625,0.15112819,0.0865843263085542,0.050004787825,0.3766591907499992,0.3266544029249992,0.5135214803213143,-0.13884424160715275,-0.83203611375,0.49036084149999937,NA,NA,NA,NA,Namissiguima,DHS 2010,2010,Low,Moderate (5-20%),16.9%,[5.0%–37.7%],51%
Pooled,BFA,126,1,0.709462575285,0.70989466,0.02030222011553405,0.66863592475,0.74764320625,0.07900728150000003,0.02861633696094314,0.059703276338456,-0.5772904492500001,0.7348057644999999,NA,NA,NA,NA,Pensa,DHS 2010,2010,High,Very high (≥50%),70.9%,[66.9%–74.8%],3%
Pooled,BFA,127,1,0.119426427742375,0.11177412,0.046495144881251636,0.051696280500000004,0.23011753374999996,0.17842125324999997,0.3893204021939793,-0.02692005103501605,-0.654740737,0.5727712359999998,NA,NA,NA,NA,Pibaore,DHS 2010,2010,Low,Moderate (5-20%),11.9%,[5.2%–23.0%],39%
Pooled,BFA,128,1,0.146714534955,0.146009625,0.012670617149456763,0.12325855375,0.1731267395,0.04986818574999999,0.08636238497666963,0.05180483690532337,-0.54687423825,0.6673256177499997,NA,NA,NA,NA,Pissila,DHS 2010,2010,High,Moderate (5-20%),14.7%,[12.3%–17.3%],9%
Pooled,BFA,129,1,0.2752065381605,0.264590455,0.0962070500148173,0.117893801,0.48733658249999984,0.3694427814999998,0.3495812659752637,0.0372913439207935,-0.61981631425000006,0.7017581172499996,NA,NA,NA,NA,Ziga,DHS 2010,2010,Low,High (20-50%),27.5%,[11.8%–48.7%],35%
Pooled,BFA,130,1,0.3349464322115,0.32510358500000003,0.10644858393381115,0.1543059855,0.5662314677499999,0.4119254822499999,0.31780778565390067,0.22588613979266237,-0.4543945294999999,0.9529038145,NA,NA,NA,NA,Bingo,DHS 2010,2010,Medium,High (20-50%),33.5%,[15.4%–56.6%],32%
Pooled,BFA,131,1,0.213578474798,0.187350395,0.12451125914772841,0.047428029200000006,0.5207751732499997,0.47334714404999967,0.58297662845232745,0.40391141707509565,-0.21441975024999999,1.1405356525,NA,NA,NA,NA,Imasgho,DHS 2010,2010,Low,High (20-50%),21.4%,[4.7%–52.1%],58%
Pooled,BFA,132,1,0.63871517044875,0.6391237750000001,0.022475842590929256,0.59366316775,0.6826087085,0.08894554074999994,0.03518914788752884,0.5551153161298412,-0.0448308295,1.2624221449999997,NA,NA,NA,NA,Kindi,DHS 2010,2010,High,Very high (≥50%),63.9%,[59.4%–68.3%],4%
Pooled,BFA,133,1,0.2036161304085,0.179473395,0.11972738509533434,0.045461689525,0.5028271554999998,0.4573654659749998,0.5880054043613054,0.4693854524347325,-0.10742393324999999,1.1351667024999996,NA,NA,NA,NA,Kokologho,DHS 2010,2010,Low,High (20-50%),20.4%,[4.5%–50.3%],59%
Pooled,BFA,134,1,0.385603832332875,0.37194629,0.16597101994799468,0.112207816,0.73460751325,0.62239969725,0.4304184918077244,0.1587126593100245,-0.432988112,0.7878751909999996,NA,NA,NA,NA,Koudougou,DHS 2010,2010,Low,High (20-50%),38.6%,[11.2%–73.5%],43%
Pooled,BFA,135,1,0.1037112477875625,0.09136841300000001,0.057486527129489054,0.029612715925,0.2504181002499998,0.22080538432499977,0.5542940457841361,0.24628956248202064,-0.40351022449999996,0.9568852104999997,NA,NA,NA,NA,Nandiala,DHS 2010,2010,Low,Moderate (5-20%),10.4%,[3.0%–25.0%],55%
Pooled,BFA,136,1,0.20370439678725,0.19258831999999998,0.07972794191513664,0.08383056245,0.38746523324999993,0.30363467079999995,0.39139038318551833,0.13963071786971737,-0.45254208625,0.7488369489999999,NA,NA,NA,NA,Nanoro,DHS 2010,2010,Low,High (20-50%),20.4%,[8.4%–38.7%],39%
Pooled,BFA,137,1,0.086546955038125,0.0781517395,0.04278948961741843,0.028655746050000003,0.194382032,0.16572628595,0.4944077997726105,0.24485793512096374,-0.38591085075,0.93427320375,NA,NA,NA,NA,Pella,DHS 2010,2010,Low,Moderate (5-20%),8.7%,[2.9%–19.4%],49%
Pooled,BFA,138,1,0.387088269106,0.37153808,0.164758294522782,0.11531466300000001,0.7305233285,0.6152086655,0.4256349460119255,0.23174004271729626,-0.406796178,0.9053405387499996,NA,NA,NA,NA,Poa,DHS 2010,2010,Low,High (20-50%),38.7%,[11.5%–73.1%],43%
Pooled,BFA,139,1,0.17619481915395,0.14977780000000002,0.11143027552609225,0.037070574875,0.45934342699999975,0.42227285212499976,0.6324265154966344,0.1879245058383416,-0.468427121,0.8791194194999998,NA,NA,NA,NA,Ramongo,DHS 2010,2010,Low,Moderate (5-20%),17.6%,[3.7%–45.9%],63%
Pooled,BFA,140,1,0.37816806249525,0.364509425,0.16387277508508738,0.10784373950000001,0.7249679424999997,0.6171242029999997,0.43333319583841307,0.10026135416380212,-0.461315822,0.6575582847499987,NA,NA,NA,NA,Sabou,DHS 2010,2010,Low,High (20-50%),37.8%,[10.8%–72.5%],43%
Pooled,BFA,141,1,0.1201525432795,0.108869345,0.05882781039229132,0.039383873475,0.26393410124999994,0.22455022777499994,0.4896093647842768,0.45266358434369036,-0.10137430524999999,1.1237138774999997,NA,NA,NA,NA,Sigle,DHS 2010,2010,Low,Moderate (5-20%),12.0%,[3.9%–26.4%],49%
Pooled,BFA,142,1,0.55304753675375,0.5532257899999999,0.02448743053389108,0.50492264925,0.6008961800000001,0.09597353075000015,0.044277261729843594,0.39118445684748127,-0.183041402,1.0635361324999995,NA,NA,NA,NA,Soaw,DHS 2010,2010,High,Very high (≥50%),55.3%,[50.5%–60.1%],4%
Pooled,BFA,143,1,0.200973933045625,0.175899275,0.1198329055058935,0.044387416925,0.49858523299999996,0.454197816075,0.5962609363806852,0.07326643469361037,-0.591621052,0.7381031845,NA,NA,NA,NA,Sourgou,DHS 2010,2010,Low,High (20-50%),20.1%,[4.4%–49.9%],60%
Pooled,BFA,144,1,0.48025538740125,0.479331415,0.05147156259021817,0.38192497675,0.5816832485,0.19975827175,0.10717539863267384,0.169871586804285,-0.43426547449999997,0.7955337039999998,NA,NA,NA,NA,Thyou,DHS 2010,2010,High,High (20-50%),48.0%,[38.2%–58.2%],11%
Pooled,BFA,145,1,0.11407753989775,0.10645156,0.044878376442891686,0.04843334842500001,0.22158950325,0.17315615482499996,0.3934023865093609,0.43986733217167323,-0.154122114,1.1489110549999997,NA,NA,NA,NA,Dassa,DHS 2010,2010,Low,Moderate (5-20%),11.4%,[4.8%–22.2%],39%
Pooled,BFA,146,1,0.394363293007875,0.37890275500000004,0.169556411989714,0.11396675,0.7474750725,0.6335083225,0.4299497823351631,0.21873528574430376,-0.352062147,0.8381538492499981,NA,NA,NA,NA,Didyr,DHS 2010,2010,Low,High (20-50%),39.4%,[11.4%–74.7%],43%
Pooled,BFA,147,1,0.1710345212140125,0.14522130500000002,0.10956764572010201,0.03444101245,0.44993716749999974,0.4154961550499997,0.6406171394077921,0.10786381101177728,-0.55450394125,0.7851054452499996,NA,NA,NA,NA,Godyr,DHS 2010,2010,Low,Moderate (5-20%),17.1%,[3.4%–45.0%],64%
Pooled,BFA,148,1,0.044482429892125,0.043366622,0.010827255067441846,0.026851217375,0.06886842287499997,0.042017205499999974,0.24340520726271433,0.12687803255365088,-0.4421609957499999,0.7176190717499998,NA,NA,NA,NA,Kordie,DHS 2010,2010,Medium,Low (1-5%),4.4%,[2.7%–6.9%],24%
Pooled,BFA,149,1,0.020895223426825,0.020219937,0.005926599519945623,0.011561443425,0.034758427499999994,0.023196984074999996,0.2836341779594056,0.0066097634987027495,-0.6593851669999999,0.6594106309999997,NA,NA,NA,NA,Kyon,DHS 2010,2010,Medium,Low (1-5%),2.1%,[1.2%–3.5%],28%
Pooled,BFA,150,1,0.41053385792,0.40974264000000005,0.043565216281089184,0.32674602125,0.4969407885,0.17019476725,0.10611844904051411,0.1556420562928725,-0.452521277,0.7970159254999999,NA,NA,NA,NA,Pouni,DHS 2010,2010,High,High (20-50%),41.1%,[32.7%–49.7%],11%
Pooled,BFA,151,1,0.30639199099375,0.30524494999999996,0.032851901852179836,0.244934171,0.37348913125,0.12855496025,0.10722180349958944,0.23291596567809075,-0.33629597075,0.8386573209999998,NA,NA,NA,NA,Réo,DHS 2010,2010,High,High (20-50%),30.6%,[24.5%–37.3%],11%
Pooled,BFA,152,1,0.17671682257375,0.175739745,0.01852921761061084,0.14245293375,0.21567700249999996,0.07322406874999995,0.10485259603894226,0.11299069761975375,-0.41749451824999995,0.6631634914999998,NA,NA,NA,NA,Tenado,DHS 2010,2010,High,Moderate (5-20%),17.7%,[14.2%–21.6%],10%
Pooled,BFA,153,1,0.48938677440875,0.48919021500000004,0.06055155219280433,0.37082809675,0.6057770197499999,0.23494892299999987,0.12372944133187776,0.032750592423258125,-0.5684656794999999,0.6213785409999999,NA,NA,NA,NA,Zamo,DHS 2010,2010,High,High (20-50%),48.9%,[37.1%–60.6%],12%
Pooled,BFA,154,1,0.3535951318875,0.35353495,0.024951717383675347,0.30563579199999996,0.40344239225,0.09780660025000004,0.07056578310476852,0.192735282830951,-0.37814759649999996,0.7880632555,NA,NA,NA,NA,Zawara,DHS 2010,2010,High,High (20-50%),35.4%,[30.6%–40.3%],7%
Pooled,BFA,155,1,0.47592166019625,0.475717815,0.06930723386399369,0.34447698350000006,0.61373203425,0.26925505074999995,0.14562739976031835,0.20748133850108408,-0.3135238325,0.8150443917499999,NA,NA,NA,NA,Bieha,DHS 2010,2010,High,High (20-50%),47.6%,[34.4%–61.4%],15%
Pooled,BFA,156,1,0.26050327493725,0.23387994,0.1413023091859316,0.060046410325,0.5881585557499996,0.5281121454249996,0.5424204713739913,0.18155519541717416,-0.3347438119999999,0.7238596757499998,NA,NA,NA,NA,Boura,DHS 2010,2010,Low,High (20-50%),26.1%,[6.0%–58.8%],54%
Pooled,BFA,157,1,0.373972409640625,0.366665445,0.10849992297809788,0.1851589615,0.6043116674999999,0.4191527059999999,0.2901281489785909,0.27506194660302785,-0.2544013685,0.8638884862499999,NA,NA,NA,NA,Leo,DHS 2010,2010,Medium,High (20-50%),37.4%,[18.5%–60.4%],29%
Pooled,BFA,158,1,0.1405972153505,0.12376687,0.07954359185398086,0.0351366672,0.3352516424999998,0.30011497529999975,0.5657551015906233,0.18368956416905388,-0.43625994174999994,0.8401145277499995,NA,NA,NA,NA,Nebielianayou,DHS 2010,2010,Low,Moderate (5-20%),14.1%,[3.5%–33.5%],57%
Pooled,BFA,159,1,0.286608449394,0.27880532999999996,0.08351503323698653,0.14315804225,0.4685671312499998,0.3254090889999998,0.29139068793529743,0.0185873133863455,-0.57412504075,0.606656407,NA,NA,NA,NA,Niabouri,DHS 2010,2010,Medium,High (20-50%),28.7%,[14.3%–46.9%],29%
Pooled,BFA,160,1,0.16827248520625,0.167750285,0.013822810517716295,0.14266241550000003,0.19636309524999998,0.05370067974999995,0.08214539947379874,0.3577288121464815,-0.15257878599999997,0.9427932614999998,NA,NA,NA,NA,Silly,DHS 2010,2010,High,Moderate (5-20%),16.8%,[14.3%–19.6%],8%
Pooled,BFA,161,1,0.55140378781375,0.551846615,0.02440724024798586,0.502860274,0.5983417882500001,0.09548151425000007,0.044263824056700166,0.18164192215531724,-0.34031839924999996,0.7416403252499999,NA,NA,NA,NA,Tô,DHS 2010,2010,High,Very high (≥50%),55.1%,[50.3%–59.8%],4%
Pooled,BFA,162,1,0.159242353452,0.15415899,0.04364982293371385,0.08824243105,0.25548273199999993,0.16724030094999992,0.2741093810000183,0.27671104698340127,-0.29389126725,0.9299910679999998,NA,NA,NA,NA,Bakata,DHS 2010,2010,Medium,Moderate (5-20%),15.9%,[8.8%–25.5%],27%
Pooled,BFA,163,1,0.36299098114875,0.359612355,0.06431969807572563,0.24502130525000002,0.4961285935,0.25110728824999995,0.17719365333037868,0.1887598528006345,-0.45501237549999995,0.8696278649999999,NA,NA,NA,NA,Bougnounou,DHS 2010,2010,Medium,High (20-50%),36.3%,[24.5%–49.6%],18%
Pooled,BFA,164,1,0.171297225113375,0.16281285,0.057526649540121044,0.08222102895,0.30355284099999996,0.22133181204999997,0.3358294304069805,0.389626357265895,-0.16465698925,1.039774765,NA,NA,NA,NA,Cassou,DHS 2010,2010,Low,Moderate (5-20%),17.1%,[8.2%–30.4%],34%
Pooled,BFA,165,1,0.29517093759,0.29047167500000004,0.07127207171680679,0.16936721675,0.44632834325,0.2769611265,0.24146032905111248,0.193697702518092,-0.485421646,0.9357004569999994,NA,NA,NA,NA,Dalo,DHS 2010,2010,Medium,High (20-50%),29.5%,[16.9%–44.6%],24%
Pooled,BFA,166,1,0.37318545666625,0.370470605,0.0654250602630021,0.25315039825,0.5090405159999999,0.25589011774999987,0.17531513914679028,0.19126680173569124,-0.46301048,0.8873011919999995,NA,NA,NA,NA,Gao,DHS 2010,2010,Medium,High (20-50%),37.3%,[25.3%–50.9%],18%
Pooled,BFA,167,1,0.39612285173625,0.395766555,0.03595235954859602,0.32705202474999995,0.4681197845,0.14106775975000008,0.09076062991825105,-0.014740289450805875,-0.5638602122499999,0.5014197282499998,NA,NA,NA,NA,Sapouy,DHS 2010,2010,High,High (20-50%),39.6%,[32.7%–46.8%],9%
Pooled,BFA,168,1,0.176281964406625,0.17386664000000002,0.03089199482326461,0.12264225725000001,0.2423807525,0.11973849524999998,0.17524194790572478,0.14011704545139614,-0.4187893665,0.7246132119999995,NA,NA,NA,NA,Doulougou,DHS 2010,2010,Medium,Moderate (5-20%),17.6%,[12.3%–24.2%],18%
Pooled,BFA,169,1,0.167959783574375,0.164295955,0.03779834151490669,0.10358974074999999,0.25288499475,0.149295254,0.22504399988208515,-0.0399979855008064,-0.58877481125,0.4934661524999991,NA,NA,NA,NA,Gaongo,DHS 2010,2010,Medium,Moderate (5-20%),16.8%,[10.4%–25.3%],23%
Pooled,BFA,170,1,0.1600557710075,0.15914214,0.018226578195046358,0.126383601,0.19757475524999998,0.07119115424999997,0.11387641995234453,0.10083305674855325,-0.6011872854999999,0.8311597102499999,NA,NA,NA,NA,Ipelce,DHS 2010,2010,High,Moderate (5-20%),16.0%,[12.6%–19.8%],11%
Pooled,BFA,171,1,0.3028424667825,0.29775682,0.07027682327952775,0.18044265375,0.44972211424999997,0.26927946049999996,0.23205735980878875,0.178192033603156,-0.372142094,0.755313771499999,NA,NA,NA,NA,Kayao,DHS 2010,2010,Medium,High (20-50%),30.3%,[18.0%–45.0%],23%
Pooled,BFA,172,1,0.34139826483625,0.341165445,0.035234613398129,0.27362064175,0.41108116125,0.1374605195,0.1032067735172266,-0.06309056293479487,-0.66459112075,0.512432373,NA,NA,NA,NA,Kombissiri,DHS 2010,2010,High,High (20-50%),34.1%,[27.4%–41.1%],10%
Pooled,BFA,173,1,0.092135708316875,0.09178654550000001,0.008362033542487081,0.07696673645,0.10929757324999997,0.03233083679999997,0.09075779299083701,0.12481275798645675,-0.40440010675,0.6775391769999999,NA,NA,NA,NA,Sapone,DHS 2010,2010,High,Moderate (5-20%),9.2%,[7.7%–10.9%],9%
Pooled,BFA,174,1,0.1493307015079625,0.125128,0.09812463732104967,0.029465879800000004,0.3990202247499998,0.36955434494999984,0.657096205469962,0.22053899583411626,-0.34269413025,0.8635030927499997,NA,NA,NA,NA,Toece,DHS 2010,2010,Low,Moderate (5-20%),14.9%,[2.9%–39.9%],66%
Pooled,BFA,175,1,0.124140034817,0.11796028,0.04213578467572894,0.060584120125,0.2228957945,0.162311674375,0.3394214021112774,-0.19083605970454712,-0.78549810775,0.348706432,NA,NA,NA,NA,Guiaro,DHS 2010,2010,Low,Moderate (5-20%),12.4%,[6.1%–22.3%],34%
Pooled,BFA,176,1,0.1703081062127,0.14339143,0.11001041027788598,0.033322076525,0.4469656899999999,0.4136436134749999,0.6459493486498672,-0.15837882107599363,-0.70666920275,0.3448672124999996,NA,NA,NA,NA,Pô,DHS 2010,2010,Low,Moderate (5-20%),17.0%,[3.3%–44.7%],65%
Pooled,BFA,177,1,0.185320009582125,0.15819133,0.11831009428713107,0.035825033275,0.48599135349999983,0.4501663202249998,0.6384097138452913,0.028228660190536877,-0.51002275775000006,0.5748497329999998,NA,NA,NA,NA,Tiébélé,DHS 2010,2010,Low,Moderate (5-20%),18.5%,[3.6%–48.6%],64%
Pooled,BFA,178,1,0.1661284458375,0.16568661,0.013368509519206711,0.14066188000000002,0.193394305,0.05273242499999997,0.08047092387948561,-0.070232728105135,-0.70676977,0.5616658647499999,NA,NA,NA,NA,Zecco,DHS 2010,2010,High,Moderate (5-20%),16.6%,[14.1%–19.3%],8%
Pooled,BFA,179,1,0.10135584167575,0.101016635,0.008891915565434866,0.08487848782499999,0.1191899905,0.03431150267500001,0.08772968008969048,-0.133645363400624,-0.74318432725,0.44095196324999963,NA,NA,NA,NA,Ziou,DHS 2010,2010,High,Moderate (5-20%),10.1%,[8.5%–11.9%],9%
Pooled,BFA,180,1,0.084029202807125,0.0837052095,0.007620428086679657,0.0700082887,0.10003291599999999,0.03002462729999998,0.09068785412817823,0.043930630143561626,-0.5651366234999999,0.6552097274999996,NA,NA,NA,NA,Bere,DHS 2010,2010,High,Moderate (5-20%),8.4%,[7.0%–10.0%],9%
Pooled,BFA,181,1,0.156742833453875,0.150828555,0.045382392112293696,0.08342469475,0.25841678875,0.17499209400000001,0.2895340802018132,0.1060669883988685,-0.4535534005,0.7034127634999991,NA,NA,NA,NA,Binde,DHS 2010,2010,Medium,Moderate (5-20%),15.7%,[8.3%–25.8%],29%
Pooled,BFA,182,1,0.060095391310325,0.0450626285,0.05275707512230779,0.008710349700000002,0.19726499574999984,0.18855464604999983,0.8778888692125645,0.1585900316561321,-0.4040918565,0.7871252307499998,NA,NA,NA,NA,Gogo,DHS 2010,2010,Low,Moderate (5-20%),6.0%,[0.9%–19.7%],88%
Pooled,BFA,183,1,0.03456511817573125,0.021967812,0.03823472553659573,0.00284080795,0.14048196149999986,0.13764115354999987,1.1061650459925514,-0.04452341546986,-0.5984653335,0.47681361074999995,NA,NA,NA,NA,Gomboussougou,DHS 2010,2010,Low,Low (1-5%),3.5%,[0.3%–14.0%],111%
Pooled,BFA,184,1,0.1335311717822125,0.11043685,0.0903718904085916,0.025241163675,0.36911442175000003,0.343873258075,0.6767849723957108,-0.027467237721868876,-0.62091733875,0.5642861349999998,NA,NA,NA,NA,Guiba,DHS 2010,2010,Low,Moderate (5-20%),13.4%,[2.5%–36.9%],68%
Pooled,BFA,185,1,0.140421892836375,0.13188045,0.05371426839186594,0.06059761222500001,0.26922601974999966,0.20862840752499964,0.38252061204199744,0.040851781662566325,-0.564674466,0.6647417042499998,NA,NA,NA,NA,Manga,DHS 2010,2010,Low,Moderate (5-20%),14.0%,[6.1%–26.9%],38%
Pooled,BFA,186,1,0.211006052363625,0.20262875000000002,0.06869783032335856,0.09940657407499999,0.3660029502499999,0.2665963761749999,0.32557279544272105,-0.04889639356548875,-0.5987704697499999,0.4802733547499998,NA,NA,NA,NA,Nobere,DHS 2010,2010,Medium,High (20-50%),21.1%,[9.9%–36.6%],33%
Pooled,BFA,187,1,0.2779258369655,0.253538535,0.14736375092868007,0.066199741825,0.62204108225,0.555841340425,0.5302268854801466,0.13543676965878623,-0.39837881325,0.7046372029999995,NA,NA,NA,NA,Bilanga,DHS 2010,2010,Low,High (20-50%),27.8%,[6.6%–62.2%],53%
Pooled,BFA,188,1,0.22541745578,0.19797857000000002,0.12957179929457985,0.048569038925,0.5403889709999998,0.49181993207499985,0.5748081879738615,0.12935757153709876,-0.41778119625,0.7332552672499999,NA,NA,NA,NA,Bogandé,DHS 2010,2010,Low,High (20-50%),22.5%,[4.9%–54.0%],57%
Pooled,BFA,189,1,0.39189075978375,0.38996512,0.05637186444936284,0.28623089749999997,0.5059265255,0.21969562799999998,0.14384586276152445,0.062844137781646,-0.5661145877500001,0.7345037007499996,NA,NA,NA,NA,Koalla,DHS 2010,2010,High,High (20-50%),39.2%,[28.6%–50.6%],14%
Pooled,BFA,190,1,0.047864716883375,0.0467937455,0.010619189968705206,0.029917989574999998,0.07116256839999999,0.04124457882499999,0.22185840970457305,-0.014684948808720625,-0.629461636,0.6067487492499999,NA,NA,NA,NA,Liptougou,DHS 2010,2010,Medium,Low (1-5%),4.8%,[3.0%–7.1%],22%
Pooled,BFA,191,1,0.306712987276875,0.29753185000000004,0.10210084321449729,0.133442174,0.53269062,0.399248446,0.3328872511105281,0.35369363648036034,-0.23743254249999995,1.0520457824999998,NA,NA,NA,NA,Mani,DHS 2010,2010,Low,High (20-50%),30.7%,[13.3%–53.3%],33%
Pooled,BFA,192,1,0.1783818743945,0.1475401,0.12322897508100593,0.0294305204,0.49627726224999996,0.46684674184999997,0.6908155635167236,0.19471753575328113,-0.40828947699999996,0.8401673184999999,NA,NA,NA,NA,Piéla,DHS 2010,2010,Low,Moderate (5-20%),17.8%,[2.9%–49.6%],69%
Pooled,BFA,193,1,0.2475860964605625,0.2172761,0.15116178343714737,0.045839664050000006,0.6152777534999999,0.56943808945,0.6105422945719636,0.20121141765242273,-0.41789156175,0.89648929275,NA,NA,NA,NA,Thion,DHS 2010,2010,Low,High (20-50%),24.8%,[4.6%–61.5%],61%
Pooled,BFA,194,1,0.2392392619888625,0.21237536499999998,0.13453395454404737,0.054622488675000004,0.56276352475,0.508141036075,0.562340618448783,-0.06779765142218125,-0.693726669,0.5183042209999996,NA,NA,NA,NA,Diabo,DHS 2010,2010,Low,High (20-50%),23.9%,[5.5%–56.3%],56%
Pooled,BFA,195,1,0.38850880615,0.386304705,0.07172715687284585,0.25624741349999997,0.5319981229999999,0.27575070949999997,0.18462170158673982,-0.02677547531064875,-0.66042875425,0.60397985125,NA,NA,NA,NA,Diapangou,DHS 2010,2010,Medium,High (20-50%),38.9%,[25.6%–53.2%],18%
Pooled,BFA,196,1,0.08150994406725,0.0770027495,0.03003626514600571,0.0372067442,0.15392829924999998,0.11672155504999998,0.36849816902369864,-0.06324437478184337,-0.6275197072500001,0.4940559114999997,NA,NA,NA,NA,Fada N'gourma,DHS 2010,2010,Low,Moderate (5-20%),8.2%,[3.7%–15.4%],37%
Pooled,BFA,197,1,0.223984669955,0.22188624499999998,0.040204098160941865,0.1514571765,0.30694426825,0.15548709174999997,0.17949486529153597,-0.19249761495383774,-0.8432037324999999,0.41894888024999943,NA,NA,NA,NA,Matiacoali,DHS 2010,2010,Medium,High (20-50%),22.4%,[15.1%–30.7%],18%
Pooled,BFA,198,1,0.1841447320067375,0.15641218499999998,0.11635047268251812,0.0375080766,0.4836138252499997,0.4461057486499997,0.6318425263355407,0.18632347777053876,-0.35570350224999997,0.8053357502499995,NA,NA,NA,NA,Tibga,DHS 2010,2010,Low,Moderate (5-20%),18.4%,[3.8%–48.4%],63%
Pooled,BFA,199,1,0.268353576566375,0.241601235,0.1504851969314054,0.05566842567500001,0.62363734325,0.567968917575,0.5607720935077016,-0.10178837181257774,-0.7097038232499999,0.4576695369999993,NA,NA,NA,NA,Yamba,DHS 2010,2010,Low,High (20-50%),26.8%,[5.6%–62.4%],56%
Pooled,BFA,200,1,0.106512493983375,0.106254895,0.009379384541772631,0.088742746975,0.12543424224999997,0.03669149527499997,0.08805900783091805,-0.3154078362017369,-1.010383355,0.3069377147499987,NA,NA,NA,NA,Bartiébougou,DHS 2010,2010,High,Moderate (5-20%),10.7%,[8.9%–12.5%],9%
Pooled,BFA,201,1,0.29699766835775,0.27120115,0.15548273908554375,0.068972006375,0.64558995825,0.576617951875,0.5235150159436817,-0.1801474068052719,-0.927010675,0.5106381942499997,NA,NA,NA,NA,Foutouri,DHS 2010,2010,Low,High (20-50%),29.7%,[6.9%–64.6%],52%
Pooled,BFA,202,1,0.18686882861975,0.18217027,0.04764025538836079,0.10790775425,0.29248910575,0.1845813515,0.2549395516643472,-0.233939124910301,-0.8829273870000001,0.3509299509999999,NA,NA,NA,NA,Gayéri,DHS 2010,2010,Medium,Moderate (5-20%),18.7%,[10.8%–29.2%],25%
Pooled,BFA,203,1,0.20137147901375,0.19883461,0.04060241285149724,0.12960569025,0.28713261199999995,0.15752692174999997,0.20162941172381635,-0.11351234481145275,-0.9420680910000001,0.6915835529999999,NA,NA,NA,NA,Kompienga,DHS 2010,2010,Medium,High (20-50%),20.1%,[13.0%–28.7%],20%
Pooled,BFA,204,1,0.266269308814,0.25185675,0.10907676401316857,0.09558640460000002,0.5139138144999997,0.4183274098999997,0.40964827865070674,-0.17414313878651005,-1.0374676375,0.6442185774999998,NA,NA,NA,NA,Madjoari,DHS 2010,2010,Low,High (20-50%),26.6%,[9.6%–51.4%],41%
Pooled,BFA,205,1,0.266630456035125,0.25845808000000003,0.08176545623507513,0.12978906525000003,0.449177907,0.31938884174999993,0.30666210248803544,-0.2768227103581246,-0.9415610964999999,0.32373778949999976,NA,NA,NA,NA,Pama,DHS 2010,2010,Medium,High (20-50%),26.7%,[13.0%–44.9%],31%
Pooled,BFA,206,1,0.20787642223675,0.181694735,0.12386781004860759,0.04568210950000001,0.5149502612499999,0.46926815174999986,0.5958723395168636,-0.28546320753478627,-1.0754946099999998,0.43459230624999967,NA,NA,NA,NA,Botou,DHS 2010,2010,Low,High (20-50%),20.8%,[4.6%–51.5%],60%
Pooled,BFA,207,1,0.201041969185375,0.196220895,0.05226665110792625,0.113811412,0.31480031275,0.20098890074999998,0.2599788060160348,-0.2820840208527666,-1.0074771450000002,0.36186246575,NA,NA,NA,NA,Diapaga,DHS 2010,2010,Medium,High (20-50%),20.1%,[11.4%–31.5%],26%
Pooled,BFA,208,1,0.49443017788375,0.494564715,0.024883884510921973,0.445071899,0.5435289745,0.09845707550000005,0.0503284095995707,-0.30711474703396274,-1.0245662375,0.35736248749999994,NA,NA,NA,NA,Kantchari,DHS 2010,2010,High,High (20-50%),49.4%,[44.5%–54.4%],5%
Pooled,BFA,209,1,0.2363137367695,0.22400312,0.08744066084896815,0.0989348729,0.44172163449999985,0.3427867615999999,0.37001937358494574,-0.18390441168865332,-0.9109557495,0.5293460052499998,NA,NA,NA,NA,Logobou,DHS 2010,2010,Low,High (20-50%),23.6%,[9.9%–44.2%],37%
Pooled,BFA,210,1,0.1679024372,0.167528865,0.014225566034166578,0.14101484,0.19710990999999997,0.05609506999999997,0.08472519083937739,-0.1874433544994326,-1.07220795,0.6504686457499996,NA,NA,NA,NA,Namounou,DHS 2010,2010,High,Moderate (5-20%),16.8%,[14.1%–19.7%],8%
Pooled,BFA,211,1,0.34914769794625,0.34834821,0.04538464724632958,0.26453184724999995,0.44102130724999994,0.17648946,0.1299869582795198,-0.21818906918586461,-0.8976924994999999,0.4291089787499999,NA,NA,NA,NA,Partiaga,DHS 2010,2010,High,High (20-50%),34.9%,[26.5%–44.1%],13%
Pooled,BFA,212,1,0.250762372716625,0.226235835,0.13289685130456166,0.061162178974999995,0.5642607129999998,0.5030985340249998,0.5299712626931564,-0.16102488218984656,-0.85205699925,0.4973789562499997,NA,NA,NA,NA,Tambaga,DHS 2010,2010,Low,High (20-50%),25.1%,[6.1%–56.4%],53%
Pooled,BFA,213,1,0.4468758392,0.44705154,0.02431985061643074,0.39898312950000003,0.495077601,0.09609447149999994,0.054421941136867664,-0.20006593928675837,-0.9727755942499999,0.53612530875,NA,NA,NA,NA,Tansarga,DHS 2010,2010,High,High (20-50%),44.7%,[39.9%–49.5%],5%
Pooled,BFA,214,1,0.24707616670025,0.22170263,0.1347694058831997,0.0561937962,0.57387856325,0.51768476705,0.5454569240047358,-0.17922685892079362,-0.76498537225,0.366033440249999,NA,NA,NA,NA,Bama,DHS 2010,2010,Low,High (20-50%),24.7%,[5.6%–57.4%],55%
Pooled,BFA,215,1,0.243033487595,0.242226835,0.023186382568516944,0.19951784675,0.29102542299999995,0.09150757624999994,0.09540406467422954,-0.3428183932350236,-0.9996932022499999,0.23411100624999995,NA,NA,NA,NA,Bobo-Dioulasso,DHS 2010,2010,High,High (20-50%),24.3%,[20.0%–29.1%],10%
Pooled,BFA,216,1,0.2949651652725,0.29450059500000003,0.020689525946577147,0.2562557325,0.33722576049999997,0.08097002799999997,0.07014226892678456,-0.20135230682193875,-0.984107329,0.5188070859999998,NA,NA,NA,NA,Dandé,DHS 2010,2010,High,High (20-50%),29.5%,[25.6%–33.7%],7%
Pooled,BFA,217,1,0.236880696804875,0.232262225,0.05599707453295046,0.14093926325,0.359362642,0.21842337875,0.23639357401534816,-0.22489039332609737,-0.86352779175,0.36588952949999953,NA,NA,NA,NA,Faramana,DHS 2010,2010,Medium,High (20-50%),23.7%,[14.1%–35.9%],24%
Pooled,BFA,218,1,0.13850771288325,0.13130705,0.049668350997389775,0.062019812625000004,0.2523929694999999,0.1903731568749999,0.35859628293231505,-0.0796454108820515,-0.7487418275,0.5662897195,NA,NA,NA,NA,Fo,DHS 2010,2010,Low,Moderate (5-20%),13.9%,[6.2%–25.2%],36%
Pooled,BFA,219,1,0.212901979305125,0.20999026,0.04267967618753567,0.13706043600000004,0.30535057825,0.16829014224999997,0.20046631941532297,-0.25731365560229036,-0.9681232894999999,0.37611213399999993,NA,NA,NA,NA,Karankasso-Sambla,DHS 2010,2010,Medium,High (20-50%),21.3%,[13.7%–30.5%],20%
Pooled,BFA,220,1,0.319225888272625,0.308153365,0.10718802504784837,0.13896416875,0.5514990389999999,0.41253487024999985,0.3357748509303473,0.035598309943797875,-0.5143729949999999,0.6124296797499997,NA,NA,NA,NA,Karankasso-Vigué,DHS 2010,2010,Low,High (20-50%),31.9%,[13.9%–55.1%],34%
Pooled,BFA,221,1,0.268169968438375,0.25605963,0.10501167541186175,0.10310242400000001,0.5019913179999997,0.3988888939999997,0.3915862615913805,-0.13588648444661275,-0.7798011132499999,0.47449749799999985,NA,NA,NA,NA,Koundougou,DHS 2010,2010,Low,High (20-50%),26.8%,[10.3%–50.2%],39%
Pooled,BFA,222,1,0.493619782331625,0.49415707,0.12373502424944002,0.2579550805,0.7349835845,0.477028504,0.2506686901099762,-0.21172360440875626,-0.8536487100000001,0.33916261024999883,NA,NA,NA,NA,Lena,DHS 2010,2010,Medium,High (20-50%),49.4%,[25.8%–73.5%],25%
Pooled,BFA,223,1,0.3822304044525,0.37833854499999997,0.0810043793999237,0.23303589725,0.54682665375,0.31379075649999993,0.21192552569425482,-0.08083117935229225,-0.64193557875,0.49620429,NA,NA,NA,NA,Padéma,DHS 2010,2010,Medium,High (20-50%),38.2%,[23.3%–54.7%],21%
Pooled,BFA,224,1,0.2453140868775,0.219704695,0.13602455341923278,0.058113435,0.57631592775,0.51820249275,0.5544914079359738,-0.10985800165097626,-0.69188322275,0.44070568574999947,NA,NA,NA,NA,Peni,DHS 2010,2010,Low,High (20-50%),24.5%,[5.8%–57.6%],55%
Pooled,BFA,225,1,0.430716514597625,0.426293185,0.132777854032349,0.19096414775,0.7027498472499999,0.5117856994999999,0.308272029356455,-0.09305359335717553,-0.6878519487499999,0.4851313774999999,NA,NA,NA,NA,Satiri,DHS 2010,2010,Medium,High (20-50%),43.1%,[19.1%–70.3%],31%
Pooled,BFA,226,1,0.227619465246125,0.203714315,0.12745190079950816,0.051379914400000004,0.5384999034999999,0.4871199890999999,0.55993410168895,-0.0504827670853735,-0.6790480407499999,0.60875869875,NA,NA,NA,NA,Toussiana,DHS 2010,2010,Low,High (20-50%),22.8%,[5.1%–53.8%],56%
Pooled,BFA,227,1,0.242415842663,0.22894356999999999,0.097614301565505393,0.0914354549,0.46341761124999997,0.37198215635,0.4026729461787123,-0.2881533892043913,-1.1000413875000001,0.4524183452499992,NA,NA,NA,NA,Banzon,DHS 2010,2010,Low,High (20-50%),24.2%,[9.1%–46.3%],40%
Pooled,BFA,228,1,0.174979140368125,0.166188385,0.059688158744690877,0.081040730325,0.31036306824999993,0.22932233792499992,0.3411158531189352,-0.31244168908632014,-1.0544068375,0.3293586377499995,NA,NA,NA,NA,Djigouera,DHS 2010,2010,Low,Moderate (5-20%),17.5%,[8.1%–31.0%],34%
Pooled,BFA,229,1,0.38600233295999997,0.38527241,0.06002638573079769,0.27414027125,0.50796093775,0.23382066649999994,0.15550783144364572,-0.27791683162403,-1.052196005,0.38527435099999985,NA,NA,NA,NA,Kangala,DHS 2010,2010,High,High (20-50%),38.6%,[27.4%–50.8%],16%
Pooled,BFA,230,1,0.2289731553165,0.204137775,0.1268751420665917,0.05379244015,0.5341668182499999,0.4803743780999999,0.5541048770158995,-0.20976332577835824,-0.9669105972500001,0.4642335689999995,NA,NA,NA,NA,Kayan,DHS 2010,2010,Low,High (20-50%),22.9%,[5.4%–53.4%],55%
Pooled,BFA,231,1,0.4069291269175,0.40494227000000005,0.07643231085160566,0.26277669875,0.56056196775,0.297785269,0.1878270828893047,-0.2894596204619094,-1.03998819,0.39210210599999995,NA,NA,NA,NA,Koloko,DHS 2010,2010,Medium,High (20-50%),40.7%,[26.3%–56.1%],19%
Pooled,BFA,232,1,0.240162436369625,0.214235595,0.1305232323104262,0.059061356325,0.55265243675,0.493591080425,0.5434789648350452,-0.5699033425043175,-1.3609054225,0.06637364999999984,NA,NA,NA,NA,Kourinion,DHS 2010,2010,Low,High (20-50%),24.0%,[5.9%–55.3%],54%
Pooled,BFA,233,1,0.39022174851625,0.388431185,0.07367525268892189,0.253314854,0.5393459555,0.2860311015,0.18880355328491852,-0.28955295565969236,-0.953146893,0.3189486417499997,NA,NA,NA,NA,Kourouma,DHS 2010,2010,Medium,High (20-50%),39.0%,[25.3%–53.9%],19%
Pooled,BFA,234,1,0.20866529465895,0.182329285,0.12285342763412214,0.046150035325000005,0.5108332777499999,0.46468324242499986,0.5887583166856671,-0.30045705135148376,-1.15278959,0.44878774025,NA,NA,NA,NA,Morolaba,DHS 2010,2010,Low,High (20-50%),20.9%,[4.6%–51.1%],59%
Pooled,BFA,235,1,0.109825529938875,0.10693502499999999,0.02645727660494793,0.0658511501,0.1694389112499999,0.1035877611499999,0.2409027902681017,-0.46031993795146126,-1.2353989499999998,0.19852118724999993,NA,NA,NA,NA,N'dorola,DHS 2010,2010,Medium,Moderate (5-20%),11.0%,[6.6%–16.9%],24%
Pooled,BFA,236,1,0.1449313172925,0.144678,0.012153425651277774,0.12219743075,0.16975989225,0.047562461499999986,0.0838564492362252,-0.36790833313201726,-1.1611525475000002,0.3296240744999997,NA,NA,NA,NA,Orodara,DHS 2010,2010,High,Moderate (5-20%),14.5%,[12.2%–17.0%],8%
Pooled,BFA,237,1,0.509134359355,0.50914685,0.0243499197427757,0.46108551300000006,0.556492385,0.09540687199999992,0.047826117596195136,-0.346202349651175,-1.1354168175000001,0.34021819524999986,NA,NA,NA,NA,Samogohiri,DHS 2010,2010,High,Very high (≥50%),50.9%,[46.1%–55.6%],5%
Pooled,BFA,238,1,0.097013632569625,0.092253378,0.03442162624094895,0.043899292275,0.17562488624999997,0.13172559397499997,0.354812260186682,-0.3699330748452035,-1.0364040025,0.20746278599999993,NA,NA,NA,NA,Samorogouan,DHS 2010,2010,Low,Moderate (5-20%),9.7%,[4.4%–17.6%],35%
Pooled,BFA,239,1,0.2731513824025,0.26788365000000003,0.06652040962809223,0.1584024715,0.41839344799999995,0.2599909764999999,0.24352946356343763,-0.20540148801348082,-0.9680221880000001,0.48467011925,NA,NA,NA,NA,Sindo,DHS 2010,2010,Medium,High (20-50%),27.3%,[15.8%–41.8%],24%
Pooled,BFA,240,1,0.185407977291175,0.160998615,0.11184979939020159,0.040237979175,0.46801205699999965,0.42777407782499965,0.603263144468409,-0.16124866188055836,-0.7946585974999999,0.43444073775000003,NA,NA,NA,NA,Bekuy,DHS 2010,2010,Low,Moderate (5-20%),18.5%,[4.0%–46.8%],60%
Pooled,BFA,241,1,0.152770181938125,0.145242065,0.0538579392068506,0.06931394885,0.2768294424999999,0.2075154936499999,0.35254222076310776,-0.06063182935220088,-0.6848454310000001,0.5480521672499998,NA,NA,NA,NA,Bereba,DHS 2010,2010,Low,Moderate (5-20%),15.3%,[6.9%–27.7%],35%
Pooled,BFA,242,1,0.2994735043275,0.29897783499999997,0.02047408824371977,0.26073664874999997,0.34110806375,0.08037141500000006,0.06836694381259718,0.0012458731012175,-0.6100051929999999,0.6065864714999999,NA,NA,NA,NA,Boni,DHS 2010,2010,High,High (20-50%),29.9%,[26.1%–34.1%],7%
Pooled,BFA,243,1,0.6228145320325,0.62310763,0.02543064516556808,0.5724658754999999,0.67149512025,0.09902924475000008,0.040831810848371536,0.0925123516857675,-0.46230311175,0.6804359834999998,NA,NA,NA,NA,Founzan,DHS 2010,2010,High,Very high (≥50%),62.3%,[57.2%–67.1%],4%
Pooled,BFA,244,1,0.228184309977875,0.201028345,0.12926869649847897,0.05385131270000001,0.5454375604999998,0.4915862477999998,0.5665100133791539,-0.11945917875275237,-0.6755085854999999,0.4013777107499999,NA,NA,NA,NA,Houndé,DHS 2010,2010,Low,High (20-50%),22.8%,[5.4%–54.5%],57%
Pooled,BFA,245,1,0.277961323889,0.27113995,0.08583813591047067,0.13515180550000003,0.4674039985,0.332252193,0.3088132359908781,0.136371538629049,-0.45359094425,0.7372831762499998,NA,NA,NA,NA,Koti,DHS 2010,2010,Medium,High (20-50%),27.8%,[13.5%–46.7%],31%
Pooled,BFA,246,1,0.185525935990125,0.15867873,0.11618954270243118,0.03832625105,0.48896805149999994,0.45064180044999996,0.626271157627339,-0.10382069575229412,-0.67108700825,0.40948518224999997,NA,NA,NA,NA,Koumbia,DHS 2010,2010,Low,Moderate (5-20%),18.6%,[3.8%–48.9%],63%
Pooled,BFA,247,1,0.13836464769775,0.126682925,0.062351912436684795,0.04964891475,0.28549461,0.23584569525,0.4506347067271774,0.02017095720064525,-0.6962945907499999,0.7653119547499999,NA,NA,NA,NA,Banh,DHS 2010,2010,Low,Moderate (5-20%),13.8%,[5.0%–28.5%],45%
Pooled,BFA,248,1,0.2005574726,0.200151105,0.015869419399345924,0.1709137205,0.23275625125,0.061842530749999985,0.07912654259956965,-0.0659579885458105,-0.723427539,0.5621938727499999,NA,NA,NA,NA,Ouindigui,DHS 2010,2010,High,High (20-50%),20.1%,[17.1%–23.3%],8%
Pooled,BFA,249,1,0.3044664374065,0.300832335,0.06546687095255882,0.18937724325000002,0.44274618775,0.2533689445,0.21502163427344384,0.054215807145261766,-0.6946140002499999,0.8377276552499998,NA,NA,NA,NA,Solle,DHS 2010,2010,Medium,High (20-50%),30.4%,[18.9%–44.3%],22%
Pooled,BFA,250,1,0.21277795579825,0.18633228000000002,0.12439253077943765,0.045054948225,0.5196013634999997,0.47454641527499974,0.5846119270803743,-0.0036608196283375,-0.6148259015,0.61325807525,NA,NA,NA,NA,Titao,DHS 2010,2010,Low,High (20-50%),21.3%,[4.5%–52.0%],58%
Pooled,BFA,251,1,0.2673948970125,0.26469404500000004,0.055030922934328645,0.16896400274999998,0.38436531149999975,0.21540130874999977,0.20580393847888612,0.1765290977059414,-0.39407042175,0.8005100752499995,NA,NA,NA,NA,Arbolle,DHS 2010,2010,Medium,High (20-50%),26.7%,[16.9%–38.4%],21%
Pooled,BFA,252,1,0.17914062979165,0.153582405,0.1111469766881922,0.035954954675000005,0.45618640974999997,0.420231455075,0.620445383146537,0.07992536512410625,-0.60622823875,0.7915251782499997,NA,NA,NA,NA,Bagare,DHS 2010,2010,Low,Moderate (5-20%),17.9%,[3.6%–45.6%],62%
Pooled,BFA,253,1,0.185076928407875,0.17039302,0.08307410282130194,0.06395837985000001,0.38118522025,0.3172268404,0.44886255426836413,0.13429557699885533,-0.41452778849999994,0.7350990999999995,NA,NA,NA,NA,Bokin,DHS 2010,2010,Low,Moderate (5-20%),18.5%,[6.4%–38.1%],45%
Pooled,BFA,254,1,0.33182452667125,0.330123125,0.04259410887796357,0.25313164025,0.418861787,0.16573014674999997,0.1283633530807776,0.06920101985132587,-0.52307692175,0.7056123757499994,NA,NA,NA,NA,Gomponsom,DHS 2010,2010,High,High (20-50%),33.2%,[25.3%–41.9%],13%
Pooled,BFA,255,1,0.41923036279,0.41796681,0.06301059833942635,0.30325421575,0.54508558225,0.24183136650000003,0.15030065551571103,0.01915737697476255,-0.6195183815,0.6507532482499997,NA,NA,NA,NA,Kirsi,DHS 2010,2010,High,High (20-50%),41.9%,[30.3%–54.5%],15%
Pooled,BFA,256,1,0.1011951144915,0.097594129,0.029470489243329137,0.053928222899999996,0.16768179074999998,0.11375356784999999,0.2912244271022051,0.0892283319104125,-0.5917365497499999,0.7975132067499995,NA,NA,NA,NA,Lâ-Todin,DHS 2010,2010,Medium,Moderate (5-20%),10.1%,[5.4%–16.8%],29%
Pooled,BFA,257,1,0.2746129518875,0.274069055,0.01964417407495171,0.23700380675000002,0.31396897875,0.076965172,0.07153404069229512,0.04572527346702696,-0.57511466175,0.6709491539999995,NA,NA,NA,NA,Pilimpikou,DHS 2010,2010,High,High (20-50%),27.5%,[23.7%–31.4%],7%
Pooled,BFA,258,1,0.19928566764025,0.17431779,0.1183936315656297,0.0415385644,0.4856092087499998,0.4440706443499998,0.5940900465524375,0.07134465121987463,-0.52699204775,0.6771348632499999,NA,NA,NA,NA,Samba,DHS 2010,2010,Low,Moderate (5-20%),19.9%,[4.2%–48.6%],59%
Pooled,BFA,259,1,0.234245503267875,0.226545775,0.07052113515297027,0.118080593,0.39593478549999994,0.27785419249999993,0.3010565162154885,0.0018923702763199999,-0.6067306735,0.5805800504999995,NA,NA,NA,NA,Yako,DHS 2010,2010,Medium,High (20-50%),23.4%,[11.8%–39.6%],30%
Pooled,BFA,260,1,0.28586925532625,0.28553649999999997,0.02170949947741688,0.24474842725,0.32967294924999996,0.08492452199999995,0.0759420576817216,-0.11211296516642626,-0.760939802,0.5310667349999997,NA,NA,NA,NA,Barga,DHS 2010,2010,High,High (20-50%),28.6%,[24.5%–33.0%],8%
Pooled,BFA,261,1,0.36180237353875,0.35982785500000003,0.049924324134627544,0.26925054400000004,0.462248142,0.19299759799999994,0.13798782922931963,0.0213744646939175,-0.844410004,0.9138367867499998,NA,NA,NA,NA,Kaïn,DHS 2010,2010,High,High (20-50%),36.2%,[26.9%–46.2%],14%
Pooled,BFA,262,1,0.348712677441,0.33676054,0.12811074871783798,0.1358101265,0.6238800927499999,0.4880699662499999,0.3673819651696303,-0.10505124796214345,-0.7097237379999999,0.46723860575,NA,NA,NA,NA,Kalsaka,DHS 2010,2010,Low,High (20-50%),34.9%,[13.6%–62.4%],37%
Pooled,BFA,263,1,0.30860683800875,0.30665432000000004,0.0517457745615052,0.21466299225000002,0.41434592649999996,0.19968293424999994,0.1676753985601513,-0.1117984313473555,-0.7200017714999999,0.46992870400000003,NA,NA,NA,NA,Kossouka,DHS 2010,2010,Medium,High (20-50%),30.9%,[21.5%–41.4%],17%
Pooled,BFA,264,1,0.1984657896087875,0.171755125,0.12466740254849744,0.038115311799999996,0.5110330012499996,0.4729176894499996,0.6281556271951946,-0.00733560959658525,-0.7340936954999999,0.7293587792499997,NA,NA,NA,NA,Koumbri,DHS 2010,2010,Low,Moderate (5-20%),19.8%,[3.8%–51.1%],63%
Pooled,BFA,265,1,0.146797689981125,0.14386631,0.03221427747443117,0.092717262475,0.21703644399999997,0.12431918152499996,0.21944676022199822,-0.17825857438787,-0.80638310375,0.41692279699999957,NA,NA,NA,NA,Namissiguima,DHS 2010,2010,Medium,Moderate (5-20%),14.7%,[9.3%–21.7%],22%
Pooled,BFA,266,1,0.26254847576,0.26192404999999996,0.019275374088640725,0.22663293099999998,0.30107428475,0.07444135375,0.0734164387465752,-0.18049810965035876,-0.82286098725,0.42481706275,NA,NA,NA,NA,Ouahigouya,DHS 2010,2010,High,High (20-50%),26.3%,[22.7%–30.1%],7%
Pooled,BFA,267,1,0.2244440440075,0.22401042999999998,0.017714243095665088,0.1910908905,0.26126143874999996,0.07017054824999996,0.0789249862877767,-0.092993332168581,-0.7237530849999999,0.5230476764999998,NA,NA,NA,NA,Oula,DHS 2010,2010,High,High (20-50%),22.4%,[19.1%–26.1%],8%
Pooled,BFA,268,1,0.34085388709375,0.34020902,0.022881784259507182,0.2963673915,0.38721945125,0.09085205974999999,0.06713077106030971,-0.15667767521642037,-0.7749608330000001,0.40997885424999964,NA,NA,NA,NA,Rambo,DHS 2010,2010,High,High (20-50%),34.1%,[29.6%–38.7%],7%
Pooled,BFA,269,1,0.51022089271125,0.511582975,0.07797873263571324,0.35748035675,0.66057592625,0.30309556949999994,0.15283328015311956,0.15074863495695162,-0.43483607724999995,0.7979568457499997,NA,NA,NA,NA,Seguenega,DHS 2010,2010,High,Very high (≥50%),51.0%,[35.7%–66.1%],15%
Pooled,BFA,270,1,0.3906596071875,0.3900378,0.04583147977868445,0.30396382024999996,0.48266470775,0.17870088750000002,0.11731819449838153,-0.022374109545094525,-0.6508545612500001,0.6381338627499992,NA,NA,NA,NA,Tangaye,DHS 2010,2010,High,High (20-50%),39.1%,[30.4%–48.3%],12%
Pooled,BFA,271,1,0.267997049820125,0.26179908,0.07236492405268313,0.14299659700000003,0.42497257525,0.28197597825,0.2700213457620269,0.006987079798546875,-0.6859207795,0.7056221034999999,NA,NA,NA,NA,Thiou,DHS 2010,2010,Medium,High (20-50%),26.8%,[14.3%–42.5%],27%
Pooled,BFA,272,1,0.3695346417275,0.369033995,0.023222410564367305,0.32439794050000004,0.4157907455,0.09139280499999997,0.06284231014393458,-0.012249699923409624,-0.71056511425,0.7140291552499999,NA,NA,NA,NA,Zogore,DHS 2010,2010,High,High (20-50%),37.0%,[32.4%–41.6%],6%
Pooled,BFA,273,1,0.417123306675,0.41324152,0.09790325246092477,0.23867333775,0.6180971599999998,0.3794238222499998,0.23471057812937243,-0.0031080623549266753,-0.6715217389999999,0.6662779859999999,NA,NA,NA,NA,Bassi,DHS 2010,2010,Medium,High (20-50%),41.7%,[23.9%–61.8%],23%
Pooled,BFA,274,1,0.297976216848125,0.273437685,0.15012685002155005,0.07539118830000001,0.643025561,0.5676343727,0.5038215855262971,0.18181527645298262,-0.37786155224999995,0.7971806267499995,NA,NA,NA,NA,Boussou,DHS 2010,2010,Low,High (20-50%),29.8%,[7.5%–64.3%],50%
Pooled,BFA,275,1,0.5522946935875,0.555788825,0.12266430239812785,0.30459036874999995,0.7810354405000001,0.4764450717500001,0.22209936800469032,-0.056405846101027377,-0.64718416325,0.5212294359999995,NA,NA,NA,NA,Gourcy,DHS 2010,2010,Medium,Very high (≥50%),55.2%,[30.5%–78.1%],22%
Pooled,BFA,276,1,0.299629043293125,0.27752252,0.150635479371842,0.07707680032500001,0.6447060049999999,0.5676292046749999,0.502739913715495,-0.019777467598693376,-0.736416692,0.7212048784999999,NA,NA,NA,NA,Léba,DHS 2010,2010,Low,High (20-50%),30.0%,[7.7%–64.5%],50%
Pooled,BFA,277,1,0.51169909486125,0.5126014050000001,0.10345667282470432,0.30857982424999997,0.70844782375,0.39986799950000007,0.20218263792856067,0.0675099860692725,-0.551961503,0.699933984,NA,NA,NA,NA,Tougo,DHS 2010,2010,Medium,Very high (≥50%),51.2%,[30.9%–70.8%],20%
Pooled,BFA,278,1,0.26538426547375,0.252573955,0.10557106857369751,0.09914124014999999,0.5023980184999998,0.4032567783499998,0.39780455101675904,-0.04973530515750187,-0.5997197235,0.5022496714999996,NA,NA,NA,NA,Boudry,DHS 2010,2010,Low,High (20-50%),26.5%,[9.9%–50.2%],40%
Pooled,BFA,279,1,0.43503932348375,0.43516984000000003,0.029155175544768357,0.3776772225,0.49178550175,0.11410827925,0.06701733376950092,0.0855312081503169,-0.55642872525,0.7359463292499998,NA,NA,NA,NA,Kogho,DHS 2010,2010,High,High (20-50%),43.5%,[37.8%–49.2%],7%
Pooled,BFA,280,1,0.2875012781075,0.282509675,0.06737098376998935,0.1706083945,0.4307552669999999,0.2601468724999999,0.2343328148433433,0.04697511303337638,-0.52133603875,0.6406050219999997,NA,NA,NA,NA,Méguet,DHS 2010,2010,Medium,High (20-50%),28.8%,[17.1%–43.1%],23%
Pooled,BFA,281,1,0.29187164278875,0.287659255,0.06270300530410816,0.1816532575,0.42632963799999996,0.24467638049999996,0.21483075472834187,0.1660954684470856,-0.41597279375,0.7936729202499997,NA,NA,NA,NA,Mogtédo,DHS 2010,2010,Medium,High (20-50%),29.2%,[18.2%–42.6%],21%
Pooled,BFA,282,1,0.355296011001875,0.33582538500000003,0.1659632306070561,0.09251883649999999,0.7052420157499999,0.6127231792499999,0.4671125638001611,0.12852328039286542,-0.44913783825,0.7329675809999998,NA,NA,NA,NA,Salogo,DHS 2010,2010,Low,High (20-50%),35.5%,[9.3%–70.5%],47%
Pooled,BFA,283,1,0.63950662349875,0.6399188250000001,0.022829231358591946,0.5937608352500001,0.682667408,0.08890657274999991,0.035698193763331006,0.2986771426560452,-0.25769478149999997,0.9181230924999999,NA,NA,NA,NA,Zam,DHS 2010,2010,High,Very high (≥50%),64.0%,[59.4%–68.3%],4%
Pooled,BFA,284,1,0.202206253167375,0.183516055,0.10240451916225789,0.056957847724999996,0.4553137489999998,0.3983559012749998,0.5064359660405416,0.06627083688362788,-0.48562437975,0.6316083935,NA,NA,NA,NA,Zorgho,DHS 2010,2010,Low,High (20-50%),20.2%,[5.7%–45.5%],51%
Pooled,BFA,285,1,0.45567017822625,0.45540452,0.03762188569364148,0.3824370595,0.52971191825,0.14727485874999996,0.08256385318014252,-0.01004259675533575,-0.56906071925,0.5437314272499999,NA,NA,NA,NA,Zoungou,DHS 2010,2010,High,High (20-50%),45.6%,[38.2%–53.0%],8%
Pooled,BFA,286,1,0.278819973965,0.275435065,0.05561398725717831,0.17977618175,0.39713893224999997,0.21736275049999995,0.19946199142877574,0.073700889155745,-0.495556917,0.6407194172499999,NA,NA,NA,NA,Boussé,DHS 2010,2010,Medium,High (20-50%),27.9%,[18.0%–39.7%],20%
Pooled,BFA,287,1,0.25261086812125,0.250063945,0.04830577075784035,0.16704134075,0.35247392749999995,0.18543258674999996,0.19122601935976166,0.33767763707001364,-0.27681721475,1.0363636149999997,NA,NA,NA,NA,Laye,DHS 2010,2010,Medium,High (20-50%),25.3%,[16.7%–35.2%],19%
Pooled,BFA,288,1,0.40388030697375,0.402548295,0.06115386816863528,0.28871786250000003,0.527005105,0.23828724249999994,0.15141582075852475,0.1089649000931775,-0.5220157252500001,0.7658795184999998,NA,NA,NA,NA,Niou,DHS 2010,2010,High,High (20-50%),40.4%,[28.9%–52.7%],15%
Pooled,BFA,289,1,0.39506503258125,0.394333345,0.04463824849980152,0.30963130850000004,0.485656378,0.17602506949999996,0.1129896215014198,0.0307439865675905,-0.6293607170000001,0.6506000347499997,NA,NA,NA,NA,Sourgoubila,DHS 2010,2010,High,High (20-50%),39.5%,[31.0%–48.6%],11%
Pooled,BFA,290,1,0.2400066594875,0.238197405,0.03561226584701268,0.17558130725,0.3141813842499999,0.1386000769999999,0.1483803237920881,0.02951944772735425,-0.6505460557499999,0.7052037419999998,NA,NA,NA,NA,Toéghin,DHS 2010,2010,High,High (20-50%),24.0%,[17.6%–31.4%],15%
Pooled,BFA,291,1,0.53229329815625,0.53259034,0.056906095629222775,0.41956115450000003,0.6411347747499999,0.22157362024999988,0.10690740579739272,-0.04133000594479875,-0.60547983975,0.5134427819999999,NA,NA,NA,NA,Absouya,DHS 2010,2010,High,Very high (≥50%),53.2%,[42.0%–64.1%],11%
Pooled,BFA,292,1,0.45799085283875,0.457681005,0.024180984327513887,0.41060939700000004,0.5051182317499999,0.09450883474999988,0.05279796349126553,0.2241303978740786,-0.30983123850000005,0.8429763975,NA,NA,NA,NA,Dapélogo,DHS 2010,2010,High,High (20-50%),45.8%,[41.1%–50.5%],5%
Pooled,BFA,293,1,0.51702986033375,0.51691261,0.053809485617163054,0.41208248075,0.6228014125,0.21071893175,0.10407423196491646,-0.0101079287576165,-0.63262715325,0.6045954674999996,NA,NA,NA,NA,Loumbila,DHS 2010,2010,High,Very high (≥50%),51.7%,[41.2%–62.3%],10%
Pooled,BFA,294,1,0.165511076247125,0.15504836,0.06619032504890168,0.06648966642500001,0.32602526425,0.259535597825,0.39991477639884804,0.09328848546435217,-0.45153242875,0.6597047979999996,NA,NA,NA,NA,Nagreongo,DHS 2010,2010,Low,Moderate (5-20%),16.6%,[6.6%–32.6%],40%
Pooled,BFA,295,1,0.345795891923375,0.34112599,0.09011088713218832,0.1902943785,0.5385889864999999,0.3482946079999999,0.26058981392455643,-0.20511315872779812,-0.9060198359999999,0.41213390924999993,NA,NA,NA,NA,Ourgou-Manega,DHS 2010,2010,Medium,High (20-50%),34.6%,[19.0%–53.9%],26%
Pooled,BFA,296,1,0.1606156289205,0.15621693,0.04175437479893772,0.09159368139999999,0.2529765115,0.1613828301,0.2599645817755687,0.013736625088744125,-0.55401880925,0.5909969162499996,NA,NA,NA,NA,Ziniare,DHS 2010,2010,Medium,Moderate (5-20%),16.1%,[9.2%–25.3%],26%
Pooled,BFA,297,1,0.363194466255,0.360085985,0.07610688652581665,0.22580935224999998,0.5185335222499999,0.29272416999999995,0.20954858511633204,0.055462830857733375,-0.5246726450000001,0.6403754664999995,NA,NA,NA,NA,Zitenga,DHS 2010,2010,Medium,High (20-50%),36.3%,[22.6%–51.9%],21%
Pooled,BFA,298,1,0.25741786379375,0.245234535,0.10030514225068943,0.10012159635,0.488493272,0.38837167564999997,0.389658824653508,0.011918618034509875,-0.6887635675,0.7561927359999999,NA,NA,NA,NA,Deou,DHS 2010,2010,Low,High (20-50%),25.7%,[10.0%–48.8%],39%
Pooled,BFA,299,1,0.58504293018625,0.585522485,0.02616929990890263,0.5337155087500001,0.6360820424999999,0.10236653374999982,0.04473056344868839,0.04729096368734975,-0.5930413455,0.733184685,NA,NA,NA,NA,Gorom-Gorom,DHS 2010,2010,High,Very high (≥50%),58.5%,[53.4%–63.6%],4%
Pooled,BFA,300,1,0.096499415758125,0.0907674505,0.037818905308883766,0.041408722824999994,0.18658415874999998,0.14517543592499998,0.3919081272333974,0.13077236441825513,-0.593122813,0.8981095929999997,NA,NA,NA,NA,Markoye,DHS 2010,2010,Low,Moderate (5-20%),9.6%,[4.1%–18.7%],39%
Pooled,BFA,301,1,0.17633917082375,0.17271632,0.04439642324367754,0.1016346825,0.27623494024999995,0.17460025774999993,0.251767222428711,0.14847164172839875,-0.5850752357500001,0.9630317094999998,NA,NA,NA,NA,Oursi,DHS 2010,2010,Medium,Moderate (5-20%),17.6%,[10.2%–27.6%],25%
Pooled,BFA,302,1,0.205370112284,0.19674121,0.07295662354417093,0.091925142125,0.37491512925,0.282989987125,0.35524460074931186,0.10162147610082875,-0.6167084977499999,0.8597370824999996,NA,NA,NA,NA,Tin-Akoff,DHS 2010,2010,Low,High (20-50%),20.5%,[9.2%–37.5%],36%
Pooled,BFA,303,1,0.362178921695,0.36180367,0.022958669601543465,0.31893531625000004,0.40839790075,0.08946258449999994,0.06339040796216612,0.08799451027539824,-0.4908453332499999,0.7119888977499997,NA,NA,NA,NA,Bani,DHS 2010,2010,High,High (20-50%),36.2%,[31.9%–40.8%],6%
Pooled,BFA,304,1,0.118647187081125,0.11833547,0.010394845470901101,0.0991231086,0.13964317799999998,0.04052006939999998,0.08761139413944662,0.1581342522824415,-0.46671274525,0.8597506184999999,NA,NA,NA,NA,Dori,DHS 2010,2010,High,Moderate (5-20%),11.9%,[9.9%–14.0%],9%
Pooled,BFA,305,1,0.177728134597375,0.16675032,0.07090540902680344,0.069655165525,0.34710338924999995,0.27744822372499994,0.39895433093602445,0.09505063605355125,-0.6604676245,0.8926370129999999,NA,NA,NA,NA,Falagountou,DHS 2010,2010,Low,Moderate (5-20%),17.8%,[7.0%–34.7%],40%
Pooled,BFA,306,1,0.1932773207755,0.167906145,0.11900159810975568,0.04040032415,0.4951368477499999,0.4547365235999999,0.6157038892730783,0.07941801749300262,-0.578759291,0.7707658439999993,NA,NA,NA,NA,Gorgadji,DHS 2010,2010,Low,Moderate (5-20%),19.3%,[4.0%–49.5%],62%
Pooled,BFA,307,1,0.154093179825,0.14621916499999998,0.056297427704257455,0.067804169325,0.28683974149999986,0.21903557217499986,0.36534665433079594,0.007807523271467925,-0.642224793,0.676940301999999,NA,NA,NA,NA,Sampelga,DHS 2010,2010,Low,Moderate (5-20%),15.4%,[6.8%–28.7%],37%
Pooled,BFA,308,1,0.088335414180875,0.085105174,0.026594833892813287,0.0455347913,0.14929040874999996,0.10375561744999996,0.301066499086741,0.1377154592217026,-0.5346880945000001,0.89274712325,NA,NA,NA,NA,Seytenga,DHS 2010,2010,Medium,Moderate (5-20%),8.8%,[4.6%–14.9%],30%
Pooled,BFA,309,1,0.138222887518,0.135851075,0.028128080416526296,0.08993188715,0.19919934774999995,0.10926746059999995,0.20349799459125995,0.20492268254007137,-0.40065638249999996,0.91025786425,NA,NA,NA,NA,Aribinda,DHS 2010,2010,Medium,Moderate (5-20%),13.8%,[9.0%–19.9%],20%
Pooled,BFA,310,1,0.4241525857175,0.42415578,0.024330451632274458,0.376796082,0.4722179165,0.09542183450000002,0.05736249748688168,0.147476752738943,-0.48818898099999997,0.8393229249999998,NA,NA,NA,NA,Baraboule,DHS 2010,2010,High,High (20-50%),42.4%,[37.7%–47.2%],6%
Pooled,BFA,311,1,0.3400847769075,0.3292118,0.12232022821005781,0.13688268775,0.6079380894999996,0.4710554017499996,0.35967569416765693,0.1430138141262985,-0.6264998235,0.9976737612499998,NA,NA,NA,NA,Diguel,DHS 2010,2010,Low,High (20-50%),34.0%,[13.7%–60.8%],36%
Pooled,BFA,312,1,0.1510298771531375,0.12546523999999998,0.10124168134169026,0.02829690405,0.4142655194999995,0.3859686154499995,0.6703420756876849,0.07105428955613588,-0.57800662025,0.7405324914999997,NA,NA,NA,NA,Djibo,DHS 2010,2010,Low,Moderate (5-20%),15.1%,[2.8%–41.4%],67%
Pooled,BFA,313,1,0.1318315858408,0.106692745,0.09360673280361284,0.023254312275,0.3863899812499999,0.3631356689749999,0.7100478402547055,0.6031218432905587,-0.10026850849999999,1.4912452674999999,NA,NA,NA,NA,Kelbo,DHS 2010,2010,Low,Moderate (5-20%),13.2%,[2.3%–38.6%],71%
Pooled,BFA,314,1,0.057131738224625,0.053715078,0.0206492501136921,0.0266929935,0.10664542699999996,0.07995243349999996,0.3614322048544259,0.26145332844395264,-0.3975399575,1.0213692699999999,NA,NA,NA,NA,Koutougou,DHS 2010,2010,Low,Moderate (5-20%),5.7%,[2.7%–10.7%],36%
Pooled,BFA,315,1,0.35029497326375,0.34647331000000003,0.08722794180152633,0.19439103325,0.5321258869999999,0.33773485374999984,0.24901282764297394,0.22478299938278976,-0.4192462135,0.9437956792499999,NA,NA,NA,NA,Nassoumbou,DHS 2010,2010,Medium,High (20-50%),35.0%,[19.4%–53.2%],25%
Pooled,BFA,316,1,0.5927724379425,0.5932328499999999,0.023836691154529212,0.5445453495,0.63859838475,0.09405303524999997,0.040212212358027036,0.4575380963800625,-0.19223341049999998,1.271017387499999,NA,NA,NA,NA,Pobe-Mengao,DHS 2010,2010,High,Very high (≥50%),59.3%,[54.5%–63.9%],4%
Pooled,BFA,317,1,0.27536500649625,0.273690775,0.03682975359620072,0.20861087875,0.35200904424999996,0.14339816549999995,0.13374885234991643,0.118574541277586,-0.5186510215,0.7978403757499999,NA,NA,NA,NA,Tongomayel,DHS 2010,2010,High,High (20-50%),27.5%,[20.9%–35.2%],13%
Pooled,BFA,318,1,0.148024275517375,0.133077115,0.0749619647582327,0.0457653468,0.33259065899999984,0.28682531219999985,0.5064166975060366,-0.18023191444065237,-1.0292022374999998,0.6119150145,NA,NA,NA,NA,Boundore,DHS 2010,2010,Low,Moderate (5-20%),14.8%,[4.6%–33.3%],51%
Pooled,BFA,319,1,0.151902665412375,0.144016175,0.05617264906959575,0.06644248407500002,0.282404282,0.21596179792499998,0.3697937025469703,-0.22046217739114163,-0.9365474165000001,0.4403612414999999,NA,NA,NA,NA,Mansila,DHS 2010,2010,Low,Moderate (5-20%),15.2%,[6.6%–28.2%],37%
Pooled,BFA,320,1,0.172793572203875,0.15687634,0.08658222660846715,0.05158743514999999,0.3828831702499999,0.33129573509999993,0.5010731909998993,-0.43596640943446663,-1.22714062,0.24387526674999993,NA,NA,NA,NA,Sebba,DHS 2010,2010,Low,Moderate (5-20%),17.3%,[5.2%–38.3%],50%
Pooled,BFA,321,1,0.41654570317625,0.41448753,0.08616043107292809,0.25503908375,0.5897204187499999,0.3346813349999999,0.2068450842631106,-0.13022947709361374,-0.7815586805,0.4873681032499996,NA,NA,NA,NA,Solhan,DHS 2010,2010,Medium,High (20-50%),41.7%,[25.5%–59.0%],21%
Pooled,BFA,322,1,0.1598886211791125,0.13338641,0.10492889456259079,0.031586954675,0.4336329069999999,0.4020459523249999,0.6562624268617964,-0.15390331039661675,-1.0139470199999998,0.6457073707499997,NA,NA,NA,NA,Tankougounadie,DHS 2010,2010,Low,Moderate (5-20%),16.0%,[3.2%–43.4%],66%
Pooled,BFA,323,1,0.057346172345625,0.057132643,0.00527223205762016,0.047714686725000004,0.06837750024999999,0.020662813524999983,0.09193694787237852,-0.0753036911046825,-0.836796484,0.6564472469999999,NA,NA,NA,NA,Titabe,DHS 2010,2010,High,Moderate (5-20%),5.7%,[4.8%–6.8%],9%
Pooled,BFA,324,1,0.096410496253875,0.0891066875,0.04117404247644155,0.038057151975,0.19538756699999996,0.15733041502499995,0.42707012282168033,0.16602686014048113,-0.39077716500000004,0.7826713749999998,NA,NA,NA,NA,Bondigui,DHS 2010,2010,Low,Moderate (5-20%),9.6%,[3.8%–19.5%],43%
Pooled,BFA,325,1,0.065998954604675,0.0591859135,0.03284831373929253,0.022248684850000002,0.14751963674999996,0.12527095189999995,0.49770960670588765,-0.261757519986823,-0.9062385102499999,0.3049915369999998,NA,NA,NA,NA,Diebougou,DHS 2010,2010,Low,Moderate (5-20%),6.6%,[2.2%–14.8%],50%
Pooled,BFA,326,1,0.449476104125,0.44949669000000003,0.024227335944794662,0.402742672,0.49772489,0.09498221799999995,0.053901276892034736,0.018228003055168876,-0.66776110675,0.69540216925,NA,NA,NA,NA,Dolo,DHS 2010,2010,High,High (20-50%),44.9%,[40.3%–49.8%],5%
Pooled,BFA,327,1,0.300443275886875,0.276029875,0.1520466397917266,0.07562161477500001,0.64719700625,0.5715753914749999,0.5060743640971891,0.059136788312763124,-0.5605662225,0.6530660030000001,NA,NA,NA,NA,Gueguere,DHS 2010,2010,Low,High (20-50%),30.0%,[7.6%–64.7%],51%
Pooled,BFA,328,1,0.27064190528025,0.25791538,0.10410251610074714,0.10575424125,0.5038820919999997,0.3981278507499997,0.3846503962235592,-0.05433004988404125,-0.67941525275,0.544231971,NA,NA,NA,NA,Iolonioro,DHS 2010,2010,Low,High (20-50%),27.1%,[10.6%–50.4%],38%
Pooled,BFA,329,1,0.15006463753825,0.14290986500000002,0.050879028498464686,0.072818650575,0.2681612622499999,0.19534261167499992,0.33904742205168836,0.03820101433569875,-0.5422809915,0.6230176214999997,NA,NA,NA,NA,Tiankoura,DHS 2010,2010,Low,Moderate (5-20%),15.0%,[7.3%–26.8%],34%
Pooled,BFA,330,1,0.207257525080125,0.19158089,0.0956579189721311,0.0669186603,0.43556007524999996,0.36864141494999997,0.46154135506129446,0.1125059262607865,-0.44584629875,0.6925300042499998,NA,NA,NA,NA,Dano,DHS 2010,2010,Low,High (20-50%),20.7%,[6.7%–43.6%],46%
Pooled,BFA,331,1,0.3440295173425,0.3428706,0.05737584398128113,0.23911613575,0.464428753,0.22531261725000004,0.16677593371780472,0.2292511475058225,-0.34975108475000005,0.8634898837499995,NA,NA,NA,NA,Dissin,DHS 2010,2010,Medium,High (20-50%),34.4%,[23.9%–46.4%],17%
Pooled,BFA,332,1,0.182304953714,0.17955058000000002,0.034597269474127015,0.12131404900000001,0.2562793405,0.1349652915,0.18977690276262713,0.09573204583018713,-0.4783042555,0.6799919407499998,NA,NA,NA,NA,Koper,DHS 2010,2010,Medium,Moderate (5-20%),18.2%,[12.1%–25.6%],19%
Pooled,BFA,333,1,0.44911970377375,0.44726710000000003,0.07745481893485594,0.301855778,0.603214013,0.301358235,0.1724591869028192,0.15766907368864364,-0.58012326175,0.9735779044999998,NA,NA,NA,NA,Niego,DHS 2010,2010,Medium,High (20-50%),44.9%,[30.2%–60.3%],17%
Pooled,BFA,334,1,0.07418773130375,0.06901903549999999,0.02937989102214955,0.031451824974999994,0.14388635,0.11243452502500001,0.39602088520348744,0.052390598786899875,-0.553839436,0.6538081509999999,NA,NA,NA,NA,Oronkua,DHS 2010,2010,Low,Moderate (5-20%),7.4%,[3.1%–14.4%],40%
Pooled,BFA,335,1,0.215332428972875,0.20288052,0.08752777062615492,0.08155995769999999,0.4180587255,0.3364987678,0.406477422112675,0.16029557349599952,-0.497903444,0.82935587125,NA,NA,NA,NA,Ouessa,DHS 2010,2010,Low,High (20-50%),21.5%,[8.2%–41.8%],41%
Pooled,BFA,336,1,0.31124775931125,0.310638805,0.023497560073930435,0.26708067025,0.35880484124999995,0.09172417099999997,0.07549471239866086,0.11154390973885737,-0.4888833895,0.737581219,NA,NA,NA,NA,Zambo,DHS 2010,2010,High,High (20-50%),31.1%,[26.7%–35.9%],8%
Pooled,BFA,337,1,0.4544099237275,0.45171456499999996,0.10504989064426812,0.25981252225,0.6594556794999998,0.3996431572499998,0.231178689458517,0.17278212040926014,-0.359627028,0.7580242547499998,NA,NA,NA,NA,Batié,DHS 2010,2010,Medium,High (20-50%),45.4%,[26.0%–65.9%],23%
Pooled,BFA,338,1,0.296497889934625,0.271258245,0.1559342790882199,0.068648883575,0.6590194617499999,0.5903705781749999,0.5259203669968847,-0.25318443460547363,-0.942998592,0.35016573849999993,NA,NA,NA,NA,Boussoukoula,DHS 2010,2010,Low,High (20-50%),29.6%,[6.9%–65.9%],53%
Pooled,BFA,339,1,0.28814665950875,0.287609475,0.020284132397491533,0.24997448375,0.32870236425,0.07872788049999999,0.07039516762773915,-0.018599407604775,-0.6238599327500001,0.5701176175,NA,NA,NA,NA,Kpuéré,DHS 2010,2010,High,High (20-50%),28.8%,[25.0%–32.9%],7%
Pooled,BFA,340,1,0.2744989378005,0.269908085,0.06381784156533564,0.16379710325000002,0.4110323535,0.24723525024999998,0.23248848274858205,0.14309962947073962,-0.5074565735000001,0.8347914054999996,NA,NA,NA,NA,Legmoin,DHS 2010,2010,Medium,High (20-50%),27.4%,[16.4%–41.1%],23%
Pooled,BFA,341,1,0.55654030213625,0.55698384,0.044881215617228555,0.468426142,0.6419871109999999,0.17356096899999995,0.08064324442444584,0.064739817593168,-0.561376467,0.6977332184999999,NA,NA,NA,NA,Midebdo,DHS 2010,2010,High,Very high (≥50%),55.7%,[46.8%–64.2%],8%
Pooled,BFA,342,1,0.2987416086,0.29827815,0.020789042626730703,0.25978633525,0.3406818405,0.08089550525,0.06958870819553692,0.256645290531825,-0.34114502625000004,0.9153981822499994,NA,NA,NA,NA,Bouroum-Bouroum,DHS 2010,2010,High,High (20-50%),29.9%,[26.0%–34.1%],7%
Pooled,BFA,343,1,0.31285178398625,0.311213975,0.0416009521234687,0.23650451025,0.39880066375,0.1622961535,0.13297335752222234,0.2812068228203351,-0.27578623274999997,0.9064602022499999,NA,NA,NA,NA,Boussera,DHS 2010,2010,High,High (20-50%),31.3%,[23.7%–39.9%],13%
Pooled,BFA,344,1,0.135197967012375,0.134711965,0.011745990606607871,0.1137323885,0.15972903849999998,0.04599664999999997,0.08687993515119005,0.06641944718733388,-0.54597634375,0.68688012375,NA,NA,NA,NA,Djigouè,DHS 2010,2010,High,Moderate (5-20%),13.5%,[11.4%–16.0%],9%
Pooled,BFA,345,1,0.431189131814125,0.426943865,0.1336167124766154,0.19061930675,0.6992786754999999,0.5086593687499998,0.309879592545515,-0.007639735166399662,-0.602310706,0.5345017079999997,NA,NA,NA,NA,Gaoua,DHS 2010,2010,Medium,High (20-50%),43.1%,[19.1%–69.9%],31%
Pooled,BFA,346,1,0.116900396732625,0.111740275,0.036922310223212455,0.058261326425,0.20323275975,0.14497143332499998,0.3158441823568939,0.45943909013765,-0.09334270834999998,1.1057433274999995,NA,NA,NA,NA,Gbomblora,DHS 2010,2010,Medium,Moderate (5-20%),11.7%,[5.8%–20.3%],32%
Pooled,BFA,347,1,0.2882386944875,0.28468064,0.058624651591221946,0.185339797,0.41164670749999993,0.22630691049999993,0.2033892489537497,0.0053335945106365,-0.57496578675,0.5665235609999992,NA,NA,NA,NA,Kampti,DHS 2010,2010,Medium,High (20-50%),28.8%,[18.5%–41.2%],20%
Pooled,BFA,348,1,0.13043473510425,0.12988841,0.01374432924123789,0.10537756425,0.1590120869999999,0.05363452274999991,0.10537322922649961,0.14408702541884413,-0.371875154,0.6968450917499996,NA,NA,NA,NA,Loropeni,DHS 2010,2010,High,Moderate (5-20%),13.0%,[10.5%–15.9%],11%
Pooled,BFA,349,1,0.29201053540175,0.28632077499999997,0.07561151871814109,0.1605081215,0.4528844604999999,0.29237633899999993,0.25893421487041307,0.14238642930651374,-0.5626948642499999,0.9012138584999997,NA,NA,NA,NA,Malba,DHS 2010,2010,Medium,High (20-50%),29.2%,[16.1%–45.3%],26%
Pooled,BFA,350,1,0.18888776689625,0.18796764999999999,0.01947244759743439,0.15334721499999998,0.22915555599999998,0.075808341,0.10309004080783052,0.1627370008095189,-0.381444746,0.7492921119999999,NA,NA,NA,NA,Nako,DHS 2010,2010,High,Moderate (5-20%),18.9%,[15.3%–22.9%],10%
Pooled,BFA,351,1,0.462517358705,0.461481015,0.07212592437021671,0.3259730665,0.6081202149999998,0.2821471484999998,0.15594209171340448,0.0654663121793247,-0.598026936,0.73932196225,NA,NA,NA,NA,Perigban,DHS 2010,2010,High,High (20-50%),46.3%,[32.6%–60.8%],16%
Pooled,GHA,1,2,0.160484443315,0.159964245,0.013174348454897847,0.13672577949999998,0.18842086999999996,0.051695090499999985,0.08209112473935647,-0.10225599618772546,-0.7054201047499999,0.46162886224999944,-0.5920609740910029,-0.111920216553875,-0.273186610637291,0.8255,Asunafo North,DHS 2022,2022,High,Moderate (5-20%),16.0%,[13.7%–18.8%],8%
Pooled,GHA,2,2,0.31101755029375,0.30725282,0.060339148900377435,0.20310889575000002,0.4387956889999999,0.23568679324999986,0.1940056078616409,-0.04507786911572381,-0.5881367072500001,0.5014990304999998,1.1480740418109041,0.183888646405625,1.6129981764592047,0.00175,Asunafo South,DHS 2022,2022,Medium,High (20-50%),31.1%,[20.3%–43.9%],19%
Pooled,GHA,3,2,0.054808894723675,0.04942527,0.02638239863976119,0.019653055375,0.12060401999999994,0.10095096462499994,0.48135250259599144,-0.13357661200935012,-0.7838405102499999,0.46063659574999954,-2.0436107235068617,-0.232444127080075,-0.8083236692623292,1,Asutifi North,DHS 2022,2022,Low,Moderate (5-20%),5.5%,[2.0%–12.1%],48%
Pooled,GHA,4,2,0.05432778169775,0.0523085825,0.015588026540602266,0.0298372518,0.09000223927499995,0.06016498747499995,0.28692551128491683,-0.02327847717028715,-0.6337409897499999,0.5764947214999999,-1.2604754854617521,-0.115526601671625,-0.6441162994267644,0.99475,Asutifi South,DHS 2022,2022,Medium,Moderate (5-20%),5.4%,[3.0%–9.0%],29%
Pooled,GHA,5,2,0.27231287358625,0.26861853999999996,0.05448788546486349,0.17685621625,0.3852956777499999,0.2084394614999999,0.20009294730462118,0.035106811384569364,-0.5236147824999999,0.6171433167499993,-0.2751904198659748,-0.073295135828125,0.04772511585852617,0.628125,Tano North,DHS 2022,2022,Medium,High (20-50%),27.2%,[17.7%–38.5%],20%
Pooled,GHA,6,2,0.5800248698075,0.5821567400000001,0.0703315754051349,0.43934875875,0.7132960085,0.27394724974999995,0.12125613756609559,-0.12095614593345888,-0.758623212,0.47572962399999996,2.8312119529846984,0.49295126357085,8.111274011436292,0,Tano South,DHS 2022,2022,High,Very high (≥50%),58.0%,[43.9%–71.3%],12%
Pooled,GHA,7,2,0.21579234271925,0.18837559999999998,0.12875701362285877,0.04451746372499999,0.5390495302499998,0.4945320665249998,0.5966709105631895,0.03576761780415275,-0.61378973475,0.7016609612499985,-0.8438714450276683,-0.151098533785,-0.23547935413820786,0.774375,Adansi Akrofuom,DHS 2022,2022,Low,High (20-50%),21.6%,[4.5%–53.9%],60%
Pooled,GHA,8,2,0.32589851171625,0.311477345,0.1301615703316133,0.115126829,0.609407429,0.4942806,0.3993929571698721,0.0486077239936985,-0.621414694,0.7087279287499999,0.9806432568735763,0.174514730335875,1.3895895101802551,0.09225,Adansi Asokwa,DHS 2022,2022,Low,High (20-50%),32.6%,[11.5%–60.9%],40%
Pooled,GHA,9,2,0.16857398484375,0.168143235,0.01412031126443819,0.14230794649999998,0.19743139999999998,0.0551234535,0.0837632881344426,-0.04005306269428587,-0.679096224,0.5733035804999997,-1.84210226910003,-0.39172751899875,-0.6985750729025189,1,Adansi North,DHS 2022,2022,High,Moderate (5-20%),16.9%,[14.2%–19.7%],8%
Pooled,GHA,10,2,0.52980058214125,0.52989946,0.024982098628183475,0.480939374,0.5785935795,0.09765420550000004,0.047153777232964614,0.049207325681062265,-0.6361899384999999,0.7458920894999997,2.301681991729599,0.425490680696875,4.4204065345166565,0,Adansi South,DHS 2022,2022,High,Very high (≥50%),53.0%,[48.1%–57.9%],5%
Pooled,GHA,11,2,0.250886256443375,0.22438214,0.13952460446144133,0.056475718725,0.5797668322499999,0.5232911135249999,0.5561269335330532,0.24435973970976824,-0.37119550100000004,0.9333703484999999,0.12607359074334132,0.032766073280250003,0.4067528378136144,0.44475,Afigya-Kwabre North,DHS 2022,2022,Low,High (20-50%),25.1%,[5.6%–58.0%],56%
Pooled,GHA,12,2,0.33238836293375,0.309714925,0.16300776924857796,0.0810639357,0.6928457499999999,0.6117818142999999,0.4904135867147306,0.2560064117586511,-0.30342536525,0.8926160217499999,1.2799064984408606,0.209905673959375,2.4031366063508726,0.096,Afigya-Kwabre South,DHS 2022,2022,Low,High (20-50%),33.2%,[8.1%–69.3%],49%
Pooled,GHA,13,2,0.199923720303625,0.1876837,0.08108345481100941,0.075340563175,0.3892703327499996,0.31392976957499963,0.4055719585843422,-0.03194489376893541,-0.762918117,0.6883366844999995,-1.0062534043380125,-0.200432767064625,-0.3678246166879833,0.855125,Ahafo-Ano North,DHS 2022,2022,Low,Moderate (5-20%),20.0%,[7.5%–38.9%],41%
Pooled,GHA,14,2,0.362860598986125,0.35773090500000004,0.09194564248873426,0.19625367225,0.55619254275,0.35993887049999995,0.25339108943115113,-0.030074448425107377,-0.6415035512499999,0.566575173,1.071784325590123,0.1773430072116875,1.9574340330962334,0.1125,Ahafo-Ano South East,DHS 2022,2022,Medium,High (20-50%),36.3%,[19.6%–55.6%],25%
Pooled,GHA,15,2,0.264198253030875,0.255384615,0.08587064359880253,0.12400318775000001,0.4532924959999999,0.32928930824999986,0.3250235102378494,-0.02159322623416825,-0.6911812125,0.6257371177499998,-0.4963200769982197,-0.1122671324295,-0.08870135291054668,0.704,Ahafo-Ano South West,DHS 2022,2022,Medium,High (20-50%),26.4%,[12.4%–45.3%],33%
Pooled,GHA,16,2,0.239665605775875,0.231634685,0.079217058114477,0.11101839525000001,0.4131835282499999,0.30216513299999986,0.3305316082298325,0.19027431634285374,-0.4041491905,0.8287342762499998,0.4984657589090508,0.059834628734325,1.0583496967215424,0.289625,Amansie Central,DHS 2022,2022,Low,High (20-50%),24.0%,[11.1%–41.3%],33%
Pooled,GHA,17,2,0.32537072785375,0.320839305,0.07743149648496662,0.18663164175,0.48939128124999987,0.30275963949999984,0.23797929517424535,0.026236375898061624,-0.6346066334999999,0.6797189187499997,0.8470215794120107,0.15672437074375,0.9424214388304577,0.011875,Amansie South,DHS 2022,2022,Medium,High (20-50%),32.5%,[18.7%–48.9%],24%
Pooled,GHA,18,2,0.34928086767175,0.33119642,0.1606629033820435,0.09352158282500002,0.6937123547499998,0.6001907719249998,0.459981975116463,0.1289844073137746,-0.429766237,0.6991515552499998,1.5200852109283935,0.2298697012048875,3.774201774138614,0.084875,Amansie West,DHS 2022,2022,Low,High (20-50%),34.9%,[9.4%–69.4%],46%
Pooled,GHA,19,2,0.186796721016,0.181222815,0.05417430408586545,0.09896421325,0.30675275249999995,0.20778853924999996,0.2900174253124345,-0.07696305791733912,-0.7174818017499999,0.5192184894999999,-1.0858991945790277,-0.2203305109175,-0.42951247209424626,0.897125,Asante-Akim Central,DHS 2022,2022,Medium,Moderate (5-20%),18.7%,[9.9%–30.7%],29%
Pooled,GHA,20,2,0.37732716940375,0.373802325,0.08575638623557216,0.22445721300000002,0.55083766575,0.32638045275000005,0.22727328745259415,0.025348050404627873,-0.6074282069999999,0.6843603812499995,1.0598276334043253,0.18065245310825,1.8631696124375368,0.114,Asante-Akim North,DHS 2022,2022,Medium,High (20-50%),37.7%,[22.4%–55.1%],23%
Pooled,GHA,21,2,0.223405384153125,0.21675169,0.06296345386638445,0.11848983175,0.35858978449999995,0.24009995274999996,0.2818349884675495,0.1471099458673635,-0.440499124,0.7732184029999998,-0.7833467756759245,-0.168814803347875,-0.26963337813174837,0.81225,Asante-Akim South,DHS 2022,2022,Medium,High (20-50%),22.3%,[11.8%–35.9%],28%
Pooled,GHA,22,2,0.2842945849125,0.28026642,0.06675625527165752,0.16823756425000003,0.42728315,0.25904558575,0.23481367150276083,0.07778911564490537,-0.62282627125,0.8151071814999999,-0.2367537799661268,-0.04566859693,-0.13487645578837332,0.7545,Asokore-Mampong,DHS 2022,2022,Medium,High (20-50%),28.4%,[16.8%–42.7%],23%
Pooled,GHA,23,2,0.84425077508625,0.844675905,0.012922870415002678,0.81752403475,0.8687730765,0.05124904175,0.015306909743354937,0.08285460854059037,-0.6149674325,0.7888257262499999,1.3122870315174031,0.25030301685875,0.42375359626078646,0,Asokwa,DHS 2022,2022,High,Very high (≥50%),84.4%,[81.8%–86.9%],2%
Pooled,GHA,24,2,0.206648275583875,0.180597405,0.12083474255290574,0.04672273425,0.50730329675,0.46058056249999996,0.5847362733199338,0.13124015918225326,-0.49988171275000004,0.7887215594999997,0.7108390894956812,0.10250311045725,1.2844903209588396,0.21275,Atwima-Kwanwoma,DHS 2022,2022,Low,High (20-50%),20.7%,[4.7%–50.7%],58%
Pooled,GHA,25,2,0.61434718903075,0.6289694349999999,0.16597199232512735,0.26584522224999996,0.8886956417499997,0.6228504194999998,0.27015992795048,0.00652986678098075,-0.6106167954999999,0.6320383547499999,1.2111423946357058,0.259439977023125,1.294344017359561,0.142875,Atwima-Mponua,DHS 2022,2022,Medium,Very high (≥50%),61.4%,[26.6%–88.9%],27%
Pooled,GHA,26,2,0.11838387863,0.0960411925,0.0846378244733541,0.021105255050000004,0.33800431225000005,0.31689905720000006,0.7149438373943071,0.050033219174624,-0.564983827,0.703105977999999,-0.3310986967473038,-0.0360454097514375,0.23834252839093148,0.619875,Atwima-Nwabiagya North,DHS 2022,2022,Low,Moderate (5-20%),11.8%,[2.1%–33.8%],71%
Pooled,GHA,27,2,0.76526362423875,0.7905460950000001,0.1308343909804913,0.452482124,0.9440804504999999,0.4915983264999999,0.17096643148384255,0.05077352753259187,-0.59559652525,0.7002932849999998,2.1699727391794403,0.46363620578875,1.548948453048256,0.0035,Atwima-Nwabiagya South,DHS 2022,2022,Medium,Very high (≥50%),76.5%,[45.2%–94.4%],17%
Pooled,GHA,28,2,0.241424502698625,0.21540446,0.13270668650022605,0.05717163425,0.5554345652499998,0.4982629309999998,0.549681929617088,0.07970425046956225,-0.58622057325,0.7543296687499993,0.49188027817472396,0.07393443159875,1.1588380060275072,0.322625,Bekwai,DHS 2022,2022,Low,High (20-50%),24.1%,[5.7%–55.5%],55%
Pooled,GHA,29,2,0.8219023527175,0.829809085,0.05997868466091933,0.6807214349999999,0.9164230845,0.23570164950000005,0.0729754385817349,0.11326710653661788,-0.474910768,0.7188581959999989,2.229787016264145,0.459955663100375,1.9955545392745198,0.007,Bosome Freho,DHS 2022,2022,High,Very high (≥50%),82.2%,[68.1%–91.6%],7%
Pooled,GHA,30,2,0.223020565370125,0.19966415999999998,0.12398316696979966,0.051258342724999996,0.5223664742499999,0.4711081315249999,0.5559270588523402,0.21103675206155825,-0.383347751,0.8563084059999997,0.453326396985281,0.061752965180175,1.168029627762063,0.34025,Bosomtwe,DHS 2022,2022,Low,High (20-50%),22.3%,[5.1%–52.2%],56%
Pooled,GHA,31,2,0.66834703660875,0.668517265,0.02223994116705253,0.62367493025,0.7105352844999999,0.08686035424999994,0.033276037670339494,0.1364817283491786,-0.45492789625,0.7766729139999996,1.159878826971807,0.26756934572025,1.1093295011676618,0.0725,Ejisu,DHS 2022,2022,High,Very high (≥50%),66.8%,[62.4%–71.1%],3%
Pooled,GHA,32,2,0.2111308757665625,0.18515775499999998,0.12214601267961557,0.047019649600000005,0.510398809,0.4633791594,0.5785322124778504,0.0056450525632871255,-0.54536201825,0.5419397679999998,-0.768221446303039,-0.1186108280696875,-0.35747539381300175,0.835875,Ejura-Sekyedumase,DHS 2022,2022,Low,High (20-50%),21.1%,[4.7%–51.0%],58%
Pooled,GHA,33,2,0.7129229943325,0.736586355,0.14712089330679706,0.36844816450000006,0.92737577625,0.5589276117499999,0.20636295150578549,-0.14627598838888325,-0.8258353182499999,0.45735978249999987,1.5855302017018977,0.334251690469125,1.376913315308702,0.073625,Juaben,DHS 2022,2022,Medium,Very high (≥50%),71.3%,[36.8%–92.7%],21%
Pooled,GHA,34,2,0.2002539526515,0.1729594,0.12196675849742933,0.0432154473,0.5134613399999998,0.4702458926999998,0.6090604299316223,0.070714680551115,-0.5973435205000001,0.7789651452499995,0.2277570957919696,0.0315656443725625,0.8459417310584353,0.42075,Kumasi,DHS 2022,2022,Low,High (20-50%),20.0%,[4.3%–51.3%],61%
Pooled,GHA,35,2,0.71888918347375,0.7438754949999999,0.1457604059599203,0.3825071815,0.93165457225,0.54914739075,0.20275782319548935,0.06669864816994625,-0.5832025035,0.7617315985,1.4687845593728328,0.3192667129725,0.8054144784147913,0.033,Kwabre East,DHS 2022,2022,Medium,Very high (≥50%),71.9%,[38.3%–93.2%],20%
Pooled,GHA,36,2,0.201490949260775,0.17502044500000002,0.12097609056469062,0.0419842275,0.5073068132499999,0.46532258574999996,0.6004045889332732,0.03426812855464863,-0.64089377275,0.7005753867499998,-0.1555721985722024,0.002084013877025,0.017411550856571534,0.580875,Kwadaso,DHS 2022,2022,Low,High (20-50%),20.1%,[4.2%–50.7%],60%
Pooled,GHA,37,2,0.68011157246825,0.7033040850000001,0.15659476136591752,0.33024224675,0.91910466625,0.5888624195,0.2302486352314317,0.034139614498384124,-0.6690042367500001,0.738801692,2.4501985623404563,0.51074257742075,3.043947258997217,0.001125,Mampong,DHS 2022,2022,Medium,Very high (≥50%),68.0%,[33.0%–91.9%],23%
Pooled,GHA,38,2,0.1712427112559875,0.14691881499999998,0.10722903970453511,0.0354810556,0.43753667775,0.40205562215,0.6261816279248256,0.04848402355739888,-0.67492297225,0.7851092904999999,0.23544907819720423,0.0289424665154125,0.9000540811110013,0.41925,Obuasi,DHS 2022,2022,Low,Moderate (5-20%),17.1%,[3.5%–43.8%],63%
Pooled,GHA,39,2,0.78815929157,0.7884439750000001,0.01668075903646136,0.753791627,0.81918956,0.06539793299999996,0.02116419766267498,0.04731737796156073,-0.6819929527499999,0.7830459922499998,1.7684052218734938,0.38625304671075,1.493235638157023,0.017,Obuasi East,DHS 2022,2022,High,Very high (≥50%),78.8%,[75.4%–81.9%],2%
Pooled,GHA,40,2,0.22140075104175,0.19595464499999998,0.12606308397777932,0.046914327049999996,0.53308603925,0.4861717122,0.5693886917032515,0.05350527270637662,-0.6027927470000001,0.7311694257499992,0.17062961496578177,0.025112634110250002,0.7050882171007945,0.446375,Offinso,DHS 2022,2022,Low,High (20-50%),22.1%,[4.7%–53.3%],57%
Pooled,GHA,41,2,0.798729073855,0.7990921449999999,0.01601890067086188,0.76593660775,0.82913813725,0.06320152949999991,0.02005548714227714,-0.008467194783133812,-0.641514169,0.6150305754999998,1.1713141799440057,0.24653758864375,0.44922921266427523,0,Offinso North,DHS 2022,2022,High,Very high (≥50%),79.9%,[76.6%–82.9%],2%
Pooled,GHA,42,2,0.20969262418025,0.183514645,0.12182736537918147,0.048117701825000005,0.5112889282499999,0.4631712264249999,0.5809806894994061,0.08257749373887875,-0.60392519625,0.8085453239999995,0.07114056218810044,0.01166231970725,0.5442287346325465,0.47225,Oforikrom,DHS 2022,2022,Low,High (20-50%),21.0%,[4.8%–51.1%],58%
Pooled,GHA,43,2,0.83110163111875,0.83152222,0.013862569005266268,0.8028670517500001,0.857098723,0.054231671249999946,0.01667975189340658,0.02726485390801675,-0.6261886055,0.6844670447499996,3.110308793217663,0.622439574698125,5.12445048234304,1.25e-4,Old Tafo,DHS 2022,2022,High,Very high (≥50%),83.1%,[80.3%–85.7%],2%
Pooled,GHA,44,2,0.13140464916525,0.130818925,0.01140066801849209,0.11067811000000001,0.154702095,0.044023985,0.08676000499917626,0.008051936380522375,-0.6142842585,0.6279140379999989,0.9144383301471002,0.0570863736558125,2.221408666917928,0.139625,Sekyere Afram Plains North,DHS 2022,2022,High,Moderate (5-20%),13.1%,[11.1%–15.5%],9%
Pooled,GHA,45,2,0.73844460627125,0.747784895,0.08932414614733296,0.535872057,0.884943489,0.349071432,0.12096255479252815,0.01470541952276,-0.672969772,0.69549259125,2.555131775838767,0.523458125912875,4.1523578359337225,0.002375,Sekyere Central,DHS 2022,2022,High,Very high (≥50%),73.8%,[53.6%–88.5%],12%
Pooled,GHA,46,2,0.20311242253375,0.20268703500000002,0.015969904047520668,0.172676738,0.235770541,0.063093803,0.07862593458490724,0.021763800190265376,-0.6591790072499999,0.6996836884999978,1.4031978074567222,0.1271812447662625,3.8258066554513888,0.045,Sekyere East,DHS 2022,2022,High,High (20-50%),20.3%,[17.3%–23.6%],8%
Pooled,GHA,47,2,0.74156215535875,0.7675754050000001,0.1434732589977483,0.39305922600000004,0.94509531375,0.5520360877499999,0.19347435405241165,-0.06393491285521137,-0.7112940442500001,0.5494955832499999,2.1196655724845286,0.43524249406825,2.2471966598543545,0.0275,Sekyere Kumawu,DHS 2022,2022,Medium,Very high (≥50%),74.2%,[39.3%–94.5%],19%
Pooled,GHA,48,2,0.2275567535102125,0.198595405,0.13456207232479797,0.0487670797,0.5594312389999996,0.5106641592999995,0.5913341188476701,0.1640402981855575,-0.39399887575,0.7785152184999998,0.5945305611409457,0.0961391598545875,1.124724401156328,0.2715,Sekyere South,DHS 2022,2022,Low,High (20-50%),22.8%,[4.9%–55.9%],59%
Pooled,GHA,49,2,0.9457324633225,0.9459210499999999,0.005103904131174184,0.93522341975,0.95523299225,0.020009572500000017,0.005396773748511712,0.07027533582264299,-0.6036114194999999,0.7685154869999988,3.4399247806870394,0.570754802363375,2.2190510137020674,0,Suame,DHS 2022,2022,High,Very high (≥50%),94.6%,[93.5%–95.5%],1%
Pooled,GHA,50,2,0.2014158402325,0.20114452500000002,0.016078092635451496,0.17152636125,0.23459251774999998,0.06306615649999997,0.07982536337207688,-0.03555601319931325,-0.6740438142499999,0.5938889325,0.38566621457941286,0.02949902365535,0.8227004527926167,0.31225,Banda,DHS 2022,2022,High,High (20-50%),20.1%,[17.2%–23.5%],8%
Pooled,GHA,51,2,0.76342610434375,0.77176348,0.07403197391865785,0.5973740212499999,0.8829119372499998,0.2855379159999999,0.09697333310641322,-0.061085868364054496,-0.69038667425,0.5417711717499998,2.0932372834936013,0.44825838420325,2.2454941714393963,0.008125,Berekum East,DHS 2022,2022,High,Very high (≥50%),76.3%,[59.7%–88.3%],10%
Pooled,GHA,52,2,0.090786318480625,0.0873686025,0.02746569196352594,0.047188658099999996,0.15562237949999994,0.10843372139999993,0.30253117896159076,-0.0396999872804875,-0.6700794407499999,0.5906655614999998,-0.15119267067208542,-0.009579458066875,-0.08824664773811694,0.668375,Berekum West,DHS 2022,2022,Medium,Moderate (5-20%),9.1%,[4.7%–15.6%],30%
Pooled,GHA,53,2,0.7003176874775,0.70063737,0.020691687854874262,0.6587530595000001,0.7398127875,0.08105972799999994,0.029546144878054435,-0.14418296941641276,-0.7424010787499999,0.40196307349999993,1.773509925556017,0.393120452155625,2.110806681442427,0.0115,Dormaa,DHS 2022,2022,High,Very high (≥50%),70.0%,[65.9%–74.0%],3%
Pooled,GHA,54,2,0.197365335030875,0.17091874,0.11868543427553717,0.041615526,0.49183189499999996,0.45021636899999995,0.601348936260618,-0.06527846172790874,-0.7277473897499999,0.6004135259999986,0.6431366057327198,0.077497751267525,1.6980869791862072,0.286875,Dormaa East,DHS 2022,2022,Low,Moderate (5-20%),19.7%,[4.2%–49.2%],60%
Pooled,GHA,55,2,0.87516474680125,0.881606575,0.04325170264933788,0.773712281,0.9403525902500001,0.16664030925000006,0.04942121218596154,-0.0140558421308494,-0.6086938814999999,0.5825284677499998,2.805902166473515,0.545384698328,2.504155915941775,8.75e-4,Dormaa West,DHS 2022,2022,High,Very high (≥50%),87.5%,[77.4%–94.0%],5%
Pooled,GHA,56,2,0.280157840802,0.254380925,0.14736010190719898,0.067726840475,0.6257997567499999,0.5580729162749999,0.5259895688992867,-0.16417284022189263,-0.7870707687499999,0.4083371764999995,0.9780315095335935,0.1426750404764,2.256938059242663,0.196375,Jaman North,DHS 2022,2022,Low,High (20-50%),28.0%,[6.8%–62.6%],53%
Pooled,GHA,57,2,0.75103863737625,0.775086825,0.1347385849320877,0.43216574475,0.940464792,0.50829904725,0.17940300036066897,0.0126887941619064,-0.56540248975,0.5976611429999992,1.8168345857535129,0.37612173869075,1.5346050213400486,0.0465,Jaman South,DHS 2022,2022,Medium,Very high (≥50%),75.1%,[43.2%–94.0%],18%
Pooled,GHA,58,2,0.227724325823875,0.20236129,0.13157187502571385,0.04868688945,0.5474303469999998,0.4987434575499998,0.577768205261801,-0.19014323068022376,-0.8806282335000001,0.4249023012499996,-0.12322761284453496,0.006129502540125,0.03360818207212105,0.557375,Sunyani,DHS 2022,2022,Low,High (20-50%),22.8%,[4.9%–54.7%],58%
Pooled,GHA,59,2,0.77664661628125,0.801595335,0.12931969196168602,0.46371107000000006,0.95121561575,0.48750454574999996,0.16651033977447344,-0.042377552709936615,-0.6428259089999999,0.5568932882499997,1.0225755748216176,0.1815505242575,0.3072222109384842,0.10225,Sunyani West,DHS 2022,2022,Medium,Very high (≥50%),77.7%,[46.4%–95.1%],17%
Pooled,GHA,60,2,0.25635578487375,0.23068539500000002,0.1414544120529749,0.058893389675,0.5912949355,0.532401545825,0.5517894285968165,-0.060571676022162374,-0.7063382384999999,0.55405793925,0.880898003382914,0.133289086027625,1.7178062189346441,0.189125,Tain,DHS 2022,2022,Low,High (20-50%),25.6%,[5.9%–59.1%],55%
Pooled,GHA,61,2,0.7973507106925,0.8065518899999999,0.07058048505816243,0.6313231377499999,0.9083727954999999,0.27704965775,0.08851874603192264,0.0721398773329645,-0.50049463375,0.6544632917500001,2.1225912359438373,0.46427862477375,1.4043305783725732,0,Wenchi,DHS 2022,2022,High,Very high (≥50%),79.7%,[63.1%–90.8%],9%
Pooled,GHA,62,2,0.19374100544825,0.16760011,0.11880685394582656,0.039388586249999996,0.49376464449999985,0.4543760582499998,0.6132251335794836,0.1254161596237124,-0.40240169800000003,0.6830919049999997,0.08433911340783576,0.02602900092375,0.399157693476782,0.4655,Atebubu-Amantin,DHS 2022,2022,Low,Moderate (5-20%),19.4%,[3.9%–49.4%],61%
Pooled,GHA,63,2,0.7125197661475,0.73358305,0.14238855433121206,0.38242960975000007,0.92696320925,0.5445335994999999,0.19983804112703862,-0.019410149176799875,-0.66738694325,0.628568715,1.4304759714166113,0.3137934513525,0.7934577081526232,0.0315,Kintampo North,DHS 2022,2022,Medium,Very high (≥50%),71.3%,[38.2%–92.7%],20%
Pooled,GHA,64,2,0.084877674519625,0.084560456,0.007618295129949886,0.070891835375,0.1010120915,0.030120256124999994,0.08975617172674095,-0.0499545767659585,-0.6445279939999999,0.5144410559999998,-0.30991617804934973,-0.02735216650625,-0.23780280421207178,0.98775,Kintampo South,DHS 2022,2022,High,Moderate (5-20%),8.5%,[7.1%–10.1%],9%
Pooled,GHA,65,2,0.92642545811375,0.92679173,0.006695808457870799,0.9124760630000001,0.9387543535,0.026278290499999968,0.007227573896235333,0.003350459945280337,-0.616730561,0.64123096125,4.59376782494168,0.8126685842745,7.205477267499462,0,Nkoranza North,DHS 2022,2022,High,Very high (≥50%),92.6%,[91.2%–93.9%],1%
Pooled,GHA,66,2,0.073083811069625,0.0728685765,0.006677268717116703,0.0607940145,0.086694967025,0.025900952525,0.09136453914199202,-0.02964554986701,-0.69490787025,0.6280815907499999,-0.45128815082383406,-0.0594488648319,-0.11904502539253609,0.712125,Nkoranza South,DHS 2022,2022,High,Moderate (5-20%),7.3%,[6.1%–8.7%],9%
Pooled,GHA,67,2,0.71492998413625,0.7400638150000001,0.15669474939919947,0.3532519835000001,0.9407950452499999,0.5875430617499998,0.21917495821428143,-0.106074416972165,-0.6998319649999999,0.4462291049999998,2.780816893387015,0.5349404539865125,5.357756132283749,0.009,Pru East,DHS 2022,2022,Medium,Very high (≥50%),71.5%,[35.3%–94.1%],22%
Pooled,GHA,68,2,0.2039103622095375,0.174005525,0.1288366310667206,0.041504501325000005,0.5246809464999996,0.48317644517499964,0.6318297396496632,-0.0559926784048,-0.66375735225,0.5123887795,1.4554981273193253,0.141241647841175,5.052386515555346,0.108,Pru West,DHS 2022,2022,Low,High (20-50%),20.4%,[4.2%–52.5%],63%
Pooled,GHA,69,2,0.70519266176875,0.73338977,0.16353608309225,0.32579316325,0.9407513429999999,0.6149581797499999,0.23190270114563036,0.16078200416531863,-0.36324198300000005,0.7157527392499997,2.2476608017419597,0.453880797657875,3.0008507039431316,0.026875,Sene East,DHS 2022,2022,Medium,Very high (≥50%),70.5%,[32.6%–94.1%],23%
Pooled,GHA,70,2,0.201063870037725,0.168907105,0.13299144982444153,0.034150265575,0.54788917575,0.513738910175,0.6614388243869411,-0.07674536153216037,-0.6607037922500001,0.4861890322499998,0.9743990391001466,0.1108451559682875,2.8312460202479452,0.201375,Sene West,DHS 2022,2022,Low,High (20-50%),20.1%,[3.4%–54.8%],66%
Pooled,GHA,71,2,0.58505043924,0.58510312,0.05289726084040738,0.48142689125,0.6874549414999999,0.20602805024999987,0.090414872449498,-0.08900613644203312,-0.72416192075,0.5058146149999997,2.1123073662744023,0.42651441738975,3.5344193140919375,2.5e-4,Techiman,DHS 2022,2022,High,Very high (≥50%),58.5%,[48.1%–68.7%],9%
Pooled,GHA,72,2,0.121571677787,0.11423867,0.047481193252663596,0.050691693925,0.23421693274999997,0.18352523882499996,0.390561306029297,0.13876108451106864,-0.45246328724999996,0.7730498337499996,0.7304688021970023,0.0458969436845625,1.9170039876674703,0.21825,Techiman North,DHS 2022,2022,Low,Moderate (5-20%),12.2%,[5.1%–23.4%],39%
Pooled,GHA,73,2,0.79143690413375,0.81791074,0.12228529675306705,0.49081664924999996,0.9543830402499999,0.4635663909999999,0.15451048101795525,0.0882818174922325,-0.58320369325,0.8036562394999999,2.267164676040376,0.454504214076625,2.125855341922205,0.020625,Abura-Asebu-Kwamankese,DHS 2022,2022,High,Very high (≥50%),79.1%,[49.1%–95.4%],15%
Pooled,GHA,74,2,0.271509014117375,0.24721803,0.14371921500917906,0.06479666255000001,0.6117882027499999,0.5469915401999998,0.5293349669305947,0.12738720000354087,-0.47895173224999993,0.7778757099999997,0.7928482651046835,0.1174953311994875,1.7964841832469938,0.248,Agona East,DHS 2022,2022,Low,High (20-50%),27.2%,[6.5%–61.2%],53%
Pooled,GHA,75,2,0.6371576334425,0.6369752200000001,0.022661673406443126,0.59250442825,0.68045617175,0.0879517434999999,0.035566823996134735,0.03907422013051705,-0.59855543075,0.6745377579999998,1.8387376179872597,0.392118912940875,2.789370177967403,0.011375,Agona West,DHS 2022,2022,High,Very high (≥50%),63.7%,[59.3%–68.0%],4%
Pooled,GHA,76,2,0.09920270103175,0.08781977,0.05384961008076822,0.027981255700000002,0.2336879722499999,0.2057067165499999,0.542824031207916,-0.007553055386653,-0.64436058125,0.6276279789999998,0.163696115901174,0.004574889954825,0.770846188613093,0.433125,Ajumako-Enyan-Essiam,DHS 2022,2022,Low,Moderate (5-20%),9.9%,[2.8%–23.4%],54%
Pooled,GHA,77,2,0.64470833576,0.651832035,0.10864881606204291,0.41123265475,0.83242434875,0.42119169400000006,0.1685239821414201,-0.06115919404513,-0.6899756742500001,0.5481321719999995,1.6935256540020482,0.363427546523625,2.203175827675951,0.035875,Asikuma-Odoben-Brakwa,DHS 2022,2022,Medium,Very high (≥50%),64.5%,[41.1%–83.2%],17%
Pooled,GHA,78,2,0.148175082868,0.14685837499999999,0.024418669286615118,0.10495432425000001,0.20145330975,0.0964989855,0.1647960562193051,-0.0019963498631212495,-0.6598921845,0.6355427909999997,0.5742719186898465,0.0393553333272125,1.250468730672354,0.240875,Assin Central,DHS 2022,2022,Medium,Moderate (5-20%),14.8%,[10.5%–20.1%],16%
Pooled,GHA,79,2,0.7573587532,0.7828335399999999,0.13342358152080833,0.44504337400000005,0.9431426937499999,0.4980993197499999,0.1761695906425662,0.041362215519124876,-0.54967826675,0.6311721152499996,1.9936122848492175,0.409344874915875,1.8511830542249545,0.032625,Assin North,DHS 2022,2022,Medium,Very high (≥50%),75.7%,[44.5%–94.3%],18%
Pooled,GHA,80,2,0.21436334918125,0.21403001,0.01664007865704255,0.183551268,0.24880577125000003,0.06525450325000004,0.07762557694959746,-0.008688234924960625,-0.58551675825,0.5872404962499999,0.5736191665056679,0.0567787624393,1.1150687660669378,0.23675,Assin South,DHS 2022,2022,High,High (20-50%),21.4%,[18.4%–24.9%],8%
Pooled,GHA,81,2,0.72122345482125,0.743607285,0.14426845000426824,0.386763892,0.933494466,0.5467305739999999,0.20003294268906455,0.11903208832770913,-0.5373090792499999,0.7954907604999998,1.6411283593075596,0.343707787067375,1.4535686802679588,0.066875,Awutu Senya East,DHS 2022,2022,Medium,Very high (≥50%),72.1%,[38.7%–93.3%],20%
Pooled,GHA,82,2,0.2023305384245,0.17680492,0.11970732702931747,0.04504853760000001,0.5017523927499998,0.45670385514999984,0.5916424083158681,0.243535006158889,-0.4049521865,0.9746589447499998,0.18728122427699573,0.0254580755185375,0.7443702740795349,0.43675,Awutu Senya West,DHS 2022,2022,Low,High (20-50%),20.2%,[4.5%–50.2%],59%
Pooled,GHA,83,2,0.60233021317625,0.60242635,0.023620157280355953,0.553905976,0.648104644,0.09419866799999999,0.039214631382677084,-0.03754562431208267,-0.8209839484999999,0.7251982232499996,1.8840704212823693,0.38738570234812497,3.2529661658058098,0.009875,Cape Coast,DHS 2022,2022,High,Very high (≥50%),60.2%,[55.4%–64.8%],4%
Pooled,GHA,84,2,0.15064510953,0.15041678,0.012628364510242233,0.12723671174999998,0.17720469949999998,0.04996798775,0.08382857266088267,-0.12355794036942674,-0.89677809725,0.5980115227499998,1.0294269450756286,0.07406859616255,2.502961219918321,0.106625,Effutu,DHS 2022,2022,High,Moderate (5-20%),15.1%,[12.7%–17.7%],8%
Pooled,GHA,85,2,0.89865377229875,0.9080617049999999,0.04718240697785737,0.7812175445,0.963648052,0.1824305075,0.05250343172450621,-0.071847368793838,-0.807501351,0.6579812719999996,4.131883253580687,0.755819299770875,6.083348296828939,0,Ekumfi,DHS 2022,2022,High,Very high (≥50%),89.9%,[78.1%–96.4%],5%
Pooled,GHA,86,2,0.218461109872375,0.193122205,0.12406016670708198,0.048176844575,0.5217366357500001,0.4735597911750001,0.5678821588865769,-0.00540332680926,-0.803656957,0.7821565837499997,1.4669114848466174,0.150229338428525,4.675356543072312,0.091,Gomoa Central,DHS 2022,2022,Low,High (20-50%),21.8%,[4.8%–52.2%],57%
Pooled,GHA,87,2,0.85575335797625,0.85625491,0.012244961484197153,0.8303778209999999,0.87856906075,0.04819123975000006,0.014308984440510944,-0.0133817951494455,-0.652639025,0.6222805919999999,1.780408746030083,0.35504955037275,1.026799153408353,0.013625,Gomoa East,DHS 2022,2022,High,Very high (≥50%),85.6%,[83.0%–87.9%],1%
Pooled,GHA,88,2,0.2314046185214,0.20595491500000002,0.12720137428830602,0.054678131075,0.5377595289999999,0.48308139792499993,0.5496924612009962,-0.04820576029064062,-0.6900614677499999,0.5697365224999994,-0.17166535967425872,-0.031468488914225,0.27159490593681646,0.562125,Gomoa West,DHS 2022,2022,Low,High (20-50%),23.1%,[5.5%–53.8%],55%
Pooled,GHA,89,2,0.92106074012625,0.921308835,0.007147688584000353,0.906567892,0.934349704,0.02778181199999996,0.007760279287357985,-0.08367609588105437,-0.8331178752499999,0.6364834709999997,2.8055194957475114,0.496213193016875,1.7055085770138916,2.5e-4,Komenda-Edina-Eguafo-Abirem-,DHS 2022,2022,High,Very high (≥50%),92.1%,[90.7%–93.4%],1%
Pooled,GHA,90,2,0.097268001493625,0.096862527,0.008690286506384322,0.081260269275,0.11496438149999999,0.033704112224999985,0.08934373455749359,-0.12694909407617513,-0.925217807,0.6032885292499992,-0.7800218701121135,-0.1180894032776625,-0.3359917254774531,0.839875,Mfantseman,DHS 2022,2022,High,Moderate (5-20%),9.7%,[8.1%–11.5%],9%
Pooled,GHA,91,2,0.8557896594075,0.85621328,0.01236209154770293,0.8301994697499999,0.8791230795,0.0489236097500001,0.0144452452910704,-0.10138595003449613,-0.712299815,0.48810977724999904,2.5552889067863815,0.520282404527125,2.350588922297452,0.00125,Twifo-Atti-Morkwa,DHS 2022,2022,High,Very high (≥50%),85.6%,[83.0%–87.9%],1%
Pooled,GHA,92,2,0.242413830716,0.216546865,0.1334446931215231,0.05528123025,0.5625711799999998,0.5072899497499999,0.5504830014334465,-0.04560406100744375,-0.72584808875,0.6399772069999996,0.6500167959301786,0.091772341366,1.5254919247783514,0.277375,Twifo-Hemang-Lower Denkyira,DHS 2022,2022,Low,High (20-50%),24.2%,[5.5%–56.3%],55%
Pooled,GHA,93,2,0.728703526515,0.75255954,0.14059504123579142,0.3911372965,0.93140069625,0.5402633997499999,0.19293860413738143,-0.022180362193750875,-0.6971984179999999,0.6212660219999997,2.380019173161828,0.5024083087608749,2.5178468053945475,0.002375,Upper Denkyira East,DHS 2022,2022,Medium,Very high (≥50%),72.9%,[39.1%–93.1%],19%
Pooled,GHA,94,2,0.206371959594875,0.18027543000000001,0.12188057259158416,0.045537268500000005,0.50404414025,0.45850687175,0.5905868841428151,0.0291695859789,-0.601630393,0.6763697074999999,0.33369258249192707,0.044826336065725,1.015543857289071,0.38475,Upper Denkyira West,DHS 2022,2022,Low,High (20-50%),20.6%,[4.6%–50.4%],59%
Pooled,GHA,95,2,0.77337737769125,0.77782019,0.05181066447494304,0.661560617,0.86231801575,0.20075739874999998,0.06699273339183066,0.01623508034679275,-0.6722304689999999,0.7062898174999998,1.9799911235022092,0.437160403868875,1.6506965841994654,0.001,Abuakwa North,DHS 2022,2022,High,Very high (≥50%),77.3%,[66.2%–86.2%],7%
Pooled,GHA,96,2,0.19554352795,0.170323745,0.11514772697594647,0.04291941405,0.472300598,0.42938118395,0.588859821560494,0.24526004697754777,-0.35147743324999997,0.9358931289999993,-0.6482870679808848,-0.08707566142875,-0.30440145778794603,0.793625,Abuakwa South,DHS 2022,2022,Low,Moderate (5-20%),19.6%,[4.3%–47.2%],59%
Pooled,GHA,97,2,0.831870551425,0.832297655,0.013982635760827892,0.8031601675000001,0.8577090099999999,0.054548842499999806,0.016808667811206372,0.04134678168815899,-0.64903289775,0.7237942859999998,3.0745628018253037,0.61666644929125,4.927921547926944,0,Achiase,DHS 2022,2022,High,Very high (≥50%),83.2%,[80.3%–85.8%],2%
Pooled,GHA,98,2,0.22596447254625,0.202837355,0.12642342912370427,0.0518484817,0.5383110719999998,0.48646259029999983,0.5594836555460202,0.12204979942683412,-0.5216734512499999,0.7989840914999997,1.4218091582569665,0.1523072398728875,4.351524790674116,0.10225,Akwapem North,DHS 2022,2022,Low,High (20-50%),22.6%,[5.2%–53.8%],56%
Pooled,GHA,99,2,0.72038582706125,0.74477717,0.14393971123541396,0.39027151100000007,0.9266657295,0.5363942184999999,0.1998091936686251,0.11767509840053463,-0.56049847475,0.8407590837499996,1.4982233346423706,0.31441295909425,1.2276525279033466,0.08725,Akwapem South,DHS 2022,2022,Medium,Very high (≥50%),72.0%,[39.0%–92.7%],20%
Pooled,GHA,100,2,0.10121997992925,0.101003645,0.008835066856708899,0.084645304699999993,0.1193727555,0.034727450800000004,0.08728579933412721,0.027383470663287723,-0.5736857240000001,0.6147673984999991,-0.6693562940953556,-0.10504374866025,-0.26490306286583015,0.794125,Akyemansa,DHS 2022,2022,High,Moderate (5-20%),10.1%,[8.5%–11.9%],9%
Pooled,GHA,101,2,0.50326038428375,0.503586555,0.024455886009158417,0.45531188775000003,0.5509413049999999,0.0956294172499999,0.04859489594827638,0.21977670010903236,-0.3514468862499999,0.8650171592499999,0.9085846629474622,0.21055928086,0.7759124798504627,3.75e-4,Asene-Manso-Akroso,DHS 2022,2022,High,Very high (≥50%),50.3%,[45.5%–55.1%],5%
Pooled,GHA,102,2,0.162573476822975,0.13700445,0.10569279310129476,0.03270730695000001,0.4281446387499998,0.3954373317999998,0.6501232253055819,0.026756278557126874,-0.62127661625,0.6811697177499998,0.29172920702759,0.0353886454722375,0.9919437733290769,0.3925,Asuogyaman,DHS 2022,2022,Low,Moderate (5-20%),16.3%,[3.3%–42.8%],65%
Pooled,GHA,103,2,0.76573712777125,0.7933256799999999,0.13266278620793134,0.45026357575000003,0.9476252042500001,0.49736162850000004,0.17324847052154682,0.2706919869833898,-0.32162768450000007,0.9504860327499998,2.034844309880307,0.43296752665,1.3111753446585368,0.00475,Atiwa East,DHS 2022,2022,Medium,Very high (≥50%),76.6%,[45.0%–94.8%],17%
Pooled,GHA,104,2,0.247948435572,0.22249034,0.13750982732445882,0.05655557235000001,0.5807313162499999,0.5241757438999999,0.5545904212189647,0.0974111039162315,-0.5471195584999999,0.7638402697499996,0.8247522360019774,0.1137975186426,1.927481313523493,0.227875,Atiwa West,DHS 2022,2022,Low,High (20-50%),24.8%,[5.7%–58.1%],55%
Pooled,GHA,105,2,0.83213736347125,0.832531675,0.014117507256846228,0.80380129575,0.85844478275,0.05464348699999999,0.01696535677469791,0.13039958958411,-0.4935995085,0.7983724694999997,2.7046477011643213,0.5779594403505,2.4603088801836748,0,Ayensuano,DHS 2022,2022,High,Very high (≥50%),83.2%,[80.4%–85.8%],2%
Pooled,GHA,106,2,0.251903894010875,0.226309115,0.1383572815144328,0.058208825525,0.58193145525,0.523722629725,0.5492462991003217,0.06651093881993288,-0.6422862265,0.79288848175,0.9799346461598031,0.1410203907995,1.9826982736349221,0.16425,Birim Central,DHS 2022,2022,Low,High (20-50%),25.2%,[5.8%–58.2%],55%
Pooled,GHA,107,2,0.7168240619275,0.740251075,0.14194447904921895,0.38537434800000003,0.926167898,0.54079355,0.19801857469396067,0.0615455306285725,-0.5800268005,0.7078182224999999,1.7710714499094355,0.372068357684375,1.7479434496189648,0.05225,Birim North,DHS 2022,2022,Medium,Very high (≥50%),71.7%,[38.5%–92.6%],20%
Pooled,GHA,108,2,0.20245446448175,0.1782954,0.11765721668601024,0.04373912295000001,0.4865640994999999,0.4428249765499999,0.5811539744860321,0.03521650104316462,-0.6147090535,0.67482776125,0.5122350675169589,0.064379196621075,1.3566338557862274,0.32225,Birim South,DHS 2022,2022,Low,High (20-50%),20.2%,[4.4%–48.7%],58%
Pooled,GHA,109,2,0.7323095815825,0.757035975,0.14014188098747082,0.40612906475000005,0.93573793975,0.5296088749999999,0.19136972192092344,0.034668539049196374,-0.6060358020000001,0.6578147054999999,1.5441445675151433,0.3332233590975,0.8414939038353735,0.02425,Denkyembour,DHS 2022,2022,Medium,Very high (≥50%),73.2%,[40.6%–93.6%],19%
Pooled,GHA,110,2,0.2188080629563125,0.193438555,0.128572523956338,0.046528058025,0.5383573044999997,0.49182924647499976,0.5876041413611388,-0.06245013302516875,-0.7361504309999999,0.5709656814999998,0.37967447585218256,0.0540942281840875,1.048512661966301,0.36225,Fanteakwa North,DHS 2022,2022,Low,High (20-50%),21.9%,[4.7%–53.8%],59%
Pooled,GHA,111,2,0.58546310509,0.585643285,0.024019211207287883,0.53815233975,0.631280267,0.09312792724999996,0.04102600317332643,0.07814298101383263,-0.580514208,0.7352349014999999,1.7026385776092314,0.375391537263375,1.990057801908499,0,Fanteakwa South,DHS 2022,2022,High,Very high (≥50%),58.5%,[53.8%–63.1%],4%
Pooled,GHA,112,2,0.1731196778925,0.14699313,0.10939513164599163,0.03489936022500001,0.4574096419999998,0.4225102817749998,0.6319046625879318,-0.021953989597032625,-0.6660508929999999,0.6199328919999999,0.399729308953745,0.056920435501,0.926788086606138,0.342375,Kwaebibirem,DHS 2022,2022,Low,Moderate (5-20%),17.3%,[3.5%–45.7%],63%
Pooled,GHA,113,2,0.9270774932525,0.9273851099999999,0.006814669971206788,0.9130134029999999,0.9394553154999999,0.026441912500000053,0.0073507015549462125,-0.10744903127248757,-0.7166832384999999,0.47455848899999986,3.0016723961411533,0.537278028335,1.432506205328157,0,Kwahu Afram Plains North,DHS 2022,2022,High,Very high (≥50%),92.7%,[91.3%–93.9%],1%
Pooled,GHA,114,2,0.3062473548165,0.282440595,0.1538881610770054,0.074937192725,0.6571682409999999,0.5822310482749999,0.5024962947654306,-0.07470046981855212,-0.63437866475,0.44279446199999994,0.695985596934539,0.12612526267225,1.16534222751349,0.24475,Kwahu Afram Plains South,DHS 2022,2022,Low,High (20-50%),30.6%,[7.5%–65.7%],50%
Pooled,GHA,115,2,0.58930638304625,0.591434785,0.07615848421594433,0.436875795,0.7311037810000001,0.29422798600000005,0.12923410709089037,0.11281650231965362,-0.49759787749999995,0.7690635987499997,2.05933994648942,0.4176182104425,3.420035079970837,0.002,Kwahu East,DHS 2022,2022,High,Very high (≥50%),58.9%,[43.7%–73.1%],13%
Pooled,GHA,116,2,0.105313596366625,0.10492075000000001,0.00941264908918701,0.08806592079999999,0.12466568224999998,0.03659976144999999,0.08937733981108235,0.04595742711578087,-0.6219806505,0.7366984532499999,0.5209229146721817,0.033216143475,0.827299536929909,0.157125,Kwahu South,DHS 2022,2022,High,Moderate (5-20%),10.5%,[8.8%–12.5%],9%
Pooled,GHA,117,2,0.4539586477825,0.4539911,0.06429581887956824,0.330643057,0.5803662072499999,0.24972315024999986,0.1416336470152972,-0.0139009333112075,-0.6709797582499999,0.5991080994999994,0.6307468634088345,0.12734490258775,0.854408991003614,0.222625,Kwahu West,DHS 2022,2022,High,High (20-50%),45.4%,[33.1%–58.0%],14%
Pooled,GHA,118,2,0.0311894971833,0.028881548,0.013063129292410701,0.01289981465,0.06336909689999998,0.050469282249999976,0.4188310319861514,0.07873697168660314,-0.6036310665,0.8033902692499997,-1.3983511594155038,-0.089294306975325,-0.6618644220762124,0.976625,Lower Manya-Krobo,DHS 2022,2022,Low,Low (1-5%),3.1%,[1.3%–6.3%],42%
Pooled,GHA,119,2,0.607966016663375,0.6219083599999999,0.16843226090521385,0.25631486475,0.8888350104999999,0.6325201457499999,0.2770422298101461,-0.018076235721057987,-0.67849706,0.6356228722499999,1.2629031915732258,0.270677353945125,1.3786124021884683,0.133625,New Juaben North,DHS 2022,2022,Medium,Very high (≥50%),60.8%,[25.6%–88.9%],28%
Pooled,GHA,120,2,0.13256363324,0.108817275,0.0897467377932605,0.02597680145,0.3672217662499999,0.34124496479999994,0.6770087361047084,0.1081644830633585,-0.49937018675,0.7509034792499998,-0.1488555334644628,7.753264476249997e-4,0.13383394806676577,0.567,New Juaben South,DHS 2022,2022,Low,Moderate (5-20%),13.3%,[2.6%–36.7%],68%
Pooled,GHA,121,2,0.8216747524025,0.82622212,0.04417627379947595,0.7232379954999999,0.89616274575,0.1729247502500001,0.053763698677985014,0.17717987946470945,-0.4976988617499999,0.9224103529999998,1.7228375400381406,0.36294113882125,0.796185213930095,0,Nsawam Adoagyiri,DHS 2022,2022,High,Very high (≥50%),82.2%,[72.3%–89.6%],5%
Pooled,GHA,122,2,0.244478838324875,0.22178601,0.13299893016297276,0.05722331707500001,0.5609038609999999,0.5036805439249998,0.5440099890618653,0.1806918211907524,-0.46875002525,0.8851055172499998,0.6314143056477638,0.10493610701225,1.0770599800609026,0.244875,Okere,DHS 2022,2022,Low,High (20-50%),24.4%,[5.7%–56.1%],54%
Pooled,GHA,123,2,0.53570817059575,0.540860475,0.1761105078003249,0.18971789725000002,0.8498290492499998,0.6601111519999998,0.328743367129301,0.08667467305844474,-0.539057043,0.7334532409999998,-0.3938107937964512,-0.09897160488175,-0.15262310905980503,0.68075,Suhum,DHS 2022,2022,Medium,Very high (≥50%),53.6%,[19.0%–85.0%],33%
Pooled,GHA,124,2,0.101218110137075,0.08069604699999999,0.07516259162438023,0.017305176425,0.30630905624999993,0.2890038798249999,0.7425804682836995,0.02462078562159105,-0.5827396885,0.6210723877500001,-0.958729815540563,-0.086837967547925,-0.4479299118963465,0.871125,Upper Manya,DHS 2022,2022,Low,Moderate (5-20%),10.1%,[1.7%–30.6%],74%
Pooled,GHA,125,2,0.624761524785,0.632464835,0.11955542602469564,0.3753182625,0.8331104965,0.457792234,0.1913616976747062,0.1858783880890567,-0.402409621,0.8360185002499997,1.2844028492574295,0.2814849544655,1.4366832311142053,0.093125,Upper West Akim,DHS 2022,2022,Medium,Very high (≥50%),62.5%,[37.5%–83.3%],19%
Pooled,GHA,126,2,0.192530935984675,0.166635325,0.11732858961765323,0.04071222007500001,0.4879544599999999,0.4472422399249999,0.6094012321583079,0.13927316491004438,-0.45559309224999994,0.7646244017499998,0.15604303243729786,0.0212278856258625,0.7089685051880327,0.447375,West Akim,DHS 2022,2022,Low,Moderate (5-20%),19.3%,[4.1%–48.8%],61%
Pooled,GHA,127,2,0.8872003382475,0.887535235,0.00984094515937353,0.86714104125,0.9056931162499999,0.03855207499999991,0.011092134138285492,0.17923031901131609,-0.40977958675,0.8109820872499997,2.889591144923766,0.5619752821725,2.6123624066846896,0,Yilo-Krobo,DHS 2022,2022,High,Very high (≥50%),88.7%,[86.7%–90.6%],1%
Pooled,GHA,128,2,0.258628575409875,0.231977565,0.13885061028014595,0.0618421947,0.5897615947499999,0.5279194000499999,0.5368726563184105,0.09440187333748624,-0.6975432545,0.9481450234999989,1.0258708617495813,0.155521940072875,1.7891974313149477,0.11575,Ablekuma Central,DHS 2022,2022,Low,High (20-50%),25.9%,[6.2%–59.0%],54%
Pooled,GHA,129,2,0.6534543337375,0.65889871,0.08919314538113686,0.46689548524999996,0.81103326125,0.344137776,0.13649484099521905,0.0657709197883415,-0.645244991,0.7748648489999997,1.209322321074855,0.272396502594,1.1944103879339678,0.08,Ablekuma North,DHS 2022,2022,High,Very high (≥50%),65.3%,[46.7%–81.1%],14%
Pooled,GHA,130,2,0.07399189511625,0.0691969795,0.028556695119898022,0.03229798395,0.14345220749999996,0.11115422354999996,0.38594355604802505,0.08575589734347196,-0.69163263825,0.9077723864999999,-0.912289067916832,-0.108422728630775,-0.3807827881881288,0.845625,Ablekuma West,DHS 2022,2022,Low,Moderate (5-20%),7.4%,[3.2%–14.3%],39%
Pooled,GHA,131,2,0.65645750602625,0.67642521,0.15830572853286212,0.31310658525,0.9046583315,0.59155174625,0.24115152478206547,0.13537707143231786,-0.627707314,0.9229994324999998,1.4198670230166572,0.3026126964615,1.4568781574011311,0.103,Accra,DHS 2022,2022,Medium,Very high (≥50%),65.6%,[31.3%–90.5%],24%
Pooled,GHA,132,2,0.16655461596125,0.166226675,0.01380444055192519,0.1409295845,0.194762025,0.053832440499999995,0.08288236547666071,0.1739221213611606,-0.61238416825,1.0304413925,0.37603516253523683,0.035013439221875,0.5718982390435065,0.243875,Ada East,DHS 2022,2022,High,Moderate (5-20%),16.7%,[14.1%–19.5%],8%
Pooled,GHA,133,2,0.674706707348375,0.6934134750000001,0.15332089481180147,0.3348223815,0.9131306779999999,0.5783082964999999,0.22724080425161158,0.13731535499672026,-0.5682478767499999,0.8782846025,2.1118613116160367,0.458087382355875,2.1326718531649003,0.003625,Ada West,DHS 2022,2022,Medium,Very high (≥50%),67.5%,[33.5%–91.3%],23%
Pooled,GHA,134,2,0.16700527006725,0.15407625,0.07397321053598768,0.058588300475,0.34311975674999995,0.28453145627499993,0.4429393785369768,0.10668716665618087,-0.6266579735,0.8676578114999991,0.023247472895631848,0.009583295956,0.1680334494785269,0.485125,Adenta,DHS 2022,2022,Low,Moderate (5-20%),16.7%,[5.9%–34.3%],44%
Pooled,GHA,135,2,0.650414290596125,0.6670869500000001,0.16210280859412973,0.3050898675,0.9085805809999999,0.6034907134999999,0.249230084482857,0.111256759812401,-0.607397456,0.8926636034999998,1.32220982306138,0.283089890687125,1.2534417671475404,0.11225,Ashaiman,DHS 2022,2022,Medium,Very high (≥50%),65.0%,[30.5%–90.9%],25%
Pooled,GHA,136,2,0.0677854093855,0.06748283,0.006278212845404276,0.056397892474999996,0.080912055325,0.02451416285,0.0926189411898315,0.09312708712956425,-0.6661708295000001,0.8941967697499993,-0.6843391294875293,-0.058151733893,-0.45771318438524927,1,Ayawaso Central,DHS 2022,2022,High,Moderate (5-20%),6.8%,[5.6%–8.1%],9%
Pooled,GHA,137,2,0.66602463004625,0.666289865,0.022032549837870875,0.6223752490000001,0.7074373235,0.08506207449999992,0.0330806832719398,0.0861988976560125,-0.64759444325,0.8673356067499977,0.009058734619841254,0.0020133145612500005,0.004150072289577511,0.474125,Ayawaso East,DHS 2022,2022,High,Very high (≥50%),66.6%,[62.2%–70.7%],3%
Pooled,GHA,138,2,0.137486353834025,0.112667675,0.0946396179732261,0.025227461250000003,0.38287306474999966,0.35764560349999963,0.6883564465421497,0.134960448604227,-0.59032530025,0.9141963484999992,-1.904803462229173,-0.325543563780975,-0.7023637043794472,0.98975,Ayawaso North,DHS 2022,2022,Low,Moderate (5-20%),13.7%,[2.5%–38.3%],69%
Pooled,GHA,139,2,0.46416542041,0.46380646000000003,0.02412797729342227,0.4172771755,0.5128764552499999,0.09559927974999993,0.05198141919342007,0.09139689622621093,-0.56795213925,0.7734530509999996,0.32632052519149457,0.074791411725,0.2820579281331777,0.233375,Ayawaso West,DHS 2022,2022,High,High (20-50%),46.4%,[41.7%–51.3%],5%
Pooled,GHA,140,2,0.111674042031575,0.08944975899999999,0.08021056624593144,0.020144022600000002,0.32061904099999994,0.30047501839999996,0.7182561389087404,0.09479865154190875,-0.64713742775,0.8741701114999996,-0.5347811171386412,-0.0372988632443,-0.20161807555399752,0.737125,Ga Central,DHS 2022,2022,Low,Moderate (5-20%),11.2%,[2.0%–32.1%],72%
Pooled,GHA,141,2,0.587889889002875,0.59903171,0.17069303383776338,0.2371540095,0.8802636565,0.6431096470000001,0.2903486469673382,0.082270705861335,-0.595085872,0.796515768,1.8631864877010862,0.384324220036625,2.563642893095505,0.026375,Ga East,DHS 2022,2022,Medium,Very high (≥50%),58.8%,[23.7%–88.0%],29%
Pooled,GHA,142,2,0.050903811691,0.0506848245,0.004766249741776972,0.042224150475,0.060663089525,0.01843893905,0.09363247237180204,0.12027791097249049,-0.5834171042499999,0.8743493702499995,-0.21154071693847182,-0.0210444876009125,-0.01302072397229122,0.632,Ga North,DHS 2022,2022,High,Moderate (5-20%),5.1%,[4.2%–6.1%],9%
Pooled,GHA,143,2,0.56121086032875,0.564828305,0.1175883590444505,0.3258297325,0.7781281554999999,0.4522984229999999,0.20952616450716718,0.10088000504300387,-0.6041549285,0.8434869534999999,0.43042133474924826,0.103411806575,0.22934678407222597,0.2025,Ga South,DHS 2022,2022,Medium,Very high (≥50%),56.1%,[32.6%–77.8%],21%
Pooled,GHA,144,2,0.09016969208125,0.08872603949999999,0.01609914000000711,0.062417046125,0.12475320574999997,0.06233615962499997,0.17854269686870525,0.10761326445496425,-0.5856823837499999,0.8368065184999997,-0.18646758790271342,-0.02869616253025,0.012374869780360169,0.61125,Ga West,DHS 2022,2022,Medium,Moderate (5-20%),9.0%,[6.2%–12.5%],18%
Pooled,GHA,145,2,0.8301400565575,0.83070187,0.014014781993960841,0.80120665925,0.8558367117500001,0.05463005250000008,0.016882430721484046,0.09396599067393263,-0.6483181795,0.86291314275,1.356311839582132,0.2753472793975,0.5835704153822125,0.00475,Korle-Klottey,DHS 2022,2022,High,Very high (≥50%),83.0%,[80.1%–85.6%],2%
Pooled,GHA,146,2,0.141862721036825,0.117784515,0.09591463871734819,0.0254345566,0.3930620837499999,0.3676275271499999,0.6761088326541437,0.118796044259681,-0.56350205525,0.8414982642499997,-0.36914237137801464,-0.0456811371273,0.14787187833872498,0.6335,Kpone-Katamanso,DHS 2022,2022,Low,Moderate (5-20%),14.2%,[2.5%–39.3%],68%
Pooled,GHA,147,2,0.25535167629625,0.255080795,0.01899720417662802,0.21961955475,0.29379039474999996,0.07417083999999996,0.0743962383649604,0.09028095382230625,-0.73628812025,0.9385542099999998,-1.1692494530331599,-0.26782453866625,-0.49180183456993165,0.996,Krowor,DHS 2022,2022,High,High (20-50%),25.5%,[22.0%–29.4%],7%
Pooled,GHA,148,2,0.103696439036725,0.0829026475,0.07476548357124752,0.018690626550000002,0.2931176442499999,0.27442701769999994,0.7210033851284774,0.08107283899612944,-0.6691997035,0.8708963099999989,-0.1054882272743049,0.0055104637282250004,0.2205087217282989,0.5485,La-Dade-Kotopon,DHS 2022,2022,Low,Moderate (5-20%),10.4%,[1.9%–29.3%],72%
Pooled,GHA,149,2,0.61637935407875,0.616548435,0.02385768183398817,0.568455243,0.6631218594999999,0.09466661649999986,0.03870616638295133,0.16276879966276822,-0.5256245042500001,0.9115757137499994,0.8475821104416181,0.20588002955375,0.5655048848957759,0.00975,La-Nkwantanang-Madina,DHS 2022,2022,High,Very high (≥50%),61.6%,[56.8%–66.3%],4%
Pooled,GHA,150,2,0.162441230497,0.13779126,0.10343793736614193,0.033910009425,0.42783733825,0.393927328825,0.6367714468159748,0.0363988731305315,-0.7329938684999999,0.80676443975,0.5971252988076339,0.07286702480275,1.2686253816086113,0.262625,Ledzokuku,DHS 2022,2022,Low,Moderate (5-20%),16.2%,[3.4%–42.8%],64%
Pooled,GHA,151,2,0.43283155092125,0.432443615,0.024349909430054724,0.38532297675,0.48141008724999995,0.09608711049999996,0.05625724228797032,0.13660125331089887,-0.6322386764999999,0.928812451,-0.026196877779575408,-0.007788565192499999,0.015889133164108796,0.526625,Ningo-Prampram,DHS 2022,2022,High,High (20-50%),43.3%,[38.5%–48.1%],6%
Pooled,GHA,152,2,0.1435852630717875,0.12158533499999999,0.09462139610499627,0.0281922996,0.3897855139999997,0.3615932143999997,0.6589910000561057,0.15725669419267013,-0.5240489115,0.89433529875,-0.03652234638835907,0.0069633464150375005,0.32133797993721613,0.5135,Okaikwei North,DHS 2022,2022,Low,Moderate (5-20%),14.4%,[2.8%–39.0%],66%
Pooled,GHA,153,2,0.5573524963225,0.56053095,0.11144844662317481,0.3358851535,0.76281373475,0.42692858125000005,0.19996043322408943,0.27902577068817463,-0.29723729474999994,0.9013709259999999,1.2848421685293259,0.294518793165,1.1759458425149953,0.007375,Shai Osudoku,DHS 2022,2022,Medium,Very high (≥50%),55.7%,[33.6%–76.3%],20%
Pooled,GHA,154,2,0.146327112376,0.139880255,0.04726691590983561,0.0727628477,0.2548428855,0.1820800378,0.3230222693685039,0.11660302579840726,-0.7123794807500001,0.9630304899999999,0.00125868579769778,-0.0174794986910125,0.35740535957718417,0.50275,Tema,DHS 2022,2022,Medium,Moderate (5-20%),14.6%,[7.3%–25.5%],32%
Pooled,GHA,155,2,0.61102408612875,0.61775261,0.12542485627982727,0.35496097625000006,0.82959613975,0.47463516349999996,0.20526990527407585,0.10998274054136588,-0.65050685,0.9185108759999996,1.1787343031624127,0.2775772385,0.8405456792390524,0.019625,Tema West,DHS 2022,2022,Medium,Very high (≥50%),61.1%,[35.5%–83.0%],21%
Pooled,GHA,156,2,0.07416323141525,0.068157736,0.03333658307948687,0.027064652374999998,0.15531253974999995,0.12824788737499995,0.4495028391202484,-0.01011539591785425,-0.70714038925,0.6868166874999999,-0.6182312047607313,-0.0673133988771875,-0.19153450539361955,0.746125,Weija Gbawe,DHS 2022,2022,Low,Moderate (5-20%),7.4%,[2.7%–15.5%],45%
Pooled,GHA,157,2,0.182337986815,0.17930297,0.04084225754834203,0.111512864,0.272757305,0.16124444100000002,0.22399203951824126,-0.05599174173343425,-0.63231645375,0.5105412805,-1.4460644493618442,-0.29891314833,-0.6017376804843453,0.99775,Bunkpurugu Nakpanduri,DHS 2022,2022,Medium,Moderate (5-20%),18.2%,[11.2%–27.3%],22%
Pooled,GHA,158,2,0.0248593203037625,0.023718581500000002,0.007885354111088243,0.01277327775,0.043589184774999984,0.030815907024999985,0.3171991033839643,0.04195541323992625,-0.6206458857499999,0.7069624944999996,-1.928032871504265,-0.1186914727587375,-0.825562357708449,1,Chereponi,DHS 2022,2022,Medium,Low (1-5%),2.5%,[1.3%–4.4%],32%
Pooled,GHA,159,2,0.8127713965025,0.81320619,0.014920962818764623,0.7815621305,0.84028577225,0.05872364175,0.018358129829583302,-0.22085783029085188,-0.8012040309999999,0.3106010222499997,1.6909671635225525,0.3670233217125,0.8441865770813444,0,East Mamprusi,DHS 2022,2022,High,Very high (≥50%),81.3%,[78.2%–84.0%],2%
Pooled,GHA,160,2,0.1649760475198875,0.13965483,0.10305997316201035,0.03475219257500001,0.42258483749999987,0.38783264492499986,0.6246965829969147,-0.06357001463947187,-0.634008182,0.5009138967499998,-0.056925778507001056,0.0147309923805125,0.13960002569152943,0.53075,Mamprugu Moagduri,DHS 2022,2022,Low,Moderate (5-20%),16.5%,[3.5%–42.3%],62%
Pooled,GHA,161,2,0.58213188545,0.5823145750000001,0.024854169646137333,0.53244939025,0.6295682702500001,0.09711888000000002,0.04269508382438894,-0.21262349026565439,-0.7989903882499999,0.3094787012499999,1.0334169937837085,0.250190113655,0.7612078519078032,0,West Mamprusi,DHS 2022,2022,High,Very high (≥50%),58.2%,[53.2%–63.0%],4%
Pooled,GHA,162,2,0.0415574475228125,0.035633622000000004,0.024889828871031933,0.011235948874999999,0.10638482924999998,0.09514888037499998,0.5989258329056167,0.0029175822356253124,-0.64057860325,0.6353194174999999,-0.9531195927271803,-0.0660788208835625,-0.3594858704930141,0.83525,Yunyoo-Nasuan,DHS 2022,2022,Low,Low (1-5%),4.2%,[1.1%–10.6%],60%
Pooled,GHA,163,2,0.60377186887375,0.609330205,0.11271397849800412,0.36973675949999996,0.80684312475,0.43710636525,0.18668305747377054,0.048596209162935375,-0.50809846925,0.6165321189999998,1.0620880448802184,0.235616068282375,1.1437991157028689,0.131,Gushegu,DHS 2022,2022,Medium,Very high (≥50%),60.4%,[37.0%–80.7%],19%
Pooled,GHA,164,2,0.212795490056875,0.20978464,0.042945145443839705,0.13811431825,0.30681654374999995,0.16870222549999994,0.20181417111970523,0.005757626551829625,-0.56613916775,0.5890586737499994,-0.4636369429939922,-0.0929804642865,-0.22041576384285727,0.799375,Karaga,DHS 2022,2022,Medium,High (20-50%),21.3%,[13.8%–30.7%],20%
Pooled,GHA,165,2,0.72189473646625,0.7223491200000001,0.019645863032096998,0.6821211337499999,0.75916800775,0.0770468740000001,0.02721430430185091,0.0108501984148503,-0.548159097,0.5653699804999999,2.0816940792116188,0.449667741312375,2.8928463992152023,0.006625,Kpandai,DHS 2022,2022,High,Very high (≥50%),72.2%,[68.2%–75.9%],3%
Pooled,GHA,166,2,0.10276879308325,0.101847955,0.014895069730756166,0.07589530785,0.13407438825,0.05817908040000001,0.14493767304136873,-0.010627462602858,-0.60972354325,0.5767186517499994,0.1275825092177485,-0.010838040097875,0.5611705034766917,0.444375,Kumbungu,DHS 2022,2022,High,Moderate (5-20%),10.3%,[7.6%–13.4%],14%
Pooled,GHA,167,2,0.6443362276825,0.644771235,0.022221736354705604,0.5993495214999999,0.68770772,0.08835819850000015,0.03448779596738037,0.10566525683230107,-0.41829297225,0.6514203202499997,2.452810697395719,0.503427673282,4.07057954261007,0,Mion,DHS 2022,2022,High,Very high (≥50%),64.4%,[59.9%–68.8%],3%
Pooled,GHA,168,2,0.1926770688546625,0.16757581,0.11509000281527004,0.0396813919,0.4801124002499998,0.4404310083499998,0.5973207060881913,-0.0035219328411843745,-0.66566074625,0.6711727009999998,0.74027455736716,0.0851908394668375,1.9448003989826081,0.2555,Nanton,DHS 2022,2022,Low,Moderate (5-20%),19.3%,[4.0%–48.0%],60%
Pooled,GHA,169,2,0.71133127811625,0.711965885,0.02037615162177742,0.66863230125,0.7497959862499999,0.08116368499999993,0.02864509441471155,0.13371009705583475,-0.4233838485,0.7358423889999999,1.6754836604914278,0.386713612262625,1.439600904105069,2.5e-4,Nanumba North,DHS 2022,2022,High,Very high (≥50%),71.1%,[66.9%–75.0%],3%
Pooled,GHA,170,2,0.1050185726779625,0.084645597,0.07526438987980565,0.019299804350000005,0.29845155799999995,0.27915175364999995,0.7166769454256677,0.32280473646279423,-0.23703494825,0.9545668139999998,-0.5333387081921797,-0.0436432124057875,-0.1308043811039249,0.711875,Nanumba South,DHS 2022,2022,Low,Moderate (5-20%),10.5%,[1.9%–29.8%],72%
Pooled,GHA,171,2,0.684177195015,0.7052795599999999,0.15195134552120734,0.34187373475,0.91559143375,0.5737176989999999,0.2220935550444296,0.18398834077347825,-0.36097531999999993,0.7880371957499994,1.6231084680773646,0.34312064731437497,1.6973148865749332,0.072,Saboba,DHS 2022,2022,Medium,Very high (≥50%),68.4%,[34.2%–91.6%],22%
Pooled,GHA,172,2,0.17766158341275,0.1521759,0.10961859912564695,0.037320651425,0.45337993849999997,0.41605928707499995,0.6170078923082484,-0.0198443152641575,-0.6911496895,0.6299665897499998,0.24265983828144966,0.028469934453725,0.955114776625039,0.422125,Sagnerigu,DHS 2022,2022,Low,Moderate (5-20%),17.8%,[3.7%–45.3%],62%
Pooled,GHA,173,2,0.74779430494,0.75923665,0.0943851266244834,0.5306791970000001,0.8968806185,0.3662014214999999,0.12621803348991334,0.01764288824178125,-0.54151613425,0.5888805754999998,2.2349516244454106,0.483712383391375,2.268616478263151,5e-4,Savelugu,DHS 2022,2022,High,Very high (≥50%),74.8%,[53.1%–89.7%],13%
Pooled,GHA,174,2,0.19283505615275,0.17585003999999999,0.09090529108249903,0.062531763475,0.40970778799999996,0.34717602452499996,0.47141475671565874,-0.09618966736343597,-0.71161443925,0.48320282999999986,0.985141965379606,0.111820858186875,1.873723722721296,0.09675,Tamale,DHS 2022,2022,Low,Moderate (5-20%),19.3%,[6.3%–41.0%],47%
Pooled,GHA,175,2,0.33894704801625,0.33845964500000003,0.02242497160885918,0.29590524525,0.3844877695,0.08858252425000002,0.06616069306431627,0.13982832103392687,-0.47689099075,0.7908368197499998,-0.11075397692404113,-0.0252308503,-0.06482973981987815,0.772375,Tatale Sanguli,DHS 2022,2022,High,High (20-50%),33.9%,[29.6%–38.4%],7%
Pooled,GHA,176,2,0.074854310921625,0.0715958615,0.024200738113197832,0.03808996475,0.13040182524999996,0.09231186049999997,0.32330453403728243,0.019755482172961625,-0.554228096,0.5905128197499998,-0.25812848617424583,-0.022407199181125,-0.09842218634948509,0.68125,Tolon,DHS 2022,2022,Medium,Moderate (5-20%),7.5%,[3.8%–13.0%],32%
Pooled,GHA,177,2,0.47039778213875,0.47007442499999996,0.057953236162801194,0.35619581225,0.5841769029999999,0.2279810907499999,0.12320048767939795,0.03513275668729114,-0.6339037539999999,0.6750373922499998,0.6663939818608504,0.148879134369375,0.6310348247662351,0.104,Yendi,DHS 2022,2022,High,High (20-50%),47.0%,[35.6%–58.4%],12%
Pooled,GHA,178,2,0.185246851895875,0.178138445,0.0574669684797797,0.093933735225,0.31590417999999987,0.2219704447749999,0.310218327014168,0.24276941938395374,-0.32383315925,0.8564842264999999,0.30790909919717513,0.022357926234525,0.7944664044728204,0.361875,Zabzugu,DHS 2022,2022,Medium,Moderate (5-20%),18.5%,[9.4%–31.6%],31%
Pooled,GHA,179,2,0.66658069681625,0.66705712,0.022220793265786284,0.62156386,0.7087717847499999,0.08720792474999994,0.03333548866914111,-0.120523946456136,-0.7406297385,0.45553100749999975,1.9964429009674278,0.43399931186275,2.7119071943842976,0.001125,Biakoye,DHS 2022,2022,High,Very high (≥50%),66.7%,[62.2%–70.9%],3%
Pooled,GHA,180,2,0.16717933558285,0.14248091499999999,0.10316629947712501,0.03512282957500001,0.43074471324999947,0.39562188367499945,0.6170995901942576,-0.043954788899542914,-0.8201222559999999,0.69039449925,0.2264097503697798,0.0247943341757625,0.9015429091935967,0.413875,Jasikan,DHS 2022,2022,Low,Moderate (5-20%),16.7%,[3.5%–43.1%],62%
Pooled,GHA,181,2,0.85508793961625,0.855551025,0.01252139330453493,0.829684896,0.87827689900000006,0.048592003000000106,0.014643398327140874,0.15681528085309626,-0.43905773099999995,0.796464055,2.7491329559149422,0.579876463475,2.122332737020512,0,Kadjebi,DHS 2022,2022,High,Very high (≥50%),85.5%,[83.0%–87.8%],1%
Pooled,GHA,182,2,0.4144974747,0.414407065,0.02970118678406728,0.35646852275,0.4736064445,0.11713792174999998,0.071655893212773,-0.0031499527727162496,-0.58108108375,0.5754315909999999,1.2574389997138975,0.235278371228875,1.7697358969323296,0.009125,Krachi East,DHS 2022,2022,High,High (20-50%),41.4%,[35.6%–47.4%],7%
Pooled,GHA,183,2,0.66457971958,0.67061438,0.08064935581139528,0.494271784,0.8048871499999999,0.3106153659999999,0.12135392253974275,-0.16414386382632226,-0.7591681822499999,0.376072838,1.1228960716907552,0.255894303996125,1.0217194785423902,0.098,Krachi Nchumuru,DHS 2022,2022,High,Very high (≥50%),66.5%,[49.4%–80.5%],12%
Pooled,GHA,184,2,0.0516003126301125,0.0474456915,0.022296751833219036,0.020563159249999997,0.10622760924999995,0.08566444999999995,0.4321049756626334,0.039876962883766,-0.6334287475,0.708413372,-1.436665188040195,-0.14767453775901251,-0.6128090395139011,0.9425,Krachi West,DHS 2022,2022,Low,Moderate (5-20%),5.2%,[2.1%–10.6%],43%
Pooled,GHA,185,2,0.682334862075,0.6881925449999999,0.08973690392205944,0.48826495575,0.83913579825,0.35087084249999995,0.13151446439240538,0.17917247206037962,-0.43116154275,0.841054083,1.4713534734418416,0.3263869663365,1.527445477132541,0.05175,Nkwanta North,DHS 2022,2022,High,Very high (≥50%),68.2%,[48.8%–83.9%],13%
Pooled,GHA,186,2,0.1536684338335,0.14337486,0.06384390906590666,0.059389568725,0.30451747249999994,0.24512790377499993,0.4154653462212131,-0.06867411800681925,-0.6672339165,0.49409862349999994,0.22632341943878845,0.0217986987695,0.5433914090759551,0.388875,Nkwanta South,DHS 2022,2022,Low,Moderate (5-20%),15.4%,[5.9%–30.5%],42%
Pooled,GHA,187,2,0.73406505246375,0.75981018,0.14285060993162058,0.39566343175,0.9370941639999999,0.5414307322499998,0.19460211251328424,-0.029335568991766627,-0.5914047805,0.5210826534999999,1.760819032136943,0.36655239130825,1.5464692201332417,0.054,Bole,DHS 2022,2022,Medium,Very high (≥50%),73.4%,[39.6%–93.7%],19%
Pooled,GHA,188,2,0.217199532097,0.19256834,0.12452048638565338,0.04690664405,0.5203045572499996,0.4733979131999996,0.573299975296647,-0.1142996701490514,-0.6746262835,0.41333838474999973,0.2718876613837858,0.054991904420125,0.5636103573827149,0.385625,Central Gonja,DHS 2022,2022,Low,High (20-50%),21.7%,[4.7%–52.0%],57%
Pooled,GHA,189,2,0.5883939710675,0.589616005,0.07429826656531714,0.437480692,0.72853614125,0.29105544925,0.12627299091885785,0.06794036824579,-0.5403176695,0.7089600084999998,1.7314482442749344,0.36961613791875,2.3429728708629884,0.004375,East Gonja,DHS 2022,2022,High,Very high (≥50%),58.8%,[43.7%–72.9%],13%
Pooled,GHA,190,2,0.17101202044675,0.16456822,0.051087338497851714,0.08864193265,0.2905007974999999,0.2018588648499999,0.29873536587891125,-0.226567076015907,-0.8301085460000001,0.28310637349999895,0.5699689413155126,0.047512319190075,1.313781884789026,0.261,North East Gonja,DHS 2022,2022,Medium,Moderate (5-20%),17.1%,[8.9%–29.1%],30%
Pooled,GHA,191,2,0.76076365781875,0.78491434,0.13366796011041304,0.435936405,0.94619583975,0.51025943475,0.17570234689399306,-0.11482017449624125,-0.7359059669999999,0.4430039384999997,0.9202763550209182,0.165855104795,0.2807220451820453,0.120875,North Gonja,DHS 2022,2022,Medium,Very high (≥50%),76.1%,[43.6%–94.6%],18%
Pooled,GHA,192,2,0.2388934852495,0.20987145000000001,0.13471704602538215,0.053618339875,0.5603405882499998,0.5067222483749998,0.5639209704052158,0.033868920285518626,-0.5267830109999999,0.6013063622499994,0.5250706046876312,0.0761653066981875,1.2981653092632672,0.32125,Sawla-Tuna-Kalba,DHS 2022,2022,Low,High (20-50%),23.9%,[5.4%–56.0%],56%
Pooled,GHA,193,2,0.8550108884525,0.8555307249999999,0.01219781992017641,0.830332244,0.8777411175000001,0.047408873500000004,0.014266274365527052,-0.080194925618017,-0.7130302117499999,0.5258394229999992,2.408916954176244,0.49051379630225,2.0500485377009716,0.00175,West Gonja,DHS 2022,2022,High,Very high (≥50%),85.5%,[83.0%–87.8%],1%
Pooled,GHA,194,2,0.203158435405,0.177709875,0.12037181291306841,0.042036994975000005,0.4964842687499999,0.4544472737749999,0.59250216548038,-0.13074300503265476,-0.7655773232499999,0.4742204219999997,0.26704631627554476,0.0370851746234125,0.8911453605146554,0.40725,Bawku,DHS 2022,2022,Low,High (20-50%),20.3%,[4.2%–49.6%],59%
Pooled,GHA,195,2,0.7992193273175,0.82600026,0.12054157497457318,0.49944036,0.9585253965000001,0.4590850365000001,0.15082414908453098,-0.20267306785011774,-0.7764295075,0.32536419424999957,2.5534128917559418,0.507570349211625,2.7258639899704766,0.011,Bawku West,DHS 2022,2022,High,Very high (≥50%),79.9%,[49.9%–95.9%],15%
Pooled,GHA,196,2,0.28697558240675,0.26170735,0.15130567383439125,0.067044886325,0.6330128974999994,0.5659680111749994,0.5272423269096652,-0.019667582784170374,-0.6298723432500001,0.5982021154999998,1.148357007643721,0.1642046173633,2.766533022956259,0.1575,Binduri,DHS 2022,2022,Low,High (20-50%),28.7%,[6.7%–63.3%],53%
Pooled,GHA,197,2,0.81636832899,0.816799685,0.015128664418532025,0.7853934652499999,0.8448126017500001,0.05941913650000019,0.018531665035620634,-0.11897689126176088,-0.77151630775,0.51040422925,2.511565709032028,0.527047910822375,2.898890986628842,0.001125,Bolga East,DHS 2022,2022,High,Very high (≥50%),81.6%,[78.5%–84.5%],2%
Pooled,GHA,198,2,0.199847332788375,0.171122905,0.12056296789745229,0.043685076675000004,0.4992960589999997,0.4556109823249997,0.6032753413082597,-0.14727752535573987,-0.7527580965,0.4305902099999999,0.6307307164520841,0.0774610834424875,1.6580123249107128,0.28825,Bolgatanga,DHS 2022,2022,Low,Moderate (5-20%),20.0%,[4.4%–49.9%],60%
Pooled,GHA,199,2,0.66629297731125,0.666676435,0.022042587279038087,0.622281036,0.7084638875,0.08618285150000005,0.03308242474352417,-0.1444761574505331,-0.7713998577500001,0.4202379497499999,1.5362501971740048,0.36500530836125,1.222307381813532,0,Bongo,DHS 2022,2022,High,Very high (≥50%),66.6%,[62.2%–70.8%],3%
Pooled,GHA,200,2,0.183436383465,0.17481296000000002,0.06589121313213954,0.08059663655,0.33588087224999985,0.25528423569999986,0.3592047111237979,-0.2036039603063267,-0.89355529875,0.4186214319999999,0.15764332167117084,0.0060437745360125,0.5445277363505062,0.422625,Builsa North,DHS 2022,2022,Low,Moderate (5-20%),18.3%,[8.1%–33.6%],36%
Pooled,GHA,201,2,0.81456907387,0.8191360599999999,0.04288892411679298,0.72147766875,0.8866411555,0.16516348675000003,0.05265228633469797,0.0479300701880605,-0.5387315625,0.6503247869999997,0.8348437970310619,0.153369579125,0.23338067711562824,0.0035,Builsa South,DHS 2022,2022,High,Very high (≥50%),81.5%,[72.1%–88.7%],5%
Pooled,GHA,202,2,0.26262526411125,0.237142495,0.14126128659735213,0.060730834675,0.5969845707499997,0.5362537360749997,0.5378815593975483,0.0378244845517962,-0.5547961634999998,0.6681681589999997,0.7355517130289702,0.121511243184,1.2976307414671187,0.221,Garu,DHS 2022,2022,Low,High (20-50%),26.3%,[6.1%–59.7%],54%
Pooled,GHA,203,2,0.692296946091625,0.71458273,0.15329950372567888,0.342622048,0.922370933,0.5797488849999999,0.22143605369218228,-0.10316162027889288,-0.6962700074999999,0.46152937324999965,1.8093939272876054,0.378978865921375,1.9897140308253027,0.0575,Kasena Nankana East,DHS 2022,2022,Medium,Very high (≥50%),69.2%,[34.3%–92.2%],22%
Pooled,GHA,204,2,0.182682642402525,0.15460940499999998,0.11596951463965029,0.03724012752500001,0.4815190617499999,0.4442789342249999,0.6348140858622011,-0.17995664095793,-0.8011388597499999,0.37675671474999994,0.2727669559018669,0.0344707862210875,1.0209733123824334,0.407125,Kasena Nankana West,DHS 2022,2022,Low,Moderate (5-20%),18.3%,[3.7%–48.2%],63%
Pooled,GHA,205,2,0.6703133824475,0.69358431,0.1597224092990192,0.32230044700000005,0.911961829,0.589661382,0.23828020367999875,0.00903283400004,-0.60938830775,0.6155362509999999,-0.14542342723324697,-0.05087203030375,-0.0697458010310372,0.566125,Nabdam,DHS 2022,2022,Medium,Very high (≥50%),67.0%,[32.2%–91.2%],24%
Pooled,GHA,206,2,0.169237526614575,0.142571435,0.10966574337284901,0.033106450225,0.44938353699999944,0.4162770867749994,0.6479989726073225,0.07647742377741383,-0.5398536602499999,0.7162400874999999,-0.20715574411127408,-0.02680280955655,0.27322874400570973,0.571625,Pusiga,DHS 2022,2022,Low,Moderate (5-20%),16.9%,[3.3%–44.9%],65%
Pooled,GHA,207,2,0.91440816573125006,0.91477393,0.007827594843031504,0.898115338,0.9287655652500001,0.030650227250000106,0.008560285369686955,-0.04416634336106,-0.60268594025,0.5088071767499995,3.1003151788078527,0.56933789239775,2.50484939513021,1.25e-4,Talensi,DHS 2022,2022,High,Very high (≥50%),91.4%,[89.8%–92.9%],1%
Pooled,GHA,208,2,0.19487211149125,0.193612635,0.025150543240148256,0.14957990075,0.24793736949999998,0.09835746874999998,0.12906178851188538,-0.04132525595788,-0.655690725,0.5840631854999999,0.46909921828141093,0.039953698375075,0.9617689881121917,0.281625,Tempane,DHS 2022,2022,High,Moderate (5-20%),19.5%,[15.0%–24.8%],13%
Pooled,GHA,209,2,0.6404556746575,0.65897461,0.1640966695930459,0.28452492725,0.9046917865,0.62016685925,0.25621862072000656,0.5034308395622957,-0.072648688125,1.1910670149999998,1.2580603537303479,0.270083723929625,1.2146700239051602,0.12875,Daffiama-Bussie-Issa,DHS 2022,2022,Medium,Very high (≥50%),64.0%,[28.5%–90.5%],26%
Pooled,GHA,210,2,0.1515538426284875,0.127545955,0.0992730828597062,0.0292238638,0.40521889349999984,0.37599502969999987,0.655035076233995,0.08846394154706237,-0.49212807549999993,0.6642465297499999,-0.2490599869499081,-0.0235441533791375,0.1524337632401424,0.59775,Jirapa,DHS 2022,2022,Low,Moderate (5-20%),15.2%,[2.9%–40.5%],66%
Pooled,GHA,211,2,0.67263876556625,0.67996946,0.09297307617395476,0.47569780825,0.8327007244999999,0.35700291624999986,0.13822140639736527,0.1642592786297665,-0.38234593175,0.7458781549999993,1.6697343578334807,0.36445485437175,1.983861051794721,0.03275,Lambussie-Karni,DHS 2022,2022,High,Very high (≥50%),67.3%,[47.6%–83.3%],14%
Pooled,GHA,212,2,0.1457503854592625,0.124429425,0.09236666076094702,0.030411929325,0.37827565024999993,0.34786372092499995,0.6337318455103754,0.3576534706215774,-0.19721745125,1.0029204475,0.2144765340618859,0.0212313643026875,0.9346230137847957,0.42225,Lawra,DHS 2022,2022,Low,Moderate (5-20%),14.6%,[3.0%–37.8%],63%
Pooled,GHA,213,2,0.65631520077625,0.67387993,0.155581736198139,0.31488713549999997,0.90205313925,0.5871660037499999,0.2370533792515034,0.19112320575319813,-0.40267436424999997,0.7989975029999998,1.3819955868444325,0.31241761522625,0.9453491192936072,0.04075,Nadowli-Kaleo,DHS 2022,2022,Medium,Very high (≥50%),65.6%,[31.5%–90.2%],24%
Pooled,GHA,214,2,0.161057349898225,0.13526785,0.1035862308206731,0.032720379050000005,0.4257234509999998,0.3930030719499998,0.6431636363452589,0.2867442293603055,-0.25109675899999995,0.8926262589999999,-0.06814767094317267,-0.0079831314758125,0.46196320931455015,0.5285,Nandom,DHS 2022,2022,Low,Moderate (5-20%),16.1%,[3.3%–42.6%],64%
Pooled,GHA,215,2,0.90684012150875,0.90724336,0.008368827526167539,0.8896684835,0.9222701185,0.03260163499999991,0.00922855895727678,-0.03968799484341354,-0.62046535,0.4858754459999995,3.0421387109985063,0.581705563441,2.0468892045457596,0,Sissala East,DHS 2022,2022,High,Very high (≥50%),90.7%,[89.0%–92.2%],1%
Pooled,GHA,216,2,0.199055440164875,0.172404575,0.11896260410134551,0.043419627875,0.4952599554999996,0.45184032762499965,0.5976355331098229,0.11101148734957962,-0.46421808025,0.691464368,0.3082290196411528,0.0410427047161875,0.957924349340958,0.3895,Sissala West,DHS 2022,2022,Low,Moderate (5-20%),19.9%,[4.3%–49.5%],60%
Pooled,GHA,217,2,0.385119190110375,0.3765653,0.13967675380158584,0.14339686750000002,0.6773400535,0.533943186,0.36268448155376143,-0.0634037193928095,-0.6410479657500001,0.47234145625,0.39687032555143775,0.097398485715375,0.34483570172393546,0.262375,Wa East,DHS 2022,2022,Low,High (20-50%),38.5%,[14.3%–67.7%],36%
Pooled,GHA,218,2,0.0562269513286125,0.051295775,0.02650572235045093,0.020074824499999998,0.12110600499999993,0.10103118049999993,0.47140600235536556,0.06907790543605476,-0.5413483385,0.6692217785,-1.069420451405918,-0.1031597073161625,-0.4554384583843109,0.87725,Wa Municipal,DHS 2022,2022,Low,Moderate (5-20%),5.6%,[2.0%–12.1%],47%
Pooled,GHA,219,2,0.436153689145,0.43490791500000003,0.08062315342728534,0.2824390815,0.5972313142500001,0.31479223275000007,0.18485033013324353,0.17361329683314775,-0.38527734225,0.76838652575,1.3694162401893162,0.260179810906375,2.00840144720541,0.015375,Wa West,DHS 2022,2022,Medium,High (20-50%),43.6%,[28.2%–59.7%],18%
Pooled,GHA,220,2,0.069161097606,0.0648499625,0.025552808214581023,0.031796082049999994,0.13108581074999998,0.09928972869999998,0.3694679393342105,0.06930723743487713,-0.70501971275,0.8431344429999996,-0.6112694895526005,-0.0684562766598875,-0.1864900496496946,0.75425,Adaklu,DHS 2022,2022,Low,Moderate (5-20%),6.9%,[3.2%–13.1%],37%
Pooled,GHA,221,2,0.65938708471125,0.6644571800000001,0.07987573121390475,0.49063226125000003,0.8016802722499999,0.3110480109999999,0.12113632957928326,-0.03690082227723775,-0.738509492,0.6481976309999993,1.4754169011721865,0.3276389641805,1.6604649795978772,0.041,Afadzato South,DHS 2022,2022,High,Very high (≥50%),65.9%,[49.1%–80.2%],12%
Pooled,GHA,222,2,0.077957507068,0.0776219565,0.007039229911774176,0.0649502608,0.0924072657,0.0274570049,0.09029572874404598,0.10817164865395337,-0.62516752725,0.8911506544999998,-0.45934907254842944,-0.063180141672825,-0.11957062280535709,0.7205,Agotime Ziope,DHS 2022,2022,High,Moderate (5-20%),7.8%,[6.5%–9.2%],9%
Pooled,GHA,223,2,0.6226680793275,0.639228855,0.16738570223371196,0.267853703,0.893041296,0.625187593,0.26882011105257475,0.14282085562123226,-0.6462727814999999,0.9779161642499995,1.804846266398626,0.385015844859125,2.072014019518349,0.0305,Akatsi North,DHS 2022,2022,Medium,Very high (≥50%),62.3%,[26.8%–89.3%],27%
Pooled,GHA,224,2,0.1418852437362375,0.11733439,0.09719612367301173,0.02691092175,0.39438852624999987,0.3674776044999999,0.68503334887804,0.3673826143517713,-0.27710231724999995,1.096442032499999,-0.22034743792664388,-0.02532385048185,0.2895129413868794,0.575,Akatsi South,DHS 2022,2022,Low,Moderate (5-20%),14.2%,[2.7%–39.4%],69%
Pooled,GHA,225,2,0.73432818004125,0.7353419400000001,0.02858413090905569,0.6755784695,0.78800469625,0.11242622675000002,0.03892555356850123,0.31257378699890564,-0.38917993849999993,1.10178173,1.9645451599398158,0.4454605767605,1.8251175662558452,0,Anloga,DHS 2022,2022,High,Very high (≥50%),73.4%,[67.6%–78.8%],4%
Pooled,GHA,226,2,0.1542798619975,0.153768165,0.013123984352336429,0.13064868225,0.18128180049999998,0.05063311824999997,0.08506608822704997,0.10415114201063637,-0.60812036525,0.8300962619999996,-0.33889036434848424,-0.0749274994645,-0.02012429894423874,0.668375,Central Tongu,DHS 2022,2022,High,Moderate (5-20%),15.4%,[13.1%–18.1%],9%
Pooled,GHA,227,2,0.54143063101375,0.54165856,0.024691213559887088,0.49359979249999997,0.5900140879999999,0.09641429549999991,0.04560365104142037,-0.029925191442750486,-0.8249860899999999,0.7435995812499997,0.6748244082590376,0.16555194999125,0.44607307241641997,0,Ho Municipal,DHS 2022,2022,High,Very high (≥50%),54.1%,[49.4%–59.0%],5%
Pooled,GHA,228,2,0.28242304505375,0.281797555,0.020211978863011106,0.244502255,0.32317293325,0.07867067825000001,0.07156632299309859,0.034945186465475675,-0.67083924175,0.7130146417499998,1.0007565459129233,0.15586540945975,1.248421903902097,0,Ho West,DHS 2022,2022,High,High (20-50%),28.2%,[24.5%–32.3%],7%
Pooled,GHA,229,2,0.54723119324,0.547702515,0.07007652254824266,0.40910617475,0.68194578075,0.272839606,0.12805652056005715,-0.29749591290335825,-1.0150736674999998,0.33881905249999966,0.28243586016575983,0.06880442596,0.18719124031986392,0.2735,Hohoe,DHS 2022,2022,High,Very high (≥50%),54.7%,[40.9%–68.2%],13%
Pooled,GHA,230,2,0.089311920405,0.086459058,0.025619352203833618,0.048783033725,0.14872480575,0.09994177202499999,0.28685255101064155,0.14133090657939376,-0.58867527925,0.9031232839999993,-0.6080934307972901,-0.0834651952165,-0.21232174031449486,0.763125,Keta Municipal,DHS 2022,2022,Medium,Moderate (5-20%),8.9%,[4.9%–14.9%],29%
Pooled,GHA,231,2,0.6736353917325,0.69316113,0.15460945537991574,0.3319953685,0.9102440795,0.578248711,0.22951504222823113,0.11235074482397125,-0.56991601775,0.79972695325,1.599519269064815,0.33938727447275,1.6775179415938404,0.0705,Ketu North,DHS 2022,2022,Medium,Very high (≥50%),67.4%,[33.2%–91.0%],23%
Pooled,GHA,232,2,0.171167008986375,0.14463541,0.10771058904344251,0.036510377600000005,0.44478411174999993,0.4082737341499999,0.629271900474795,-0.041089678554368125,-0.90012302525,0.7968240604999997,0.2014347978311128,0.0236241506083375,0.8664293516634469,0.431,Ketu South,DHS 2022,2022,Low,Moderate (5-20%),17.1%,[3.7%–44.5%],63%
Pooled,GHA,233,2,0.61744611219875,0.617779725,0.02339149350585674,0.5709488530000001,0.6632960105,0.09234715749999989,0.03788426721573921,0.054560686466724,-0.5722678955,0.6884844145,1.8583481887961941,0.4157122584175,2.080214212974068,0,Kpando,DHS 2022,2022,High,Very high (≥50%),61.7%,[57.1%–66.3%],4%
Pooled,GHA,234,2,0.329827884415,0.329689725,0.02195480210165446,0.2869882115,0.3731024695,0.086114258,0.06656442083602072,-0.032295961298972,-0.74560638775,0.6899289442499996,1.4187094825811883,0.2019473582535875,3.0693320035194893,0.0345,North Dayi,DHS 2022,2022,High,High (20-50%),33.0%,[28.7%–37.3%],7%
Pooled,GHA,235,2,0.7675815403525,0.767965395,0.0178214612736639,0.732005435,0.8009589695,0.06895353449999997,0.023217678300965484,0.02583665046319225,-0.6476268027500001,0.6694341699999993,2.045135017548201,0.446239402004375,2.221841242814441,0.006875,North Tongu,DHS 2022,2022,High,Very high (≥50%),76.8%,[73.2%–80.1%],2%
Pooled,GHA,236,2,0.21324741256375,0.21298384,0.01665839465402096,0.18239915675,0.246937005,0.06453784824999997,0.07811768712101469,-0.101277371536924,-0.75503167775,0.5205007054999999,0.6963675217625102,0.0711945974128875,1.368188829026558,0.186625,South Dayi,DHS 2022,2022,High,High (20-50%),21.3%,[18.2%–24.7%],8%
Pooled,GHA,237,2,0.3630976460175,0.36288048500000003,0.022729013056314386,0.3190215295,0.40851490874999996,0.08949337924999995,0.06259752247256081,0.1543064919815124,-0.5442041889999999,0.8865497779999991,1.214512239314584,0.21810359576875,1.5217967118836082,0,South Tongu,DHS 2022,2022,High,High (20-50%),36.3%,[31.9%–40.9%],6%
Pooled,GHA,238,2,0.1251317229800875,0.10348122,0.08438941831039778,0.02454926115,0.34303063025,0.3184813691,0.6744046697401175,-0.08111650083307075,-0.7509461569999999,0.5637979419999998,0.18591352219412832,0.0172594807658125,0.8692140930586044,0.4355,Ahanta West,DHS 2022,2022,Low,Moderate (5-20%),12.5%,[2.5%–34.3%],67%
Pooled,GHA,239,2,0.620959455685,0.621186235,0.02362159495291101,0.572942342,0.66649371325,0.0935513712499999,0.038040478708635306,-0.08837142722803525,-0.8836382454999999,0.6764297782499997,1.8512667916655428,0.4112391824845,2.1607120826799524,0,Effia Kwesimintsim,DHS 2022,2022,High,Very high (≥50%),62.1%,[57.3%–66.6%],4%
Pooled,GHA,240,2,0.19892810820875,0.198403825,0.015710095715322666,0.16920060925000002,0.230749359,0.061548749749999965,0.07897373506833383,-0.030404139519083575,-0.7447972525,0.7015158682499995,1.0502105702942637,0.116665054063375,1.5916216622479562,2.5e-4,Ellembelle,DHS 2022,2022,High,Moderate (5-20%),19.9%,[16.9%–23.1%],8%
Pooled,GHA,241,2,0.682905985765,0.7046358699999999,0.15550847582202654,0.33191344575000004,0.9191184362499999,0.5872049904999999,0.22771578967465628,-0.086485856809089,-0.73738840325,0.5455607394999997,1.378936793743303,0.295563028995625,1.1287621783524246,0.09525,Jomoro,DHS 2022,2022,Medium,Very high (≥50%),68.3%,[33.2%–91.9%],23%
Pooled,GHA,242,2,0.178163460296425,0.15273202,0.11332636315246566,0.036301953549999995,0.46001705749999994,0.42371510394999995,0.6360808381466964,-0.06785323940995976,-0.76137499675,0.5787442854999999,0.3783589371928403,0.0456884811962875,1.2069066910054074,0.367625,Mpohor,DHS 2022,2022,Low,Moderate (5-20%),17.8%,[3.6%–46.0%],64%
Pooled,GHA,243,2,0.71383375658375,0.7139300399999999,0.020658254796703815,0.67243568925,0.7536795892499999,0.08124389999999992,0.028939868150211386,-0.0295953078628515,-0.6615988575,0.5907916279999992,1.1459535767755686,0.2708694783575,0.6162239760558472,0,Nzema East,DHS 2022,2022,High,Very high (≥50%),71.4%,[67.2%–75.4%],3%
Pooled,GHA,244,2,0.22974927342875,0.22912105500000002,0.01806005161869624,0.196563956,0.26706871574999996,0.07050475974999995,0.07860765498480253,-0.1829394529106,-0.85129400825,0.4136351987499999,0.5914227053573884,0.0631911549712125,1.1481339609611245,0.228625,Prestea-Huni Valley,DHS 2022,2022,High,High (20-50%),23.0%,[19.7%–26.7%],8%
Pooled,GHA,245,2,0.6738688352975,0.6793467550000001,0.07828090819473689,0.50835396875,0.81227365025,0.3039196814999999,0.11616638742490205,0.009201925226441,-0.7222216787499999,0.7602827957499999,1.699519165836611,0.3896778423275,1.5352663238401925,0,Sekondi Takoradi,DHS 2022,2022,High,Very high (≥50%),67.4%,[50.8%–81.2%],12%
Pooled,GHA,246,2,0.17142733359975,0.161417285,0.06688660357775617,0.070176751575,0.327943664,0.25776691242500005,0.39017467152539154,-0.06642493943831125,-0.8163661667499998,0.6608042829999999,0.22164494099053483,0.033797063233,0.33861753817062124,0.348625,Shama,DHS 2022,2022,Low,Moderate (5-20%),17.1%,[7.0%–32.8%],39%
Pooled,GHA,247,2,0.73889406968375,0.751223535,0.09934853674118037,0.51383826075,0.8962812884999999,0.38244302774999983,0.1344557235162301,-0.02824391284602389,-0.6638449455,0.6173002194999997,1.7982318688838326,0.40513414057875,1.223036513069507,0,Tarkwa Nsuaem,DHS 2022,2022,High,Very high (≥50%),73.9%,[51.4%–89.6%],13%
Pooled,GHA,248,2,0.20986249588175,0.182763905,0.12471379499427204,0.04625999330000001,0.5096077705,0.4633477771999999,0.5942643275554285,0.08755004642684337,-0.46950269274999995,0.6693462107499996,0.20292886191363785,0.030372005797525,0.7575888597925454,0.430875,Wassa Amenfi Central,DHS 2022,2022,Low,High (20-50%),21.0%,[4.6%–51.0%],59%
Pooled,GHA,249,2,0.711255119994125,0.735789595,0.1469093567162244,0.3753406155,0.9262758254999999,0.5509352099999999,0.20654945403758623,-0.04801517650191625,-0.64858387575,0.5478840294999995,1.0492757112636097,0.218866901667875,0.455805288510658,0.100875,Wassa Amenfi East,DHS 2022,2022,Medium,Very high (≥50%),71.1%,[37.5%–92.6%],21%
Pooled,GHA,250,2,0.198006585216,0.17215081,0.11937930050369307,0.043105762150000004,0.49768086049999977,0.45457509834999976,0.6029057082796788,0.040633530281044376,-0.52839299425,0.6362616037499995,0.10918243746070733,0.0158574160098875,0.6662783379868131,0.45825,Wassa Amenfi West,DHS 2022,2022,Low,Moderate (5-20%),19.8%,[4.3%–49.8%],60%
Pooled,GHA,251,2,0.72021112342125,0.74355206,0.14613092697141175,0.38379612475,0.9328947187500001,0.549098594,0.20290012500395674,-0.19562751984093624,-0.833232129,0.38139799049999995,1.8554374401084945,0.394819063151875,1.587078183268309,0.03225,Wassa East,DHS 2022,2022,Medium,Very high (≥50%),72.0%,[38.4%–93.3%],20%
Pooled,GHA,252,2,0.208759637185625,0.18109313999999999,0.12544555434582386,0.04294828065,0.5205832994999999,0.4776350188499999,0.6009090456230296,-0.146349697660225,-0.81953452225,0.46563341024999977,0.02677580079627063,0.029913448528125,0.18856539332725156,0.485,Aowin,DHS 2022,2022,Low,High (20-50%),20.9%,[4.3%–52.1%],60%
Pooled,GHA,253,2,0.84431621840625,0.8448683450000001,0.012903281414699642,0.81767499675,0.868462713,0.05078771625,0.015282522274718543,0.07863150731262987,-0.51312292375,0.713675909,1.9038828691087926,0.396173574255,0.903085536876568,0,Bia East,DHS 2022,2022,High,Very high (≥50%),84.4%,[81.8%–86.8%],2%
Pooled,GHA,254,2,0.14406845323125,0.14342802,0.012450662615354059,0.12126907075,0.16950081775,0.048231747000000005,0.0864218525020811,-0.14378920378047214,-0.83917709375,0.5087000474999996,0.1495078852992434,-0.0059772306915625,0.49982920342036924,0.426625,Bia West,DHS 2022,2022,High,Moderate (5-20%),14.4%,[12.1%–17.0%],9%
Pooled,GHA,255,2,0.78517522342375,0.801581255,0.10053251400216871,0.54624358475,0.9323129734999999,0.38606938874999985,0.12803831680245528,-0.14701234106357963,-0.783822788,0.4414680739999997,3.015873700979281,0.5903977506889125,5.4536457772639455,0.002125,Bibiani-Anhwiaso-Bekwai-,DHS 2022,2022,High,Very high (≥50%),78.5%,[54.6%–93.2%],13%
Pooled,GHA,256,2,0.190504272830625,0.164932955,0.11568569082053819,0.040337601875000004,0.480661497,0.440323895125,0.6072603469812612,-0.03810163473849075,-0.7579361667500001,0.6482712109999996,1.130857885429078,0.1127375607438125,3.471763855767149,0.16725,Bodi,DHS 2022,2022,Low,Moderate (5-20%),19.1%,[4.0%–48.1%],61%
Pooled,GHA,257,2,0.69507898335375,0.717530955,0.14950539832773307,0.35898013100000004,0.922749583,0.563769452,0.21509123697909963,-0.10112635073998776,-0.717853682,0.4784707787499998,2.7237566105438678,0.5361108041955,4.7918066856313,0.0035,Juaboso,DHS 2022,2022,Medium,Very high (≥50%),69.5%,[35.9%–92.3%],22%
Pooled,GHA,258,2,0.186330827926225,0.160603445,0.1131796557405963,0.038914520775,0.46976042625,0.43084590547499996,0.6074124019102634,0.03710129301775075,-0.5896618905000001,0.6778540632499999,1.1014004728126303,0.1096407517849125,3.2669997370764507,0.170375,Sefwi-Akontombra,DHS 2022,2022,Low,Moderate (5-20%),18.6%,[3.9%–47.0%],61%
Pooled,GHA,259,2,0.753968911175,0.779059065,0.13371643989966567,0.4288884925,0.9408666282499999,0.51197813575,0.17735007096151928,0.016918424682660874,-0.5463417695,0.5732428524999988,2.7867957265739958,0.546911501373625,4.698981916905321,0.007375,Sefwi-Wiawso,DHS 2022,2022,Medium,Very high (≥50%),75.4%,[42.9%–94.1%],18%
Pooled,GHA,260,2,0.234217291187,0.20801362499999998,0.13138801358033125,0.054444010125000004,0.553084444,0.498640433875,0.5609663270993539,-0.067345470749,-0.773290477,0.5825738052499999,1.3556504536377167,0.1524744527654875,4.072792066140824,0.117375,Suaman,DHS 2022,2022,Low,High (20-50%),23.4%,[5.4%–55.3%],56%
Pooled,CIV,1,2,0.6793542339525,0.699990755,0.15189195612068895,0.34162446225,0.9161718269999999,0.5745473647499999,0.2235828504916761,-0.05250532639537288,-0.75250438099999994,0.6240029149999995,2.392321205626278,0.496052926546875,3.137144113067536,0.0025,Abidjan,DHS 2021,2021,Medium,Very high (≥50%),67.9%,[34.2%–91.6%],22%
Pooled,CIV,2,2,0.1466236551315,0.135842605,0.06550981771141941,0.052294859900000004,0.3036840699999999,0.2513892100999999,0.4467888735461319,0.05225368437804875,-0.579380335,0.7075437044999998,1.0391161243572513,0.0753933311103875,3.169458011828491,0.15825,Fresco,DHS 2021,2021,Low,Moderate (5-20%),14.7%,[5.2%–30.4%],45%
Pooled,CIV,3,2,0.9099966283225,0.9103355900000001,0.008249349774133259,0.8930788385,0.9251211109999999,0.03204227249999991,0.009065253120047512,-0.028602228404949626,-0.6670817295,0.6108265447499998,2.9304103176555922,0.54064235395975,2.257853557022951,3.75e-4,Sassandra,DHS 2021,2021,High,Very high (≥50%),91.0%,[89.3%–92.5%],1%
Pooled,CIV,4,2,0.26153253281225,0.237210685,0.14063943089581032,0.0612857639,0.5914777099999996,0.5301919460999996,0.5377511905823706,0.20572034533264424,-0.43309673774999996,0.8934053462499997,0.5877081395406373,0.0873406449013375,1.4029311905144728,0.30475,Buyo,DHS 2021,2021,Low,High (20-50%),26.2%,[6.1%–59.1%],54%
Pooled,CIV,5,2,0.46455607453875,0.462503905,0.07118562600902452,0.32987335500000003,0.6016622532499998,0.27178889824999974,0.15323365662520622,-0.012615449547001225,-0.72039517725,0.7119543789999998,0.3447255253082787,0.069938148441375,0.5310210138873653,0.341,Guéyo,DHS 2021,2021,High,High (20-50%),46.5%,[33.0%–60.2%],15%
Pooled,CIV,6,2,0.139679982842375,0.133742955,0.0449427338435476,0.06926477265,0.24427318049999996,0.17500840784999996,0.3217550069022003,-0.19662967970643874,-0.9461555082499999,0.5071841234999991,-0.26105945794029783,-0.054736850593625,0.1022248771511669,0.61425,Méagui,DHS 2021,2021,Medium,Moderate (5-20%),14.0%,[6.9%–24.4%],32%
Pooled,CIV,7,2,0.33925596991375,0.338888765,0.0215307086683183,0.29806234975,0.38286772724999996,0.08480537749999995,0.06346449459324802,-0.005334061247066438,-0.69548676375,0.6883342519999999,0.7662285871203428,0.120038715990375,1.296111540401339,0.173875,Oupoyo,DHS 2021,2021,High,High (20-50%),33.9%,[29.8%–38.3%],6%
Pooled,CIV,8,2,0.095021094476025,0.083253292,0.05472731314595775,0.0257307414,0.23104366849999983,0.20531292709999982,0.57594909264875,-0.0560803530066645,-0.68803033625,0.5622052470000001,0.2584200095962717,0.0118704876240375,0.999836393313034,0.399125,Soubré,DHS 2021,2021,Low,Moderate (5-20%),9.5%,[2.6%–23.1%],58%
Pooled,CIV,9,2,0.68212623907375,0.6913362750000001,0.1093603473355741,0.439636408,0.86431346725,0.42467705925000004,0.16032273950357495,-0.1359719680282975,-0.9039926702499999,0.5761064915,2.3108039013748174,0.49852181294125,2.7684336799259706,0,San-Pedro,DHS 2021,2021,Medium,Very high (≥50%),68.2%,[44.0%–86.4%],16%
Pooled,CIV,10,2,0.190907738532375,0.18304325999999999,0.061549957224261063,0.092762678075,0.33325126124999993,0.24048858317499994,0.3224068217319705,0.0086138608649175,-0.70484811875,0.7081003442499999,1.1877325462468415,0.1083735285725875,3.1520772223826237,0.09925,Tabou,DHS 2021,2021,Medium,Moderate (5-20%),19.1%,[9.3%–33.3%],32%
Pooled,CIV,11,2,0.33971144809875,0.33904486,0.02252975468000612,0.29647376449999996,0.38439479325000003,0.08792102875000007,0.06632026917578884,-0.11463382624926426,-0.693805498,0.42988242174999997,1.0742591004853583,0.1627333966206625,2.0697628414417566,0.099625,Abengourou,DHS 2021,2021,High,High (20-50%),34.0%,[29.6%–38.4%],7%
Pooled,CIV,12,2,0.1514994676044,0.128970445,0.09732651729144184,0.030605702075,0.40070858999999975,0.37010288792499973,0.6424215136226339,-0.02890931311537325,-0.6006546372499999,0.5404882914999996,0.9788796908042278,0.08272740255989999,3.099588466827503,0.2,Agnibilékrou,DHS 2021,2021,Low,Moderate (5-20%),15.1%,[3.1%–40.1%],64%
Pooled,CIV,13,2,0.71448627018375,0.71464734,0.020596043546584977,0.673546773,0.75293473225,0.07938795924999997,0.02882636714808828,-0.11268883573509425,-0.7395203855,0.47148477124999927,2.630750173181783,0.54460923783075,4.537491609037849,0,Bettié,DHS 2021,2021,High,Very high (≥50%),71.4%,[67.4%–75.3%],3%
Pooled,CIV,14,2,0.22425172601025,0.199813875,0.12534320085007292,0.049203413349999996,0.5278096115,0.47860619815000005,0.5589397374107336,-0.20666467456187337,-0.9490234995,0.4597460227499999,1.3869437528396207,0.148823156234275,4.381585147620537,0.118,Aboisso,DHS 2021,2021,Low,High (20-50%),22.4%,[4.9%–52.8%],56%
Pooled,CIV,15,2,0.66967914473625,0.6902085250000001,0.15489666325871515,0.32105945375000006,0.91143401225,0.5903745585,0.23129981645123573,-0.12677576407281696,-0.8771250595,0.5867923322499998,2.3832310526576452,0.4719235587245,4.2266578929011915,0.017,Adiake,DHS 2021,2021,Medium,Very high (≥50%),67.0%,[32.1%–91.1%],23%
Pooled,CIV,16,2,0.084427619833375,0.08417945399999999,0.00764598130689837,0.07027850270000001,0.10032433225,0.030045829549999986,0.09056255905340405,-0.12938546732001888,-0.72602405325,0.43752208574999985,0.16413287741983906,8.191313255124999e-4,0.4020554490208878,0.39775,Ayame,DHS 2021,2021,High,Moderate (5-20%),8.4%,[7.0%–10.0%],9%
Pooled,CIV,17,2,0.67940763636,0.680031865,0.03468414280985329,0.6092271735,0.7446532355,0.13542606199999996,0.05105056368762256,-0.17448471630932613,-0.81992775625,0.4361603807499997,2.362849699403286,0.51197039179125,3.086260229786746,0,Bonoua,DHS 2021,2021,High,Very high (≥50%),67.9%,[60.9%–74.5%],5%
Pooled,CIV,18,2,0.185798612618125,0.16090927500000002,0.11105288259051473,0.0419647692,0.4577434732499999,0.41577870404999995,0.5977056611222581,-0.13196832989791174,-0.90595281325,0.6308531767499999,1.0465461786827444,0.1053647056534375,2.912720441384024,0.16275,Grand-Bassam,DHS 2021,2021,Low,Moderate (5-20%),18.6%,[4.2%–45.8%],60%
Pooled,CIV,19,2,0.70342654873125,0.7248973400000001,0.14641803420109056,0.368568565,0.9228056499999999,0.5542370849999999,0.20814971295180784,-0.1643337245397666,-0.884415783,0.50201775425,2.4040430768618397,0.4835825163479875,3.7909830359631154,0.015125,Mafere,DHS 2021,2021,Medium,Very high (≥50%),70.3%,[36.9%–92.3%],21%
Pooled,CIV,20,2,0.189555875194125,0.165003955,0.11264604559827597,0.040935798175,0.46842651724999973,0.42749071907499975,0.5942630133880823,-0.0681738839419525,-0.7627384632499999,0.5922863679999999,1.0100280930740226,0.1036519946650875,2.965317289959073,0.187125,Tiapoum,DHS 2021,2021,Low,Moderate (5-20%),19.0%,[4.1%–46.8%],59%
Pooled,CIV,21,2,0.73698267604,0.762507755,0.14034922626375856,0.40567859975,0.936180314,0.53050171425,0.19043761926384964,-0.31606015237456914,-1.0789492424999998,0.37103282924999964,2.819050105210579,0.570640490965625,3.8714011457235986,3.75e-4,Kaniasso,DHS 2021,2021,Medium,Very high (≥50%),73.7%,[40.6%–93.6%],19%
Pooled,CIV,22,2,0.21832709783125,0.191266095,0.12708938889470142,0.048878666625000004,0.5290188527499999,0.4801401861249999,0.582105428767856,-0.6397469600240837,-1.5063589499999999,0.07780319324999896,1.2491112041626864,0.1367547923222375,3.6575657546343283,0.138875,Minignan,DHS 2021,2021,Low,High (20-50%),21.8%,[4.9%–52.9%],58%
Pooled,CIV,23,2,0.8978490581375,0.89814038,0.009060438840878883,0.8791385464999999,0.9144176749999999,0.035279128500000034,0.010091271755270173,-0.35540086393161835,-1.4730867075,0.6186272462499993,3.4486632637210266,0.6524785691065,4.291400673627647,0,Gbeleban,DHS 2021,2021,High,Very high (≥50%),89.8%,[87.9%–91.4%],1%
Pooled,CIV,24,2,0.213791836966625,0.19065414,0.12229091550969758,0.047124042224999996,0.5055841907499999,0.45846014852499994,0.5720092836322296,-0.3148318586536987,-1.0737431125,0.3468106047499995,1.0502098558622937,0.1195040741891125,2.885716311083974,0.178125,Madinani,DHS 2021,2021,Low,High (20-50%),21.4%,[4.7%–50.6%],57%
Pooled,CIV,25,2,0.89802438733875,0.898302775,0.009106664817594685,0.8793453842500001,0.9148320955,0.035486711249999914,0.01014077673834875,-0.4745746171632025,-1.234808035,0.14865696049999974,3.0458429518075065,0.57954986200475,2.859078604003802,0,Odienné,DHS 2021,2021,High,Very high (≥50%),89.8%,[87.9%–91.5%],1%
Pooled,CIV,26,2,0.39594066925125,0.395623615,0.023556876071485686,0.34998805275,0.44228824174999987,0.09230018899999987,0.059495974778325494,-0.398284911086027,-1.3328161525000002,0.4000642327499998,1.7009957606086925,0.265122661427475,4.029929511118216,0.021375,Samatiguila,DHS 2021,2021,High,High (20-50%),39.6%,[35.0%–44.2%],6%
Pooled,CIV,27,2,0.7773416848425,0.777966415,0.017335865101481773,0.7416935594999999,0.80979736375,0.06810380425000007,0.022301473649897284,-0.47614278684982625,-1.3749698249999998,0.25775019524999954,2.3494008916813525,0.502214781848875,2.9612520570245855,0.003375,Seguelon,DHS 2021,2021,High,Very high (≥50%),77.7%,[74.2%–81.0%],2%
Pooled,CIV,28,2,0.591780498405,0.592190585,0.024198820102435896,0.54409559675,0.6386499747499998,0.09455437799999988,0.040891547064592214,-0.0673851159610525,-0.696147073,0.5439452519999997,2.7475500224973577,0.4862465976807125,8.347240973352505,5e-4,Gagnoa,DHS 2021,2021,High,Very high (≥50%),59.2%,[54.4%–63.9%],4%
Pooled,CIV,29,2,0.5701039329925,0.57231349,0.10377757723140478,0.3616262065,0.76229475775,0.40066855125,0.18203273337665263,-0.026185436321796374,-0.6690401439999999,0.613829075,2.3788467075122313,0.3738756516888664,37.610417581716085,0.083625,Oumé,DHS 2021,2021,Medium,Very high (≥50%),57.0%,[36.2%–76.2%],18%
Pooled,CIV,30,2,0.0651520030524375,0.0586060055,0.03257435880767741,0.02212039545,0.1471260634999999,0.1250056680499999,0.4999747863693459,-0.115924834895765,-0.798526432,0.5326757969999998,0.4256080720850029,-0.029876165980514874,10.512939664377756,0.42575,Divo,DHS 2021,2021,Low,Moderate (5-20%),6.5%,[2.2%–14.7%],50%
Pooled,CIV,31,2,0.6928647973895,0.71506431,0.15207571763378563,0.35147125700000004,0.920452506,0.5689812489999999,0.21948830162357771,0.03333380515764337,-0.6073596255,0.69560164425,2.138426766392479,0.438800751952125,2.899707972025384,0.028875,Guitry,DHS 2021,2021,Medium,Very high (≥50%),69.3%,[35.1%–92.0%],22%
Pooled,CIV,32,2,0.18362821228745,0.15791124,0.1123607461832782,0.03902777197500001,0.4614118262499999,0.42238405427499986,0.6118926105286571,-0.02760614694478941,-0.6592287685,0.599938482249999,0.7979506343063693,0.0855482650001,2.193905562499165,0.241375,Lakota,DHS 2021,2021,Low,Moderate (5-20%),18.4%,[3.9%–46.1%],61%
Pooled,CIV,33,2,0.666884601395,0.667708565,0.02193592004682321,0.6227125607499999,0.7077497959999999,0.08503723524999995,0.0328931272381118,-0.009562972139660876,-0.6270971622499999,0.6124607832499992,2.213513593765995,0.458873845086875,3.975311542466717,0.00325,Didievi,DHS 2021,2021,High,Very high (≥50%),66.7%,[62.3%–70.8%],3%
Pooled,CIV,34,2,0.175704646903575,0.15216423,0.10805627823390541,0.036603460975,0.4509715107499998,0.4143680497749998,0.6149881641616778,-0.14737587284601186,-0.8290673947500001,0.5004317322499999,0.946969462270506,0.0927535516309,2.7663458260409084,0.2035,Djekanou,DHS 2021,2021,Low,Moderate (5-20%),17.6%,[3.7%–45.1%],61%
Pooled,CIV,35,2,0.714034344455,0.714295885,0.02063385339006695,0.67292811275,0.7533423852500001,0.0804142725000001,0.02889756431228266,-0.12346715108406,-0.72442353175,0.44204200925,2.517824087681322,0.529126349266125,4.01367310002095,0,Tiebissou,DHS 2021,2021,High,Very high (≥50%),71.4%,[67.3%–75.3%],3%
Pooled,CIV,36,2,0.192621583324125,0.16740489,0.11662119824611498,0.04103311115,0.48832093024999973,0.4472878190999997,0.6054420082814712,-0.21369221807630276,-0.87040598075,0.3910522544999999,1.101593678268869,0.11307381990755,3.202122352835658,0.168625,Toumodi,DHS 2021,2021,Low,Moderate (5-20%),19.3%,[4.1%–48.8%],61%
Pooled,CIV,37,2,0.68447350886625,0.70771333,0.155139711331268,0.334639067,0.91840844275,0.58376937575,0.2266555379012969,-0.022884286419412876,-0.6008709797499999,0.5546309179999999,2.202102297540654,0.4484401707445,3.1908675518448146,0.024,Daoukro,DHS 2021,2021,Medium,Very high (≥50%),68.4%,[33.5%–91.8%],23%
Pooled,CIV,38,2,0.1785331175083875,0.1528949,0.10899743505512005,0.038390981250000004,0.45447975799999946,0.41608877674999944,0.6105166177361987,0.10125632687177039,-0.498645738,0.7406644384999996,0.5322351437728211,0.07001089763325,1.1645123581751262,0.295,M'Bahiakro,DHS 2021,2021,Low,Moderate (5-20%),17.9%,[3.8%–45.4%],61%
Pooled,CIV,39,2,0.668066098419375,0.68951595,0.15888495818903392,0.31143352775,0.91471348275,0.603279955,0.23782820077975983,0.0157416565898175,-0.62626677725,0.6500481742499999,2.6391760595513247,0.517461356607125,4.679143128751584,0.00375,Prikro,DHS 2021,2021,Medium,Very high (≥50%),66.8%,[31.1%–91.5%],24%
Pooled,CIV,40,2,0.1649659332137625,0.14098049499999998,0.10325651062192277,0.03365822969999999,0.42478664375,0.39112841405000004,0.6259262661711082,-0.10088055088719725,-0.7599455097499999,0.5272345882499994,0.925475577101368,0.08713444666447501,2.6800234997265835,0.204625,Arrah,DHS 2021,2021,Low,Moderate (5-20%),16.5%,[3.4%–42.5%],63%
Pooled,CIV,41,2,0.68236743670125,0.6882351,0.07603039033785472,0.5237065555000001,0.813636232,0.2899296764999999,0.11142148093321441,-4.8997744796575e-4,-0.60050563525,0.607014717499999,1.616846939283329,0.3560202037665,1.884975325365369,0.034375,Bongouanou,DHS 2021,2021,High,Very high (≥50%),68.2%,[52.4%–81.4%],11%
Pooled,CIV,42,2,0.08458715328825,0.084304725,0.007502727202250657,0.0705728574,0.10020679774999999,0.02963394035,0.08869818773405701,-0.013360943701693,-0.6340916067499999,0.6170429004999988,-0.32661796683531846,-0.0525217425823125,-0.0022288081167766687,0.651875,M’Batto,DHS 2021,2021,High,Moderate (5-20%),8.5%,[7.1%–10.0%],9%
Pooled,CIV,43,2,0.831713543715,0.8321894400000001,0.013930492830815218,0.8032117074999999,0.8575527587499999,0.054341051249999994,0.016749147511283917,-0.01640197397043225,-0.63678257775,0.6317553964999995,2.769856067810031,0.57946452526775,3.021772324375391,0,Bocanda,DHS 2021,2021,High,Very high (≥50%),83.2%,[80.3%–85.8%],2%
Pooled,CIV,44,2,0.3963019189475,0.39651379,0.02381080978049079,0.34939995375,0.44303379624999994,0.09363384249999995,0.060082499332144594,-0.25352530845343113,-0.9509773264999999,0.34127497849999994,2.2343328185412004,0.3130360482362875,7.1937867384008936,0.003125,Dimbokro,DHS 2021,2021,High,High (20-50%),39.6%,[34.9%–44.3%],6%
Pooled,CIV,45,2,0.73906189730625,0.763932555,0.13885888933295287,0.40608539150000006,0.9359121775,0.5298267859999999,0.18788533117330086,-0.0624330686364965,-0.64464012775,0.5181460867499998,1.754540662586591,0.3801130348575,1.0726315100091104,0.014375,Kouassi-Kouassikro,DHS 2021,2021,Medium,Very high (≥50%),73.9%,[40.6%–93.6%],19%
Pooled,CIV,46,2,0.395752529225,0.39537296499999997,0.023652323586017866,0.3501834405,0.442773887,0.09259044649999998,0.059765438852244564,-0.20810394058164305,-0.85804630025,0.3970262754999996,-0.009110653272700138,-0.0036443760875000003,0.01712367963755757,0.50775,Agboville,DHS 2021,2021,High,High (20-50%),39.6%,[35.0%–44.3%],6%
Pooled,CIV,47,2,0.72688506136875,0.751656575,0.14452345106133388,0.3838543055,0.9332616872499999,0.5494073817499999,0.19882572739793436,-0.23651196267654911,-0.96429868025,0.41493398824999955,2.575925854218725,0.511490423364125,4.184925211671463,0.01375,Sikensi,DHS 2021,2021,Medium,Very high (≥50%),72.7%,[38.4%–93.3%],20%
Pooled,CIV,48,2,0.128599583619875,0.11580292,0.06420388386582472,0.041051167825000005,0.28579264449999997,0.24474147667499996,0.49925421263885056,0.13293757992701774,-0.47637194675,0.7966613012499997,0.6019048073917765,0.0418018213992875,1.6830827370380808,0.28125,Taabo,DHS 2021,2021,Low,Moderate (5-20%),12.9%,[4.1%–28.6%],50%
Pooled,CIV,49,2,0.713856720905,0.714078935,0.02035994744844742,0.6733684244999999,0.752754489,0.07938606450000008,0.028521055909701134,-0.11100842075371271,-0.7601383219999999,0.5251994147499999,2.3759981115204813,0.49620382882875,4.077955487140101,0.0035,Tiassalé,DHS 2021,2021,High,Very high (≥50%),71.4%,[67.3%–75.3%],3%
Pooled,CIV,50,2,0.1835016415465375,0.15930829000000002,0.11345930050747463,0.037634671725,0.4747322532499999,0.4370975815249999,0.6183012835811631,-0.2667977452204859,-1.02868103,0.43407073825,0.9639621151206766,0.09832102978145,2.7700789255463354,0.196875,Dabou,DHS 2021,2021,Low,Moderate (5-20%),18.4%,[3.8%–47.5%],62%
Pooled,CIV,51,2,0.7945200778475,0.81936215,0.12017638687233477,0.49824577649999996,0.9550565697500001,0.4568107932500001,0.151256576420214,-0.11734501366124388,-0.77102843525,0.49952577974999984,3.4690522235366905,0.65804309939125,6.278013346519705,1.25e-4,Grand-Lahou,DHS 2021,2021,High,Very high (≥50%),79.5%,[49.8%–95.5%],15%
Pooled,CIV,52,2,0.65870890144875,0.65896076,0.02243556684733126,0.6136342327500001,0.701306489,0.08767225624999997,0.03405991143885708,-0.15187889700069612,-0.8985475414999999,0.5517977534999999,3.2339562386835885,0.56952933829075,11.599471847102942,0,Jacqueville,DHS 2021,2021,High,Very high (≥50%),65.9%,[61.4%–70.1%],3%
Pooled,CIV,53,2,0.84430055621375,0.84471969,0.013152126187776234,0.8177238320000001,0.869032927,0.051309094999999916,0.015577540593786526,-0.17045570884653125,-0.90778011125,0.50686921925,2.697704898201904,0.57426292031,2.1948416562034407,0,Adzope,DHS 2021,2021,High,Very high (≥50%),84.4%,[81.8%–86.9%],2%
Pooled,CIV,54,2,0.2283017457955,0.20358121,0.12786873487314696,0.0505555104,0.5428568975,0.4923013871,0.560086539976285,0.0753124872221972,-0.5015515574999999,0.6894582119999997,1.2828609240164817,0.159425603633625,2.6303906247000093,0.063125,Akoupe,DHS 2021,2021,Low,High (20-50%),22.8%,[5.1%–54.3%],56%
Pooled,CIV,55,2,0.72274591831,0.746594035,0.1434331838884498,0.39551863550000005,0.9344251634999999,0.5389065279999998,0.1984558892063206,-0.19247511719597538,-0.84725728575,0.39423598074999966,1.8005435473350317,0.375948126204375,1.7401901782410134,0.048125,Alépé,DHS 2021,2021,Medium,Very high (≥50%),72.3%,[39.6%–93.4%],20%
Pooled,CIV,56,2,0.203647125391,0.17667837,0.12240798642768068,0.0432177441,0.5059194549999998,0.4627017108999998,0.6010788818779487,-0.14081198805567913,-0.8221647175,0.4780959184999998,0.077935923696957607,0.034678083990625,0.2644378672555948,0.46575,Yakasse-Attobrou,DHS 2021,2021,Low,High (20-50%),20.4%,[4.3%–50.6%],60%
Pooled,CIV,57,2,0.75046732169625,0.7510002,0.01868360589192572,0.71198112675,0.7858576085,0.07387648174999994,0.0248959619583381,0.022715057286757125,-0.6389131975000001,0.6751983502499996,3.6869922910204744,0.679975769188375,9.736767945924726,0,Blolequin,DHS 2021,2021,High,Very high (≥50%),75.0%,[71.2%–78.6%],2%
Pooled,CIV,58,2,0.1676372171275,0.16710393499999998,0.01382238310348653,0.1422088615,0.19638609199999998,0.05417723049999998,0.08245414318094788,0.03641448161077063,-0.65820430325,0.7250752712499999,0.5064664412132657,0.056582231160125,0.6125688631556189,0.0485,Guiglo,DHS 2021,2021,High,Moderate (5-20%),16.8%,[14.2%–19.6%],8%
Pooled,CIV,59,2,0.68258746466875,0.7039977900000001,0.15632412298809448,0.33118475999999997,0.9183216317499999,0.58713687175,0.22901698475221247,-0.105476441041961,-0.8201920500000001,0.5553392454999999,1.7514317719870558,0.368037941998375,1.92940170857313,0.064125,Taï,DHS 2021,2021,Medium,Very high (≥50%),68.3%,[33.1%–91.8%],23%
Pooled,CIV,60,2,0.0680284719035,0.06782218500000001,0.006184400639263126,0.056610079275,0.08074679725,0.024136717975,0.09090900421864312,-0.03986864439949,-0.7807065287499999,0.6820912787499994,-0.3335497228161213,-0.024468469055125,-0.2579120916175024,0.9925,Toulepleu,DHS 2021,2021,High,Moderate (5-20%),6.8%,[5.7%–8.1%],9%
Pooled,CIV,61,2,0.739273183566625,0.76362667,0.14166788992188464,0.404865483,0.93845776925,0.53359228625,0.19163131176814452,0.1843789463916545,-0.413905169,0.8455080594999999,3.4387705866458056,0.6424206915995,7.071732869649416,1.25e-4,Bangolo,DHS 2021,2021,Medium,Very high (≥50%),73.9%,[40.5%–93.8%],19%
Pooled,CIV,62,2,0.219606104389875,0.19464903,0.12490369671209127,0.050487480075,0.5262128654999999,0.4757253854249999,0.5687624078534039,0.08782070421771102,-0.56313702075,0.7115195137499999,1.0316586307735425,0.13765061059625,1.8934099314246144,0.103875,Duékoué,DHS 2021,2021,Low,High (20-50%),22.0%,[5.0%–52.6%],57%
Pooled,CIV,63,2,0.7697278235975,0.7791232,0.07951657351363103,0.5914588132499999,0.9004073027499999,0.3089484895,0.10330479303969037,0.047927150522046,-0.62848314725,0.7246120564999997,2.200161321352607,0.46608827320875,2.4349661920622507,0.0065,Facobly,DHS 2021,2021,High,Very high (≥50%),77.0%,[59.1%–90.0%],10%
Pooled,CIV,64,2,0.16858303297575,0.16462818,0.0415552402146803,0.098214035675,0.2601468009999999,0.16193276532499992,0.24649716807893626,0.17103588005212436,-0.558938399,0.9278103707500001,0.13485260220702536,0.020737541417625,0.15993286224356218,0.3395,Kouibly,DHS 2021,2021,Medium,Moderate (5-20%),16.9%,[9.8%–26.0%],25%
Pooled,CIV,65,2,0.91468887365,0.915028455,0.007603487426501753,0.8990539375000001,0.92881524475,0.029761307249999924,0.008312648864045525,0.04311142505415875,-0.6579418255,0.7537557997499993,2.6495995776900756,0.47784840293325,1.3354355312794843,0,Biankouma,DHS 2021,2021,High,Very high (≥50%),91.5%,[89.9%–92.9%],1%
Pooled,CIV,66,2,0.05718318558975,0.0570365045,0.005269163178266881,0.0475233115,0.068183850625,0.020660539125000002,0.09214532425789461,0.04814954543982945,-0.646054692,0.7622195344999998,-0.7218121766790817,-0.05459092307075,-0.47556994459087,0.99975,Danané,DHS 2021,2021,High,Moderate (5-20%),5.7%,[4.8%–6.8%],9%
Pooled,CIV,67,2,0.70206150313625,0.70231431,0.02057532538488974,0.66130972,0.7417498985000001,0.08044017850000007,0.029307012694722072,0.05022719794824425,-0.62640695875,0.7567519777499998,1.5546571792090786,0.36890259060125,1.1164840043377453,0,Man,DHS 2021,2021,High,Very high (≥50%),70.2%,[66.1%–74.2%],3%
Pooled,CIV,68,2,0.265216939434,0.24109905999999998,0.1419774773100959,0.062282419275,0.6028345795,0.540552160225,0.535325826521829,0.11246746557191288,-0.6273807779999999,0.8934187152499997,0.6444503237646534,0.0990743189266625,1.4028393762704539,0.2815,Sipilou,DHS 2021,2021,Low,High (20-50%),26.5%,[6.2%–60.3%],54%
Pooled,CIV,69,2,0.80080704946,0.825433155,0.11787862023702701,0.512928909,0.95733906525,0.44441015625,0.1471997784191771,0.06419308536633847,-0.65549536275,0.7775682234999994,1.3781909850091116,0.25544612263875,0.4712783497121612,0.0375,Zouan-Hounien,DHS 2021,2021,High,Very high (≥50%),80.1%,[51.3%–95.7%],15%
Pooled,CIV,70,2,0.3321565467725,0.33178217,0.021716258924923917,0.29110712325000004,0.37580532975,0.08469820649999993,0.06537959024422835,0.03728823704742365,-0.57672122175,0.6444557804999999,2.004187335099024,0.26917794016375,4.320292318880954,0,Daloa,DHS 2021,2021,High,High (20-50%),33.2%,[29.1%–37.6%],7%
Pooled,CIV,71,2,0.78159712497375,0.8062975649999999,0.12431515550360053,0.46867654250000007,0.9498866949999999,0.4812101524999998,0.15905272874151843,0.136103770110617,-0.47397768149999997,0.7665064954999999,2.3479522503142403,0.4747070700275,2.4252064905908575,0.015125,Issia,DHS 2021,2021,High,Very high (≥50%),78.2%,[46.9%–95.0%],16%
Pooled,CIV,72,2,0.44050409725375,0.440464425,0.024718538280688186,0.39310138525,0.4892455965,0.09614421125,0.056114207415531046,0.06996329187391488,-0.52400472025,0.6744864264999999,1.6380116190204683,0.303108710397125,2.4882258122150973,0,Vavoua,DHS 2021,2021,High,High (20-50%),44.1%,[39.3%–48.9%],6%
Pooled,CIV,73,2,0.85592617084,0.85650185,0.012134825466632687,0.8311457707500001,0.8782840399999999,0.047138269249999865,0.01417742076366663,0.24505860653148612,-0.35982649775,0.8881067275,1.198961009527325,0.21533518609625,0.34676288149565027,0,Zoukougbeu,DHS 2021,2021,High,Very high (≥50%),85.6%,[83.1%–87.8%],1%
Pooled,CIV,74,2,0.211448500885,0.21109577,0.016599598876742713,0.18029463699999998,0.24516753649999998,0.0648728995,0.07850421642748226,-0.07657730426901513,-0.70184166925,0.5286477607499999,1.0645474639025914,0.126704526272875,1.5155387833845273,0,Bouaflé,DHS 2021,2021,High,High (20-50%),21.1%,[18.0%–24.5%],8%
Pooled,CIV,75,2,0.803917738445,0.813699365,0.07275697946677247,0.63519414325,0.9170803667499999,0.2818862234999999,0.09050301540491525,-0.04961795033417875,-0.6830525185,0.5688668547499997,2.5707651743311146,0.52864202586325,3.103512376968688,0.00325,Sinfra,DHS 2021,2021,High,Very high (≥50%),80.4%,[63.5%–91.7%],9%
Pooled,CIV,76,2,0.23880025435875,0.236557165,0.03606531603252708,0.174057647,0.31586996975000003,0.14181232275000002,0.15102712570124024,0.15023476608355513,-0.45220899049999996,0.8091462317499998,0.9038336173522372,0.103125110567525,1.8671799462761023,0.139,Zuénoula,DHS 2021,2021,High,High (20-50%),23.9%,[17.4%–31.6%],15%
Pooled,CIV,77,2,0.7802254452075,0.8064453899999999,0.125790240544809,0.47073970675000004,0.94989745125,0.4791577445,0.1612229405199099,-0.4700581354620496,-1.1915855874999999,0.14247114949999942,1.152522707830159,0.213342008595,0.37870548218678585,0.07175,Boundiali,DHS 2021,2021,Medium,Very high (≥50%),78.0%,[47.1%–95.0%],16%
Pooled,CIV,78,2,0.262127179648375,0.238255445,0.1414320200968744,0.060119773475000006,0.5936380284999999,0.5335182550249999,0.539554960636266,-0.2417060843867975,-0.935402482,0.3981084209999999,1.0502493979403795,0.15775299327875,1.9056901101562527,0.122375,Kouto,DHS 2021,2021,Low,High (20-50%),26.2%,[6.0%–59.4%],54%
Pooled,CIV,79,2,0.58259866032375,0.5828000099999999,0.024183499229895673,0.53473435525,0.6304886387499999,0.09575428349999993,0.04150970621260424,-0.42214755277645677,-1.1880436449999998,0.24276472174999988,-0.6313435145935462,-0.14003936368375,-0.19153374368824563,0.999125,Tengréla,DHS 2021,2021,High,Very high (≥50%),58.3%,[53.5%–63.0%],4%
Pooled,CIV,80,2,0.2155471337445375,0.18983276999999998,0.12181645608957098,0.050268825275000005,0.5134632135,0.46319438822500003,0.565149969630056,-0.3528202115704506,-1.093328775,0.296023471,-0.3388515588275709,-0.0395038983425875,-0.08490244694883582,0.656875,Dikodougou,DHS 2021,2021,Low,High (20-50%),21.6%,[5.0%–51.3%],57%
Pooled,CIV,81,2,0.7997525285625,0.80014044,0.01578173801695117,0.767775092,0.829314849,0.06153975699999992,0.019733276799159052,-0.374266172642575,-1.026352835,0.19426375974999996,1.2473005241359625,0.26480551356875,0.49826429176127196,0,Korhogo,DHS 2021,2021,High,Very high (≥50%),80.0%,[76.8%–82.9%],2%
Pooled,CIV,82,2,0.5933660714975,0.59339269,0.023994309744111795,0.54553349125,0.6394034742500001,0.09386998300000016,0.04043761666985182,-0.11313766628702063,-0.7726711064999999,0.5271006697499999,1.981956119133206,0.4253483689925,2.556980143186732,0,M'bengue,DHS 2021,2021,High,Very high (≥50%),59.3%,[54.6%–63.9%],4%
Pooled,CIV,83,2,0.77282920775125,0.77377042,0.024527714660799383,0.7219509275,0.8179361657499999,0.09598523824999994,0.031737561695124365,-0.2901153602986493,-1.0753869274999999,0.4061906412499998,2.9109183912527254,0.5877356486587375,5.692174591060416,2.5e-4,Sinematiali,DHS 2021,2021,High,Very high (≥50%),77.3%,[72.2%–81.8%],3%
Pooled,CIV,84,2,0.185656307144125,0.171886985,0.08113683353628624,0.068753573875,0.3821296609999999,0.31337608712499987,0.43702707860767537,-0.3207012227976557,-0.9714089075,0.25369698224999937,1.2667125360445282,0.11441147454225,3.59151138441242,0.09625,Ferkessedougou,DHS 2021,2021,Low,Moderate (5-20%),18.6%,[6.9%–38.2%],44%
Pooled,CIV,85,2,0.7539035594525,0.7780515,0.13511512825356267,0.43363757575,0.94473557275,0.511097997,0.1792207060962625,0.010859409451680626,-0.5437126305,0.5828231027499997,2.3828364086627842,0.50659338513,2.093372929175569,0.00125,Kong,DHS 2021,2021,Medium,Very high (≥50%),75.4%,[43.4%–94.5%],18%
Pooled,CIV,86,2,0.35440710970375,0.35441709,0.02265449593554827,0.31015655000000003,0.39943803,0.08928147999999997,0.06392223890340472,-0.4143704556937859,-1.0799044249999998,0.17386343374999963,1.1576152593869182,0.206595624593375,1.4318562564956336,0,Ouangolodougou,DHS 2021,2021,High,High (20-50%),35.4%,[31.0%–39.9%],6%
Pooled,CIV,87,2,0.72769729983375,0.75431519,0.14513474670035545,0.38798273275,0.9352476847500001,0.5472649520000001,0.19944384393553885,-0.05302874920957,-0.6553028792500001,0.5711650659999998,2.6375906059584904,0.52274244034825,4.316190648166131,0.01225,Béoumi,DHS 2021,2021,Medium,Very high (≥50%),72.8%,[38.8%–93.5%],20%
Pooled,CIV,88,2,0.21126971457575,0.185463715,0.12269009740601919,0.04650093007500001,0.5112710354999997,0.46477010542499975,0.5807273307127467,-0.4149581576929771,-1.1977973199999998,0.24286794649999943,1.6232718998769988,0.165099683164125,4.327794466597751,0.0325,Botro,DHS 2021,2021,Low,High (20-50%),21.1%,[4.7%–51.1%],58%
Pooled,CIV,89,2,0.8536328786025,0.8666544700000001,0.07125022509234745,0.6777148525000001,0.953100581,0.27538572849999987,0.08346705812104223,-0.32810471043338624,-1.007198755,0.24139940749999994,2.3428434461491654,0.455298123103125,1.7166718274222332,0.007625,Bouaké,DHS 2021,2021,High,Very high (≥50%),85.4%,[67.8%–95.3%],8%
Pooled,CIV,90,2,0.48427479850625,0.484298205,0.037218552903849775,0.4110831755,0.5562852547499999,0.1452020792499999,0.07685420141343456,0.0537822062393095,-0.5708040175,0.7292513707499997,1.2606569907391252,0.2736412307425,1.3132444224816116,0,Diabo,DHS 2021,2021,High,High (20-50%),48.4%,[41.1%–55.6%],8%
Pooled,CIV,91,2,0.75154937979875,0.77850867,0.13855221632323805,0.42654108125,0.9442662339999999,0.5177251527499999,0.1843554396390289,-0.19611156708275726,-0.8670578632499999,0.40648364399999976,1.7113596860223816,0.36381119772,0.9458132888362266,0.016375,Sakassou,DHS 2021,2021,Medium,Very high (≥50%),75.2%,[42.7%–94.4%],18%
Pooled,CIV,92,2,0.231716014582125,0.20506469,0.13528712733529244,0.05081187107500001,0.5645455064999998,0.5137336354249998,0.5838488443678279,-0.0864646020142165,-0.67157558525,0.4610714567499994,0.5550091123412892,0.0803357639777375,1.3101906105333934,0.313625,Dabakala,DHS 2021,2021,Low,High (20-50%),23.2%,[5.1%–56.5%],58%
Pooled,CIV,93,2,0.75187595870125,0.777573045,0.13545412170517449,0.43367002700000007,0.94520549425,0.5115354672499999,0.18015487812531022,-0.0822635300328518,-0.68446487475,0.5059944259999997,2.1801996253179623,0.446731173611,2.3410621255960944,0.024625,Katiola,DHS 2021,2021,Medium,Very high (≥50%),75.2%,[43.4%–94.5%],18%
Pooled,CIV,94,2,0.2343030312359125,0.21076751,0.12993704613865817,0.051989061575,0.5474604857499996,0.4954714241749996,0.5545683530138735,-0.3713042256693075,-1.0258881100000001,0.20878276374999996,1.015907823932119,0.1354036274202,2.1708502011168647,0.1525,Niakarmadougou,DHS 2021,2021,Low,High (20-50%),23.4%,[5.2%–54.7%],55%
Pooled,CIV,95,2,0.5428756463,0.5429737400000001,0.024111182108752918,0.49489506725,0.589255203,0.09436013575000002,0.04441382160552616,-0.13149704685714955,-0.8632670219999999,0.56370812675,0.6277251849387341,0.1527316803825,0.43402031858524415,0.019625,Koro,DHS 2021,2021,High,Very high (≥50%),54.3%,[49.5%–58.9%],4%
Pooled,CIV,96,2,0.22933765618975,0.22369506,0.06423037920288478,0.1205185,0.36846794774999997,0.24794944774999997,0.28006904871192057,-0.12593546894907975,-0.9894018569999999,0.6873645427499999,-0.625505054297388,-0.120107723194,-0.34081357171658355,0.949125,Ouaninou,DHS 2021,2021,Medium,High (20-50%),22.9%,[12.1%–36.8%],28%
Pooled,CIV,97,2,0.75375230572625,0.7636464599999999,0.09237064482736645,0.541899244,0.9003517234999999,0.3584524794999999,0.12254774429958945,-0.0470201236270445,-0.7428533039999999,0.63624061275,2.412555428856671,0.5254773315875,2.386344596686653,0,Touba,DHS 2021,2021,High,Very high (≥50%),75.4%,[54.2%–90.0%],12%
Pooled,CIV,98,2,0.27153269748125,0.27106039,0.01966095110605358,0.23433798875,0.310451234,0.07611324525000002,0.07240730596509917,-0.20776276568116625,-0.84319787275,0.4001765157499999,1.2723230277701778,0.1640368873115,2.424866048639613,0.02075,Dianra,DHS 2021,2021,High,High (20-50%),27.2%,[23.4%–31.0%],7%
Pooled,CIV,99,2,0.5602506656225,0.5604285600000001,0.024802117479460543,0.5110068425000001,0.608320949,0.09731410649999994,0.04426967962974692,-0.10996041350556737,-0.7600954685,0.5265349575,0.9086660254093585,0.202329060420625,1.0748921104870326,0.133125,Kounahiri,DHS 2021,2021,High,Very high (≥50%),56.0%,[51.1%–60.8%],4%
Pooled,CIV,100,2,0.23818177974,0.23781343500000002,0.018264708993002535,0.20353607475,0.2763713245,0.07283524975000003,0.07668390509526107,-0.2742534051211431,-0.9229833972499999,0.2744396794999993,0.669423416081874,0.0739752856026625,1.3435951236201147,0.20875,Mankono,DHS 2021,2021,High,High (20-50%),23.8%,[20.4%–27.6%],8%
Pooled,CIV,101,2,0.717186267926875,0.74309905,0.15064836808485024,0.3711884975,0.933654228,0.5624657305,0.21005473030084632,-0.44431555628395986,-1.1678172025,0.1773680632499999,0.16747906717039737,0.008132615744375,0.01222435209698545,0.42025,Kani,DHS 2021,2021,Medium,Very high (≥50%),71.7%,[37.1%–93.4%],21%
Pooled,CIV,102,2,0.20283849883337501,0.176722295,0.12120044418712313,0.041824447225,0.5041195709999998,0.4622951237749998,0.59752189492728,-0.19104168970361188,-0.86255615025,0.3936534162499998,0.35770150762209457,0.0661127707525,0.6726268053024844,0.34225,Séguéla,DHS 2021,2021,Low,High (20-50%),20.3%,[4.2%–50.4%],60%
Pooled,CIV,103,2,0.79915499929875,0.79980514,0.01585867990516691,0.767187726,0.82846746725,0.06127974125000002,0.019844310451768096,-0.05316737093852213,-0.690273665,0.5837184474999998,1.8702087127123344,0.41695497613625,1.1329686308618108,0,Attiégoukaro,DHS 2021,2021,High,Very high (≥50%),79.9%,[76.7%–82.8%],2%
Pooled,CIV,104,2,0.182466732645625,0.17045661,0.07642356977407315,0.06825386454999999,0.36147999399999964,0.29322612944999965,0.4188356346715433,-0.2310715063905725,-0.9026677397499999,0.3652531934999999,0.009872502550213937,0.0030585181977499996,0.19233536258076633,0.500125,Yamoussoukro,DHS 2021,2021,Low,Moderate (5-20%),18.2%,[6.8%–36.1%],42%
Pooled,CIV,105,2,0.59608634171125,0.596084705,0.035585925678691475,0.52551383125,0.66560962625,0.14009579500000002,0.05969928043734585,0.07207386745431113,-0.4545750645,0.6057999667499986,1.9851945006510323,0.4268032598925,2.544639359489085,0,Bouna,DHS 2021,2021,High,Very high (≥50%),59.6%,[52.6%–66.6%],6%
Pooled,CIV,106,2,0.08991597667925,0.08407313050000001,0.034785195045953905,0.0389471991,0.17294218949999998,0.13399499039999999,0.3868633398716262,0.045466929290675404,-0.5648896255000001,0.6778837249999999,-0.4632105193100867,-0.043156073536375,-0.2549362450669166,0.7995,Doropo,DHS 2021,2021,Low,Moderate (5-20%),9.0%,[3.9%–17.3%],39%
Pooled,CIV,107,2,0.70039335223875,0.700858765,0.02086108810158651,0.6580841629999999,0.739871669,0.08178750600000007,0.029784817395690222,-0.015914681764287,-0.5709818755,0.5408520712499997,1.0771525892250289,0.256515807605,0.5828066490544637,0,Nassian,DHS 2021,2021,High,Very high (≥50%),70.0%,[65.8%–74.0%],3%
Pooled,CIV,108,2,0.2251562840525,0.22235147,0.04019318402596841,0.15462302325,0.31077614524999997,0.15615312199999998,0.17851237950168208,0.0017466218958511251,-0.61281010925,0.6299088117499996,0.27527970871618423,0.018999203846,0.6675370248947854,0.370875,Tehini,DHS 2021,2021,Medium,High (20-50%),22.5%,[15.5%–31.1%],18%
Pooled,CIV,109,2,0.92112377315375,0.9212683450000001,0.007269680777539536,0.9058210729999999,0.9345361595,0.028715086500000098,0.007892186684803012,-0.03902140313360529,-0.578455552,0.4910863834999997,2.71942331030055,0.4829338368,1.205721229625889,0,Bondoukou,DHS 2021,2021,High,Very high (≥50%),92.1%,[90.6%–93.5%],1%
Pooled,CIV,110,2,0.239075563685375,0.212455,0.13089393431460067,0.0582903733,0.5542048042499995,0.49591443094999954,0.5475002643384246,-0.08533568440107675,-0.6723335045,0.4684233399999995,-0.29898667007409974,-0.032785711592125,-0.09177672538869183,0.645125,Koun-Fao,DHS 2021,2021,Low,High (20-50%),23.9%,[5.8%–55.4%],55%
Pooled,CIV,111,2,0.77914875152,0.780863485,0.027927146068063128,0.72123763225,0.82953959175,0.10830195949999999,0.035843150635333165,0.03583023397957075,-0.5284236442499999,0.6522738439999999,2.1806697584481345,0.49224709053,1.7296015105284381,0,Sandégué,DHS 2021,2021,High,Very high (≥50%),77.9%,[72.1%–83.0%],4%
Pooled,CIV,112,2,0.06849279493875,0.0681640315,0.006401660124835159,0.0569023119,0.08185968582499999,0.024957373924999984,0.09346472326848207,-0.008325609364193125,-0.5950369847500001,0.5798357654999996,-0.6713414436631531,-0.060680999759375,-0.4304512775966045,0.982375,Tanda,DHS 2021,2021,High,Moderate (5-20%),6.8%,[5.7%–8.2%],9%
Pooled,CIV,113,2,0.44243128379,0.441965545,0.024989121578283233,0.39422090600000004,0.49183751699999995,0.09761661099999991,0.05648136217723772,-0.025930212368257374,-0.60536322475,0.5460238002499997,0.2828338313156477,0.054401382764,0.4369052606624564,0.35975,Transua,DHS 2021,2021,High,High (20-50%),44.2%,[39.4%–49.2%],6%
Pooled,BFA,1,2,0.142086824217875,0.13772911,0.04026091931115516,0.07685246035000001,0.2327115819999999,0.15585912164999988,0.2833543471238356,0.11476566381710325,-0.44055751249999997,0.7107184359999996,-0.17834616913226012,-0.02350447233625,-0.06364051744559034,0.646375,Bagassi,DHS 2021,2021,Medium,Moderate (5-20%),14.2%,[7.7%–23.3%],28%
Pooled,BFA,2,2,0.847613445945,0.8485605,0.01704090151156626,0.81205444525,0.87845526075,0.06640081549999999,0.020104567232964835,0.016081924452860375,-0.6309556895,0.6467402857499998,1.958103821655878,0.40449561283875,0.997504434510757,0,Bana,DHS 2021,2021,High,Very high (≥50%),84.8%,[81.2%–87.8%],2%
Pooled,BFA,3,2,0.154939202460375,0.14806035,0.05411325801768678,0.07108776622499999,0.28105251,0.209964743775,0.3492547861250674,0.09321443397722125,-0.5069040655,0.6853329872499999,0.7926598738946427,0.079465118652375,1.231260017713037,0.063,Boromo,DHS 2021,2021,Low,Moderate (5-20%),15.5%,[7.1%–28.1%],35%
Pooled,BFA,4,2,0.625007924585,0.640414515,0.16485243990766052,0.28034537649999997,0.8928121124999999,0.612466736,0.26376055954349886,0.19050942595121725,-0.34875489499999995,0.7869256144999999,1.0299533236609852,0.22259611748175,0.9614345691881729,0.178625,Fara,DHS 2021,2021,Medium,Very high (≥50%),62.5%,[28.0%–89.3%],26%
Pooled,BFA,5,2,0.1393464745668375,0.11479009500000001,0.09487559889407916,0.0266565504,0.38572250049999995,0.3590659501,0.6808611354467538,0.01846115839003975,-0.56165754525,0.5816055277499994,-1.194510439856254,-0.1683486444259125,-0.5104163518784551,0.908125,Oury,DHS 2021,2021,Low,Moderate (5-20%),13.9%,[2.7%–38.6%],68%
Pooled,BFA,6,2,0.58333247498625,0.5836925,0.024122810758281262,0.535111581,0.6302989689999999,0.09518738799999993,0.04135345072096299,0.028120639025913562,-0.62117991825,0.6908463115,1.3244745241936589,0.31078066057125,1.1680793862507313,0,Pa,DHS 2021,2021,High,Very high (≥50%),58.3%,[53.5%–63.0%],4%
Pooled,BFA,7,2,0.168418935331475,0.143096625,0.10728017690185945,0.0341280378,0.4443500064999998,0.4102219686999998,0.6369840581803653,0.0579743609256385,-0.617610808,0.7516749404999995,1.1928819802850692,0.1170245107746,2.766060878271747,0.087125,Pompoï,DHS 2021,2021,Low,Moderate (5-20%),16.8%,[3.4%–44.4%],64%
Pooled,BFA,8,2,0.65301044100625,0.672522675,0.16252902695018256,0.29315644525,0.9103678995,0.61721145425,0.24889192690355005,0.14945165905017324,-0.49385576175,0.8450672775,1.3397571705318294,0.286536426395375,1.302182698941249,0.11375,Poura,DHS 2021,2021,Medium,Very high (≥50%),65.3%,[29.3%–91.0%],25%
Pooled,BFA,9,2,0.1254894489585,0.125152925,0.010835068552865068,0.10529349299999999,0.14810616249999997,0.042812669499999984,0.0863424665801846,0.12961936942697283,-0.46894118074999996,0.7592331245,0.4114979946728979,0.0257421687433625,0.7470027498870428,0.261375,Siby,DHS 2021,2021,High,Moderate (5-20%),12.5%,[10.5%–14.8%],9%
Pooled,BFA,10,2,0.694132330585,0.71580814,0.15000632583976636,0.35503626499999996,0.9225767229999999,0.567540458,0.2161062368516162,0.010663534616754712,-0.5773076065,0.6176897152499999,1.5248147187798715,0.333746606040375,1.0876359930754873,0.0435,Yaho,DHS 2021,2021,Medium,Very high (≥50%),69.4%,[35.5%–92.3%],22%
Pooled,BFA,11,2,0.2097686163375,0.209433905,0.016457629340181783,0.17826397925,0.24298273599999998,0.06471875674999997,0.07845610858062221,-0.026521210690610624,-0.6429779979999999,0.5793262754999999,-0.0645017165153998,-0.021605245562875,0.05049303033265736,0.55375,Balavé,DHS 2021,2021,High,High (20-50%),21.0%,[17.8%–24.3%],8%
Pooled,BFA,12,2,0.88692690592,0.893650555,0.041845029409609415,0.7888711755,0.949542211,0.16067103550000006,0.04717979478388245,-0.03596446139577762,-0.619471992,0.5462819754999998,2.729437653297134,0.516390225164,2.1363924894370236,0.00125,Kouka,DHS 2021,2021,High,Very high (≥50%),88.7%,[78.9%–95.0%],5%
Pooled,BFA,13,2,0.22352769479725,0.198953115,0.125230906176445,0.052958416499999994,0.5302034322499998,0.4772450157499998,0.5602478309904071,-0.10256298095374287,-0.8071821985000001,0.5580079444999991,0.6714449201216788,0.097516911462125,1.326252747076056,0.239625,Sami,DHS 2021,2021,Low,High (20-50%),22.4%,[5.3%–53.0%],56%
Pooled,BFA,14,2,0.68723984272125,0.6918185050000001,0.06826545699347249,0.5451399915,0.8092431827500001,0.26410319125000004,0.09933279875503595,0.14084829246313937,-0.4016853439999999,0.7459304684999999,3.0521814005262717,0.58322587383075,7.0027579341410835,0,Sanaba,DHS 2021,2021,High,Very high (≥50%),68.7%,[54.5%–80.9%],10%
Pooled,BFA,15,2,0.15426941239675,0.14707976,0.054264302759282824,0.070483550975,0.28095372674999997,0.21047017577499996,0.35175023950778994,-0.13041427183749213,-0.7076143607500001,0.4252146459999999,0.852131661850727,0.080092521617625,1.498230173631902,0.087,Solenzo,DHS 2021,2021,Low,Moderate (5-20%),15.4%,[7.0%–28.1%],35%
Pooled,BFA,16,2,0.54740724842125,0.5477883649999999,0.02458322488964711,0.499020084,0.5954219635,0.09640187950000001,0.04490847529064762,-0.09911455206882888,-0.7583887197499999,0.5342160420000001,2.593231196025147,0.459870266588375,6.0452200806497505,0,Tansila,DHS 2021,2021,High,Very high (≥50%),54.7%,[49.9%–59.5%],4%
Pooled,BFA,17,2,0.1450756705556125,0.12143096,0.0955464643059058,0.029877985125,0.39551941925,0.365641434125,0.658597433601243,0.061102569110178126,-0.5663956097499999,0.7062677682499995,0.18413056259064686,0.0397331994033625,0.429497020534844,0.413625,Barani,DHS 2021,2021,Low,Moderate (5-20%),14.5%,[3.0%–39.6%],66%
Pooled,BFA,18,2,0.71555138453,0.71802407,0.0543524295733687,0.6032367485,0.8118285812499999,0.20859183274999993,0.07595880708003848,-0.01294083771698425,-0.738834,0.7117112497499991,2.4977590996141283,0.528109217180625,3.6972780615062857,0,Bomborokuy,DHS 2021,2021,High,Very high (≥50%),71.6%,[60.3%–81.2%],8%
Pooled,BFA,19,2,0.0680723687065375,0.0610766845,0.033407604608452615,0.023556187075,0.1504425985,0.126886411425,0.4907660074600024,-0.021964563290512874,-0.68482719825,0.6413143287499993,-1.2769127985697697,-0.1294371546515875,-0.615328774378695,0.9735,Bourasso,DHS 2021,2021,Low,Moderate (5-20%),6.8%,[2.4%–15.0%],49%
Pooled,BFA,20,2,0.68873013397375,0.68916442,0.02069914307518889,0.646563842,0.7282465802499999,0.08168273824999983,0.030054069154432855,0.07641482336397787,-0.5839923052499999,0.7740731092499998,2.6680451708612325,0.549613522320375,4.489774168736034,0,Djibasso,DHS 2021,2021,High,Very high (≥50%),68.9%,[64.7%–72.8%],3%
Pooled,BFA,21,2,0.108547682310875,0.10357124000000001,0.035522355753661264,0.0531015275,0.19039510524999997,0.13729357774999998,0.3272511673895262,-0.17995812509848375,-0.81863508425,0.40839611049999996,0.7643814794498731,0.0429695499922125,1.8757274991023702,0.19175,Dokuy,DHS 2021,2021,Medium,Moderate (5-20%),10.9%,[5.3%–19.0%],33%
Pooled,BFA,22,2,0.7752913478775,0.78016175,0.0569830985764394,0.64960954725,0.8710774864999999,0.22146793924999997,0.07349894814696555,0.02935822341587375,-0.55235427275,0.6278540442499997,3.382332779190335,0.662258288933375,6.674272296331586,0,Doumbala,DHS 2021,2021,High,Very high (≥50%),77.5%,[65.0%–87.1%],7%
Pooled,BFA,23,2,0.29071448830875,0.289971005,0.02877420649053604,0.23609955100000002,0.3500697995,0.11397024849999998,0.09897754548778016,0.021007469754368,-0.77501306425,0.85294707299999994,1.9041047704466714,0.2278721644175875,4.648533358710147,0,Kombori,DHS 2021,2021,High,High (20-50%),29.1%,[23.6%–35.0%],10%
Pooled,BFA,24,2,0.70174894627,0.7087760350000001,0.08532451451896109,0.51758446125,0.846293942,0.32870948074999995,0.12158837568974735,0.023744848689508876,-0.9788865634999999,1.0832951549999996,2.8300307103025264,0.559954802366,5.70210400411965,1.25e-4,Madouba,DHS 2021,2021,High,Very high (≥50%),70.2%,[51.8%–84.6%],12%
Pooled,BFA,25,2,0.288552314994375,0.28271707,0.07930261592685761,0.154137552,0.45855875049999995,0.30442119849999993,0.2748292486525486,-0.19191425316956626,-0.80039566025,0.3823693872499995,1.3720289922773068,0.184171420710625,2.8307843013702407,0.0375,Nouna,DHS 2021,2021,Medium,High (20-50%),28.9%,[15.4%–45.9%],27%
Pooled,BFA,26,2,0.73713614775875,0.74354003,0.07746580955760082,0.5704104339999999,0.8660296037499999,0.29561916975,0.105090233050074,-0.004242804148015924,-0.6495466532499999,0.6647105992499993,3.1355495253125802,0.624263986688625,5.581345346082918,0,Sono,DHS 2021,2021,High,Very high (≥50%),73.7%,[57.0%–86.6%],11%
Pooled,BFA,27,2,0.202384377833675,0.17522599,0.12021198266994215,0.046441236824999996,0.5031193637499999,0.45667812692499987,0.5939785667090156,-0.18043344859788438,-0.76653151925,0.3386522429999999,0.8784059213255324,0.099972202503325,2.3673335350649616,0.21775,Bondokuy,DHS 2021,2021,Low,High (20-50%),20.2%,[4.6%–50.3%],59%
Pooled,BFA,28,2,0.79840120303375,0.7988341999999999,0.015850621803460266,0.7660851975,0.82809953275,0.06201433525,0.019852953306221697,-0.009700148454127,-0.56083837275,0.5415757025,1.5740586383324537,0.34683683715,0.7734294594337066,0,Dedougou,DHS 2021,2021,High,Very high (≥50%),79.8%,[76.6%–82.8%],2%
Pooled,BFA,29,2,0.210961860784875,0.185659285,0.12241606284310526,0.048405436324999995,0.5083064055,0.45990096917499995,0.5802758014536907,0.08330681252660024,-0.49518989075000003,0.6899426349999984,0.42150006630050246,0.057861993868,1.1117298278226238,0.3515,Douroula,DHS 2021,2021,Low,High (20-50%),21.1%,[4.8%–50.8%],58%
Pooled,BFA,30,2,0.77567438839,0.776003105,0.017005959416113513,0.74132145625,0.8074774547499999,0.06615599849999987,0.021924095562071227,-0.009117650617168375,-0.65386977425,0.6559353677499996,2.215459012939458,0.478100169868875,2.5785676371079,0.00275,Kona,DHS 2021,2021,High,Very high (≥50%),77.6%,[74.1%–80.7%],2%
Pooled,BFA,31,2,0.30933469017625,0.306527155,0.05763761162118789,0.2051243415,0.428265601,0.2231412595,0.18632766854680166,-0.1473982217643357,-0.74123434175,0.38433348749999985,0.6803933159245976,0.117605730219875,0.836043821428326,0.093875,Ouarkoye,DHS 2021,2021,Medium,High (20-50%),30.9%,[20.5%–42.8%],19%
Pooled,BFA,32,2,0.73878445557375,0.739242685,0.018982261300257444,0.7002491675,0.77536886025,0.07511969274999997,0.02569390998557971,0.2247146391458759,-0.34351726399999993,0.8783537142499999,2.59407558944105,0.55248395848475,3.711376192586381,0,Safane,DHS 2021,2021,High,Very high (≥50%),73.9%,[70.0%–77.5%],3%
Pooled,BFA,33,2,0.322260823565,0.32011469000000004,0.04870520523023494,0.23373231624999996,0.42543755199999994,0.19170523574999998,0.1511359795194314,0.19156703858532126,-0.35439165325,0.7987977947499999,1.720090663264525,0.2264481210166625,4.45432245601369,0.015625,Tchériba,DHS 2021,2021,High,High (20-50%),32.2%,[23.4%–42.5%],15%
Pooled,BFA,34,2,0.69589785486,0.71841307,0.14991341458586796,0.3566760795,0.9196833392500001,0.5630072597500001,0.21542445279706657,0.07788494236894125,-0.44803394249999995,0.6168225642499997,3.1616270768105608,0.5923090836935,6.75890408510837,1.25e-4,Gassan,DHS 2021,2021,Medium,Very high (≥50%),69.6%,[35.7%–92.0%],22%
Pooled,BFA,35,2,0.2215992979475,0.221097465,0.016972883233059306,0.18998785125,0.25614082875,0.06615297749999999,0.07659267601597014,0.23295446872720288,-0.3645120415,0.8731337589999998,1.1328537133930623,0.118687376118325,2.4799571092607193,0.078875,Gossina,DHS 2021,2021,High,High (20-50%),22.2%,[19.0%–25.6%],8%
Pooled,BFA,36,2,0.6295013999225,0.63063272,0.054210386617462344,0.51862521575,0.7316657157500001,0.21304050000000008,0.08611638770642348,0.08928261165155126,-0.59826881525,0.7987181429999999,1.5566742889104344,0.340635710807375,2.0063094262002714,0.02975,Kougny,DHS 2021,2021,High,Very high (≥50%),63.0%,[51.9%–73.2%],9%
Pooled,BFA,37,2,0.173342372395625,0.148969695,0.10549332849602418,0.039179538175,0.4388324164999996,0.3996528783249996,0.6085836200236909,0.15965469780559888,-0.4570471175,0.8011633942499997,-0.11842535058688086,0.007620265026875,0.05367506925294485,0.563125,Toma,DHS 2021,2021,Low,Moderate (5-20%),17.3%,[3.9%–43.9%],61%
Pooled,BFA,38,2,0.69977814636,0.70026547,0.020700410454798895,0.657512315,0.73913531825,0.08162300325000005,0.029581390277011586,0.16134201940240375,-0.40489023925,0.7911293762499997,1.7719385621434052,0.415162230455,1.4707912291108596,0,Yaba,DHS 2021,2021,High,Very high (≥50%),70.0%,[65.8%–73.9%],3%
Pooled,BFA,39,2,0.1790343386555,0.153448455,0.10926567234966753,0.038947204500000006,0.4526123487499999,0.4136651442499999,0.610305671918714,0.005155764995116,-0.5983429705000001,0.6095858954999998,0.46511210794281294,0.069153367316625,0.8936201226925896,0.299875,Ye,DHS 2021,2021,Low,Moderate (5-20%),17.9%,[3.9%–45.3%],61%
Pooled,BFA,40,2,0.6578876343625,0.66112006,0.0636397879175406,0.5259439602499999,0.7729405255,0.24699656525000013,0.09673352194741922,-0.136341336850554,-0.821934449,0.5109297659999997,1.903804737598776,0.428125166023,2.043117552916403,0,Di,DHS 2021,2021,High,Very high (≥50%),65.8%,[52.6%–77.3%],10%
Pooled,BFA,41,2,0.24850742301625,0.24633655,0.03718895553581887,0.18115990925,0.3272791262499999,0.14611921699999988,0.1496492743936549,0.020063634132246374,-0.7103198125,0.7808859897499991,0.6039378403819152,0.090753956961625,0.732902764536412,0.071875,Gomboro,DHS 2021,2021,High,High (20-50%),24.9%,[18.1%–32.7%],15%
Pooled,BFA,42,2,0.74753394029875,0.7626735499999999,0.10581412047898478,0.500406439,0.9107160245,0.41030958549999996,0.14155092468001712,0.06183268517870937,-0.54536881975,0.6771637519999982,3.1983875710440404,0.631127933306125,5.496653419045915,0,Kassoum,DHS 2021,2021,High,Very high (≥50%),74.8%,[50.0%–91.1%],14%
Pooled,BFA,43,2,0.26237606781325,0.23866231,0.14043827701859718,0.064329509000000007,0.5999168819999999,0.5355873729999999,0.5352556663763868,0.018178562465204,-0.643100666,0.68152783075,0.24916571990314937,0.06553539325825,0.35716775552718666,0.37925,Kiembara,DHS 2021,2021,Low,High (20-50%),26.2%,[6.4%–60.0%],54%
Pooled,BFA,44,2,0.83206685587625,0.83241544,0.01368718860661743,0.8046235465,0.85832569275,0.05370214625000003,0.016449626024586023,0.00648101932229825,-0.6744392475,0.6788344092499986,1.389155301395518,0.278803564085,0.5069235056953479,0,Lanfièra,DHS 2021,2021,High,Very high (≥50%),83.2%,[80.5%–85.8%],2%
Pooled,BFA,45,2,0.36488816719875,0.36480957999999997,0.022721581734002055,0.32103718075000004,0.4100706755,0.08903349474999994,0.06226998783883801,-0.066434610340119,-0.740994005,0.5846618395000001,-1.2089373904604692,-0.29255213222125,-0.44434247411683764,1,Lankouè,DHS 2021,2021,High,High (20-50%),36.5%,[32.1%–41.0%],6%
Pooled,BFA,46,2,0.60343268201875,0.603558495,0.02382975422668122,0.55630018325,0.6492259575,0.09292577425000004,0.03949032748269471,0.16194453276975376,-0.4332598775,0.8285160049999999,1.0229047222830374,0.24788420944,0.7341327910903447,0,Toeni,DHS 2021,2021,High,Very high (≥50%),60.3%,[55.6%–64.9%],4%
Pooled,BFA,47,2,0.28166318165875,0.280260965,0.04077667856244309,0.20740806125,0.36676692949999995,0.15935886824999995,0.1447710642275078,-0.1152966424241915,-0.69108249925,0.4516284387499998,1.6330644530352452,0.2030359038185625,3.5560758401543993,0.002,Tougan,DHS 2021,2021,High,High (20-50%),28.2%,[20.7%–36.7%],14%
Pooled,BFA,48,2,0.4222688842825,0.421668765,0.024353972512795058,0.37608773274999996,0.47092791925,0.09484018650000003,0.05767408733934118,-0.46732278458604837,-1.1501953999999999,0.11151702274999988,1.0644046777986356,0.21729300043575,1.1662569202236268,1.25e-4,Banfora,DHS 2021,2021,High,High (20-50%),42.2%,[37.6%–47.1%],6%
Pooled,BFA,49,2,0.1627763644261125,0.13652407,0.10674470165941469,0.032984184025,0.4375836969999997,0.40459951297499974,0.6557751921524717,-0.283327269832162,-1.0630402774999999,0.3988614387499999,-0.59097170192179,-0.0633636464351375,-0.2602043941814917,0.767125,Beregadougou,DHS 2021,2021,Low,Moderate (5-20%),16.3%,[3.3%–43.8%],66%
Pooled,BFA,50,2,0.805424308345,0.831415815,0.12037082699467579,0.5090536412500001,0.9605154082499998,0.45146176699999974,0.14945020375907933,-0.061894467262321874,-0.6428997605,0.49601967324999974,1.7754021164638465,0.34600704013125,0.831617220067131,0.022,Mangodara,DHS 2021,2021,High,Very high (≥50%),80.5%,[50.9%–96.1%],15%
Pooled,BFA,51,2,0.2961273148997875,0.27202482,0.1532886164874806,0.0713904386,0.65081448,0.5794240414,0.5176442995113606,-0.334992768610495,-1.07505738,0.3263894162499998,-0.08086212917968252,9.554738177874999e-4,0.09673117071936024,0.536,Moussodougou,DHS 2021,2021,Low,High (20-50%),29.6%,[7.1%–65.1%],52%
Pooled,BFA,52,2,0.41728396176375,0.41716268999999995,0.023880094880291802,0.370870178,0.4641688547499999,0.09329867674999992,0.05722744478210209,-0.31140940761368374,-0.9711732747499999,0.26284969274999925,0.12949881941451363,0.031031612225,0.0844065963849138,0.1725,Niangoloko,DHS 2021,2021,High,High (20-50%),41.7%,[37.1%–46.4%],6%
Pooled,BFA,53,2,0.1596197482208375,0.13519594499999998,0.10246523027100893,0.034506030374999996,0.4281948264999999,0.3936887961249999,0.6419332909186525,0.06560748622332963,-0.48284051,0.6437243394999992,-0.01975715010930993,-0.002270634295425,0.5154406719962175,0.513625,Ouo,DHS 2021,2021,Low,Moderate (5-20%),16.0%,[3.5%–42.8%],64%
Pooled,BFA,54,2,0.71516081451375,0.74104038,0.15336501247681195,0.35549840675,0.9354849702499999,0.5799865634999999,0.21444828822324027,-0.26588814601019695,-0.8898054612499999,0.2826459424999994,0.7369039610444296,0.13701370302875,0.2392842692421959,0.18975,Sidéradougou,DHS 2021,2021,Medium,Very high (≥50%),71.5%,[35.5%–93.5%],21%
Pooled,BFA,55,2,0.2092179062734125,0.18255031,0.1265915534877532,0.040911238025000005,0.52241823075,0.481506992725,0.6050703581858782,-0.315922412231907,-1.0091470875,0.28829061774999987,0.6829868406820309,0.1083838598210375,1.0925743942544894,0.201375,Soubakaniédougou,DHS 2021,2021,Low,High (20-50%),20.9%,[4.1%–52.2%],61%
Pooled,BFA,56,2,0.8427082384825,0.8721320850000001,0.1086272928876507,0.5616664577499999,0.9718768185,0.41021036075000006,0.12890261175476392,-0.2310382521977596,-0.8902888337500001,0.41175565999999936,3.8971249429607453,0.718904485413,6.343663897162066,0,Tiéfora,DHS 2021,2021,High,Very high (≥50%),84.3%,[56.2%–97.2%],13%
Pooled,BFA,57,2,0.35583738432725,0.33347194,0.1765174842435871,0.08780953672500001,0.7363043789999999,0.6484948422749999,0.4960622239771489,-0.4981646734356546,-1.2332979574999998,0.13998054874999993,1.075132636012627,0.205700521319,1.5206223320688526,0.11675,Dakoro,DHS 2021,2021,Low,High (20-50%),35.6%,[8.8%–73.6%],50%
Pooled,BFA,58,2,0.6714691296887499,0.674016935,0.054757184542592735,0.55862692075,0.7718152775,0.21318835675000003,0.08154832757237054,-0.35349469744830875,-1.1071568625000001,0.32601177849999985,1.4047839703979599,0.33279015515,1.0383127989407777,0,Douna,DHS 2021,2021,High,Very high (≥50%),67.1%,[55.9%–77.2%],8%
Pooled,BFA,59,2,0.30063074991725,0.278590475,0.15076908867728564,0.0756777623,0.6416268129999998,0.5659490506999998,0.5015092059570937,-0.4245349004645405,-1.2125317925,0.23015433174999989,1.3809239389830499,0.2005458405966375,3.035872729838398,0.083375,Kankalaba,DHS 2021,2021,Low,High (20-50%),30.1%,[7.6%–64.2%],50%
Pooled,BFA,60,2,0.71485368265875,0.715312555,0.02005981363121684,0.675201618,0.75296638075,0.07776476275,0.028061425880340326,-0.4918397308539949,-1.242223835,0.1704287879999999,2.5128789557971,0.54524551975625,3.244071500039658,0,Loumana,DHS 2021,2021,High,Very high (≥50%),71.5%,[67.5%–75.3%],3%
Pooled,BFA,61,2,0.215797916284075,0.190182935,0.12700564283582408,0.0466338559,0.53096448975,0.48433063384999997,0.5885397089220948,-0.42003764816151873,-1.1541230974999999,0.21890225099999977,0.267973500736053,0.057245931750075,0.5339424071468285,0.387,Niankorodougou,DHS 2021,2021,Low,High (20-50%),21.6%,[4.7%–53.1%],59%
Pooled,BFA,62,2,0.75706283647625,0.758882355,0.035044828813918405,0.68237363625,0.8203082035,0.13793456724999997,0.04629051529861723,-0.15443738543431,-0.8945318274999999,0.5481975537499998,2.61538865657621,0.555517394966625,3.6347962657396242,0,Oueleni,DHS 2021,2021,High,Very high (≥50%),75.7%,[68.2%–82.0%],5%
Pooled,BFA,63,2,0.2838560638275,0.25890723,0.14962737595081846,0.0661565013,0.6352917439999998,0.5691352426999998,0.5271241133032387,-0.5696803224186975,-1.3308476975,0.06764571474999964,1.4793724427115147,0.206150458282625,3.1036630674306687,0.048375,Sindou,DHS 2021,2021,Low,High (20-50%),28.4%,[6.6%–63.5%],53%
Pooled,BFA,64,2,0.63751602844125,0.64440568,0.10962089380923319,0.39992777199999996,0.828883328,0.428955556,0.17195001995049486,-0.41060840400081877,-1.1659376399999999,0.22629979474999945,0.24014697020351264,0.05452193670375,0.1509040268636911,0.365125,Wolonkoto,DHS 2021,2021,Medium,Very high (≥50%),63.8%,[40.0%–82.9%],17%
Pooled,BFA,65,2,0.228004670322275,0.19894985999999998,0.13236120812772376,0.04831507460000001,0.5514240574999999,0.5031089829,0.5805197233049514,0.05405132730618362,-0.5962283044999999,0.6891318182499999,0.5054354319899129,0.086106657542525,0.9270106834906394,0.297625,Komki-Ipala,DHS 2021,2021,Low,High (20-50%),22.8%,[4.8%–55.1%],58%
Pooled,BFA,66,2,0.78130596346875,0.8076981299999999,0.13041191472201188,0.45954769199999995,0.95440566725,0.49485797525,0.1669152941608489,0.28677772689572373,-0.28084596824999997,0.9056195427499997,1.9389078895582952,0.38776485671,1.5615454578370913,0.04675,Komsilga,DHS 2021,2021,Medium,Very high (≥50%),78.1%,[46.0%–95.4%],17%
Pooled,BFA,67,2,0.267253029558625,0.23831065,0.1472983045090824,0.05988403615,0.61863456275,0.5587505265999999,0.5511567249671564,-0.0210770909854285,-0.611937093,0.5354589992500001,0.41305685796628383,0.0666055071155625,1.0575288458488412,0.359875,Koubri,DHS 2021,2021,Low,High (20-50%),26.7%,[6.0%–61.9%],55%
Pooled,BFA,68,2,0.57001869293,0.58344415,0.1818890429291018,0.20397826275,0.8798063869999999,0.6758281242499999,0.3190931195504466,0.27364028780017263,-0.3346047055,0.9764106995,1.1278577317635445,0.239737688819875,1.3104453937366363,0.168125,Ouagadougou,DHS 2021,2021,Medium,Very high (≥50%),57.0%,[20.4%–88.0%],32%
Pooled,BFA,69,2,0.1200485308307625,0.09537999,0.0911719574705379,0.018696528875000003,0.36542349224999976,0.34672696337499975,0.7594591690511138,0.264239846644805,-0.31966146925,0.8980826872499998,-0.25637878304415385,-0.0235208225369,0.3480586522522683,0.584875,Pabre,DHS 2021,2021,Low,Moderate (5-20%),12.0%,[1.9%–36.5%],76%
Pooled,BFA,70,2,0.717636960055,0.7179568000000001,0.02004258500122975,0.6773926155000001,0.755217257,0.0778246414999999,0.027928585227402,0.09064630567018125,-0.5066554225,0.7116559294999995,1.372236414914122,0.311301543449875,1.2915627551306508,0.047875,Saaba,DHS 2021,2021,High,Very high (≥50%),71.8%,[67.7%–75.5%],3%
Pooled,BFA,71,2,0.201300461497125,0.174366195,0.12191946308296121,0.042189465600000003,0.4984296215,0.4562401559,0.6056591334973292,0.315828138606905,-0.23250552424999998,0.95041988925,-0.018750749848117962,-0.0036762921265,0.5075898283791855,0.505125,Tanghin-Dassouri,DHS 2021,2021,Low,High (20-50%),20.1%,[4.2%–49.8%],61%
Pooled,BFA,72,2,0.78469297163375,0.785077845,0.016588619852947094,0.75151855175,0.8159788575,0.06446030574999995,0.021140268171905736,-0.12727349869951962,-0.677568847,0.3924730262499992,1.6046908696399373,0.351931882811375,1.2561662416620845,0.02375,Bagre,DHS 2021,2021,High,Very high (≥50%),78.5%,[75.2%–81.6%],2%
Pooled,BFA,73,2,0.21689066378975,0.19193336,0.12639614613846095,0.045982763175000003,0.5188099837499998,0.47282722057499976,0.5827643473902,-0.12131567734648488,-0.73584840975,0.47230433674999994,-0.08240877115543478,-0.0136232850255,0.3983386188421747,0.532125,Bane,DHS 2021,2021,Low,High (20-50%),21.7%,[4.6%–51.9%],58%
Pooled,BFA,74,2,0.68353878463625,0.705850765,0.15693326341205324,0.33160354825,0.92089729625,0.589293748,0.22958940580901552,0.17096929055273125,-0.4806420615,0.8648169822499997,0.8339475301011648,0.174081589489375,0.48652795718132397,0.212125,Beguedo,DHS 2021,2021,Medium,Very high (≥50%),68.4%,[33.2%–92.1%],23%
Pooled,BFA,75,2,0.182919983538625,0.15600438,0.11798447674198163,0.0349942949,0.4943976674999998,0.4594033725999998,0.6450059444547691,-0.04056567850239,-0.71056359525,0.6103656469999994,-1.6261232919569542,-0.299848051607625,-0.6151661420302548,0.967,Bissiga,DHS 2021,2021,Low,Moderate (5-20%),18.3%,[3.5%–49.4%],65%
Pooled,BFA,76,2,0.699404213505,0.70491552,0.08045612775580904,0.5261369745,0.8372682104999999,0.3111312359999999,0.1150352345643023,-0.028261494571877,-0.5737592687499999,0.5213502824999992,0.4752343024846511,0.102368172875,0.18406533424780736,0.157125,Bittou,DHS 2021,2021,High,Very high (≥50%),69.9%,[52.6%–83.7%],12%
Pooled,BFA,77,2,0.11076337601125,0.109465015,0.01695603833117715,0.081053384175,0.14691299950000003,0.06585961532500002,0.1530834373399287,-0.232515316474151,-0.8411026779999999,0.30959699549999986,-0.5940447855266505,-0.098815067244275,-0.20072606824268444,0.763375,Boussouma,DHS 2021,2021,High,Moderate (5-20%),11.1%,[8.1%–14.7%],15%
Pooled,BFA,78,2,0.34580121136125,0.34173638500000003,0.07771109095378254,0.204468153,0.5095507847499999,0.30508263174999994,0.22472764235808204,-0.04198149226416512,-0.6063278405,0.4917000979999999,-0.2053322164725834,-0.05654647398625,0.09478847924605781,0.591875,Garango,DHS 2021,2021,Medium,High (20-50%),34.6%,[20.4%–51.0%],22%
Pooled,BFA,79,2,0.048080923689875,0.043447411,0.023074551904242506,0.016709335925,0.10614709699999998,0.08943776107499998,0.4799107449156931,0.02032618987222625,-0.584680345,0.6189265124999999,-1.560320383606144,-0.1568811539482375,-0.6416874017408992,0.951,Komtoega,DHS 2021,2021,Low,Low (1-5%),4.8%,[1.7%–10.6%],48%
Pooled,BFA,80,2,0.668183816256375,0.68963183,0.15952827215199,0.32110576025000004,0.91493306275,0.5938273024999999,0.23874908112228313,0.3374147947234915,-0.225391979,1.0043498825,2.2236086829105046,0.45839446657975,3.0084231128204717,0.0115,Niaogho,DHS 2021,2021,Medium,Very high (≥50%),66.8%,[32.1%–91.5%],24%
Pooled,BFA,81,2,0.1697490166988625,0.144290415,0.1084850618077714,0.032392951850000004,0.4394366497499994,0.4070436978999994,0.6390909586252606,-0.15731082431792126,-0.7398383875,0.37644165399999996,0.37087481852370885,0.0411243432266125,1.2564439236717047,0.376875,Tenkodogo,DHS 2021,2021,Low,Moderate (5-20%),17.0%,[3.2%–43.9%],64%
Pooled,BFA,82,2,0.5840329374875,0.58411116,0.024208571278984455,0.5351898775,0.63014343225,0.09495355475,0.0414506952007353,-0.055998217876900375,-0.6298974577500001,0.51093253225,1.2396465970606176,0.271780982240375,1.5760646310411397,0.0665,Zabré,DHS 2021,2021,High,Very high (≥50%),58.4%,[53.5%–63.0%],4%
Pooled,BFA,83,2,0.084098716573125,0.0838099875,0.007837821673768196,0.06974168530000001,0.10030893824999998,0.03056725294999997,0.0931978749872253,-0.07694830306928845,-0.74321329075,0.5747711247499998,-0.39656738492729504,-0.059214656366575,-0.0691358078234403,0.6925,Zoaga,DHS 2021,2021,High,Moderate (5-20%),8.4%,[7.0%–10.0%],9%
Pooled,BFA,84,2,0.7669521894825,0.76722632,0.017763478994600852,0.7301542854999999,0.800697325,0.07054303950000007,0.023161129517847438,-0.08241607773997073,-0.66580923575,0.48489480049999995,3.103984188440264,0.6234375747997875,5.981711795146736,0,Zonsé,DHS 2021,2021,High,Very high (≥50%),76.7%,[73.0%–80.1%],2%
Pooled,BFA,85,2,0.1634069749537,0.13820093,0.10472354493765151,0.033868905825,0.4368032072499997,0.4029343014249997,0.6408756111379215,-0.032772615468291875,-0.681852339,0.6338427392499996,1.1091353581027485,0.1064054953092375,2.694542172506024,0.121375,Comin-Yanga,DHS 2021,2021,Low,Moderate (5-20%),16.3%,[3.4%–43.7%],64%
Pooled,BFA,86,2,0.6499569246225,0.66770066,0.1575626738400574,0.30861849650000006,0.9014926875,0.5928741909999999,0.2424201787396465,0.1143746045725675,-0.51847776425,0.7812171247499999,1.2173988781301026,0.2611455029755,1.1897581991781296,0.140125,Dourtenga,DHS 2021,2021,Medium,Very high (≥50%),65.0%,[30.9%–90.1%],24%
Pooled,BFA,87,2,0.1538926342517375,0.12813744999999999,0.10195879123256381,0.031291601325,0.4152189174999999,0.38392731617499987,0.6625319771041132,-0.03335491085096,-0.666422597,0.5908473897499997,-0.2774165152093123,-0.0364835372093875,0.24334016588557428,0.594625,Lalgaye,DHS 2021,2021,Low,Moderate (5-20%),15.4%,[3.1%–41.5%],66%
Pooled,BFA,88,2,0.8151039456825,0.82966374,0.08149491972752615,0.61678025825,0.93332485125,0.31654459299999993,0.09998101488674442,0.05933433871043613,-0.5312222349999999,0.7046789997499999,2.265274287665248,0.4808129469275,1.4491063886746702,0,Ouargaye,DHS 2021,2021,High,Very high (≥50%),81.5%,[61.7%–93.3%],10%
Pooled,BFA,89,2,0.250520587755625,0.24611387,0.06004123377740401,0.1478227855,0.38240313125,0.23458034574999997,0.23966586664714498,0.032247512894456626,-0.571263582,0.6687348279999996,0.45164370831166,0.068657004803125,0.6049164599115343,0.221,Sangha,DHS 2021,2021,Medium,High (20-50%),25.1%,[14.8%–38.2%],24%
Pooled,BFA,90,2,0.7259217580025,0.7261992749999999,0.02027256314587162,0.6840461877499999,0.7643287217499999,0.08028253399999996,0.027926650389506306,-0.05104268707905962,-0.6831702117499999,0.5644111972499999,2.5056386968009288,0.53013662357475,3.830305527231467,1.25e-4,Soudougui,DHS 2021,2021,High,Very high (≥50%),72.6%,[68.4%–76.4%],3%
Pooled,BFA,91,2,0.1666865690974625,0.14222310999999999,0.10371518165138513,0.034907114999999996,0.42933105974999985,0.39442394474999987,0.622216788148914,-0.0097126441528625,-0.714161663,0.7369363979999999,0.20094551942084027,0.0207225263467125,0.8868798795826592,0.422875,Yargatenga,DHS 2021,2021,Low,Moderate (5-20%),16.7%,[3.5%–42.9%],62%
Pooled,BFA,92,2,0.67446760860625,0.69545249,0.15404678134481234,0.33542185,0.9095050979999999,0.5740832479999999,0.2283975974222713,-0.0116719044650015,-0.6840249912499999,0.6773922042499995,1.9074415153427227,0.403992585265875,2.1579582393387846,0.031,Yondé,DHS 2021,2021,Medium,Very high (≥50%),67.4%,[33.5%–91.0%],23%
Pooled,BFA,93,2,0.078253942628375,0.07793673400000001,0.007131147754183379,0.06516594315,0.09321257812499999,0.028046634974999984,0.09112828714648831,0.24831746045678166,-0.28837290099999996,0.8589460819999998,-1.4077837932999153,-0.181869010559125,-0.6867863964980845,1,Andemtenga,DHS 2021,2021,High,Moderate (5-20%),7.8%,[6.5%–9.3%],9%
Pooled,BFA,94,2,0.81620369374125,0.827661015,0.07265716568674352,0.6455041890000001,0.925234005,0.2797298159999999,0.0890184230283293,0.0140607874820135,-0.680811835,0.7299867754999996,2.2890337851856692,0.46973233310575,2.1634249635758325,0.00775,Baskouré,DHS 2021,2021,High,Very high (≥50%),81.6%,[64.6%–92.5%],9%
Pooled,BFA,95,2,0.134330369627125,0.13386778,0.011667221255784219,0.1126153875,0.15813156949999999,0.04551618199999999,0.08685467990723288,-0.01617787721087575,-0.64194103825,0.6278100379999993,0.00920858044067762,-0.024359145714175,0.356006452269154,0.491875,Dialgaye,DHS 2021,2021,High,Moderate (5-20%),13.4%,[11.3%–15.8%],9%
Pooled,BFA,96,2,0.78750534082,0.78841762,0.01644158335808135,0.75380207375,0.8181636784999999,0.06436160474999997,0.020878059494760175,0.006678465713932375,-0.631602003,0.6393816704999998,1.8543785745421866,0.404032533871125,1.6536121616809758,0.00925,Gounghin,DHS 2021,2021,High,Very high (≥50%),78.8%,[75.4%–81.8%],2%
Pooled,BFA,97,2,0.16660168578125,0.166399405,0.013639081715248825,0.14086302825000002,0.19382103399999998,0.052958005749999953,0.08186640880187192,0.27807796494528075,-0.31281308725,0.9631054807499997,0.4611118426476532,0.041440432588875004,0.755134033222636,0.226375,Kando,DHS 2021,2021,High,Moderate (5-20%),16.7%,[14.1%–19.4%],8%
Pooled,BFA,98,2,0.7813481490325,0.78183271,0.016874135191198285,0.747335782,0.81259430925,0.06525852725000003,0.02159617990020529,-0.2256759476069545,-0.9033105530000001,0.34808593274999927,2.18466376733798,0.4722753234155,2.4081690783659524,0.00325,Koupéla,DHS 2021,2021,High,Very high (≥50%),78.1%,[74.7%–81.3%],2%
Pooled,BFA,99,2,0.1892156811495,0.164657425,0.11311039161582788,0.041902919575,0.46831866949999973,0.42641574992499975,0.5977855055599697,0.028303295438038376,-0.57478025725,0.6454985934999999,1.0067603927019495,0.121809116308625,1.8348730795020194,0.096375,Pouytenga,DHS 2021,2021,Low,Moderate (5-20%),18.9%,[4.2%–46.8%],60%
Pooled,BFA,100,2,0.626298728263875,0.642892695,0.16520625331566935,0.27550186025,0.8907878347499998,0.6152859744999998,0.2637818757410344,-0.1164556432348975,-0.7013470735,0.4253818189999997,1.0464260678464663,0.226331919640875,0.985732030698937,0.16875,Tensobentenga,DHS 2021,2021,Medium,Very high (≥50%),62.6%,[27.6%–89.1%],26%
Pooled,BFA,101,2,0.35754915611875,0.35751502,0.022899295056769617,0.31293123575000004,0.403065462,0.09013422624999995,0.06404516599995626,-0.019861460985770376,-0.74325867175,0.6733981622499998,1.016069620379073,0.162673192408875,1.8187572092224888,0.105875,Yargo,DHS 2021,2021,High,High (20-50%),35.8%,[31.3%–40.3%],6%
Pooled,BFA,102,2,0.583929460886625,0.5959584,0.17648689929631994,0.22712799674999998,0.88072821225,0.6536002155,0.302240101104586,0.09602287759005387,-0.4770582705,0.7162307274999998,0.6177501147248793,0.139094519561625,0.3681240825671114,0.2455,Bourzanga,DHS 2021,2021,Medium,Very high (≥50%),58.4%,[22.7%–88.1%],30%
Pooled,BFA,103,2,0.1192105644627875,0.0976862755,0.08433539679052288,0.020868984375,0.3475763012499999,0.3267073168749999,0.7074490182189249,0.05292860905991875,-0.52486968575,0.6482681559999999,-0.275423196201468,-0.0106867718195875,0.026802736521403036,0.620875,Guibare,DHS 2021,2021,Low,Moderate (5-20%),11.9%,[2.1%–34.8%],71%
Pooled,BFA,104,2,0.626188678533,0.642066255,0.16351737642587422,0.28313898800000004,0.8940594914999999,0.6109205034999998,0.26113116067341496,-0.052393162467935,-0.6589877869999999,0.53010694225,1.6925206047337995,0.36339747982175,1.8660094549649955,0.042,Kongoussi,DHS 2021,2021,Medium,Very high (≥50%),62.6%,[28.3%–89.4%],26%
Pooled,BFA,105,2,0.139572622188375,0.11676096999999999,0.0937152446838264,0.026641691825,0.38122700025,0.354585308425,0.6714443220629837,0.01419802646178225,-0.67141705225,0.6991205997499994,0.19216181219128467,0.019264301499825,0.9222997217152605,0.4355,Nassere,DHS 2021,2021,Low,Moderate (5-20%),14.0%,[2.7%–38.1%],67%
Pooled,BFA,106,2,0.60594468938375,0.608913055,0.07500593335874244,0.45396633625,0.74273880375,0.2887724675,0.12378346517901492,0.0944894971442925,-0.51177986525,0.735546437,0.5337449009270043,0.1259880486505,0.5340171087506058,0.27,Rollo,DHS 2021,2021,High,Very high (≥50%),60.6%,[45.4%–74.3%],12%
Pooled,BFA,107,2,0.103712693444425,0.083925856,0.07496598494014227,0.018590087850000003,0.30344454774999996,0.28485445989999997,0.7228236240948962,0.15569717324977211,-0.43422204100000006,0.7697935289999998,-1.0423393533277803,-0.128703281082325,-0.33912486907897804,0.824,Rouko,DHS 2021,2021,Low,Moderate (5-20%),10.4%,[1.9%–30.3%],72%
Pooled,BFA,108,2,0.697931820059,0.71939151,0.15142779813476265,0.36216266025,0.9248557689999999,0.5626931087499999,0.21696646260083347,-0.1669438010448535,-0.826776129,0.42798344374999997,1.4613924788135162,0.31595526689325,1.0313898142490594,0.063375,Sabce,DHS 2021,2021,Medium,Very high (≥50%),69.8%,[36.2%–92.5%],22%
Pooled,BFA,109,2,0.187703138859725,0.161916895,0.11705761943828823,0.037867999625,0.4916213564999999,0.4537533568749999,0.6236316566116039,0.06256485098960762,-0.5115688270000001,0.6629928377499998,-0.4677315125065899,-0.055237579013275,-0.1402412444705695,0.700875,Tikare,DHS 2021,2021,Low,Moderate (5-20%),18.8%,[3.8%–49.2%],62%
Pooled,BFA,110,2,0.638819303943625,0.65496066,0.16462661999197262,0.28783160650000006,0.9027831179999999,0.6149515114999998,0.2577045167165154,0.033684892836874876,-0.6846325325,0.774782511,0.9719611879459362,0.217543187628625,0.5452849406193074,0.12025,Zimtenga,DHS 2021,2021,Medium,Very high (≥50%),63.9%,[28.8%–90.3%],26%
Pooled,BFA,111,2,0.1505035061991,0.125183145,0.10157641844262366,0.0297938556,0.41936948349999986,0.3895756278999999,0.6749106449935389,0.15371625582620174,-0.40345894225,0.7662519102499998,-0.46435946407800605,-0.060484289003025,0.03819562947418039,0.661375,Boala,DHS 2021,2021,Low,Moderate (5-20%),15.1%,[3.0%–41.9%],67%
Pooled,BFA,112,2,0.147363610985,0.14694454,0.01240826906023909,0.12426623275,0.17320007874999999,0.04893384599999999,0.08420171694559056,0.08780069837121587,-0.47714407975,0.6709569284999994,-2.4405519501997137,-0.5163911593275,-0.777733923673109,1,Boulsa,DHS 2021,2021,High,Moderate (5-20%),14.7%,[12.4%–17.3%],8%
Pooled,BFA,113,2,0.0921198199633375,0.07299573000000001,0.0699129624899401,0.01601883175,0.2806915564999999,0.26467272474999987,0.7589350751853896,0.10280204021164525,-0.52713155075,0.7810093934999992,-0.7588308736873497,-0.0524270864979125,-0.3582605786099329,0.82525,Bouroum,DHS 2021,2021,Low,Moderate (5-20%),9.2%,[1.6%–28.1%],76%
Pooled,BFA,114,2,0.60163503647375,0.60193014,0.023249945352536862,0.5554477142500001,0.64635686975,0.0909091554999999,0.03864460003660588,0.09241796284868,-0.5613401705,0.7797949735,1.121241721546055,0.266894346631875,0.9064768421134414,0.0015,Dargo,DHS 2021,2021,High,Very high (≥50%),60.2%,[55.5%–64.6%],4%
Pooled,BFA,115,2,0.16368724449625,0.139294115,0.1038613687955694,0.033514920775,0.43087368699999984,0.3973587662249998,0.6345110708852382,0.117338477074375,-0.58727143075,0.8688740329999995,0.46695653209159466,0.0576244261425,1.1526321802207151,0.322875,Nagbingou,DHS 2021,2021,Low,Moderate (5-20%),16.4%,[3.4%–43.1%],63%
Pooled,BFA,116,2,0.7248933538725,0.75347517,0.15048204963464665,0.37356998350000004,0.9388729072499999,0.5653029237499999,0.20759198415980323,0.17020663880319262,-0.39246205075,0.7830949359999992,1.6768545719598307,0.356049571814875,1.1826635113771766,0.0445,Tougouri,DHS 2021,2021,Medium,Very high (≥50%),72.5%,[37.4%–93.9%],21%
Pooled,BFA,117,2,0.2137119415651125,0.187757875,0.1303707144129298,0.041829565250000006,0.539138911,0.49730934574999996,0.6100300875007924,0.1918190301291955,-0.45684079424999996,0.9448768419999993,0.7513274031565621,0.094990820862025,1.9911184371414674,0.25625,Yalgo,DHS 2021,2021,Low,High (20-50%),21.4%,[4.2%–53.9%],61%
Pooled,BFA,118,2,0.405415635145,0.405360975,0.023592326314089054,0.35965880224999996,0.452266189,0.09260738675000002,0.058192936504905826,0.1046694348977255,-0.5715116237499999,0.8035529059999986,0.23507569046471574,0.037786015977875,0.44588527199552164,0.386125,Zeguedeguin,DHS 2021,2021,High,High (20-50%),40.5%,[36.0%–45.2%],6%
Pooled,BFA,119,2,0.153511644133975,0.12710137,0.10160837494030894,0.03020627125,0.41835226024999994,0.38814598899999997,0.6618936010588992,0.13561956758892713,-0.51692260225,0.8464091827499999,-0.01160287970910178,-0.0016346703376500002,0.5542965302417336,0.502875,Barsalogho,DHS 2021,2021,Low,Moderate (5-20%),15.4%,[3.0%–41.8%],66%
Pooled,BFA,120,2,0.47220031015175,0.467747105,0.17614769370565334,0.155105599,0.8142342144999999,0.6591286154999999,0.37303595512049775,0.004983746186171751,-0.633948827,0.6545664277499988,-0.2820427493815944,-0.0659727720245,-0.10721086215652469,0.633875,Boussouma,DHS 2021,2021,Low,High (20-50%),47.2%,[15.5%–81.4%],37%
Pooled,BFA,121,2,0.0567362687163875,0.0495021625,0.031506579425605856,0.0175604297,0.13844200599999992,0.12088157629999992,0.5553163811864422,0.3011495047916187,-0.311213952,1.03034968,-0.7964044301198637,-0.059019657035375,-0.3745231257770046,0.847625,Dablo,DHS 2021,2021,Low,Moderate (5-20%),5.7%,[1.8%–13.8%],56%
Pooled,BFA,122,2,0.62176269937275,0.63991572,0.16783979915067399,0.26831441475,0.8927588209999999,0.6244444062499999,0.26994189152870546,-0.009991736641882874,-0.6046802107500001,0.5825214597499997,-0.5068051281665202,-0.12295704382349999,-0.16459752554169468,0.7305,Kaya,DHS 2021,2021,Medium,Very high (≥50%),62.2%,[26.8%–89.3%],27%
Pooled,BFA,123,2,0.140566817006825,0.117213925,0.09566908062935883,0.025948613175000003,0.38952322149999996,0.36357460832499994,0.6805950555507975,-0.24838859494240675,-0.8982711649999999,0.3382284254999998,-0.25449091542252555,-0.0077560571759250005,7.811833308929272e-4,0.619125,Korsimoro,DHS 2021,2021,Low,Moderate (5-20%),14.1%,[2.6%–39.0%],68%
Pooled,BFA,124,2,0.72976309877375,0.730233375,0.0196869199091869,0.68996187825,0.76705987575,0.07709799750000002,0.02697713811820249,0.027855751130472714,-0.5514424797499999,0.62819748075,1.5566895376764966,0.366126459055,1.0150214326818823,0,Mane,DHS 2021,2021,High,Very high (≥50%),73.0%,[69.0%–76.7%],3%
Pooled,BFA,125,2,0.0727875313935,0.072559137,0.006771323745983877,0.060365728575,0.08672178774999999,0.026356059174999988,0.0930286220228725,-0.13884424160715275,-0.83203611375,0.49036084149999937,-0.8284959375457288,-0.095821435566125,-0.4315312713739832,0.89975,Namissiguima,DHS 2021,2021,High,Moderate (5-20%),7.3%,[6.0%–8.7%],9%
Pooled,BFA,126,2,0.82155382427875,0.822010195,0.014349754973031256,0.7931070775,0.8482317435,0.05512466599999999,0.017466603585746854,0.059703276338456,-0.5772904492500001,0.7348057644999999,0.6351862675318158,0.11209124899375,0.15895489520914546,0,Pensa,DHS 2021,2021,High,Very high (≥50%),82.2%,[79.3%–84.8%],2%
Pooled,BFA,127,2,0.2065266107304,0.178935395,0.12487078986463308,0.043123567925,0.5246243407500001,0.4815007728250001,0.6046232464814886,-0.02692005103501605,-0.654740737,0.5727712359999998,0.5482144851753415,0.087100182988025,1.00625628034396,0.27675,Pibaore,DHS 2021,2021,Low,High (20-50%),20.7%,[4.3%–52.5%],60%
Pooled,BFA,128,2,0.7044370361125,0.7246391000000001,0.14619571286597932,0.37023177525,0.9252576777499999,0.5550259025,0.20753552889946517,0.05180483690532337,-0.54687423825,0.6673256177499997,2.7437361198441264,0.5577225011575,3.838130828861116,1.25e-4,Pissila,DHS 2021,2021,Medium,Very high (≥50%),70.4%,[37.0%–92.5%],21%
Pooled,BFA,129,2,0.112508315444875,0.11218341500000001,0.00978222779516668,0.0942719981,0.13283814625,0.03856614815000001,0.0869467092853205,0.0372913439207935,-0.61981631425000006,0.7017581172499996,-1.046437559052839,-0.162698222715625,-0.5326731766247312,0.97975,Ziga,DHS 2021,2021,High,Moderate (5-20%),11.3%,[9.4%–13.3%],9%
Pooled,BFA,130,2,0.71199876059,0.7372016100000001,0.14863905613401857,0.36786468275,0.92783556625,0.5599708834999999,0.20876308269251528,0.22588613979266237,-0.4543945294999999,0.9529038145,1.7491799733012867,0.3770523283785,1.3779689930020418,0.028625,Bingo,DHS 2021,2021,Medium,Very high (≥50%),71.2%,[36.8%–92.8%],21%
Pooled,BFA,131,2,0.17689122208875,0.17632377999999999,0.014363136826684317,0.15032782575,0.207457738,0.05712991225,0.08119756682713195,0.40391141707509565,-0.21441975024999999,1.1405356525,-0.07725109549094164,-0.03668725270925,0.2169181366270056,0.53825,Imasgho,DHS 2021,2021,High,Moderate (5-20%),17.7%,[15.0%–20.7%],8%
Pooled,BFA,132,2,0.73267921107875,0.73321528,0.019272504172594625,0.69430803575,0.768585544,0.07427750825000001,0.026304150412864893,0.5551153161298412,-0.0448308295,1.2624221449999997,0.43939626903952156,0.09396404063,0.1485579795162741,0.001875,Kindi,DHS 2021,2021,High,Very high (≥50%),73.3%,[69.4%–76.9%],3%
Pooled,BFA,133,2,0.192915458908925,0.16866659,0.11591999522291248,0.04233197995,0.4790700254999998,0.4367380455499998,0.6008849465901956,0.4693854524347325,-0.10742393324999999,1.1351667024999996,-0.07663971590332587,-0.010700671499575,0.40247657356728045,0.530375,Kokologho,DHS 2021,2021,Low,Moderate (5-20%),19.3%,[4.2%–47.9%],60%
Pooled,BFA,134,2,0.81716351721125,0.817702195,0.015060311942866592,0.785970643,0.84537190525000006,0.059401262250000086,0.018429985707466744,0.1587126593100245,-0.432988112,0.7878751909999996,2.0295863297973047,0.431559684878375,1.7043977204481096,0.004875,Koudougou,DHS 2021,2021,High,Very high (≥50%),81.7%,[78.6%–84.5%],2%
Pooled,BFA,135,2,0.220816107626875,0.19408309,0.12721315894147378,0.050447857225000003,0.537093016,0.48664515877500003,0.576104525655496,0.24628956248202064,-0.40351022449999996,0.9568852104999997,0.8811312690454739,0.1171048598393125,1.8749713889515924,0.188625,Nandiala,DHS 2021,2021,Low,High (20-50%),22.1%,[5.0%–53.7%],58%
Pooled,BFA,136,2,0.6938015158025,0.6965654,0.06892725456320124,0.5475345012499999,0.8159328222499999,0.26839832099999994,0.09934722394412052,0.13963071786971737,-0.45254208625,0.7488369489999999,2.2735418311511797,0.49009711901525,2.9940677585339097,0,Nanoro,DHS 2021,2021,High,Very high (≥50%),69.4%,[54.8%–81.6%],10%
Pooled,BFA,137,2,0.09993748231725,0.09492698,0.03435856732620218,0.047134436175,0.18008886249999986,0.13295442632499987,0.3438006094363218,0.24485793512096374,-0.38591085075,0.93427320375,0.21510002670784006,0.013390527279125,0.4563677655487037,0.3635,Pella,DHS 2021,2021,Low,Moderate (5-20%),10.0%,[4.7%–18.0%],34%
Pooled,BFA,138,2,0.81729019683,0.8178536949999999,0.015215072704005985,0.7858741612500001,0.84556721375,0.0596930524999999,0.0186164874643306,0.23174004271729626,-0.406796178,0.9053405387499996,2.020906672688096,0.430201927724,1.6644714713742343,0.004625,Poa,DHS 2021,2021,High,Very high (≥50%),81.7%,[78.6%–84.6%],2%
Pooled,BFA,139,2,0.2462473108355,0.21864821,0.13509518975400808,0.05881339705000001,0.5609950582500001,0.5021816612000001,0.5486158987711968,0.1879245058383416,-0.468427121,0.8791194194999998,0.47042218058914126,0.07005249168155,1.1665851143236183,0.336625,Ramongo,DHS 2021,2021,Low,High (20-50%),24.6%,[5.9%–56.1%],55%
Pooled,BFA,140,2,0.8313525852225,0.83190789,0.013918095597078257,0.80254065525,0.8570869839999999,0.054546328749999984,0.016741507567879003,0.10026135416380212,-0.461315822,0.6575582847499987,2.1618868184112605,0.45318452272725,1.8154079950804822,0.004125,Sabou,DHS 2021,2021,High,Very high (≥50%),83.1%,[80.3%–85.7%],2%
Pooled,BFA,141,2,0.073520266701375,0.06753630399999999,0.03228201482001476,0.0285795883,0.15451845024999994,0.12593886194999993,0.43909001243341533,0.45266358434369036,-0.10137430524999999,1.1237138774999997,-0.5189313218569632,-0.046632276578125,-0.2159281009278295,0.7575,Sigle,DHS 2021,2021,Low,Moderate (5-20%),7.4%,[2.9%–15.5%],44%
Pooled,BFA,142,2,0.7671421735225,0.793743925,0.13351867719070062,0.44087490050000006,0.94908193275,0.5082070322499999,0.17404684789733382,0.39118445684748127,-0.183041402,1.0635361324999995,1.1358244888610964,0.21409463676874999,0.3898910386115941,0.082875,Soaw,DHS 2021,2021,Medium,Very high (≥50%),76.7%,[44.1%–94.9%],17%
Pooled,BFA,143,2,0.243232539451,0.217711385,0.13757352768579512,0.052670595425,0.5681344809999999,0.5154638855749999,0.5656049474149808,0.07326643469361037,-0.591621052,0.7381031845,0.26154505558508384,0.042258606405375,0.7871460076288058,0.403125,Sourgou,DHS 2021,2021,Low,High (20-50%),24.3%,[5.3%–56.8%],57%
Pooled,BFA,144,2,0.53718402137,0.536953035,0.024645803273091935,0.488692904,0.5850803324999999,0.09638742849999993,0.045879628381791486,0.169871586804285,-0.43426547449999997,0.7955337039999998,0.22922913070597703,0.05692863396875,0.1317278976757068,0.16125,Thyou,DHS 2021,2021,High,Very high (≥50%),53.7%,[48.9%–58.5%],5%
Pooled,BFA,145,2,0.19232313943825,0.16631296,0.11453537273230238,0.04308350417500001,0.4813175307499999,0.4382340265749999,0.5955361017236136,0.43986733217167323,-0.154122114,1.1489110549999997,0.5197175740683723,0.0782455995405,0.9659040644780807,0.278875,Dassa,DHS 2021,2021,Low,Moderate (5-20%),19.2%,[4.3%–48.1%],60%
Pooled,BFA,146,2,0.7360466517825,0.76179845,0.1439335922898537,0.4025014275,0.9388798020000001,0.5363783745000001,0.19554955102545013,0.21873528574430376,-0.352062147,0.8381538492499981,1.6513629050362615,0.341683358774625,1.3929508660060996,0.073375,Didyr,DHS 2021,2021,Medium,Very high (≥50%),73.6%,[40.3%–93.9%],20%
Pooled,BFA,147,2,0.2123075356098375,0.183852285,0.12795244737214156,0.043654648325,0.5334860037499995,0.48983135542499956,0.6026750157718507,0.10786381101177728,-0.55450394125,0.7851054452499996,0.2882722179779636,0.041273014395825,0.9347512269610538,0.404125,Godyr,DHS 2021,2021,Low,High (20-50%),21.2%,[4.4%–53.3%],60%
Pooled,BFA,148,2,0.664896745275,0.66707156,0.054078938006469485,0.55276836625,0.76398156675,0.21121320049999992,0.08133434009231395,0.12687803255365088,-0.4421609957499999,0.7176190717499998,3.7910160473638492,0.620414315382875,14.837291535720635,0,Kordie,DHS 2021,2021,High,Very high (≥50%),66.5%,[55.3%–76.4%],8%
Pooled,BFA,149,2,0.182785135636775,0.15624928500000002,0.11249189459305825,0.039921940924999996,0.47047938874999984,0.43055744782499983,0.6154323993642387,0.0066097634987027495,-0.6593851669999999,0.6594106309999997,2.210345330379687,0.16188991220995,8.480081927118485,0.003875,Kyon,DHS 2021,2021,Low,Moderate (5-20%),18.3%,[4.0%–47.0%],62%
Pooled,BFA,150,2,0.762910210195,0.763454675,0.01761791963224068,0.72722626275,0.7961260705,0.06889980774999993,0.023093044760454227,0.1556420562928725,-0.452521277,0.7970159254999999,1.5358888191303017,0.352376352275,0.879807403050575,0,Pouni,DHS 2021,2021,High,Very high (≥50%),76.3%,[72.7%–79.6%],2%
Pooled,BFA,151,2,0.21987178998075,0.209116625,0.08108572015663293,0.0931697987,0.4027864312499999,0.30961663254999994,0.36878637393060776,0.23291596567809075,-0.33629597075,0.8386573209999998,-0.5080789405294813,-0.086520201013,-0.27320134128233514,0.834,Réo,DHS 2021,2021,Low,High (20-50%),22.0%,[9.3%–40.3%],37%
Pooled,BFA,152,2,0.73627156903375,0.76045326,0.13825788671683514,0.40799327525,0.9362133189999999,0.52822004375,0.1877811021526726,0.11299069761975375,-0.41749451824999995,0.6631634914999998,2.698517823021566,0.55955474646,3.21214552069942,3.75e-4,Tenado,DHS 2021,2021,Medium,Very high (≥50%),73.6%,[40.8%–93.6%],19%
Pooled,BFA,153,2,0.216435084103375,0.190751275,0.12654971847546462,0.04878525875,0.528340034,0.47955477524999995,0.5847005766173343,0.032750592423258125,-0.5684656794999999,0.6213785409999999,-1.4085545491561398,-0.27295169030537497,-0.5509564988770849,0.954,Zamo,DHS 2021,2021,Low,High (20-50%),21.6%,[4.9%–52.8%],58%
Pooled,BFA,154,2,0.78508658466875,0.785496425,0.0168805617347374,0.75138193675,0.8178525505,0.06647061375000007,0.021501528703180915,0.192735282830951,-0.37814759649999996,0.7880632555,1.9034478305272613,0.43149145278125,1.2315453011062412,0,Zawara,DHS 2021,2021,High,Very high (≥50%),78.5%,[75.1%–81.8%],2%
Pooled,BFA,155,2,0.270058960372875,0.25787507,0.1027599887482531,0.10820118299999999,0.49575401824999976,0.3875528352499998,0.3805094584026045,0.20748133850108408,-0.3135238325,0.8150443917499999,-0.9608788628297628,-0.205862699823375,-0.41992603520496363,0.94275,Bieha,DHS 2021,2021,Low,High (20-50%),27.0%,[10.8%–49.6%],38%
Pooled,BFA,156,2,0.69265331665875,0.712001995,0.14813533274868065,0.36179386375,0.91822451625,0.5564306525,0.21386648874109498,0.18155519541717416,-0.3347438119999999,0.7238596757499998,2.095598357480706,0.4321500417215,2.798533732189088,0.030375,Boura,DHS 2021,2021,Medium,Very high (≥50%),69.3%,[36.2%–91.8%],21%
Pooled,BFA,157,2,0.1762733342975,0.17564498,0.014500819355506046,0.149627583,0.20644307299999998,0.05681548999999997,0.08226326127712956,0.27506194660302785,-0.2544013685,0.8638884862499999,-1.001547575449447,-0.197699075343125,-0.4821012050240793,0.979625,Leo,DHS 2021,2021,High,Moderate (5-20%),17.6%,[15.0%–20.6%],8%
Pooled,BFA,158,2,0.6434136192425,0.6436251049999999,0.022506237356400147,0.59787036075,0.6863369324999999,0.08846657174999994,0.034979423318544395,0.18368956416905388,-0.43625994174999994,0.8401145277499995,2.554729176901189,0.502816403892,5.405243877073027,0,Nebielianayou,DHS 2021,2021,High,Very high (≥50%),64.3%,[59.8%–68.6%],3%
Pooled,BFA,159,2,0.1661982256108875,0.140603305,0.10488622790557332,0.034540381950000004,0.43124857475,0.3967081928,0.6310911414369655,0.0185873133863455,-0.57412504075,0.606656407,-0.8537519586924489,-0.1204102237831125,-0.36502381239739556,0.829125,Niabouri,DHS 2021,2021,Low,Moderate (5-20%),16.6%,[3.5%–43.1%],63%
Pooled,BFA,160,2,0.6853513973175,0.707336245,0.15217392102104682,0.34671356999999997,0.9170007035000001,0.5702871335000002,0.2220378066152097,0.3577288121464815,-0.15257878599999997,0.9427932614999998,2.4809794566605885,0.51707891211125,3.099655391632334,8.75e-4,Silly,DHS 2021,2021,Medium,Very high (≥50%),68.5%,[34.7%–91.7%],22%
Pooled,BFA,161,2,0.17572293347475,0.150892335,0.10847537719362352,0.03632010005,0.4532620979999999,0.41694199794999987,0.6173091641974585,0.18164192215531724,-0.34031839924999996,0.7416403252499999,-1.9351439893702247,-0.375680854339,-0.6805108327876753,0.993375,Tô,DHS 2021,2021,Low,Moderate (5-20%),17.6%,[3.6%–45.3%],62%
Pooled,BFA,162,2,0.67413106662,0.694416005,0.15320908381676437,0.331262223,0.9079691585,0.5767069355000001,0.22726898581448493,0.27671104698340127,-0.29389126725,0.9299910679999998,2.5186451942747703,0.514888713168,3.565184076372719,0.00125,Bakata,DHS 2021,2021,Medium,Very high (≥50%),67.4%,[33.1%–90.8%],23%
Pooled,BFA,163,2,0.106112090754875,0.10556834000000001,0.00937056578912394,0.08871533232500001,0.1259116145,0.037196282174999984,0.08830818168280638,0.1887598528006345,-0.45501237549999995,0.8696278649999999,-1.5617562019476712,-0.256878890393875,-0.6980113368950687,1,Bougnounou,DHS 2021,2021,High,Moderate (5-20%),10.6%,[8.9%–12.6%],9%
Pooled,BFA,164,2,0.63734263226125,0.6375929499999999,0.022699376521570853,0.5922028195000001,0.681116776,0.08891395649999989,0.03561565690503858,0.389626357265895,-0.16465698925,1.039774765,2.194502226593038,0.466045407147875,3.1655534336923528,0,Cassou,DHS 2021,2021,High,Very high (≥50%),63.7%,[59.2%–68.1%],4%
Pooled,BFA,165,2,0.172978907232,0.14871659999999998,0.10813205312651124,0.037127330675,0.44650561499999947,0.40937828432499945,0.6251169859772793,0.193697702518092,-0.485421646,0.9357004569999994,-0.8546190402362268,-0.122192030358,-0.3775404312650361,0.843375,Dalo,DHS 2021,2021,Low,Moderate (5-20%),17.3%,[3.7%–44.7%],63%
Pooled,BFA,166,2,0.57003377082125,0.571466575,0.07624994757156082,0.41755552,0.70994653775,0.29239101775000004,0.1337639127269727,0.19126680173569124,-0.46301048,0.8873011919999995,0.8174044058360345,0.196848314155,0.5771193130863548,0.02675,Gao,DHS 2021,2021,High,Very high (≥50%),57.0%,[41.8%–71.0%],13%
Pooled,BFA,167,2,0.123869972477625,0.114778765,0.05224508593067348,0.048917229775,0.2530639162499999,0.2041466864749999,0.42177361377964834,-0.014740289450805875,-0.5638602122499999,0.5014197282499998,-1.6159209044259006,-0.272252879258625,-0.6845913884872245,0.999125,Sapouy,DHS 2021,2021,Low,Moderate (5-20%),12.4%,[4.9%–25.3%],42%
Pooled,BFA,168,2,0.43117753877125,0.43112284,0.024589868367149124,0.38328537475,0.48023071524999994,0.09694534049999992,0.05702956707166196,0.14011704545139614,-0.4187893665,0.7246132119999995,1.2785630212856312,0.254895574364625,1.521994935708657,0,Doulougou,DHS 2021,2021,High,High (20-50%),43.1%,[38.3%–48.0%],6%
Pooled,BFA,169,2,0.1020378082698375,0.082077606,0.07321020703378626,0.019170707975000003,0.29704097849999994,0.27787027052499996,0.7174811795269351,-0.0399979855008064,-0.58877481125,0.4934661524999991,-0.7835152602083357,-0.0659219753045375,-0.3596680152451443,0.822625,Gaongo,DHS 2021,2021,Low,Moderate (5-20%),10.2%,[1.9%–29.7%],72%
Pooled,BFA,170,2,0.674544797609875,0.69680951,0.16329009931910593,0.31447729625000004,0.9206814259999998,0.6062041297499998,0.2420745069826263,0.10083305674855325,-0.6011872854999999,0.8311597102499999,2.499891621334955,0.514489026602375,3.268290883623849,0.002,Ipelce,DHS 2021,2021,Medium,Very high (≥50%),67.5%,[31.4%–92.1%],24%
Pooled,BFA,171,2,0.17657535087695,0.14899621000000002,0.11556293779118523,0.032994180375,0.47349481024999984,0.4405006298749998,0.6544681192320979,0.178192033603156,-0.372142094,0.755313771499999,-0.889265042759616,-0.12626711590555,-0.3820421149004588,0.83975,Kayao,DHS 2021,2021,Low,Moderate (5-20%),17.7%,[3.3%–47.3%],65%
Pooled,BFA,172,2,0.579937298115,0.57977688,0.023924534114571565,0.5326016807500001,0.626122167,0.09352048624999987,0.04125365654586229,-0.06309056293479487,-0.66459112075,0.512432373,0.9842823217546612,0.23853903327875,0.7171131424248629,0,Kombissiri,DHS 2021,2021,High,Very high (≥50%),58.0%,[53.3%–62.6%],4%
Pooled,BFA,173,2,0.07714888193225,0.06980392099999999,0.037877088319430374,0.027032963175,0.17281750599999998,0.14578454282499997,0.4909609494106859,0.12481275798645675,-0.40440010675,0.6775391769999999,-0.3025889614628667,-0.014986826384625,-0.15567349107918593,0.71375,Sapone,DHS 2021,2021,Low,Moderate (5-20%),7.7%,[2.7%–17.3%],49%
Pooled,BFA,174,2,0.59074826779375,0.591153685,0.024138781491552994,0.5418413205,0.6365721280000001,0.09473080750000007,0.0408613665203004,0.22053899583411626,-0.34269413025,0.8635030927499997,2.314018599080437,0.4414175662857875,5.257975243781336,0.00175,Toece,DHS 2021,2021,High,Very high (≥50%),59.1%,[54.2%–63.7%],4%
Pooled,BFA,175,2,0.05976929613425,0.05944812,0.005629243701908837,0.049476589550000005,0.07171616904999999,0.02223957949999998,0.09418286755903545,-0.19083605970454712,-0.78549810775,0.348706432,-0.7517913239184626,-0.06437073868275,-0.4615203801034826,0.974125,Guiaro,DHS 2021,2021,High,Moderate (5-20%),6.0%,[4.9%–7.2%],9%
Pooled,BFA,176,2,0.651960846813,0.67086892,0.16152745443413247,0.29772632575,0.9046094552499998,0.6068831294999998,0.24775637252410482,-0.15837882107599363,-0.70666920275,0.3448672124999996,2.4925424502132456,0.4816527406003,5.012352741017548,0.014875,Pô,DHS 2021,2021,Medium,Very high (≥50%),65.2%,[29.8%–90.5%],25%
Pooled,BFA,177,2,0.1542098150156375,0.12895597,0.10235044885903999,0.030273680925,0.41590111049999995,0.38562742957499996,0.6637090437379829,0.028228660190536877,-0.51002275775000006,0.5748497329999998,-0.23428403746840532,-0.0311101945664875,0.31607911829961993,0.5805,Tiébélé,DHS 2021,2021,Low,Moderate (5-20%),15.4%,[3.0%–41.6%],66%
Pooled,BFA,178,2,0.50208308599875,0.50191558,0.024905017105661932,0.45286082099999997,0.55063157925,0.09777075824999998,0.04960337800689016,-0.070232728105135,-0.70676977,0.5616658647499999,1.6247809786967866,0.33595464016125,2.042186315124222,0,Zecco,DHS 2021,2021,High,Very high (≥50%),50.2%,[45.3%–55.1%],5%
Pooled,BFA,179,2,0.063267489729875,0.063047094,0.005931551931026465,0.0524413608,0.07573049447499998,0.023289133674999976,0.09375355267534152,-0.133645363400624,-0.74318432725,0.44095196324999963,-0.5133352502236637,-0.038088351945875,-0.3709731470742854,0.99975,Ziou,DHS 2021,2021,High,Moderate (5-20%),6.3%,[5.2%–7.6%],9%
Pooled,BFA,180,2,0.27646583385125,0.27341818,0.05637222123150254,0.17635954525,0.39323232299999994,0.21687277774999994,0.20390303006422528,0.043930630143561626,-0.5651366234999999,0.6552097274999996,1.4128346367524796,0.192436631044125,2.316896710806477,0,Bere,DHS 2021,2021,Medium,High (20-50%),27.6%,[17.6%–39.3%],20%
Pooled,BFA,181,2,0.0414985692612,0.035428691,0.025837398210309448,0.0107356335,0.10667524974999991,0.095939616249999915,0.6226093735348773,0.1060669883988685,-0.4535534005,0.7034127634999991,-1.5846175345702693,-0.115244264192675,-0.711417550479184,0.987875,Binde,DHS 2021,2021,Low,Low (1-5%),4.1%,[1.1%–10.7%],62%
Pooled,BFA,182,2,0.608788485885,0.61269246,0.0931178777611086,0.41445314450000004,0.7759550175,0.3615018729999999,0.15295604289516496,0.1585900316561321,-0.4040918565,0.7871252307499998,3.5237813355994643,0.548693094574675,18.517098330428066,1.25e-4,Gogo,DHS 2021,2021,High,Very high (≥50%),60.9%,[41.4%–77.6%],15%
Pooled,BFA,183,2,0.093446343007875,0.089441149,0.029036888805363138,0.0474437923,0.15997455724999998,0.11253076494999997,0.3107332814823595,-0.04452341546986,-0.5984653335,0.47681361074999995,1.4805723224830412,0.05888122483214375,6.397960650276659,0.086625,Gomboussougou,DHS 2021,2021,Medium,Moderate (5-20%),9.3%,[4.7%–16.0%],31%
Pooled,BFA,184,2,0.53109549357375,0.531259875,0.024917294346899526,0.48169809925,0.5798811559999999,0.09818305674999989,0.04691678737326626,-0.027467237721868876,-0.62091733875,0.5642861349999998,2.2093425249323464,0.3975643217915375,5.38926351856523,0.003,Guiba,DHS 2021,2021,High,Very high (≥50%),53.1%,[48.2%–58.0%],5%
Pooled,BFA,185,2,0.05451399841075,0.0500826815,0.023858709286731884,0.021452072274999998,0.11207377599999999,0.09062170372499999,0.4376620681345402,0.040851781662566325,-0.564674466,0.6647417042499998,-1.0604621319136622,-0.085907894425625,-0.5481132437638261,0.953,Manga,DHS 2021,2021,Low,Moderate (5-20%),5.5%,[2.1%–11.2%],44%
Pooled,BFA,186,2,0.880142096205,0.885337255,0.03971261392365713,0.7910163747500001,0.9431369497500001,0.15212057499999998,0.045120684597282794,-0.04889639356548875,-0.5987704697499999,0.4802733547499998,3.415801356440903,0.669136043841375,3.659831158966766,0,Nobere,DHS 2021,2021,High,Very high (≥50%),88.0%,[79.1%–94.3%],5%
Pooled,BFA,187,2,0.1266407030575,0.114336205,0.062385892244000256,0.03999067865000001,0.27620146125,0.2362107826,0.4926211773767123,0.13543676965878623,-0.39837881325,0.7046372029999995,-0.9634211737555861,-0.151285133908,-0.35974323401113506,0.8365,Bilanga,DHS 2021,2021,Low,Moderate (5-20%),12.7%,[4.0%–27.6%],49%
Pooled,BFA,188,2,0.660193213975,0.66114868,0.03363680585034358,0.5927486959999999,0.72352673075,0.13077803475000005,0.05094994183266072,0.12935757153709876,-0.41778119625,0.7332552672499999,2.0594944527790306,0.434775758195,3.3046137084134997,0.00475,Bogandé,DHS 2021,2021,High,Very high (≥50%),66.0%,[59.3%–72.4%],5%
Pooled,BFA,189,2,0.16883930228525,0.144251215,0.10732397866031371,0.033839455975,0.4414023767499997,0.4075629207749997,0.6356575584456775,0.062844137781646,-0.5661145877500001,0.7345037007499996,-1.3411133596527731,-0.2230514574985,-0.5597538192575968,0.948375,Koalla,DHS 2021,2021,Low,Moderate (5-20%),16.9%,[3.4%–44.1%],64%
Pooled,BFA,190,2,0.70841777695375,0.73202826,0.14927071293615277,0.36753165475,0.9275146602500001,0.5599830055000001,0.21071000445249713,-0.014684948808720625,-0.629461636,0.6067487492499999,4.019909746131861,0.660553060070375,14.53879314398797,0,Liptougou,DHS 2021,2021,Medium,Very high (≥50%),70.8%,[36.8%–92.8%],21%
Pooled,BFA,191,2,0.19680470603325,0.17106905,0.11918275459489878,0.041623355425,0.49027094074999994,0.44864758532499993,0.6055889465100643,0.35369363648036034,-0.23743254249999995,1.0520457824999998,-0.7191897894450859,-0.109908281243625,-0.27817954723085736,0.787125,Mani,DHS 2021,2021,Low,Moderate (5-20%),19.7%,[4.2%–49.0%],61%
Pooled,BFA,192,2,0.65025639446525,0.67254093,0.16683027594373667,0.29086483325,0.90694556825,0.6160807349999999,0.25656076182216175,0.19471753575328113,-0.40828947699999996,0.8401673184999999,2.4679765135360094,0.47187452007075,5.2211969789493855,0.02025,Piéla,DHS 2021,2021,Medium,Very high (≥50%),65.0%,[29.1%–90.7%],26%
Pooled,BFA,193,2,0.155242783268825,0.129594885,0.10281479944728655,0.030363248825,0.42041031149999963,0.3900470626749996,0.6622839225270013,0.20121141765242273,-0.41789156175,0.89648929275,-0.6059384553924214,-0.0923433131917375,-0.007630946966148256,0.696875,Thion,DHS 2021,2021,Low,Moderate (5-20%),15.5%,[3.0%–42.0%],66%
Pooled,BFA,194,2,0.63191815396875,0.6500443650000001,0.16455907917445234,0.27647337,0.8986952269999999,0.622221857,0.26041201402577563,-0.06779765142218125,-0.693726669,0.5183042209999996,1.9194112343342093,0.3926788919798875,2.806657230609629,0.04225,Diabo,DHS 2021,2021,Medium,Very high (≥50%),63.2%,[27.6%–89.9%],26%
Pooled,BFA,195,2,0.1392414204871625,0.116047705,0.09266439840548783,0.027063175175,0.38649537149999946,0.35943219632499945,0.6654944920935442,-0.02677547531064875,-0.66042875425,0.60397985125,-1.564973634862719,-0.2492673856628375,-0.6285402179445867,0.967625,Diapangou,DHS 2021,2021,Low,Moderate (5-20%),13.9%,[2.7%–38.6%],67%
Pooled,BFA,196,2,0.914529968855,0.9147434,0.007690682718293984,0.89889943325,0.9288608349999999,0.02996140174999995,0.008409437612988003,-0.06324437478184337,-0.6275197072500001,0.4940559114999997,4.86129934991682,0.83302002478775,11.817606150600952,0,Fada N'gourma,DHS 2021,2021,High,Very high (≥50%),91.5%,[89.9%–92.9%],1%
Pooled,BFA,197,2,0.16760749187375,0.1672822,0.013737704177335684,0.14157505,0.19552333225,0.05394828224999998,0.08196354484967523,-0.19249761495383774,-0.8432037324999999,0.41894888024999943,-0.3484297532157497,-0.05637717808125,-0.22688666306994765,0.917625,Matiacoali,DHS 2021,2021,High,Moderate (5-20%),16.8%,[14.2%–19.6%],8%
Pooled,BFA,198,2,0.50131528009125,0.5008459599999999,0.051359337223389034,0.4000742155,0.60074181025,0.20066759474999996,0.10244917572438754,0.18632347777053876,-0.35570350224999997,0.8053357502499995,1.6826888708863221,0.3171705480845125,3.2177342112391765,0.024,Tibga,DHS 2021,2021,High,Very high (≥50%),50.1%,[40.0%–60.1%],10%
Pooled,BFA,199,2,0.133446119971625,0.12414454,0.05604255776055311,0.05187941245,0.267587873,0.21570846054999998,0.4199639358002285,-0.10178837181257774,-0.7097038232499999,0.4576695369999993,-0.802875775133183,-0.13490745659475,-0.2598612115600749,0.797875,Yamba,DHS 2021,2021,Low,Moderate (5-20%),13.3%,[5.2%–26.8%],42%
Pooled,BFA,200,2,0.639922730177,0.6591383550000001,0.16190701029639387,0.290669093,0.9010774795,0.6104083865,0.25301025055261134,-0.3154078362017369,-1.010383355,0.3069377147499987,2.7814676462757384,0.533410236193625,5.053335617700424,5e-4,Bartiébougou,DHS 2021,2021,Medium,Very high (≥50%),64.0%,[29.1%–90.1%],25%
Pooled,BFA,201,2,0.1450905082191625,0.12049823000000001,0.09958329924782956,0.027186701449999996,0.40149888999999994,0.3743121885499999,0.6863529563037075,-0.1801474068052719,-0.927010675,0.5106381942499997,-1.0063887616361946,-0.1519071601385875,-0.31080729421364756,0.809,Foutouri,DHS 2021,2021,Low,Moderate (5-20%),14.5%,[2.7%–40.1%],69%
Pooled,BFA,202,2,0.76306043724625,0.76333974,0.017574266273576125,0.7279121904999999,0.79627789825,0.06836570775000006,0.023031290073167128,-0.233939124910301,-0.8829273870000001,0.3509299509999999,2.6732017772584102,0.5761916086265,3.3611341404374,0,Gayéri,DHS 2021,2021,High,Very high (≥50%),76.3%,[72.8%–79.6%],2%
Pooled,BFA,203,2,0.1661417441187625,0.141964455,0.10389349928294897,0.03409359570000001,0.43155935199999995,0.3974657562999999,0.6253304961616579,-0.11351234481145275,-0.9420680910000001,0.6915835529999999,-0.4008299254113781,-0.0352297348949875,-0.13679120524715122,0.694375,Kompienga,DHS 2021,2021,Low,Moderate (5-20%),16.6%,[3.4%–43.2%],63%
Pooled,BFA,204,2,0.597894314,0.59824433,0.03862546201849944,0.5200437489999999,0.670786021,0.150742272,0.0646024909654843,-0.17414313878651005,-1.0374676375,0.6442185774999998,1.488177250099275,0.331625005186,1.7064791433753892,0.00775,Madjoari,DHS 2021,2021,High,Very high (≥50%),59.8%,[52.0%–67.1%],6%
Pooled,BFA,205,2,0.1044273337735,0.10032791,0.032240468451589725,0.053535329124999996,0.18042474949999998,0.12688942037499998,0.3087359150767788,-0.2768227103581246,-0.9415610964999999,0.32373778949999976,-1.1419856885782198,-0.162203122261625,-0.5667098242286291,0.98,Pama,DHS 2021,2021,Medium,Moderate (5-20%),10.4%,[5.4%–18.0%],31%
Pooled,BFA,206,2,0.64619323159125,0.662273645,0.1566029297969583,0.30938649175000005,0.8979948052499998,0.5886083134999998,0.24234690513752952,-0.28546320753478627,-1.0754946099999998,0.43459230624999967,2.1844809467768824,0.4383168093545,3.6105176664433523,0.0225,Botou,DHS 2021,2021,Medium,Very high (≥50%),64.6%,[30.9%–89.8%],24%
Pooled,BFA,207,2,0.14290414358375,0.142407395,0.012070973215044582,0.12105484575,0.16748986324999998,0.04643501749999998,0.08446902176752,-0.2820840208527666,-1.0074771450000002,0.36186246575,-0.3833676047181287,-0.058137825601625,-0.23818761492907728,0.865375,Diapaga,DHS 2021,2021,High,Moderate (5-20%),14.3%,[12.1%–16.7%],8%
Pooled,BFA,208,2,0.7317638303575,0.732143785,0.019276991373127328,0.69261697375,0.7679551419999999,0.07533816824999995,0.02634318693192261,-0.30711474703396274,-1.0245662375,0.35736248749999994,1.028162596250687,0.23733365247375,0.4837507625927123,0,Kantchari,DHS 2021,2021,High,Very high (≥50%),73.2%,[69.3%–76.8%],3%
Pooled,BFA,209,2,0.078083779089375,0.0776943195,0.007116136581417495,0.0651925391,0.0928222653,0.027629726199999996,0.09113463339514263,-0.18390441168865332,-0.9109557495,0.5293460052499998,-1.2373539388149408,-0.158229957680125,-0.6185136713868628,0.994625,Logobou,DHS 2021,2021,High,Moderate (5-20%),7.8%,[6.5%–9.3%],9%
Pooled,BFA,210,2,0.8276019191025,0.83171399,0.04236067668586061,0.7343826285,0.89780293475,0.16342030624999992,0.05118484588798321,-0.1874433544994326,-1.07220795,0.6504686457499996,3.2015320805604253,0.6596994819025,3.9647603502758972,0,Namounou,DHS 2021,2021,High,Very high (≥50%),82.8%,[73.4%–89.8%],5%
Pooled,BFA,211,2,0.188598366844275,0.16378026,0.1127786363910226,0.040959003375000004,0.4750139507499997,0.43405494737499967,0.5979831017526441,-0.21818906918586461,-0.8976924994999999,0.4291089787499999,-1.0009910072252246,-0.160549331101975,-0.4506913387874432,0.8965,Partiaga,DHS 2021,2021,Low,Moderate (5-20%),18.9%,[4.1%–47.5%],60%
Pooled,BFA,212,2,0.70127624258125,0.7231533450000001,0.14665206186045968,0.36420579125,0.91957698175,0.5553711905000001,0.2091216741075733,-0.16102488218984656,-0.85205699925,0.4973789562499997,2.1857815493899233,0.450513869864625,2.901138295548225,0.022375,Tambaga,DHS 2021,2021,Medium,Very high (≥50%),70.1%,[36.4%–92.0%],21%
Pooled,BFA,213,2,0.2017210431575,0.20057505,0.024527045821763484,0.1568803205,0.25286541324999995,0.09598509274999995,0.12158893012769732,-0.20006593928675837,-0.9727755942499999,0.53612530875,-1.1686777678136113,-0.2451547960425,-0.547262970925553,1,Tansarga,DHS 2021,2021,High,High (20-50%),20.2%,[15.7%–25.3%],12%
Pooled,BFA,214,2,0.85520493813125,0.855618235,0.012006109409040386,0.8307713925,0.87763239375,0.046861001250000034,0.014038868198394084,-0.17922685892079362,-0.76498537225,0.366033440249999,3.035118819615379,0.608128771431,3.9530757736146898,0,Bama,DHS 2021,2021,High,Very high (≥50%),85.5%,[83.1%–87.8%],1%
Pooled,BFA,215,2,0.33165230183625,0.33106799,0.021687759056093943,0.29039162025000004,0.37524903674999993,0.0848574164999999,0.06539306055171616,-0.3428183932350236,-0.9996932022499999,0.23411100624999995,0.4378768574062968,0.08861881424125,0.37722728144107137,0.003125,Bobo-Dioulasso,DHS 2021,2021,High,High (20-50%),33.2%,[29.0%–37.5%],7%
Pooled,BFA,216,2,0.48131026696625,0.480375245,0.07322759358757058,0.34094985275,0.6251212182499999,0.2841713654999999,0.15214218065434573,-0.20135230682193875,-0.984107329,0.5188070859999998,0.7970310221907664,0.18634510169375,0.6397339537084761,0.0055,Dandé,DHS 2021,2021,High,High (20-50%),48.1%,[34.1%–62.5%],15%
Pooled,BFA,217,2,0.199407554425125,0.19100663,0.06848443187536289,0.09066396050000002,0.35533374924999983,0.2646697887499998,0.343439505453029,-0.22489039332609737,-0.86352779175,0.36588952949999953,-0.25024673497097494,-0.03747314237975,-0.1074654540905398,0.677875,Faramana,DHS 2021,2021,Low,Moderate (5-20%),19.9%,[9.1%–35.5%],34%
Pooled,BFA,218,2,0.80443744341375,0.80496441,0.015769534549131586,0.771914335,0.83409924025,0.06218490525000009,0.019603183166376766,-0.0796454108820515,-0.7487418275,0.5662897195,3.3069392823242945,0.6659297305305,5.613689387788031,0,Fo,DHS 2021,2021,High,Very high (≥50%),80.4%,[77.2%–83.4%],2%
Pooled,BFA,219,2,0.072614248753375,0.0723493275,0.00665059659354582,0.06038269435,0.08650729987499998,0.026124605524999983,0.09158803826689332,-0.25731365560229036,-0.9681232894999999,0.37611213399999993,-1.225104805024746,-0.14028773055175,-0.644724799756073,1,Karankasso-Sambla,DHS 2021,2021,High,Moderate (5-20%),7.3%,[6.0%–8.7%],9%
Pooled,BFA,220,2,0.64757668883625,0.64963302,0.05700842480481998,0.52942590725,0.753173373,0.22374746574999993,0.08803347277257452,0.035598309943797875,-0.5143729949999999,0.6124296797499997,1.420286599924151,0.328350800563625,1.2963366844700739,0.007375,Karankasso-Vigué,DHS 2021,2021,High,Very high (≥50%),64.8%,[52.9%–75.3%],9%
Pooled,BFA,221,2,0.088790652296375,0.086955585,0.01935151317791948,0.056710530625,0.13140794475,0.074697414125,0.21794538813980005,-0.13588648444661275,-0.7798011132499999,0.47449749799999985,-1.278363817864457,-0.179379316142,-0.6065990039003587,0.980875,Koundougou,DHS 2021,2021,Medium,Moderate (5-20%),8.9%,[5.7%–13.1%],22%
Pooled,BFA,222,2,0.708980188492875,0.7325879150000001,0.14717541384223506,0.372998124,0.9266601385,0.5536620145,0.2075874844332327,-0.21172360440875626,-0.8536487100000001,0.33916261024999883,1.0331282696835176,0.21536040616125,0.5459147067924045,0.138,Lena,DHS 2021,2021,Medium,Very high (≥50%),70.9%,[37.3%–92.7%],21%
Pooled,BFA,223,2,0.29748034214125,0.29740125500000003,0.020585697111561566,0.25819628650000004,0.33863524975,0.08043896324999994,0.06920019307288224,-0.08083117935229225,-0.64193557875,0.49620429,-0.36703869916306203,-0.08475006231125,-0.18351609928218066,0.84375,Padéma,DHS 2021,2021,High,High (20-50%),29.7%,[25.8%–33.9%],7%
Pooled,BFA,224,2,0.69511870323125,0.7157204100000001,0.15100458710090015,0.3543284405,0.92297076125,0.56864232075,0.2172356842061037,-0.10985800165097626,-0.69188322275,0.44070568574999947,2.199124524972728,0.44980461635375,3.0551310072721427,0.026125,Peni,DHS 2021,2021,Medium,Very high (≥50%),69.5%,[35.4%–92.3%],22%
Pooled,BFA,225,2,0.182323946655875,0.15736270000000002,0.11100880901251241,0.04087795375,0.4652191509999999,0.42434119724999986,0.6088547941649955,-0.09305359335717553,-0.6878519487499999,0.4851313774999999,-1.375917137096393,-0.24839256794175,-0.5281823097957795,0.92325,Satiri,DHS 2021,2021,Low,Moderate (5-20%),18.2%,[4.1%–46.5%],61%
Pooled,BFA,226,2,0.37073920575,0.37043614999999996,0.022807179227149046,0.3262784915,0.416471298,0.0901928065,0.061518120752863066,-0.0504827670853735,-0.6790480407499999,0.60875869875,0.8409166216921152,0.143119740503875,1.3442599843901697,0.139,Toussiana,DHS 2021,2021,High,High (20-50%),37.1%,[32.6%–41.6%],6%
Pooled,BFA,227,2,0.173010026950425,0.14858633500000001,0.10684113972319245,0.03668101145,0.44244170699999985,0.40576069554999983,0.617543049997947,-0.2881533892043913,-1.1000413875000001,0.4524183452499992,-0.5307467956275583,-0.069405815712575,-0.15473233709508777,0.71525,Banzon,DHS 2021,2021,Low,Moderate (5-20%),17.3%,[3.7%–44.2%],62%
Pooled,BFA,228,2,0.57326562963125,0.57358674,0.024162696791875864,0.524880346,0.619641517,0.09476117100000003,0.04214921590087022,-0.31244168908632014,-1.0544068375,0.3293586377499995,1.902030802292385,0.398286489263125,2.69087065734056,0,Djigouera,DHS 2021,2021,High,Very high (≥50%),57.3%,[52.5%–62.0%],4%
Pooled,BFA,229,2,0.1556478276696,0.13100615,0.10152325978017786,0.030502730625000002,0.41482969249999985,0.3843269618749998,0.6522626194031145,-0.27791683162403,-1.052196005,0.38527435099999985,-1.4195314025863879,-0.2303545052904,-0.5863228473930113,0.9535,Kangala,DHS 2021,2021,Low,Moderate (5-20%),15.6%,[3.1%–41.5%],65%
Pooled,BFA,230,2,0.60059752728625,0.6007337150000001,0.023384723598993372,0.55489142425,0.645920171,0.09102874674999994,0.03893576402929146,-0.20976332577835824,-0.9669105972500001,0.4642335689999995,1.7693326157005,0.37162437196975,2.7482984447942775,0.01175,Kayan,DHS 2021,2021,High,Very high (≥50%),60.1%,[55.5%–64.6%],4%
Pooled,BFA,231,2,0.095994301854,0.0956532625,0.008496475479920978,0.07987381625,0.11378898975,0.033915173500000007,0.08851020650000109,-0.2894596204619094,-1.03998819,0.39210210599999995,-1.8600887180770005,-0.3109348250635,-0.755027479555405,1,Koloko,DHS 2021,2021,High,Moderate (5-20%),9.6%,[8.0%–11.4%],9%
Pooled,BFA,232,2,0.61698917200875,0.62009103,0.07188060687203728,0.47160725425,0.75071275725,0.279105503,0.1165022177585604,-0.5699033425043175,-1.3609054225,0.06637364999999984,1.7781627415023622,0.376826735639125,2.6284600132535805,0.01575,Kourinion,DHS 2021,2021,High,Very high (≥50%),61.7%,[47.2%–75.1%],12%
Pooled,BFA,233,2,0.45115164250125,0.45018318,0.0595698049348717,0.33469381525,0.5690914564999999,0.2343976412499999,0.1320394282609902,-0.28955295565969236,-0.953146893,0.3189486417499997,0.2582699003856865,0.060929893985,0.19967555919524854,0.258625,Kourouma,DHS 2021,2021,High,High (20-50%),45.1%,[33.5%–56.9%],13%
Pooled,BFA,234,2,0.432153874005,0.43223181499999996,0.02401207589100479,0.38443005199999997,0.48126888900000003,0.09683883700000007,0.05556371777596739,-0.30045705135148376,-1.15278959,0.44878774025,1.2230341023690954,0.22348857934605,2.0524454652166706,0.061625,Morolaba,DHS 2021,2021,High,High (20-50%),43.2%,[38.4%–48.1%],6%
Pooled,BFA,235,2,0.1230604171433125,0.10208515,0.0828128147703158,0.025297120925000003,0.33160962824999973,0.3063125073249997,0.6729443690563348,-0.46031993795146126,-1.2353989499999998,0.19852118724999993,-0.05319370877255196,0.0132348872044375,0.18989707572658815,0.5285,N'dorola,DHS 2021,2021,Low,Moderate (5-20%),12.3%,[2.5%–33.2%],67%
Pooled,BFA,236,2,0.59514437198625,0.596319375,0.05642791537185012,0.481077931,0.7002247522499999,0.2191468212499999,0.09481382674178059,-0.36790833313201726,-1.1611525475000002,0.3296240744999997,2.168862744650383,0.45021305469375,3.135636160980474,0,Orodara,DHS 2021,2021,High,Very high (≥50%),59.5%,[48.1%–70.0%],9%
Pooled,BFA,237,2,0.301136041375,0.30096359,0.021957966039047108,0.2602733965,0.34470536875,0.08443197225000004,0.07291709733177769,-0.346202349651175,-1.1354168175000001,0.34021819524999986,-0.8806877771199009,-0.20799831797999999,-0.40717352979817023,1,Samogohiri,DHS 2021,2021,High,High (20-50%),30.1%,[26.0%–34.5%],7%
Pooled,BFA,238,2,0.34010759154,0.34014183,0.022286262429412156,0.29701470150000003,0.3843384415,0.08732373999999998,0.06552709490693939,-0.3699330748452035,-1.0364040025,0.20746278599999993,1.6274406082362927,0.243093958970375,2.9773640924723983,1.25e-4,Samorogouan,DHS 2021,2021,High,High (20-50%),34.0%,[29.7%–38.4%],7%
Pooled,BFA,239,2,0.1623342892662875,0.13771144,0.10361281791537202,0.032589825100000004,0.4292543107499999,0.3966644856499999,0.6382682203721555,-0.20540148801348082,-0.9680221880000001,0.48467011925,-0.8333246774850465,-0.1108170931362125,-0.36762355501108346,0.834,Sindo,DHS 2021,2021,Low,Moderate (5-20%),16.2%,[3.3%–42.9%],64%
Pooled,BFA,240,2,0.60705645988625,0.6111144500000001,0.08501033119909576,0.43207787900000005,0.7650199397499999,0.3329420607499999,0.14003694354067983,-0.16124866188055836,-0.7946585974999999,0.43444073775000003,2.100065249993147,0.421648482595075,3.8502413174780363,0.008,Bekuy,DHS 2021,2021,High,Very high (≥50%),60.7%,[43.2%–76.5%],14%
Pooled,BFA,241,2,0.0960780830875,0.088570256,0.04149193676288038,0.037672160025,0.1958099045,0.158137744475,0.43185641750463466,-0.06063182935220088,-0.6848454310000001,0.5480521672499998,-0.5569457129224358,-0.056692098850625,-0.28603917425739295,0.812375,Bereba,DHS 2021,2021,Low,Moderate (5-20%),9.6%,[3.8%–19.6%],43%
Pooled,BFA,242,2,0.55905901683,0.560313775,0.04243527495261613,0.47525778100000005,0.64029626675,0.1650384857499999,0.07590482162909098,0.0012458731012175,-0.6100051929999999,0.6065864714999999,1.0908119783375414,0.2595855125025,0.8757245404471862,0,Boni,DHS 2021,2021,High,Very high (≥50%),55.9%,[47.5%–64.0%],8%
Pooled,BFA,243,2,0.2566573258475,0.256216,0.018930902817048012,0.22092892925000002,0.29500496974999996,0.07407604049999994,0.07375944853526732,0.0925123516857675,-0.46230311175,0.6804359834999998,-1.5687658174599866,-0.366157206185,-0.5872413403660507,1,Founzan,DHS 2021,2021,High,High (20-50%),25.7%,[22.1%–29.5%],7%
Pooled,BFA,244,2,0.6780774840725,0.685904885,0.09577471523420239,0.47417474525000003,0.841384429,0.36720968374999996,0.14124450005179962,-0.11945917875275237,-0.6755085854999999,0.4013777107499999,2.148595055407912,0.449893174094625,3.26772029552972,0.008875,Houndé,DHS 2021,2021,High,Very high (≥50%),67.8%,[47.4%–84.1%],14%
Pooled,BFA,245,2,0.278894449576125,0.25396503000000004,0.14761561462969208,0.064773812575,0.6319132147499997,0.5671394021749997,0.5292884632664587,0.136371538629049,-0.45359094425,0.7372831762499998,-0.08213253922660407,9.331256871249998e-4,0.11065420553531967,0.543,Koti,DHS 2021,2021,Low,High (20-50%),27.9%,[6.5%–63.2%],53%
Pooled,BFA,246,2,0.7186272001175,0.7198538800000001,0.030128269236542764,0.65719126975,0.7737248010000001,0.1165335312500001,0.041924754909940236,-0.10382069575229412,-0.67108700825,0.40948518224999997,2.6071296415199097,0.533101264127375,4.942098504974844,5e-4,Koumbia,DHS 2021,2021,High,Very high (≥50%),71.9%,[65.7%–77.4%],4%
Pooled,BFA,247,2,0.24608233985,0.220165755,0.1344775627668082,0.05713275107500001,0.564350136,0.5072173849249999,0.5464738463100574,0.02017095720064525,-0.6962945907499999,0.7653119547499999,0.6646564245279886,0.10771769215225,1.1972106718825863,0.245,Banh,DHS 2021,2021,Low,High (20-50%),24.6%,[5.7%–56.4%],55%
Pooled,BFA,248,2,0.84543694672375,0.84587162,0.012695450149281024,0.81949639475,0.8689839294999999,0.049487534749999895,0.015016436410164737,-0.0659579885458105,-0.723427539,0.5621938727499999,3.088254608256667,0.64487947412375,3.241980764714887,0,Ouindigui,DHS 2021,2021,High,Very high (≥50%),84.5%,[81.9%–86.9%],2%
Pooled,BFA,249,2,0.286499498009375,0.26337911,0.14884335511480515,0.06710056727500001,0.6275339889999998,0.5604334217249998,0.5195239647852179,0.054215807145261766,-0.6946140002499999,0.8377276552499998,-0.19226599208071854,-0.017966939397125,-0.011557732324969738,0.581,Solle,DHS 2021,2021,Low,High (20-50%),28.6%,[6.7%–62.8%],52%
Pooled,BFA,250,2,0.8323703461912499,0.83291181,0.013815906355178195,0.8037161575,0.8576845799999999,0.05396842249999989,0.016598268328991837,-0.0036608196283375,-0.6148259015,0.61325807525,3.079937525793093,0.619592390393,4.821024581772982,0,Titao,DHS 2021,2021,High,Very high (≥50%),83.2%,[80.4%–85.8%],2%
Pooled,BFA,251,2,0.25211542955475,0.22715173500000002,0.1383322115905301,0.057063545275,0.577433696,0.520370150725,0.5486860198712651,0.1765290977059414,-0.39407042175,0.8005100752499995,-0.20437434137595917,-0.01527946745775,-0.015491993991091576,0.591375,Arbolle,DHS 2021,2021,Low,High (20-50%),25.2%,[5.7%–57.7%],55%
Pooled,BFA,252,2,0.8884198656675,0.8886419,0.009784090868947846,0.86833220425,0.90655553775,0.038223333499999956,0.011012913203597409,0.07992536512410625,-0.60622823875,0.7915251782499997,3.786173668808294,0.70927923587585,6.6224897017072735,0,Bagare,DHS 2021,2021,High,Very high (≥50%),88.8%,[86.8%–90.7%],1%
Pooled,BFA,253,2,0.40016039709975,0.389289585,0.1718608376583385,0.11626200725,0.7511968352499999,0.6349348279999999,0.42947987582963615,0.13429557699885533,-0.41452778849999994,0.7350990999999995,1.116156705811117,0.215083468691875,1.6833756382765666,0.13175,Bokin,DHS 2021,2021,Low,High (20-50%),40.0%,[11.6%–75.1%],43%
Pooled,BFA,254,2,0.78134075588,0.78260357,0.02872892937668188,0.7212872447500001,0.8329038169999999,0.11161657224999988,0.036768758266456196,0.06920101985132587,-0.52307692175,0.7056123757499994,1.9876145486434271,0.44951622920875,1.3941493052041216,0,Gomponsom,DHS 2021,2021,High,Very high (≥50%),78.1%,[72.1%–83.3%],4%
Pooled,BFA,255,2,0.1746644020475,0.174267015,0.01434949841295744,0.147756902,0.20374599875,0.055989096749999995,0.08215468203449432,0.01915737697476255,-0.6195183815,0.6507532482499997,-1.224757695851505,-0.2445659607425,-0.5735365778151793,1,Kirsi,DHS 2021,2021,High,Moderate (5-20%),17.5%,[14.8%–20.4%],8%
Pooled,BFA,256,2,0.68603924233,0.692522655,0.08731496322499449,0.4974418765,0.8356059412499999,0.3381640647499999,0.12727400684608953,0.0892283319104125,-0.5917365497499999,0.7975132067499995,3.0378821617132323,0.5848441278385,6.373633321029353,0,Lâ-Todin,DHS 2021,2021,High,Very high (≥50%),68.6%,[49.7%–83.6%],13%
Pooled,BFA,257,2,0.30795960984875,0.304902675,0.05573758081882865,0.20845766475,0.42442031925,0.21596265450000002,0.18098990593670183,0.04572527346702696,-0.57511466175,0.6709491539999995,0.15062013661740917,0.03334665796125,0.12722239327298077,0.2995,Pilimpikou,DHS 2021,2021,Medium,High (20-50%),30.8%,[20.8%–42.4%],18%
Pooled,BFA,258,2,0.72476843863125,0.75009837,0.14581228292875936,0.38747197050000004,0.9339971267499999,0.5465251562499999,0.2011846476153554,0.07134465121987463,-0.52699204775,0.6771348632499999,2.661292328795648,0.525482770991,4.499364218267036,0.0095,Samba,DHS 2021,2021,Medium,Very high (≥50%),72.5%,[38.7%–93.4%],20%
Pooled,BFA,259,2,0.2110523992143875,0.18339834,0.12763185120526507,0.043865740925,0.5299469737499998,0.48608123282499976,0.6047401104197653,0.0018923702763199999,-0.6067306735,0.5805800504999995,-0.26696657669576856,-0.023193104053487502,-0.015001935607134718,0.61475,Yako,DHS 2021,2021,Low,High (20-50%),21.1%,[4.4%–53.0%],60%
Pooled,BFA,260,2,0.7500560063025,0.750607255,0.01881098871824773,0.7123583724999999,0.7858245947500001,0.07346622225000021,0.02507944548165007,-0.11211296516642626,-0.760939802,0.5310667349999997,2.01939043802136,0.46418675097625,1.6390341589920545,0,Barga,DHS 2021,2021,High,Very high (≥50%),75.0%,[71.2%–78.6%],3%
Pooled,BFA,261,2,0.228225879606125,0.20378677,0.12672208455817205,0.053150167724999996,0.5336252472499998,0.48047507952499985,0.5552485317478919,0.0213744646939175,-0.844410004,0.9138367867499998,-0.7915542637565474,-0.133576493932625,-0.3566378692401618,0.838,Kaïn,DHS 2021,2021,Low,High (20-50%),22.8%,[5.3%–53.4%],56%
Pooled,BFA,262,2,0.73358287056625,0.73402254,0.019438788129835745,0.69440831175,0.7703008615,0.07589254975000004,0.02649842152779687,-0.10505124796214345,-0.7097237379999999,0.46723860575,1.690991608566757,0.38487019312525,1.4612359402050557,0.002625,Kalsaka,DHS 2021,2021,High,Very high (≥50%),73.4%,[69.4%–77.0%],3%
Pooled,BFA,263,2,0.211397656276875,0.18541754500000002,0.12362966404453338,0.047283033825,0.5181565884999999,0.4708735546749999,0.5848204101308069,-0.1117984313473555,-0.7200017714999999,0.46992870400000003,-0.6631545969080301,-0.097209181731875,-0.29410576644250663,0.787,Kossouka,DHS 2021,2021,Low,High (20-50%),21.1%,[4.7%–51.8%],58%
Pooled,BFA,264,2,0.85546263733375,0.85585124,0.01248374153864438,0.82963560025,0.87920485775,0.049569257499999964,0.014592971094042036,-0.00733560959658525,-0.7340936954999999,0.7293587792499997,3.3712192599384565,0.6569968477249625,5.8502979868640725,0,Koumbri,DHS 2021,2021,High,Very high (≥50%),85.5%,[83.0%–87.9%],1%
Pooled,BFA,265,2,0.225397595343,0.200554605,0.12948995849380435,0.04891794687500001,0.5395878999999999,0.4906699531249999,0.5744957407231976,-0.17825857438787,-0.80638310375,0.41692279699999957,0.3895219018341987,0.078599905361875,0.6127790162983396,0.318875,Namissiguima,DHS 2021,2021,Low,High (20-50%),22.5%,[4.9%–54.0%],57%
Pooled,BFA,266,2,0.86479661977875,0.867304655,0.029102923661812077,0.80058554125,0.9142950105,0.11370946924999992,0.03365291098068559,-0.18049810965035876,-0.82286098725,0.42481706275,2.913320004917746,0.60224814401875,2.311760504739307,0,Ouahigouya,DHS 2021,2021,High,Very high (≥50%),86.5%,[80.1%–91.4%],3%
Pooled,BFA,267,2,0.24935068221849999,0.22347340500000001,0.13437046579509476,0.060843676024999994,0.5743829649999999,0.5135392889749999,0.538881484500408,-0.092993332168581,-0.7237530849999999,0.5230476764999998,0.0060473527676835935,0.024906638211,0.11825921042502203,0.50425,Oula,DHS 2021,2021,Low,High (20-50%),24.9%,[6.1%–57.4%],54%
Pooled,BFA,268,2,0.83231605990125,0.83269176,0.013943196960065454,0.80342200825,0.8585644875,0.05514247925000004,0.0167522863390618,-0.15667767521642037,-0.7749608330000001,0.40997885424999964,2.266586282516592,0.4914621728075,1.4529343576180624,0,Rambo,DHS 2021,2021,High,Very high (≥50%),83.2%,[80.3%–85.9%],2%
Pooled,BFA,269,2,0.2539397553845,0.227205405,0.13732926142961904,0.06215065440000001,0.5826497887499998,0.5204991343499998,0.5407946511631607,0.15074863495695162,-0.43483607724999995,0.7979568457499997,-1.255357434314439,-0.25628113732675,-0.489980438778217,0.930625,Seguenega,DHS 2021,2021,Low,High (20-50%),25.4%,[6.2%–58.3%],54%
Pooled,BFA,270,2,0.82670484516,0.85330558,0.11212752721803187,0.542320497,0.9670585715000001,0.4247380745000001,0.13563187378722907,-0.022374109545094525,-0.6508545612500001,0.6381338627499992,2.211450445575447,0.4360452379725,1.1465424886338262,0.004375,Tangaye,DHS 2021,2021,High,Very high (≥50%),82.7%,[54.2%–96.7%],14%
Pooled,BFA,271,2,0.316021658580875,0.292105265,0.1591129226912348,0.07839632887499999,0.67536673625,0.596970407375,0.5034873983186671,0.006987079798546875,-0.6859207795,0.7056221034999999,0.1561237596322439,0.04802460876075,0.2785232328598818,0.4305,Thiou,DHS 2021,2021,Low,High (20-50%),31.6%,[7.8%–67.5%],50%
Pooled,BFA,272,2,0.791179359625,0.79808382,0.062242881483429525,0.65377834625,0.8920614537499999,0.23828310749999992,0.07867101274347091,-0.012249699923409624,-0.71056511425,0.7140291552499999,1.9090548893068078,0.4216447178975,1.149645937861358,0,Zogore,DHS 2021,2021,High,Very high (≥50%),79.1%,[65.4%–89.2%],8%
Pooled,BFA,273,2,0.076548475384625,0.0712560845,0.029810775925953305,0.033342665175,0.14677627024999998,0.11343360507499997,0.38943657304951224,-0.0031080623549266753,-0.6715217389999999,0.6662779859999999,-2.2138598232187587,-0.340574831290375,-0.8050021757921406,0.99975,Bassi,DHS 2021,2021,Low,Moderate (5-20%),7.7%,[3.3%–14.7%],39%
Pooled,BFA,274,2,0.9790622716775,0.9791779,0.0020277589003573704,0.9748065655,0.98278017725,0.007973611749999998,0.0020711235219829896,0.18181527645298262,-0.37786155224999995,0.7971806267499995,4.818285245693891,0.681086054829375,3.4771925798492274,0,Boussou,DHS 2021,2021,High,Very high (≥50%),97.9%,[97.5%–98.3%],0%
Pooled,BFA,275,2,0.30881547466325,0.286851115,0.15444443813652853,0.077599432525,0.6559114277499999,0.5783119952249999,0.5001188438012815,-0.056405846101027377,-0.64718416325,0.5212294359999995,-1.139536132847844,-0.24347921892425,-0.4064501502635059,0.882875,Gourcy,DHS 2021,2021,Low,High (20-50%),30.9%,[7.8%–65.6%],50%
Pooled,BFA,276,2,0.9219766449475,0.9222300649999999,0.007097020287184395,0.90739507225,0.9349934860000001,0.02759841375000005,0.0076976139537553254,-0.019777467598693376,-0.736416692,0.7212048784999999,3.4353666697367036,0.622347601654375,3.2160171762037795,0,Léba,DHS 2021,2021,High,Very high (≥50%),92.2%,[90.7%–93.5%],1%
Pooled,BFA,277,2,0.33213012001225,0.311103425,0.15755650334430923,0.08674857495,0.6763373754999996,0.5895888005499996,0.47438185774448294,0.0675099860692725,-0.551961503,0.699933984,-0.842036647620162,-0.179568974849,-0.31945254375508575,0.82225,Tougo,DHS 2021,2021,Low,High (20-50%),33.2%,[8.7%–67.6%],47%
Pooled,BFA,278,2,0.92226070247375,0.9226069800000001,0.007154661728147917,0.9074918495000001,0.935372935,0.027881085499999902,0.007757743237847172,-0.04973530515750187,-0.5997197235,0.5022496714999996,3.5672722935385,0.656876437,3.1426962274167844,0,Boudry,DHS 2021,2021,High,Very high (≥50%),92.2%,[90.7%–93.5%],1%
Pooled,BFA,279,2,0.379628931022375,0.36367598,0.16576767608942586,0.11342176075,0.731739012,0.61831725125,0.4366571210550222,0.0855312081503169,-0.55642872525,0.7359463292499998,-0.29432744137071215,-0.055410392461374997,-0.12327610388962704,0.64725,Kogho,DHS 2021,2021,Low,High (20-50%),38.0%,[11.3%–73.2%],44%
Pooled,BFA,280,2,0.9790745861825,0.9791707949999999,0.002018810275072405,0.9748205225,0.98270121775,0.007880695250000014,0.002061957590936895,0.04697511303337638,-0.52133603875,0.6406050219999997,4.781027536851731,0.691573308075,2.6044619348695055,0,Méguet,DHS 2021,2021,High,Very high (≥50%),97.9%,[97.5%–98.3%],0%
Pooled,BFA,281,2,0.293036396700875,0.267586465,0.14961553681757278,0.072306175575,0.62931065575,0.557004480175,0.5105698080579969,0.1660954684470856,-0.41597279375,0.7936729202499997,-0.09205573151080285,0.0011647539121250002,0.05221535746541275,0.54125,Mogtédo,DHS 2021,2021,Low,High (20-50%),29.3%,[7.2%–62.9%],51%
Pooled,BFA,282,2,0.76922154152875,0.77079487,0.03360493753194994,0.70016888425,0.83151907325,0.13135018899999995,0.04368694286065302,0.12852328039286542,-0.44913783825,0.7329675809999998,1.8951148505638569,0.413925530526875,1.8858082481885161,0.0115,Salogo,DHS 2021,2021,High,Very high (≥50%),76.9%,[70.0%–83.2%],4%
Pooled,BFA,283,2,0.292078394268,0.268255965,0.14491893751888943,0.07576678572500001,0.6279289907499993,0.5521622050249992,0.49616452419249246,0.2986771426560452,-0.25769478149999997,0.9181230924999999,-1.5701421262180415,-0.34742822923075,-0.5426584438275405,0.978625,Zam,DHS 2021,2021,Low,High (20-50%),29.2%,[7.6%–62.8%],50%
Pooled,BFA,284,2,0.77012061107625,0.800247555,0.1378543500357964,0.435482185,0.95393527375,0.51845308875,0.17900358470232838,0.06627083688362788,-0.48562437975,0.6316083935,2.8767028916396082,0.567914357908875,4.060318189480471,0.00425,Zorgho,DHS 2021,2021,Medium,Very high (≥50%),77.0%,[43.5%–95.4%],18%
Pooled,BFA,285,2,0.26114228561825,0.232284225,0.14588704996016702,0.058692709,0.6117397777499999,0.5530470687499999,0.5586496634000958,-0.01004259675533575,-0.56906071925,0.5437314272499999,-1.0076523371227482,-0.194527892608,-0.42294888788214624,0.884,Zoungou,DHS 2021,2021,Low,High (20-50%),26.1%,[5.9%–61.2%],56%
Pooled,BFA,286,2,0.69082264650375,0.6998700849999999,0.10050468648780306,0.47323686100000006,0.8586180409999999,0.3853811799999999,0.1454855120868674,0.073700889155745,-0.495556917,0.6407194172499999,1.8150013568563856,0.41200267253875,1.5806094369209271,7.5e-4,Boussé,DHS 2021,2021,High,Very high (≥50%),69.1%,[47.3%–85.9%],15%
Pooled,BFA,287,2,0.245820322006375,0.21943690999999999,0.13736278186465548,0.056434311925,0.5811182024999999,0.5246838905749999,0.558793433933803,0.33767763707001364,-0.27681721475,1.0363636149999997,-0.16678101423581765,-0.006790546114875,0.010088479746646138,0.581875,Laye,DHS 2021,2021,Low,High (20-50%),24.6%,[5.6%–58.1%],56%
Pooled,BFA,288,2,0.27037677767,0.27031163999999996,0.019669486151056924,0.23332839775,0.31031711949999996,0.07698872174999996,0.07274843024819204,0.1089649000931775,-0.5220157252500001,0.7658795184999998,-0.5993780987553315,-0.13350352930375,-0.3145319235825939,0.985875,Niou,DHS 2021,2021,High,High (20-50%),27.0%,[23.3%–31.0%],7%
Pooled,BFA,289,2,0.17131757890025,0.14537663499999998,0.11080532814948622,0.034649213975,0.4564763979999999,0.4218271840249999,0.646783178123261,0.0307439865675905,-0.6293607170000001,0.6506000347499997,-1.342414063743533,-0.223747453681,-0.5606550546564758,0.947875,Sourgoubila,DHS 2021,2021,Low,Moderate (5-20%),17.1%,[3.5%–45.6%],65%
Pooled,BFA,290,2,0.66864179128625,0.6692165,0.021937447880577245,0.62473036625,0.710977522,0.08624715574999997,0.03280896911689697,0.02951944772735425,-0.6505460557499999,0.7052037419999998,1.8662899424829689,0.42863513179875,1.8486130819742932,0,Toéghin,DHS 2021,2021,High,Very high (≥50%),66.9%,[62.5%–71.1%],3%
Pooled,BFA,291,2,0.22810694811325,0.20124488499999998,0.13113443151827328,0.05167819572500001,0.5490901392499996,0.4974119435249996,0.5748813554472175,-0.04133000594479875,-0.60547983975,0.5134427819999999,-1.5060082842483717,-0.304186350043,-0.5661743532731001,0.9635,Absouya,DHS 2021,2021,Low,High (20-50%),22.8%,[5.2%–54.9%],57%
Pooled,BFA,292,2,0.73940527073625,0.767133725,0.14752998082594362,0.388532653,0.94465485025,0.5561221972499999,0.19952519499765428,0.2241303978740786,-0.30983123850000005,0.8429763975,1.3627111178828772,0.2814144178975,0.6194779680701492,0.0525,Dapélogo,DHS 2021,2021,Medium,Very high (≥50%),73.9%,[38.9%–94.5%],20%
Pooled,BFA,293,2,0.2256534023495,0.19751283,0.13570148826928896,0.045210360325,0.5553442285,0.510133868175,0.6013713369989862,-0.0101079287576165,-0.63262715325,0.6045954674999996,-1.4784385217675553,-0.29137645798425,-0.5591226114807727,0.957375,Loumbila,DHS 2021,2021,Low,High (20-50%),22.6%,[4.5%–55.5%],60%
Pooled,BFA,294,2,0.71003998755,0.73382944,0.14835178303074945,0.36216140525,0.9274985452499999,0.5653371399999998,0.20893440599400429,0.09328848546435217,-0.45153242875,0.6597047979999996,2.7060538560083174,0.544528911302875,4.054201952921601,0.00225,Nagreongo,DHS 2021,2021,Medium,Very high (≥50%),71.0%,[36.2%–92.7%],21%
Pooled,BFA,295,2,0.20083060408175,0.173331295,0.1218742123339112,0.041320845925,0.5035213744999999,0.4622005285749999,0.606850797920725,-0.20511315872779812,-0.9060198359999999,0.41213390924999993,-0.8951707669509678,-0.144965287841625,-0.3763521206417405,0.844875,Ourgou-Manega,DHS 2021,2021,Low,High (20-50%),20.1%,[4.1%–50.4%],61%
Pooled,BFA,296,2,0.92131496545,0.92158217,0.007119993688760979,0.906534872,0.93430541325,0.027770541250000003,0.007728077753825852,0.013736625088744125,-0.55401880925,0.5909969162499996,4.150480650802021,0.7606993365295,5.141892155866563,0,Ziniare,DHS 2021,2021,High,Very high (≥50%),92.1%,[90.7%–93.4%],1%
Pooled,BFA,297,2,0.244432606260625,0.218063235,0.13628875467241042,0.05616621602500001,0.5638843912499993,0.5077181752249993,0.5575719080910722,0.055462830857733375,-0.5246726450000001,0.6403754664999995,-0.6978579947890964,-0.118761859994375,-0.29369038947575365,0.79175,Zitenga,DHS 2021,2021,Low,High (20-50%),24.4%,[5.6%–56.4%],56%
Pooled,BFA,298,2,0.1881394210175,0.187578615,0.015519009259433976,0.15999829325,0.2206029955,0.06060470225,0.08248674932400508,0.011918618034509875,-0.6887635675,0.7561927359999999,-0.3373296803571479,-0.06927844277625,-0.1369777710914385,0.731,Deou,DHS 2021,2021,High,Moderate (5-20%),18.8%,[16.0%–22.1%],8%
Pooled,BFA,299,2,0.119052339843625,0.11500416,0.03535643756992813,0.06285242540000001,0.19992767649999996,0.13707525109999996,0.2969822988474543,0.04729096368734975,-0.5930413455,0.733184685,-2.3884651729489152,-0.465990590342625,-0.7961261850370704,1,Gorom-Gorom,DHS 2021,2021,Medium,Moderate (5-20%),11.9%,[6.3%–20.0%],30%
Pooled,BFA,300,2,0.71947402212,0.742181825,0.14412805894801742,0.3902353335,0.93130822075,0.5410728872499999,0.20032420145390395,0.13077236441825513,-0.593122813,0.8981095929999997,3.3739159109107852,0.622974606361875,7.666746633738962,2.5e-4,Markoye,DHS 2021,2021,Medium,Very high (≥50%),71.9%,[39.0%–93.1%],20%
Pooled,BFA,301,2,0.20559907628975,0.17943583000000002,0.12202719415313532,0.045140050625000004,0.5066528617499998,0.4615128111249998,0.5935201478296666,0.14847164172839875,-0.5850752357500001,0.9630317094999998,0.051129914448588464,0.029259905466,0.24854600397942964,0.47775,Oursi,DHS 2021,2021,Low,High (20-50%),20.6%,[4.5%–50.7%],59%
Pooled,BFA,302,2,0.723422697305375,0.746590855,0.14220744422580883,0.39126053925000004,0.93310813425,0.541847595,0.19657586740851107,0.10162147610082875,-0.6167084977499999,0.8597370824999996,2.494951649938879,0.518052585021375,3.0149588581829683,0.00275,Tin-Akoff,DHS 2021,2021,Medium,Very high (≥50%),72.3%,[39.1%–93.3%],20%
Pooled,BFA,303,2,0.2050935833228125,0.180095895,0.12141241346864382,0.046048844150000004,0.4977187094999999,0.4516698653499999,0.5919854317311504,0.08799451027539824,-0.4908453332499999,0.7119888977499997,-0.9549422598636141,-0.1570853383721875,-0.43147622046402323,0.879875,Bani,DHS 2021,2021,Low,High (20-50%),20.5%,[4.6%–49.8%],59%
Pooled,BFA,304,2,0.60293342557375,0.60305089,0.023523869062879534,0.55638278275,0.6483408875,0.09195810474999999,0.03901569902264795,0.1581342522824415,-0.46671274525,0.8597506184999999,2.4277748333451243,0.484286238492625,4.1208832468590675,0,Dori,DHS 2021,2021,High,Very high (≥50%),60.3%,[55.6%–64.8%],4%
Pooled,BFA,305,2,0.18755746227725,0.16406653,0.11221975123379492,0.03936086422500001,0.46437763174999996,0.42501676752499995,0.5983219748831435,0.09505063605355125,-0.6604676245,0.8926370129999999,-0.031125098324806828,0.009829327679875,0.24322587990294292,0.50975,Falagountou,DHS 2021,2021,Low,Moderate (5-20%),18.8%,[3.9%–46.4%],60%
Pooled,BFA,306,2,0.772735118705,0.797222745,0.12724698983023405,0.46429626949999997,0.94797657575,0.4836803062500001,0.1646709030689363,0.07941801749300262,-0.578759291,0.7707658439999993,2.982168803759777,0.5794577979295,5.053115568621896,0.003375,Gorgadji,DHS 2021,2021,Medium,Very high (≥50%),77.3%,[46.4%–94.8%],16%
Pooled,BFA,307,2,0.2009428002425,0.20038898500000002,0.015857386491905504,0.17132451099999998,0.2326444847499999,0.06131997374999992,0.07891492739609797,0.007807523271467925,-0.642224793,0.676940301999999,0.3830250594872951,0.0468496204175,0.4917172496962078,0.191375,Sampelga,DHS 2021,2021,High,High (20-50%),20.1%,[17.1%–23.3%],8%
Pooled,BFA,308,2,0.82558765807125,0.82832832,0.03308193745277529,0.75414630875,0.8825282534999999,0.12838194474999987,0.04007077519795026,0.1377154592217026,-0.5346880945000001,0.89274712325,3.949962685822236,0.737252243890375,9.228031737121501,0,Seytenga,DHS 2021,2021,High,Very high (≥50%),82.6%,[75.4%–88.3%],4%
Pooled,BFA,309,2,0.120569433439875,0.105589725,0.06776303029005745,0.03281285825,0.28850344275,0.2556905845,0.5620249540597634,0.20492268254007137,-0.40065638249999996,0.91025786425,-0.28562125059966,-0.017653454078125,-0.09160203876169225,0.661875,Aribinda,DHS 2021,2021,Low,Moderate (5-20%),12.1%,[3.3%–28.9%],56%
Pooled,BFA,310,2,0.85517242696875,0.85565225,0.012507076564403287,0.8290930272499999,0.878751861,0.04965883375000013,0.01462521027336669,0.147476752738943,-0.48818898099999997,0.8393229249999998,2.0858814330000848,0.43101984125125,1.0228405791078081,0,Baraboule,DHS 2021,2021,High,Very high (≥50%),85.5%,[82.9%–87.9%],1%
Pooled,BFA,311,2,0.2084377032745,0.18161185,0.121761007351253,0.044819119824999996,0.5059620467499997,0.4611429269249997,0.5841601852180315,0.1430138141262985,-0.6264998235,0.9976737612499998,-0.7851538137402506,-0.131647073633,-0.2876186526908668,0.79025,Diguel,DHS 2021,2021,Low,High (20-50%),20.8%,[4.5%–50.6%],58%
Pooled,BFA,312,2,0.74846969474375,0.7715152949999999,0.13582616001219122,0.424261349,0.9395403480000001,0.5152789990000001,0.18147182306251342,0.07105428955613588,-0.57800662025,0.7405324914999997,3.1652143101014554,0.5974398175906125,6.990036907816445,0.002375,Djibo,DHS 2021,2021,Medium,Very high (≥50%),74.8%,[42.4%–94.0%],18%
Pooled,BFA,313,2,0.155757115400125,0.153746415,0.027911561168196677,0.106462407,0.21619916325,0.10973675625,0.1791992686593776,0.6031218432905587,-0.10026850849999999,1.4912452674999999,0.41441095634176456,0.023925529559325,0.9884945143147249,0.317125,Kelbo,DHS 2021,2021,Medium,Moderate (5-20%),15.6%,[10.6%–21.6%],18%
Pooled,BFA,314,2,0.7459983632075,0.773156225,0.14252957502589864,0.40529813275000004,0.9463783179999999,0.5410801852499999,0.1910588307634851,0.26145332844395264,-0.3975399575,1.0213692699999999,4.092951479058958,0.688866624982875,13.815009405725215,0,Koutougou,DHS 2021,2021,Medium,Very high (≥50%),74.6%,[40.5%–94.6%],19%
Pooled,BFA,315,2,0.22941908161825,0.201807195,0.13303897505836312,0.048778930549999995,0.55991673525,0.5111378046999999,0.5798949857176137,0.22478299938278976,-0.4192462135,0.9437956792499999,-0.7315464983566743,-0.1208758916455,-0.2962598135352953,0.786875,Nassoumbou,DHS 2021,2021,Low,High (20-50%),22.9%,[4.9%–56.0%],58%
Pooled,BFA,316,2,0.71395788044,0.73525107,0.14679255268043423,0.37510303475,0.92926661675,0.5541635819999999,0.20560393925474776,0.4575380963800625,-0.19223341049999998,1.271017387499999,0.6583777472453741,0.1211854424975,0.20624980503074952,0.20025,Pobe-Mengao,DHS 2021,2021,Medium,Very high (≥50%),71.4%,[37.5%–92.9%],21%
Pooled,BFA,317,2,0.1494422311785,0.14752353000000001,0.025914690939081036,0.1038868625,0.20576276224999998,0.10187589974999998,0.17340942205371287,0.118574541277586,-0.5186510215,0.7978403757499999,-0.7782548411557906,-0.12592277531775,-0.4472432176893786,0.99825,Tongomayel,DHS 2021,2021,Medium,Moderate (5-20%),14.9%,[10.4%–20.6%],17%
Pooled,BFA,318,2,0.7380861808975,0.760894415,0.13866022348659066,0.41186443925,0.9366913109999999,0.52482687175,0.18786454356587767,-0.18023191444065237,-1.0292022374999998,0.6119150145,3.037316961792513,0.590061905380125,5.473346202920311,0.001625,Boundore,DHS 2021,2021,Medium,Very high (≥50%),73.8%,[41.2%–93.7%],19%
Pooled,BFA,319,2,0.217065832453875,0.19262501999999998,0.12666784173040044,0.047573597550000006,0.5259596089999998,0.4783860114499998,0.5835457395503112,-0.22046217739114163,-0.9365474165000001,0.4403612414999999,0.3387991286256311,0.0651631670415,0.6500605997872195,0.35775,Mansila,DHS 2021,2021,Low,High (20-50%),21.7%,[4.8%–52.6%],58%
Pooled,BFA,320,2,0.77590569932875,0.801435365,0.12482693450553324,0.47008002675000005,0.945144466,0.47506443924999997,0.16087900193737883,-0.43596640943446663,-1.22714062,0.24387526674999993,3.073123837459583,0.603112127124875,4.866854480839952,8.75e-4,Sebba,DHS 2021,2021,Medium,Very high (≥50%),77.6%,[47.0%–94.5%],16%
Pooled,BFA,321,2,0.252934355303625,0.22895896999999998,0.13656812727867046,0.059606297450000005,0.5800372582499999,0.5204309607999998,0.5399350638418916,-0.13022947709361374,-0.7815586805,0.4873681032499996,-0.8710311407767667,-0.163611347872625,-0.3649642008209833,0.843375,Solhan,DHS 2021,2021,Low,High (20-50%),25.3%,[6.0%–58.0%],54%
Pooled,BFA,322,2,0.84644379616625,0.856289455,0.06254499259533577,0.6992710007499999,0.94065382125,0.24138282050000004,0.07389148916752332,-0.15390331039661675,-1.0139470199999998,0.6457073707499997,3.645840399498164,0.6865551749871375,7.309138750510385,1.25e-4,Tankougounadie,DHS 2021,2021,High,Very high (≥50%),84.6%,[69.9%–94.1%],7%
Pooled,BFA,323,2,0.2757559111625,0.27368639,0.04670897598453424,0.19028255849999998,0.3740164115,0.183733853,0.16938522110958174,-0.0753036911046825,-0.836796484,0.6564472469999999,1.825825730575902,0.218409738816875,3.848538695827191,0,Titabe,DHS 2021,2021,Medium,High (20-50%),27.6%,[19.0%–37.4%],17%
Pooled,BFA,324,2,0.68882215561,0.7122428599999999,0.1557050742313253,0.3399383665,0.9222677815,0.582329415,0.22604539206994234,0.16602686014048113,-0.39077716500000004,0.7826713749999998,3.228007582333336,0.592411659356125,7.498836852056623,3.75e-4,Bondigui,DHS 2021,2021,Medium,Very high (≥50%),68.9%,[34.0%–92.2%],23%
Pooled,BFA,325,2,0.0345533521185,0.034404321,0.0032675499003331724,0.028541524574999998,0.04146797392499999,0.012926449349999994,0.09456535183987876,-0.261757519986823,-0.9062385102499999,0.3049915369999998,-0.5697667557818742,-0.031445602486175,-0.337955517922433,0.85975,Diebougou,DHS 2021,2021,High,Low (1-5%),3.5%,[2.9%–4.1%],9%
Pooled,BFA,326,2,0.6580511818725,0.659392615,0.03973196177613446,0.5773800672499999,0.7328563679999999,0.15547630074999996,0.06037822417258827,0.018228003055168876,-0.66776110675,0.69540216925,0.862848868464065,0.2085750777475,0.4683645734305675,0,Dolo,DHS 2021,2021,High,Very high (≥50%),65.8%,[57.7%–73.3%],6%
Pooled,BFA,327,2,0.200558995899875,0.17467994,0.11904748779759486,0.04368203225,0.49658467624999997,0.45290264399999997,0.5935783995300161,0.059136788312763124,-0.5605662225,0.6530660030000001,-0.5931286235118631,-0.099884279987,-0.07387898597328327,0.707625,Gueguere,DHS 2021,2021,Low,High (20-50%),20.1%,[4.4%–49.7%],59%
Pooled,BFA,328,2,0.722552963655,0.748293875,0.1489716404712796,0.38113774625,0.9371671245,0.5560293782499999,0.20617400794775456,-0.05433004988404125,-0.67941525275,0.544231971,2.148729919289649,0.45191105837475,2.1448348952281804,0.01225,Iolonioro,DHS 2021,2021,Medium,Very high (≥50%),72.3%,[38.1%–93.7%],21%
Pooled,BFA,329,2,0.20630020591033751,0.178530295,0.12538496656359016,0.042773279574999996,0.5164542899999998,0.47368101042499977,0.6077791634298473,0.03820101433569875,-0.5422809915,0.6230176214999997,0.26477934801529446,0.0562355683720875,0.543047030792791,0.382875,Tiankoura,DHS 2021,2021,Low,High (20-50%),20.6%,[4.3%–51.6%],61%
Pooled,BFA,330,2,0.7830900953425,0.811272555,0.12693046854003304,0.4717528495,0.95345015925,0.48169730974999997,0.16208922740175571,0.1125059262607865,-0.44584629875,0.6925300042499998,2.889372639963229,0.575832570262375,3.746644788203973,0.00175,Dano,DHS 2021,2021,Medium,Very high (≥50%),78.3%,[47.2%–95.3%],16%
Pooled,BFA,331,2,0.26461758234675,0.23950176,0.14204516655155422,0.061829925625,0.59871227075,0.536882345125,0.5367941362468532,0.2292511475058225,-0.34975108475000005,0.8634898837499995,-0.5014190292190646,-0.07941193499575,-0.20872476467570092,0.72375,Dissin,DHS 2021,2021,Low,High (20-50%),26.5%,[6.2%–59.9%],54%
Pooled,BFA,332,2,0.75722809574625,0.78329263,0.13471875576591893,0.4400363865,0.94391358925,0.50387720275,0.17791040311724474,0.09573204583018713,-0.4783042555,0.6799919407499998,2.8014276026843494,0.57492314203225,3.3060200608350727,3.75e-4,Koper,DHS 2021,2021,Medium,Very high (≥50%),75.7%,[44.0%–94.4%],18%
Pooled,BFA,333,2,0.3961290220825,0.39566329499999997,0.0236847271548792,0.350905054,0.44295181025,0.09204675625000003,0.05979043653596905,0.15766907368864364,-0.58012326175,0.9735779044999998,-0.21337547920220207,-0.05299068169125,-0.08974487237970687,0.740875,Niego,DHS 2021,2021,High,High (20-50%),39.6%,[35.1%–44.3%],6%
Pooled,BFA,334,2,0.90733014078,0.9076517399999999,0.008411940225887402,0.8899276755000001,0.92285391625,0.03292624074999995,0.0092710909158776,0.052390598786899875,-0.553839436,0.6538081509999999,4.883984413125291,0.83314240947625,13.223847319609014,0,Oronkua,DHS 2021,2021,High,Very high (≥50%),90.7%,[89.0%–92.3%],1%
Pooled,BFA,335,2,0.271099430103125,0.249995415,0.14030299092723048,0.064444350875,0.5911424959999998,0.5266981451249998,0.5175333303867878,0.16029557349599952,-0.497903444,0.82935587125,0.25334388015685855,0.05576700113025,0.5111076504991683,0.389125,Ouessa,DHS 2021,2021,Low,High (20-50%),27.1%,[6.4%–59.1%],52%
Pooled,BFA,336,2,0.78460152988875,0.785033875,0.01681964312730795,0.7504487025,0.8166423349999999,0.06619363249999999,0.02143717860159263,0.11154390973885737,-0.4888833895,0.737581219,2.0920654725150105,0.4733537705775,1.535221742422562,0,Zambo,DHS 2021,2021,High,Very high (≥50%),78.5%,[75.0%–81.7%],2%
Pooled,BFA,337,2,0.19467322725875,0.16847539,0.11750112013596248,0.040702208475,0.4864575329999998,0.4457553245249998,0.603581302835165,0.17278212040926014,-0.359627028,0.7580242547499998,-1.4043235161435839,-0.25973669646875,-0.5468622371945019,0.94375,Batié,DHS 2021,2021,Low,Moderate (5-20%),19.5%,[4.1%–48.6%],60%
Pooled,BFA,338,2,0.5632904390825,0.5650381449999999,0.07952636385858279,0.4033556195,0.7147778984999998,0.31142227899999986,0.1411818102009988,-0.25318443460547363,-0.942998592,0.35016573849999993,1.2487250428786807,0.266792549147875,1.6802788861435882,0.08125,Boussoukoula,DHS 2021,2021,High,Very high (≥50%),56.3%,[40.3%–71.5%],14%
Pooled,BFA,339,2,0.096232279922,0.090882324,0.03465510447712657,0.043764693800000004,0.17737322449999998,0.13360853069999998,0.3601193331927279,-0.018599407604775,-0.6238599327500001,0.5701176175,-1.3953391734580345,-0.19191437958675,-0.6642773318429968,0.99975,Kpuéré,DHS 2021,2021,Low,Moderate (5-20%),9.6%,[4.4%–17.7%],36%
Pooled,BFA,340,2,0.97902729487875,0.9791471199999999,0.0020565981374899662,0.97473705925,0.982782443,0.008045383749999968,0.002100654545841514,0.14309962947073962,-0.5074565735000001,0.8347914054999996,4.843395394145411,0.70452835707825,2.771152764501303,0,Legmoin,DHS 2021,2021,High,Very high (≥50%),97.9%,[97.5%–98.3%],0%
Pooled,BFA,341,2,0.3000317546625,0.29974453,0.021094029209966624,0.25991789775,0.342437776,0.08251987825000001,0.07030598889005897,0.064739817593168,-0.561376467,0.6977332184999999,-1.0781896613030588,-0.25650854747375,-0.45729201271681996,1,Midebdo,DHS 2021,2021,High,High (20-50%),30.0%,[26.0%–34.2%],7%
Pooled,BFA,342,2,0.6689972266025,0.6722221100000001,0.06778134963370136,0.52891283275,0.791123649,0.26221081625,0.1013178335251533,0.256645290531825,-0.34114502625000004,0.9153981822499994,1.5750772104273119,0.3702556180025,1.2505137230940007,0,Bouroum-Bouroum,DHS 2021,2021,High,Very high (≥50%),66.9%,[52.9%–79.1%],10%
Pooled,BFA,343,2,0.186586351640125,0.175214835,0.07260009709056754,0.0772432379,0.35364904824999993,0.27640581034999995,0.38909650385679684,0.2812068228203351,-0.27578623274999997,0.9064602022499999,-0.7500468568218706,-0.126265432346125,-0.3923617010485482,0.92275,Boussera,DHS 2021,2021,Low,Moderate (5-20%),18.7%,[7.7%–35.4%],39%
Pooled,BFA,344,2,0.9322811484275,0.932827785,0.007775673124813409,0.9157957205,0.9462252684999999,0.030429547999999862,0.008340480913862535,0.06641944718733388,-0.54597634375,0.68688012375,4.488214147557443,0.797083181415125,5.947711092226408,0,Djigouè,DHS 2021,2021,High,Very high (≥50%),93.2%,[91.6%–94.6%],1%
Pooled,BFA,345,2,0.12470618873075,0.121899065,0.028422647402617903,0.07762177560000001,0.1882116345,0.11058985889999999,0.22791689564007547,-0.007639735166399662,-0.602310706,0.5345017079999997,-1.6745054353962854,-0.306482943083375,-0.6757834274234219,0.9945,Gaoua,DHS 2021,2021,Medium,Moderate (5-20%),12.5%,[7.8%–18.8%],23%
Pooled,BFA,346,2,0.738580618345,0.76565614,0.14260662355097153,0.39602211025,0.9404571589999999,0.5444350487499999,0.19308200081193877,0.45943909013765,-0.09334270834999998,1.1057433274999995,3.246641069320841,0.621680221612375,5.9728599118473555,1.25e-4,Gbomblora,DHS 2021,2021,Medium,Very high (≥50%),73.9%,[39.6%–94.0%],19%
Pooled,BFA,347,2,0.219959824283125,0.19109872500000002,0.12926235255655036,0.04766438102500001,0.53754590325,0.4898815222249999,0.5876634652615841,0.0053335945106365,-0.57496578675,0.5665235609999992,-0.5107157473880702,-0.068278870204375,-0.20329309187286138,0.724875,Kampti,DHS 2021,2021,Low,High (20-50%),22.0%,[4.8%–53.8%],59%
Pooled,BFA,348,2,0.8028851708425,0.80998059,0.060933338076929175,0.66488136625,0.9014413857499999,0.23656001949999983,0.07589296737538365,0.14408702541884413,-0.371875154,0.6968450917499996,3.3515686689258524,0.67245043573825,5.2239391898343435,0,Loropeni,DHS 2021,2021,High,Very high (≥50%),80.3%,[66.5%–90.1%],8%
Pooled,BFA,349,2,0.249814553185,0.24898411,0.025594476610126905,0.20184472150000002,0.3029582512499999,0.1011135297499999,0.10245390544230196,0.14238642930651374,-0.5626948642499999,0.9012138584999997,-0.19015412765452278,-0.04219598221675,-0.08115717546475715,0.68425,Malba,DHS 2021,2021,High,High (20-50%),25.0%,[20.2%–30.3%],10%
Pooled,BFA,350,2,0.75588005158,0.7817654350000001,0.1353650880150462,0.4343645655,0.94455828475,0.51019371925,0.17908276284325197,0.1627370008095189,-0.381444746,0.7492921119999999,2.7388944760770717,0.56699228468375,3.0449866892383795,3.75e-4,Nako,DHS 2021,2021,Medium,Very high (≥50%),75.6%,[43.4%–94.5%],18%
Pooled,BFA,351,2,0.233778776782375,0.20785855,0.1344383085657559,0.05248549787500001,0.5642128962499998,0.5117273983749998,0.5750663529688357,0.0654663121793247,-0.598026936,0.73932196225,-1.1882562775176666,-0.228738581922625,-0.4814649449169969,0.91875,Perigban,DHS 2021,2021,Low,High (20-50%),23.4%,[5.2%–56.4%],58%
